"geoid","geolevel","year","level","value"
"36001000100","tract",2023,"food_score",69.12
"36001000201","tract",2023,"food_score",70.92
"36001000202","tract",2023,"food_score",59
"36001000301","tract",2023,"food_score",41.52
"36001000302","tract",2023,"food_score",98.88
"36001000401","tract",2023,"food_score",124.45
"36001000403","tract",2023,"food_score",108.33
"36001000404","tract",2023,"food_score",NA
"36001000501","tract",2023,"food_score",69.63
"36001000502","tract",2023,"food_score",NA
"36001000600","tract",2023,"food_score",63.52
"36001000700","tract",2023,"food_score",49.21
"36001000800","tract",2023,"food_score",28.93
"36001001100","tract",2023,"food_score",94.6
"36001001400","tract",2023,"food_score",106.36
"36001001500","tract",2023,"food_score",102.18
"36001001600","tract",2023,"food_score",90.02
"36001001700","tract",2023,"food_score",91.6
"36001001802","tract",2023,"food_score",104.55
"36001001803","tract",2023,"food_score",113.79
"36001001804","tract",2023,"food_score",113.37
"36001001901","tract",2023,"food_score",111.19
"36001001902","tract",2023,"food_score",113.41
"36001002000","tract",2023,"food_score",72
"36001002100","tract",2023,"food_score",97.22
"36001002200","tract",2023,"food_score",98.51
"36001002300","tract",2023,"food_score",69.17
"36001002500","tract",2023,"food_score",36.05
"36001002600","tract",2023,"food_score",92.21
"36001012700","tract",2023,"food_score",95.2
"36001012800","tract",2023,"food_score",61.35
"36001012900","tract",2023,"food_score",62.83
"36001013000","tract",2023,"food_score",113.05
"36001013100","tract",2023,"food_score",70.77
"36001013200","tract",2023,"food_score",82.48
"36001013300","tract",2023,"food_score",81.3
"36001013400","tract",2023,"food_score",85.21
"36001013503","tract",2023,"food_score",112.43
"36001013505","tract",2023,"food_score",99.48
"36001013507","tract",2023,"food_score",115.78
"36001013509","tract",2023,"food_score",105.73
"36001013510","tract",2023,"food_score",108.29
"36001013511","tract",2023,"food_score",98.37
"36001013512","tract",2023,"food_score",111.22
"36001013602","tract",2023,"food_score",118.93
"36001013603","tract",2023,"food_score",119.26
"36001013604","tract",2023,"food_score",123.78
"36001013703","tract",2023,"food_score",111.42
"36001013706","tract",2023,"food_score",122.21
"36001013707","tract",2023,"food_score",121.64
"36001013708","tract",2023,"food_score",107.47
"36001013709","tract",2023,"food_score",104.52
"36001013802","tract",2023,"food_score",114.74
"36001013803","tract",2023,"food_score",93.02
"36001013804","tract",2023,"food_score",100.41
"36001013901","tract",2023,"food_score",113.24
"36001013902","tract",2023,"food_score",107
"36001014001","tract",2023,"food_score",115.38
"36001014002","tract",2023,"food_score",104.21
"36001014100","tract",2023,"food_score",122.44
"36001014201","tract",2023,"food_score",123.48
"36001014202","tract",2023,"food_score",124.89
"36001014203","tract",2023,"food_score",124.97
"36001014301","tract",2023,"food_score",119.24
"36001014303","tract",2023,"food_score",120.43
"36001014304","tract",2023,"food_score",116.42
"36001014401","tract",2023,"food_score",117.8
"36001014402","tract",2023,"food_score",109.65
"36001014501","tract",2023,"food_score",119.15
"36001014502","tract",2023,"food_score",112.75
"36001014503","tract",2023,"food_score",114.56
"36001014606","tract",2023,"food_score",118.05
"36001014608","tract",2023,"food_score",NA
"36001014609","tract",2023,"food_score",95.25
"36001014611","tract",2023,"food_score",117.16
"36001014612","tract",2023,"food_score",103.8
"36001014613","tract",2023,"food_score",123.56
"36001014614","tract",2023,"food_score",119.24
"36001014615","tract",2023,"food_score",97.82
"36001014616","tract",2023,"food_score",117.3
"36001014617","tract",2023,"food_score",122.21
"36001014700","tract",2023,"food_score",114.04
"36001014801","tract",2023,"food_score",112.48
"36001014802","tract",2023,"food_score",98.41
"36001014803","tract",2023,"food_score",110.4
"36003940200","tract",2023,"food_score",NA
"36003950100","tract",2023,"food_score",106.77
"36003950300","tract",2023,"food_score",100.3
"36003950401","tract",2023,"food_score",108.98
"36003950402","tract",2023,"food_score",104.09
"36003950500","tract",2023,"food_score",98.27
"36003950600","tract",2023,"food_score",98.85
"36003950700","tract",2023,"food_score",91.01
"36003950800","tract",2023,"food_score",NA
"36003950900","tract",2023,"food_score",92.45
"36003951000","tract",2023,"food_score",94.76
"36003951100","tract",2023,"food_score",103.31
"36003951201","tract",2023,"food_score",74.44
"36003951202","tract",2023,"food_score",86.68
"36003951301","tract",2023,"food_score",103.66
"36003951302","tract",2023,"food_score",103
"36005000100","tract",2023,"food_score",NA
"36005000200","tract",2023,"food_score",92.55
"36005000400","tract",2023,"food_score",100.95
"36005001600","tract",2023,"food_score",57.34
"36005001901","tract",2023,"food_score",71.93
"36005001902","tract",2023,"food_score",63.03
"36005001903","tract",2023,"food_score",NA
"36005001904","tract",2023,"food_score",NA
"36005002001","tract",2023,"food_score",10.13
"36005002002","tract",2023,"food_score",33.9
"36005002300","tract",2023,"food_score",41.11
"36005002400","tract",2023,"food_score",NA
"36005002500","tract",2023,"food_score",51.28
"36005002701","tract",2023,"food_score",21.16
"36005002702","tract",2023,"food_score",36.23
"36005002800","tract",2023,"food_score",92.91
"36005003100","tract",2023,"food_score",52.01
"36005003300","tract",2023,"food_score",35.03
"36005003500","tract",2023,"food_score",38.55
"36005003700","tract",2023,"food_score",31.81
"36005003800","tract",2023,"food_score",80.15
"36005003900","tract",2023,"food_score",26.77
"36005004001","tract",2023,"food_score",83.2
"36005004100","tract",2023,"food_score",34.43
"36005004200","tract",2023,"food_score",67.06
"36005004300","tract",2023,"food_score",25.18
"36005004400","tract",2023,"food_score",37.33
"36005004600","tract",2023,"food_score",47.45
"36005004800","tract",2023,"food_score",50.02
"36005005001","tract",2023,"food_score",58.6
"36005005002","tract",2023,"food_score",49.86
"36005005100","tract",2023,"food_score",9.25
"36005005200","tract",2023,"food_score",28.06
"36005005300","tract",2023,"food_score",9.21
"36005005400","tract",2023,"food_score",57.34
"36005005600","tract",2023,"food_score",57.63
"36005005902","tract",2023,"food_score",77.96
"36005006000","tract",2023,"food_score",43.28
"36005006100","tract",2023,"food_score",87.46
"36005006200","tract",2023,"food_score",36.98
"36005006301","tract",2023,"food_score",76.28
"36005006302","tract",2023,"food_score",NA
"36005006400","tract",2023,"food_score",59.31
"36005006500","tract",2023,"food_score",30.87
"36005006700","tract",2023,"food_score",16.23
"36005006800","tract",2023,"food_score",51.05
"36005006900","tract",2023,"food_score",45.99
"36005007000","tract",2023,"food_score",65.48
"36005007100","tract",2023,"food_score",65.36
"36005007200","tract",2023,"food_score",76.96
"36005007300","tract",2023,"food_score",40.43
"36005007400","tract",2023,"food_score",81.34
"36005007500","tract",2023,"food_score",51.01
"36005007600","tract",2023,"food_score",66.02
"36005007700","tract",2023,"food_score",58.47
"36005007800","tract",2023,"food_score",66.07
"36005007900","tract",2023,"food_score",35.49
"36005008300","tract",2023,"food_score",59.92
"36005008400","tract",2023,"food_score",88.3
"36005008500","tract",2023,"food_score",51.34
"36005008600","tract",2023,"food_score",36.75
"36005008700","tract",2023,"food_score",39.59
"36005008900","tract",2023,"food_score",58.32
"36005009000","tract",2023,"food_score",35.63
"36005009200","tract",2023,"food_score",80.48
"36005009301","tract",2023,"food_score",53.85
"36005009302","tract",2023,"food_score",NA
"36005009600","tract",2023,"food_score",72.26
"36005009800","tract",2023,"food_score",76.13
"36005011000","tract",2023,"food_score",NA
"36005011502","tract",2023,"food_score",61.07
"36005011701","tract",2023,"food_score",23.22
"36005011702","tract",2023,"food_score",NA
"36005011800","tract",2023,"food_score",97.78
"36005011900","tract",2023,"food_score",42.73
"36005012101","tract",2023,"food_score",53.48
"36005012102","tract",2023,"food_score",31.47
"36005012300","tract",2023,"food_score",67.1
"36005012500","tract",2023,"food_score",52.16
"36005012701","tract",2023,"food_score",48.59
"36005012901","tract",2023,"food_score",12.92
"36005013000","tract",2023,"food_score",102.39
"36005013100","tract",2023,"food_score",31.92
"36005013200","tract",2023,"food_score",96.25
"36005013300","tract",2023,"food_score",31.37
"36005013500","tract",2023,"food_score",61.68
"36005013800","tract",2023,"food_score",93.7
"36005014100","tract",2023,"food_score",57.66
"36005014300","tract",2023,"food_score",20.11
"36005014400","tract",2023,"food_score",52.95
"36005014500","tract",2023,"food_score",36.42
"36005014701","tract",2023,"food_score",36.84
"36005014702","tract",2023,"food_score",16.37
"36005014900","tract",2023,"food_score",37.1
"36005015100","tract",2023,"food_score",42.32
"36005015200","tract",2023,"food_score",99.64
"36005015300","tract",2023,"food_score",46.92
"36005015500","tract",2023,"food_score",68.93
"36005015700","tract",2023,"food_score",61.99
"36005015800","tract",2023,"food_score",101.6
"36005015900","tract",2023,"food_score",47.49
"36005016000","tract",2023,"food_score",100.27
"36005016100","tract",2023,"food_score",16.09
"36005016200","tract",2023,"food_score",102.7
"36005016300","tract",2023,"food_score",NA
"36005016400","tract",2023,"food_score",82.82
"36005016500","tract",2023,"food_score",53.15
"36005016600","tract",2023,"food_score",90.47
"36005016700","tract",2023,"food_score",45.7
"36005016900","tract",2023,"food_score",61.32
"36005017100","tract",2023,"food_score",NA
"36005017300","tract",2023,"food_score",47.14
"36005017500","tract",2023,"food_score",33.28
"36005017701","tract",2023,"food_score",32.89
"36005017702","tract",2023,"food_score",55.58
"36005017901","tract",2023,"food_score",44.04
"36005017902","tract",2023,"food_score",26.39
"36005018101","tract",2023,"food_score",84.99
"36005018102","tract",2023,"food_score",40.78
"36005018301","tract",2023,"food_score",73.77
"36005018302","tract",2023,"food_score",52.56
"36005018400","tract",2023,"food_score",84.2
"36005018501","tract",2023,"food_score",54.75
"36005018502","tract",2023,"food_score",15.77
"36005018900","tract",2023,"food_score",38.06
"36005019300","tract",2023,"food_score",61.13
"36005019400","tract",2023,"food_score",92.24
"36005019500","tract",2023,"food_score",47.33
"36005019700","tract",2023,"food_score",46.29
"36005019900","tract",2023,"food_score",31.64
"36005020000","tract",2023,"food_score",69.88
"36005020100","tract",2023,"food_score",33.3
"36005020200","tract",2023,"food_score",69.49
"36005020400","tract",2023,"food_score",67.13
"36005020501","tract",2023,"food_score",42.82
"36005020502","tract",2023,"food_score",67.98
"36005020601","tract",2023,"food_score",58.99
"36005020900","tract",2023,"food_score",47.14
"36005021001","tract",2023,"food_score",62.86
"36005021002","tract",2023,"food_score",96.9
"36005021100","tract",2023,"food_score",46.23
"36005021200","tract",2023,"food_score",87.77
"36005021301","tract",2023,"food_score",66.71
"36005021302","tract",2023,"food_score",35.08
"36005021501","tract",2023,"food_score",18.13
"36005021502","tract",2023,"food_score",42.19
"36005021601","tract",2023,"food_score",63.9
"36005021602","tract",2023,"food_score",83.5
"36005021700","tract",2023,"food_score",40.59
"36005021800","tract",2023,"food_score",55.67
"36005021900","tract",2023,"food_score",38.42
"36005022000","tract",2023,"food_score",39.93
"36005022101","tract",2023,"food_score",55.28
"36005022102","tract",2023,"food_score",24.14
"36005022200","tract",2023,"food_score",71.79
"36005022300","tract",2023,"food_score",40.93
"36005022401","tract",2023,"food_score",57.11
"36005022403","tract",2023,"food_score",68.29
"36005022404","tract",2023,"food_score",71.63
"36005022500","tract",2023,"food_score",35.01
"36005022701","tract",2023,"food_score",67.09
"36005022702","tract",2023,"food_score",36.31
"36005022703","tract",2023,"food_score",53.45
"36005022800","tract",2023,"food_score",80.37
"36005022901","tract",2023,"food_score",50.83
"36005022902","tract",2023,"food_score",45.21
"36005023000","tract",2023,"food_score",71.25
"36005023100","tract",2023,"food_score",46.39
"36005023200","tract",2023,"food_score",62.99
"36005023301","tract",2023,"food_score",62.87
"36005023302","tract",2023,"food_score",48.12
"36005023501","tract",2023,"food_score",52.89
"36005023502","tract",2023,"food_score",62.5
"36005023600","tract",2023,"food_score",51.34
"36005023702","tract",2023,"food_score",60.4
"36005023703","tract",2023,"food_score",41.69
"36005023704","tract",2023,"food_score",32.01
"36005023800","tract",2023,"food_score",77.92
"36005023900","tract",2023,"food_score",55.94
"36005024000","tract",2023,"food_score",59.43
"36005024100","tract",2023,"food_score",19.92
"36005024300","tract",2023,"food_score",33.68
"36005024400","tract",2023,"food_score",103.85
"36005024501","tract",2023,"food_score",62.27
"36005024502","tract",2023,"food_score",26.82
"36005024600","tract",2023,"food_score",76.19
"36005024700","tract",2023,"food_score",60
"36005024800","tract",2023,"food_score",78.15
"36005024900","tract",2023,"food_score",NA
"36005025000","tract",2023,"food_score",97.1
"36005025100","tract",2023,"food_score",58.89
"36005025200","tract",2023,"food_score",83.06
"36005025300","tract",2023,"food_score",46.65
"36005025400","tract",2023,"food_score",95.62
"36005025500","tract",2023,"food_score",51.87
"36005025600","tract",2023,"food_score",74.09
"36005025700","tract",2023,"food_score",55.69
"36005026100","tract",2023,"food_score",107.7
"36005026300","tract",2023,"food_score",50.32
"36005026400","tract",2023,"food_score",76.22
"36005026500","tract",2023,"food_score",35.63
"36005026601","tract",2023,"food_score",88.94
"36005026602","tract",2023,"food_score",63.67
"36005026701","tract",2023,"food_score",43.36
"36005026702","tract",2023,"food_score",59.22
"36005026900","tract",2023,"food_score",56.12
"36005027300","tract",2023,"food_score",48.26
"36005027401","tract",2023,"food_score",106.68
"36005027402","tract",2023,"food_score",115.41
"36005027600","tract",2023,"food_score",NA
"36005027700","tract",2023,"food_score",47.31
"36005027900","tract",2023,"food_score",65.86
"36005028100","tract",2023,"food_score",101.1
"36005028300","tract",2023,"food_score",32.21
"36005028400","tract",2023,"food_score",NA
"36005028500","tract",2023,"food_score",107.66
"36005028600","tract",2023,"food_score",86.35
"36005028700","tract",2023,"food_score",80.13
"36005028800","tract",2023,"food_score",97.6
"36005028900","tract",2023,"food_score",62.98
"36005029301","tract",2023,"food_score",106.99
"36005029302","tract",2023,"food_score",114.4
"36005029500","tract",2023,"food_score",105.16
"36005029600","tract",2023,"food_score",99.05
"36005029700","tract",2023,"food_score",113.25
"36005030000","tract",2023,"food_score",93.54
"36005030100","tract",2023,"food_score",103.18
"36005030201","tract",2023,"food_score",105.08
"36005030202","tract",2023,"food_score",86.56
"36005030701","tract",2023,"food_score",104.33
"36005030900","tract",2023,"food_score",107.91
"36005031000","tract",2023,"food_score",102.64
"36005031200","tract",2023,"food_score",99.07
"36005031400","tract",2023,"food_score",96.54
"36005031600","tract",2023,"food_score",97.25
"36005031800","tract",2023,"food_score",95.27
"36005031900","tract",2023,"food_score",NA
"36005032300","tract",2023,"food_score",108.5
"36005032400","tract",2023,"food_score",53.15
"36005032600","tract",2023,"food_score",103.89
"36005032800","tract",2023,"food_score",49.33
"36005033000","tract",2023,"food_score",74.69
"36005033201","tract",2023,"food_score",64.04
"36005033202","tract",2023,"food_score",75.26
"36005033400","tract",2023,"food_score",NA
"36005033500","tract",2023,"food_score",90.28
"36005033601","tract",2023,"food_score",45.45
"36005033602","tract",2023,"food_score",87.74
"36005033700","tract",2023,"food_score",100.18
"36005033801","tract",2023,"food_score",80.86
"36005033802","tract",2023,"food_score",48.76
"36005034000","tract",2023,"food_score",66.74
"36005034200","tract",2023,"food_score",89.55
"36005034300","tract",2023,"food_score",108.1
"36005034400","tract",2023,"food_score",68.54
"36005034500","tract",2023,"food_score",97.86
"36005034800","tract",2023,"food_score",72.04
"36005035000","tract",2023,"food_score",73.43
"36005035100","tract",2023,"food_score",103.57
"36005035600","tract",2023,"food_score",68.19
"36005035800","tract",2023,"food_score",99.5
"36005035900","tract",2023,"food_score",37.27
"36005036000","tract",2023,"food_score",88.2
"36005036100","tract",2023,"food_score",22.15
"36005036300","tract",2023,"food_score",25.77
"36005036400","tract",2023,"food_score",60.01
"36005036501","tract",2023,"food_score",42.8
"36005036502","tract",2023,"food_score",42.85
"36005036700","tract",2023,"food_score",53.49
"36005036800","tract",2023,"food_score",82.44
"36005036901","tract",2023,"food_score",54.12
"36005036902","tract",2023,"food_score",25.4
"36005037000","tract",2023,"food_score",75.96
"36005037100","tract",2023,"food_score",34.81
"36005037200","tract",2023,"food_score",88.79
"36005037300","tract",2023,"food_score",35.3
"36005037400","tract",2023,"food_score",45.83
"36005037504","tract",2023,"food_score",38.91
"36005037600","tract",2023,"food_score",84.82
"36005037800","tract",2023,"food_score",67.64
"36005037900","tract",2023,"food_score",43.2
"36005038000","tract",2023,"food_score",51.95
"36005038100","tract",2023,"food_score",66.83
"36005038200","tract",2023,"food_score",82.54
"36005038301","tract",2023,"food_score",35.17
"36005038303","tract",2023,"food_score",28.01
"36005038304","tract",2023,"food_score",34.42
"36005038500","tract",2023,"food_score",23.14
"36005038600","tract",2023,"food_score",72.79
"36005038700","tract",2023,"food_score",38.83
"36005038800","tract",2023,"food_score",67.54
"36005038900","tract",2023,"food_score",45.73
"36005039000","tract",2023,"food_score",56.25
"36005039100","tract",2023,"food_score",35.24
"36005039200","tract",2023,"food_score",77.17
"36005039300","tract",2023,"food_score",16.87
"36005039400","tract",2023,"food_score",60.48
"36005039500","tract",2023,"food_score",30.4
"36005039600","tract",2023,"food_score",60.88
"36005039700","tract",2023,"food_score",NA
"36005039800","tract",2023,"food_score",64.09
"36005039901","tract",2023,"food_score",30.53
"36005039902","tract",2023,"food_score",51.4
"36005040100","tract",2023,"food_score",65.81
"36005040302","tract",2023,"food_score",36.84
"36005040303","tract",2023,"food_score",45.07
"36005040304","tract",2023,"food_score",38.6
"36005040400","tract",2023,"food_score",88.99
"36005040501","tract",2023,"food_score",39.98
"36005040502","tract",2023,"food_score",45.91
"36005040600","tract",2023,"food_score",50.29
"36005040701","tract",2023,"food_score",58.02
"36005040702","tract",2023,"food_score",52.05
"36005040800","tract",2023,"food_score",58.85
"36005040900","tract",2023,"food_score",78.85
"36005041100","tract",2023,"food_score",34.48
"36005041300","tract",2023,"food_score",68.06
"36005041400","tract",2023,"food_score",87.52
"36005041500","tract",2023,"food_score",53.5
"36005041800","tract",2023,"food_score",53.71
"36005041900","tract",2023,"food_score",60.97
"36005042000","tract",2023,"food_score",49.88
"36005042100","tract",2023,"food_score",64.32
"36005042200","tract",2023,"food_score",98.67
"36005042300","tract",2023,"food_score",65.7
"36005042400","tract",2023,"food_score",93.6
"36005042500","tract",2023,"food_score",46.65
"36005042600","tract",2023,"food_score",92.21
"36005042800","tract",2023,"food_score",83.59
"36005042901","tract",2023,"food_score",64.34
"36005042902","tract",2023,"food_score",73.66
"36005043000","tract",2023,"food_score",77.68
"36005043101","tract",2023,"food_score",64.36
"36005043102","tract",2023,"food_score",66.46
"36005043400","tract",2023,"food_score",70.58
"36005043501","tract",2023,"food_score",25.57
"36005043502","tract",2023,"food_score",NA
"36005043503","tract",2023,"food_score",NA
"36005043600","tract",2023,"food_score",58.42
"36005044200","tract",2023,"food_score",75.4
"36005044400","tract",2023,"food_score",105.29
"36005044800","tract",2023,"food_score",83.76
"36005044901","tract",2023,"food_score",102.8
"36005044902","tract",2023,"food_score",93.12
"36005045101","tract",2023,"food_score",103.81
"36005045102","tract",2023,"food_score",112.36
"36005045600","tract",2023,"food_score",84.43
"36005045800","tract",2023,"food_score",39.08
"36005046000","tract",2023,"food_score",51.02
"36005046203","tract",2023,"food_score",98.58
"36005046204","tract",2023,"food_score",102.29
"36005046205","tract",2023,"food_score",101.64
"36005046206","tract",2023,"food_score",96.78
"36005046207","tract",2023,"food_score",62.81
"36005046208","tract",2023,"food_score",91.22
"36005046209","tract",2023,"food_score",43.64
"36005048401","tract",2023,"food_score",92.05
"36005048402","tract",2023,"food_score",NA
"36005050400","tract",2023,"food_score",NA
"36005051601","tract",2023,"food_score",96.65
"36005051602","tract",2023,"food_score",NA
"36007000100","tract",2023,"food_score",74.93
"36007000200","tract",2023,"food_score",66.09
"36007000300","tract",2023,"food_score",86.37
"36007000400","tract",2023,"food_score",69.17
"36007000500","tract",2023,"food_score",54.79
"36007000600","tract",2023,"food_score",46.66
"36007000700","tract",2023,"food_score",102.48
"36007000900","tract",2023,"food_score",74.93
"36007001100","tract",2023,"food_score",45.31
"36007001200","tract",2023,"food_score",65.22
"36007001300","tract",2023,"food_score",60.77
"36007001401","tract",2023,"food_score",112.75
"36007001402","tract",2023,"food_score",89.34
"36007001500","tract",2023,"food_score",115.47
"36007001600","tract",2023,"food_score",104.68
"36007001700","tract",2023,"food_score",80.14
"36007001800","tract",2023,"food_score",76.26
"36007010200","tract",2023,"food_score",110.16
"36007011901","tract",2023,"food_score",87.11
"36007011902","tract",2023,"food_score",81.99
"36007011903","tract",2023,"food_score",83.59
"36007012000","tract",2023,"food_score",100.69
"36007012101","tract",2023,"food_score",121.65
"36007012102","tract",2023,"food_score",113.36
"36007012103","tract",2023,"food_score",98.37
"36007012201","tract",2023,"food_score",110.27
"36007012202","tract",2023,"food_score",87.63
"36007012300","tract",2023,"food_score",109.34
"36007012400","tract",2023,"food_score",93.8
"36007012501","tract",2023,"food_score",109.33
"36007012502","tract",2023,"food_score",103.34
"36007012600","tract",2023,"food_score",90.46
"36007012701","tract",2023,"food_score",92.57
"36007012702","tract",2023,"food_score",111.8
"36007012800","tract",2023,"food_score",116.49
"36007012900","tract",2023,"food_score",120.5
"36007013000","tract",2023,"food_score",113.33
"36007013100","tract",2023,"food_score",85.86
"36007013201","tract",2023,"food_score",109.61
"36007013202","tract",2023,"food_score",107.91
"36007013301","tract",2023,"food_score",111.3
"36007013303","tract",2023,"food_score",110.61
"36007013304","tract",2023,"food_score",108.83
"36007013400","tract",2023,"food_score",91.47
"36007013500","tract",2023,"food_score",43.12
"36007013600","tract",2023,"food_score",71.16
"36007013700","tract",2023,"food_score",99.24
"36007013800","tract",2023,"food_score",79.08
"36007013900","tract",2023,"food_score",63.8
"36007014000","tract",2023,"food_score",63.66
"36007014100","tract",2023,"food_score",90.29
"36007014200","tract",2023,"food_score",107.29
"36007014301","tract",2023,"food_score",110.93
"36007014302","tract",2023,"food_score",NA
"36007014400","tract",2023,"food_score",117.07
"36007014500","tract",2023,"food_score",114.68
"36007014600","tract",2023,"food_score",105.09
"36009940000","tract",2023,"food_score",56.9
"36009940200","tract",2023,"food_score",NA
"36009940301","tract",2023,"food_score",66.51
"36009940302","tract",2023,"food_score",72.3
"36009960100","tract",2023,"food_score",110.15
"36009960200","tract",2023,"food_score",79.36
"36009960300","tract",2023,"food_score",106.13
"36009960400","tract",2023,"food_score",100.43
"36009960500","tract",2023,"food_score",103.75
"36009960600","tract",2023,"food_score",92.28
"36009960703","tract",2023,"food_score",108.95
"36009960704","tract",2023,"food_score",108.2
"36009960800","tract",2023,"food_score",102.12
"36009961000","tract",2023,"food_score",97.69
"36009961100","tract",2023,"food_score",108.52
"36009961200","tract",2023,"food_score",108.71
"36009961301","tract",2023,"food_score",101.07
"36009961302","tract",2023,"food_score",NA
"36009961400","tract",2023,"food_score",111.06
"36009961500","tract",2023,"food_score",103.06
"36009961600","tract",2023,"food_score",82.19
"36009961700","tract",2023,"food_score",54.34
"36009961800","tract",2023,"food_score",91.52
"36009962200","tract",2023,"food_score",98.41
"36011040101","tract",2023,"food_score",106.55
"36011040102","tract",2023,"food_score",103.97
"36011040201","tract",2023,"food_score",116.7
"36011040202","tract",2023,"food_score",99.48
"36011040300","tract",2023,"food_score",95.41
"36011040400","tract",2023,"food_score",109.39
"36011040500","tract",2023,"food_score",109.41
"36011040600","tract",2023,"food_score",113.69
"36011040700","tract",2023,"food_score",123.33
"36011040800","tract",2023,"food_score",97.94
"36011040900","tract",2023,"food_score",106.6
"36011041001","tract",2023,"food_score",108.98
"36011041002","tract",2023,"food_score",116
"36011041101","tract",2023,"food_score",105.67
"36011041102","tract",2023,"food_score",101.54
"36011041201","tract",2023,"food_score",113.27
"36011041202","tract",2023,"food_score",110.23
"36011041300","tract",2023,"food_score",77.27
"36011041400","tract",2023,"food_score",76.23
"36011041500","tract",2023,"food_score",89.25
"36011041600","tract",2023,"food_score",95.89
"36011041700","tract",2023,"food_score",85.23
"36011041800","tract",2023,"food_score",74.62
"36011042100","tract",2023,"food_score",45.45
"36011990200","tract",2023,"food_score",NA
"36013030100","tract",2023,"food_score",47.37
"36013030200","tract",2023,"food_score",74.66
"36013030300","tract",2023,"food_score",39.56
"36013030400","tract",2023,"food_score",93.34
"36013030500","tract",2023,"food_score",29.97
"36013030600","tract",2023,"food_score",67.47
"36013030700","tract",2023,"food_score",95.44
"36013030800","tract",2023,"food_score",72.83
"36013035100","tract",2023,"food_score",93.06
"36013035300","tract",2023,"food_score",109.96
"36013035400","tract",2023,"food_score",57.56
"36013035500","tract",2023,"food_score",72.29
"36013035600","tract",2023,"food_score",77.16
"36013035700","tract",2023,"food_score",84.48
"36013035800","tract",2023,"food_score",104.51
"36013035901","tract",2023,"food_score",105.15
"36013035902","tract",2023,"food_score",NA
"36013036000","tract",2023,"food_score",109.31
"36013036100","tract",2023,"food_score",95.74
"36013036300","tract",2023,"food_score",79.68
"36013036401","tract",2023,"food_score",101
"36013036402","tract",2023,"food_score",110.44
"36013036500","tract",2023,"food_score",88.27
"36013036600","tract",2023,"food_score",101.38
"36013036700","tract",2023,"food_score",111.2
"36013036801","tract",2023,"food_score",106.85
"36013036802","tract",2023,"food_score",108.34
"36013036901","tract",2023,"food_score",103.79
"36013036902","tract",2023,"food_score",102.38
"36013037000","tract",2023,"food_score",102.17
"36013037100","tract",2023,"food_score",106.16
"36013037200","tract",2023,"food_score",90.54
"36013037300","tract",2023,"food_score",92.29
"36013037400","tract",2023,"food_score",102.48
"36013037500","tract",2023,"food_score",92.57
"36013037600","tract",2023,"food_score",110.12
"36013990000","tract",2023,"food_score",NA
"36015000100","tract",2023,"food_score",56.41
"36015000200","tract",2023,"food_score",70.56
"36015000300","tract",2023,"food_score",NA
"36015000400","tract",2023,"food_score",78.61
"36015000500","tract",2023,"food_score",90.69
"36015000600","tract",2023,"food_score",52.78
"36015000700","tract",2023,"food_score",42.12
"36015000900","tract",2023,"food_score",91.7
"36015001000","tract",2023,"food_score",47.79
"36015001100","tract",2023,"food_score",93.72
"36015010100","tract",2023,"food_score",106.16
"36015010200","tract",2023,"food_score",109.48
"36015010301","tract",2023,"food_score",114.77
"36015010302","tract",2023,"food_score",113.24
"36015010400","tract",2023,"food_score",108.11
"36015010500","tract",2023,"food_score",91.58
"36015010600","tract",2023,"food_score",91.94
"36015010701","tract",2023,"food_score",112.04
"36015010702","tract",2023,"food_score",107.53
"36015010800","tract",2023,"food_score",95.8
"36015010900","tract",2023,"food_score",110.1
"36015011000","tract",2023,"food_score",105.25
"36015011101","tract",2023,"food_score",81.25
"36015011102","tract",2023,"food_score",99.37
"36015011200","tract",2023,"food_score",104.59
"36017970101","tract",2023,"food_score",100.1
"36017970102","tract",2023,"food_score",87.64
"36017970201","tract",2023,"food_score",93.58
"36017970202","tract",2023,"food_score",98.94
"36017970300","tract",2023,"food_score",91.39
"36017970400","tract",2023,"food_score",57.84
"36017970501","tract",2023,"food_score",90.51
"36017970502","tract",2023,"food_score",106.23
"36017970601","tract",2023,"food_score",99.54
"36017970602","tract",2023,"food_score",103.4
"36017970700","tract",2023,"food_score",105.61
"36017970801","tract",2023,"food_score",104.2
"36017970802","tract",2023,"food_score",108.96
"36017970901","tract",2023,"food_score",93.27
"36017970902","tract",2023,"food_score",102.72
"36017971000","tract",2023,"food_score",109.37
"36019100101","tract",2023,"food_score",88.31
"36019100102","tract",2023,"food_score",94.54
"36019100200","tract",2023,"food_score",104.03
"36019100600","tract",2023,"food_score",94.93
"36019100700","tract",2023,"food_score",112.59
"36019100800","tract",2023,"food_score",89.03
"36019100901","tract",2023,"food_score",100.76
"36019100902","tract",2023,"food_score",113.72
"36019101000","tract",2023,"food_score",114.07
"36019101600","tract",2023,"food_score",87.79
"36019101901","tract",2023,"food_score",110.94
"36019101902","tract",2023,"food_score",94.55
"36019102100","tract",2023,"food_score",70.39
"36019102200","tract",2023,"food_score",47.44
"36019102800","tract",2023,"food_score",103.57
"36019103000","tract",2023,"food_score",NA
"36019103100","tract",2023,"food_score",79.05
"36019103200","tract",2023,"food_score",110.72
"36019103512","tract",2023,"food_score",NA
"36019103800","tract",2023,"food_score",104.73
"36019103900","tract",2023,"food_score",110.36
"36019104200","tract",2023,"food_score",91.11
"36021000100","tract",2023,"food_score",108.12
"36021000200","tract",2023,"food_score",113.08
"36021000300","tract",2023,"food_score",111.47
"36021000401","tract",2023,"food_score",107.61
"36021000402","tract",2023,"food_score",115.94
"36021000500","tract",2023,"food_score",103.98
"36021000600","tract",2023,"food_score",109.28
"36021000700","tract",2023,"food_score",104.84
"36021000800","tract",2023,"food_score",123.33
"36021000900","tract",2023,"food_score",85.21
"36021001000","tract",2023,"food_score",91
"36021001100","tract",2023,"food_score",114.63
"36021001200","tract",2023,"food_score",75.65
"36021001300","tract",2023,"food_score",82.4
"36021001400","tract",2023,"food_score",91.86
"36021001500","tract",2023,"food_score",110.73
"36021001600","tract",2023,"food_score",94.86
"36021001700","tract",2023,"food_score",117.06
"36021001800","tract",2023,"food_score",119.41
"36021001900","tract",2023,"food_score",112.72
"36021002000","tract",2023,"food_score",113.66
"36023970100","tract",2023,"food_score",100.43
"36023970201","tract",2023,"food_score",102.2
"36023970202","tract",2023,"food_score",114.28
"36023970300","tract",2023,"food_score",120.94
"36023970400","tract",2023,"food_score",105.16
"36023970500","tract",2023,"food_score",75.58
"36023970600","tract",2023,"food_score",58.58
"36023970700","tract",2023,"food_score",109.61
"36023970800","tract",2023,"food_score",NA
"36023970900","tract",2023,"food_score",89.41
"36023971000","tract",2023,"food_score",99.12
"36023971100","tract",2023,"food_score",103.83
"36023971200","tract",2023,"food_score",109.92
"36025970101","tract",2023,"food_score",96.16
"36025970102","tract",2023,"food_score",103.54
"36025970200","tract",2023,"food_score",112.59
"36025970300","tract",2023,"food_score",105.77
"36025970401","tract",2023,"food_score",108.79
"36025970402","tract",2023,"food_score",72.19
"36025970501","tract",2023,"food_score",81.18
"36025970502","tract",2023,"food_score",80.37
"36025970601","tract",2023,"food_score",95.91
"36025970602","tract",2023,"food_score",103.21
"36025970700","tract",2023,"food_score",111.11
"36025970800","tract",2023,"food_score",96.04
"36025970900","tract",2023,"food_score",NA
"36025971000","tract",2023,"food_score",104.22
"36025971100","tract",2023,"food_score",116.65
"36025971200","tract",2023,"food_score",108.54
"36025971300","tract",2023,"food_score",116.45
"36025971400","tract",2023,"food_score",91
"36027010000","tract",2023,"food_score",95.42
"36027020003","tract",2023,"food_score",102.81
"36027020004","tract",2023,"food_score",120.27
"36027020005","tract",2023,"food_score",119.03
"36027030000","tract",2023,"food_score",122.27
"36027040001","tract",2023,"food_score",103.09
"36027040003","tract",2023,"food_score",95.01
"36027050102","tract",2023,"food_score",120.21
"36027050103","tract",2023,"food_score",122.6
"36027050104","tract",2023,"food_score",114.58
"36027050203","tract",2023,"food_score",117.31
"36027050204","tract",2023,"food_score",121.85
"36027050205","tract",2023,"food_score",122.37
"36027060100","tract",2023,"food_score",122.73
"36027060201","tract",2023,"food_score",108.89
"36027060202","tract",2023,"food_score",117
"36027060301","tract",2023,"food_score",119.26
"36027060302","tract",2023,"food_score",117.24
"36027060400","tract",2023,"food_score",109.13
"36027070101","tract",2023,"food_score",113.29
"36027070102","tract",2023,"food_score",110.71
"36027070201","tract",2023,"food_score",115.44
"36027070301","tract",2023,"food_score",114.69
"36027070401","tract",2023,"food_score",NA
"36027080103","tract",2023,"food_score",119.02
"36027080104","tract",2023,"food_score",119.75
"36027080201","tract",2023,"food_score",119.4
"36027080202","tract",2023,"food_score",121.35
"36027090000","tract",2023,"food_score",105.69
"36027100000","tract",2023,"food_score",110.86
"36027110003","tract",2023,"food_score",123.72
"36027110004","tract",2023,"food_score",117.43
"36027110005","tract",2023,"food_score",109.63
"36027120000","tract",2023,"food_score",102.67
"36027130003","tract",2023,"food_score",113.95
"36027130004","tract",2023,"food_score",114.83
"36027130005","tract",2023,"food_score",115.84
"36027140101","tract",2023,"food_score",NA
"36027140201","tract",2023,"food_score",95.77
"36027140202","tract",2023,"food_score",113.5
"36027140301","tract",2023,"food_score",68.68
"36027140302","tract",2023,"food_score",96.9
"36027140400","tract",2023,"food_score",115.95
"36027140500","tract",2023,"food_score",104.96
"36027140602","tract",2023,"food_score",111.56
"36027140700","tract",2023,"food_score",113.93
"36027140801","tract",2023,"food_score",111.61
"36027150003","tract",2023,"food_score",NA
"36027150004","tract",2023,"food_score",114.84
"36027150005","tract",2023,"food_score",117.22
"36027150006","tract",2023,"food_score",120.26
"36027160003","tract",2023,"food_score",122.87
"36027160004","tract",2023,"food_score",115.64
"36027160005","tract",2023,"food_score",120.54
"36027170000","tract",2023,"food_score",115.76
"36027180001","tract",2023,"food_score",120.31
"36027190101","tract",2023,"food_score",119.74
"36027190102","tract",2023,"food_score",103.52
"36027190203","tract",2023,"food_score",109.72
"36027190204","tract",2023,"food_score",111.11
"36027190301","tract",2023,"food_score",111.87
"36027190401","tract",2023,"food_score",110.09
"36027190402","tract",2023,"food_score",110.98
"36027200001","tract",2023,"food_score",113.84
"36027200002","tract",2023,"food_score",107.48
"36027210101","tract",2023,"food_score",89.81
"36027210201","tract",2023,"food_score",104.56
"36027210301","tract",2023,"food_score",102.22
"36027220101","tract",2023,"food_score",80.62
"36027220102","tract",2023,"food_score",72.24
"36027220201","tract",2023,"food_score",99.53
"36027220300","tract",2023,"food_score",76.1
"36027220700","tract",2023,"food_score",48.07
"36027220801","tract",2023,"food_score",87.66
"36027220901","tract",2023,"food_score",96.71
"36027221001","tract",2023,"food_score",116.68
"36027221100","tract",2023,"food_score",93.51
"36027300000","tract",2023,"food_score",101.35
"36027410000","tract",2023,"food_score",NA
"36027610000","tract",2023,"food_score",NA
"36027640001","tract",2023,"food_score",NA
"36027640002","tract",2023,"food_score",NA
"36029000110","tract",2023,"food_score",59.41
"36029000200","tract",2023,"food_score",82.01
"36029000500","tract",2023,"food_score",59.48
"36029000600","tract",2023,"food_score",109.94
"36029000700","tract",2023,"food_score",108.32
"36029000800","tract",2023,"food_score",98.31
"36029000900","tract",2023,"food_score",105.82
"36029001000","tract",2023,"food_score",57.72
"36029001100","tract",2023,"food_score",62.05
"36029001403","tract",2023,"food_score",32.57
"36029001404","tract",2023,"food_score",25.15
"36029001500","tract",2023,"food_score",52.12
"36029001601","tract",2023,"food_score",20.35
"36029001602","tract",2023,"food_score",37.71
"36029001700","tract",2023,"food_score",42.39
"36029001900","tract",2023,"food_score",73.57
"36029002300","tract",2023,"food_score",52.88
"36029002400","tract",2023,"food_score",83.74
"36029002502","tract",2023,"food_score",32.84
"36029002703","tract",2023,"food_score",27.29
"36029002704","tract",2023,"food_score",53.82
"36029002801","tract",2023,"food_score",33.6
"36029002802","tract",2023,"food_score",33.65
"36029002900","tract",2023,"food_score",39.81
"36029003000","tract",2023,"food_score",58.76
"36029003100","tract",2023,"food_score",71.75
"36029003301","tract",2023,"food_score",56.5
"36029003302","tract",2023,"food_score",46.81
"36029003400","tract",2023,"food_score",59.4
"36029003501","tract",2023,"food_score",55.15
"36029003502","tract",2023,"food_score",66.85
"36029003600","tract",2023,"food_score",79.58
"36029003700","tract",2023,"food_score",50.37
"36029003800","tract",2023,"food_score",43.9
"36029003901","tract",2023,"food_score",35.32
"36029004002","tract",2023,"food_score",62.21
"36029004003","tract",2023,"food_score",22.26
"36029004100","tract",2023,"food_score",68.72
"36029004200","tract",2023,"food_score",56.42
"36029004300","tract",2023,"food_score",81.05
"36029004401","tract",2023,"food_score",68.08
"36029004402","tract",2023,"food_score",40.98
"36029004500","tract",2023,"food_score",105.95
"36029004601","tract",2023,"food_score",93.24
"36029004701","tract",2023,"food_score",55.64
"36029004702","tract",2023,"food_score",87.69
"36029004800","tract",2023,"food_score",105.03
"36029004901","tract",2023,"food_score",94
"36029004902","tract",2023,"food_score",90.15
"36029005000","tract",2023,"food_score",101.4
"36029005100","tract",2023,"food_score",99.68
"36029005201","tract",2023,"food_score",116.91
"36029005202","tract",2023,"food_score",71.02
"36029005300","tract",2023,"food_score",NA
"36029005400","tract",2023,"food_score",87.61
"36029005500","tract",2023,"food_score",64.93
"36029005600","tract",2023,"food_score",50.13
"36029005700","tract",2023,"food_score",59.02
"36029005801","tract",2023,"food_score",72
"36029005802","tract",2023,"food_score",36.54
"36029005900","tract",2023,"food_score",41.03
"36029006100","tract",2023,"food_score",46.58
"36029006301","tract",2023,"food_score",101.82
"36029006302","tract",2023,"food_score",111.98
"36029006501","tract",2023,"food_score",110.44
"36029006601","tract",2023,"food_score",87.28
"36029006602","tract",2023,"food_score",101.48
"36029006701","tract",2023,"food_score",83.67
"36029006702","tract",2023,"food_score",88.35
"36029006801","tract",2023,"food_score",102.66
"36029006802","tract",2023,"food_score",94.85
"36029006901","tract",2023,"food_score",57.09
"36029006903","tract",2023,"food_score",96.85
"36029006904","tract",2023,"food_score",50.93
"36029007000","tract",2023,"food_score",60.81
"36029007102","tract",2023,"food_score",19.38
"36029007103","tract",2023,"food_score",65.77
"36029007104","tract",2023,"food_score",38.85
"36029007202","tract",2023,"food_score",76.28
"36029007303","tract",2023,"food_score",114.04
"36029007304","tract",2023,"food_score",126.04
"36029007305","tract",2023,"food_score",106.09
"36029007306","tract",2023,"food_score",108.24
"36029007600","tract",2023,"food_score",98.62
"36029007700","tract",2023,"food_score",107.43
"36029007800","tract",2023,"food_score",65.71
"36029007901","tract",2023,"food_score",95.74
"36029007902","tract",2023,"food_score",108.03
"36029007903","tract",2023,"food_score",108.19
"36029007904","tract",2023,"food_score",114.2
"36029007905","tract",2023,"food_score",110.74
"36029008001","tract",2023,"food_score",118.18
"36029008002","tract",2023,"food_score",95.7
"36029008003","tract",2023,"food_score",95.1
"36029008101","tract",2023,"food_score",106.66
"36029008102","tract",2023,"food_score",105.74
"36029008201","tract",2023,"food_score",110.11
"36029008202","tract",2023,"food_score",89.25
"36029008300","tract",2023,"food_score",32.89
"36029008400","tract",2023,"food_score",92.2
"36029008500","tract",2023,"food_score",110.62
"36029008600","tract",2023,"food_score",105.25
"36029008700","tract",2023,"food_score",101.59
"36029008800","tract",2023,"food_score",97.68
"36029008900","tract",2023,"food_score",116.24
"36029009004","tract",2023,"food_score",115.49
"36029009007","tract",2023,"food_score",124.68
"36029009008","tract",2023,"food_score",122.61
"36029009009","tract",2023,"food_score",120.85
"36029009010","tract",2023,"food_score",105.25
"36029009011","tract",2023,"food_score",109.22
"36029009012","tract",2023,"food_score",109.04
"36029009104","tract",2023,"food_score",123.39
"36029009106","tract",2023,"food_score",111.64
"36029009107","tract",2023,"food_score",94.86
"36029009109","tract",2023,"food_score",113.6
"36029009110","tract",2023,"food_score",NA
"36029009112","tract",2023,"food_score",85.94
"36029009113","tract",2023,"food_score",118.26
"36029009114","tract",2023,"food_score",118.22
"36029009115","tract",2023,"food_score",120.78
"36029009116","tract",2023,"food_score",92.52
"36029009200","tract",2023,"food_score",98.87
"36029009301","tract",2023,"food_score",84.92
"36029009302","tract",2023,"food_score",108.65
"36029009401","tract",2023,"food_score",111.02
"36029009402","tract",2023,"food_score",117.42
"36029009501","tract",2023,"food_score",117.33
"36029009503","tract",2023,"food_score",113.88
"36029009504","tract",2023,"food_score",112.94
"36029009601","tract",2023,"food_score",97.03
"36029009602","tract",2023,"food_score",110.17
"36029009701","tract",2023,"food_score",99.37
"36029009702","tract",2023,"food_score",107.95
"36029009800","tract",2023,"food_score",94.42
"36029009900","tract",2023,"food_score",81.02
"36029010001","tract",2023,"food_score",82.57
"36029010002","tract",2023,"food_score",89.83
"36029010003","tract",2023,"food_score",94.58
"36029010101","tract",2023,"food_score",100.63
"36029010102","tract",2023,"food_score",62.67
"36029010103","tract",2023,"food_score",101.13
"36029010201","tract",2023,"food_score",94.06
"36029010202","tract",2023,"food_score",65.22
"36029010300","tract",2023,"food_score",96.43
"36029010400","tract",2023,"food_score",84.62
"36029010500","tract",2023,"food_score",104.72
"36029010600","tract",2023,"food_score",92.02
"36029010700","tract",2023,"food_score",81.8
"36029010803","tract",2023,"food_score",110.84
"36029010804","tract",2023,"food_score",114.57
"36029010805","tract",2023,"food_score",110.16
"36029010807","tract",2023,"food_score",98.57
"36029010808","tract",2023,"food_score",106.22
"36029010809","tract",2023,"food_score",111.7
"36029010901","tract",2023,"food_score",84.33
"36029010902","tract",2023,"food_score",96.43
"36029011000","tract",2023,"food_score",90.73
"36029011100","tract",2023,"food_score",107.39
"36029011201","tract",2023,"food_score",116.29
"36029011202","tract",2023,"food_score",111.96
"36029011300","tract",2023,"food_score",107.53
"36029011400","tract",2023,"food_score",93.23
"36029011500","tract",2023,"food_score",97.9
"36029011600","tract",2023,"food_score",106.44
"36029011700","tract",2023,"food_score",105.67
"36029011800","tract",2023,"food_score",95.88
"36029012001","tract",2023,"food_score",100.6
"36029012002","tract",2023,"food_score",117.35
"36029012003","tract",2023,"food_score",114.8
"36029012300","tract",2023,"food_score",79.25
"36029012400","tract",2023,"food_score",54.84
"36029012501","tract",2023,"food_score",104.32
"36029012502","tract",2023,"food_score",111.11
"36029012800","tract",2023,"food_score",96.87
"36029012902","tract",2023,"food_score",103.97
"36029012903","tract",2023,"food_score",98.19
"36029012904","tract",2023,"food_score",101.17
"36029013001","tract",2023,"food_score",96.07
"36029013002","tract",2023,"food_score",103.68
"36029013101","tract",2023,"food_score",101.31
"36029013103","tract",2023,"food_score",120.11
"36029013104","tract",2023,"food_score",118.42
"36029013201","tract",2023,"food_score",111.95
"36029013202","tract",2023,"food_score",106.37
"36029013300","tract",2023,"food_score",119.32
"36029013400","tract",2023,"food_score",111.93
"36029013501","tract",2023,"food_score",123.73
"36029013502","tract",2023,"food_score",126.7
"36029013600","tract",2023,"food_score",116.95
"36029013701","tract",2023,"food_score",111.76
"36029013702","tract",2023,"food_score",114.24
"36029013801","tract",2023,"food_score",115.68
"36029013802","tract",2023,"food_score",117.66
"36029013900","tract",2023,"food_score",111.65
"36029014000","tract",2023,"food_score",121.08
"36029014101","tract",2023,"food_score",124.94
"36029014102","tract",2023,"food_score",121.63
"36029014204","tract",2023,"food_score",108.04
"36029014206","tract",2023,"food_score",127.72
"36029014207","tract",2023,"food_score",112.49
"36029014208","tract",2023,"food_score",111.13
"36029014209","tract",2023,"food_score",111.3
"36029014300","tract",2023,"food_score",118.14
"36029014400","tract",2023,"food_score",86.66
"36029014501","tract",2023,"food_score",109.38
"36029014502","tract",2023,"food_score",75.29
"36029014601","tract",2023,"food_score",112.37
"36029014603","tract",2023,"food_score",108.77
"36029014605","tract",2023,"food_score",115.8
"36029014606","tract",2023,"food_score",122.05
"36029014701","tract",2023,"food_score",123.1
"36029014703","tract",2023,"food_score",121.4
"36029014704","tract",2023,"food_score",111.3
"36029014801","tract",2023,"food_score",95.73
"36029014804","tract",2023,"food_score",104.55
"36029014805","tract",2023,"food_score",111.74
"36029014901","tract",2023,"food_score",106.24
"36029014903","tract",2023,"food_score",115.32
"36029015001","tract",2023,"food_score",114.52
"36029015002","tract",2023,"food_score",101.3
"36029015003","tract",2023,"food_score",107.22
"36029015101","tract",2023,"food_score",115.22
"36029015102","tract",2023,"food_score",112.32
"36029015201","tract",2023,"food_score",119.7
"36029015202","tract",2023,"food_score",115.81
"36029015301","tract",2023,"food_score",106.15
"36029015302","tract",2023,"food_score",99.3
"36029015401","tract",2023,"food_score",109.64
"36029015402","tract",2023,"food_score",109.56
"36029015501","tract",2023,"food_score",86.24
"36029015503","tract",2023,"food_score",109.02
"36029015504","tract",2023,"food_score",89.58
"36029015600","tract",2023,"food_score",88.72
"36029015700","tract",2023,"food_score",105.01
"36029015800","tract",2023,"food_score",109.02
"36029015900","tract",2023,"food_score",91.61
"36029016200","tract",2023,"food_score",79.9
"36029016300","tract",2023,"food_score",42.47
"36029016400","tract",2023,"food_score",53.37
"36029016500","tract",2023,"food_score",100.93
"36029016600","tract",2023,"food_score",45.51
"36029016700","tract",2023,"food_score",39.95
"36029016801","tract",2023,"food_score",69.5
"36029016802","tract",2023,"food_score",68.72
"36029016900","tract",2023,"food_score",105.46
"36029017000","tract",2023,"food_score",71.98
"36029017100","tract",2023,"food_score",51.26
"36029017200","tract",2023,"food_score",84.86
"36029017301","tract",2023,"food_score",100.1
"36029017302","tract",2023,"food_score",110.09
"36029017400","tract",2023,"food_score",39.37
"36029017501","tract",2023,"food_score",89.24
"36029017502","tract",2023,"food_score",116.3
"36029940000","tract",2023,"food_score",81.13
"36029940100","tract",2023,"food_score",NA
"36029980000","tract",2023,"food_score",NA
"36029980300","tract",2023,"food_score",NA
"36029980400","tract",2023,"food_score",NA
"36029980500","tract",2023,"food_score",NA
"36029990000","tract",2023,"food_score",NA
"36031960100","tract",2023,"food_score",98.84
"36031960200","tract",2023,"food_score",99.17
"36031960300","tract",2023,"food_score",112.74
"36031960401","tract",2023,"food_score",109.82
"36031960402","tract",2023,"food_score",114.53
"36031960501","tract",2023,"food_score",121.77
"36031960502","tract",2023,"food_score",NA
"36031960700","tract",2023,"food_score",112.53
"36031960800","tract",2023,"food_score",114.82
"36031960901","tract",2023,"food_score",112.46
"36031960902","tract",2023,"food_score",111.37
"36031961001","tract",2023,"food_score",88.33
"36031961002","tract",2023,"food_score",94.36
"36031961100","tract",2023,"food_score",107.6
"36031961201","tract",2023,"food_score",117.28
"36031961202","tract",2023,"food_score",101.49
"36031961300","tract",2023,"food_score",96.71
"36031961400","tract",2023,"food_score",106.65
"36033940000","tract",2023,"food_score",97.88
"36033950200","tract",2023,"food_score",91.72
"36033950301","tract",2023,"food_score",96.08
"36033950501","tract",2023,"food_score",83.05
"36033950502","tract",2023,"food_score",NA
"36033950601","tract",2023,"food_score",92.81
"36033950701","tract",2023,"food_score",106.86
"36033950800","tract",2023,"food_score",123.3
"36033950900","tract",2023,"food_score",96.66
"36033951000","tract",2023,"food_score",104.71
"36033951100","tract",2023,"food_score",91.47
"36033951200","tract",2023,"food_score",101.5
"36033951300","tract",2023,"food_score",103.52
"36033951400","tract",2023,"food_score",106.63
"36033952000","tract",2023,"food_score",99.56
"36035970100","tract",2023,"food_score",108.73
"36035970200","tract",2023,"food_score",98.88
"36035970300","tract",2023,"food_score",96.48
"36035970400","tract",2023,"food_score",108.88
"36035970500","tract",2023,"food_score",103.56
"36035970601","tract",2023,"food_score",108.67
"36035970602","tract",2023,"food_score",118.21
"36035970700","tract",2023,"food_score",82.09
"36035970800","tract",2023,"food_score",74.29
"36035970900","tract",2023,"food_score",55.72
"36035971000","tract",2023,"food_score",102.02
"36035971100","tract",2023,"food_score",77.27
"36035971200","tract",2023,"food_score",91.08
"36035971300","tract",2023,"food_score",113.96
"36035971400","tract",2023,"food_score",105.48
"36035971501","tract",2023,"food_score",116.73
"36035971502","tract",2023,"food_score",89.88
"36037940100","tract",2023,"food_score",91.33
"36037950100","tract",2023,"food_score",117.34
"36037950200","tract",2023,"food_score",109.28
"36037950301","tract",2023,"food_score",101.97
"36037950302","tract",2023,"food_score",113.67
"36037950401","tract",2023,"food_score",104.1
"36037950402","tract",2023,"food_score",106.66
"36037950501","tract",2023,"food_score",110.82
"36037950502","tract",2023,"food_score",104.09
"36037950600","tract",2023,"food_score",76.1
"36037950700","tract",2023,"food_score",85.8
"36037950800","tract",2023,"food_score",89.51
"36037950900","tract",2023,"food_score",114.49
"36037951000","tract",2023,"food_score",79.84
"36037951100","tract",2023,"food_score",123.55
"36037951200","tract",2023,"food_score",98.18
"36037951300","tract",2023,"food_score",113.67
"36037951400","tract",2023,"food_score",109.95
"36039080100","tract",2023,"food_score",106.81
"36039080201","tract",2023,"food_score",116.9
"36039080202","tract",2023,"food_score",114.82
"36039080301","tract",2023,"food_score",116.69
"36039080302","tract",2023,"food_score",95.62
"36039080402","tract",2023,"food_score",102.68
"36039080403","tract",2023,"food_score",116.14
"36039080404","tract",2023,"food_score",104.34
"36039080501","tract",2023,"food_score",113.7
"36039080502","tract",2023,"food_score",97.35
"36039080600","tract",2023,"food_score",118.71
"36039080700","tract",2023,"food_score",101.82
"36039080800","tract",2023,"food_score",NA
"36039080900","tract",2023,"food_score",112.49
"36039081001","tract",2023,"food_score",100.73
"36039081002","tract",2023,"food_score",87.03
"36039081101","tract",2023,"food_score",113.36
"36039081102","tract",2023,"food_score",93.81
"36041950100","tract",2023,"food_score",105.26
"36041950300","tract",2023,"food_score",110.93
"36041950400","tract",2023,"food_score",111.33
"36041950500","tract",2023,"food_score",114.28
"36043010100","tract",2023,"food_score",102.48
"36043010201","tract",2023,"food_score",100.25
"36043010202","tract",2023,"food_score",107.96
"36043010300","tract",2023,"food_score",110.42
"36043010400","tract",2023,"food_score",80.78
"36043010501","tract",2023,"food_score",99.02
"36043010502","tract",2023,"food_score",112.19
"36043010701","tract",2023,"food_score",92.19
"36043010702","tract",2023,"food_score",96.34
"36043010900","tract",2023,"food_score",107.97
"36043011001","tract",2023,"food_score",106.65
"36043011002","tract",2023,"food_score",102.52
"36043011100","tract",2023,"food_score",69.94
"36043011200","tract",2023,"food_score",105.47
"36043011301","tract",2023,"food_score",89.72
"36043011302","tract",2023,"food_score",103.81
"36043011400","tract",2023,"food_score",109.46
"36043011502","tract",2023,"food_score",109.46
"36043011503","tract",2023,"food_score",111.78
"36043011504","tract",2023,"food_score",106.13
"36045060101","tract",2023,"food_score",97.67
"36045060102","tract",2023,"food_score",78.57
"36045060201","tract",2023,"food_score",108.13
"36045060202","tract",2023,"food_score",93.06
"36045060203","tract",2023,"food_score",103.77
"36045060301","tract",2023,"food_score",110.59
"36045060302","tract",2023,"food_score",104.92
"36045060401","tract",2023,"food_score",103.96
"36045060402","tract",2023,"food_score",113.51
"36045060500","tract",2023,"food_score",91.4
"36045060601","tract",2023,"food_score",97.11
"36045060602","tract",2023,"food_score",103.93
"36045060700","tract",2023,"food_score",91.11
"36045060803","tract",2023,"food_score",124.15
"36045060805","tract",2023,"food_score",114.57
"36045060806","tract",2023,"food_score",110.64
"36045060901","tract",2023,"food_score",97.35
"36045060902","tract",2023,"food_score",88.4
"36045061000","tract",2023,"food_score",87.56
"36045061101","tract",2023,"food_score",87.15
"36045061102","tract",2023,"food_score",115.18
"36045061200","tract",2023,"food_score",72.03
"36045061300","tract",2023,"food_score",57.45
"36045061400","tract",2023,"food_score",62.34
"36045061500","tract",2023,"food_score",75.99
"36045061600","tract",2023,"food_score",101.73
"36045061700","tract",2023,"food_score",83.18
"36045061801","tract",2023,"food_score",95.57
"36045061802","tract",2023,"food_score",97.52
"36045061900","tract",2023,"food_score",106.38
"36045062100","tract",2023,"food_score",66.13
"36045062200","tract",2023,"food_score",94.73
"36045062400","tract",2023,"food_score",108.6
"36045062500","tract",2023,"food_score",111.23
"36045980000","tract",2023,"food_score",NA
"36045990001","tract",2023,"food_score",NA
"36047000100","tract",2023,"food_score",113.84
"36047000200","tract",2023,"food_score",69.34
"36047000301","tract",2023,"food_score",115.87
"36047000501","tract",2023,"food_score",108.84
"36047000502","tract",2023,"food_score",110.63
"36047000700","tract",2023,"food_score",113.99
"36047000900","tract",2023,"food_score",107.08
"36047001100","tract",2023,"food_score",104.63
"36047001300","tract",2023,"food_score",108.36
"36047001501","tract",2023,"food_score",76.5
"36047001502","tract",2023,"food_score",110.2
"36047001801","tract",2023,"food_score",NA
"36047001802","tract",2023,"food_score",NA
"36047001803","tract",2023,"food_score",NA
"36047001804","tract",2023,"food_score",NA
"36047002000","tract",2023,"food_score",78.38
"36047002100","tract",2023,"food_score",114.55
"36047002200","tract",2023,"food_score",72.18
"36047002300","tract",2023,"food_score",18.3
"36047002901","tract",2023,"food_score",33.52
"36047003000","tract",2023,"food_score",111.54
"36047003101","tract",2023,"food_score",107.97
"36047003102","tract",2023,"food_score",NA
"36047003300","tract",2023,"food_score",96.69
"36047003400","tract",2023,"food_score",97.5
"36047003500","tract",2023,"food_score",102.33
"36047003600","tract",2023,"food_score",96.5
"36047003700","tract",2023,"food_score",94.11
"36047003800","tract",2023,"food_score",97.23
"36047003900","tract",2023,"food_score",93.58
"36047004100","tract",2023,"food_score",106.05
"36047004300","tract",2023,"food_score",108.61
"36047004400","tract",2023,"food_score",112.85
"36047004500","tract",2023,"food_score",115.87
"36047004600","tract",2023,"food_score",112.05
"36047004700","tract",2023,"food_score",104.54
"36047004900","tract",2023,"food_score",112.95
"36047005000","tract",2023,"food_score",104.24
"36047005100","tract",2023,"food_score",109.99
"36047005201","tract",2023,"food_score",93.7
"36047005202","tract",2023,"food_score",110.62
"36047005301","tract",2023,"food_score",99.07
"36047005302","tract",2023,"food_score",111.84
"36047005303","tract",2023,"food_score",NA
"36047005400","tract",2023,"food_score",96.55
"36047005601","tract",2023,"food_score",107.42
"36047005602","tract",2023,"food_score",107.05
"36047005800","tract",2023,"food_score",97.37
"36047005900","tract",2023,"food_score",88.37
"36047006000","tract",2023,"food_score",92.69
"36047006200","tract",2023,"food_score",107.28
"36047006300","tract",2023,"food_score",115.17
"36047006400","tract",2023,"food_score",101.58
"36047006500","tract",2023,"food_score",112.29
"36047006600","tract",2023,"food_score",84.04
"36047006700","tract",2023,"food_score",115.65
"36047006800","tract",2023,"food_score",85.52
"36047006901","tract",2023,"food_score",109.46
"36047006902","tract",2023,"food_score",112.52
"36047007000","tract",2023,"food_score",98.44
"36047007100","tract",2023,"food_score",93.21
"36047007200","tract",2023,"food_score",62.76
"36047007400","tract",2023,"food_score",71.27
"36047007500","tract",2023,"food_score",113.17
"36047007600","tract",2023,"food_score",55.79
"36047007700","tract",2023,"food_score",108.25
"36047007800","tract",2023,"food_score",73.91
"36047008000","tract",2023,"food_score",84.86
"36047008200","tract",2023,"food_score",66.37
"36047008400","tract",2023,"food_score",90.65
"36047008500","tract",2023,"food_score",22.18
"36047008600","tract",2023,"food_score",NA
"36047008800","tract",2023,"food_score",72.39
"36047009001","tract",2023,"food_score",63.94
"36047009002","tract",2023,"food_score",47.74
"36047009201","tract",2023,"food_score",93.86
"36047009202","tract",2023,"food_score",60.92
"36047009401","tract",2023,"food_score",95.56
"36047009402","tract",2023,"food_score",61.62
"36047009600","tract",2023,"food_score",63.28
"36047009800","tract",2023,"food_score",71.21
"36047010000","tract",2023,"food_score",60.58
"36047010100","tract",2023,"food_score",99.66
"36047010200","tract",2023,"food_score",69
"36047010401","tract",2023,"food_score",87.95
"36047010402","tract",2023,"food_score",80.07
"36047010601","tract",2023,"food_score",71.16
"36047010602","tract",2023,"food_score",83.74
"36047010801","tract",2023,"food_score",85.86
"36047010802","tract",2023,"food_score",91.72
"36047011000","tract",2023,"food_score",78.47
"36047011200","tract",2023,"food_score",66.05
"36047011400","tract",2023,"food_score",63.42
"36047011600","tract",2023,"food_score",60.16
"36047011700","tract",2023,"food_score",93.7
"36047011800","tract",2023,"food_score",89.82
"36047011901","tract",2023,"food_score",106.69
"36047011902","tract",2023,"food_score",NA
"36047012000","tract",2023,"food_score",77.88
"36047012100","tract",2023,"food_score",112.05
"36047012200","tract",2023,"food_score",76.6
"36047012600","tract",2023,"food_score",70.31
"36047012700","tract",2023,"food_score",89.96
"36047012801","tract",2023,"food_score",94.04
"36047012901","tract",2023,"food_score",112.27
"36047012902","tract",2023,"food_score",103.72
"36047013000","tract",2023,"food_score",84.5
"36047013100","tract",2023,"food_score",89.51
"36047013200","tract",2023,"food_score",78.35
"36047013300","tract",2023,"food_score",114.53
"36047013400","tract",2023,"food_score",93.58
"36047013500","tract",2023,"food_score",105.46
"36047013600","tract",2023,"food_score",87.53
"36047013700","tract",2023,"food_score",108.37
"36047013800","tract",2023,"food_score",102.11
"36047013900","tract",2023,"food_score",105.46
"36047014000","tract",2023,"food_score",90.78
"36047014101","tract",2023,"food_score",102.93
"36047014102","tract",2023,"food_score",103.54
"36047014200","tract",2023,"food_score",80.3
"36047014300","tract",2023,"food_score",82.88
"36047014500","tract",2023,"food_score",100.62
"36047014700","tract",2023,"food_score",108.19
"36047014800","tract",2023,"food_score",99.9
"36047014901","tract",2023,"food_score",115.47
"36047014902","tract",2023,"food_score",110.24
"36047015000","tract",2023,"food_score",106.09
"36047015100","tract",2023,"food_score",106.84
"36047015200","tract",2023,"food_score",99.52
"36047015300","tract",2023,"food_score",113.44
"36047015400","tract",2023,"food_score",NA
"36047015500","tract",2023,"food_score",109.57
"36047015700","tract",2023,"food_score",107.02
"36047015900","tract",2023,"food_score",114.45
"36047016000","tract",2023,"food_score",79.12
"36047016100","tract",2023,"food_score",98.21
"36047016200","tract",2023,"food_score",111.19
"36047016300","tract",2023,"food_score",104.56
"36047016400","tract",2023,"food_score",119.36
"36047016500","tract",2023,"food_score",112.37
"36047016600","tract",2023,"food_score",105.35
"36047016700","tract",2023,"food_score",114.46
"36047016800","tract",2023,"food_score",107.32
"36047016900","tract",2023,"food_score",116.19
"36047017000","tract",2023,"food_score",75.21
"36047017100","tract",2023,"food_score",104.17
"36047017200","tract",2023,"food_score",101.23
"36047017400","tract",2023,"food_score",92.18
"36047017500","tract",2023,"food_score",NA
"36047017600","tract",2023,"food_score",94.18
"36047017700","tract",2023,"food_score",NA
"36047017800","tract",2023,"food_score",93.49
"36047017900","tract",2023,"food_score",79.94
"36047018000","tract",2023,"food_score",88.48
"36047018100","tract",2023,"food_score",109.98
"36047018200","tract",2023,"food_score",84.53
"36047018300","tract",2023,"food_score",113.83
"36047018400","tract",2023,"food_score",97.54
"36047018501","tract",2023,"food_score",50.85
"36047018600","tract",2023,"food_score",87.15
"36047018700","tract",2023,"food_score",101.68
"36047018800","tract",2023,"food_score",93.56
"36047019000","tract",2023,"food_score",81.46
"36047019100","tract",2023,"food_score",91.15
"36047019200","tract",2023,"food_score",68.11
"36047019300","tract",2023,"food_score",NA
"36047019400","tract",2023,"food_score",95.38
"36047019500","tract",2023,"food_score",92.01
"36047019600","tract",2023,"food_score",67.22
"36047019700","tract",2023,"food_score",106.35
"36047019800","tract",2023,"food_score",116.24
"36047019900","tract",2023,"food_score",101.79
"36047020000","tract",2023,"food_score",102.26
"36047020100","tract",2023,"food_score",109.07
"36047020200","tract",2023,"food_score",100.64
"36047020300","tract",2023,"food_score",107.9
"36047020400","tract",2023,"food_score",106.71
"36047020500","tract",2023,"food_score",106.31
"36047020600","tract",2023,"food_score",92.23
"36047020700","tract",2023,"food_score",102.78
"36047020800","tract",2023,"food_score",95.93
"36047021000","tract",2023,"food_score",83.19
"36047021100","tract",2023,"food_score",81.44
"36047021200","tract",2023,"food_score",77.18
"36047021300","tract",2023,"food_score",95.19
"36047021400","tract",2023,"food_score",62.04
"36047021500","tract",2023,"food_score",90.97
"36047021600","tract",2023,"food_score",54.37
"36047021700","tract",2023,"food_score",89.26
"36047021800","tract",2023,"food_score",53.28
"36047021900","tract",2023,"food_score",99.85
"36047022000","tract",2023,"food_score",58.07
"36047022100","tract",2023,"food_score",94.52
"36047022200","tract",2023,"food_score",42.66
"36047022400","tract",2023,"food_score",74.9
"36047022600","tract",2023,"food_score",61.57
"36047022700","tract",2023,"food_score",80.31
"36047022800","tract",2023,"food_score",73.86
"36047022900","tract",2023,"food_score",100.41
"36047023000","tract",2023,"food_score",65.92
"36047023100","tract",2023,"food_score",98.7
"36047023200","tract",2023,"food_score",65.15
"36047023300","tract",2023,"food_score",59.64
"36047023400","tract",2023,"food_score",52.6
"36047023500","tract",2023,"food_score",52.18
"36047023600","tract",2023,"food_score",35.62
"36047023800","tract",2023,"food_score",57.66
"36047024000","tract",2023,"food_score",63.22
"36047024100","tract",2023,"food_score",73.83
"36047024200","tract",2023,"food_score",75.68
"36047024300","tract",2023,"food_score",75.82
"36047024400","tract",2023,"food_score",81.64
"36047024500","tract",2023,"food_score",93.79
"36047024600","tract",2023,"food_score",78.89
"36047024700","tract",2023,"food_score",70.28
"36047024800","tract",2023,"food_score",88.41
"36047024900","tract",2023,"food_score",88.52
"36047025000","tract",2023,"food_score",61.12
"36047025100","tract",2023,"food_score",68.43
"36047025200","tract",2023,"food_score",87.15
"36047025300","tract",2023,"food_score",59.94
"36047025400","tract",2023,"food_score",72.72
"36047025500","tract",2023,"food_score",25.13
"36047025600","tract",2023,"food_score",106.1
"36047025700","tract",2023,"food_score",92.25
"36047025800","tract",2023,"food_score",70.45
"36047025901","tract",2023,"food_score",53.01
"36047025902","tract",2023,"food_score",19.81
"36047026000","tract",2023,"food_score",69.98
"36047026100","tract",2023,"food_score",78.72
"36047026200","tract",2023,"food_score",74.91
"36047026300","tract",2023,"food_score",89.57
"36047026400","tract",2023,"food_score",77.78
"36047026500","tract",2023,"food_score",80.28
"36047026600","tract",2023,"food_score",82.43
"36047026700","tract",2023,"food_score",91.54
"36047026800","tract",2023,"food_score",90.99
"36047026900","tract",2023,"food_score",90.09
"36047027000","tract",2023,"food_score",61.6
"36047027100","tract",2023,"food_score",86.99
"36047027200","tract",2023,"food_score",56.82
"36047027300","tract",2023,"food_score",81.89
"36047027400","tract",2023,"food_score",92.74
"36047027500","tract",2023,"food_score",79.22
"36047027600","tract",2023,"food_score",57.6
"36047027700","tract",2023,"food_score",42.56
"36047027800","tract",2023,"food_score",71.25
"36047027900","tract",2023,"food_score",86.89
"36047028000","tract",2023,"food_score",78.33
"36047028100","tract",2023,"food_score",53.92
"36047028200","tract",2023,"food_score",93.54
"36047028300","tract",2023,"food_score",57.85
"36047028400","tract",2023,"food_score",86.25
"36047028501","tract",2023,"food_score",77.69
"36047028502","tract",2023,"food_score",27.69
"36047028600","tract",2023,"food_score",69.92
"36047028700","tract",2023,"food_score",82.96
"36047028800","tract",2023,"food_score",68.15
"36047028900","tract",2023,"food_score",72.59
"36047029000","tract",2023,"food_score",69.73
"36047029100","tract",2023,"food_score",58.49
"36047029200","tract",2023,"food_score",85.34
"36047029300","tract",2023,"food_score",65.99
"36047029400","tract",2023,"food_score",81.97
"36047029500","tract",2023,"food_score",101.34
"36047029600","tract",2023,"food_score",65.71
"36047029700","tract",2023,"food_score",80.68
"36047029800","tract",2023,"food_score",67.28
"36047029900","tract",2023,"food_score",80.88
"36047030000","tract",2023,"food_score",73.32
"36047030100","tract",2023,"food_score",77.92
"36047030200","tract",2023,"food_score",80.7
"36047030300","tract",2023,"food_score",55.97
"36047030400","tract",2023,"food_score",76.01
"36047030500","tract",2023,"food_score",96.79
"36047030600","tract",2023,"food_score",80.41
"36047030700","tract",2023,"food_score",54.87
"36047030800","tract",2023,"food_score",55.62
"36047030900","tract",2023,"food_score",59.45
"36047031100","tract",2023,"food_score",70.53
"36047031300","tract",2023,"food_score",81.86
"36047031401","tract",2023,"food_score",72.46
"36047031402","tract",2023,"food_score",NA
"36047031500","tract",2023,"food_score",95.47
"36047031701","tract",2023,"food_score",92.56
"36047031702","tract",2023,"food_score",105.17
"36047031900","tract",2023,"food_score",96.64
"36047032100","tract",2023,"food_score",69.49
"36047032300","tract",2023,"food_score",92.53
"36047032500","tract",2023,"food_score",87.83
"36047032600","tract",2023,"food_score",38.13
"36047032700","tract",2023,"food_score",82.18
"36047032800","tract",2023,"food_score",55.33
"36047032900","tract",2023,"food_score",78.94
"36047033000","tract",2023,"food_score",30.13
"36047033100","tract",2023,"food_score",64.04
"36047033300","tract",2023,"food_score",72.35
"36047033500","tract",2023,"food_score",77.33
"36047033600","tract",2023,"food_score",109.55
"36047033701","tract",2023,"food_score",89.89
"36047033702","tract",2023,"food_score",40.68
"36047033900","tract",2023,"food_score",74.63
"36047034000","tract",2023,"food_score",71.18
"36047034100","tract",2023,"food_score",87.9
"36047034200","tract",2023,"food_score",17.43
"36047034300","tract",2023,"food_score",50.3
"36047034500","tract",2023,"food_score",79.08
"36047034700","tract",2023,"food_score",56.39
"36047034800","tract",2023,"food_score",79.88
"36047034901","tract",2023,"food_score",70.36
"36047034902","tract",2023,"food_score",74.29
"36047035000","tract",2023,"food_score",50.27
"36047035101","tract",2023,"food_score",67.87
"36047035102","tract",2023,"food_score",41.91
"36047035200","tract",2023,"food_score",NA
"36047035301","tract",2023,"food_score",68.01
"36047035302","tract",2023,"food_score",66.94
"36047035400","tract",2023,"food_score",77.43
"36047035500","tract",2023,"food_score",79.09
"36047035601","tract",2023,"food_score",61.13
"36047035602","tract",2023,"food_score",89.74
"36047035701","tract",2023,"food_score",51.04
"36047035702","tract",2023,"food_score",NA
"36047035900","tract",2023,"food_score",62.62
"36047036001","tract",2023,"food_score",71.7
"36047036002","tract",2023,"food_score",50.77
"36047036100","tract",2023,"food_score",61.82
"36047036200","tract",2023,"food_score",95.28
"36047036300","tract",2023,"food_score",71.64
"36047036400","tract",2023,"food_score",92.61
"36047036501","tract",2023,"food_score",80.23
"36047036502","tract",2023,"food_score",59.62
"36047036600","tract",2023,"food_score",75.52
"36047036700","tract",2023,"food_score",47.79
"36047036900","tract",2023,"food_score",75.44
"36047037000","tract",2023,"food_score",94.63
"36047037100","tract",2023,"food_score",71.03
"36047037300","tract",2023,"food_score",78.77
"36047037401","tract",2023,"food_score",76.51
"36047037402","tract",2023,"food_score",71.7
"36047037500","tract",2023,"food_score",87.55
"36047037700","tract",2023,"food_score",90.45
"36047037900","tract",2023,"food_score",88.7
"36047038100","tract",2023,"food_score",74.77
"36047038200","tract",2023,"food_score",14.29
"36047038300","tract",2023,"food_score",64.86
"36047038500","tract",2023,"food_score",86.06
"36047038600","tract",2023,"food_score",91.29
"36047038700","tract",2023,"food_score",86.69
"36047038800","tract",2023,"food_score",92.26
"36047038900","tract",2023,"food_score",84.62
"36047039000","tract",2023,"food_score",93.89
"36047039100","tract",2023,"food_score",80.85
"36047039200","tract",2023,"food_score",71.11
"36047039300","tract",2023,"food_score",69.25
"36047039400","tract",2023,"food_score",73.94
"36047039500","tract",2023,"food_score",80.67
"36047039600","tract",2023,"food_score",93.5
"36047039700","tract",2023,"food_score",103.47
"36047039800","tract",2023,"food_score",90.17
"36047039900","tract",2023,"food_score",70.37
"36047040000","tract",2023,"food_score",78.59
"36047040100","tract",2023,"food_score",68.07
"36047040200","tract",2023,"food_score",78.81
"36047040300","tract",2023,"food_score",77.74
"36047040400","tract",2023,"food_score",72.99
"36047040500","tract",2023,"food_score",91.56
"36047040600","tract",2023,"food_score",73.82
"36047040700","tract",2023,"food_score",NA
"36047040800","tract",2023,"food_score",96.54
"36047040900","tract",2023,"food_score",65.37
"36047041000","tract",2023,"food_score",86.76
"36047041100","tract",2023,"food_score",90.41
"36047041200","tract",2023,"food_score",83.15
"36047041300","tract",2023,"food_score",62.4
"36047041401","tract",2023,"food_score",102.95
"36047041402","tract",2023,"food_score",62.2
"36047041500","tract",2023,"food_score",89.16
"36047041600","tract",2023,"food_score",77.46
"36047041700","tract",2023,"food_score",36.61
"36047041800","tract",2023,"food_score",83.82
"36047041900","tract",2023,"food_score",54.95
"36047042000","tract",2023,"food_score",63.76
"36047042100","tract",2023,"food_score",77.59
"36047042200","tract",2023,"food_score",105.2
"36047042300","tract",2023,"food_score",86.46
"36047042400","tract",2023,"food_score",62.98
"36047042500","tract",2023,"food_score",63.2
"36047042600","tract",2023,"food_score",87.68
"36047042700","tract",2023,"food_score",72.46
"36047042800","tract",2023,"food_score",73.87
"36047042900","tract",2023,"food_score",59.28
"36047043000","tract",2023,"food_score",92.92
"36047043100","tract",2023,"food_score",60.4
"36047043200","tract",2023,"food_score",98.26
"36047043300","tract",2023,"food_score",45.38
"36047043400","tract",2023,"food_score",76.55
"36047043500","tract",2023,"food_score",66.55
"36047043600","tract",2023,"food_score",69.09
"36047043700","tract",2023,"food_score",60.8
"36047043800","tract",2023,"food_score",91.51
"36047043900","tract",2023,"food_score",69.59
"36047044000","tract",2023,"food_score",86.41
"36047044100","tract",2023,"food_score",49.61
"36047044200","tract",2023,"food_score",108.81
"36047044300","tract",2023,"food_score",99.7
"36047044400","tract",2023,"food_score",77.73
"36047044500","tract",2023,"food_score",70.93
"36047044600","tract",2023,"food_score",81.82
"36047044700","tract",2023,"food_score",84.01
"36047044800","tract",2023,"food_score",89.91
"36047044901","tract",2023,"food_score",74.1
"36047044902","tract",2023,"food_score",NA
"36047045000","tract",2023,"food_score",71.46
"36047045200","tract",2023,"food_score",100.28
"36047045300","tract",2023,"food_score",64.9
"36047045400","tract",2023,"food_score",74.31
"36047045600","tract",2023,"food_score",52.83
"36047045800","tract",2023,"food_score",104.79
"36047046000","tract",2023,"food_score",90.32
"36047046201","tract",2023,"food_score",62.31
"36047046202","tract",2023,"food_score",79.58
"36047046400","tract",2023,"food_score",85.81
"36047046800","tract",2023,"food_score",68.97
"36047047000","tract",2023,"food_score",92.92
"36047047200","tract",2023,"food_score",72.01
"36047047400","tract",2023,"food_score",76.74
"36047047600","tract",2023,"food_score",78.18
"36047047700","tract",2023,"food_score",108.24
"36047047800","tract",2023,"food_score",82.19
"36047048000","tract",2023,"food_score",65.65
"36047048100","tract",2023,"food_score",105.86
"36047048200","tract",2023,"food_score",89.43
"36047048400","tract",2023,"food_score",81.61
"36047048500","tract",2023,"food_score",66.95
"36047048600","tract",2023,"food_score",51.77
"36047048800","tract",2023,"food_score",85.05
"36047048900","tract",2023,"food_score",21.5
"36047049000","tract",2023,"food_score",61.85
"36047049100","tract",2023,"food_score",61
"36047049200","tract",2023,"food_score",103.29
"36047049301","tract",2023,"food_score",24.27
"36047049302","tract",2023,"food_score",78.56
"36047049400","tract",2023,"food_score",86.36
"36047049500","tract",2023,"food_score",61.71
"36047049600","tract",2023,"food_score",91.17
"36047049700","tract",2023,"food_score",111.62
"36047049800","tract",2023,"food_score",90.07
"36047049900","tract",2023,"food_score",114.08
"36047050001","tract",2023,"food_score",112.3
"36047050002","tract",2023,"food_score",113.54
"36047050100","tract",2023,"food_score",95.1
"36047050202","tract",2023,"food_score",103.16
"36047050300","tract",2023,"food_score",87.14
"36047050401","tract",2023,"food_score",105.44
"36047050402","tract",2023,"food_score",91.87
"36047050500","tract",2023,"food_score",58.52
"36047050600","tract",2023,"food_score",72.8
"36047050700","tract",2023,"food_score",90.64
"36047050801","tract",2023,"food_score",44.2
"36047050803","tract",2023,"food_score",66.6
"36047050804","tract",2023,"food_score",77.38
"36047050900","tract",2023,"food_score",60.09
"36047051001","tract",2023,"food_score",64.73
"36047051002","tract",2023,"food_score",61.32
"36047051100","tract",2023,"food_score",64.34
"36047051200","tract",2023,"food_score",75.35
"36047051300","tract",2023,"food_score",64.41
"36047051400","tract",2023,"food_score",83.55
"36047051500","tract",2023,"food_score",114.82
"36047051601","tract",2023,"food_score",60.74
"36047051602","tract",2023,"food_score",98.63
"36047051700","tract",2023,"food_score",110.93
"36047051800","tract",2023,"food_score",86.37
"36047051900","tract",2023,"food_score",111.11
"36047052000","tract",2023,"food_score",87.84
"36047052300","tract",2023,"food_score",46.34
"36047052500","tract",2023,"food_score",39.53
"36047052600","tract",2023,"food_score",99.31
"36047052700","tract",2023,"food_score",66.8
"36047052800","tract",2023,"food_score",104.63
"36047052900","tract",2023,"food_score",44.03
"36047053000","tract",2023,"food_score",89.34
"36047053101","tract",2023,"food_score",26.21
"36047053102","tract",2023,"food_score",41.76
"36047053200","tract",2023,"food_score",95.9
"36047053300","tract",2023,"food_score",52.1
"36047053400","tract",2023,"food_score",81.63
"36047053500","tract",2023,"food_score",47.49
"36047053700","tract",2023,"food_score",67.05
"36047053800","tract",2023,"food_score",72.4
"36047053900","tract",2023,"food_score",57.33
"36047054200","tract",2023,"food_score",79.21
"36047054300","tract",2023,"food_score",NA
"36047054400","tract",2023,"food_score",82.09
"36047054500","tract",2023,"food_score",16.36
"36047054600","tract",2023,"food_score",75.03
"36047054700","tract",2023,"food_score",55.09
"36047054800","tract",2023,"food_score",93.78
"36047054900","tract",2023,"food_score",68.74
"36047055000","tract",2023,"food_score",93.25
"36047055100","tract",2023,"food_score",95.11
"36047055200","tract",2023,"food_score",76.47
"36047055300","tract",2023,"food_score",98.03
"36047055400","tract",2023,"food_score",68.58
"36047055500","tract",2023,"food_score",110.78
"36047055600","tract",2023,"food_score",89.14
"36047055700","tract",2023,"food_score",113.16
"36047055800","tract",2023,"food_score",74.52
"36047056000","tract",2023,"food_score",78.43
"36047056100","tract",2023,"food_score",98.59
"36047056200","tract",2023,"food_score",101
"36047056301","tract",2023,"food_score",108.06
"36047056302","tract",2023,"food_score",89.78
"36047056400","tract",2023,"food_score",102.12
"36047056500","tract",2023,"food_score",101.9
"36047056600","tract",2023,"food_score",88.5
"36047056800","tract",2023,"food_score",105.92
"36047056900","tract",2023,"food_score",106.81
"36047057000","tract",2023,"food_score",93.74
"36047057100","tract",2023,"food_score",105.09
"36047057200","tract",2023,"food_score",56.05
"36047057300","tract",2023,"food_score",85.56
"36047057400","tract",2023,"food_score",96.34
"36047057500","tract",2023,"food_score",97.09
"36047057600","tract",2023,"food_score",64.27
"36047057800","tract",2023,"food_score",70.36
"36047057901","tract",2023,"food_score",105.77
"36047057902","tract",2023,"food_score",NA
"36047058000","tract",2023,"food_score",81.23
"36047058200","tract",2023,"food_score",79.74
"36047058400","tract",2023,"food_score",105.67
"36047058600","tract",2023,"food_score",89.21
"36047058800","tract",2023,"food_score",94.05
"36047058901","tract",2023,"food_score",108.94
"36047058902","tract",2023,"food_score",NA
"36047059000","tract",2023,"food_score",71.88
"36047059100","tract",2023,"food_score",104.38
"36047059200","tract",2023,"food_score",83.04
"36047059300","tract",2023,"food_score",91.28
"36047059402","tract",2023,"food_score",105.1
"36047059403","tract",2023,"food_score",85.91
"36047059404","tract",2023,"food_score",75.11
"36047059600","tract",2023,"food_score",96.85
"36047059800","tract",2023,"food_score",87.19
"36047060000","tract",2023,"food_score",98.29
"36047060600","tract",2023,"food_score",87.3
"36047060800","tract",2023,"food_score",97.7
"36047061002","tract",2023,"food_score",88.8
"36047061003","tract",2023,"food_score",47.67
"36047061004","tract",2023,"food_score",74.44
"36047061200","tract",2023,"food_score",110.59
"36047061600","tract",2023,"food_score",118.43
"36047062000","tract",2023,"food_score",99.08
"36047062200","tract",2023,"food_score",76.81
"36047062600","tract",2023,"food_score",96.85
"36047062800","tract",2023,"food_score",111.14
"36047063200","tract",2023,"food_score",91.96
"36047063600","tract",2023,"food_score",110.78
"36047063800","tract",2023,"food_score",114.07
"36047064000","tract",2023,"food_score",113.64
"36047064200","tract",2023,"food_score",98.82
"36047064400","tract",2023,"food_score",81.04
"36047064600","tract",2023,"food_score",116.76
"36047064800","tract",2023,"food_score",109.36
"36047065000","tract",2023,"food_score",81.14
"36047065200","tract",2023,"food_score",109.42
"36047065400","tract",2023,"food_score",105.04
"36047065600","tract",2023,"food_score",98.42
"36047065800","tract",2023,"food_score",100.34
"36047066000","tract",2023,"food_score",102.06
"36047066200","tract",2023,"food_score",97.65
"36047066600","tract",2023,"food_score",NA
"36047067000","tract",2023,"food_score",83.83
"36047067200","tract",2023,"food_score",61.34
"36047067400","tract",2023,"food_score",107.82
"36047067600","tract",2023,"food_score",100.37
"36047067800","tract",2023,"food_score",101.08
"36047068000","tract",2023,"food_score",98.89
"36047068200","tract",2023,"food_score",109.24
"36047068600","tract",2023,"food_score",86.06
"36047068800","tract",2023,"food_score",92.75
"36047069000","tract",2023,"food_score",73
"36047069200","tract",2023,"food_score",100.96
"36047069601","tract",2023,"food_score",103.59
"36047069602","tract",2023,"food_score",113.98
"36047069800","tract",2023,"food_score",115.33
"36047070000","tract",2023,"food_score",113.04
"36047070201","tract",2023,"food_score",108.99
"36047070202","tract",2023,"food_score",NA
"36047070203","tract",2023,"food_score",NA
"36047070601","tract",2023,"food_score",111.02
"36047070602","tract",2023,"food_score",NA
"36047072000","tract",2023,"food_score",92.75
"36047072200","tract",2023,"food_score",102.72
"36047072400","tract",2023,"food_score",79.72
"36047072600","tract",2023,"food_score",83.62
"36047072800","tract",2023,"food_score",103.09
"36047073000","tract",2023,"food_score",91.03
"36047073200","tract",2023,"food_score",85.81
"36047073400","tract",2023,"food_score",107.04
"36047073600","tract",2023,"food_score",74.47
"36047073800","tract",2023,"food_score",88.66
"36047074000","tract",2023,"food_score",103.85
"36047074200","tract",2023,"food_score",96.8
"36047074400","tract",2023,"food_score",94.98
"36047074600","tract",2023,"food_score",92.61
"36047074800","tract",2023,"food_score",89.26
"36047075000","tract",2023,"food_score",94.94
"36047075200","tract",2023,"food_score",107.06
"36047075400","tract",2023,"food_score",115.83
"36047075600","tract",2023,"food_score",105.71
"36047075800","tract",2023,"food_score",69.3
"36047076000","tract",2023,"food_score",81.87
"36047076200","tract",2023,"food_score",91.35
"36047076400","tract",2023,"food_score",74.39
"36047076600","tract",2023,"food_score",89.47
"36047076800","tract",2023,"food_score",90.43
"36047077000","tract",2023,"food_score",89.55
"36047077200","tract",2023,"food_score",74.76
"36047077400","tract",2023,"food_score",102.99
"36047077600","tract",2023,"food_score",97.87
"36047078000","tract",2023,"food_score",90.5
"36047078200","tract",2023,"food_score",66.92
"36047078400","tract",2023,"food_score",96.73
"36047078601","tract",2023,"food_score",77.96
"36047078602","tract",2023,"food_score",75.24
"36047078801","tract",2023,"food_score",94.12
"36047078802","tract",2023,"food_score",78.5
"36047079001","tract",2023,"food_score",56.67
"36047079002","tract",2023,"food_score",71.42
"36047079201","tract",2023,"food_score",76.57
"36047079202","tract",2023,"food_score",67.96
"36047079400","tract",2023,"food_score",93.6
"36047079601","tract",2023,"food_score",79.98
"36047079602","tract",2023,"food_score",77.65
"36047079801","tract",2023,"food_score",86.81
"36047079802","tract",2023,"food_score",83.03
"36047080000","tract",2023,"food_score",103.35
"36047080200","tract",2023,"food_score",98.4
"36047080400","tract",2023,"food_score",97.59
"36047080600","tract",2023,"food_score",74.34
"36047080800","tract",2023,"food_score",NA
"36047081000","tract",2023,"food_score",82.31
"36047081400","tract",2023,"food_score",76
"36047081600","tract",2023,"food_score",71.96
"36047081800","tract",2023,"food_score",59.96
"36047082000","tract",2023,"food_score",72.89
"36047082200","tract",2023,"food_score",72.28
"36047082400","tract",2023,"food_score",71.04
"36047082600","tract",2023,"food_score",84.74
"36047082800","tract",2023,"food_score",66.65
"36047083000","tract",2023,"food_score",85.02
"36047083200","tract",2023,"food_score",102.22
"36047083400","tract",2023,"food_score",98.89
"36047083600","tract",2023,"food_score",98.47
"36047083800","tract",2023,"food_score",105.72
"36047084000","tract",2023,"food_score",78.15
"36047084600","tract",2023,"food_score",107.96
"36047084800","tract",2023,"food_score",83.55
"36047085000","tract",2023,"food_score",117.5
"36047085200","tract",2023,"food_score",NA
"36047085400","tract",2023,"food_score",105.93
"36047085600","tract",2023,"food_score",94.52
"36047085800","tract",2023,"food_score",106.44
"36047086000","tract",2023,"food_score",91.48
"36047086200","tract",2023,"food_score",88.39
"36047086400","tract",2023,"food_score",82.15
"36047086600","tract",2023,"food_score",66.49
"36047086800","tract",2023,"food_score",79.83
"36047087000","tract",2023,"food_score",80.91
"36047087200","tract",2023,"food_score",67.45
"36047087401","tract",2023,"food_score",75.51
"36047087600","tract",2023,"food_score",67.29
"36047087800","tract",2023,"food_score",64.24
"36047088001","tract",2023,"food_score",58.5
"36047088002","tract",2023,"food_score",74.28
"36047088200","tract",2023,"food_score",68.96
"36047088400","tract",2023,"food_score",59.49
"36047088600","tract",2023,"food_score",75.27
"36047088800","tract",2023,"food_score",82.06
"36047089000","tract",2023,"food_score",69
"36047089200","tract",2023,"food_score",59
"36047089400","tract",2023,"food_score",43.58
"36047089600","tract",2023,"food_score",49.26
"36047089800","tract",2023,"food_score",51.59
"36047090000","tract",2023,"food_score",39.34
"36047090200","tract",2023,"food_score",37.9
"36047090600","tract",2023,"food_score",3.44
"36047090800","tract",2023,"food_score",NA
"36047091000","tract",2023,"food_score",23.87
"36047091200","tract",2023,"food_score",30.27
"36047091600","tract",2023,"food_score",49.2
"36047091800","tract",2023,"food_score",66.12
"36047092000","tract",2023,"food_score",37.16
"36047092200","tract",2023,"food_score",87.74
"36047092400","tract",2023,"food_score",45.13
"36047092800","tract",2023,"food_score",99.05
"36047093000","tract",2023,"food_score",78.25
"36047093200","tract",2023,"food_score",70.71
"36047093400","tract",2023,"food_score",88.17
"36047093600","tract",2023,"food_score",96.17
"36047093800","tract",2023,"food_score",86.54
"36047094401","tract",2023,"food_score",95.16
"36047094402","tract",2023,"food_score",34.7
"36047094600","tract",2023,"food_score",112.93
"36047095000","tract",2023,"food_score",78.41
"36047095400","tract",2023,"food_score",91.7
"36047095600","tract",2023,"food_score",109.91
"36047095800","tract",2023,"food_score",76.6
"36047096000","tract",2023,"food_score",NA
"36047096200","tract",2023,"food_score",87.27
"36047096400","tract",2023,"food_score",103.32
"36047096600","tract",2023,"food_score",95.45
"36047096800","tract",2023,"food_score",79.12
"36047097000","tract",2023,"food_score",74.8
"36047097400","tract",2023,"food_score",78.08
"36047098200","tract",2023,"food_score",54.08
"36047098400","tract",2023,"food_score",111.67
"36047098600","tract",2023,"food_score",105.3
"36047098800","tract",2023,"food_score",82.75
"36047099000","tract",2023,"food_score",100.23
"36047099200","tract",2023,"food_score",105.1
"36047099400","tract",2023,"food_score",78.5
"36047099600","tract",2023,"food_score",111.69
"36047099800","tract",2023,"food_score",73.58
"36047100400","tract",2023,"food_score",85.83
"36047100600","tract",2023,"food_score",89.29
"36047100800","tract",2023,"food_score",88.91
"36047101000","tract",2023,"food_score",94.26
"36047101200","tract",2023,"food_score",97.22
"36047101400","tract",2023,"food_score",62.41
"36047101600","tract",2023,"food_score",113.29
"36047101800","tract",2023,"food_score",106.29
"36047102000","tract",2023,"food_score",101.84
"36047102200","tract",2023,"food_score",70.82
"36047102400","tract",2023,"food_score",116.72
"36047102600","tract",2023,"food_score",80.97
"36047102801","tract",2023,"food_score",78.33
"36047102802","tract",2023,"food_score",NA
"36047103401","tract",2023,"food_score",29.08
"36047103402","tract",2023,"food_score",NA
"36047105801","tract",2023,"food_score",50.51
"36047105804","tract",2023,"food_score",57.1
"36047107001","tract",2023,"food_score",82.72
"36047107002","tract",2023,"food_score",NA
"36047107003","tract",2023,"food_score",NA
"36047107800","tract",2023,"food_score",94.55
"36047109800","tract",2023,"food_score",107.49
"36047110400","tract",2023,"food_score",74.76
"36047110600","tract",2023,"food_score",27.51
"36047111000","tract",2023,"food_score",35.03
"36047111600","tract",2023,"food_score",78.09
"36047111800","tract",2023,"food_score",39.39
"36047112000","tract",2023,"food_score",64.47
"36047112200","tract",2023,"food_score",43.79
"36047112400","tract",2023,"food_score",66.45
"36047112600","tract",2023,"food_score",72.82
"36047112800","tract",2023,"food_score",52.73
"36047113000","tract",2023,"food_score",61.46
"36047113200","tract",2023,"food_score",56
"36047113400","tract",2023,"food_score",30.85
"36047114201","tract",2023,"food_score",101.11
"36047114202","tract",2023,"food_score",57.18
"36047114400","tract",2023,"food_score",44.52
"36047114600","tract",2023,"food_score",55.79
"36047115000","tract",2023,"food_score",64.31
"36047115200","tract",2023,"food_score",37.99
"36047115600","tract",2023,"food_score",31.7
"36047115800","tract",2023,"food_score",66.64
"36047116000","tract",2023,"food_score",72
"36047116200","tract",2023,"food_score",65.08
"36047116400","tract",2023,"food_score",67.84
"36047116600","tract",2023,"food_score",45.75
"36047116800","tract",2023,"food_score",68.03
"36047117000","tract",2023,"food_score",64.67
"36047117201","tract",2023,"food_score",70.99
"36047117202","tract",2023,"food_score",66.23
"36047117400","tract",2023,"food_score",90.59
"36047117601","tract",2023,"food_score",82.58
"36047117602","tract",2023,"food_score",70.29
"36047117800","tract",2023,"food_score",53.5
"36047118000","tract",2023,"food_score",NA
"36047118201","tract",2023,"food_score",63.79
"36047118202","tract",2023,"food_score",71.44
"36047118400","tract",2023,"food_score",64.69
"36047118600","tract",2023,"food_score",83.81
"36047118800","tract",2023,"food_score",61.66
"36047119000","tract",2023,"food_score",84.75
"36047119200","tract",2023,"food_score",84.52
"36047119400","tract",2023,"food_score",88.15
"36047119600","tract",2023,"food_score",56.85
"36047119800","tract",2023,"food_score",59.64
"36047120000","tract",2023,"food_score",59.72
"36047120200","tract",2023,"food_score",89.24
"36047120801","tract",2023,"food_score",68.05
"36047120802","tract",2023,"food_score",56.55
"36047120803","tract",2023,"food_score",84.46
"36047121000","tract",2023,"food_score",32.34
"36047121400","tract",2023,"food_score",17.03
"36047122000","tract",2023,"food_score",73.48
"36047123700","tract",2023,"food_score",55.49
"36047150200","tract",2023,"food_score",101.22
"36047152200","tract",2023,"food_score",118.14
"36047990100","tract",2023,"food_score",NA
"36049950101","tract",2023,"food_score",112.78
"36049950200","tract",2023,"food_score",111.98
"36049950301","tract",2023,"food_score",107.72
"36049950302","tract",2023,"food_score",101.93
"36049950401","tract",2023,"food_score",113.77
"36049950500","tract",2023,"food_score",104.22
"36049950601","tract",2023,"food_score",88.02
"36049950700","tract",2023,"food_score",104.9
"36049950800","tract",2023,"food_score",100.41
"36051030100","tract",2023,"food_score",113.78
"36051030201","tract",2023,"food_score",82.05
"36051030203","tract",2023,"food_score",110.52
"36051030204","tract",2023,"food_score",117.25
"36051030300","tract",2023,"food_score",111.96
"36051030400","tract",2023,"food_score",112.68
"36051030500","tract",2023,"food_score",NA
"36051030600","tract",2023,"food_score",110.81
"36051030701","tract",2023,"food_score",114.87
"36051030702","tract",2023,"food_score",100.26
"36051030800","tract",2023,"food_score",112.71
"36051030900","tract",2023,"food_score",83.94
"36051031000","tract",2023,"food_score",NA
"36051031101","tract",2023,"food_score",104.6
"36051031102","tract",2023,"food_score",109.01
"36051031200","tract",2023,"food_score",103.33
"36051031300","tract",2023,"food_score",107.4
"36051031400","tract",2023,"food_score",96.58
"36053030101","tract",2023,"food_score",78.23
"36053030102","tract",2023,"food_score",95.73
"36053030103","tract",2023,"food_score",111.71
"36053030200","tract",2023,"food_score",108.6
"36053030300","tract",2023,"food_score",98.45
"36053030401","tract",2023,"food_score",94.38
"36053030402","tract",2023,"food_score",103.26
"36053030403","tract",2023,"food_score",104.94
"36053030404","tract",2023,"food_score",108.36
"36053030501","tract",2023,"food_score",108.96
"36053030502","tract",2023,"food_score",124.16
"36053030601","tract",2023,"food_score",105.79
"36053030602","tract",2023,"food_score",111.96
"36053030701","tract",2023,"food_score",NA
"36053030702","tract",2023,"food_score",111.41
"36053030800","tract",2023,"food_score",100.73
"36053030900","tract",2023,"food_score",NA
"36053031000","tract",2023,"food_score",95.26
"36053031100","tract",2023,"food_score",94.58
"36055000200","tract",2023,"food_score",50.84
"36055000700","tract",2023,"food_score",22.03
"36055001000","tract",2023,"food_score",104.18
"36055001300","tract",2023,"food_score",38.78
"36055001600","tract",2023,"food_score",32.06
"36055001800","tract",2023,"food_score",84.22
"36055001900","tract",2023,"food_score",54.45
"36055002000","tract",2023,"food_score",82.56
"36055002100","tract",2023,"food_score",53.81
"36055002200","tract",2023,"food_score",23.2
"36055002300","tract",2023,"food_score",25.89
"36055002400","tract",2023,"food_score",44.49
"36055002700","tract",2023,"food_score",38.78
"36055002900","tract",2023,"food_score",109.51
"36055003000","tract",2023,"food_score",52.24
"36055003101","tract",2023,"food_score",120.28
"36055003102","tract",2023,"food_score",104.48
"36055003200","tract",2023,"food_score",55.08
"36055003300","tract",2023,"food_score",50.68
"36055003400","tract",2023,"food_score",95.82
"36055003500","tract",2023,"food_score",118.67
"36055003600","tract",2023,"food_score",113.66
"36055003700","tract",2023,"food_score",95.4
"36055003806","tract",2023,"food_score",90.57
"36055003807","tract",2023,"food_score",NA
"36055003900","tract",2023,"food_score",16.88
"36055004000","tract",2023,"food_score",48.36
"36055004100","tract",2023,"food_score",9.6
"36055004602","tract",2023,"food_score",52.58
"36055004701","tract",2023,"food_score",49.35
"36055004702","tract",2023,"food_score",48.86
"36055004800","tract",2023,"food_score",44.46
"36055004900","tract",2023,"food_score",41.83
"36055005000","tract",2023,"food_score",48.59
"36055005100","tract",2023,"food_score",23.14
"36055005200","tract",2023,"food_score",27.78
"36055005400","tract",2023,"food_score",75.18
"36055005500","tract",2023,"food_score",35.8
"36055005600","tract",2023,"food_score",40.35
"36055005700","tract",2023,"food_score",74.55
"36055005800","tract",2023,"food_score",51.46
"36055005900","tract",2023,"food_score",42.55
"36055006000","tract",2023,"food_score",89.96
"36055006100","tract",2023,"food_score",106.39
"36055006200","tract",2023,"food_score",73.74
"36055006300","tract",2023,"food_score",62.16
"36055006400","tract",2023,"food_score",51.52
"36055006500","tract",2023,"food_score",11.68
"36055006600","tract",2023,"food_score",50.45
"36055006700","tract",2023,"food_score",70.47
"36055006800","tract",2023,"food_score",100.53
"36055006900","tract",2023,"food_score",47.61
"36055007000","tract",2023,"food_score",100.94
"36055007100","tract",2023,"food_score",70.92
"36055007500","tract",2023,"food_score",50.66
"36055007600","tract",2023,"food_score",109.54
"36055007700","tract",2023,"food_score",105.73
"36055007801","tract",2023,"food_score",120.42
"36055007802","tract",2023,"food_score",119.61
"36055007900","tract",2023,"food_score",34.41
"36055008000","tract",2023,"food_score",36.75
"36055008100","tract",2023,"food_score",63.79
"36055008200","tract",2023,"food_score",49.04
"36055008301","tract",2023,"food_score",73.9
"36055008400","tract",2023,"food_score",34.35
"36055008500","tract",2023,"food_score",72.94
"36055008600","tract",2023,"food_score",97.5
"36055008702","tract",2023,"food_score",31.86
"36055008801","tract",2023,"food_score",56.44
"36055009200","tract",2023,"food_score",36.18
"36055009301","tract",2023,"food_score",29.8
"36055009302","tract",2023,"food_score",102.29
"36055009401","tract",2023,"food_score",52.53
"36055009402","tract",2023,"food_score",106.25
"36055009403","tract",2023,"food_score",NA
"36055009404","tract",2023,"food_score",109.01
"36055009500","tract",2023,"food_score",74.07
"36055009601","tract",2023,"food_score",36.61
"36055009602","tract",2023,"food_score",33.92
"36055009605","tract",2023,"food_score",34.23
"36055010100","tract",2023,"food_score",103.87
"36055010200","tract",2023,"food_score",118.42
"36055010300","tract",2023,"food_score",113.15
"36055010400","tract",2023,"food_score",107.97
"36055010500","tract",2023,"food_score",112.44
"36055010601","tract",2023,"food_score",91.43
"36055010602","tract",2023,"food_score",100.53
"36055010700","tract",2023,"food_score",105.64
"36055010800","tract",2023,"food_score",116.11
"36055010901","tract",2023,"food_score",70.65
"36055010902","tract",2023,"food_score",75.78
"36055011000","tract",2023,"food_score",111.78
"36055011100","tract",2023,"food_score",103.63
"36055011201","tract",2023,"food_score",113.56
"36055011203","tract",2023,"food_score",120.64
"36055011205","tract",2023,"food_score",118.59
"36055011207","tract",2023,"food_score",119.11
"36055011209","tract",2023,"food_score",94.63
"36055011210","tract",2023,"food_score",122.4
"36055011302","tract",2023,"food_score",117.71
"36055011303","tract",2023,"food_score",119.73
"36055011304","tract",2023,"food_score",120.27
"36055011401","tract",2023,"food_score",103.39
"36055011402","tract",2023,"food_score",116.68
"36055011403","tract",2023,"food_score",103.85
"36055011503","tract",2023,"food_score",121.05
"36055011504","tract",2023,"food_score",120.33
"36055011505","tract",2023,"food_score",121.35
"36055011506","tract",2023,"food_score",118.42
"36055011507","tract",2023,"food_score",123.47
"36055011601","tract",2023,"food_score",112.41
"36055011603","tract",2023,"food_score",67.68
"36055011604","tract",2023,"food_score",106.37
"36055011605","tract",2023,"food_score",116.61
"36055011705","tract",2023,"food_score",123.72
"36055011707","tract",2023,"food_score",120.53
"36055011708","tract",2023,"food_score",121.65
"36055011709","tract",2023,"food_score",121.97
"36055011710","tract",2023,"food_score",120.02
"36055011711","tract",2023,"food_score",113.4
"36055011712","tract",2023,"food_score",123.96
"36055011800","tract",2023,"food_score",104.09
"36055011901","tract",2023,"food_score",114.05
"36055011903","tract",2023,"food_score",123.34
"36055011904","tract",2023,"food_score",122.01
"36055012000","tract",2023,"food_score",87.59
"36055012100","tract",2023,"food_score",96.82
"36055012201","tract",2023,"food_score",NA
"36055012202","tract",2023,"food_score",116.11
"36055012301","tract",2023,"food_score",126.32
"36055012304","tract",2023,"food_score",117.96
"36055012305","tract",2023,"food_score",124.93
"36055012307","tract",2023,"food_score",125.49
"36055012308","tract",2023,"food_score",124.09
"36055012401","tract",2023,"food_score",116.72
"36055012402","tract",2023,"food_score",113.91
"36055012500","tract",2023,"food_score",125.4
"36055012600","tract",2023,"food_score",117.08
"36055012700","tract",2023,"food_score",115.01
"36055012800","tract",2023,"food_score",119.54
"36055012900","tract",2023,"food_score",124.31
"36055013003","tract",2023,"food_score",119.09
"36055013004","tract",2023,"food_score",107.84
"36055013005","tract",2023,"food_score",NA
"36055013006","tract",2023,"food_score",78.51
"36055013101","tract",2023,"food_score",105.77
"36055013103","tract",2023,"food_score",NA
"36055013104","tract",2023,"food_score",93.52
"36055013203","tract",2023,"food_score",103.32
"36055013205","tract",2023,"food_score",108.76
"36055013206","tract",2023,"food_score",107.24
"36055013207","tract",2023,"food_score",118.25
"36055013208","tract",2023,"food_score",117.75
"36055013300","tract",2023,"food_score",113.05
"36055013401","tract",2023,"food_score",94.07
"36055013402","tract",2023,"food_score",114.75
"36055013503","tract",2023,"food_score",114.85
"36055013505","tract",2023,"food_score",101.53
"36055013507","tract",2023,"food_score",114.73
"36055013508","tract",2023,"food_score",118.75
"36055013509","tract",2023,"food_score",103.56
"36055013510","tract",2023,"food_score",110.05
"36055013511","tract",2023,"food_score",110.82
"36055013601","tract",2023,"food_score",104.26
"36055013603","tract",2023,"food_score",118.7
"36055013604","tract",2023,"food_score",82.71
"36055013701","tract",2023,"food_score",94.68
"36055013702","tract",2023,"food_score",96.54
"36055013800","tract",2023,"food_score",95.41
"36055013901","tract",2023,"food_score",84.66
"36055013902","tract",2023,"food_score",60.81
"36055014001","tract",2023,"food_score",98.71
"36055014003","tract",2023,"food_score",88.81
"36055014004","tract",2023,"food_score",77.55
"36055014102","tract",2023,"food_score",107.27
"36055014103","tract",2023,"food_score",96.02
"36055014104","tract",2023,"food_score",108.81
"36055014202","tract",2023,"food_score",112.54
"36055014204","tract",2023,"food_score",116.02
"36055014205","tract",2023,"food_score",113.68
"36055014206","tract",2023,"food_score",110.61
"36055014301","tract",2023,"food_score",100.93
"36055014302","tract",2023,"food_score",101.5
"36055014400","tract",2023,"food_score",90.53
"36055014501","tract",2023,"food_score",107.67
"36055014503","tract",2023,"food_score",107.8
"36055014504","tract",2023,"food_score",124.18
"36055014505","tract",2023,"food_score",107.13
"36055014601","tract",2023,"food_score",115.05
"36055014602","tract",2023,"food_score",89.79
"36055014700","tract",2023,"food_score",110.6
"36055014802","tract",2023,"food_score",123.57
"36055014803","tract",2023,"food_score",101.46
"36055014805","tract",2023,"food_score",87.21
"36055014806","tract",2023,"food_score",112.39
"36055014901","tract",2023,"food_score",108.43
"36055014903","tract",2023,"food_score",119.29
"36055014905","tract",2023,"food_score",111.66
"36055014906","tract",2023,"food_score",109.04
"36055015000","tract",2023,"food_score",100.89
"36055015101","tract",2023,"food_score",103.43
"36055015102","tract",2023,"food_score",100.99
"36055015200","tract",2023,"food_score",109.46
"36055015301","tract",2023,"food_score",NA
"36055015303","tract",2023,"food_score",106.08
"36055015304","tract",2023,"food_score",97.15
"36055015400","tract",2023,"food_score",113.3
"36055980000","tract",2023,"food_score",NA
"36055980100","tract",2023,"food_score",NA
"36055980200","tract",2023,"food_score",NA
"36055990000","tract",2023,"food_score",NA
"36057070200","tract",2023,"food_score",85.27
"36057070300","tract",2023,"food_score",63.85
"36057070400","tract",2023,"food_score",74.25
"36057070500","tract",2023,"food_score",113.34
"36057070600","tract",2023,"food_score",64.59
"36057070700","tract",2023,"food_score",106.72
"36057070800","tract",2023,"food_score",75.11
"36057070900","tract",2023,"food_score",73.26
"36057072100","tract",2023,"food_score",107.01
"36057072200","tract",2023,"food_score",120.48
"36057072300","tract",2023,"food_score",106.38
"36057072400","tract",2023,"food_score",80.26
"36057072500","tract",2023,"food_score",94.12
"36057072600","tract",2023,"food_score",109.97
"36057072700","tract",2023,"food_score",114.02
"36057072800","tract",2023,"food_score",115.02
"36059300100","tract",2023,"food_score",126.36
"36059300300","tract",2023,"food_score",99.79
"36059300400","tract",2023,"food_score",117.02
"36059300500","tract",2023,"food_score",112.39
"36059300600","tract",2023,"food_score",117.7
"36059300700","tract",2023,"food_score",107.33
"36059300800","tract",2023,"food_score",112.32
"36059300901","tract",2023,"food_score",118.48
"36059300902","tract",2023,"food_score",125.08
"36059301000","tract",2023,"food_score",124.04
"36059301101","tract",2023,"food_score",119.84
"36059301102","tract",2023,"food_score",125.06
"36059301200","tract",2023,"food_score",122.98
"36059301300","tract",2023,"food_score",111.58
"36059301400","tract",2023,"food_score",121.81
"36059301500","tract",2023,"food_score",122.34
"36059301600","tract",2023,"food_score",124.94
"36059301700","tract",2023,"food_score",120.38
"36059301800","tract",2023,"food_score",102.37
"36059301900","tract",2023,"food_score",114.07
"36059302000","tract",2023,"food_score",119.83
"36059302101","tract",2023,"food_score",123.06
"36059302102","tract",2023,"food_score",125.59
"36059302200","tract",2023,"food_score",120.5
"36059302300","tract",2023,"food_score",113.46
"36059302400","tract",2023,"food_score",118.74
"36059302501","tract",2023,"food_score",115.46
"36059302502","tract",2023,"food_score",123.42
"36059302600","tract",2023,"food_score",112.39
"36059302700","tract",2023,"food_score",123.53
"36059302800","tract",2023,"food_score",112.45
"36059302900","tract",2023,"food_score",121.04
"36059303000","tract",2023,"food_score",108.69
"36059303101","tract",2023,"food_score",119.05
"36059303102","tract",2023,"food_score",110.67
"36059303203","tract",2023,"food_score",116.62
"36059303204","tract",2023,"food_score",115.71
"36059303301","tract",2023,"food_score",120.65
"36059303302","tract",2023,"food_score",121.86
"36059303400","tract",2023,"food_score",117.52
"36059303500","tract",2023,"food_score",121.44
"36059303600","tract",2023,"food_score",109.93
"36059303700","tract",2023,"food_score",120.61
"36059303800","tract",2023,"food_score",122.72
"36059303900","tract",2023,"food_score",104.78
"36059304001","tract",2023,"food_score",106.7
"36059304002","tract",2023,"food_score",117.32
"36059304100","tract",2023,"food_score",114.36
"36059304202","tract",2023,"food_score",99.5
"36059304203","tract",2023,"food_score",96.69
"36059304204","tract",2023,"food_score",97.39
"36059404300","tract",2023,"food_score",119.58
"36059404400","tract",2023,"food_score",115.55
"36059404500","tract",2023,"food_score",109.61
"36059404600","tract",2023,"food_score",119.65
"36059404700","tract",2023,"food_score",118.75
"36059404800","tract",2023,"food_score",104.52
"36059404901","tract",2023,"food_score",104.52
"36059404902","tract",2023,"food_score",107.74
"36059405000","tract",2023,"food_score",109.17
"36059405100","tract",2023,"food_score",120.34
"36059405200","tract",2023,"food_score",108.53
"36059405301","tract",2023,"food_score",104.27
"36059405302","tract",2023,"food_score",113.11
"36059405400","tract",2023,"food_score",113.77
"36059405500","tract",2023,"food_score",118.66
"36059405600","tract",2023,"food_score",110.66
"36059405700","tract",2023,"food_score",113.14
"36059405800","tract",2023,"food_score",117.38
"36059405900","tract",2023,"food_score",117.79
"36059406001","tract",2023,"food_score",121.63
"36059406002","tract",2023,"food_score",111.68
"36059406100","tract",2023,"food_score",117.66
"36059406201","tract",2023,"food_score",98.73
"36059406202","tract",2023,"food_score",108.81
"36059406300","tract",2023,"food_score",120.61
"36059406400","tract",2023,"food_score",126.67
"36059406501","tract",2023,"food_score",122.5
"36059406600","tract",2023,"food_score",120.73
"36059406701","tract",2023,"food_score",95.88
"36059406702","tract",2023,"food_score",53.28
"36059406801","tract",2023,"food_score",74.35
"36059406802","tract",2023,"food_score",102.09
"36059406900","tract",2023,"food_score",107.37
"36059407000","tract",2023,"food_score",82.72
"36059407101","tract",2023,"food_score",89.99
"36059407102","tract",2023,"food_score",103.08
"36059407201","tract",2023,"food_score",86.13
"36059407203","tract",2023,"food_score",92.06
"36059407204","tract",2023,"food_score",105.53
"36059407301","tract",2023,"food_score",NA
"36059407302","tract",2023,"food_score",108.11
"36059407401","tract",2023,"food_score",105.18
"36059407402","tract",2023,"food_score",100.35
"36059407501","tract",2023,"food_score",109.21
"36059407502","tract",2023,"food_score",103.86
"36059407600","tract",2023,"food_score",121.73
"36059407700","tract",2023,"food_score",112.35
"36059407801","tract",2023,"food_score",119.13
"36059407802","tract",2023,"food_score",NA
"36059407900","tract",2023,"food_score",113.3
"36059408000","tract",2023,"food_score",117.94
"36059408100","tract",2023,"food_score",109.38
"36059408200","tract",2023,"food_score",108.32
"36059408300","tract",2023,"food_score",118.43
"36059408400","tract",2023,"food_score",120.52
"36059408500","tract",2023,"food_score",121.59
"36059408600","tract",2023,"food_score",98.01
"36059408700","tract",2023,"food_score",120.89
"36059408800","tract",2023,"food_score",103.27
"36059408900","tract",2023,"food_score",114.15
"36059409000","tract",2023,"food_score",117.35
"36059409100","tract",2023,"food_score",119.76
"36059409200","tract",2023,"food_score",117.14
"36059409300","tract",2023,"food_score",121.45
"36059409400","tract",2023,"food_score",121.4
"36059409500","tract",2023,"food_score",119.24
"36059409600","tract",2023,"food_score",120.71
"36059409700","tract",2023,"food_score",122.19
"36059409800","tract",2023,"food_score",114.17
"36059409900","tract",2023,"food_score",115.63
"36059410000","tract",2023,"food_score",118.48
"36059410100","tract",2023,"food_score",105.1
"36059410200","tract",2023,"food_score",121.85
"36059410300","tract",2023,"food_score",108.94
"36059410400","tract",2023,"food_score",112.7
"36059410500","tract",2023,"food_score",95.15
"36059410600","tract",2023,"food_score",118.42
"36059410700","tract",2023,"food_score",124.2
"36059410800","tract",2023,"food_score",119.18
"36059410900","tract",2023,"food_score",115.16
"36059411000","tract",2023,"food_score",105.15
"36059411100","tract",2023,"food_score",90.83
"36059411200","tract",2023,"food_score",118.4
"36059411301","tract",2023,"food_score",119.57
"36059411302","tract",2023,"food_score",123.6
"36059411400","tract",2023,"food_score",123.17
"36059411500","tract",2023,"food_score",123.33
"36059411600","tract",2023,"food_score",118.55
"36059411700","tract",2023,"food_score",112.93
"36059411800","tract",2023,"food_score",118.26
"36059411901","tract",2023,"food_score",100.52
"36059411902","tract",2023,"food_score",110.13
"36059412000","tract",2023,"food_score",111.71
"36059412100","tract",2023,"food_score",119.58
"36059412200","tract",2023,"food_score",115.52
"36059412301","tract",2023,"food_score",115.86
"36059412302","tract",2023,"food_score",117.4
"36059412400","tract",2023,"food_score",112.39
"36059412500","tract",2023,"food_score",124.46
"36059412600","tract",2023,"food_score",121.25
"36059412700","tract",2023,"food_score",121.16
"36059412800","tract",2023,"food_score",118.32
"36059412900","tract",2023,"food_score",107.75
"36059413001","tract",2023,"food_score",116.58
"36059413002","tract",2023,"food_score",125.47
"36059413100","tract",2023,"food_score",119.4
"36059413200","tract",2023,"food_score",119.03
"36059413300","tract",2023,"food_score",122.22
"36059413400","tract",2023,"food_score",119.13
"36059413500","tract",2023,"food_score",107.02
"36059413600","tract",2023,"food_score",116.59
"36059413700","tract",2023,"food_score",116.11
"36059413803","tract",2023,"food_score",118.64
"36059413804","tract",2023,"food_score",105.71
"36059413900","tract",2023,"food_score",107.85
"36059414001","tract",2023,"food_score",102.08
"36059414002","tract",2023,"food_score",97.71
"36059414100","tract",2023,"food_score",111.07
"36059414201","tract",2023,"food_score",98.67
"36059414202","tract",2023,"food_score",93.28
"36059414301","tract",2023,"food_score",113.2
"36059414303","tract",2023,"food_score",115.23
"36059414304","tract",2023,"food_score",108.53
"36059414400","tract",2023,"food_score",81.07
"36059414501","tract",2023,"food_score",117.05
"36059414502","tract",2023,"food_score",108.07
"36059414600","tract",2023,"food_score",116.82
"36059414700","tract",2023,"food_score",118.1
"36059414800","tract",2023,"food_score",119.99
"36059414900","tract",2023,"food_score",121.68
"36059415000","tract",2023,"food_score",123.9
"36059415101","tract",2023,"food_score",116.6
"36059415102","tract",2023,"food_score",120.96
"36059415201","tract",2023,"food_score",119.27
"36059415202","tract",2023,"food_score",123.24
"36059415300","tract",2023,"food_score",119.82
"36059415401","tract",2023,"food_score",115.75
"36059415402","tract",2023,"food_score",125.31
"36059415500","tract",2023,"food_score",119.3
"36059415600","tract",2023,"food_score",122.64
"36059415700","tract",2023,"food_score",119.19
"36059415802","tract",2023,"food_score",120.45
"36059416000","tract",2023,"food_score",120.07
"36059416100","tract",2023,"food_score",122.71
"36059416201","tract",2023,"food_score",113.49
"36059416202","tract",2023,"food_score",105.14
"36059416300","tract",2023,"food_score",109.24
"36059416401","tract",2023,"food_score",121.31
"36059416402","tract",2023,"food_score",112.14
"36059416500","tract",2023,"food_score",106.29
"36059416600","tract",2023,"food_score",118.27
"36059416701","tract",2023,"food_score",111.3
"36059416702","tract",2023,"food_score",108.59
"36059416801","tract",2023,"food_score",118.22
"36059416802","tract",2023,"food_score",118.8
"36059416900","tract",2023,"food_score",121.26
"36059517000","tract",2023,"food_score",121.97
"36059517101","tract",2023,"food_score",109.49
"36059517102","tract",2023,"food_score",119.18
"36059517201","tract",2023,"food_score",91.96
"36059517202","tract",2023,"food_score",101.72
"36059517301","tract",2023,"food_score",114.91
"36059517302","tract",2023,"food_score",112.03
"36059517400","tract",2023,"food_score",123.51
"36059517500","tract",2023,"food_score",118.61
"36059517600","tract",2023,"food_score",114.49
"36059517701","tract",2023,"food_score",123.58
"36059517705","tract",2023,"food_score",123.66
"36059517801","tract",2023,"food_score",121.76
"36059517802","tract",2023,"food_score",119.38
"36059517901","tract",2023,"food_score",116.96
"36059517902","tract",2023,"food_score",122.97
"36059518000","tract",2023,"food_score",118.67
"36059518100","tract",2023,"food_score",118.45
"36059518201","tract",2023,"food_score",114.17
"36059518203","tract",2023,"food_score",121.72
"36059518204","tract",2023,"food_score",122.26
"36059518300","tract",2023,"food_score",115.17
"36059518400","tract",2023,"food_score",116.81
"36059518501","tract",2023,"food_score",125.78
"36059518502","tract",2023,"food_score",110.33
"36059518600","tract",2023,"food_score",116.33
"36059518700","tract",2023,"food_score",119.81
"36059518800","tract",2023,"food_score",121.25
"36059518900","tract",2023,"food_score",113.31
"36059519000","tract",2023,"food_score",102.92
"36059519100","tract",2023,"food_score",119.86
"36059519200","tract",2023,"food_score",117.22
"36059519300","tract",2023,"food_score",114.96
"36059519400","tract",2023,"food_score",119.92
"36059519500","tract",2023,"food_score",116.54
"36059519601","tract",2023,"food_score",117.77
"36059519602","tract",2023,"food_score",109.56
"36059519702","tract",2023,"food_score",123.96
"36059519703","tract",2023,"food_score",117.51
"36059519704","tract",2023,"food_score",117.76
"36059519801","tract",2023,"food_score",110.83
"36059519802","tract",2023,"food_score",119.71
"36059519900","tract",2023,"food_score",115.55
"36059520001","tract",2023,"food_score",116.74
"36059520002","tract",2023,"food_score",117.33
"36059520100","tract",2023,"food_score",118.76
"36059520200","tract",2023,"food_score",123.7
"36059520300","tract",2023,"food_score",113.22
"36059520401","tract",2023,"food_score",121.01
"36059520402","tract",2023,"food_score",119.1
"36059520501","tract",2023,"food_score",101.52
"36059520502","tract",2023,"food_score",117.78
"36059520600","tract",2023,"food_score",114.71
"36059520700","tract",2023,"food_score",115.76
"36059520800","tract",2023,"food_score",120.26
"36059520900","tract",2023,"food_score",115.73
"36059521000","tract",2023,"food_score",121.59
"36059521100","tract",2023,"food_score",120.56
"36059521200","tract",2023,"food_score",109.94
"36059521301","tract",2023,"food_score",118.25
"36059521302","tract",2023,"food_score",124.27
"36059521400","tract",2023,"food_score",123.02
"36059521500","tract",2023,"food_score",119.46
"36059521601","tract",2023,"food_score",120.1
"36059521602","tract",2023,"food_score",116.44
"36059521700","tract",2023,"food_score",121.54
"36059521801","tract",2023,"food_score",123.35
"36059521802","tract",2023,"food_score",112.23
"36059521902","tract",2023,"food_score",121.32
"36059522000","tract",2023,"food_score",117.44
"36059522700","tract",2023,"food_score",123.69
"36059980100","tract",2023,"food_score",NA
"36059981100","tract",2023,"food_score",NA
"36059982100","tract",2023,"food_score",NA
"36059990100","tract",2023,"food_score",NA
"36059990200","tract",2023,"food_score",NA
"36059990301","tract",2023,"food_score",NA
"36059990302","tract",2023,"food_score",NA
"36059990400","tract",2023,"food_score",NA
"36061000100","tract",2023,"food_score",NA
"36061000201","tract",2023,"food_score",16.34
"36061000202","tract",2023,"food_score",57.56
"36061000500","tract",2023,"food_score",NA
"36061000600","tract",2023,"food_score",66.01
"36061000700","tract",2023,"food_score",112.22
"36061000800","tract",2023,"food_score",70.96
"36061000900","tract",2023,"food_score",112.73
"36061001001","tract",2023,"food_score",108.57
"36061001002","tract",2023,"food_score",38.72
"36061001200","tract",2023,"food_score",95.63
"36061001300","tract",2023,"food_score",117.39
"36061001401","tract",2023,"food_score",111.97
"36061001402","tract",2023,"food_score",80.37
"36061001501","tract",2023,"food_score",115.5
"36061001502","tract",2023,"food_score",112.65
"36061001600","tract",2023,"food_score",90.59
"36061001800","tract",2023,"food_score",73.69
"36061002000","tract",2023,"food_score",45.19
"36061002100","tract",2023,"food_score",120.54
"36061002201","tract",2023,"food_score",72
"36061002202","tract",2023,"food_score",79.73
"36061002400","tract",2023,"food_score",20.81
"36061002500","tract",2023,"food_score",24.75
"36061002601","tract",2023,"food_score",52.68
"36061002602","tract",2023,"food_score",86.57
"36061002700","tract",2023,"food_score",72.11
"36061002800","tract",2023,"food_score",87.55
"36061002901","tract",2023,"food_score",NA
"36061002902","tract",2023,"food_score",87.14
"36061003001","tract",2023,"food_score",82.32
"36061003002","tract",2023,"food_score",51.43
"36061003100","tract",2023,"food_score",NA
"36061003200","tract",2023,"food_score",118.79
"36061003300","tract",2023,"food_score",119.61
"36061003400","tract",2023,"food_score",91
"36061003601","tract",2023,"food_score",46.03
"36061003602","tract",2023,"food_score",100.56
"36061003700","tract",2023,"food_score",108.43
"36061003800","tract",2023,"food_score",110.74
"36061003900","tract",2023,"food_score",111.05
"36061004001","tract",2023,"food_score",113.85
"36061004002","tract",2023,"food_score",108.51
"36061004100","tract",2023,"food_score",100.54
"36061004200","tract",2023,"food_score",NA
"36061004300","tract",2023,"food_score",85.64
"36061004400","tract",2023,"food_score",119.37
"36061004500","tract",2023,"food_score",104.83
"36061004700","tract",2023,"food_score",114.39
"36061004800","tract",2023,"food_score",120.1
"36061004900","tract",2023,"food_score",114.87
"36061005000","tract",2023,"food_score",114.83
"36061005200","tract",2023,"food_score",113.11
"36061005400","tract",2023,"food_score",119.11
"36061005501","tract",2023,"food_score",111.34
"36061005502","tract",2023,"food_score",110.68
"36061005600","tract",2023,"food_score",108.15
"36061005700","tract",2023,"food_score",117
"36061005800","tract",2023,"food_score",87.07
"36061005900","tract",2023,"food_score",117.46
"36061006000","tract",2023,"food_score",115.64
"36061006100","tract",2023,"food_score",118.23
"36061006200","tract",2023,"food_score",115.62
"36061006300","tract",2023,"food_score",118.62
"36061006400","tract",2023,"food_score",99.44
"36061006500","tract",2023,"food_score",114.37
"36061006600","tract",2023,"food_score",117.92
"36061006700","tract",2023,"food_score",114.63
"36061006800","tract",2023,"food_score",118.53
"36061006900","tract",2023,"food_score",112.83
"36061007001","tract",2023,"food_score",117.71
"36061007002","tract",2023,"food_score",107.57
"36061007100","tract",2023,"food_score",117.25
"36061007200","tract",2023,"food_score",120.62
"36061007300","tract",2023,"food_score",112.79
"36061007400","tract",2023,"food_score",96.85
"36061007500","tract",2023,"food_score",119.27
"36061007600","tract",2023,"food_score",112.22
"36061007700","tract",2023,"food_score",117.84
"36061007800","tract",2023,"food_score",113.38
"36061007900","tract",2023,"food_score",114.89
"36061008000","tract",2023,"food_score",116.48
"36061008100","tract",2023,"food_score",118.9
"36061008200","tract",2023,"food_score",90.95
"36061008300","tract",2023,"food_score",72.36
"36061008400","tract",2023,"food_score",112.61
"36061008601","tract",2023,"food_score",114.09
"36061008602","tract",2023,"food_score",NA
"36061008603","tract",2023,"food_score",120.29
"36061008700","tract",2023,"food_score",116.54
"36061008800","tract",2023,"food_score",110.64
"36061008900","tract",2023,"food_score",109.79
"36061009000","tract",2023,"food_score",115.07
"36061009100","tract",2023,"food_score",96.39
"36061009200","tract",2023,"food_score",112.3
"36061009300","tract",2023,"food_score",98.77
"36061009400","tract",2023,"food_score",NA
"36061009500","tract",2023,"food_score",NA
"36061009600","tract",2023,"food_score",NA
"36061009700","tract",2023,"food_score",84.5
"36061009800","tract",2023,"food_score",118.63
"36061009901","tract",2023,"food_score",107.62
"36061009902","tract",2023,"food_score",103.69
"36061009903","tract",2023,"food_score",92.15
"36061010000","tract",2023,"food_score",103.25
"36061010100","tract",2023,"food_score",105.04
"36061010200","tract",2023,"food_score",109.23
"36061010300","tract",2023,"food_score",96.19
"36061010400","tract",2023,"food_score",113.07
"36061010601","tract",2023,"food_score",122.35
"36061010602","tract",2023,"food_score",118.78
"36061010801","tract",2023,"food_score",103.93
"36061010802","tract",2023,"food_score",110.47
"36061010803","tract",2023,"food_score",115.31
"36061010900","tract",2023,"food_score",NA
"36061011000","tract",2023,"food_score",110.57
"36061011100","tract",2023,"food_score",101.15
"36061011201","tract",2023,"food_score",101.73
"36061011202","tract",2023,"food_score",98.55
"36061011203","tract",2023,"food_score",111.85
"36061011300","tract",2023,"food_score",NA
"36061011401","tract",2023,"food_score",115.3
"36061011402","tract",2023,"food_score",114.34
"36061011500","tract",2023,"food_score",97.28
"36061011600","tract",2023,"food_score",113.52
"36061011700","tract",2023,"food_score",103.87
"36061011800","tract",2023,"food_score",118.49
"36061011900","tract",2023,"food_score",23.5
"36061012000","tract",2023,"food_score",114.89
"36061012101","tract",2023,"food_score",109.61
"36061012102","tract",2023,"food_score",78.65
"36061012200","tract",2023,"food_score",118.3
"36061012400","tract",2023,"food_score",121.68
"36061012500","tract",2023,"food_score",104.28
"36061012601","tract",2023,"food_score",104.88
"36061012602","tract",2023,"food_score",114.82
"36061012700","tract",2023,"food_score",114.47
"36061012800","tract",2023,"food_score",121.13
"36061012901","tract",2023,"food_score",95.19
"36061012902","tract",2023,"food_score",113.29
"36061013000","tract",2023,"food_score",109.3
"36061013100","tract",2023,"food_score",87.37
"36061013201","tract",2023,"food_score",111.71
"36061013202","tract",2023,"food_score",111.1
"36061013203","tract",2023,"food_score",103.36
"36061013300","tract",2023,"food_score",107.87
"36061013400","tract",2023,"food_score",122.89
"36061013501","tract",2023,"food_score",87.63
"36061013502","tract",2023,"food_score",83.31
"36061013601","tract",2023,"food_score",119.17
"36061013602","tract",2023,"food_score",118.57
"36061013603","tract",2023,"food_score",106.66
"36061013604","tract",2023,"food_score",88.82
"36061013700","tract",2023,"food_score",118.83
"36061013800","tract",2023,"food_score",126.07
"36061013900","tract",2023,"food_score",117.13
"36061014000","tract",2023,"food_score",118.07
"36061014200","tract",2023,"food_score",119.98
"36061014300","tract",2023,"food_score",NA
"36061014401","tract",2023,"food_score",113.34
"36061014402","tract",2023,"food_score",120.67
"36061014500","tract",2023,"food_score",119.78
"36061014601","tract",2023,"food_score",108.77
"36061014602","tract",2023,"food_score",101.51
"36061014700","tract",2023,"food_score",100.37
"36061014801","tract",2023,"food_score",108.32
"36061014802","tract",2023,"food_score",114.29
"36061014900","tract",2023,"food_score",118.99
"36061015001","tract",2023,"food_score",115.9
"36061015002","tract",2023,"food_score",114.11
"36061015101","tract",2023,"food_score",42.42
"36061015102","tract",2023,"food_score",97.26
"36061015200","tract",2023,"food_score",92.48
"36061015301","tract",2023,"food_score",117.74
"36061015302","tract",2023,"food_score",106.84
"36061015401","tract",2023,"food_score",109.88
"36061015402","tract",2023,"food_score",117.55
"36061015403","tract",2023,"food_score",111.29
"36061015501","tract",2023,"food_score",123.78
"36061015502","tract",2023,"food_score",119.38
"36061015601","tract",2023,"food_score",103.74
"36061015602","tract",2023,"food_score",89.25
"36061015700","tract",2023,"food_score",122.9
"36061015801","tract",2023,"food_score",113.77
"36061015802","tract",2023,"food_score",112.59
"36061015900","tract",2023,"food_score",117.04
"36061016001","tract",2023,"food_score",117.76
"36061016002","tract",2023,"food_score",115.58
"36061016100","tract",2023,"food_score",117.67
"36061016200","tract",2023,"food_score",63.13
"36061016300","tract",2023,"food_score",116.36
"36061016400","tract",2023,"food_score",66.34
"36061016500","tract",2023,"food_score",115.53
"36061016600","tract",2023,"food_score",78.4
"36061016700","tract",2023,"food_score",121.18
"36061016800","tract",2023,"food_score",52.61
"36061016900","tract",2023,"food_score",119.69
"36061017000","tract",2023,"food_score",80.24
"36061017100","tract",2023,"food_score",119.78
"36061017200","tract",2023,"food_score",51.29
"36061017300","tract",2023,"food_score",122.93
"36061017401","tract",2023,"food_score",45.72
"36061017402","tract",2023,"food_score",75.78
"36061017500","tract",2023,"food_score",124.1
"36061017700","tract",2023,"food_score",117.5
"36061017800","tract",2023,"food_score",73.3
"36061017900","tract",2023,"food_score",118.72
"36061018000","tract",2023,"food_score",51.56
"36061018100","tract",2023,"food_score",120.11
"36061018200","tract",2023,"food_score",74.15
"36061018300","tract",2023,"food_score",98.23
"36061018400","tract",2023,"food_score",58.65
"36061018500","tract",2023,"food_score",117.57
"36061018600","tract",2023,"food_score",85.04
"36061018700","tract",2023,"food_score",118.59
"36061018800","tract",2023,"food_score",47.57
"36061018900","tract",2023,"food_score",62.71
"36061019000","tract",2023,"food_score",91.21
"36061019100","tract",2023,"food_score",116.96
"36061019200","tract",2023,"food_score",48.06
"36061019300","tract",2023,"food_score",76.21
"36061019400","tract",2023,"food_score",50.26
"36061019500","tract",2023,"food_score",103.64
"36061019600","tract",2023,"food_score",59.53
"36061019701","tract",2023,"food_score",98.45
"36061019702","tract",2023,"food_score",100.84
"36061019800","tract",2023,"food_score",99.01
"36061019900","tract",2023,"food_score",117.63
"36061020000","tract",2023,"food_score",78.41
"36061020101","tract",2023,"food_score",NA
"36061020102","tract",2023,"food_score",77.89
"36061020300","tract",2023,"food_score",NA
"36061020500","tract",2023,"food_score",NA
"36061020600","tract",2023,"food_score",94.4
"36061020701","tract",2023,"food_score",95.6
"36061020800","tract",2023,"food_score",107.48
"36061020901","tract",2023,"food_score",66.79
"36061021000","tract",2023,"food_score",76.91
"36061021100","tract",2023,"food_score",101.76
"36061021200","tract",2023,"food_score",81.07
"36061021303","tract",2023,"food_score",99.63
"36061021400","tract",2023,"food_score",69.69
"36061021500","tract",2023,"food_score",72.59
"36061021600","tract",2023,"food_score",98.04
"36061021703","tract",2023,"food_score",NA
"36061021800","tract",2023,"food_score",100.01
"36061021900","tract",2023,"food_score",44.71
"36061022000","tract",2023,"food_score",98.88
"36061022102","tract",2023,"food_score",80.96
"36061022200","tract",2023,"food_score",77.5
"36061022301","tract",2023,"food_score",47.01
"36061022302","tract",2023,"food_score",56.08
"36061022400","tract",2023,"food_score",75.79
"36061022500","tract",2023,"food_score",89.8
"36061022600","tract",2023,"food_score",83.52
"36061022700","tract",2023,"food_score",66.25
"36061022800","tract",2023,"food_score",97.26
"36061022900","tract",2023,"food_score",71.88
"36061023000","tract",2023,"food_score",71.97
"36061023100","tract",2023,"food_score",79.48
"36061023200","tract",2023,"food_score",39.53
"36061023300","tract",2023,"food_score",75.44
"36061023400","tract",2023,"food_score",69.76
"36061023501","tract",2023,"food_score",79.22
"36061023502","tract",2023,"food_score",79.31
"36061023600","tract",2023,"food_score",60.24
"36061023700","tract",2023,"food_score",68.97
"36061023802","tract",2023,"food_score",114.97
"36061023803","tract",2023,"food_score",89.04
"36061023804","tract",2023,"food_score",92.85
"36061023900","tract",2023,"food_score",58.83
"36061024000","tract",2023,"food_score",NA
"36061024100","tract",2023,"food_score",61.44
"36061024200","tract",2023,"food_score",74.5
"36061024301","tract",2023,"food_score",72.89
"36061024302","tract",2023,"food_score",47.71
"36061024500","tract",2023,"food_score",77.71
"36061024700","tract",2023,"food_score",48.95
"36061024900","tract",2023,"food_score",65.76
"36061025100","tract",2023,"food_score",42.52
"36061025300","tract",2023,"food_score",78.97
"36061025500","tract",2023,"food_score",90.44
"36061025700","tract",2023,"food_score",104.23
"36061025900","tract",2023,"food_score",88.69
"36061026100","tract",2023,"food_score",43.29
"36061026300","tract",2023,"food_score",71.18
"36061026500","tract",2023,"food_score",78.85
"36061026700","tract",2023,"food_score",79.71
"36061026900","tract",2023,"food_score",83
"36061027100","tract",2023,"food_score",95.56
"36061027300","tract",2023,"food_score",108.52
"36061027500","tract",2023,"food_score",110.82
"36061027700","tract",2023,"food_score",67.81
"36061027900","tract",2023,"food_score",84.21
"36061028100","tract",2023,"food_score",106.43
"36061028300","tract",2023,"food_score",62.04
"36061028500","tract",2023,"food_score",46.96
"36061028700","tract",2023,"food_score",92.89
"36061029100","tract",2023,"food_score",75.56
"36061029300","tract",2023,"food_score",34.82
"36061029500","tract",2023,"food_score",76.4
"36061029700","tract",2023,"food_score",NA
"36061029900","tract",2023,"food_score",41
"36061030300","tract",2023,"food_score",82.69
"36061030700","tract",2023,"food_score",91.54
"36061030900","tract",2023,"food_score",51.96
"36061031100","tract",2023,"food_score",NA
"36061031703","tract",2023,"food_score",117.03
"36061031704","tract",2023,"food_score",115.17
"36061031900","tract",2023,"food_score",NA
"36063020100","tract",2023,"food_score",108.57
"36063020200","tract",2023,"food_score",34.14
"36063020300","tract",2023,"food_score",94.5
"36063020400","tract",2023,"food_score",43.88
"36063020500","tract",2023,"food_score",50.93
"36063020600","tract",2023,"food_score",64.58
"36063020700","tract",2023,"food_score",60.44
"36063020900","tract",2023,"food_score",29.21
"36063021000","tract",2023,"food_score",76.99
"36063021100","tract",2023,"food_score",54.52
"36063021200","tract",2023,"food_score",58.53
"36063021300","tract",2023,"food_score",34.78
"36063021400","tract",2023,"food_score",87.31
"36063021700","tract",2023,"food_score",75.99
"36063022000","tract",2023,"food_score",79.71
"36063022100","tract",2023,"food_score",98.87
"36063022200","tract",2023,"food_score",89.22
"36063022300","tract",2023,"food_score",112.55
"36063022401","tract",2023,"food_score",106.82
"36063022500","tract",2023,"food_score",112.23
"36063022601","tract",2023,"food_score",100.82
"36063022602","tract",2023,"food_score",87.14
"36063022702","tract",2023,"food_score",120.44
"36063022713","tract",2023,"food_score",122.29
"36063022714","tract",2023,"food_score",109.38
"36063022715","tract",2023,"food_score",112.03
"36063022716","tract",2023,"food_score",120.01
"36063022717","tract",2023,"food_score",91.99
"36063022803","tract",2023,"food_score",120.77
"36063022804","tract",2023,"food_score",116.39
"36063022901","tract",2023,"food_score",91.85
"36063022902","tract",2023,"food_score",104.11
"36063023001","tract",2023,"food_score",81.36
"36063023100","tract",2023,"food_score",81.55
"36063023200","tract",2023,"food_score",101.24
"36063023301","tract",2023,"food_score",101.99
"36063023302","tract",2023,"food_score",60.92
"36063023401","tract",2023,"food_score",107
"36063023402","tract",2023,"food_score",117.88
"36063023404","tract",2023,"food_score",103.77
"36063023405","tract",2023,"food_score",95.27
"36063023500","tract",2023,"food_score",95.45
"36063023600","tract",2023,"food_score",67.58
"36063023700","tract",2023,"food_score",71.96
"36063023800","tract",2023,"food_score",81.68
"36063023901","tract",2023,"food_score",103.99
"36063023902","tract",2023,"food_score",111.22
"36063024001","tract",2023,"food_score",113.37
"36063024002","tract",2023,"food_score",91.62
"36063024101","tract",2023,"food_score",100.69
"36063024102","tract",2023,"food_score",98.52
"36063024201","tract",2023,"food_score",116.51
"36063024202","tract",2023,"food_score",104.38
"36063024301","tract",2023,"food_score",106.44
"36063024302","tract",2023,"food_score",121.84
"36063024303","tract",2023,"food_score",110.91
"36063024401","tract",2023,"food_score",118.94
"36063024404","tract",2023,"food_score",123.16
"36063024405","tract",2023,"food_score",100.95
"36063024406","tract",2023,"food_score",NA
"36063024501","tract",2023,"food_score",113.4
"36063024502","tract",2023,"food_score",100.71
"36063024600","tract",2023,"food_score",117.97
"36063940001","tract",2023,"food_score",68.77
"36063940100","tract",2023,"food_score",NA
"36063990000","tract",2023,"food_score",NA
"36065020102","tract",2023,"food_score",48.02
"36065020300","tract",2023,"food_score",42.28
"36065020705","tract",2023,"food_score",85.52
"36065020802","tract",2023,"food_score",50.44
"36065020803","tract",2023,"food_score",61.32
"36065020900","tract",2023,"food_score",50.14
"36065021000","tract",2023,"food_score",22.71
"36065021103","tract",2023,"food_score",48.48
"36065021104","tract",2023,"food_score",51.04
"36065021201","tract",2023,"food_score",34.22
"36065021202","tract",2023,"food_score",62.88
"36065021301","tract",2023,"food_score",117.46
"36065021302","tract",2023,"food_score",74.49
"36065021303","tract",2023,"food_score",87.98
"36065021401","tract",2023,"food_score",80.47
"36065021402","tract",2023,"food_score",78.39
"36065021500","tract",2023,"food_score",64.4
"36065021601","tract",2023,"food_score",98.52
"36065021602","tract",2023,"food_score",109.55
"36065021701","tract",2023,"food_score",103.29
"36065021702","tract",2023,"food_score",100.91
"36065021900","tract",2023,"food_score",60.31
"36065022000","tract",2023,"food_score",79.98
"36065022100","tract",2023,"food_score",97.39
"36065022200","tract",2023,"food_score",100.82
"36065022400","tract",2023,"food_score",67.65
"36065022500","tract",2023,"food_score",78.1
"36065022701","tract",2023,"food_score",99.42
"36065022702","tract",2023,"food_score",115.51
"36065022800","tract",2023,"food_score",113.32
"36065023000","tract",2023,"food_score",102.31
"36065023200","tract",2023,"food_score",96.76
"36065023300","tract",2023,"food_score",80.01
"36065023400","tract",2023,"food_score",104.74
"36065023501","tract",2023,"food_score",113.87
"36065023502","tract",2023,"food_score",120.27
"36065023702","tract",2023,"food_score",103.6
"36065023901","tract",2023,"food_score",122.59
"36065023902","tract",2023,"food_score",120.45
"36065024000","tract",2023,"food_score",101.78
"36065024101","tract",2023,"food_score",113.06
"36065024102","tract",2023,"food_score",106.92
"36065024200","tract",2023,"food_score",104.53
"36065024301","tract",2023,"food_score",123.07
"36065024302","tract",2023,"food_score",98.12
"36065024303","tract",2023,"food_score",104.14
"36065024400","tract",2023,"food_score",91.23
"36065024500","tract",2023,"food_score",103.75
"36065024700","tract",2023,"food_score",115.72
"36065024800","tract",2023,"food_score",113.84
"36065024900","tract",2023,"food_score",109.94
"36065025001","tract",2023,"food_score",114.57
"36065025002","tract",2023,"food_score",118.39
"36065025003","tract",2023,"food_score",NA
"36065025100","tract",2023,"food_score",108.9
"36065025200","tract",2023,"food_score",109.59
"36065025300","tract",2023,"food_score",118.77
"36065025400","tract",2023,"food_score",122.22
"36065025500","tract",2023,"food_score",114.29
"36065025601","tract",2023,"food_score",111.05
"36065025602","tract",2023,"food_score",114.58
"36065025700","tract",2023,"food_score",104.5
"36065025800","tract",2023,"food_score",70.82
"36065025900","tract",2023,"food_score",NA
"36065026100","tract",2023,"food_score",116.07
"36065026200","tract",2023,"food_score",112.35
"36065026300","tract",2023,"food_score",67.56
"36065026400","tract",2023,"food_score",60.15
"36065026501","tract",2023,"food_score",NA
"36065026502","tract",2023,"food_score",NA
"36065026600","tract",2023,"food_score",NA
"36065026700","tract",2023,"food_score",92.2
"36065980002","tract",2023,"food_score",NA
"36065980003","tract",2023,"food_score",NA
"36065980100","tract",2023,"food_score",NA
"36067000100","tract",2023,"food_score",75.95
"36067000200","tract",2023,"food_score",61.96
"36067000300","tract",2023,"food_score",78.91
"36067000400","tract",2023,"food_score",83.76
"36067000501","tract",2023,"food_score",54.71
"36067000600","tract",2023,"food_score",43.81
"36067000700","tract",2023,"food_score",51.17
"36067000800","tract",2023,"food_score",66.02
"36067000900","tract",2023,"food_score",100.56
"36067001000","tract",2023,"food_score",72.23
"36067001400","tract",2023,"food_score",34.93
"36067001500","tract",2023,"food_score",51.86
"36067001600","tract",2023,"food_score",80.3
"36067001701","tract",2023,"food_score",72.14
"36067001702","tract",2023,"food_score",58.81
"36067001800","tract",2023,"food_score",97.74
"36067001900","tract",2023,"food_score",92.71
"36067002000","tract",2023,"food_score",66.63
"36067002101","tract",2023,"food_score",47.4
"36067002300","tract",2023,"food_score",31.4
"36067002400","tract",2023,"food_score",68.87
"36067002700","tract",2023,"food_score",59.2
"36067002901","tract",2023,"food_score",103.63
"36067003000","tract",2023,"food_score",47.89
"36067003200","tract",2023,"food_score",88.28
"36067003400","tract",2023,"food_score",56.82
"36067003500","tract",2023,"food_score",71.97
"36067003601","tract",2023,"food_score",57.51
"36067003602","tract",2023,"food_score",84.68
"36067003800","tract",2023,"food_score",34.35
"36067003900","tract",2023,"food_score",21.71
"36067004000","tract",2023,"food_score",66.71
"36067004200","tract",2023,"food_score",-5.36
"36067004301","tract",2023,"food_score",NA
"36067004302","tract",2023,"food_score",NA
"36067004401","tract",2023,"food_score",84.32
"36067004500","tract",2023,"food_score",79.26
"36067004600","tract",2023,"food_score",103.91
"36067004800","tract",2023,"food_score",115.19
"36067004900","tract",2023,"food_score",85.36
"36067005000","tract",2023,"food_score",89.2
"36067005100","tract",2023,"food_score",41.83
"36067005200","tract",2023,"food_score",23.56
"36067005300","tract",2023,"food_score",52.27
"36067005400","tract",2023,"food_score",37.49
"36067005500","tract",2023,"food_score",86.66
"36067005601","tract",2023,"food_score",114.19
"36067005602","tract",2023,"food_score",NA
"36067005700","tract",2023,"food_score",75.4
"36067005800","tract",2023,"food_score",42.75
"36067005900","tract",2023,"food_score",32.25
"36067006000","tract",2023,"food_score",69.97
"36067006101","tract",2023,"food_score",66.25
"36067006102","tract",2023,"food_score",81.11
"36067006103","tract",2023,"food_score",106.71
"36067010100","tract",2023,"food_score",120.76
"36067010200","tract",2023,"food_score",82.21
"36067010301","tract",2023,"food_score",114.45
"36067010321","tract",2023,"food_score",117.89
"36067010322","tract",2023,"food_score",120.92
"36067010400","tract",2023,"food_score",110.18
"36067010500","tract",2023,"food_score",122.46
"36067010600","tract",2023,"food_score",96.51
"36067010700","tract",2023,"food_score",102.46
"36067010800","tract",2023,"food_score",102.06
"36067010900","tract",2023,"food_score",94.02
"36067011011","tract",2023,"food_score",101.92
"36067011012","tract",2023,"food_score",121.24
"36067011021","tract",2023,"food_score",102.82
"36067011022","tract",2023,"food_score",109.33
"36067011101","tract",2023,"food_score",106.88
"36067011102","tract",2023,"food_score",90.29
"36067011201","tract",2023,"food_score",88.23
"36067011202","tract",2023,"food_score",114.27
"36067011231","tract",2023,"food_score",108.42
"36067011232","tract",2023,"food_score",118.17
"36067011241","tract",2023,"food_score",121.93
"36067011242","tract",2023,"food_score",104.34
"36067011300","tract",2023,"food_score",119.28
"36067011401","tract",2023,"food_score",103.3
"36067011402","tract",2023,"food_score",104.97
"36067011500","tract",2023,"food_score",119.61
"36067011600","tract",2023,"food_score",114.52
"36067011700","tract",2023,"food_score",95.81
"36067011800","tract",2023,"food_score",95.12
"36067011900","tract",2023,"food_score",108.39
"36067012000","tract",2023,"food_score",107.38
"36067012100","tract",2023,"food_score",116.81
"36067012200","tract",2023,"food_score",90.43
"36067012300","tract",2023,"food_score",122.19
"36067012400","tract",2023,"food_score",102.77
"36067012500","tract",2023,"food_score",95.74
"36067012600","tract",2023,"food_score",106.78
"36067012700","tract",2023,"food_score",107.66
"36067012800","tract",2023,"food_score",99.98
"36067012900","tract",2023,"food_score",70
"36067013000","tract",2023,"food_score",104.09
"36067013100","tract",2023,"food_score",119.61
"36067013200","tract",2023,"food_score",97
"36067013300","tract",2023,"food_score",103.3
"36067013400","tract",2023,"food_score",110.26
"36067013500","tract",2023,"food_score",112.12
"36067013600","tract",2023,"food_score",93.16
"36067013701","tract",2023,"food_score",108.07
"36067013800","tract",2023,"food_score",115.8
"36067013900","tract",2023,"food_score",78.01
"36067014000","tract",2023,"food_score",83.38
"36067014200","tract",2023,"food_score",87.37
"36067014300","tract",2023,"food_score",94.34
"36067014400","tract",2023,"food_score",78.42
"36067014500","tract",2023,"food_score",103.96
"36067014600","tract",2023,"food_score",88.77
"36067014700","tract",2023,"food_score",127.15
"36067014800","tract",2023,"food_score",115.74
"36067014900","tract",2023,"food_score",116.74
"36067015000","tract",2023,"food_score",121.4
"36067015100","tract",2023,"food_score",117.65
"36067015201","tract",2023,"food_score",104.45
"36067015202","tract",2023,"food_score",121.71
"36067015203","tract",2023,"food_score",122.8
"36067015400","tract",2023,"food_score",107.56
"36067015500","tract",2023,"food_score",104.42
"36067015601","tract",2023,"food_score",111.16
"36067015602","tract",2023,"food_score",120.94
"36067015701","tract",2023,"food_score",123.59
"36067015702","tract",2023,"food_score",117.96
"36067015800","tract",2023,"food_score",112.93
"36067016001","tract",2023,"food_score",117.62
"36067016002","tract",2023,"food_score",123.46
"36067016100","tract",2023,"food_score",112.83
"36067016200","tract",2023,"food_score",111.32
"36067016300","tract",2023,"food_score",119.11
"36067016400","tract",2023,"food_score",116.53
"36067016501","tract",2023,"food_score",122.3
"36067016502","tract",2023,"food_score",111.85
"36067016600","tract",2023,"food_score",108.85
"36067016700","tract",2023,"food_score",123.21
"36067016801","tract",2023,"food_score",117.35
"36067016802","tract",2023,"food_score",117.86
"36067016901","tract",2023,"food_score",113.19
"36067016902","tract",2023,"food_score",112.59
"36067940000","tract",2023,"food_score",62.2
"36069050101","tract",2023,"food_score",120.2
"36069050103","tract",2023,"food_score",111.89
"36069050104","tract",2023,"food_score",123.76
"36069050105","tract",2023,"food_score",116.12
"36069050106","tract",2023,"food_score",123.34
"36069050203","tract",2023,"food_score",97.9
"36069050204","tract",2023,"food_score",124.28
"36069050205","tract",2023,"food_score",120.97
"36069050206","tract",2023,"food_score",104.9
"36069050302","tract",2023,"food_score",108.83
"36069050303","tract",2023,"food_score",91.71
"36069050304","tract",2023,"food_score",115.98
"36069050401","tract",2023,"food_score",107.65
"36069050402","tract",2023,"food_score",110.93
"36069050501","tract",2023,"food_score",116.84
"36069050502","tract",2023,"food_score",106.38
"36069050601","tract",2023,"food_score",126.04
"36069050603","tract",2023,"food_score",115.89
"36069050604","tract",2023,"food_score",113.67
"36069050800","tract",2023,"food_score",103.05
"36069050900","tract",2023,"food_score",108.04
"36069051001","tract",2023,"food_score",106.76
"36069051101","tract",2023,"food_score",115.73
"36069051102","tract",2023,"food_score",94.46
"36069051200","tract",2023,"food_score",97.68
"36069051301","tract",2023,"food_score",122.22
"36069051302","tract",2023,"food_score",90.64
"36069051400","tract",2023,"food_score",115.12
"36069051501","tract",2023,"food_score",122.53
"36069051502","tract",2023,"food_score",85.73
"36069051600","tract",2023,"food_score",102.27
"36069051700","tract",2023,"food_score",54.75
"36069051801","tract",2023,"food_score",96.17
"36069051900","tract",2023,"food_score",NA
"36069052001","tract",2023,"food_score",120.67
"36069052002","tract",2023,"food_score",107.56
"36069052003","tract",2023,"food_score",114.96
"36069052101","tract",2023,"food_score",108.75
"36069052102","tract",2023,"food_score",119.37
"36069052200","tract",2023,"food_score",96.84
"36071000100","tract",2023,"food_score",113.97
"36071000200","tract",2023,"food_score",112.98
"36071000301","tract",2023,"food_score",66.19
"36071000302","tract",2023,"food_score",81.28
"36071000400","tract",2023,"food_score",48.33
"36071000501","tract",2023,"food_score",47.14
"36071000502","tract",2023,"food_score",80.54
"36071000600","tract",2023,"food_score",64.21
"36071001100","tract",2023,"food_score",105.16
"36071001200","tract",2023,"food_score",105.11
"36071001300","tract",2023,"food_score",99.47
"36071001500","tract",2023,"food_score",101.41
"36071001601","tract",2023,"food_score",104.33
"36071001602","tract",2023,"food_score",97.34
"36071002100","tract",2023,"food_score",97.98
"36071002200","tract",2023,"food_score",85.92
"36071002300","tract",2023,"food_score",106.17
"36071010101","tract",2023,"food_score",119.88
"36071010102","tract",2023,"food_score",125.18
"36071010200","tract",2023,"food_score",121.02
"36071010300","tract",2023,"food_score",109.09
"36071010400","tract",2023,"food_score",114.57
"36071010501","tract",2023,"food_score",115.16
"36071010502","tract",2023,"food_score",101.27
"36071010601","tract",2023,"food_score",111.34
"36071010602","tract",2023,"food_score",92.26
"36071010701","tract",2023,"food_score",101.6
"36071010702","tract",2023,"food_score",111.17
"36071010801","tract",2023,"food_score",110.53
"36071010802","tract",2023,"food_score",114.75
"36071010901","tract",2023,"food_score",115.85
"36071010902","tract",2023,"food_score",118.71
"36071011000","tract",2023,"food_score",106.69
"36071011101","tract",2023,"food_score",104.12
"36071011102","tract",2023,"food_score",107.29
"36071011200","tract",2023,"food_score",110.45
"36071011301","tract",2023,"food_score",98.77
"36071011302","tract",2023,"food_score",103.7
"36071011400","tract",2023,"food_score",115.38
"36071011500","tract",2023,"food_score",114.02
"36071011601","tract",2023,"food_score",113.91
"36071011602","tract",2023,"food_score",87.13
"36071011701","tract",2023,"food_score",123.07
"36071011702","tract",2023,"food_score",106.21
"36071011801","tract",2023,"food_score",110.89
"36071011802","tract",2023,"food_score",121.96
"36071011900","tract",2023,"food_score",122.64
"36071012100","tract",2023,"food_score",112.09
"36071012200","tract",2023,"food_score",122.31
"36071012300","tract",2023,"food_score",122.75
"36071012601","tract",2023,"food_score",113.98
"36071012602","tract",2023,"food_score",112.44
"36071012700","tract",2023,"food_score",93.88
"36071012800","tract",2023,"food_score",112.95
"36071012900","tract",2023,"food_score",114.53
"36071013000","tract",2023,"food_score",121.77
"36071013100","tract",2023,"food_score",106.98
"36071013201","tract",2023,"food_score",113.62
"36071013202","tract",2023,"food_score",116.2
"36071013301","tract",2023,"food_score",98.15
"36071013302","tract",2023,"food_score",101.06
"36071013400","tract",2023,"food_score",99.99
"36071013500","tract",2023,"food_score",122.06
"36071013600","tract",2023,"food_score",NA
"36071013700","tract",2023,"food_score",83.72
"36071013800","tract",2023,"food_score",103.33
"36071013900","tract",2023,"food_score",107.17
"36071014101","tract",2023,"food_score",95.39
"36071014102","tract",2023,"food_score",113.32
"36071014201","tract",2023,"food_score",117.89
"36071014202","tract",2023,"food_score",120.22
"36071014301","tract",2023,"food_score",118.35
"36071014302","tract",2023,"food_score",125.09
"36071014400","tract",2023,"food_score",118.79
"36071014501","tract",2023,"food_score",123.71
"36071014502","tract",2023,"food_score",123
"36071014601","tract",2023,"food_score",118.23
"36071014602","tract",2023,"food_score",114.38
"36071014700","tract",2023,"food_score",116.02
"36071014801","tract",2023,"food_score",116.59
"36071014802","tract",2023,"food_score",117.3
"36071014900","tract",2023,"food_score",112.71
"36071015003","tract",2023,"food_score",88.9
"36071015005","tract",2023,"food_score",63.71
"36071015007","tract",2023,"food_score",65.37
"36071015008","tract",2023,"food_score",38.46
"36071015009","tract",2023,"food_score",69.85
"36071015010","tract",2023,"food_score",73.9
"36071015100","tract",2023,"food_score",74.6
"36071015201","tract",2023,"food_score",115.28
"36071015202","tract",2023,"food_score",113.51
"36071015203","tract",2023,"food_score",115.57
"36073040200","tract",2023,"food_score",108.06
"36073040300","tract",2023,"food_score",87.18
"36073040400","tract",2023,"food_score",101.04
"36073040500","tract",2023,"food_score",85.28
"36073040601","tract",2023,"food_score",115.59
"36073040602","tract",2023,"food_score",NA
"36073040603","tract",2023,"food_score",104.47
"36073040701","tract",2023,"food_score",76.68
"36073040702","tract",2023,"food_score",75.28
"36073040801","tract",2023,"food_score",99.37
"36073040802","tract",2023,"food_score",93.31
"36073401200","tract",2023,"food_score",103.63
"36073401300","tract",2023,"food_score",107.58
"36073990000","tract",2023,"food_score",NA
"36075020101","tract",2023,"food_score",98.11
"36075020102","tract",2023,"food_score",102.44
"36075020201","tract",2023,"food_score",89.47
"36075020202","tract",2023,"food_score",82.65
"36075020301","tract",2023,"food_score",95.32
"36075020303","tract",2023,"food_score",111.82
"36075020304","tract",2023,"food_score",95.12
"36075020400","tract",2023,"food_score",101.78
"36075020501","tract",2023,"food_score",88.29
"36075020502","tract",2023,"food_score",94.7
"36075020503","tract",2023,"food_score",99.47
"36075020600","tract",2023,"food_score",102.02
"36075020703","tract",2023,"food_score",119.01
"36075020704","tract",2023,"food_score",109.07
"36075020705","tract",2023,"food_score",93.44
"36075020706","tract",2023,"food_score",90.81
"36075020707","tract",2023,"food_score",103.58
"36075020800","tract",2023,"food_score",98.54
"36075020901","tract",2023,"food_score",75.61
"36075020903","tract",2023,"food_score",99.91
"36075020904","tract",2023,"food_score",98.92
"36075020905","tract",2023,"food_score",100.68
"36075021001","tract",2023,"food_score",92.42
"36075021002","tract",2023,"food_score",94.77
"36075021003","tract",2023,"food_score",115.01
"36075021101","tract",2023,"food_score",86.2
"36075021102","tract",2023,"food_score",58.39
"36075021103","tract",2023,"food_score",100.36
"36075021104","tract",2023,"food_score",88.3
"36075021201","tract",2023,"food_score",38.17
"36075021202","tract",2023,"food_score",79.51
"36075021203","tract",2023,"food_score",100.29
"36075021300","tract",2023,"food_score",91.35
"36075021401","tract",2023,"food_score",NA
"36075021402","tract",2023,"food_score",108.86
"36075021501","tract",2023,"food_score",106.29
"36075021503","tract",2023,"food_score",117.13
"36075021504","tract",2023,"food_score",92.82
"36075021505","tract",2023,"food_score",79.98
"36075021601","tract",2023,"food_score",76.36
"36075021602","tract",2023,"food_score",95.31
"36075021603","tract",2023,"food_score",111.31
"36075021604","tract",2023,"food_score",93.56
"36075021605","tract",2023,"food_score",66.42
"36075990000","tract",2023,"food_score",NA
"36077590101","tract",2023,"food_score",116.15
"36077590102","tract",2023,"food_score",109.89
"36077590201","tract",2023,"food_score",114.13
"36077590202","tract",2023,"food_score",115.68
"36077590301","tract",2023,"food_score",82.67
"36077590302","tract",2023,"food_score",114
"36077590401","tract",2023,"food_score",108.96
"36077590402","tract",2023,"food_score",111.21
"36077590500","tract",2023,"food_score",109.03
"36077590600","tract",2023,"food_score",104.73
"36077590701","tract",2023,"food_score",110.01
"36077590702","tract",2023,"food_score",117.45
"36077590800","tract",2023,"food_score",104.72
"36077590900","tract",2023,"food_score",112.21
"36077591000","tract",2023,"food_score",103.86
"36077591100","tract",2023,"food_score",97.07
"36077591401","tract",2023,"food_score",89.65
"36077591402","tract",2023,"food_score",110.55
"36077591500","tract",2023,"food_score",114.88
"36077591601","tract",2023,"food_score",88.01
"36077591602","tract",2023,"food_score",117
"36077591700","tract",2023,"food_score",NA
"36079010100","tract",2023,"food_score",119.04
"36079010201","tract",2023,"food_score",116.46
"36079010202","tract",2023,"food_score",NA
"36079010300","tract",2023,"food_score",122.29
"36079010400","tract",2023,"food_score",104.95
"36079010500","tract",2023,"food_score",121.61
"36079010600","tract",2023,"food_score",122.87
"36079010700","tract",2023,"food_score",110.62
"36079010800","tract",2023,"food_score",122.14
"36079010901","tract",2023,"food_score",107.89
"36079010902","tract",2023,"food_score",124.4
"36079011000","tract",2023,"food_score",125.14
"36079011100","tract",2023,"food_score",118.28
"36079011201","tract",2023,"food_score",116.64
"36079011202","tract",2023,"food_score",110.87
"36079011300","tract",2023,"food_score",118.4
"36079011400","tract",2023,"food_score",112.27
"36079011501","tract",2023,"food_score",115.35
"36079011502","tract",2023,"food_score",119.29
"36079011600","tract",2023,"food_score",122.63
"36079011700","tract",2023,"food_score",122.31
"36079011801","tract",2023,"food_score",114.69
"36079011802","tract",2023,"food_score",123.78
"36079011900","tract",2023,"food_score",124.58
"36081000101","tract",2023,"food_score",112.14
"36081000102","tract",2023,"food_score",116.98
"36081000103","tract",2023,"food_score",NA
"36081000104","tract",2023,"food_score",NA
"36081000200","tract",2023,"food_score",90.19
"36081000400","tract",2023,"food_score",104.99
"36081000600","tract",2023,"food_score",85.27
"36081000701","tract",2023,"food_score",105.05
"36081000702","tract",2023,"food_score",104.25
"36081000800","tract",2023,"food_score",102.39
"36081001000","tract",2023,"food_score",96.61
"36081001200","tract",2023,"food_score",85.64
"36081001400","tract",2023,"food_score",92.87
"36081001600","tract",2023,"food_score",76.44
"36081001800","tract",2023,"food_score",74.57
"36081001901","tract",2023,"food_score",105.92
"36081001902","tract",2023,"food_score",113.56
"36081001903","tract",2023,"food_score",112.29
"36081002000","tract",2023,"food_score",101.6
"36081002200","tract",2023,"food_score",91.6
"36081002400","tract",2023,"food_score",86.65
"36081002500","tract",2023,"food_score",47.16
"36081002600","tract",2023,"food_score",75.11
"36081002800","tract",2023,"food_score",86.19
"36081003000","tract",2023,"food_score",84.95
"36081003100","tract",2023,"food_score",104.15
"36081003200","tract",2023,"food_score",92.17
"36081003301","tract",2023,"food_score",112.73
"36081003302","tract",2023,"food_score",85.92
"36081003400","tract",2023,"food_score",88.75
"36081003600","tract",2023,"food_score",94.6
"36081003700","tract",2023,"food_score",NA
"36081003800","tract",2023,"food_score",75.71
"36081003900","tract",2023,"food_score",29.16
"36081004001","tract",2023,"food_score",82.39
"36081004002","tract",2023,"food_score",87.8
"36081004200","tract",2023,"food_score",84.42
"36081004300","tract",2023,"food_score",36.3
"36081004401","tract",2023,"food_score",92.96
"36081004500","tract",2023,"food_score",87.13
"36081004700","tract",2023,"food_score",73.2
"36081005000","tract",2023,"food_score",NA
"36081005100","tract",2023,"food_score",74.08
"36081005200","tract",2023,"food_score",92.78
"36081005300","tract",2023,"food_score",104.3
"36081005400","tract",2023,"food_score",79.78
"36081005500","tract",2023,"food_score",91.62
"36081005700","tract",2023,"food_score",73.03
"36081005800","tract",2023,"food_score",89.25
"36081005900","tract",2023,"food_score",77.82
"36081006100","tract",2023,"food_score",99.57
"36081006201","tract",2023,"food_score",108.67
"36081006202","tract",2023,"food_score",91.06
"36081006300","tract",2023,"food_score",99.52
"36081006501","tract",2023,"food_score",101.85
"36081006502","tract",2023,"food_score",110.4
"36081006900","tract",2023,"food_score",80.75
"36081007100","tract",2023,"food_score",101.21
"36081007300","tract",2023,"food_score",80.35
"36081007500","tract",2023,"food_score",74.87
"36081007700","tract",2023,"food_score",90.21
"36081007900","tract",2023,"food_score",83.25
"36081008100","tract",2023,"food_score",105.2
"36081008300","tract",2023,"food_score",94.34
"36081008500","tract",2023,"food_score",102.49
"36081008600","tract",2023,"food_score",97.4
"36081008700","tract",2023,"food_score",53.59
"36081008800","tract",2023,"food_score",93.01
"36081009100","tract",2023,"food_score",99.4
"36081009400","tract",2023,"food_score",84.03
"36081009500","tract",2023,"food_score",110.59
"36081009600","tract",2023,"food_score",85.31
"36081009700","tract",2023,"food_score",104.98
"36081009800","tract",2023,"food_score",89.08
"36081009900","tract",2023,"food_score",NA
"36081010000","tract",2023,"food_score",94.64
"36081010100","tract",2023,"food_score",108.21
"36081010200","tract",2023,"food_score",96.45
"36081010300","tract",2023,"food_score",84.31
"36081010400","tract",2023,"food_score",83.48
"36081010500","tract",2023,"food_score",84.69
"36081010600","tract",2023,"food_score",64.81
"36081010701","tract",2023,"food_score",NA
"36081010800","tract",2023,"food_score",89
"36081011000","tract",2023,"food_score",76.05
"36081011100","tract",2023,"food_score",104.21
"36081011200","tract",2023,"food_score",102.31
"36081011300","tract",2023,"food_score",105.54
"36081011400","tract",2023,"food_score",47.73
"36081011500","tract",2023,"food_score",95.57
"36081011600","tract",2023,"food_score",90.14
"36081011700","tract",2023,"food_score",108.38
"36081011800","tract",2023,"food_score",96.62
"36081011900","tract",2023,"food_score",91.68
"36081012000","tract",2023,"food_score",70.3
"36081012100","tract",2023,"food_score",113.75
"36081012200","tract",2023,"food_score",90.27
"36081012301","tract",2023,"food_score",115.61
"36081012400","tract",2023,"food_score",83.45
"36081012500","tract",2023,"food_score",101.36
"36081012601","tract",2023,"food_score",94.88
"36081012602","tract",2023,"food_score",109.42
"36081012800","tract",2023,"food_score",104.54
"36081013000","tract",2023,"food_score",106.08
"36081013200","tract",2023,"food_score",100.93
"36081013400","tract",2023,"food_score",87.27
"36081013500","tract",2023,"food_score",113.52
"36081013600","tract",2023,"food_score",111.91
"36081013700","tract",2023,"food_score",108.04
"36081013800","tract",2023,"food_score",100.68
"36081014000","tract",2023,"food_score",77.7
"36081014100","tract",2023,"food_score",89.88
"36081014201","tract",2023,"food_score",103.64
"36081014202","tract",2023,"food_score",80.72
"36081014300","tract",2023,"food_score",99.59
"36081014400","tract",2023,"food_score",68.66
"36081014500","tract",2023,"food_score",103.06
"36081014700","tract",2023,"food_score",83.87
"36081014800","tract",2023,"food_score",100.84
"36081014900","tract",2023,"food_score",99.31
"36081015000","tract",2023,"food_score",91.4
"36081015100","tract",2023,"food_score",92.3
"36081015200","tract",2023,"food_score",84.21
"36081015300","tract",2023,"food_score",107.27
"36081015400","tract",2023,"food_score",85.15
"36081015500","tract",2023,"food_score",106.14
"36081015600","tract",2023,"food_score",87.48
"36081015700","tract",2023,"food_score",77
"36081015801","tract",2023,"food_score",67.73
"36081015802","tract",2023,"food_score",64.79
"36081015900","tract",2023,"food_score",100.17
"36081016100","tract",2023,"food_score",90.19
"36081016300","tract",2023,"food_score",52.44
"36081016400","tract",2023,"food_score",86
"36081016600","tract",2023,"food_score",93.23
"36081016800","tract",2023,"food_score",98.79
"36081016900","tract",2023,"food_score",107.48
"36081017000","tract",2023,"food_score",100.56
"36081017101","tract",2023,"food_score",NA
"36081017102","tract",2023,"food_score",NA
"36081017200","tract",2023,"food_score",93.56
"36081017400","tract",2023,"food_score",86.69
"36081017600","tract",2023,"food_score",75.39
"36081017800","tract",2023,"food_score",112.06
"36081017901","tract",2023,"food_score",98.17
"36081017902","tract",2023,"food_score",NA
"36081018000","tract",2023,"food_score",91.88
"36081018101","tract",2023,"food_score",92.99
"36081018102","tract",2023,"food_score",89.6
"36081018200","tract",2023,"food_score",101.26
"36081018300","tract",2023,"food_score",104.84
"36081018401","tract",2023,"food_score",85.76
"36081018402","tract",2023,"food_score",89.31
"36081018501","tract",2023,"food_score",101.51
"36081018502","tract",2023,"food_score",108.49
"36081018600","tract",2023,"food_score",90.92
"36081018700","tract",2023,"food_score",92.78
"36081018800","tract",2023,"food_score",93.21
"36081018900","tract",2023,"food_score",98.69
"36081019000","tract",2023,"food_score",97.17
"36081019200","tract",2023,"food_score",94.32
"36081019400","tract",2023,"food_score",91.39
"36081019600","tract",2023,"food_score",53.39
"36081019800","tract",2023,"food_score",85.55
"36081019901","tract",2023,"food_score",NA
"36081019902","tract",2023,"food_score",NA
"36081019903","tract",2023,"food_score",NA
"36081020200","tract",2023,"food_score",81.47
"36081020400","tract",2023,"food_score",92.72
"36081020500","tract",2023,"food_score",97.72
"36081020600","tract",2023,"food_score",99.05
"36081020800","tract",2023,"food_score",82.83
"36081021200","tract",2023,"food_score",77.73
"36081021400","tract",2023,"food_score",70.64
"36081021601","tract",2023,"food_score",114.81
"36081021602","tract",2023,"food_score",95.04
"36081021603","tract",2023,"food_score",NA
"36081021900","tract",2023,"food_score",NA
"36081022001","tract",2023,"food_score",92.96
"36081022002","tract",2023,"food_score",112.66
"36081022900","tract",2023,"food_score",NA
"36081023000","tract",2023,"food_score",111.06
"36081023200","tract",2023,"food_score",96.98
"36081023501","tract",2023,"food_score",73.55
"36081023502","tract",2023,"food_score",83.46
"36081023600","tract",2023,"food_score",93.01
"36081023800","tract",2023,"food_score",77.94
"36081024000","tract",2023,"food_score",84.61
"36081024300","tract",2023,"food_score",86.56
"36081024500","tract",2023,"food_score",100.28
"36081024600","tract",2023,"food_score",NA
"36081024700","tract",2023,"food_score",91.45
"36081024900","tract",2023,"food_score",96.77
"36081025100","tract",2023,"food_score",87.24
"36081025301","tract",2023,"food_score",104.05
"36081025302","tract",2023,"food_score",74.76
"36081025401","tract",2023,"food_score",100.53
"36081025402","tract",2023,"food_score",52.32
"36081025500","tract",2023,"food_score",106.64
"36081025700","tract",2023,"food_score",93.45
"36081025800","tract",2023,"food_score",101.68
"36081025900","tract",2023,"food_score",93.24
"36081026000","tract",2023,"food_score",81.78
"36081026100","tract",2023,"food_score",84.89
"36081026200","tract",2023,"food_score",103.94
"36081026300","tract",2023,"food_score",103.2
"36081026400","tract",2023,"food_score",96
"36081026501","tract",2023,"food_score",76.69
"36081026502","tract",2023,"food_score",78.56
"36081026600","tract",2023,"food_score",71.73
"36081026700","tract",2023,"food_score",101.36
"36081026901","tract",2023,"food_score",47.58
"36081026902","tract",2023,"food_score",62.31
"36081027000","tract",2023,"food_score",79.09
"36081027101","tract",2023,"food_score",70.01
"36081027102","tract",2023,"food_score",78.65
"36081027200","tract",2023,"food_score",101.27
"36081027301","tract",2023,"food_score",54.65
"36081027302","tract",2023,"food_score",89.62
"36081027400","tract",2023,"food_score",101.91
"36081027500","tract",2023,"food_score",93.78
"36081027600","tract",2023,"food_score",101.09
"36081027701","tract",2023,"food_score",81.27
"36081027702","tract",2023,"food_score",98.54
"36081027800","tract",2023,"food_score",61.71
"36081027900","tract",2023,"food_score",99.97
"36081028000","tract",2023,"food_score",89.93
"36081028100","tract",2023,"food_score",89.91
"36081028200","tract",2023,"food_score",98.73
"36081028300","tract",2023,"food_score",97.38
"36081028400","tract",2023,"food_score",112.49
"36081028500","tract",2023,"food_score",81.97
"36081028700","tract",2023,"food_score",86.7
"36081028801","tract",2023,"food_score",72.66
"36081028802","tract",2023,"food_score",81.23
"36081028803","tract",2023,"food_score",NA
"36081028900","tract",2023,"food_score",103.83
"36081029100","tract",2023,"food_score",84.22
"36081029300","tract",2023,"food_score",110.58
"36081029400","tract",2023,"food_score",94.52
"36081029500","tract",2023,"food_score",100.4
"36081029700","tract",2023,"food_score",97.54
"36081029900","tract",2023,"food_score",NA
"36081030600","tract",2023,"food_score",92.18
"36081030903","tract",2023,"food_score",96.24
"36081030904","tract",2023,"food_score",87.2
"36081030905","tract",2023,"food_score",98.65
"36081030906","tract",2023,"food_score",101.93
"36081031700","tract",2023,"food_score",101.5
"36081032000","tract",2023,"food_score",83.42
"36081032700","tract",2023,"food_score",76.08
"36081032800","tract",2023,"food_score",94.22
"36081032900","tract",2023,"food_score",105.41
"36081033000","tract",2023,"food_score",98.6
"36081033100","tract",2023,"food_score",NA
"36081033401","tract",2023,"food_score",86.5
"36081033403","tract",2023,"food_score",71.49
"36081033404","tract",2023,"food_score",104.32
"36081033405","tract",2023,"food_score",100.59
"36081033700","tract",2023,"food_score",97.09
"36081033900","tract",2023,"food_score",106.66
"36081034700","tract",2023,"food_score",73.93
"36081035100","tract",2023,"food_score",83.9
"36081035200","tract",2023,"food_score",100.04
"36081035300","tract",2023,"food_score",84.44
"36081035700","tract",2023,"food_score",72.28
"36081035800","tract",2023,"food_score",87.33
"36081036100","tract",2023,"food_score",82.85
"36081036300","tract",2023,"food_score",64.87
"36081036500","tract",2023,"food_score",70.27
"36081036600","tract",2023,"food_score",97.44
"36081036700","tract",2023,"food_score",89.65
"36081036800","tract",2023,"food_score",98.58
"36081037100","tract",2023,"food_score",92.59
"36081037300","tract",2023,"food_score",55.54
"36081037501","tract",2023,"food_score",67.05
"36081037502","tract",2023,"food_score",42.83
"36081037600","tract",2023,"food_score",74.29
"36081037700","tract",2023,"food_score",63.23
"36081037900","tract",2023,"food_score",61.1
"36081038100","tract",2023,"food_score",79.41
"36081038301","tract",2023,"food_score",NA
"36081038302","tract",2023,"food_score",NA
"36081038400","tract",2023,"food_score",105.98
"36081039400","tract",2023,"food_score",75.11
"36081039800","tract",2023,"food_score",81.76
"36081039901","tract",2023,"food_score",85.83
"36081039902","tract",2023,"food_score",69.52
"36081040000","tract",2023,"food_score",97.31
"36081040101","tract",2023,"food_score",73.03
"36081040102","tract",2023,"food_score",63.24
"36081040200","tract",2023,"food_score",80.45
"36081040301","tract",2023,"food_score",58.64
"36081040302","tract",2023,"food_score",72.14
"36081040400","tract",2023,"food_score",86.14
"36081040501","tract",2023,"food_score",87.77
"36081040502","tract",2023,"food_score",85.88
"36081040701","tract",2023,"food_score",55.62
"36081040702","tract",2023,"food_score",75.34
"36081040901","tract",2023,"food_score",83.77
"36081040902","tract",2023,"food_score",76.39
"36081041100","tract",2023,"food_score",72.72
"36081041300","tract",2023,"food_score",50.23
"36081041400","tract",2023,"food_score",106.44
"36081041500","tract",2023,"food_score",75.52
"36081042400","tract",2023,"food_score",101.89
"36081042600","tract",2023,"food_score",NA
"36081042700","tract",2023,"food_score",76.23
"36081043200","tract",2023,"food_score",85.29
"36081043400","tract",2023,"food_score",82.07
"36081043701","tract",2023,"food_score",53.91
"36081043702","tract",2023,"food_score",72.94
"36081043900","tract",2023,"food_score",42.85
"36081044000","tract",2023,"food_score",94.27
"36081044301","tract",2023,"food_score",40.07
"36081044302","tract",2023,"food_score",76.19
"36081044400","tract",2023,"food_score",74.56
"36081044601","tract",2023,"food_score",79.97
"36081044602","tract",2023,"food_score",73.9
"36081044800","tract",2023,"food_score",86.31
"36081045000","tract",2023,"food_score",109.27
"36081045200","tract",2023,"food_score",58.42
"36081045400","tract",2023,"food_score",92.55
"36081045500","tract",2023,"food_score",72.01
"36081045600","tract",2023,"food_score",102.58
"36081045700","tract",2023,"food_score",63.53
"36081045800","tract",2023,"food_score",92.54
"36081045900","tract",2023,"food_score",93.9
"36081046000","tract",2023,"food_score",85.21
"36081046100","tract",2023,"food_score",65.21
"36081046200","tract",2023,"food_score",88.58
"36081046300","tract",2023,"food_score",53.68
"36081046400","tract",2023,"food_score",101.83
"36081046500","tract",2023,"food_score",78.12
"36081046600","tract",2023,"food_score",92.38
"36081046700","tract",2023,"food_score",46.32
"36081046800","tract",2023,"food_score",74.79
"36081046901","tract",2023,"food_score",68.66
"36081046902","tract",2023,"food_score",82.69
"36081047000","tract",2023,"food_score",69.26
"36081047100","tract",2023,"food_score",86.91
"36081047200","tract",2023,"food_score",99.47
"36081047300","tract",2023,"food_score",99.79
"36081047500","tract",2023,"food_score",92.77
"36081047600","tract",2023,"food_score",112.72
"36081047801","tract",2023,"food_score",108.52
"36081047802","tract",2023,"food_score",86.29
"36081047900","tract",2023,"food_score",100.23
"36081048000","tract",2023,"food_score",95.55
"36081048100","tract",2023,"food_score",86.82
"36081048200","tract",2023,"food_score",91.22
"36081048301","tract",2023,"food_score",83.11
"36081048302","tract",2023,"food_score",96.54
"36081048400","tract",2023,"food_score",101.82
"36081048500","tract",2023,"food_score",90
"36081048900","tract",2023,"food_score",86.35
"36081049201","tract",2023,"food_score",82.48
"36081049202","tract",2023,"food_score",80.49
"36081049301","tract",2023,"food_score",84.54
"36081049302","tract",2023,"food_score",79.39
"36081049500","tract",2023,"food_score",90.92
"36081049600","tract",2023,"food_score",102.63
"36081049700","tract",2023,"food_score",102.63
"36081049900","tract",2023,"food_score",97.7
"36081050000","tract",2023,"food_score",107.31
"36081050201","tract",2023,"food_score",106.76
"36081050202","tract",2023,"food_score",78.25
"36081050400","tract",2023,"food_score",96.61
"36081050500","tract",2023,"food_score",102.21
"36081050600","tract",2023,"food_score",106.27
"36081050700","tract",2023,"food_score",83.15
"36081050800","tract",2023,"food_score",66.54
"36081051000","tract",2023,"food_score",77.46
"36081051100","tract",2023,"food_score",103.74
"36081051200","tract",2023,"food_score",94.57
"36081051300","tract",2023,"food_score",104.92
"36081051500","tract",2023,"food_score",95.03
"36081051600","tract",2023,"food_score",91.3
"36081051700","tract",2023,"food_score",103.23
"36081051800","tract",2023,"food_score",86.37
"36081052000","tract",2023,"food_score",104.16
"36081052100","tract",2023,"food_score",97.15
"36081052200","tract",2023,"food_score",99.01
"36081052400","tract",2023,"food_score",89.9
"36081052500","tract",2023,"food_score",94.52
"36081052600","tract",2023,"food_score",92.24
"36081052800","tract",2023,"food_score",103.04
"36081053000","tract",2023,"food_score",80.35
"36081053100","tract",2023,"food_score",91.75
"36081053200","tract",2023,"food_score",94.51
"36081053401","tract",2023,"food_score",116.11
"36081053501","tract",2023,"food_score",87.81
"36081053502","tract",2023,"food_score",NA
"36081053601","tract",2023,"food_score",103.56
"36081053800","tract",2023,"food_score",85.16
"36081053901","tract",2023,"food_score",95.03
"36081053902","tract",2023,"food_score",119.08
"36081054000","tract",2023,"food_score",85.66
"36081054200","tract",2023,"food_score",104.61
"36081054500","tract",2023,"food_score",73.85
"36081054700","tract",2023,"food_score",96.97
"36081054800","tract",2023,"food_score",87.52
"36081054900","tract",2023,"food_score",97.03
"36081055100","tract",2023,"food_score",75.21
"36081055200","tract",2023,"food_score",96.22
"36081055300","tract",2023,"food_score",96.96
"36081055400","tract",2023,"food_score",87.27
"36081055500","tract",2023,"food_score",73.44
"36081055600","tract",2023,"food_score",111.16
"36081055700","tract",2023,"food_score",92.68
"36081055800","tract",2023,"food_score",107.52
"36081055900","tract",2023,"food_score",91.41
"36081056000","tract",2023,"food_score",113.99
"36081056100","tract",2023,"food_score",NA
"36081056200","tract",2023,"food_score",105.78
"36081056400","tract",2023,"food_score",114.93
"36081056500","tract",2023,"food_score",115.22
"36081056600","tract",2023,"food_score",78.41
"36081056700","tract",2023,"food_score",112.39
"36081056800","tract",2023,"food_score",90.59
"36081057700","tract",2023,"food_score",92.82
"36081057900","tract",2023,"food_score",81.4
"36081058000","tract",2023,"food_score",110.48
"36081058100","tract",2023,"food_score",75.28
"36081058200","tract",2023,"food_score",88.76
"36081058300","tract",2023,"food_score",92.5
"36081058500","tract",2023,"food_score",92.95
"36081058700","tract",2023,"food_score",88.19
"36081058900","tract",2023,"food_score",83.64
"36081059000","tract",2023,"food_score",105.43
"36081059100","tract",2023,"food_score",102.74
"36081059200","tract",2023,"food_score",98.61
"36081059300","tract",2023,"food_score",100.42
"36081059400","tract",2023,"food_score",103.42
"36081059501","tract",2023,"food_score",105.74
"36081059502","tract",2023,"food_score",60.42
"36081059600","tract",2023,"food_score",88.88
"36081059800","tract",2023,"food_score",65.25
"36081059900","tract",2023,"food_score",84.13
"36081060000","tract",2023,"food_score",104.94
"36081060100","tract",2023,"food_score",92.17
"36081060300","tract",2023,"food_score",84.23
"36081060600","tract",2023,"food_score",106.22
"36081060701","tract",2023,"food_score",NA
"36081060800","tract",2023,"food_score",104.97
"36081061000","tract",2023,"food_score",106.32
"36081061200","tract",2023,"food_score",109.92
"36081061301","tract",2023,"food_score",91.45
"36081061302","tract",2023,"food_score",NA
"36081061400","tract",2023,"food_score",88.32
"36081061601","tract",2023,"food_score",114.48
"36081061602","tract",2023,"food_score",113.6
"36081061800","tract",2023,"food_score",96.53
"36081061900","tract",2023,"food_score",103.88
"36081062000","tract",2023,"food_score",93.05
"36081062100","tract",2023,"food_score",90.06
"36081062200","tract",2023,"food_score",105.84
"36081062300","tract",2023,"food_score",111.63
"36081062400","tract",2023,"food_score",NA
"36081062500","tract",2023,"food_score",95.61
"36081062600","tract",2023,"food_score",103.62
"36081062700","tract",2023,"food_score",96.66
"36081062900","tract",2023,"food_score",89.05
"36081063000","tract",2023,"food_score",113.76
"36081063200","tract",2023,"food_score",109.71
"36081063301","tract",2023,"food_score",109.9
"36081063302","tract",2023,"food_score",101.4
"36081063500","tract",2023,"food_score",97.88
"36081063700","tract",2023,"food_score",105.25
"36081063800","tract",2023,"food_score",114.65
"36081063900","tract",2023,"food_score",94.61
"36081064101","tract",2023,"food_score",101.82
"36081064102","tract",2023,"food_score",NA
"36081064500","tract",2023,"food_score",88.94
"36081064600","tract",2023,"food_score",89.06
"36081065000","tract",2023,"food_score",87.47
"36081065401","tract",2023,"food_score",104.57
"36081065402","tract",2023,"food_score",NA
"36081065501","tract",2023,"food_score",NA
"36081065600","tract",2023,"food_score",91.18
"36081065702","tract",2023,"food_score",110.73
"36081065703","tract",2023,"food_score",106.01
"36081065900","tract",2023,"food_score",103.15
"36081066000","tract",2023,"food_score",98.12
"36081066100","tract",2023,"food_score",108.33
"36081066301","tract",2023,"food_score",96.51
"36081066302","tract",2023,"food_score",NA
"36081066401","tract",2023,"food_score",76.74
"36081066402","tract",2023,"food_score",115.88
"36081066403","tract",2023,"food_score",88.96
"36081066404","tract",2023,"food_score",NA
"36081066501","tract",2023,"food_score",107.47
"36081066701","tract",2023,"food_score",107.51
"36081066900","tract",2023,"food_score",108.36
"36081067100","tract",2023,"food_score",106.29
"36081067700","tract",2023,"food_score",111.61
"36081067900","tract",2023,"food_score",90.21
"36081068000","tract",2023,"food_score",104.29
"36081068200","tract",2023,"food_score",101.68
"36081068300","tract",2023,"food_score",81.29
"36081068700","tract",2023,"food_score",89.6
"36081069000","tract",2023,"food_score",100.48
"36081069300","tract",2023,"food_score",79.79
"36081069400","tract",2023,"food_score",117.38
"36081069500","tract",2023,"food_score",96.75
"36081069701","tract",2023,"food_score",88.88
"36081069702","tract",2023,"food_score",96.65
"36081070300","tract",2023,"food_score",89.82
"36081070700","tract",2023,"food_score",116.53
"36081070900","tract",2023,"food_score",107.63
"36081071100","tract",2023,"food_score",102.01
"36081071303","tract",2023,"food_score",115.83
"36081071304","tract",2023,"food_score",96.31
"36081071305","tract",2023,"food_score",98.21
"36081071306","tract",2023,"food_score",100.18
"36081071600","tract",2023,"food_score",NA
"36081071701","tract",2023,"food_score",94.81
"36081071702","tract",2023,"food_score",94.85
"36081071900","tract",2023,"food_score",55.4
"36081072100","tract",2023,"food_score",82.76
"36081072300","tract",2023,"food_score",113.16
"36081072900","tract",2023,"food_score",115.02
"36081073100","tract",2023,"food_score",115.76
"36081073700","tract",2023,"food_score",113.21
"36081073900","tract",2023,"food_score",111.59
"36081074100","tract",2023,"food_score",110.49
"36081074300","tract",2023,"food_score",93.26
"36081074500","tract",2023,"food_score",100.5
"36081074700","tract",2023,"food_score",107.6
"36081074900","tract",2023,"food_score",119.64
"36081075701","tract",2023,"food_score",99.74
"36081075702","tract",2023,"food_score",112.33
"36081076901","tract",2023,"food_score",105.27
"36081076902","tract",2023,"food_score",86.07
"36081077300","tract",2023,"food_score",107.66
"36081077500","tract",2023,"food_score",103.8
"36081077902","tract",2023,"food_score",77.17
"36081077903","tract",2023,"food_score",95.25
"36081077904","tract",2023,"food_score",103.95
"36081077905","tract",2023,"food_score",100.99
"36081077906","tract",2023,"food_score",104.68
"36081077907","tract",2023,"food_score",76.2
"36081077908","tract",2023,"food_score",89.49
"36081078800","tract",2023,"food_score",96.57
"36081079000","tract",2023,"food_score",85.7
"36081079200","tract",2023,"food_score",84.2
"36081079300","tract",2023,"food_score",NA
"36081079701","tract",2023,"food_score",76.75
"36081079702","tract",2023,"food_score",69.45
"36081079900","tract",2023,"food_score",94.84
"36081080301","tract",2023,"food_score",105.96
"36081080302","tract",2023,"food_score",103.57
"36081080900","tract",2023,"food_score",97.7
"36081081400","tract",2023,"food_score",93
"36081081800","tract",2023,"food_score",99.68
"36081083700","tract",2023,"food_score",104.82
"36081083800","tract",2023,"food_score",87.6
"36081084000","tract",2023,"food_score",89.38
"36081084500","tract",2023,"food_score",73.84
"36081084601","tract",2023,"food_score",95.49
"36081084602","tract",2023,"food_score",100.37
"36081084901","tract",2023,"food_score",85.09
"36081084902","tract",2023,"food_score",73.36
"36081085300","tract",2023,"food_score",102.47
"36081085500","tract",2023,"food_score",72.35
"36081085700","tract",2023,"food_score",97.89
"36081085900","tract",2023,"food_score",73.7
"36081086100","tract",2023,"food_score",88.74
"36081086300","tract",2023,"food_score",107.99
"36081086400","tract",2023,"food_score",100.84
"36081086500","tract",2023,"food_score",85.33
"36081086900","tract",2023,"food_score",93.01
"36081087100","tract",2023,"food_score",84.35
"36081088400","tract",2023,"food_score",114.09
"36081088902","tract",2023,"food_score",93.13
"36081088903","tract",2023,"food_score",101.04
"36081089201","tract",2023,"food_score",113.92
"36081089202","tract",2023,"food_score",NA
"36081090700","tract",2023,"food_score",94.07
"36081091602","tract",2023,"food_score",NA
"36081091603","tract",2023,"food_score",112.2
"36081091604","tract",2023,"food_score",NA
"36081091800","tract",2023,"food_score",NA
"36081091900","tract",2023,"food_score",102.64
"36081092200","tract",2023,"food_score",117.87
"36081092500","tract",2023,"food_score",85.45
"36081092800","tract",2023,"food_score",124.02
"36081092900","tract",2023,"food_score",101.66
"36081093401","tract",2023,"food_score",110.58
"36081093402","tract",2023,"food_score",108.77
"36081093800","tract",2023,"food_score",103.84
"36081093900","tract",2023,"food_score",78.72
"36081094201","tract",2023,"food_score",65.78
"36081094202","tract",2023,"food_score",66.32
"36081094203","tract",2023,"food_score",86.49
"36081094500","tract",2023,"food_score",106.25
"36081094700","tract",2023,"food_score",93.1
"36081095400","tract",2023,"food_score",79.03
"36081096400","tract",2023,"food_score",90.83
"36081097202","tract",2023,"food_score",12.87
"36081097204","tract",2023,"food_score",70.85
"36081097205","tract",2023,"food_score",26.47
"36081097206","tract",2023,"food_score",77.39
"36081097207","tract",2023,"food_score",NA
"36081097300","tract",2023,"food_score",113.82
"36081098100","tract",2023,"food_score",95.66
"36081098700","tract",2023,"food_score",110.91
"36081099100","tract",2023,"food_score",110.5
"36081099200","tract",2023,"food_score",50.94
"36081099701","tract",2023,"food_score",119.23
"36081099703","tract",2023,"food_score",111.62
"36081099704","tract",2023,"food_score",113.45
"36081099705","tract",2023,"food_score",101.75
"36081099801","tract",2023,"food_score",79
"36081099802","tract",2023,"food_score",64.68
"36081099900","tract",2023,"food_score",NA
"36081100801","tract",2023,"food_score",116.39
"36081100803","tract",2023,"food_score",79.19
"36081100804","tract",2023,"food_score",101.33
"36081101002","tract",2023,"food_score",89.74
"36081101003","tract",2023,"food_score",86.65
"36081101004","tract",2023,"food_score",64.54
"36081101700","tract",2023,"food_score",106.38
"36081102900","tract",2023,"food_score",107.37
"36081103201","tract",2023,"food_score",49.9
"36081103202","tract",2023,"food_score",88.7
"36081103300","tract",2023,"food_score",107.43
"36081103900","tract",2023,"food_score",94.52
"36081104700","tract",2023,"food_score",115.56
"36081105900","tract",2023,"food_score",110.15
"36081107201","tract",2023,"food_score",112.84
"36081107202","tract",2023,"food_score",NA
"36081108500","tract",2023,"food_score",107.07
"36081109300","tract",2023,"food_score",110.68
"36081109700","tract",2023,"food_score",115.45
"36081109900","tract",2023,"food_score",105.49
"36081111300","tract",2023,"food_score",115.85
"36081112300","tract",2023,"food_score",103.02
"36081112900","tract",2023,"food_score",105.19
"36081113300","tract",2023,"food_score",111.39
"36081113900","tract",2023,"food_score",112.28
"36081114100","tract",2023,"food_score",104.07
"36081114700","tract",2023,"food_score",100.63
"36081115100","tract",2023,"food_score",80.69
"36081115500","tract",2023,"food_score",109.1
"36081115700","tract",2023,"food_score",97.42
"36081115900","tract",2023,"food_score",98.1
"36081116100","tract",2023,"food_score",100.9
"36081116301","tract",2023,"food_score",108.43
"36081116302","tract",2023,"food_score",73.19
"36081116700","tract",2023,"food_score",67.15
"36081117100","tract",2023,"food_score",87.62
"36081117500","tract",2023,"food_score",94.63
"36081118100","tract",2023,"food_score",101.48
"36081118500","tract",2023,"food_score",78.25
"36081118700","tract",2023,"food_score",111.22
"36081118900","tract",2023,"food_score",88.41
"36081119100","tract",2023,"food_score",104.49
"36081119300","tract",2023,"food_score",71.25
"36081119500","tract",2023,"food_score",88.62
"36081119900","tract",2023,"food_score",100.81
"36081120100","tract",2023,"food_score",103.78
"36081120300","tract",2023,"food_score",87.75
"36081120500","tract",2023,"food_score",71.42
"36081120701","tract",2023,"food_score",96.9
"36081120702","tract",2023,"food_score",NA
"36081121100","tract",2023,"food_score",NA
"36081121500","tract",2023,"food_score",105.96
"36081122300","tract",2023,"food_score",95.91
"36081122702","tract",2023,"food_score",44.92
"36081122703","tract",2023,"food_score",102.32
"36081122704","tract",2023,"food_score",97.82
"36081124100","tract",2023,"food_score",98.86
"36081124700","tract",2023,"food_score",113.74
"36081125700","tract",2023,"food_score",93.46
"36081126500","tract",2023,"food_score",95.71
"36081126700","tract",2023,"food_score",NA
"36081127700","tract",2023,"food_score",110.32
"36081128300","tract",2023,"food_score",NA
"36081129102","tract",2023,"food_score",118.72
"36081129103","tract",2023,"food_score",112.17
"36081129104","tract",2023,"food_score",111.17
"36081130100","tract",2023,"food_score",105.29
"36081133300","tract",2023,"food_score",107.45
"36081133900","tract",2023,"food_score",99.71
"36081134100","tract",2023,"food_score",100.42
"36081134701","tract",2023,"food_score",97.63
"36081134702","tract",2023,"food_score",114.34
"36081136700","tract",2023,"food_score",100.32
"36081137700","tract",2023,"food_score",109.33
"36081138501","tract",2023,"food_score",95.03
"36081138502","tract",2023,"food_score",NA
"36081139900","tract",2023,"food_score",114.78
"36081140300","tract",2023,"food_score",102.33
"36081140901","tract",2023,"food_score",115.33
"36081140902","tract",2023,"food_score",99.49
"36081141700","tract",2023,"food_score",102.88
"36081142900","tract",2023,"food_score",101.93
"36081143500","tract",2023,"food_score",101.58
"36081144100","tract",2023,"food_score",105.73
"36081144700","tract",2023,"food_score",106.64
"36081145101","tract",2023,"food_score",85.09
"36081145102","tract",2023,"food_score",105.75
"36081145900","tract",2023,"food_score",97.94
"36081146300","tract",2023,"food_score",116.44
"36081146700","tract",2023,"food_score",106.54
"36081147100","tract",2023,"food_score",109.41
"36081147900","tract",2023,"food_score",104.35
"36081148300","tract",2023,"food_score",115.64
"36081150701","tract",2023,"food_score",110.98
"36081150702","tract",2023,"food_score",106.37
"36081152901","tract",2023,"food_score",106.35
"36081152902","tract",2023,"food_score",114.93
"36081155101","tract",2023,"food_score",120.21
"36081155103","tract",2023,"food_score",110.35
"36081155104","tract",2023,"food_score",116.7
"36081156700","tract",2023,"food_score",NA
"36081157101","tract",2023,"food_score",112.29
"36081157102","tract",2023,"food_score",109.49
"36081157901","tract",2023,"food_score",112.1
"36081157902","tract",2023,"food_score",99.14
"36081157903","tract",2023,"food_score",100.15
"36081161700","tract",2023,"food_score",103.03
"36081162100","tract",2023,"food_score",106.3
"36081990100","tract",2023,"food_score",NA
"36083040100","tract",2023,"food_score",56.87
"36083040200","tract",2023,"food_score",65.58
"36083040300","tract",2023,"food_score",92.62
"36083040400","tract",2023,"food_score",51.15
"36083040500","tract",2023,"food_score",45.02
"36083040600","tract",2023,"food_score",NA
"36083040701","tract",2023,"food_score",105.17
"36083040702","tract",2023,"food_score",89.49
"36083040800","tract",2023,"food_score",117.52
"36083040900","tract",2023,"food_score",58.01
"36083041000","tract",2023,"food_score",89
"36083041101","tract",2023,"food_score",106.47
"36083041102","tract",2023,"food_score",45.92
"36083041200","tract",2023,"food_score",116.64
"36083041300","tract",2023,"food_score",NA
"36083041400","tract",2023,"food_score",101.37
"36083051500","tract",2023,"food_score",58.87
"36083051601","tract",2023,"food_score",76.83
"36083051602","tract",2023,"food_score",99.07
"36083051701","tract",2023,"food_score",118.83
"36083051702","tract",2023,"food_score",94.66
"36083051800","tract",2023,"food_score",113.23
"36083051901","tract",2023,"food_score",115.11
"36083051902","tract",2023,"food_score",119.74
"36083052002","tract",2023,"food_score",118.84
"36083052003","tract",2023,"food_score",106.71
"36083052004","tract",2023,"food_score",121.47
"36083052101","tract",2023,"food_score",118.03
"36083052102","tract",2023,"food_score",105.59
"36083052103","tract",2023,"food_score",104.18
"36083052201","tract",2023,"food_score",115.44
"36083052203","tract",2023,"food_score",115.53
"36083052204","tract",2023,"food_score",119.51
"36083052301","tract",2023,"food_score",120.72
"36083052303","tract",2023,"food_score",110.55
"36083052305","tract",2023,"food_score",109.58
"36083052306","tract",2023,"food_score",119.9
"36083052402","tract",2023,"food_score",113.56
"36083052405","tract",2023,"food_score",82.21
"36083052406","tract",2023,"food_score",124.69
"36083052407","tract",2023,"food_score",120.16
"36083052408","tract",2023,"food_score",118.89
"36083052501","tract",2023,"food_score",117.41
"36083052502","tract",2023,"food_score",117.41
"36083052503","tract",2023,"food_score",106.62
"36083052601","tract",2023,"food_score",119.85
"36083052602","tract",2023,"food_score",106.59
"36083052603","tract",2023,"food_score",110.77
"36085000300","tract",2023,"food_score",99.15
"36085000600","tract",2023,"food_score",39.96
"36085000700","tract",2023,"food_score",55.48
"36085000800","tract",2023,"food_score",106.26
"36085000900","tract",2023,"food_score",60.63
"36085001100","tract",2023,"food_score",56.18
"36085001700","tract",2023,"food_score",67.31
"36085001800","tract",2023,"food_score",110.47
"36085002001","tract",2023,"food_score",80.62
"36085002002","tract",2023,"food_score",107.09
"36085002100","tract",2023,"food_score",67.68
"36085002700","tract",2023,"food_score",41.74
"36085002900","tract",2023,"food_score",36.16
"36085003300","tract",2023,"food_score",105.45
"36085003600","tract",2023,"food_score",105.98
"36085003900","tract",2023,"food_score",92.54
"36085004001","tract",2023,"food_score",64.95
"36085004002","tract",2023,"food_score",99.46
"36085004003","tract",2023,"food_score",27.12
"36085004004","tract",2023,"food_score",87.42
"36085004700","tract",2023,"food_score",100.2
"36085005000","tract",2023,"food_score",100.56
"36085005901","tract",2023,"food_score",86.87
"36085005902","tract",2023,"food_score",NA
"36085006400","tract",2023,"food_score",91.93
"36085006700","tract",2023,"food_score",115.09
"36085007001","tract",2023,"food_score",101.21
"36085007002","tract",2023,"food_score",97.4
"36085007400","tract",2023,"food_score",85.91
"36085007500","tract",2023,"food_score",114.99
"36085007700","tract",2023,"food_score",78.32
"36085008100","tract",2023,"food_score",74.23
"36085009601","tract",2023,"food_score",102.38
"36085009602","tract",2023,"food_score",97.98
"36085009701","tract",2023,"food_score",95
"36085009702","tract",2023,"food_score",NA
"36085010500","tract",2023,"food_score",85.08
"36085011201","tract",2023,"food_score",95.72
"36085011203","tract",2023,"food_score",96.67
"36085011204","tract",2023,"food_score",NA
"36085011401","tract",2023,"food_score",53.92
"36085011402","tract",2023,"food_score",102.34
"36085012100","tract",2023,"food_score",116.31
"36085012200","tract",2023,"food_score",109.77
"36085012500","tract",2023,"food_score",107.82
"36085012804","tract",2023,"food_score",89.77
"36085012805","tract",2023,"food_score",92.83
"36085012806","tract",2023,"food_score",90.93
"36085013201","tract",2023,"food_score",115.34
"36085013203","tract",2023,"food_score",105.94
"36085013204","tract",2023,"food_score",108.15
"36085013301","tract",2023,"food_score",23.58
"36085013302","tract",2023,"food_score",62.52
"36085013400","tract",2023,"food_score",81.55
"36085013800","tract",2023,"food_score",114.27
"36085014100","tract",2023,"food_score",103.77
"36085014604","tract",2023,"food_score",113.78
"36085014605","tract",2023,"food_score",112.42
"36085014606","tract",2023,"food_score",109.27
"36085014607","tract",2023,"food_score",96.12
"36085014608","tract",2023,"food_score",114.72
"36085014700","tract",2023,"food_score",101.82
"36085015100","tract",2023,"food_score",114.93
"36085015400","tract",2023,"food_score",NA
"36085015601","tract",2023,"food_score",110.84
"36085015602","tract",2023,"food_score",103.61
"36085015603","tract",2023,"food_score",110.77
"36085016901","tract",2023,"food_score",117.74
"36085017005","tract",2023,"food_score",116.07
"36085017007","tract",2023,"food_score",113.34
"36085017009","tract",2023,"food_score",109.93
"36085017011","tract",2023,"food_score",110.42
"36085017012","tract",2023,"food_score",108.35
"36085017013","tract",2023,"food_score",98.42
"36085017014","tract",2023,"food_score",101.99
"36085017015","tract",2023,"food_score",113.15
"36085017016","tract",2023,"food_score",98.23
"36085017300","tract",2023,"food_score",95.52
"36085017600","tract",2023,"food_score",119.15
"36085017701","tract",2023,"food_score",117.15
"36085017702","tract",2023,"food_score",103.4
"36085018100","tract",2023,"food_score",106.4
"36085018701","tract",2023,"food_score",108.86
"36085018703","tract",2023,"food_score",118
"36085018704","tract",2023,"food_score",96.96
"36085018901","tract",2023,"food_score",101.45
"36085018902","tract",2023,"food_score",99.17
"36085019700","tract",2023,"food_score",107.02
"36085019800","tract",2023,"food_score",114.84
"36085020100","tract",2023,"food_score",96.2
"36085020701","tract",2023,"food_score",77.39
"36085020702","tract",2023,"food_score",85.69
"36085020803","tract",2023,"food_score",103.38
"36085020804","tract",2023,"food_score",115.63
"36085020805","tract",2023,"food_score",107.29
"36085020806","tract",2023,"food_score",107.05
"36085021300","tract",2023,"food_score",88.38
"36085022300","tract",2023,"food_score",95.33
"36085022601","tract",2023,"food_score",100.14
"36085022602","tract",2023,"food_score",85.71
"36085022801","tract",2023,"food_score",NA
"36085022802","tract",2023,"food_score",NA
"36085023100","tract",2023,"food_score",83.36
"36085023900","tract",2023,"food_score",107.36
"36085024401","tract",2023,"food_score",119.23
"36085024402","tract",2023,"food_score",108.99
"36085024700","tract",2023,"food_score",92.06
"36085024800","tract",2023,"food_score",113.06
"36085025100","tract",2023,"food_score",107.91
"36085027301","tract",2023,"food_score",105.63
"36085027302","tract",2023,"food_score",99.97
"36085027702","tract",2023,"food_score",105.5
"36085027704","tract",2023,"food_score",93.92
"36085027705","tract",2023,"food_score",111.43
"36085027706","tract",2023,"food_score",117.23
"36085027900","tract",2023,"food_score",107.35
"36085029102","tract",2023,"food_score",112.67
"36085029104","tract",2023,"food_score",109.07
"36085029105","tract",2023,"food_score",104.85
"36085029106","tract",2023,"food_score",108.79
"36085030301","tract",2023,"food_score",102.48
"36085030302","tract",2023,"food_score",95.42
"36085031901","tract",2023,"food_score",54
"36085031902","tract",2023,"food_score",59.66
"36085032300","tract",2023,"food_score",94.43
"36085990100","tract",2023,"food_score",NA
"36087010101","tract",2023,"food_score",117.31
"36087010102","tract",2023,"food_score",112.47
"36087010200","tract",2023,"food_score",90.36
"36087010501","tract",2023,"food_score",115.22
"36087010503","tract",2023,"food_score",113.47
"36087010504","tract",2023,"food_score",113.39
"36087010601","tract",2023,"food_score",100.5
"36087010602","tract",2023,"food_score",108.35
"36087010701","tract",2023,"food_score",78.3
"36087010702","tract",2023,"food_score",89.31
"36087010703","tract",2023,"food_score",87.12
"36087010801","tract",2023,"food_score",116.04
"36087010802","tract",2023,"food_score",122.36
"36087010803","tract",2023,"food_score",112.91
"36087010804","tract",2023,"food_score",111.44
"36087010901","tract",2023,"food_score",122.83
"36087010902","tract",2023,"food_score",112.19
"36087011000","tract",2023,"food_score",114.48
"36087011101","tract",2023,"food_score",114.06
"36087011102","tract",2023,"food_score",110.23
"36087011200","tract",2023,"food_score",123.65
"36087011302","tract",2023,"food_score",114.12
"36087011303","tract",2023,"food_score",105.65
"36087011304","tract",2023,"food_score",66.35
"36087011305","tract",2023,"food_score",93.79
"36087011401","tract",2023,"food_score",121.23
"36087011403","tract",2023,"food_score",113.88
"36087011404","tract",2023,"food_score",118.17
"36087011405","tract",2023,"food_score",104.76
"36087011505","tract",2023,"food_score",27.23
"36087011506","tract",2023,"food_score",29.18
"36087011507","tract",2023,"food_score",121.7
"36087011508","tract",2023,"food_score",122.99
"36087011509","tract",2023,"food_score",92.92
"36087011510","tract",2023,"food_score",115.85
"36087011511","tract",2023,"food_score",108.05
"36087011512","tract",2023,"food_score",96.11
"36087011601","tract",2023,"food_score",114.09
"36087011602","tract",2023,"food_score",113.46
"36087011603","tract",2023,"food_score",118.32
"36087011700","tract",2023,"food_score",113.48
"36087011800","tract",2023,"food_score",92.84
"36087011901","tract",2023,"food_score",112.55
"36087011902","tract",2023,"food_score",111.35
"36087012000","tract",2023,"food_score",115.93
"36087012107","tract",2023,"food_score",54.21
"36087012108","tract",2023,"food_score",55.61
"36087012109","tract",2023,"food_score",73.28
"36087012110","tract",2023,"food_score",47.98
"36087012111","tract",2023,"food_score",84.53
"36087012112","tract",2023,"food_score",52.21
"36087012113","tract",2023,"food_score",87.39
"36087012114","tract",2023,"food_score",56.45
"36087012115","tract",2023,"food_score",65.13
"36087012116","tract",2023,"food_score",69.33
"36087012203","tract",2023,"food_score",90.46
"36087012204","tract",2023,"food_score",84.81
"36087012205","tract",2023,"food_score",62.03
"36087012206","tract",2023,"food_score",81.98
"36087012301","tract",2023,"food_score",87.57
"36087012302","tract",2023,"food_score",99.73
"36087012401","tract",2023,"food_score",94.7
"36087012403","tract",2023,"food_score",93.44
"36087012404","tract",2023,"food_score",98.09
"36087012503","tract",2023,"food_score",102.68
"36087012504","tract",2023,"food_score",119.6
"36087012505","tract",2023,"food_score",87.75
"36087012506","tract",2023,"food_score",116.82
"36087012600","tract",2023,"food_score",109.18
"36087012700","tract",2023,"food_score",113
"36087012800","tract",2023,"food_score",125.67
"36087013001","tract",2023,"food_score",120.32
"36087013002","tract",2023,"food_score",121.94
"36087013003","tract",2023,"food_score",123.86
"36087013101","tract",2023,"food_score",93.98
"36087013102","tract",2023,"food_score",112.99
"36087013200","tract",2023,"food_score",108.49
"36087013300","tract",2023,"food_score",122.16
"36087013401","tract",2023,"food_score",117.41
"36087013402","tract",2023,"food_score",121.26
"36089490100","tract",2023,"food_score",85.43
"36089490200","tract",2023,"food_score",94.65
"36089490300","tract",2023,"food_score",83.11
"36089490400","tract",2023,"food_score",107.39
"36089490500","tract",2023,"food_score",98.6
"36089490600","tract",2023,"food_score",99.83
"36089490700","tract",2023,"food_score",106.09
"36089490800","tract",2023,"food_score",102.33
"36089490900","tract",2023,"food_score",86.11
"36089491000","tract",2023,"food_score",106
"36089491100","tract",2023,"food_score",NA
"36089491200","tract",2023,"food_score",NA
"36089491300","tract",2023,"food_score",118.48
"36089491400","tract",2023,"food_score",85.73
"36089491500","tract",2023,"food_score",70.41
"36089491600","tract",2023,"food_score",87.09
"36089491700","tract",2023,"food_score",106.5
"36089491800","tract",2023,"food_score",104.51
"36089491900","tract",2023,"food_score",NA
"36089492000","tract",2023,"food_score",99.75
"36089492100","tract",2023,"food_score",96.13
"36089492301","tract",2023,"food_score",111.82
"36089492302","tract",2023,"food_score",114.72
"36089492401","tract",2023,"food_score",98.51
"36089492501","tract",2023,"food_score",90.76
"36089492600","tract",2023,"food_score",101.28
"36089492700","tract",2023,"food_score",86.99
"36089492800","tract",2023,"food_score",95.74
"36089492900","tract",2023,"food_score",103.45
"36089493000","tract",2023,"food_score",112.98
"36091060102","tract",2023,"food_score",110.13
"36091060103","tract",2023,"food_score",115.21
"36091060104","tract",2023,"food_score",111.62
"36091060200","tract",2023,"food_score",93.17
"36091060301","tract",2023,"food_score",102.98
"36091060400","tract",2023,"food_score",87.79
"36091060501","tract",2023,"food_score",112.74
"36091060504","tract",2023,"food_score",102.73
"36091060505","tract",2023,"food_score",112.83
"36091060506","tract",2023,"food_score",103.73
"36091060507","tract",2023,"food_score",120.01
"36091060601","tract",2023,"food_score",112.99
"36091060602","tract",2023,"food_score",91.95
"36091060703","tract",2023,"food_score",99.94
"36091060704","tract",2023,"food_score",117.98
"36091060705","tract",2023,"food_score",110.51
"36091060706","tract",2023,"food_score",125.92
"36091060800","tract",2023,"food_score",115.79
"36091060901","tract",2023,"food_score",108.4
"36091060902","tract",2023,"food_score",90.52
"36091061001","tract",2023,"food_score",119.23
"36091061002","tract",2023,"food_score",53.54
"36091061101","tract",2023,"food_score",90.07
"36091061102","tract",2023,"food_score",119.6
"36091061201","tract",2023,"food_score",109.39
"36091061202","tract",2023,"food_score",110.51
"36091061301","tract",2023,"food_score",112.1
"36091061303","tract",2023,"food_score",NA
"36091061304","tract",2023,"food_score",119.16
"36091061305","tract",2023,"food_score",112.62
"36091061401","tract",2023,"food_score",90.01
"36091061403","tract",2023,"food_score",116.68
"36091061404","tract",2023,"food_score",119.9
"36091061500","tract",2023,"food_score",117.4
"36091061600","tract",2023,"food_score",125.84
"36091061701","tract",2023,"food_score",109.73
"36091061702","tract",2023,"food_score",123.09
"36091061800","tract",2023,"food_score",107.69
"36091061904","tract",2023,"food_score",122.98
"36091061905","tract",2023,"food_score",114.69
"36091061906","tract",2023,"food_score",109.26
"36091061907","tract",2023,"food_score",111.29
"36091062001","tract",2023,"food_score",111.44
"36091062002","tract",2023,"food_score",112.14
"36091062100","tract",2023,"food_score",110.87
"36091062200","tract",2023,"food_score",95.51
"36091062300","tract",2023,"food_score",91.17
"36091062404","tract",2023,"food_score",120.52
"36091062406","tract",2023,"food_score",115.75
"36091062407","tract",2023,"food_score",114.23
"36091062408","tract",2023,"food_score",116.58
"36091062409","tract",2023,"food_score",114.58
"36091062410","tract",2023,"food_score",106.93
"36091062501","tract",2023,"food_score",122.28
"36091062503","tract",2023,"food_score",127.23
"36091062505","tract",2023,"food_score",121.05
"36091062506","tract",2023,"food_score",124.45
"36091062507","tract",2023,"food_score",114.97
"36091062508","tract",2023,"food_score",105.19
"36091062509","tract",2023,"food_score",123.93
"36091062601","tract",2023,"food_score",121.04
"36091062602","tract",2023,"food_score",120.28
"36091062700","tract",2023,"food_score",110.92
"36091062800","tract",2023,"food_score",101.33
"36091062900","tract",2023,"food_score",122.19
"36093020101","tract",2023,"food_score",118.87
"36093020102","tract",2023,"food_score",67.23
"36093020200","tract",2023,"food_score",83.27
"36093020300","tract",2023,"food_score",NA
"36093020500","tract",2023,"food_score",111.97
"36093020600","tract",2023,"food_score",91.34
"36093020700","tract",2023,"food_score",61.33
"36093020800","tract",2023,"food_score",59.34
"36093020900","tract",2023,"food_score",80.81
"36093021001","tract",2023,"food_score",106.17
"36093021002","tract",2023,"food_score",10.43
"36093021200","tract",2023,"food_score",81.96
"36093021400","tract",2023,"food_score",40.53
"36093021500","tract",2023,"food_score",38.05
"36093021600","tract",2023,"food_score",80.63
"36093021700","tract",2023,"food_score",84.76
"36093021801","tract",2023,"food_score",107.17
"36093021802","tract",2023,"food_score",96.82
"36093031901","tract",2023,"food_score",119.01
"36093031902","tract",2023,"food_score",113.61
"36093032000","tract",2023,"food_score",114.38
"36093032101","tract",2023,"food_score",127.41
"36093032102","tract",2023,"food_score",121.94
"36093032200","tract",2023,"food_score",111.16
"36093032300","tract",2023,"food_score",92.84
"36093032402","tract",2023,"food_score",117.96
"36093032403","tract",2023,"food_score",115.05
"36093032404","tract",2023,"food_score",115.07
"36093032502","tract",2023,"food_score",115.05
"36093032503","tract",2023,"food_score",120.65
"36093032504","tract",2023,"food_score",118.34
"36093032601","tract",2023,"food_score",115.25
"36093032602","tract",2023,"food_score",112.52
"36093032700","tract",2023,"food_score",103.27
"36093032901","tract",2023,"food_score",113.27
"36093032902","tract",2023,"food_score",117.48
"36093033002","tract",2023,"food_score",118.03
"36093033003","tract",2023,"food_score",115.87
"36093033004","tract",2023,"food_score",119.71
"36093033101","tract",2023,"food_score",105.88
"36093033102","tract",2023,"food_score",117.58
"36093033200","tract",2023,"food_score",100.85
"36093033300","tract",2023,"food_score",101.67
"36093033400","tract",2023,"food_score",NA
"36093033500","tract",2023,"food_score",101.2
"36095740100","tract",2023,"food_score",96.45
"36095740200","tract",2023,"food_score",112.65
"36095740300","tract",2023,"food_score",NA
"36095740400","tract",2023,"food_score",104.54
"36095740500","tract",2023,"food_score",105.62
"36095740600","tract",2023,"food_score",107.74
"36095740700","tract",2023,"food_score",109.51
"36095740800","tract",2023,"food_score",103.34
"36097950100","tract",2023,"food_score",109.52
"36097950200","tract",2023,"food_score",106.96
"36097950300","tract",2023,"food_score",106.02
"36097950400","tract",2023,"food_score",96.86
"36097950500","tract",2023,"food_score",95.26
"36099950100","tract",2023,"food_score",100.37
"36099950200","tract",2023,"food_score",88.4
"36099950300","tract",2023,"food_score",113.94
"36099950400","tract",2023,"food_score",93.63
"36099950500","tract",2023,"food_score",91.42
"36099950600","tract",2023,"food_score",115.5
"36099950700","tract",2023,"food_score",115.78
"36099950801","tract",2023,"food_score",NA
"36099950802","tract",2023,"food_score",107.41
"36099950900","tract",2023,"food_score",108.01
"36099951000","tract",2023,"food_score",116.27
"36101960100","tract",2023,"food_score",107.38
"36101960200","tract",2023,"food_score",101.54
"36101960300","tract",2023,"food_score",101.68
"36101960400","tract",2023,"food_score",94.76
"36101960500","tract",2023,"food_score",108.75
"36101960600","tract",2023,"food_score",101.39
"36101960700","tract",2023,"food_score",92.93
"36101960800","tract",2023,"food_score",80.23
"36101960900","tract",2023,"food_score",85.81
"36101961000","tract",2023,"food_score",102.31
"36101961100","tract",2023,"food_score",87.22
"36101961200","tract",2023,"food_score",99.17
"36101961300","tract",2023,"food_score",94.23
"36101961400","tract",2023,"food_score",97.48
"36101961500","tract",2023,"food_score",101.45
"36101961600","tract",2023,"food_score",114.35
"36101961700","tract",2023,"food_score",93.84
"36101961800","tract",2023,"food_score",103.82
"36101961900","tract",2023,"food_score",106.43
"36101962000","tract",2023,"food_score",109.65
"36101962100","tract",2023,"food_score",96.79
"36101962200","tract",2023,"food_score",98.63
"36101962301","tract",2023,"food_score",112.65
"36101962302","tract",2023,"food_score",96.34
"36101962400","tract",2023,"food_score",117.83
"36101962500","tract",2023,"food_score",84.89
"36101962600","tract",2023,"food_score",108.04
"36101962700","tract",2023,"food_score",93.41
"36101962800","tract",2023,"food_score",101.68
"36101962900","tract",2023,"food_score",107.05
"36101963000","tract",2023,"food_score",115.47
"36103110101","tract",2023,"food_score",125.07
"36103110103","tract",2023,"food_score",121.01
"36103110104","tract",2023,"food_score",123.11
"36103110200","tract",2023,"food_score",117.93
"36103110300","tract",2023,"food_score",122.89
"36103110401","tract",2023,"food_score",121.72
"36103110402","tract",2023,"food_score",120.96
"36103110501","tract",2023,"food_score",119.25
"36103110502","tract",2023,"food_score",118.71
"36103110601","tract",2023,"food_score",119.02
"36103110602","tract",2023,"food_score",122.74
"36103110801","tract",2023,"food_score",122.75
"36103110803","tract",2023,"food_score",122.59
"36103110901","tract",2023,"food_score",97.47
"36103110902","tract",2023,"food_score",85.92
"36103111001","tract",2023,"food_score",112.12
"36103111002","tract",2023,"food_score",94.65
"36103111101","tract",2023,"food_score",80.02
"36103111102","tract",2023,"food_score",97.09
"36103111103","tract",2023,"food_score",113.06
"36103111201","tract",2023,"food_score",102.58
"36103111202","tract",2023,"food_score",115.71
"36103111300","tract",2023,"food_score",117.45
"36103111401","tract",2023,"food_score",120.4
"36103111402","tract",2023,"food_score",118.76
"36103111503","tract",2023,"food_score",105.46
"36103111504","tract",2023,"food_score",121
"36103111506","tract",2023,"food_score",113
"36103111507","tract",2023,"food_score",116.91
"36103111508","tract",2023,"food_score",115.19
"36103111601","tract",2023,"food_score",120.98
"36103111602","tract",2023,"food_score",118.59
"36103111701","tract",2023,"food_score",106.29
"36103111703","tract",2023,"food_score",123.53
"36103111704","tract",2023,"food_score",120.42
"36103111801","tract",2023,"food_score",115.08
"36103111802","tract",2023,"food_score",122.71
"36103111803","tract",2023,"food_score",115.23
"36103111804","tract",2023,"food_score",110.52
"36103111900","tract",2023,"food_score",122.29
"36103112001","tract",2023,"food_score",116.49
"36103112002","tract",2023,"food_score",117.09
"36103112102","tract",2023,"food_score",123.9
"36103112103","tract",2023,"food_score",117.86
"36103112104","tract",2023,"food_score",120.35
"36103112204","tract",2023,"food_score",115.41
"36103112211","tract",2023,"food_score",120.68
"36103112212","tract",2023,"food_score",122.44
"36103112213","tract",2023,"food_score",119.86
"36103112215","tract",2023,"food_score",124.03
"36103112216","tract",2023,"food_score",116.1
"36103112217","tract",2023,"food_score",115.36
"36103112218","tract",2023,"food_score",112.84
"36103112219","tract",2023,"food_score",118.38
"36103112220","tract",2023,"food_score",118.63
"36103122300","tract",2023,"food_score",118.74
"36103122405","tract",2023,"food_score",97.92
"36103122407","tract",2023,"food_score",94.95
"36103122408","tract",2023,"food_score",117.9
"36103122502","tract",2023,"food_score",105.91
"36103122602","tract",2023,"food_score",122.55
"36103122603","tract",2023,"food_score",112.65
"36103122604","tract",2023,"food_score",113.2
"36103122605","tract",2023,"food_score",111.15
"36103122704","tract",2023,"food_score",115.01
"36103122705","tract",2023,"food_score",111.3
"36103122706","tract",2023,"food_score",115.02
"36103122707","tract",2023,"food_score",104.67
"36103122801","tract",2023,"food_score",105.92
"36103122802","tract",2023,"food_score",117.22
"36103122901","tract",2023,"food_score",111.68
"36103122902","tract",2023,"food_score",118.41
"36103123001","tract",2023,"food_score",113.31
"36103123002","tract",2023,"food_score",98.1
"36103123101","tract",2023,"food_score",114.99
"36103123102","tract",2023,"food_score",113.19
"36103123201","tract",2023,"food_score",87.77
"36103123203","tract",2023,"food_score",103.16
"36103123204","tract",2023,"food_score",89.23
"36103123303","tract",2023,"food_score",90.42
"36103123304","tract",2023,"food_score",91.49
"36103123401","tract",2023,"food_score",113.51
"36103123403","tract",2023,"food_score",91.19
"36103123404","tract",2023,"food_score",103.71
"36103123500","tract",2023,"food_score",107.15
"36103123600","tract",2023,"food_score",116.95
"36103123701","tract",2023,"food_score",96.28
"36103123703","tract",2023,"food_score",102.47
"36103123704","tract",2023,"food_score",98.14
"36103123801","tract",2023,"food_score",104.63
"36103123802","tract",2023,"food_score",105.89
"36103123900","tract",2023,"food_score",114.91
"36103124001","tract",2023,"food_score",103.98
"36103124002","tract",2023,"food_score",117.26
"36103124101","tract",2023,"food_score",100.93
"36103124102","tract",2023,"food_score",120.66
"36103124200","tract",2023,"food_score",119.71
"36103124301","tract",2023,"food_score",106.56
"36103124302","tract",2023,"food_score",113.79
"36103124401","tract",2023,"food_score",118.59
"36103124402","tract",2023,"food_score",119.4
"36103124500","tract",2023,"food_score",112.98
"36103124601","tract",2023,"food_score",105.72
"36103124602","tract",2023,"food_score",120.22
"36103134702","tract",2023,"food_score",122.56
"36103134703","tract",2023,"food_score",118.87
"36103134704","tract",2023,"food_score",116.54
"36103134902","tract",2023,"food_score",120.51
"36103134906","tract",2023,"food_score",118.58
"36103134907","tract",2023,"food_score",117.33
"36103134908","tract",2023,"food_score",122.7
"36103134909","tract",2023,"food_score",114.3
"36103135002","tract",2023,"food_score",112.26
"36103135003","tract",2023,"food_score",112.88
"36103135004","tract",2023,"food_score",123.29
"36103135005","tract",2023,"food_score",123.72
"36103135101","tract",2023,"food_score",116.91
"36103135102","tract",2023,"food_score",112.42
"36103135103","tract",2023,"food_score",115.98
"36103135104","tract",2023,"food_score",118.3
"36103135201","tract",2023,"food_score",118.45
"36103135205","tract",2023,"food_score",119.07
"36103135208","tract",2023,"food_score",118.22
"36103135209","tract",2023,"food_score",116.6
"36103135303","tract",2023,"food_score",104.24
"36103135305","tract",2023,"food_score",119.33
"36103135306","tract",2023,"food_score",125.81
"36103135401","tract",2023,"food_score",127.33
"36103135402","tract",2023,"food_score",118.47
"36103135403","tract",2023,"food_score",117.77
"36103135500","tract",2023,"food_score",122.34
"36103145701","tract",2023,"food_score",103.53
"36103145703","tract",2023,"food_score",102.82
"36103145705","tract",2023,"food_score",106.54
"36103145706","tract",2023,"food_score",109.79
"36103145803","tract",2023,"food_score",113.14
"36103145804","tract",2023,"food_score",106.09
"36103145807","tract",2023,"food_score",115.06
"36103145808","tract",2023,"food_score",102.47
"36103145809","tract",2023,"food_score",105.06
"36103145810","tract",2023,"food_score",110.79
"36103145901","tract",2023,"food_score",95.79
"36103145903","tract",2023,"food_score",112.22
"36103145904","tract",2023,"food_score",88.59
"36103145905","tract",2023,"food_score",98.65
"36103146002","tract",2023,"food_score",97.8
"36103146004","tract",2023,"food_score",97.52
"36103146005","tract",2023,"food_score",104.66
"36103146102","tract",2023,"food_score",106.71
"36103146103","tract",2023,"food_score",105.42
"36103146202","tract",2023,"food_score",119.93
"36103146203","tract",2023,"food_score",104.14
"36103146205","tract",2023,"food_score",115.41
"36103146206","tract",2023,"food_score",106.42
"36103146300","tract",2023,"food_score",69.52
"36103146402","tract",2023,"food_score",120.93
"36103146403","tract",2023,"food_score",83.22
"36103146404","tract",2023,"food_score",94.37
"36103146500","tract",2023,"food_score",114.44
"36103146607","tract",2023,"food_score",107.18
"36103146608","tract",2023,"food_score",105.2
"36103146611","tract",2023,"food_score",122.88
"36103146612","tract",2023,"food_score",114.08
"36103146613","tract",2023,"food_score",106.72
"36103146614","tract",2023,"food_score",115.4
"36103146616","tract",2023,"food_score",115.8
"36103146617","tract",2023,"food_score",121.96
"36103146618","tract",2023,"food_score",106.88
"36103146619","tract",2023,"food_score",107.85
"36103146620","tract",2023,"food_score",113.3
"36103146703","tract",2023,"food_score",85.84
"36103146704","tract",2023,"food_score",115.31
"36103146705","tract",2023,"food_score",115.6
"36103146706","tract",2023,"food_score",119.89
"36103146800","tract",2023,"food_score",123.7
"36103146901","tract",2023,"food_score",117.13
"36103146902","tract",2023,"food_score",111.77
"36103147001","tract",2023,"food_score",117.17
"36103147003","tract",2023,"food_score",120.62
"36103147004","tract",2023,"food_score",120.37
"36103147100","tract",2023,"food_score",122.3
"36103147201","tract",2023,"food_score",117.87
"36103147202","tract",2023,"food_score",83.74
"36103147301","tract",2023,"food_score",79.74
"36103147302","tract",2023,"food_score",110.27
"36103147401","tract",2023,"food_score",111.29
"36103147402","tract",2023,"food_score",120
"36103147502","tract",2023,"food_score",115.53
"36103147503","tract",2023,"food_score",122.56
"36103147504","tract",2023,"food_score",113.01
"36103147505","tract",2023,"food_score",115.61
"36103147601","tract",2023,"food_score",123
"36103147602","tract",2023,"food_score",117.71
"36103147701","tract",2023,"food_score",117.39
"36103147702","tract",2023,"food_score",115.99
"36103147802","tract",2023,"food_score",112.35
"36103147803","tract",2023,"food_score",119.03
"36103147804","tract",2023,"food_score",119.75
"36103147901","tract",2023,"food_score",108.78
"36103147902","tract",2023,"food_score",122.9
"36103158001","tract",2023,"food_score",114.78
"36103158009","tract",2023,"food_score",116.32
"36103158010","tract",2023,"food_score",123.58
"36103158011","tract",2023,"food_score",110.89
"36103158012","tract",2023,"food_score",124.92
"36103158013","tract",2023,"food_score",118.39
"36103158014","tract",2023,"food_score",NA
"36103158015","tract",2023,"food_score",NA
"36103158016","tract",2023,"food_score",124.49
"36103158017","tract",2023,"food_score",119.09
"36103158102","tract",2023,"food_score",116
"36103158103","tract",2023,"food_score",106.62
"36103158107","tract",2023,"food_score",118.28
"36103158108","tract",2023,"food_score",115.36
"36103158111","tract",2023,"food_score",120.58
"36103158112","tract",2023,"food_score",102.87
"36103158114","tract",2023,"food_score",109.88
"36103158116","tract",2023,"food_score",116.09
"36103158117","tract",2023,"food_score",107.81
"36103158118","tract",2023,"food_score",122.95
"36103158119","tract",2023,"food_score",107.7
"36103158120","tract",2023,"food_score",112.38
"36103158205","tract",2023,"food_score",120.86
"36103158206","tract",2023,"food_score",113.93
"36103158207","tract",2023,"food_score",125.5
"36103158208","tract",2023,"food_score",118.4
"36103158209","tract",2023,"food_score",109.44
"36103158304","tract",2023,"food_score",121.27
"36103158306","tract",2023,"food_score",120.53
"36103158309","tract",2023,"food_score",111.71
"36103158310","tract",2023,"food_score",105.3
"36103158315","tract",2023,"food_score",100.75
"36103158317","tract",2023,"food_score",114.69
"36103158318","tract",2023,"food_score",122.21
"36103158319","tract",2023,"food_score",118.76
"36103158320","tract",2023,"food_score",115.93
"36103158322","tract",2023,"food_score",117.92
"36103158324","tract",2023,"food_score",114.62
"36103158325","tract",2023,"food_score",105.01
"36103158326","tract",2023,"food_score",96.24
"36103158327","tract",2023,"food_score",114.46
"36103158328","tract",2023,"food_score",122.19
"36103158329","tract",2023,"food_score",122.01
"36103158401","tract",2023,"food_score",120.68
"36103158402","tract",2023,"food_score",119.79
"36103158403","tract",2023,"food_score",93.18
"36103158407","tract",2023,"food_score",116.9
"36103158408","tract",2023,"food_score",106.39
"36103158409","tract",2023,"food_score",121.11
"36103158410","tract",2023,"food_score",117.61
"36103158411","tract",2023,"food_score",113.68
"36103158412","tract",2023,"food_score",116.97
"36103158502","tract",2023,"food_score",92.96
"36103158505","tract",2023,"food_score",114.32
"36103158506","tract",2023,"food_score",122.31
"36103158509","tract",2023,"food_score",107.86
"36103158510","tract",2023,"food_score",120.97
"36103158511","tract",2023,"food_score",120.36
"36103158512","tract",2023,"food_score",109
"36103158513","tract",2023,"food_score",108.8
"36103158514","tract",2023,"food_score",113.91
"36103158604","tract",2023,"food_score",117.61
"36103158605","tract",2023,"food_score",115.73
"36103158606","tract",2023,"food_score",108.28
"36103158607","tract",2023,"food_score",104.93
"36103158608","tract",2023,"food_score",105.31
"36103158609","tract",2023,"food_score",115.1
"36103158705","tract",2023,"food_score",107.39
"36103158707","tract",2023,"food_score",115.54
"36103158708","tract",2023,"food_score",83.36
"36103158709","tract",2023,"food_score",121.61
"36103158710","tract",2023,"food_score",91.57
"36103158711","tract",2023,"food_score",102.23
"36103158712","tract",2023,"food_score",110.08
"36103158713","tract",2023,"food_score",67.62
"36103158714","tract",2023,"food_score",93.12
"36103158715","tract",2023,"food_score",119.12
"36103158802","tract",2023,"food_score",123.25
"36103158803","tract",2023,"food_score",123.79
"36103158805","tract",2023,"food_score",118.09
"36103158806","tract",2023,"food_score",118.93
"36103158901","tract",2023,"food_score",111.31
"36103158902","tract",2023,"food_score",109.26
"36103159000","tract",2023,"food_score",97.38
"36103159103","tract",2023,"food_score",83.91
"36103159106","tract",2023,"food_score",106.38
"36103159107","tract",2023,"food_score",114.49
"36103159108","tract",2023,"food_score",107.4
"36103159109","tract",2023,"food_score",115.25
"36103159110","tract",2023,"food_score",96.08
"36103159111","tract",2023,"food_score",105.8
"36103159112","tract",2023,"food_score",97.12
"36103159201","tract",2023,"food_score",112.86
"36103159203","tract",2023,"food_score",121.55
"36103159204","tract",2023,"food_score",110.22
"36103159300","tract",2023,"food_score",119.97
"36103159406","tract",2023,"food_score",117.07
"36103159407","tract",2023,"food_score",116.22
"36103159408","tract",2023,"food_score",111.41
"36103159410","tract",2023,"food_score",116.49
"36103159411","tract",2023,"food_score",102.64
"36103159413","tract",2023,"food_score",118.82
"36103159414","tract",2023,"food_score",111.55
"36103159415","tract",2023,"food_score",84.8
"36103159416","tract",2023,"food_score",96.52
"36103159509","tract",2023,"food_score",76.94
"36103159510","tract",2023,"food_score",93.16
"36103159511","tract",2023,"food_score",110.75
"36103159512","tract",2023,"food_score",104.93
"36103159513","tract",2023,"food_score",100.69
"36103159514","tract",2023,"food_score",96.7
"36103159515","tract",2023,"food_score",111.71
"36103159516","tract",2023,"food_score",93.98
"36103159517","tract",2023,"food_score",92.14
"36103159518","tract",2023,"food_score",91.94
"36103159602","tract",2023,"food_score",123.54
"36103159603","tract",2023,"food_score",120.41
"36103159604","tract",2023,"food_score",116.64
"36103159700","tract",2023,"food_score",124.5
"36103169701","tract",2023,"food_score",121.81
"36103169703","tract",2023,"food_score",112.12
"36103169705","tract",2023,"food_score",112.51
"36103169706","tract",2023,"food_score",118.51
"36103169800","tract",2023,"food_score",103.55
"36103169903","tract",2023,"food_score",112.15
"36103169904","tract",2023,"food_score",65.88
"36103169905","tract",2023,"food_score",118.86
"36103169906","tract",2023,"food_score",117.98
"36103170003","tract",2023,"food_score",122.68
"36103170004","tract",2023,"food_score",124.26
"36103170005","tract",2023,"food_score",120.58
"36103170006","tract",2023,"food_score",99.86
"36103170101","tract",2023,"food_score",120.51
"36103170203","tract",2023,"food_score",123.96
"36103170204","tract",2023,"food_score",115.86
"36103170205","tract",2023,"food_score",107.61
"36103170206","tract",2023,"food_score",123.04
"36103180300","tract",2023,"food_score",124.64
"36103190402","tract",2023,"food_score",123.75
"36103190403","tract",2023,"food_score",118.87
"36103190404","tract",2023,"food_score",104.14
"36103190405","tract",2023,"food_score",118.03
"36103190502","tract",2023,"food_score",117.03
"36103190503","tract",2023,"food_score",100.17
"36103190504","tract",2023,"food_score",122.37
"36103190603","tract",2023,"food_score",121.53
"36103190604","tract",2023,"food_score",113.53
"36103190605","tract",2023,"food_score",118.97
"36103190606","tract",2023,"food_score",120.13
"36103190706","tract",2023,"food_score",114.67
"36103190708","tract",2023,"food_score",123.84
"36103190709","tract",2023,"food_score",113.1
"36103190710","tract",2023,"food_score",123.85
"36103190711","tract",2023,"food_score",122.92
"36103190712","tract",2023,"food_score",121.65
"36103190713","tract",2023,"food_score",123.28
"36103190714","tract",2023,"food_score",98.59
"36103190801","tract",2023,"food_score",123.26
"36103190802","tract",2023,"food_score",114.24
"36103200901","tract",2023,"food_score",116.35
"36103200903","tract",2023,"food_score",123.09
"36103200904","tract",2023,"food_score",97.5
"36103200905","tract",2023,"food_score",97.63
"36103200906","tract",2023,"food_score",97.86
"36103201005","tract",2023,"food_score",113.53
"36103201006","tract",2023,"food_score",114.08
"36103201007","tract",2023,"food_score",110.13
"36103201008","tract",2023,"food_score",120.72
"36103201009","tract",2023,"food_score",126.19
"36103201010","tract",2023,"food_score",117.43
"36103990100","tract",2023,"food_score",NA
"36105950100","tract",2023,"food_score",97.17
"36105950201","tract",2023,"food_score",112.11
"36105950202","tract",2023,"food_score",77.87
"36105950300","tract",2023,"food_score",92.63
"36105950400","tract",2023,"food_score",98.53
"36105950500","tract",2023,"food_score",95.57
"36105950600","tract",2023,"food_score",119.35
"36105950701","tract",2023,"food_score",106.54
"36105950702","tract",2023,"food_score",86.67
"36105950801","tract",2023,"food_score",84.7
"36105950802","tract",2023,"food_score",105.33
"36105950900","tract",2023,"food_score",64.15
"36105951000","tract",2023,"food_score",82.16
"36105951100","tract",2023,"food_score",NA
"36105951201","tract",2023,"food_score",111.96
"36105951202","tract",2023,"food_score",78.5
"36105951301","tract",2023,"food_score",111.47
"36105951302","tract",2023,"food_score",110.5
"36105951500","tract",2023,"food_score",66.7
"36105951600","tract",2023,"food_score",82.33
"36105951701","tract",2023,"food_score",111.31
"36105951702","tract",2023,"food_score",113.68
"36105951801","tract",2023,"food_score",50.55
"36105951802","tract",2023,"food_score",60.12
"36105951900","tract",2023,"food_score",93.55
"36105952000","tract",2023,"food_score",119
"36105952100","tract",2023,"food_score",118.1
"36105952200","tract",2023,"food_score",104.04
"36105952300","tract",2023,"food_score",114.12
"36105952400","tract",2023,"food_score",111
"36105952500","tract",2023,"food_score",106.19
"36107020101","tract",2023,"food_score",95.76
"36107020102","tract",2023,"food_score",99.6
"36107020200","tract",2023,"food_score",97.34
"36107020300","tract",2023,"food_score",111.94
"36107020401","tract",2023,"food_score",107.91
"36107020402","tract",2023,"food_score",103.73
"36107020500","tract",2023,"food_score",75.66
"36107020600","tract",2023,"food_score",99.81
"36107020701","tract",2023,"food_score",88.29
"36107020702","tract",2023,"food_score",88.87
"36107020703","tract",2023,"food_score",109.59
"36109000100","tract",2023,"food_score",105.55
"36109000201","tract",2023,"food_score",115.6
"36109000202","tract",2023,"food_score",104.35
"36109000300","tract",2023,"food_score",NA
"36109000400","tract",2023,"food_score",NA
"36109000500","tract",2023,"food_score",111.65
"36109000600","tract",2023,"food_score",121.83
"36109000700","tract",2023,"food_score",111.32
"36109000800","tract",2023,"food_score",92.14
"36109000900","tract",2023,"food_score",104.25
"36109001000","tract",2023,"food_score",95.01
"36109001100","tract",2023,"food_score",121.36
"36109001200","tract",2023,"food_score",NA
"36109001301","tract",2023,"food_score",121.87
"36109001302","tract",2023,"food_score",111.55
"36109001400","tract",2023,"food_score",115.1
"36109001500","tract",2023,"food_score",110.78
"36109001600","tract",2023,"food_score",118.99
"36109001700","tract",2023,"food_score",113.15
"36109001800","tract",2023,"food_score",87.25
"36109001901","tract",2023,"food_score",109.2
"36109001902","tract",2023,"food_score",114.02
"36109002000","tract",2023,"food_score",86.16
"36109002100","tract",2023,"food_score",108.7
"36109002200","tract",2023,"food_score",82.61
"36109002300","tract",2023,"food_score",91.62
"36111950100","tract",2023,"food_score",120.21
"36111950200","tract",2023,"food_score",96.34
"36111950300","tract",2023,"food_score",99.08
"36111950400","tract",2023,"food_score",115.22
"36111950500","tract",2023,"food_score",101.85
"36111950600","tract",2023,"food_score",122.6
"36111950900","tract",2023,"food_score",96.59
"36111951000","tract",2023,"food_score",111.29
"36111951100","tract",2023,"food_score",118.44
"36111951200","tract",2023,"food_score",109.18
"36111951300","tract",2023,"food_score",110.78
"36111951400","tract",2023,"food_score",79.86
"36111951500","tract",2023,"food_score",106.49
"36111951600","tract",2023,"food_score",95.91
"36111951700","tract",2023,"food_score",89.1
"36111951800","tract",2023,"food_score",81.13
"36111951900","tract",2023,"food_score",81.55
"36111952000","tract",2023,"food_score",104.28
"36111952100","tract",2023,"food_score",91.09
"36111952200","tract",2023,"food_score",113.41
"36111952300","tract",2023,"food_score",107.47
"36111952400","tract",2023,"food_score",83.32
"36111952500","tract",2023,"food_score",108.02
"36111952600","tract",2023,"food_score",125.29
"36111952700","tract",2023,"food_score",112.07
"36111952800","tract",2023,"food_score",97.08
"36111952901","tract",2023,"food_score",104.79
"36111952902","tract",2023,"food_score",103.99
"36111953000","tract",2023,"food_score",112.3
"36111953300","tract",2023,"food_score",115.27
"36111953400","tract",2023,"food_score",114.63
"36111953500","tract",2023,"food_score",NA
"36111953600","tract",2023,"food_score",123.51
"36111953700","tract",2023,"food_score",118.46
"36111953800","tract",2023,"food_score",121.3
"36111953900","tract",2023,"food_score",111.18
"36111954000","tract",2023,"food_score",107.98
"36111954100","tract",2023,"food_score",113.32
"36111954200","tract",2023,"food_score",NA
"36111954402","tract",2023,"food_score",117.19
"36111954500","tract",2023,"food_score",101.55
"36111954600","tract",2023,"food_score",112.49
"36111954700","tract",2023,"food_score",114.23
"36111954800","tract",2023,"food_score",75.95
"36111954900","tract",2023,"food_score",118.53
"36111955001","tract",2023,"food_score",113.1
"36111955002","tract",2023,"food_score",120.18
"36111955300","tract",2023,"food_score",104.22
"36111955400","tract",2023,"food_score",117.55
"36113070100","tract",2023,"food_score",96.36
"36113070200","tract",2023,"food_score",77.65
"36113070300","tract",2023,"food_score",116.09
"36113070400","tract",2023,"food_score",92.36
"36113070500","tract",2023,"food_score",81.9
"36113070602","tract",2023,"food_score",122.63
"36113070603","tract",2023,"food_score",116.05
"36113070604","tract",2023,"food_score",120.88
"36113070701","tract",2023,"food_score",119.1
"36113070702","tract",2023,"food_score",100.78
"36113070801","tract",2023,"food_score",116.35
"36113070802","tract",2023,"food_score",103.69
"36113070900","tract",2023,"food_score",122.14
"36113071000","tract",2023,"food_score",113.47
"36113072001","tract",2023,"food_score",109.99
"36113072002","tract",2023,"food_score",121.81
"36113073000","tract",2023,"food_score",100.68
"36113073500","tract",2023,"food_score",103.56
"36113074000","tract",2023,"food_score",101.95
"36113075001","tract",2023,"food_score",111.26
"36113075002","tract",2023,"food_score",82.94
"36113076000","tract",2023,"food_score",116.99
"36113078000","tract",2023,"food_score",113.19
"36115080100","tract",2023,"food_score",96.81
"36115080200","tract",2023,"food_score",98.76
"36115080301","tract",2023,"food_score",89.63
"36115080302","tract",2023,"food_score",112.88
"36115081001","tract",2023,"food_score",121.34
"36115081002","tract",2023,"food_score",NA
"36115082001","tract",2023,"food_score",93.17
"36115082002","tract",2023,"food_score",110.29
"36115084001","tract",2023,"food_score",101.13
"36115084002","tract",2023,"food_score",93.59
"36115085000","tract",2023,"food_score",111.57
"36115086000","tract",2023,"food_score",87.35
"36115087000","tract",2023,"food_score",107.09
"36115088001","tract",2023,"food_score",95.21
"36115088002","tract",2023,"food_score",95.85
"36115089000","tract",2023,"food_score",112.17
"36115090000","tract",2023,"food_score",104.57
"36115091000","tract",2023,"food_score",104.72
"36115092000","tract",2023,"food_score",110.88
"36115093000","tract",2023,"food_score",112.18
"36115094000","tract",2023,"food_score",113.89
"36117020103","tract",2023,"food_score",118.37
"36117020104","tract",2023,"food_score",117.5
"36117020105","tract",2023,"food_score",117.01
"36117020106","tract",2023,"food_score",89.48
"36117020201","tract",2023,"food_score",116.71
"36117020202","tract",2023,"food_score",101.13
"36117020302","tract",2023,"food_score",112.26
"36117020303","tract",2023,"food_score",105.35
"36117020401","tract",2023,"food_score",109.89
"36117020402","tract",2023,"food_score",96.17
"36117020500","tract",2023,"food_score",114.59
"36117020601","tract",2023,"food_score",114.21
"36117020602","tract",2023,"food_score",103.14
"36117020700","tract",2023,"food_score",101.48
"36117020800","tract",2023,"food_score",89.47
"36117020900","tract",2023,"food_score",100.77
"36117021000","tract",2023,"food_score",116.05
"36117021100","tract",2023,"food_score",106.15
"36117021200","tract",2023,"food_score",89.7
"36117021400","tract",2023,"food_score",75.17
"36117021501","tract",2023,"food_score",92.4
"36117021502","tract",2023,"food_score",97.27
"36117021600","tract",2023,"food_score",114.18
"36117021700","tract",2023,"food_score",105.47
"36117021800","tract",2023,"food_score",98.88
"36117990100","tract",2023,"food_score",NA
"36119000101","tract",2023,"food_score",57.91
"36119000103","tract",2023,"food_score",54.98
"36119000104","tract",2023,"food_score",102.29
"36119000202","tract",2023,"food_score",73.46
"36119000203","tract",2023,"food_score",88.41
"36119000204","tract",2023,"food_score",55.74
"36119000205","tract",2023,"food_score",69.56
"36119000300","tract",2023,"food_score",56.48
"36119000401","tract",2023,"food_score",87.12
"36119000403","tract",2023,"food_score",68.13
"36119000404","tract",2023,"food_score",82.06
"36119000501","tract",2023,"food_score",42.1
"36119000502","tract",2023,"food_score",16.68
"36119000601","tract",2023,"food_score",39.25
"36119000602","tract",2023,"food_score",59.91
"36119000701","tract",2023,"food_score",106.09
"36119000702","tract",2023,"food_score",95.89
"36119000801","tract",2023,"food_score",105.7
"36119000802","tract",2023,"food_score",109.93
"36119000803","tract",2023,"food_score",99.55
"36119000900","tract",2023,"food_score",106.75
"36119001000","tract",2023,"food_score",16.52
"36119001101","tract",2023,"food_score",40.66
"36119001102","tract",2023,"food_score",75
"36119001200","tract",2023,"food_score",59.86
"36119001301","tract",2023,"food_score",95.21
"36119001302","tract",2023,"food_score",93.33
"36119001304","tract",2023,"food_score",52.68
"36119001305","tract",2023,"food_score",38.28
"36119001401","tract",2023,"food_score",112.41
"36119001402","tract",2023,"food_score",90.08
"36119001403","tract",2023,"food_score",101.38
"36119001502","tract",2023,"food_score",115.12
"36119001503","tract",2023,"food_score",105.71
"36119001504","tract",2023,"food_score",103.32
"36119001505","tract",2023,"food_score",103.84
"36119001600","tract",2023,"food_score",87.44
"36119001701","tract",2023,"food_score",97.19
"36119001702","tract",2023,"food_score",110.54
"36119001800","tract",2023,"food_score",99.84
"36119001900","tract",2023,"food_score",104.32
"36119002000","tract",2023,"food_score",113.53
"36119002101","tract",2023,"food_score",109.72
"36119002103","tract",2023,"food_score",114.18
"36119002104","tract",2023,"food_score",108.91
"36119002105","tract",2023,"food_score",112.08
"36119002106","tract",2023,"food_score",98.39
"36119002107","tract",2023,"food_score",82.09
"36119002201","tract",2023,"food_score",112.52
"36119002202","tract",2023,"food_score",108.34
"36119002203","tract",2023,"food_score",91.55
"36119002204","tract",2023,"food_score",118.38
"36119002300","tract",2023,"food_score",100.83
"36119002401","tract",2023,"food_score",120.17
"36119002402","tract",2023,"food_score",114.42
"36119002403","tract",2023,"food_score",112.64
"36119002404","tract",2023,"food_score",112.3
"36119002405","tract",2023,"food_score",114.6
"36119002600","tract",2023,"food_score",89.35
"36119002700","tract",2023,"food_score",76.75
"36119002800","tract",2023,"food_score",71.18
"36119002900","tract",2023,"food_score",53.12
"36119003000","tract",2023,"food_score",48.83
"36119003100","tract",2023,"food_score",34.58
"36119003200","tract",2023,"food_score",47.64
"36119003300","tract",2023,"food_score",86.57
"36119003400","tract",2023,"food_score",101.44
"36119003500","tract",2023,"food_score",55.76
"36119003600","tract",2023,"food_score",89.03
"36119003700","tract",2023,"food_score",98.23
"36119003800","tract",2023,"food_score",109.48
"36119003900","tract",2023,"food_score",105.88
"36119004001","tract",2023,"food_score",65.76
"36119004002","tract",2023,"food_score",102.55
"36119004100","tract",2023,"food_score",105.28
"36119004200","tract",2023,"food_score",102.37
"36119004500","tract",2023,"food_score",107.66
"36119004600","tract",2023,"food_score",106.77
"36119004700","tract",2023,"food_score",123.21
"36119004801","tract",2023,"food_score",116.08
"36119004802","tract",2023,"food_score",118.29
"36119004900","tract",2023,"food_score",114.84
"36119005001","tract",2023,"food_score",118.5
"36119005002","tract",2023,"food_score",114.37
"36119005100","tract",2023,"food_score",114.37
"36119005200","tract",2023,"food_score",123.43
"36119005300","tract",2023,"food_score",114.58
"36119005400","tract",2023,"food_score",120.55
"36119005500","tract",2023,"food_score",118.55
"36119005600","tract",2023,"food_score",NA
"36119005702","tract",2023,"food_score",98.02
"36119005703","tract",2023,"food_score",105.48
"36119005704","tract",2023,"food_score",117.17
"36119005800","tract",2023,"food_score",109.45
"36119005901","tract",2023,"food_score",98.65
"36119005902","tract",2023,"food_score",113.65
"36119006000","tract",2023,"food_score",97.92
"36119006100","tract",2023,"food_score",81.39
"36119006200","tract",2023,"food_score",100.74
"36119006301","tract",2023,"food_score",71.1
"36119006302","tract",2023,"food_score",54.59
"36119006400","tract",2023,"food_score",82.75
"36119006500","tract",2023,"food_score",80.78
"36119006600","tract",2023,"food_score",112.41
"36119006700","tract",2023,"food_score",115.91
"36119006801","tract",2023,"food_score",124.54
"36119006802","tract",2023,"food_score",125.42
"36119006900","tract",2023,"food_score",122.08
"36119007000","tract",2023,"food_score",123.98
"36119007100","tract",2023,"food_score",125.28
"36119007200","tract",2023,"food_score",109.06
"36119007300","tract",2023,"food_score",113.39
"36119007401","tract",2023,"food_score",117.14
"36119007402","tract",2023,"food_score",122.79
"36119007500","tract",2023,"food_score",122.25
"36119007600","tract",2023,"food_score",118.92
"36119007700","tract",2023,"food_score",120.7
"36119007800","tract",2023,"food_score",80.15
"36119007901","tract",2023,"food_score",100.93
"36119007902","tract",2023,"food_score",104.88
"36119008000","tract",2023,"food_score",77.06
"36119008100","tract",2023,"food_score",104.47
"36119008200","tract",2023,"food_score",108.75
"36119008301","tract",2023,"food_score",119.17
"36119008302","tract",2023,"food_score",126.7
"36119008401","tract",2023,"food_score",121.72
"36119008403","tract",2023,"food_score",114.6
"36119008404","tract",2023,"food_score",117.36
"36119008500","tract",2023,"food_score",124
"36119008602","tract",2023,"food_score",124.73
"36119008700","tract",2023,"food_score",116.92
"36119008801","tract",2023,"food_score",113.28
"36119008802","tract",2023,"food_score",117.4
"36119008901","tract",2023,"food_score",119.65
"36119008902","tract",2023,"food_score",99.81
"36119009000","tract",2023,"food_score",83.15
"36119009100","tract",2023,"food_score",100.15
"36119009201","tract",2023,"food_score",110.72
"36119009202","tract",2023,"food_score",107.09
"36119009300","tract",2023,"food_score",89.33
"36119009400","tract",2023,"food_score",107.78
"36119009500","tract",2023,"food_score",88.3
"36119009600","tract",2023,"food_score",118.1
"36119009701","tract",2023,"food_score",123.51
"36119009702","tract",2023,"food_score",123.29
"36119009703","tract",2023,"food_score",120.29
"36119009800","tract",2023,"food_score",125.59
"36119009900","tract",2023,"food_score",120.92
"36119010000","tract",2023,"food_score",118.99
"36119010100","tract",2023,"food_score",120.55
"36119010200","tract",2023,"food_score",122.26
"36119010300","tract",2023,"food_score",121.13
"36119010400","tract",2023,"food_score",119.02
"36119010500","tract",2023,"food_score",118.44
"36119010600","tract",2023,"food_score",126.86
"36119010701","tract",2023,"food_score",124.22
"36119010702","tract",2023,"food_score",117.16
"36119010801","tract",2023,"food_score",118.99
"36119010803","tract",2023,"food_score",115.72
"36119010804","tract",2023,"food_score",124.21
"36119010901","tract",2023,"food_score",94.63
"36119010902","tract",2023,"food_score",113.35
"36119010903","tract",2023,"food_score",101.45
"36119011000","tract",2023,"food_score",116.54
"36119011101","tract",2023,"food_score",119.81
"36119011102","tract",2023,"food_score",119.85
"36119011200","tract",2023,"food_score",100.44
"36119011300","tract",2023,"food_score",125.5
"36119011401","tract",2023,"food_score",115.59
"36119011402","tract",2023,"food_score",119.89
"36119011500","tract",2023,"food_score",120.47
"36119011601","tract",2023,"food_score",87.37
"36119011602","tract",2023,"food_score",88.37
"36119011700","tract",2023,"food_score",122.36
"36119011800","tract",2023,"food_score",124.72
"36119011902","tract",2023,"food_score",107.14
"36119012000","tract",2023,"food_score",127.43
"36119012101","tract",2023,"food_score",121.23
"36119012102","tract",2023,"food_score",119.7
"36119012201","tract",2023,"food_score",120.85
"36119012202","tract",2023,"food_score",106.83
"36119012301","tract",2023,"food_score",115.95
"36119012303","tract",2023,"food_score",113.13
"36119012304","tract",2023,"food_score",124.51
"36119012400","tract",2023,"food_score",124.61
"36119012501","tract",2023,"food_score",124.28
"36119012502","tract",2023,"food_score",123.09
"36119012503","tract",2023,"food_score",123.19
"36119012600","tract",2023,"food_score",121.73
"36119012700","tract",2023,"food_score",123.09
"36119012803","tract",2023,"food_score",121.6
"36119012804","tract",2023,"food_score",112.97
"36119012900","tract",2023,"food_score",106.73
"36119013000","tract",2023,"food_score",108.12
"36119013102","tract",2023,"food_score",123.5
"36119013103","tract",2023,"food_score",117.51
"36119013104","tract",2023,"food_score",127.17
"36119013201","tract",2023,"food_score",123.27
"36119013202","tract",2023,"food_score",121.94
"36119013301","tract",2023,"food_score",87.45
"36119013304","tract",2023,"food_score",101.42
"36119013401","tract",2023,"food_score",116.64
"36119013402","tract",2023,"food_score",121.87
"36119013500","tract",2023,"food_score",115.11
"36119013600","tract",2023,"food_score",109.02
"36119013700","tract",2023,"food_score",118.44
"36119013800","tract",2023,"food_score",119.85
"36119013900","tract",2023,"food_score",122.05
"36119014000","tract",2023,"food_score",118.47
"36119014100","tract",2023,"food_score",91.06
"36119014200","tract",2023,"food_score",108.14
"36119014300","tract",2023,"food_score",81.74
"36119014400","tract",2023,"food_score",108.44
"36119014500","tract",2023,"food_score",98.45
"36119014604","tract",2023,"food_score",111.77
"36119014605","tract",2023,"food_score",121.22
"36119014606","tract",2023,"food_score",125.14
"36119014607","tract",2023,"food_score",115.41
"36119014701","tract",2023,"food_score",113.38
"36119014703","tract",2023,"food_score",97.33
"36119014704","tract",2023,"food_score",112.87
"36119014805","tract",2023,"food_score",122.91
"36119014806","tract",2023,"food_score",113.47
"36119014808","tract",2023,"food_score",110.94
"36119014809","tract",2023,"food_score",113.06
"36119014810","tract",2023,"food_score",123.31
"36119014811","tract",2023,"food_score",125.29
"36119014812","tract",2023,"food_score",124.56
"36119014813","tract",2023,"food_score",110.33
"36119014901","tract",2023,"food_score",127.82
"36119014903","tract",2023,"food_score",123.77
"36119014907","tract",2023,"food_score",119.76
"36119014908","tract",2023,"food_score",120.74
"36119014909","tract",2023,"food_score",122.94
"36119015000","tract",2023,"food_score",125.32
"36119015100","tract",2023,"food_score",113.94
"36119981000","tract",2023,"food_score",NA
"36119982000","tract",2023,"food_score",NA
"36119983000","tract",2023,"food_score",NA
"36119984000","tract",2023,"food_score",NA
"36119985000","tract",2023,"food_score",NA
"36121970100","tract",2023,"food_score",113.16
"36121970201","tract",2023,"food_score",NA
"36121970202","tract",2023,"food_score",104.17
"36121970300","tract",2023,"food_score",111.23
"36121970400","tract",2023,"food_score",111.21
"36121970500","tract",2023,"food_score",100.61
"36121970600","tract",2023,"food_score",108.01
"36121970700","tract",2023,"food_score",104.32
"36121970800","tract",2023,"food_score",110.79
"36121970900","tract",2023,"food_score",113.07
"36121971000","tract",2023,"food_score",104.82
"36121971100","tract",2023,"food_score",101.83
"36123150101","tract",2023,"food_score",94.37
"36123150102","tract",2023,"food_score",109.14
"36123150200","tract",2023,"food_score",100.76
"36123150301","tract",2023,"food_score",108.82
"36123150302","tract",2023,"food_score",110.11
"36123150400","tract",2023,"food_score",112.85
"36123150501","tract",2023,"food_score",96.81
"36123150502","tract",2023,"food_score",110.09
"36001000100","tract",2023,"food_rnk",8.6142
"36001000201","tract",2023,"food_rnk",9.5299
"36001000202","tract",2023,"food_rnk",4.7173
"36001000301","tract",2023,"food_rnk",1.382
"36001000302","tract",2023,"food_rnk",38.8934
"36001000401","tract",2023,"food_rnk",96.5878
"36001000403","tract",2023,"food_rnk",57.9971
"36001000404","tract",2023,"food_rnk",NA
"36001000501","tract",2023,"food_rnk",8.8889
"36001000502","tract",2023,"food_rnk",NA
"36001000600","tract",2023,"food_rnk",6.2104
"36001000700","tract",2023,"food_rnk",2.4966
"36001000800","tract",2023,"food_rnk",0.4029
"36001001100","tract",2023,"food_rnk",32.0384
"36001001400","tract",2023,"food_rnk",53.5288
"36001001500","tract",2023,"food_rnk",44.823
"36001001600","tract",2023,"food_rnk",25.6974
"36001001700","tract",2023,"food_rnk",27.8168
"36001001802","tract",2023,"food_rnk",49.6429
"36001001803","tract",2023,"food_rnk",71.3567
"36001001804","tract",2023,"food_rnk",70.2848
"36001001901","tract",2023,"food_rnk",64.7422
"36001001902","tract",2023,"food_rnk",70.4008
"36001002000","tract",2023,"food_rnk",10.0414
"36001002100","tract",2023,"food_rnk",36.1429
"36001002200","tract",2023,"food_rnk",38.2855
"36001002300","tract",2023,"food_rnk",8.635
"36001002500","tract",2023,"food_rnk",0.8534
"36001002600","tract",2023,"food_rnk",28.6775
"36001012700","tract",2023,"food_rnk",32.9541
"36001012800","tract",2023,"food_rnk",5.4449
"36001012900","tract",2023,"food_rnk",5.965
"36001013000","tract",2023,"food_rnk",69.4107
"36001013100","tract",2023,"food_rnk",9.4529
"36001013200","tract",2023,"food_rnk",17.6216
"36001013300","tract",2023,"food_rnk",16.579
"36001013400","tract",2023,"food_rnk",20.25
"36001013503","tract",2023,"food_rnk",67.8834
"36001013505","tract",2023,"food_rnk",39.9482
"36001013507","tract",2023,"food_rnk",76.7076
"36001013509","tract",2023,"food_rnk",52.1261
"36001013510","tract",2023,"food_rnk",57.9055
"36001013511","tract",2023,"food_rnk",38.0315
"36001013512","tract",2023,"food_rnk",64.8118
"36001013602","tract",2023,"food_rnk",84.7115
"36001013603","tract",2023,"food_rnk",85.5062
"36001013604","tract",2023,"food_rnk",95.4548
"36001013703","tract",2023,"food_rnk",65.3392
"36001013706","tract",2023,"food_rnk",92.3331
"36001013707","tract",2023,"food_rnk",91.0928
"36001013708","tract",2023,"food_rnk",56.0218
"36001013709","tract",2023,"food_rnk",49.5831
"36001013802","tract",2023,"food_rnk",73.8204
"36001013803","tract",2023,"food_rnk",29.7909
"36001013804","tract",2023,"food_rnk",41.561
"36001013901","tract",2023,"food_rnk",69.9344
"36001013902","tract",2023,"food_rnk",54.9951
"36001014001","tract",2023,"food_rnk",75.6028
"36001014002","tract",2023,"food_rnk",48.9165
"36001014100","tract",2023,"food_rnk",92.83
"36001014201","tract",2023,"food_rnk",94.8859
"36001014202","tract",2023,"food_rnk",97.2592
"36001014203","tract",2023,"food_rnk",97.3581
"36001014301","tract",2023,"food_rnk",85.4525
"36001014303","tract",2023,"food_rnk",88.2934
"36001014304","tract",2023,"food_rnk",78.3069
"36001014401","tract",2023,"food_rnk",81.8486
"36001014402","tract",2023,"food_rnk",61.0883
"36001014501","tract",2023,"food_rnk",85.2425
"36001014502","tract",2023,"food_rnk",68.7148
"36001014503","tract",2023,"food_rnk",73.3406
"36001014606","tract",2023,"food_rnk",82.4676
"36001014608","tract",2023,"food_rnk",NA
"36001014609","tract",2023,"food_rnk",33.0273
"36001014611","tract",2023,"food_rnk",80.2481
"36001014612","tract",2023,"food_rnk",48.0216
"36001014613","tract",2023,"food_rnk",95.0397
"36001014614","tract",2023,"food_rnk",85.4525
"36001014615","tract",2023,"food_rnk",37.0854
"36001014616","tract",2023,"food_rnk",80.5692
"36001014617","tract",2023,"food_rnk",92.3331
"36001014700","tract",2023,"food_rnk",72.0086
"36001014801","tract",2023,"food_rnk",68.0092
"36001014802","tract",2023,"food_rnk",38.0974
"36001014803","tract",2023,"food_rnk",62.8646
"36003940200","tract",2023,"food_rnk",NA
"36003950100","tract",2023,"food_rnk",54.525
"36003950300","tract",2023,"food_rnk",41.3607
"36003950401","tract",2023,"food_rnk",59.4804
"36003950402","tract",2023,"food_rnk",48.6333
"36003950500","tract",2023,"food_rnk",37.8936
"36003950600","tract",2023,"food_rnk",38.8434
"36003950700","tract",2023,"food_rnk",27.0428
"36003950800","tract",2023,"food_rnk",NA
"36003950900","tract",2023,"food_rnk",29.0095
"36003951000","tract",2023,"food_rnk",32.2692
"36003951100","tract",2023,"food_rnk",46.979
"36003951201","tract",2023,"food_rnk",11.4637
"36003951202","tract",2023,"food_rnk",21.8176
"36003951301","tract",2023,"food_rnk",47.7054
"36003951302","tract",2023,"food_rnk",46.3698
"36005000100","tract",2023,"food_rnk",NA
"36005000200","tract",2023,"food_rnk",29.1695
"36005000400","tract",2023,"food_rnk",42.5059
"36005001600","tract",2023,"food_rnk",4.2583
"36005001901","tract",2023,"food_rnk",10.0035
"36005001902","tract",2023,"food_rnk",6.0383
"36005001903","tract",2023,"food_rnk",NA
"36005001904","tract",2023,"food_rnk",NA
"36005002001","tract",2023,"food_rnk",0.0293
"36005002002","tract",2023,"food_rnk",0.6824
"36005002300","tract",2023,"food_rnk",1.3332
"36005002400","tract",2023,"food_rnk",NA
"36005002500","tract",2023,"food_rnk",2.8494
"36005002701","tract",2023,"food_rnk",0.1465
"36005002702","tract",2023,"food_rnk",0.8705
"36005002800","tract",2023,"food_rnk",29.6395
"36005003100","tract",2023,"food_rnk",2.9959
"36005003300","tract",2023,"food_rnk",0.7765
"36005003500","tract",2023,"food_rnk",1.0743
"36005003700","tract",2023,"food_rnk",0.5347
"36005003800","tract",2023,"food_rnk",15.5803
"36005003900","tract",2023,"food_rnk",0.3308
"36005004001","tract",2023,"food_rnk",18.3101
"36005004100","tract",2023,"food_rnk",0.7288
"36005004200","tract",2023,"food_rnk",7.6669
"36005004300","tract",2023,"food_rnk",0.2771
"36005004400","tract",2023,"food_rnk",0.9669
"36005004600","tract",2023,"food_rnk",2.1926
"36005004800","tract",2023,"food_rnk",2.6297
"36005005001","tract",2023,"food_rnk",4.605
"36005005002","tract",2023,"food_rnk",2.604
"36005005100","tract",2023,"food_rnk",0.0232
"36005005200","tract",2023,"food_rnk",0.3809
"36005005300","tract",2023,"food_rnk",0.022
"36005005400","tract",2023,"food_rnk",4.2583
"36005005600","tract",2023,"food_rnk",4.3266
"36005005902","tract",2023,"food_rnk",13.8687
"36005006000","tract",2023,"food_rnk",1.5932
"36005006100","tract",2023,"food_rnk",22.6148
"36005006200","tract",2023,"food_rnk",0.9352
"36005006301","tract",2023,"food_rnk",12.7333
"36005006302","tract",2023,"food_rnk",NA
"36005006400","tract",2023,"food_rnk",4.8052
"36005006500","tract",2023,"food_rnk",0.4908
"36005006700","tract",2023,"food_rnk",0.0769
"36005006800","tract",2023,"food_rnk",2.8067
"36005006900","tract",2023,"food_rnk",1.9851
"36005007000","tract",2023,"food_rnk",6.949
"36005007100","tract",2023,"food_rnk",6.9038
"36005007200","tract",2023,"food_rnk",13.1911
"36005007300","tract",2023,"food_rnk",1.2514
"36005007400","tract",2023,"food_rnk",16.6132
"36005007500","tract",2023,"food_rnk",2.7982
"36005007600","tract",2023,"food_rnk",7.1907
"36005007700","tract",2023,"food_rnk",4.5501
"36005007800","tract",2023,"food_rnk",7.2139
"36005007900","tract",2023,"food_rnk",0.8131
"36005008300","tract",2023,"food_rnk",5.0054
"36005008400","tract",2023,"food_rnk",23.5719
"36005008500","tract",2023,"food_rnk",2.8665
"36005008600","tract",2023,"food_rnk",0.9083
"36005008700","tract",2023,"food_rnk",1.1683
"36005008900","tract",2023,"food_rnk",4.5098
"36005009000","tract",2023,"food_rnk",0.8265
"36005009200","tract",2023,"food_rnk",15.8477
"36005009301","tract",2023,"food_rnk",3.3866
"36005009302","tract",2023,"food_rnk",NA
"36005009600","tract",2023,"food_rnk",10.1842
"36005009800","tract",2023,"food_rnk",12.6125
"36005011000","tract",2023,"food_rnk",NA
"36005011502","tract",2023,"food_rnk",5.3534
"36005011701","tract",2023,"food_rnk",0.21
"36005011702","tract",2023,"food_rnk",NA
"36005011800","tract",2023,"food_rnk",37.0243
"36005011900","tract",2023,"food_rnk",1.5212
"36005012101","tract",2023,"food_rnk",3.3121
"36005012102","tract",2023,"food_rnk",0.5164
"36005012300","tract",2023,"food_rnk",7.6949
"36005012500","tract",2023,"food_rnk",3.0277
"36005012701","tract",2023,"food_rnk",2.3843
"36005012901","tract",2023,"food_rnk",0.0549
"36005013000","tract",2023,"food_rnk",45.2418
"36005013100","tract",2023,"food_rnk",0.5433
"36005013200","tract",2023,"food_rnk",34.5582
"36005013300","tract",2023,"food_rnk",0.5066
"36005013500","tract",2023,"food_rnk",5.5621
"36005013800","tract",2023,"food_rnk",30.6955
"36005014100","tract",2023,"food_rnk",4.3352
"36005014300","tract",2023,"food_rnk",0.1282
"36005014400","tract",2023,"food_rnk",3.1791
"36005014500","tract",2023,"food_rnk",0.8827
"36005014701","tract",2023,"food_rnk",0.9242
"36005014702","tract",2023,"food_rnk",0.0806
"36005014900","tract",2023,"food_rnk",0.9449
"36005015100","tract",2023,"food_rnk",1.4626
"36005015200","tract",2023,"food_rnk",40.2461
"36005015300","tract",2023,"food_rnk",2.112
"36005015500","tract",2023,"food_rnk",8.5056
"36005015700","tract",2023,"food_rnk",5.6586
"36005015800","tract",2023,"food_rnk",43.7243
"36005015900","tract",2023,"food_rnk",2.1999
"36005016000","tract",2023,"food_rnk",41.3119
"36005016100","tract",2023,"food_rnk",0.0757
"36005016200","tract",2023,"food_rnk",45.7985
"36005016300","tract",2023,"food_rnk",NA
"36005016400","tract",2023,"food_rnk",17.9793
"36005016500","tract",2023,"food_rnk",3.2181
"36005016600","tract",2023,"food_rnk",26.3164
"36005016700","tract",2023,"food_rnk",1.9387
"36005016900","tract",2023,"food_rnk",5.4339
"36005017100","tract",2023,"food_rnk",NA
"36005017300","tract",2023,"food_rnk",2.1426
"36005017500","tract",2023,"food_rnk",0.6422
"36005017701","tract",2023,"food_rnk",0.6165
"36005017702","tract",2023,"food_rnk",3.7834
"36005017901","tract",2023,"food_rnk",1.7104
"36005017902","tract",2023,"food_rnk",0.3162
"36005018101","tract",2023,"food_rnk",20.0437
"36005018102","tract",2023,"food_rnk",1.288
"36005018301","tract",2023,"food_rnk",11.0596
"36005018302","tract",2023,"food_rnk",3.1009
"36005018400","tract",2023,"food_rnk",19.2477
"36005018501","tract",2023,"food_rnk",3.5917
"36005018502","tract",2023,"food_rnk",0.072
"36005018900","tract",2023,"food_rnk",1.0279
"36005019300","tract",2023,"food_rnk",5.3705
"36005019400","tract",2023,"food_rnk",28.7178
"36005019500","tract",2023,"food_rnk",2.1755
"36005019700","tract",2023,"food_rnk",2.0351
"36005019900","tract",2023,"food_rnk",0.525
"36005020000","tract",2023,"food_rnk",9.0122
"36005020100","tract",2023,"food_rnk",0.6434
"36005020200","tract",2023,"food_rnk",8.8059
"36005020400","tract",2023,"food_rnk",7.7059
"36005020501","tract",2023,"food_rnk",1.5358
"36005020502","tract",2023,"food_rnk",8.0893
"36005020601","tract",2023,"food_rnk",4.71
"36005020900","tract",2023,"food_rnk",2.1426
"36005021001","tract",2023,"food_rnk",5.9784
"36005021002","tract",2023,"food_rnk",35.5898
"36005021100","tract",2023,"food_rnk",2.0241
"36005021200","tract",2023,"food_rnk",22.9517
"36005021301","tract",2023,"food_rnk",7.4911
"36005021302","tract",2023,"food_rnk",0.7826
"36005021501","tract",2023,"food_rnk",0.1038
"36005021502","tract",2023,"food_rnk",1.4491
"36005021601","tract",2023,"food_rnk",6.3557
"36005021602","tract",2023,"food_rnk",18.6007
"36005021700","tract",2023,"food_rnk",1.266
"36005021800","tract",2023,"food_rnk",3.8078
"36005021900","tract",2023,"food_rnk",1.0609
"36005022000","tract",2023,"food_rnk",1.194
"36005022101","tract",2023,"food_rnk",3.704
"36005022102","tract",2023,"food_rnk",0.2442
"36005022200","tract",2023,"food_rnk",9.9437
"36005022300","tract",2023,"food_rnk",1.3063
"36005022401","tract",2023,"food_rnk",4.2009
"36005022403","tract",2023,"food_rnk",8.2431
"36005022404","tract",2023,"food_rnk",9.8705
"36005022500","tract",2023,"food_rnk",0.774
"36005022701","tract",2023,"food_rnk",7.6901
"36005022702","tract",2023,"food_rnk",0.879
"36005022703","tract",2023,"food_rnk",3.3048
"36005022800","tract",2023,"food_rnk",15.7586
"36005022901","tract",2023,"food_rnk",2.7579
"36005022902","tract",2023,"food_rnk",1.8825
"36005023000","tract",2023,"food_rnk",9.691
"36005023100","tract",2023,"food_rnk",2.0522
"36005023200","tract",2023,"food_rnk",6.0297
"36005023301","tract",2023,"food_rnk",5.9833
"36005023302","tract",2023,"food_rnk",2.3123
"36005023501","tract",2023,"food_rnk",3.1681
"36005023502","tract",2023,"food_rnk",5.8625
"36005023600","tract",2023,"food_rnk",2.8665
"36005023702","tract",2023,"food_rnk",5.147
"36005023703","tract",2023,"food_rnk",1.4003
"36005023704","tract",2023,"food_rnk",0.5482
"36005023800","tract",2023,"food_rnk",13.8419
"36005023900","tract",2023,"food_rnk",3.8884
"36005024000","tract",2023,"food_rnk",4.8467
"36005024100","tract",2023,"food_rnk",0.1257
"36005024300","tract",2023,"food_rnk",0.6715
"36005024400","tract",2023,"food_rnk",48.1303
"36005024501","tract",2023,"food_rnk",5.766
"36005024502","tract",2023,"food_rnk",0.3345
"36005024600","tract",2023,"food_rnk",12.6576
"36005024700","tract",2023,"food_rnk",5.0347
"36005024800","tract",2023,"food_rnk",14.0067
"36005024900","tract",2023,"food_rnk",NA
"36005025000","tract",2023,"food_rnk",35.917
"36005025100","tract",2023,"food_rnk",4.6844
"36005025200","tract",2023,"food_rnk",18.1709
"36005025300","tract",2023,"food_rnk",2.0827
"36005025400","tract",2023,"food_rnk",33.6121
"36005025500","tract",2023,"food_rnk",2.9666
"36005025600","tract",2023,"food_rnk",11.2586
"36005025700","tract",2023,"food_rnk",3.8115
"36005026100","tract",2023,"food_rnk",56.5589
"36005026300","tract",2023,"food_rnk",2.6773
"36005026400","tract",2023,"food_rnk",12.6833
"36005026500","tract",2023,"food_rnk",0.8265
"36005026601","tract",2023,"food_rnk",24.3557
"36005026602","tract",2023,"food_rnk",6.2629
"36005026701","tract",2023,"food_rnk",1.6054
"36005026702","tract",2023,"food_rnk",4.7771
"36005026900","tract",2023,"food_rnk",3.9506
"36005027300","tract",2023,"food_rnk",2.3318
"36005027401","tract",2023,"food_rnk",54.3016
"36005027402","tract",2023,"food_rnk",75.6895
"36005027600","tract",2023,"food_rnk",NA
"36005027700","tract",2023,"food_rnk",2.1743
"36005027900","tract",2023,"food_rnk",7.115
"36005028100","tract",2023,"food_rnk",42.7794
"36005028300","tract",2023,"food_rnk",0.5628
"36005028400","tract",2023,"food_rnk",NA
"36005028500","tract",2023,"food_rnk",56.4698
"36005028600","tract",2023,"food_rnk",21.488
"36005028700","tract",2023,"food_rnk",15.5535
"36005028800","tract",2023,"food_rnk",36.7472
"36005028900","tract",2023,"food_rnk",6.0261
"36005029301","tract",2023,"food_rnk",54.9694
"36005029302","tract",2023,"food_rnk",72.9145
"36005029500","tract",2023,"food_rnk",50.97
"36005029600","tract",2023,"food_rnk",39.1889
"36005029700","tract",2023,"food_rnk",69.9503
"36005030000","tract",2023,"food_rnk",30.4587
"36005030100","tract",2023,"food_rnk",46.7068
"36005030201","tract",2023,"food_rnk",50.8076
"36005030202","tract",2023,"food_rnk",21.7053
"36005030701","tract",2023,"food_rnk",49.1729
"36005030900","tract",2023,"food_rnk",57.0302
"36005031000","tract",2023,"food_rnk",45.6801
"36005031200","tract",2023,"food_rnk",39.2255
"36005031400","tract",2023,"food_rnk",35.0356
"36005031600","tract",2023,"food_rnk",36.1893
"36005031800","tract",2023,"food_rnk",33.0591
"36005031900","tract",2023,"food_rnk",NA
"36005032300","tract",2023,"food_rnk",58.3646
"36005032400","tract",2023,"food_rnk",3.2181
"36005032600","tract",2023,"food_rnk",48.2182
"36005032800","tract",2023,"food_rnk",2.5174
"36005033000","tract",2023,"food_rnk",11.6236
"36005033201","tract",2023,"food_rnk",6.4082
"36005033202","tract",2023,"food_rnk",11.9874
"36005033400","tract",2023,"food_rnk",NA
"36005033500","tract",2023,"food_rnk",26.0539
"36005033601","tract",2023,"food_rnk",1.9045
"36005033602","tract",2023,"food_rnk",22.9212
"36005033700","tract",2023,"food_rnk",41.1361
"36005033801","tract",2023,"food_rnk",16.1712
"36005033802","tract",2023,"food_rnk",2.4124
"36005034000","tract",2023,"food_rnk",7.5118
"36005034200","tract",2023,"food_rnk",25.1004
"36005034300","tract",2023,"food_rnk",57.4636
"36005034400","tract",2023,"food_rnk",8.3505
"36005034500","tract",2023,"food_rnk",37.144
"36005034800","tract",2023,"food_rnk",10.0597
"36005035000","tract",2023,"food_rnk",10.8532
"36005035100","tract",2023,"food_rnk",47.5309
"36005035600","tract",2023,"food_rnk",8.2028
"36005035800","tract",2023,"food_rnk",39.9934
"36005035900","tract",2023,"food_rnk",0.962
"36005036000","tract",2023,"food_rnk",23.4389
"36005036100","tract",2023,"food_rnk",0.1709
"36005036300","tract",2023,"food_rnk",0.2967
"36005036400","tract",2023,"food_rnk",5.036
"36005036501","tract",2023,"food_rnk",1.5334
"36005036502","tract",2023,"food_rnk",1.5468
"36005036700","tract",2023,"food_rnk",3.3158
"36005036800","tract",2023,"food_rnk",17.5898
"36005036901","tract",2023,"food_rnk",3.4415
"36005036902","tract",2023,"food_rnk",0.2832
"36005037000","tract",2023,"food_rnk",12.4782
"36005037100","tract",2023,"food_rnk",0.7533
"36005037200","tract",2023,"food_rnk",24.1506
"36005037300","tract",2023,"food_rnk",0.8021
"36005037400","tract",2023,"food_rnk",1.9643
"36005037504","tract",2023,"food_rnk",1.111
"36005037600","tract",2023,"food_rnk",19.8935
"36005037800","tract",2023,"food_rnk",7.9415
"36005037900","tract",2023,"food_rnk",1.5846
"36005038000","tract",2023,"food_rnk",2.9898
"36005038100","tract",2023,"food_rnk",7.5509
"36005038200","tract",2023,"food_rnk",17.6826
"36005038301","tract",2023,"food_rnk",0.7899
"36005038303","tract",2023,"food_rnk",0.3772
"36005038304","tract",2023,"food_rnk",0.7252
"36005038500","tract",2023,"food_rnk",0.2051
"36005038600","tract",2023,"food_rnk",10.4784
"36005038700","tract",2023,"food_rnk",1.1024
"36005038800","tract",2023,"food_rnk",7.8915
"36005038900","tract",2023,"food_rnk",1.9448
"36005039000","tract",2023,"food_rnk",3.9775
"36005039100","tract",2023,"food_rnk",0.796
"36005039200","tract",2023,"food_rnk",13.3303
"36005039300","tract",2023,"food_rnk",0.0855
"36005039400","tract",2023,"food_rnk",5.1678
"36005039500","tract",2023,"food_rnk",0.4664
"36005039600","tract",2023,"food_rnk",5.2862
"36005039700","tract",2023,"food_rnk",NA
"36005039800","tract",2023,"food_rnk",6.4216
"36005039901","tract",2023,"food_rnk",0.4737
"36005039902","tract",2023,"food_rnk",2.8824
"36005040100","tract",2023,"food_rnk",7.0918
"36005040302","tract",2023,"food_rnk",0.9242
"36005040303","tract",2023,"food_rnk",1.852
"36005040304","tract",2023,"food_rnk",1.0792
"36005040400","tract",2023,"food_rnk",24.4082
"36005040501","tract",2023,"food_rnk",1.2037
"36005040502","tract",2023,"food_rnk",1.9765
"36005040600","tract",2023,"food_rnk",2.6712
"36005040701","tract",2023,"food_rnk",4.428
"36005040702","tract",2023,"food_rnk",3.0081
"36005040800","tract",2023,"food_rnk",4.6721
"36005040900","tract",2023,"food_rnk",14.5475
"36005041100","tract",2023,"food_rnk",0.7301
"36005041300","tract",2023,"food_rnk",8.1344
"36005041400","tract",2023,"food_rnk",22.6954
"36005041500","tract",2023,"food_rnk",3.3182
"36005041800","tract",2023,"food_rnk",3.3597
"36005041900","tract",2023,"food_rnk",5.3192
"36005042000","tract",2023,"food_rnk",2.6077
"36005042100","tract",2023,"food_rnk",6.5071
"36005042200","tract",2023,"food_rnk",38.5748
"36005042300","tract",2023,"food_rnk",7.0381
"36005042400","tract",2023,"food_rnk",30.5551
"36005042500","tract",2023,"food_rnk",2.0827
"36005042600","tract",2023,"food_rnk",28.6775
"36005042800","tract",2023,"food_rnk",18.6703
"36005042901","tract",2023,"food_rnk",6.5107
"36005042902","tract",2023,"food_rnk",11.0022
"36005043000","tract",2023,"food_rnk",13.6783
"36005043101","tract",2023,"food_rnk",6.5193
"36005043102","tract",2023,"food_rnk",7.3897
"36005043400","tract",2023,"food_rnk",9.3589
"36005043501","tract",2023,"food_rnk",0.2881
"36005043502","tract",2023,"food_rnk",NA
"36005043503","tract",2023,"food_rnk",NA
"36005043600","tract",2023,"food_rnk",4.5366
"36005044200","tract",2023,"food_rnk",12.0704
"36005044400","tract",2023,"food_rnk",51.2593
"36005044800","tract",2023,"food_rnk",18.8265
"36005044901","tract",2023,"food_rnk",45.9816
"36005044902","tract",2023,"food_rnk",29.902
"36005045101","tract",2023,"food_rnk",48.0436
"36005045102","tract",2023,"food_rnk",67.6844
"36005045600","tract",2023,"food_rnk",19.5102
"36005045800","tract",2023,"food_rnk",1.1244
"36005046000","tract",2023,"food_rnk",2.8006
"36005046203","tract",2023,"food_rnk",38.4014
"36005046204","tract",2023,"food_rnk",45.0367
"36005046205","tract",2023,"food_rnk",43.7975
"36005046206","tract",2023,"food_rnk",35.397
"36005046207","tract",2023,"food_rnk",5.9601
"36005046208","tract",2023,"food_rnk",27.3052
"36005046209","tract",2023,"food_rnk",1.6481
"36005048401","tract",2023,"food_rnk",28.4333
"36005048402","tract",2023,"food_rnk",NA
"36005050400","tract",2023,"food_rnk",NA
"36005051601","tract",2023,"food_rnk",35.1882
"36005051602","tract",2023,"food_rnk",NA
"36007000100","tract",2023,"food_rnk",11.7799
"36007000200","tract",2023,"food_rnk",7.2274
"36007000300","tract",2023,"food_rnk",21.5099
"36007000400","tract",2023,"food_rnk",8.635
"36007000500","tract",2023,"food_rnk",3.6039
"36007000600","tract",2023,"food_rnk",2.0864
"36007000700","tract",2023,"food_rnk",45.3797
"36007000900","tract",2023,"food_rnk",11.7799
"36007001100","tract",2023,"food_rnk",1.8874
"36007001200","tract",2023,"food_rnk",6.8489
"36007001300","tract",2023,"food_rnk",5.2472
"36007001401","tract",2023,"food_rnk",68.7148
"36007001402","tract",2023,"food_rnk",24.8514
"36007001500","tract",2023,"food_rnk",75.8518
"36007001600","tract",2023,"food_rnk",49.9347
"36007001700","tract",2023,"food_rnk",15.562
"36007001800","tract",2023,"food_rnk",12.7175
"36007010200","tract",2023,"food_rnk",62.2871
"36007011901","tract",2023,"food_rnk",22.2314
"36007011902","tract",2023,"food_rnk",17.1931
"36007011903","tract",2023,"food_rnk",18.6703
"36007012000","tract",2023,"food_rnk",42.0713
"36007012101","tract",2023,"food_rnk",91.1172
"36007012102","tract",2023,"food_rnk",70.2506
"36007012103","tract",2023,"food_rnk",38.0315
"36007012201","tract",2023,"food_rnk",62.5545
"36007012202","tract",2023,"food_rnk",22.8113
"36007012300","tract",2023,"food_rnk",60.3265
"36007012400","tract",2023,"food_rnk",30.8261
"36007012501","tract",2023,"food_rnk",60.3045
"36007012502","tract",2023,"food_rnk",47.0474
"36007012600","tract",2023,"food_rnk",26.3042
"36007012701","tract",2023,"food_rnk",29.1927
"36007012702","tract",2023,"food_rnk",66.2597
"36007012800","tract",2023,"food_rnk",78.4974
"36007012900","tract",2023,"food_rnk",88.4704
"36007013000","tract",2023,"food_rnk",70.1749
"36007013100","tract",2023,"food_rnk",20.9227
"36007013201","tract",2023,"food_rnk",60.9747
"36007013202","tract",2023,"food_rnk",57.0302
"36007013301","tract",2023,"food_rnk",65.0267
"36007013303","tract",2023,"food_rnk",63.3541
"36007013304","tract",2023,"food_rnk",59.1471
"36007013400","tract",2023,"food_rnk",27.641
"36007013500","tract",2023,"food_rnk",1.5737
"36007013600","tract",2023,"food_rnk",9.6483
"36007013700","tract",2023,"food_rnk",39.527
"36007013800","tract",2023,"food_rnk",14.7404
"36007013900","tract",2023,"food_rnk",6.3239
"36007014000","tract",2023,"food_rnk",6.2605
"36007014100","tract",2023,"food_rnk",26.0734
"36007014200","tract",2023,"food_rnk",55.6067
"36007014301","tract",2023,"food_rnk",64.1428
"36007014302","tract",2023,"food_rnk",NA
"36007014400","tract",2023,"food_rnk",80.0308
"36007014500","tract",2023,"food_rnk",73.6629
"36007014600","tract",2023,"food_rnk",50.8308
"36009940000","tract",2023,"food_rnk",4.157
"36009940200","tract",2023,"food_rnk",NA
"36009940301","tract",2023,"food_rnk",7.4117
"36009940302","tract",2023,"food_rnk",10.2062
"36009960100","tract",2023,"food_rnk",62.2566
"36009960200","tract",2023,"food_rnk",14.9504
"36009960300","tract",2023,"food_rnk",52.9733
"36009960400","tract",2023,"food_rnk",41.5903
"36009960500","tract",2023,"food_rnk",47.9081
"36009960600","tract",2023,"food_rnk",28.7678
"36009960703","tract",2023,"food_rnk",59.4035
"36009960704","tract",2023,"food_rnk",57.6894
"36009960800","tract",2023,"food_rnk",44.7022
"36009961000","tract",2023,"food_rnk",36.8729
"36009961100","tract",2023,"food_rnk",58.3987
"36009961200","tract",2023,"food_rnk",58.8468
"36009961301","tract",2023,"food_rnk",42.7208
"36009961302","tract",2023,"food_rnk",NA
"36009961400","tract",2023,"food_rnk",64.4309
"36009961500","tract",2023,"food_rnk",46.4797
"36009961600","tract",2023,"food_rnk",17.3786
"36009961700","tract",2023,"food_rnk",3.4989
"36009961800","tract",2023,"food_rnk",27.7045
"36009962200","tract",2023,"food_rnk",38.0974
"36011040101","tract",2023,"food_rnk",54.0074
"36011040102","tract",2023,"food_rnk",48.3879
"36011040201","tract",2023,"food_rnk",79.0748
"36011040202","tract",2023,"food_rnk",39.9482
"36011040300","tract",2023,"food_rnk",33.2678
"36011040400","tract",2023,"food_rnk",60.4485
"36011040500","tract",2023,"food_rnk",60.4949
"36011040600","tract",2023,"food_rnk",71.1101
"36011040700","tract",2023,"food_rnk",94.5844
"36011040800","tract",2023,"food_rnk",37.2831
"36011040900","tract",2023,"food_rnk",54.1148
"36011041001","tract",2023,"food_rnk",59.4804
"36011041002","tract",2023,"food_rnk",77.2888
"36011041101","tract",2023,"food_rnk",52.0064
"36011041102","tract",2023,"food_rnk",43.6291
"36011041201","tract",2023,"food_rnk",70.0077
"36011041202","tract",2023,"food_rnk",62.4568
"36011041300","tract",2023,"food_rnk",13.4024
"36011041400","tract",2023,"food_rnk",12.6918
"36011041500","tract",2023,"food_rnk",24.7183
"36011041600","tract",2023,"food_rnk",34.0223
"36011041700","tract",2023,"food_rnk",20.2732
"36011041800","tract",2023,"food_rnk",11.576
"36011042100","tract",2023,"food_rnk",1.9045
"36011990200","tract",2023,"food_rnk",NA
"36013030100","tract",2023,"food_rnk",2.1804
"36013030200","tract",2023,"food_rnk",11.598
"36013030300","tract",2023,"food_rnk",1.1659
"36013030400","tract",2023,"food_rnk",30.1803
"36013030500","tract",2023,"food_rnk",0.4432
"36013030600","tract",2023,"food_rnk",7.8512
"36013030700","tract",2023,"food_rnk",33.3105
"36013030800","tract",2023,"food_rnk",10.5065
"36013035100","tract",2023,"food_rnk",29.8409
"36013035300","tract",2023,"food_rnk",61.8012
"36013035400","tract",2023,"food_rnk",4.312
"36013035500","tract",2023,"food_rnk",10.2038
"36013035600","tract",2023,"food_rnk",13.3193
"36013035700","tract",2023,"food_rnk",19.5566
"36013035800","tract",2023,"food_rnk",49.5623
"36013035901","tract",2023,"food_rnk",50.9516
"36013035902","tract",2023,"food_rnk",NA
"36013036000","tract",2023,"food_rnk",60.2569
"36013036100","tract",2023,"food_rnk",33.805
"36013036300","tract",2023,"food_rnk",15.1872
"36013036401","tract",2023,"food_rnk",42.5926
"36013036402","tract",2023,"food_rnk",62.9622
"36013036500","tract",2023,"food_rnk",23.528
"36013036600","tract",2023,"food_rnk",43.3043
"36013036700","tract",2023,"food_rnk",64.7703
"36013036801","tract",2023,"food_rnk",54.6947
"36013036802","tract",2023,"food_rnk",58.013
"36013036901","tract",2023,"food_rnk",47.9923
"36013036902","tract",2023,"food_rnk",45.221
"36013037000","tract",2023,"food_rnk",44.8023
"36013037100","tract",2023,"food_rnk",53.0319
"36013037200","tract",2023,"food_rnk",26.3982
"36013037300","tract",2023,"food_rnk",28.7776
"36013037400","tract",2023,"food_rnk",45.3797
"36013037500","tract",2023,"food_rnk",29.1927
"36013037600","tract",2023,"food_rnk",62.1858
"36013990000","tract",2023,"food_rnk",NA
"36015000100","tract",2023,"food_rnk",4.019
"36015000200","tract",2023,"food_rnk",9.3467
"36015000300","tract",2023,"food_rnk",NA
"36015000400","tract",2023,"food_rnk",14.3778
"36015000500","tract",2023,"food_rnk",26.613
"36015000600","tract",2023,"food_rnk",3.151
"36015000700","tract",2023,"food_rnk",1.4443
"36015000900","tract",2023,"food_rnk",27.9682
"36015001000","tract",2023,"food_rnk",2.2585
"36015001100","tract",2023,"food_rnk",30.7199
"36015010100","tract",2023,"food_rnk",53.0319
"36015010200","tract",2023,"food_rnk",60.6878
"36015010301","tract",2023,"food_rnk",73.9107
"36015010302","tract",2023,"food_rnk",69.9344
"36015010400","tract",2023,"food_rnk",57.4831
"36015010500","tract",2023,"food_rnk",27.7911
"36015010600","tract",2023,"food_rnk",28.2966
"36015010701","tract",2023,"food_rnk",66.8616
"36015010702","tract",2023,"food_rnk",56.1756
"36015010800","tract",2023,"food_rnk",33.8819
"36015010900","tract",2023,"food_rnk",62.1467
"36015011000","tract",2023,"food_rnk",51.1775
"36015011101","tract",2023,"food_rnk",16.5277
"36015011102","tract",2023,"food_rnk",39.7663
"36015011200","tract",2023,"food_rnk",49.743
"36017970101","tract",2023,"food_rnk",40.9676
"36017970102","tract",2023,"food_rnk",22.8199
"36017970201","tract",2023,"food_rnk",30.5197
"36017970202","tract",2023,"food_rnk",38.9862
"36017970300","tract",2023,"food_rnk",27.5287
"36017970400","tract",2023,"food_rnk",4.3755
"36017970501","tract",2023,"food_rnk",26.3579
"36017970502","tract",2023,"food_rnk",53.2004
"36017970601","tract",2023,"food_rnk",40.0837
"36017970602","tract",2023,"food_rnk",47.1817
"36017970700","tract",2023,"food_rnk",51.8856
"36017970801","tract",2023,"food_rnk",48.8835
"36017970802","tract",2023,"food_rnk",59.4255
"36017970901","tract",2023,"food_rnk",30.0961
"36017970902","tract",2023,"food_rnk",45.8253
"36017971000","tract",2023,"food_rnk",60.3948
"36019100101","tract",2023,"food_rnk",23.5866
"36019100102","tract",2023,"food_rnk",31.9518
"36019100200","tract",2023,"food_rnk",48.5124
"36019100600","tract",2023,"food_rnk",32.5194
"36019100700","tract",2023,"food_rnk",68.2936
"36019100800","tract",2023,"food_rnk",24.4497
"36019100901","tract",2023,"food_rnk",42.1873
"36019100902","tract",2023,"food_rnk",71.1834
"36019101000","tract",2023,"food_rnk",72.088
"36019101600","tract",2023,"food_rnk",22.9786
"36019101901","tract",2023,"food_rnk",64.1684
"36019101902","tract",2023,"food_rnk",31.9652
"36019102100","tract",2023,"food_rnk",9.2466
"36019102200","tract",2023,"food_rnk",2.1914
"36019102800","tract",2023,"food_rnk",47.5309
"36019103000","tract",2023,"food_rnk",NA
"36019103100","tract",2023,"food_rnk",14.7123
"36019103200","tract",2023,"food_rnk",63.6239
"36019103512","tract",2023,"food_rnk",NA
"36019103800","tract",2023,"food_rnk",50.0348
"36019103900","tract",2023,"food_rnk",62.7547
"36019104200","tract",2023,"food_rnk",27.1685
"36021000100","tract",2023,"food_rnk",57.5039
"36021000200","tract",2023,"food_rnk",69.4913
"36021000300","tract",2023,"food_rnk",65.4527
"36021000401","tract",2023,"food_rnk",56.3453
"36021000402","tract",2023,"food_rnk",77.1276
"36021000500","tract",2023,"food_rnk",48.4038
"36021000600","tract",2023,"food_rnk",60.1958
"36021000700","tract",2023,"food_rnk",50.2814
"36021000800","tract",2023,"food_rnk",94.5844
"36021000900","tract",2023,"food_rnk",20.25
"36021001000","tract",2023,"food_rnk",27.0183
"36021001100","tract",2023,"food_rnk",73.5078
"36021001200","tract",2023,"food_rnk",12.2499
"36021001300","tract",2023,"food_rnk",17.5593
"36021001400","tract",2023,"food_rnk",28.1928
"36021001500","tract",2023,"food_rnk",63.652
"36021001600","tract",2023,"food_rnk",32.4206
"36021001700","tract",2023,"food_rnk",80.0112
"36021001800","tract",2023,"food_rnk",85.8578
"36021001900","tract",2023,"food_rnk",68.6184
"36021002000","tract",2023,"food_rnk",71.0185
"36023970100","tract",2023,"food_rnk",41.5903
"36023970201","tract",2023,"food_rnk",44.8536
"36023970202","tract",2023,"food_rnk",72.6069
"36023970300","tract",2023,"food_rnk",89.4337
"36023970400","tract",2023,"food_rnk",50.97
"36023970500","tract",2023,"food_rnk",12.1962
"36023970600","tract",2023,"food_rnk",4.5928
"36023970700","tract",2023,"food_rnk",60.9747
"36023970800","tract",2023,"food_rnk",NA
"36023970900","tract",2023,"food_rnk",24.9222
"36023971000","tract",2023,"food_rnk",39.3061
"36023971100","tract",2023,"food_rnk",48.0827
"36023971200","tract",2023,"food_rnk",61.6889
"36025970101","tract",2023,"food_rnk",34.4105
"36025970102","tract",2023,"food_rnk",47.4686
"36025970200","tract",2023,"food_rnk",68.2936
"36025970300","tract",2023,"food_rnk",52.2018
"36025970401","tract",2023,"food_rnk",59.0592
"36025970402","tract",2023,"food_rnk",10.1427
"36025970501","tract",2023,"food_rnk",16.474
"36025970502","tract",2023,"food_rnk",15.7586
"36025970601","tract",2023,"food_rnk",34.0492
"36025970602","tract",2023,"food_rnk",46.7739
"36025970700","tract",2023,"food_rnk",64.5457
"36025970800","tract",2023,"food_rnk",34.225
"36025970900","tract",2023,"food_rnk",NA
"36025971000","tract",2023,"food_rnk",48.9373
"36025971100","tract",2023,"food_rnk",78.9613
"36025971200","tract",2023,"food_rnk",58.4537
"36025971300","tract",2023,"food_rnk",78.3875
"36025971400","tract",2023,"food_rnk",27.0183
"36027010000","tract",2023,"food_rnk",33.2812
"36027020003","tract",2023,"food_rnk",46.0024
"36027020004","tract",2023,"food_rnk",87.9308
"36027020005","tract",2023,"food_rnk",84.9654
"36027030000","tract",2023,"food_rnk",92.4418
"36027040001","tract",2023,"food_rnk",46.5359
"36027040003","tract",2023,"food_rnk",32.6501
"36027050102","tract",2023,"food_rnk",87.7648
"36027050103","tract",2023,"food_rnk",93.1706
"36027050104","tract",2023,"food_rnk",73.3882
"36027050203","tract",2023,"food_rnk",80.5997
"36027050204","tract",2023,"food_rnk",91.5567
"36027050205","tract",2023,"food_rnk",92.6908
"36027060100","tract",2023,"food_rnk",93.4563
"36027060201","tract",2023,"food_rnk",59.2729
"36027060202","tract",2023,"food_rnk",79.8696
"36027060301","tract",2023,"food_rnk",85.5062
"36027060302","tract",2023,"food_rnk",80.4227
"36027060400","tract",2023,"food_rnk",59.8491
"36027070101","tract",2023,"food_rnk",70.0651
"36027070102","tract",2023,"food_rnk",63.602
"36027070201","tract",2023,"food_rnk",75.7639
"36027070301","tract",2023,"food_rnk",73.6934
"36027070401","tract",2023,"food_rnk",NA
"36027080103","tract",2023,"food_rnk",84.9361
"36027080104","tract",2023,"food_rnk",86.6892
"36027080201","tract",2023,"food_rnk",85.8334
"36027080202","tract",2023,"food_rnk",90.381
"36027090000","tract",2023,"food_rnk",52.0467
"36027100000","tract",2023,"food_rnk",63.9853
"36027110003","tract",2023,"food_rnk",95.3486
"36027110004","tract",2023,"food_rnk",80.922
"36027110005","tract",2023,"food_rnk",61.0309
"36027120000","tract",2023,"food_rnk",45.7362
"36027130003","tract",2023,"food_rnk",71.773
"36027130004","tract",2023,"food_rnk",74.0938
"36027130005","tract",2023,"food_rnk",76.8725
"36027140101","tract",2023,"food_rnk",NA
"36027140201","tract",2023,"food_rnk",33.8416
"36027140202","tract",2023,"food_rnk",70.6291
"36027140301","tract",2023,"food_rnk",8.3994
"36027140302","tract",2023,"food_rnk",35.5898
"36027140400","tract",2023,"food_rnk",77.1533
"36027140500","tract",2023,"food_rnk",50.5146
"36027140602","tract",2023,"food_rnk",65.6517
"36027140700","tract",2023,"food_rnk",71.7217
"36027140801","tract",2023,"food_rnk",65.7665
"36027150003","tract",2023,"food_rnk",NA
"36027150004","tract",2023,"food_rnk",74.1183
"36027150005","tract",2023,"food_rnk",80.3714
"36027150006","tract",2023,"food_rnk",87.9015
"36027160003","tract",2023,"food_rnk",93.709
"36027160004","tract",2023,"food_rnk",76.3304
"36027160005","tract",2023,"food_rnk",88.5644
"36027170000","tract",2023,"food_rnk",76.649
"36027180001","tract",2023,"food_rnk",88.037
"36027190101","tract",2023,"food_rnk",86.666
"36027190102","tract",2023,"food_rnk",47.4234
"36027190203","tract",2023,"food_rnk",61.2311
"36027190204","tract",2023,"food_rnk",64.5457
"36027190301","tract",2023,"food_rnk",66.449
"36027190401","tract",2023,"food_rnk",62.126
"36027190402","tract",2023,"food_rnk",64.238
"36027200001","tract",2023,"food_rnk",71.4788
"36027200002","tract",2023,"food_rnk",56.0499
"36027210101","tract",2023,"food_rnk",25.4154
"36027210201","tract",2023,"food_rnk",49.671
"36027210301","tract",2023,"food_rnk",44.8914
"36027220101","tract",2023,"food_rnk",15.9612
"36027220102","tract",2023,"food_rnk",10.172
"36027220201","tract",2023,"food_rnk",40.0606
"36027220300","tract",2023,"food_rnk",12.5905
"36027220700","tract",2023,"food_rnk",2.3049
"36027220801","tract",2023,"food_rnk",22.8443
"36027220901","tract",2023,"food_rnk",35.2956
"36027221001","tract",2023,"food_rnk",79.0236
"36027221100","tract",2023,"food_rnk",30.4111
"36027300000","tract",2023,"food_rnk",43.2494
"36027410000","tract",2023,"food_rnk",NA
"36027610000","tract",2023,"food_rnk",NA
"36027640001","tract",2023,"food_rnk",NA
"36027640002","tract",2023,"food_rnk",NA
"36029000110","tract",2023,"food_rnk",4.8406
"36029000200","tract",2023,"food_rnk",17.2089
"36029000500","tract",2023,"food_rnk",4.8675
"36029000600","tract",2023,"food_rnk",61.7512
"36029000700","tract",2023,"food_rnk",57.969
"36029000800","tract",2023,"food_rnk",37.9485
"36029000900","tract",2023,"food_rnk",52.3007
"36029001000","tract",2023,"food_rnk",4.3584
"36029001100","tract",2023,"food_rnk",5.6867
"36029001403","tract",2023,"food_rnk",0.5884
"36029001404","tract",2023,"food_rnk",0.2747
"36029001500","tract",2023,"food_rnk",3.0228
"36029001601","tract",2023,"food_rnk",0.1319
"36029001602","tract",2023,"food_rnk",0.9913
"36029001700","tract",2023,"food_rnk",1.4699
"36029001900","tract",2023,"food_rnk",10.9302
"36029002300","tract",2023,"food_rnk",3.1632
"36029002400","tract",2023,"food_rnk",18.807
"36029002502","tract",2023,"food_rnk",0.6092
"36029002703","tract",2023,"food_rnk",0.3528
"36029002704","tract",2023,"food_rnk",3.3805
"36029002801","tract",2023,"food_rnk",0.6678
"36029002802","tract",2023,"food_rnk",0.669
"36029002900","tract",2023,"food_rnk",1.1854
"36029003000","tract",2023,"food_rnk",4.6441
"36029003100","tract",2023,"food_rnk",9.923
"36029003301","tract",2023,"food_rnk",4.0446
"36029003302","tract",2023,"food_rnk",2.0986
"36029003400","tract",2023,"food_rnk",4.837
"36029003501","tract",2023,"food_rnk",3.6711
"36029003502","tract",2023,"food_rnk",7.5643
"36029003600","tract",2023,"food_rnk",15.1079
"36029003700","tract",2023,"food_rnk",2.6871
"36029003800","tract",2023,"food_rnk",1.6909
"36029003901","tract",2023,"food_rnk",0.8058
"36029004002","tract",2023,"food_rnk",5.7453
"36029004003","tract",2023,"food_rnk",0.1782
"36029004100","tract",2023,"food_rnk",8.4189
"36029004200","tract",2023,"food_rnk",4.0214
"36029004300","tract",2023,"food_rnk",16.3409
"36029004401","tract",2023,"food_rnk",8.1515
"36029004402","tract",2023,"food_rnk",1.3124
"36029004500","tract",2023,"food_rnk",52.5888
"36029004601","tract",2023,"food_rnk",30.0558
"36029004701","tract",2023,"food_rnk",3.8029
"36029004702","tract",2023,"food_rnk",22.8712
"36029004800","tract",2023,"food_rnk",50.6855
"36029004901","tract",2023,"food_rnk",31.1399
"36029004902","tract",2023,"food_rnk",25.8756
"36029005000","tract",2023,"food_rnk",43.3519
"36029005100","tract",2023,"food_rnk",40.3182
"36029005201","tract",2023,"food_rnk",79.6096
"36029005202","tract",2023,"food_rnk",9.5799
"36029005300","tract",2023,"food_rnk",NA
"36029005400","tract",2023,"food_rnk",22.7833
"36029005500","tract",2023,"food_rnk",6.7415
"36029005600","tract",2023,"food_rnk",2.6419
"36029005700","tract",2023,"food_rnk",4.7246
"36029005801","tract",2023,"food_rnk",10.0414
"36029005802","tract",2023,"food_rnk",0.89
"36029005900","tract",2023,"food_rnk",1.3209
"36029006100","tract",2023,"food_rnk",2.0742
"36029006301","tract",2023,"food_rnk",44.1333
"36029006302","tract",2023,"food_rnk",66.72
"36029006501","tract",2023,"food_rnk",62.9622
"36029006601","tract",2023,"food_rnk",22.4109
"36029006602","tract",2023,"food_rnk",43.5216
"36029006701","tract",2023,"food_rnk",18.7276
"36029006702","tract",2023,"food_rnk",23.6305
"36029006801","tract",2023,"food_rnk",45.713
"36029006802","tract",2023,"food_rnk",32.4022
"36029006901","tract",2023,"food_rnk",4.1948
"36029006903","tract",2023,"food_rnk",35.5105
"36029006904","tract",2023,"food_rnk",2.7798
"36029007000","tract",2023,"food_rnk",5.2606
"36029007102","tract",2023,"food_rnk",0.116
"36029007103","tract",2023,"food_rnk",7.0748
"36029007104","tract",2023,"food_rnk",1.1049
"36029007202","tract",2023,"food_rnk",12.7333
"36029007303","tract",2023,"food_rnk",72.0086
"36029007304","tract",2023,"food_rnk",98.6363
"36029007305","tract",2023,"food_rnk",52.8793
"36029007306","tract",2023,"food_rnk",57.7834
"36029007600","tract",2023,"food_rnk",38.4832
"36029007700","tract",2023,"food_rnk",55.9436
"36029007800","tract",2023,"food_rnk",7.043
"36029007901","tract",2023,"food_rnk",33.805
"36029007902","tract",2023,"food_rnk",57.3012
"36029007903","tract",2023,"food_rnk",57.6589
"36029007904","tract",2023,"food_rnk",72.4213
"36029007905","tract",2023,"food_rnk",63.6813
"36029008001","tract",2023,"food_rnk",82.8057
"36029008002","tract",2023,"food_rnk",33.7391
"36029008003","tract",2023,"food_rnk",32.8015
"36029008101","tract",2023,"food_rnk",54.2613
"36029008102","tract",2023,"food_rnk",52.1481
"36029008201","tract",2023,"food_rnk",62.165
"36029008202","tract",2023,"food_rnk",24.7183
"36029008300","tract",2023,"food_rnk",0.6165
"36029008400","tract",2023,"food_rnk",28.6616
"36029008500","tract",2023,"food_rnk",63.3834
"36029008600","tract",2023,"food_rnk",51.1775
"36029008700","tract",2023,"food_rnk",43.7121
"36029008800","tract",2023,"food_rnk",36.8498
"36029008900","tract",2023,"food_rnk",77.865
"36029009004","tract",2023,"food_rnk",75.9031
"36029009007","tract",2023,"food_rnk",96.9735
"36029009008","tract",2023,"food_rnk",93.1999
"36029009009","tract",2023,"food_rnk",89.2554
"36029009010","tract",2023,"food_rnk",51.1775
"36029009011","tract",2023,"food_rnk",60.053
"36029009012","tract",2023,"food_rnk",59.633
"36029009104","tract",2023,"food_rnk",94.7162
"36029009106","tract",2023,"food_rnk",65.8532
"36029009107","tract",2023,"food_rnk",32.4206
"36029009109","tract",2023,"food_rnk",70.8781
"36029009110","tract",2023,"food_rnk",NA
"36029009112","tract",2023,"food_rnk",21.0387
"36029009113","tract",2023,"food_rnk",83.0218
"36029009114","tract",2023,"food_rnk",82.901
"36029009115","tract",2023,"food_rnk",89.1065
"36029009116","tract",2023,"food_rnk",29.117
"36029009200","tract",2023,"food_rnk",38.8776
"36029009301","tract",2023,"food_rnk",19.9912
"36029009302","tract",2023,"food_rnk",58.7137
"36029009401","tract",2023,"food_rnk",64.3259
"36029009402","tract",2023,"food_rnk",80.8963
"36029009501","tract",2023,"food_rnk",80.6522
"36029009503","tract",2023,"food_rnk",71.5936
"36029009504","tract",2023,"food_rnk",69.1519
"36029009601","tract",2023,"food_rnk",35.7888
"36029009602","tract",2023,"food_rnk",62.3189
"36029009701","tract",2023,"food_rnk",39.7663
"36029009702","tract",2023,"food_rnk",57.1169
"36029009800","tract",2023,"food_rnk",31.7686
"36029009900","tract",2023,"food_rnk",16.3116
"36029010001","tract",2023,"food_rnk",17.7168
"36029010002","tract",2023,"food_rnk",25.4508
"36029010003","tract",2023,"food_rnk",32.0067
"36029010101","tract",2023,"food_rnk",41.9675
"36029010102","tract",2023,"food_rnk",5.9125
"36029010103","tract",2023,"food_rnk",42.8367
"36029010201","tract",2023,"food_rnk",31.2486
"36029010202","tract",2023,"food_rnk",6.8489
"36029010300","tract",2023,"food_rnk",34.8476
"36029010400","tract",2023,"food_rnk",19.7019
"36029010500","tract",2023,"food_rnk",50.0092
"36029010600","tract",2023,"food_rnk",28.4113
"36029010700","tract",2023,"food_rnk",17.027
"36029010803","tract",2023,"food_rnk",63.9389
"36029010804","tract",2023,"food_rnk",73.3674
"36029010805","tract",2023,"food_rnk",62.2871
"36029010807","tract",2023,"food_rnk",38.3831
"36029010808","tract",2023,"food_rnk",53.1772
"36029010809","tract",2023,"food_rnk",66.0021
"36029010901","tract",2023,"food_rnk",19.4052
"36029010902","tract",2023,"food_rnk",34.8476
"36029011000","tract",2023,"food_rnk",26.6704
"36029011100","tract",2023,"food_rnk",55.8301
"36029011201","tract",2023,"food_rnk",77.992
"36029011202","tract",2023,"food_rnk",66.6736
"36029011300","tract",2023,"food_rnk",56.1756
"36029011400","tract",2023,"food_rnk",30.0424
"36029011500","tract",2023,"food_rnk",37.216
"36029011600","tract",2023,"food_rnk",53.7388
"36029011700","tract",2023,"food_rnk",52.0064
"36029011800","tract",2023,"food_rnk",34.0089
"36029012001","tract",2023,"food_rnk",41.9089
"36029012002","tract",2023,"food_rnk",80.7047
"36029012003","tract",2023,"food_rnk",74.0072
"36029012300","tract",2023,"food_rnk",14.8698
"36029012400","tract",2023,"food_rnk",3.6137
"36029012501","tract",2023,"food_rnk",49.1533
"36029012502","tract",2023,"food_rnk",64.5457
"36029012800","tract",2023,"food_rnk",35.5422
"36029012902","tract",2023,"food_rnk",48.3879
"36029012903","tract",2023,"food_rnk",37.7483
"36029012904","tract",2023,"food_rnk",42.8929
"36029013001","tract",2023,"food_rnk",34.2701
"36029013002","tract",2023,"food_rnk",47.7421
"36029013101","tract",2023,"food_rnk",43.1761
"36029013103","tract",2023,"food_rnk",87.5523
"36029013104","tract",2023,"food_rnk",83.4406
"36029013201","tract",2023,"food_rnk",66.6467
"36029013202","tract",2023,"food_rnk",53.5532
"36029013300","tract",2023,"food_rnk",85.6613
"36029013400","tract",2023,"food_rnk",66.6089
"36029013501","tract",2023,"food_rnk",95.362
"36029013502","tract",2023,"food_rnk",99.2077
"36029013600","tract",2023,"food_rnk",79.7195
"36029013701","tract",2023,"food_rnk",66.1608
"36029013702","tract",2023,"food_rnk",72.5141
"36029013801","tract",2023,"food_rnk",76.4342
"36029013802","tract",2023,"food_rnk",81.5007
"36029013900","tract",2023,"food_rnk",65.8788
"36029014000","tract",2023,"food_rnk",89.7621
"36029014101","tract",2023,"food_rnk",97.319
"36029014102","tract",2023,"food_rnk",91.0793
"36029014204","tract",2023,"food_rnk",57.3232
"36029014206","tract",2023,"food_rnk",99.6289
"36029014207","tract",2023,"food_rnk",68.036
"36029014208","tract",2023,"food_rnk",64.5908
"36029014209","tract",2023,"food_rnk",65.0267
"36029014300","tract",2023,"food_rnk",82.7044
"36029014400","tract",2023,"food_rnk",21.7956
"36029014501","tract",2023,"food_rnk",60.4205
"36029014502","tract",2023,"food_rnk",12.0118
"36029014601","tract",2023,"food_rnk",67.704
"36029014603","tract",2023,"food_rnk",59.0189
"36029014605","tract",2023,"food_rnk",76.765
"36029014606","tract",2023,"food_rnk",91.995
"36029014701","tract",2023,"food_rnk",94.1778
"36029014703","tract",2023,"food_rnk",90.5129
"36029014704","tract",2023,"food_rnk",65.0267
"36029014801","tract",2023,"food_rnk",33.7855
"36029014804","tract",2023,"food_rnk",49.6429
"36029014805","tract",2023,"food_rnk",66.1047
"36029014901","tract",2023,"food_rnk",53.2248
"36029014903","tract",2023,"food_rnk",75.4331
"36029015001","tract",2023,"food_rnk",73.238
"36029015002","tract",2023,"food_rnk",43.1615
"36029015003","tract",2023,"food_rnk",55.4602
"36029015101","tract",2023,"food_rnk",75.145
"36029015102","tract",2023,"food_rnk",67.5697
"36029015201","tract",2023,"food_rnk",86.5537
"36029015202","tract",2023,"food_rnk",76.7955
"36029015301","tract",2023,"food_rnk",53.0124
"36029015302","tract",2023,"food_rnk",39.6442
"36029015401","tract",2023,"food_rnk",61.0651
"36029015402","tract",2023,"food_rnk",60.8758
"36029015501","tract",2023,"food_rnk",21.3781
"36029015503","tract",2023,"food_rnk",59.5915
"36029015504","tract",2023,"food_rnk",25.1346
"36029015600","tract",2023,"food_rnk",24.0542
"36029015700","tract",2023,"food_rnk",50.6452
"36029015800","tract",2023,"food_rnk",59.5915
"36029015900","tract",2023,"food_rnk",27.8339
"36029016200","tract",2023,"food_rnk",15.3691
"36029016300","tract",2023,"food_rnk",1.4833
"36029016400","tract",2023,"food_rnk",3.2804
"36029016500","tract",2023,"food_rnk",42.4607
"36029016600","tract",2023,"food_rnk",1.9118
"36029016700","tract",2023,"food_rnk",1.1976
"36029016801","tract",2023,"food_rnk",8.8157
"36029016802","tract",2023,"food_rnk",8.4189
"36029016900","tract",2023,"food_rnk",51.5804
"36029017000","tract",2023,"food_rnk",10.0304
"36029017100","tract",2023,"food_rnk",2.8458
"36029017200","tract",2023,"food_rnk",19.9302
"36029017301","tract",2023,"food_rnk",40.9676
"36029017302","tract",2023,"food_rnk",62.126
"36029017400","tract",2023,"food_rnk",1.15
"36029017501","tract",2023,"food_rnk",24.7036
"36029017502","tract",2023,"food_rnk",78.0213
"36029940000","tract",2023,"food_rnk",16.4288
"36029940100","tract",2023,"food_rnk",NA
"36029980000","tract",2023,"food_rnk",NA
"36029980300","tract",2023,"food_rnk",NA
"36029980400","tract",2023,"food_rnk",NA
"36029980500","tract",2023,"food_rnk",NA
"36029990000","tract",2023,"food_rnk",NA
"36031960100","tract",2023,"food_rnk",38.8263
"36031960200","tract",2023,"food_rnk",39.3879
"36031960300","tract",2023,"food_rnk",68.6819
"36031960401","tract",2023,"food_rnk",61.4447
"36031960402","tract",2023,"food_rnk",73.2808
"36031960501","tract",2023,"food_rnk",91.3846
"36031960502","tract",2023,"food_rnk",NA
"36031960700","tract",2023,"food_rnk",68.1227
"36031960800","tract",2023,"food_rnk",74.0609
"36031960901","tract",2023,"food_rnk",67.953
"36031960902","tract",2023,"food_rnk",65.2269
"36031961001","tract",2023,"food_rnk",23.6098
"36031961002","tract",2023,"food_rnk",31.6819
"36031961100","tract",2023,"food_rnk",56.3148
"36031961201","tract",2023,"food_rnk",80.5191
"36031961202","tract",2023,"food_rnk",43.5387
"36031961300","tract",2023,"food_rnk",35.2956
"36031961400","tract",2023,"food_rnk",54.2284
"36033940000","tract",2023,"food_rnk",37.1769
"36033950200","tract",2023,"food_rnk",27.9962
"36033950301","tract",2023,"food_rnk",34.2945
"36033950501","tract",2023,"food_rnk",18.16
"36033950502","tract",2023,"food_rnk",NA
"36033950601","tract",2023,"food_rnk",29.4918
"36033950701","tract",2023,"food_rnk",54.7265
"36033950800","tract",2023,"food_rnk",94.5233
"36033950900","tract",2023,"food_rnk",35.2028
"36033951000","tract",2023,"food_rnk",49.9921
"36033951100","tract",2023,"food_rnk",27.641
"36033951200","tract",2023,"food_rnk",43.5583
"36033951300","tract",2023,"food_rnk",47.4234
"36033951400","tract",2023,"food_rnk",54.182
"36033952000","tract",2023,"food_rnk",40.1253
"36035970100","tract",2023,"food_rnk",58.903
"36035970200","tract",2023,"food_rnk",38.8934
"36035970300","tract",2023,"food_rnk",34.9257
"36035970400","tract",2023,"food_rnk",59.2546
"36035970500","tract",2023,"food_rnk",47.5089
"36035970601","tract",2023,"food_rnk",58.7662
"36035970602","tract",2023,"food_rnk",82.8729
"36035970700","tract",2023,"food_rnk",17.2822
"36035970800","tract",2023,"food_rnk",11.3782
"36035970900","tract",2023,"food_rnk",3.8212
"36035971000","tract",2023,"food_rnk",44.5068
"36035971100","tract",2023,"food_rnk",13.4024
"36035971200","tract",2023,"food_rnk",27.1331
"36035971300","tract",2023,"food_rnk",71.7987
"36035971400","tract",2023,"food_rnk",51.6207
"36035971501","tract",2023,"food_rnk",79.1627
"36035971502","tract",2023,"food_rnk",25.5143
"36037940100","tract",2023,"food_rnk",27.4444
"36037950100","tract",2023,"food_rnk",80.6778
"36037950200","tract",2023,"food_rnk",60.1958
"36037950301","tract",2023,"food_rnk",44.4006
"36037950302","tract",2023,"food_rnk",71.0527
"36037950401","tract",2023,"food_rnk",48.6614
"36037950402","tract",2023,"food_rnk",54.2613
"36037950501","tract",2023,"food_rnk",63.8876
"36037950502","tract",2023,"food_rnk",48.6333
"36037950600","tract",2023,"food_rnk",12.5905
"36037950700","tract",2023,"food_rnk",20.8531
"36037950800","tract",2023,"food_rnk",25.0418
"36037950900","tract",2023,"food_rnk",73.1575
"36037951000","tract",2023,"food_rnk",15.3105
"36037951100","tract",2023,"food_rnk",95.0275
"36037951200","tract",2023,"food_rnk",37.7275
"36037951300","tract",2023,"food_rnk",71.0527
"36037951400","tract",2023,"food_rnk",61.778
"36039080100","tract",2023,"food_rnk",54.5934
"36039080201","tract",2023,"food_rnk",79.5827
"36039080202","tract",2023,"food_rnk",74.0609
"36039080301","tract",2023,"food_rnk",79.0541
"36039080302","tract",2023,"food_rnk",33.6121
"36039080402","tract",2023,"food_rnk",45.7606
"36039080403","tract",2023,"food_rnk",77.644
"36039080404","tract",2023,"food_rnk",49.1863
"36039080501","tract",2023,"food_rnk",71.137
"36039080502","tract",2023,"food_rnk",36.3333
"36039080600","tract",2023,"food_rnk",84.1584
"36039080700","tract",2023,"food_rnk",44.1333
"36039080800","tract",2023,"food_rnk",NA
"36039080900","tract",2023,"food_rnk",68.036
"36039081001","tract",2023,"food_rnk",42.1421
"36039081002","tract",2023,"food_rnk",22.1448
"36039081101","tract",2023,"food_rnk",70.2506
"36039081102","tract",2023,"food_rnk",30.8335
"36041950100","tract",2023,"food_rnk",51.1995
"36041950300","tract",2023,"food_rnk",64.1428
"36041950400","tract",2023,"food_rnk",65.1134
"36041950500","tract",2023,"food_rnk",72.6069
"36043010100","tract",2023,"food_rnk",45.3797
"36043010201","tract",2023,"food_rnk",41.2838
"36043010202","tract",2023,"food_rnk",57.1425
"36043010300","tract",2023,"food_rnk",62.9122
"36043010400","tract",2023,"food_rnk",16.1089
"36043010501","tract",2023,"food_rnk",39.1327
"36043010502","tract",2023,"food_rnk",67.2303
"36043010701","tract",2023,"food_rnk",28.6482
"36043010702","tract",2023,"food_rnk",34.7047
"36043010900","tract",2023,"food_rnk",57.1633
"36043011001","tract",2023,"food_rnk",54.2284
"36043011002","tract",2023,"food_rnk",45.453
"36043011100","tract",2023,"food_rnk",9.0415
"36043011200","tract",2023,"food_rnk",51.5999
"36043011301","tract",2023,"food_rnk",25.3031
"36043011302","tract",2023,"food_rnk",48.0436
"36043011400","tract",2023,"food_rnk",60.6219
"36043011502","tract",2023,"food_rnk",60.6219
"36043011503","tract",2023,"food_rnk",66.2145
"36043011504","tract",2023,"food_rnk",52.9733
"36045060101","tract",2023,"food_rnk",36.8351
"36045060102","tract",2023,"food_rnk",14.3497
"36045060201","tract",2023,"food_rnk",57.5222
"36045060202","tract",2023,"food_rnk",29.8409
"36045060203","tract",2023,"food_rnk",47.9508
"36045060301","tract",2023,"food_rnk",63.2931
"36045060302","tract",2023,"food_rnk",50.4291
"36045060401","tract",2023,"food_rnk",48.3684
"36045060402","tract",2023,"food_rnk",70.6547
"36045060500","tract",2023,"food_rnk",27.5482
"36045060601","tract",2023,"food_rnk",35.928
"36045060602","tract",2023,"food_rnk",48.2927
"36045060700","tract",2023,"food_rnk",27.1685
"36045060803","tract",2023,"food_rnk",96.1238
"36045060805","tract",2023,"food_rnk",73.3674
"36045060806","tract",2023,"food_rnk",63.4262
"36045060901","tract",2023,"food_rnk",36.3333
"36045060902","tract",2023,"food_rnk",23.6903
"36045061000","tract",2023,"food_rnk",22.7283
"36045061101","tract",2023,"food_rnk",22.2827
"36045061102","tract",2023,"food_rnk",75.0363
"36045061200","tract",2023,"food_rnk",10.0573
"36045061300","tract",2023,"food_rnk",4.2827
"36045061400","tract",2023,"food_rnk",5.7953
"36045061500","tract",2023,"food_rnk",12.5038
"36045061600","tract",2023,"food_rnk",43.9672
"36045061700","tract",2023,"food_rnk",18.293
"36045061801","tract",2023,"food_rnk",33.5291
"36045061802","tract",2023,"food_rnk",36.6105
"36045061900","tract",2023,"food_rnk",53.5838
"36045062100","tract",2023,"food_rnk",7.242
"36045062200","tract",2023,"food_rnk",32.2301
"36045062400","tract",2023,"food_rnk",58.6051
"36045062500","tract",2023,"food_rnk",64.8423
"36045980000","tract",2023,"food_rnk",NA
"36045990001","tract",2023,"food_rnk",NA
"36047000100","tract",2023,"food_rnk",71.4788
"36047000200","tract",2023,"food_rnk",8.7265
"36047000301","tract",2023,"food_rnk",76.9482
"36047000501","tract",2023,"food_rnk",59.163
"36047000502","tract",2023,"food_rnk",63.4103
"36047000700","tract",2023,"food_rnk",71.8792
"36047000900","tract",2023,"food_rnk",55.1513
"36047001100","tract",2023,"food_rnk",49.8273
"36047001300","tract",2023,"food_rnk",58.0691
"36047001501","tract",2023,"food_rnk",12.8701
"36047001502","tract",2023,"food_rnk",62.3946
"36047001801","tract",2023,"food_rnk",NA
"36047001802","tract",2023,"food_rnk",NA
"36047001803","tract",2023,"food_rnk",NA
"36047001804","tract",2023,"food_rnk",NA
"36047002000","tract",2023,"food_rnk",14.1898
"36047002100","tract",2023,"food_rnk",73.3198
"36047002200","tract",2023,"food_rnk",10.1366
"36047002300","tract",2023,"food_rnk",0.1062
"36047002901","tract",2023,"food_rnk",0.6617
"36047003000","tract",2023,"food_rnk",65.6054
"36047003101","tract",2023,"food_rnk",57.1633
"36047003102","tract",2023,"food_rnk",NA
"36047003300","tract",2023,"food_rnk",35.2614
"36047003400","tract",2023,"food_rnk",36.5787
"36047003500","tract",2023,"food_rnk",45.1173
"36047003600","tract",2023,"food_rnk",34.9672
"36047003700","tract",2023,"food_rnk",31.3157
"36047003800","tract",2023,"food_rnk",36.1612
"36047003900","tract",2023,"food_rnk",30.5197
"36047004100","tract",2023,"food_rnk",52.789
"36047004300","tract",2023,"food_rnk",58.6356
"36047004400","tract",2023,"food_rnk",68.9578
"36047004500","tract",2023,"food_rnk",76.9482
"36047004600","tract",2023,"food_rnk",66.8921
"36047004700","tract",2023,"food_rnk",49.616
"36047004900","tract",2023,"food_rnk",69.1775
"36047005000","tract",2023,"food_rnk",48.9739
"36047005100","tract",2023,"food_rnk",61.8977
"36047005201","tract",2023,"food_rnk",30.6955
"36047005202","tract",2023,"food_rnk",63.3834
"36047005301","tract",2023,"food_rnk",39.2255
"36047005302","tract",2023,"food_rnk",66.3684
"36047005303","tract",2023,"food_rnk",NA
"36047005400","tract",2023,"food_rnk",35.0478
"36047005601","tract",2023,"food_rnk",55.9143
"36047005602","tract",2023,"food_rnk",55.0976
"36047005800","tract",2023,"food_rnk",36.3687
"36047005900","tract",2023,"food_rnk",23.6476
"36047006000","tract",2023,"food_rnk",29.3367
"36047006200","tract",2023,"food_rnk",55.5835
"36047006300","tract",2023,"food_rnk",75.0058
"36047006400","tract",2023,"food_rnk",43.695
"36047006500","tract",2023,"food_rnk",67.4781
"36047006600","tract",2023,"food_rnk",19.1049
"36047006700","tract",2023,"food_rnk",76.3512
"36047006800","tract",2023,"food_rnk",20.5626
"36047006901","tract",2023,"food_rnk",60.6219
"36047006902","tract",2023,"food_rnk",68.1044
"36047007000","tract",2023,"food_rnk",38.1475
"36047007100","tract",2023,"food_rnk",30.0216
"36047007200","tract",2023,"food_rnk",5.9443
"36047007400","tract",2023,"food_rnk",9.6996
"36047007500","tract",2023,"food_rnk",69.7415
"36047007600","tract",2023,"food_rnk",3.853
"36047007700","tract",2023,"food_rnk",57.8091
"36047007800","tract",2023,"food_rnk",11.1597
"36047008000","tract",2023,"food_rnk",19.9302
"36047008200","tract",2023,"food_rnk",7.3507
"36047008400","tract",2023,"food_rnk",26.5544
"36047008500","tract",2023,"food_rnk",0.1746
"36047008600","tract",2023,"food_rnk",NA
"36047008800","tract",2023,"food_rnk",10.2746
"36047009001","tract",2023,"food_rnk",6.3764
"36047009002","tract",2023,"food_rnk",2.2524
"36047009201","tract",2023,"food_rnk",30.9177
"36047009202","tract",2023,"food_rnk",5.2997
"36047009401","tract",2023,"food_rnk",33.5108
"36047009402","tract",2023,"food_rnk",5.5389
"36047009600","tract",2023,"food_rnk",6.1249
"36047009800","tract",2023,"food_rnk",9.6788
"36047010000","tract",2023,"food_rnk",5.1837
"36047010100","tract",2023,"food_rnk",40.2705
"36047010200","tract",2023,"food_rnk",8.5532
"36047010401","tract",2023,"food_rnk",23.1434
"36047010402","tract",2023,"food_rnk",15.5071
"36047010601","tract",2023,"food_rnk",9.6483
"36047010602","tract",2023,"food_rnk",18.807
"36047010801","tract",2023,"food_rnk",20.9227
"36047010802","tract",2023,"food_rnk",27.9962
"36047011000","tract",2023,"food_rnk",14.274
"36047011200","tract",2023,"food_rnk",7.2029
"36047011400","tract",2023,"food_rnk",6.1738
"36047011600","tract",2023,"food_rnk",5.0811
"36047011700","tract",2023,"food_rnk",30.6955
"36047011800","tract",2023,"food_rnk",25.4349
"36047011901","tract",2023,"food_rnk",54.3212
"36047011902","tract",2023,"food_rnk",NA
"36047012000","tract",2023,"food_rnk",13.8162
"36047012100","tract",2023,"food_rnk",66.8921
"36047012200","tract",2023,"food_rnk",12.9299
"36047012600","tract",2023,"food_rnk",9.2088
"36047012700","tract",2023,"food_rnk",25.6254
"36047012801","tract",2023,"food_rnk",31.2144
"36047012901","tract",2023,"food_rnk",67.4244
"36047012902","tract",2023,"food_rnk",47.8287
"36047013000","tract",2023,"food_rnk",19.5712
"36047013100","tract",2023,"food_rnk",25.0418
"36047013200","tract",2023,"food_rnk",14.1629
"36047013300","tract",2023,"food_rnk",73.2808
"36047013400","tract",2023,"food_rnk",30.5197
"36047013500","tract",2023,"food_rnk",51.5804
"36047013600","tract",2023,"food_rnk",22.7064
"36047013700","tract",2023,"food_rnk",58.0899
"36047013800","tract",2023,"food_rnk",44.6765
"36047013900","tract",2023,"food_rnk",51.5804
"36047014000","tract",2023,"food_rnk",26.7449
"36047014101","tract",2023,"food_rnk",46.2258
"36047014102","tract",2023,"food_rnk",47.4686
"36047014200","tract",2023,"food_rnk",15.6817
"36047014300","tract",2023,"food_rnk",18.0305
"36047014500","tract",2023,"food_rnk",41.9541
"36047014700","tract",2023,"food_rnk",57.6589
"36047014800","tract",2023,"food_rnk",40.6807
"36047014901","tract",2023,"food_rnk",75.8518
"36047014902","tract",2023,"food_rnk",62.4739
"36047015000","tract",2023,"food_rnk",52.8793
"36047015100","tract",2023,"food_rnk",54.6691
"36047015200","tract",2023,"food_rnk",40.0435
"36047015300","tract",2023,"food_rnk",70.4789
"36047015400","tract",2023,"food_rnk",NA
"36047015500","tract",2023,"food_rnk",60.8929
"36047015700","tract",2023,"food_rnk",55.0329
"36047015900","tract",2023,"food_rnk",73.0561
"36047016000","tract",2023,"food_rnk",14.7782
"36047016100","tract",2023,"food_rnk",37.7874
"36047016200","tract",2023,"food_rnk",64.7422
"36047016300","tract",2023,"food_rnk",49.671
"36047016400","tract",2023,"food_rnk",85.7528
"36047016500","tract",2023,"food_rnk",67.704
"36047016600","tract",2023,"food_rnk",51.3692
"36047016700","tract",2023,"food_rnk",73.0744
"36047016800","tract",2023,"food_rnk",55.6738
"36047016900","tract",2023,"food_rnk",77.7466
"36047017000","tract",2023,"food_rnk",11.952
"36047017100","tract",2023,"food_rnk",48.814
"36047017200","tract",2023,"food_rnk",43.0211
"36047017400","tract",2023,"food_rnk",28.6299
"36047017500","tract",2023,"food_rnk",NA
"36047017600","tract",2023,"food_rnk",31.4207
"36047017700","tract",2023,"food_rnk",NA
"36047017800","tract",2023,"food_rnk",30.3781
"36047017900","tract",2023,"food_rnk",15.3935
"36047018000","tract",2023,"food_rnk",23.7721
"36047018100","tract",2023,"food_rnk",61.872
"36047018200","tract",2023,"food_rnk",19.6005
"36047018300","tract",2023,"food_rnk",71.4507
"36047018400","tract",2023,"food_rnk",36.6508
"36047018501","tract",2023,"food_rnk",2.764
"36047018600","tract",2023,"food_rnk",22.2827
"36047018700","tract",2023,"food_rnk",43.8744
"36047018800","tract",2023,"food_rnk",30.4867
"36047019000","tract",2023,"food_rnk",16.7316
"36047019100","tract",2023,"food_rnk",27.2222
"36047019200","tract",2023,"food_rnk",8.1686
"36047019300","tract",2023,"food_rnk",NA
"36047019400","tract",2023,"food_rnk",33.2104
"36047019500","tract",2023,"food_rnk",28.3991
"36047019600","tract",2023,"food_rnk",7.7535
"36047019700","tract",2023,"food_rnk",53.5044
"36047019800","tract",2023,"food_rnk",77.865
"36047019900","tract",2023,"food_rnk",44.071
"36047020000","tract",2023,"food_rnk",44.9683
"36047020100","tract",2023,"food_rnk",59.7014
"36047020200","tract",2023,"food_rnk",41.9748
"36047020300","tract",2023,"food_rnk",57.0058
"36047020400","tract",2023,"food_rnk",54.3724
"36047020500","tract",2023,"food_rnk",53.3982
"36047020600","tract",2023,"food_rnk",28.6982
"36047020700","tract",2023,"food_rnk",45.9462
"36047020800","tract",2023,"food_rnk",34.0723
"36047021000","tract",2023,"food_rnk",18.3028
"36047021100","tract",2023,"food_rnk",16.7023
"36047021200","tract",2023,"food_rnk",13.3376
"36047021300","tract",2023,"food_rnk",32.9382
"36047021400","tract",2023,"food_rnk",5.6842
"36047021500","tract",2023,"food_rnk",26.9805
"36047021600","tract",2023,"food_rnk",3.5111
"36047021700","tract",2023,"food_rnk",24.7378
"36047021800","tract",2023,"food_rnk",3.2523
"36047021900","tract",2023,"food_rnk",40.6002
"36047022000","tract",2023,"food_rnk",4.439
"36047022100","tract",2023,"food_rnk",31.9249
"36047022200","tract",2023,"food_rnk",1.5175
"36047022400","tract",2023,"food_rnk",11.7542
"36047022600","tract",2023,"food_rnk",5.5157
"36047022700","tract",2023,"food_rnk",15.6902
"36047022800","tract",2023,"food_rnk",11.1292
"36047022900","tract",2023,"food_rnk",41.561
"36047023000","tract",2023,"food_rnk",7.1443
"36047023100","tract",2023,"food_rnk",38.6151
"36047023200","tract",2023,"food_rnk",6.8245
"36047023300","tract",2023,"food_rnk",4.9188
"36047023400","tract",2023,"food_rnk",3.1156
"36047023500","tract",2023,"food_rnk",3.0313
"36047023600","tract",2023,"food_rnk",0.8228
"36047023800","tract",2023,"food_rnk",4.3352
"36047024000","tract",2023,"food_rnk",6.1066
"36047024100","tract",2023,"food_rnk",11.106
"36047024200","tract",2023,"food_rnk",12.2755
"36047024300","tract",2023,"food_rnk",12.383
"36047024400","tract",2023,"food_rnk",16.8891
"36047024500","tract",2023,"food_rnk",30.8139
"36047024600","tract",2023,"food_rnk",14.5914
"36047024700","tract",2023,"food_rnk",9.1953
"36047024800","tract",2023,"food_rnk",23.7001
"36047024900","tract",2023,"food_rnk",23.8124
"36047025000","tract",2023,"food_rnk",5.3656
"36047025100","tract",2023,"food_rnk",8.298
"36047025200","tract",2023,"food_rnk",22.2827
"36047025300","tract",2023,"food_rnk",5.0079
"36047025400","tract",2023,"food_rnk",10.4504
"36047025500","tract",2023,"food_rnk",0.2722
"36047025600","tract",2023,"food_rnk",52.8952
"36047025700","tract",2023,"food_rnk",28.7312
"36047025800","tract",2023,"food_rnk",9.2832
"36047025901","tract",2023,"food_rnk",3.1925
"36047025902","tract",2023,"food_rnk",0.1209
"36047026000","tract",2023,"food_rnk",9.0586
"36047026100","tract",2023,"food_rnk",14.4425
"36047026200","tract",2023,"food_rnk",11.7615
"36047026300","tract",2023,"food_rnk",25.1224
"36047026400","tract",2023,"food_rnk",13.7503
"36047026500","tract",2023,"food_rnk",15.6646
"36047026600","tract",2023,"food_rnk",17.5825
"36047026700","tract",2023,"food_rnk",27.7264
"36047026800","tract",2023,"food_rnk",27.0049
"36047026900","tract",2023,"food_rnk",25.8012
"36047027000","tract",2023,"food_rnk",5.528
"36047027100","tract",2023,"food_rnk",22.1081
"36047027200","tract",2023,"food_rnk",4.1325
"36047027300","tract",2023,"food_rnk",17.1064
"36047027400","tract",2023,"food_rnk",29.4063
"36047027500","tract",2023,"food_rnk",14.849
"36047027600","tract",2023,"food_rnk",4.3205
"36047027700","tract",2023,"food_rnk",1.5029
"36047027800","tract",2023,"food_rnk",9.691
"36047027900","tract",2023,"food_rnk",22.0349
"36047028000","tract",2023,"food_rnk",14.1556
"36047028100","tract",2023,"food_rnk",3.4061
"36047028200","tract",2023,"food_rnk",30.4587
"36047028300","tract",2023,"food_rnk",4.3791
"36047028400","tract",2023,"food_rnk",21.3915
"36047028501","tract",2023,"food_rnk",13.6856
"36047028502","tract",2023,"food_rnk",0.3663
"36047028600","tract",2023,"food_rnk",9.0342
"36047028700","tract",2023,"food_rnk",18.0904
"36047028800","tract",2023,"food_rnk",8.1845
"36047028900","tract",2023,"food_rnk",10.382
"36047029000","tract",2023,"food_rnk",8.9341
"36047029100","tract",2023,"food_rnk",4.5537
"36047029200","tract",2023,"food_rnk",20.3868
"36047029300","tract",2023,"food_rnk",7.1736
"36047029400","tract",2023,"food_rnk",17.1747
"36047029500","tract",2023,"food_rnk",43.2311
"36047029600","tract",2023,"food_rnk",7.043
"36047029700","tract",2023,"food_rnk",16.0198
"36047029800","tract",2023,"food_rnk",7.7718
"36047029900","tract",2023,"food_rnk",16.1871
"36047030000","tract",2023,"food_rnk",10.8044
"36047030100","tract",2023,"food_rnk",13.8419
"36047030200","tract",2023,"food_rnk",16.0406
"36047030300","tract",2023,"food_rnk",3.903
"36047030400","tract",2023,"food_rnk",12.5209
"36047030500","tract",2023,"food_rnk",35.414
"36047030600","tract",2023,"food_rnk",15.7854
"36047030700","tract",2023,"food_rnk",3.6198
"36047030800","tract",2023,"food_rnk",3.7968
"36047030900","tract",2023,"food_rnk",4.854
"36047031100","tract",2023,"food_rnk",9.3345
"36047031300","tract",2023,"food_rnk",17.0795
"36047031401","tract",2023,"food_rnk",10.3124
"36047031402","tract",2023,"food_rnk",NA
"36047031500","tract",2023,"food_rnk",33.3606
"36047031701","tract",2023,"food_rnk",29.1853
"36047031702","tract",2023,"food_rnk",51.0017
"36047031900","tract",2023,"food_rnk",35.1723
"36047032100","tract",2023,"food_rnk",8.8059
"36047032300","tract",2023,"food_rnk",29.1304
"36047032500","tract",2023,"food_rnk",23.0128
"36047032600","tract",2023,"food_rnk",1.034
"36047032700","tract",2023,"food_rnk",17.3676
"36047032800","tract",2023,"food_rnk",3.7223
"36047032900","tract",2023,"food_rnk",14.6207
"36047033000","tract",2023,"food_rnk",0.4517
"36047033100","tract",2023,"food_rnk",6.4082
"36047033300","tract",2023,"food_rnk",10.2392
"36047033500","tract",2023,"food_rnk",13.4365
"36047033600","tract",2023,"food_rnk",60.8502
"36047033701","tract",2023,"food_rnk",25.5314
"36047033702","tract",2023,"food_rnk",1.277
"36047033900","tract",2023,"food_rnk",11.5857
"36047034000","tract",2023,"food_rnk",9.6617
"36047034100","tract",2023,"food_rnk",23.0982
"36047034200","tract",2023,"food_rnk",0.0952
"36047034300","tract",2023,"food_rnk",2.6761
"36047034500","tract",2023,"food_rnk",14.7404
"36047034700","tract",2023,"food_rnk",4.0117
"36047034800","tract",2023,"food_rnk",15.3508
"36047034901","tract",2023,"food_rnk",9.2308
"36047034902","tract",2023,"food_rnk",11.3782
"36047035000","tract",2023,"food_rnk",2.6675
"36047035101","tract",2023,"food_rnk",8.0404
"36047035102","tract",2023,"food_rnk",1.4247
"36047035200","tract",2023,"food_rnk",NA
"36047035301","tract",2023,"food_rnk",8.1076
"36047035302","tract",2023,"food_rnk",7.6022
"36047035400","tract",2023,"food_rnk",13.4964
"36047035500","tract",2023,"food_rnk",14.7599
"36047035601","tract",2023,"food_rnk",5.3705
"36047035602","tract",2023,"food_rnk",25.3287
"36047035701","tract",2023,"food_rnk",2.803
"36047035702","tract",2023,"food_rnk",NA
"36047035900","tract",2023,"food_rnk",5.8966
"36047036001","tract",2023,"food_rnk",9.8973
"36047036002","tract",2023,"food_rnk",2.7493
"36047036100","tract",2023,"food_rnk",5.6085
"36047036200","tract",2023,"food_rnk",33.0749
"36047036300","tract",2023,"food_rnk",9.8741
"36047036400","tract",2023,"food_rnk",29.2403
"36047036501","tract",2023,"food_rnk",15.6279
"36047036502","tract",2023,"food_rnk",4.9065
"36047036600","tract",2023,"food_rnk",12.1486
"36047036700","tract",2023,"food_rnk",2.2585
"36047036900","tract",2023,"food_rnk",12.0997
"36047037000","tract",2023,"food_rnk",32.0873
"36047037100","tract",2023,"food_rnk",9.5848
"36047037300","tract",2023,"food_rnk",14.4828
"36047037401","tract",2023,"food_rnk",12.8762
"36047037402","tract",2023,"food_rnk",9.8973
"36047037500","tract",2023,"food_rnk",22.721
"36047037700","tract",2023,"food_rnk",26.2883
"36047037900","tract",2023,"food_rnk",24.031
"36047038100","tract",2023,"food_rnk",11.6688
"36047038200","tract",2023,"food_rnk",0.061
"36047038300","tract",2023,"food_rnk",6.7085
"36047038500","tract",2023,"food_rnk",21.1657
"36047038600","tract",2023,"food_rnk",27.4029
"36047038700","tract",2023,"food_rnk",21.8237
"36047038800","tract",2023,"food_rnk",28.7397
"36047038900","tract",2023,"food_rnk",19.7019
"36047039000","tract",2023,"food_rnk",30.9653
"36047039100","tract",2023,"food_rnk",16.1651
"36047039200","tract",2023,"food_rnk",9.6141
"36047039300","tract",2023,"food_rnk",8.6838
"36047039400","tract",2023,"food_rnk",11.1829
"36047039500","tract",2023,"food_rnk",16.0113
"36047039600","tract",2023,"food_rnk",30.3915
"36047039700","tract",2023,"food_rnk",47.3331
"36047039800","tract",2023,"food_rnk",25.9025
"36047039900","tract",2023,"food_rnk",9.2381
"36047040000","tract",2023,"food_rnk",14.3644
"36047040100","tract",2023,"food_rnk",8.1418
"36047040200","tract",2023,"food_rnk",14.5121
"36047040300","tract",2023,"food_rnk",13.721
"36047040400","tract",2023,"food_rnk",10.6115
"36047040500","tract",2023,"food_rnk",27.7606
"36047040600","tract",2023,"food_rnk",11.0876
"36047040700","tract",2023,"food_rnk",NA
"36047040800","tract",2023,"food_rnk",35.0356
"36047040900","tract",2023,"food_rnk",6.9087
"36047041000","tract",2023,"food_rnk",21.9104
"36047041100","tract",2023,"food_rnk",26.2285
"36047041200","tract",2023,"food_rnk",18.2601
"36047041300","tract",2023,"food_rnk",5.8161
"36047041401","tract",2023,"food_rnk",46.2697
"36047041402","tract",2023,"food_rnk",5.7404
"36047041500","tract",2023,"food_rnk",24.5986
"36047041600","tract",2023,"food_rnk",13.5208
"36047041700","tract",2023,"food_rnk",0.8973
"36047041800","tract",2023,"food_rnk",18.8973
"36047041900","tract",2023,"food_rnk",3.6308
"36047042000","tract",2023,"food_rnk",6.3105
"36047042100","tract",2023,"food_rnk",13.616
"36047042200","tract",2023,"food_rnk",51.0688
"36047042300","tract",2023,"food_rnk",21.6052
"36047042400","tract",2023,"food_rnk",6.0261
"36047042500","tract",2023,"food_rnk",6.0944
"36047042600","tract",2023,"food_rnk",22.8638
"36047042700","tract",2023,"food_rnk",10.3124
"36047042800","tract",2023,"food_rnk",11.1353
"36047042900","tract",2023,"food_rnk",4.7918
"36047043000","tract",2023,"food_rnk",29.659
"36047043100","tract",2023,"food_rnk",5.147
"36047043200","tract",2023,"food_rnk",37.8814
"36047043300","tract",2023,"food_rnk",1.8947
"36047043400","tract",2023,"food_rnk",12.8994
"36047043500","tract",2023,"food_rnk",7.4288
"36047043600","tract",2023,"food_rnk",8.6008
"36047043700","tract",2023,"food_rnk",5.2545
"36047043800","tract",2023,"food_rnk",27.68
"36047043900","tract",2023,"food_rnk",8.8657
"36047044000","tract",2023,"food_rnk",21.5539
"36047044100","tract",2023,"food_rnk",2.5552
"36047044200","tract",2023,"food_rnk",59.102
"36047044300","tract",2023,"food_rnk",40.3536
"36047044400","tract",2023,"food_rnk",13.7124
"36047044500","tract",2023,"food_rnk",9.5384
"36047044600","tract",2023,"food_rnk",17.0466
"36047044700","tract",2023,"food_rnk",19.0707
"36047044800","tract",2023,"food_rnk",25.5594
"36047044901","tract",2023,"food_rnk",11.2671
"36047044902","tract",2023,"food_rnk",NA
"36047045000","tract",2023,"food_rnk",9.7875
"36047045200","tract",2023,"food_rnk",41.3302
"36047045300","tract",2023,"food_rnk",6.7305
"36047045400","tract",2023,"food_rnk",11.3904
"36047045600","tract",2023,"food_rnk",3.1583
"36047045800","tract",2023,"food_rnk",50.1727
"36047046000","tract",2023,"food_rnk",26.1125
"36047046201","tract",2023,"food_rnk",5.7807
"36047046202","tract",2023,"food_rnk",15.1079
"36047046400","tract",2023,"food_rnk",20.8678
"36047046800","tract",2023,"food_rnk",8.5349
"36047047000","tract",2023,"food_rnk",29.659
"36047047200","tract",2023,"food_rnk",10.0475
"36047047400","tract",2023,"food_rnk",13.0361
"36047047600","tract",2023,"food_rnk",14.0286
"36047047700","tract",2023,"food_rnk",57.7834
"36047047800","tract",2023,"food_rnk",17.3786
"36047048000","tract",2023,"food_rnk",7.0113
"36047048100","tract",2023,"food_rnk",52.3825
"36047048200","tract",2023,"food_rnk",24.9393
"36047048400","tract",2023,"food_rnk",16.8598
"36047048500","tract",2023,"food_rnk",7.6107
"36047048600","tract",2023,"food_rnk",2.9483
"36047048800","tract",2023,"food_rnk",20.1023
"36047048900","tract",2023,"food_rnk",0.155
"36047049000","tract",2023,"food_rnk",5.6134
"36047049100","tract",2023,"food_rnk",5.3302
"36047049200","tract",2023,"food_rnk",46.9302
"36047049301","tract",2023,"food_rnk",0.2466
"36047049302","tract",2023,"food_rnk",14.3424
"36047049400","tract",2023,"food_rnk",21.5038
"36047049500","tract",2023,"food_rnk",5.5743
"36047049600","tract",2023,"food_rnk",27.2454
"36047049700","tract",2023,"food_rnk",65.7909
"36047049800","tract",2023,"food_rnk",25.7743
"36047049900","tract",2023,"food_rnk",72.1173
"36047050001","tract",2023,"food_rnk",67.5123
"36047050002","tract",2023,"food_rnk",70.7353
"36047050100","tract",2023,"food_rnk",32.8015
"36047050202","tract",2023,"food_rnk",46.6653
"36047050300","tract",2023,"food_rnk",22.2681
"36047050401","tract",2023,"food_rnk",51.5486
"36047050402","tract",2023,"food_rnk",28.2038
"36047050500","tract",2023,"food_rnk",4.5696
"36047050600","tract",2023,"food_rnk",10.4882
"36047050700","tract",2023,"food_rnk",26.541
"36047050801","tract",2023,"food_rnk",1.7311
"36047050803","tract",2023,"food_rnk",7.4483
"36047050804","tract",2023,"food_rnk",13.4622
"36047050900","tract",2023,"food_rnk",5.0591
"36047051001","tract",2023,"food_rnk",6.6584
"36047051002","tract",2023,"food_rnk",5.4339
"36047051100","tract",2023,"food_rnk",6.5107
"36047051200","tract",2023,"food_rnk",12.0362
"36047051300","tract",2023,"food_rnk",6.5315
"36047051400","tract",2023,"food_rnk",18.6446
"36047051500","tract",2023,"food_rnk",74.0609
"36047051601","tract",2023,"food_rnk",5.2374
"36047051602","tract",2023,"food_rnk",38.5052
"36047051700","tract",2023,"food_rnk",64.1428
"36047051800","tract",2023,"food_rnk",21.5099
"36047051900","tract",2023,"food_rnk",64.5457
"36047052000","tract",2023,"food_rnk",23.0274
"36047052300","tract",2023,"food_rnk",2.0461
"36047052500","tract",2023,"food_rnk",1.1647
"36047052600","tract",2023,"food_rnk",39.6613
"36047052700","tract",2023,"food_rnk",7.5411
"36047052800","tract",2023,"food_rnk",49.8273
"36047052900","tract",2023,"food_rnk",1.7067
"36047053000","tract",2023,"food_rnk",24.8514
"36047053101","tract",2023,"food_rnk",0.3101
"36047053102","tract",2023,"food_rnk",1.4088
"36047053200","tract",2023,"food_rnk",34.0333
"36047053300","tract",2023,"food_rnk",3.0204
"36047053400","tract",2023,"food_rnk",16.8769
"36047053500","tract",2023,"food_rnk",2.1999
"36047053700","tract",2023,"food_rnk",7.6608
"36047053800","tract",2023,"food_rnk",10.2807
"36047053900","tract",2023,"food_rnk",4.2534
"36047054200","tract",2023,"food_rnk",14.8417
"36047054300","tract",2023,"food_rnk",NA
"36047054400","tract",2023,"food_rnk",17.2822
"36047054500","tract",2023,"food_rnk",0.0794
"36047054600","tract",2023,"food_rnk",11.8421
"36047054700","tract",2023,"food_rnk",3.6588
"36047054800","tract",2023,"food_rnk",30.8005
"36047054900","tract",2023,"food_rnk",8.4213
"36047055000","tract",2023,"food_rnk",30.068
"36047055100","tract",2023,"food_rnk",32.821
"36047055200","tract",2023,"food_rnk",12.8554
"36047055300","tract",2023,"food_rnk",37.4504
"36047055400","tract",2023,"food_rnk",8.3676
"36047055500","tract",2023,"food_rnk",63.7912
"36047055600","tract",2023,"food_rnk",24.5864
"36047055700","tract",2023,"food_rnk",69.7098
"36047055800","tract",2023,"food_rnk",11.5039
"36047056000","tract",2023,"food_rnk",14.2447
"36047056100","tract",2023,"food_rnk",38.4271
"36047056200","tract",2023,"food_rnk",42.5926
"36047056301","tract",2023,"food_rnk",57.3659
"36047056302","tract",2023,"food_rnk",25.3678
"36047056400","tract",2023,"food_rnk",44.7022
"36047056500","tract",2023,"food_rnk",44.2651
"36047056600","tract",2023,"food_rnk",23.7905
"36047056800","tract",2023,"food_rnk",52.5375
"36047056900","tract",2023,"food_rnk",54.5934
"36047057000","tract",2023,"food_rnk",30.7541
"36047057100","tract",2023,"food_rnk",50.8308
"36047057200","tract",2023,"food_rnk",3.9323
"36047057300","tract",2023,"food_rnk",20.6065
"36047057400","tract",2023,"food_rnk",34.7047
"36047057500","tract",2023,"food_rnk",35.9048
"36047057600","tract",2023,"food_rnk",6.49
"36047057800","tract",2023,"food_rnk",9.2308
"36047057901","tract",2023,"food_rnk",52.2018
"36047057902","tract",2023,"food_rnk",NA
"36047058000","tract",2023,"food_rnk",16.5143
"36047058200","tract",2023,"food_rnk",15.2312
"36047058400","tract",2023,"food_rnk",52.0064
"36047058600","tract",2023,"food_rnk",24.6597
"36047058800","tract",2023,"food_rnk",31.229
"36047058901","tract",2023,"food_rnk",59.3803
"36047058902","tract",2023,"food_rnk",NA
"36047059000","tract",2023,"food_rnk",9.9913
"36047059100","tract",2023,"food_rnk",49.2876
"36047059200","tract",2023,"food_rnk",18.1465
"36047059300","tract",2023,"food_rnk",27.3931
"36047059402","tract",2023,"food_rnk",50.8576
"36047059403","tract",2023,"food_rnk",20.9947
"36047059404","tract",2023,"food_rnk",11.8922
"36047059600","tract",2023,"food_rnk",35.5105
"36047059800","tract",2023,"food_rnk",22.3084
"36047060000","tract",2023,"food_rnk",37.9253
"36047060600","tract",2023,"food_rnk",22.4365
"36047060800","tract",2023,"food_rnk",36.8937
"36047061002","tract",2023,"food_rnk",24.1701
"36047061003","tract",2023,"food_rnk",2.239
"36047061004","tract",2023,"food_rnk",11.4637
"36047061200","tract",2023,"food_rnk",63.2931
"36047061600","tract",2023,"food_rnk",83.4735
"36047062000","tract",2023,"food_rnk",39.2438
"36047062200","tract",2023,"food_rnk",13.0874
"36047062600","tract",2023,"food_rnk",35.5105
"36047062800","tract",2023,"food_rnk",64.6189
"36047063200","tract",2023,"food_rnk",28.3283
"36047063600","tract",2023,"food_rnk",63.7912
"36047063800","tract",2023,"food_rnk",72.088
"36047064000","tract",2023,"food_rnk",70.9758
"36047064200","tract",2023,"food_rnk",38.7933
"36047064400","tract",2023,"food_rnk",16.3299
"36047064600","tract",2023,"food_rnk",79.2372
"36047064800","tract",2023,"food_rnk",60.3777
"36047065000","tract",2023,"food_rnk",16.4398
"36047065200","tract",2023,"food_rnk",60.5254
"36047065400","tract",2023,"food_rnk",50.7148
"36047065600","tract",2023,"food_rnk",38.1121
"36047065800","tract",2023,"food_rnk",41.4316
"36047066000","tract",2023,"food_rnk",44.574
"36047066200","tract",2023,"food_rnk",36.8119
"36047066600","tract",2023,"food_rnk",NA
"36047067000","tract",2023,"food_rnk",18.9071
"36047067200","tract",2023,"food_rnk",5.4413
"36047067400","tract",2023,"food_rnk",56.8288
"36047067600","tract",2023,"food_rnk",41.506
"36047067800","tract",2023,"food_rnk",42.7403
"36047068000","tract",2023,"food_rnk",38.9093
"36047068200","tract",2023,"food_rnk",60.1067
"36047068600","tract",2023,"food_rnk",21.1657
"36047068800","tract",2023,"food_rnk",29.421
"36047069000","tract",2023,"food_rnk",10.6225
"36047069200","tract",2023,"food_rnk",42.5193
"36047069601","tract",2023,"food_rnk",47.5748
"36047069602","tract",2023,"food_rnk",71.8487
"36047069800","tract",2023,"food_rnk",75.4661
"36047070000","tract",2023,"food_rnk",69.3936
"36047070201","tract",2023,"food_rnk",59.5146
"36047070202","tract",2023,"food_rnk",NA
"36047070203","tract",2023,"food_rnk",NA
"36047070601","tract",2023,"food_rnk",64.3259
"36047070602","tract",2023,"food_rnk",NA
"36047072000","tract",2023,"food_rnk",29.421
"36047072200","tract",2023,"food_rnk",45.8253
"36047072400","tract",2023,"food_rnk",15.2153
"36047072600","tract",2023,"food_rnk",18.6983
"36047072800","tract",2023,"food_rnk",46.5359
"36047073000","tract",2023,"food_rnk",27.0782
"36047073200","tract",2023,"food_rnk",20.8678
"36047073400","tract",2023,"food_rnk",55.0695
"36047073600","tract",2023,"food_rnk",11.4746
"36047073800","tract",2023,"food_rnk",23.9724
"36047074000","tract",2023,"food_rnk",48.1303
"36047074200","tract",2023,"food_rnk",35.4336
"36047074400","tract",2023,"food_rnk",32.6012
"36047074600","tract",2023,"food_rnk",29.2403
"36047074800","tract",2023,"food_rnk",24.7378
"36047075000","tract",2023,"food_rnk",32.5365
"36047075200","tract",2023,"food_rnk",55.1184
"36047075400","tract",2023,"food_rnk",76.8432
"36047075600","tract",2023,"food_rnk",52.0858
"36047075800","tract",2023,"food_rnk",8.7082
"36047076000","tract",2023,"food_rnk",17.0905
"36047076200","tract",2023,"food_rnk",27.4786
"36047076400","tract",2023,"food_rnk",11.427
"36047076600","tract",2023,"food_rnk",24.9783
"36047076800","tract",2023,"food_rnk",26.2565
"36047077000","tract",2023,"food_rnk",25.1004
"36047077200","tract",2023,"food_rnk",11.6614
"36047077400","tract",2023,"food_rnk",46.3491
"36047077600","tract",2023,"food_rnk",37.1635
"36047078000","tract",2023,"food_rnk",26.3444
"36047078200","tract",2023,"food_rnk",7.5924
"36047078400","tract",2023,"food_rnk",35.32
"36047078601","tract",2023,"food_rnk",13.8687
"36047078602","tract",2023,"food_rnk",11.9752
"36047078801","tract",2023,"food_rnk",31.334
"36047078802","tract",2023,"food_rnk",14.2948
"36047079001","tract",2023,"food_rnk",4.0984
"36047079002","tract",2023,"food_rnk",9.7716
"36047079201","tract",2023,"food_rnk",12.9042
"36047079202","tract",2023,"food_rnk",8.0844
"36047079400","tract",2023,"food_rnk",30.5551
"36047079601","tract",2023,"food_rnk",15.4338
"36047079602","tract",2023,"food_rnk",13.6612
"36047079801","tract",2023,"food_rnk",21.9519
"36047079802","tract",2023,"food_rnk",18.1392
"36047080000","tract",2023,"food_rnk",47.0682
"36047080200","tract",2023,"food_rnk",38.0804
"36047080400","tract",2023,"food_rnk",36.7313
"36047080600","tract",2023,"food_rnk",11.4038
"36047080800","tract",2023,"food_rnk",NA
"36047081000","tract",2023,"food_rnk",17.4922
"36047081400","tract",2023,"food_rnk",12.5136
"36047081600","tract",2023,"food_rnk",10.0219
"36047081800","tract",2023,"food_rnk",5.0164
"36047082000","tract",2023,"food_rnk",10.5383
"36047082200","tract",2023,"food_rnk",10.194
"36047082400","tract",2023,"food_rnk",9.5872
"36047082600","tract",2023,"food_rnk",19.824
"36047082800","tract",2023,"food_rnk",7.4642
"36047083000","tract",2023,"food_rnk",20.0803
"36047083200","tract",2023,"food_rnk",44.8914
"36047083400","tract",2023,"food_rnk",38.9093
"36047083600","tract",2023,"food_rnk",38.2098
"36047083800","tract",2023,"food_rnk",52.1041
"36047084000","tract",2023,"food_rnk",14.0067
"36047084600","tract",2023,"food_rnk",57.1425
"36047084800","tract",2023,"food_rnk",18.6446
"36047085000","tract",2023,"food_rnk",81.0782
"36047085200","tract",2023,"food_rnk",NA
"36047085400","tract",2023,"food_rnk",52.5583
"36047085600","tract",2023,"food_rnk",31.9249
"36047085800","tract",2023,"food_rnk",53.7388
"36047086000","tract",2023,"food_rnk",27.652
"36047086200","tract",2023,"food_rnk",23.6769
"36047086400","tract",2023,"food_rnk",17.3347
"36047086600","tract",2023,"food_rnk",7.4044
"36047086800","tract",2023,"food_rnk",15.3032
"36047087000","tract",2023,"food_rnk",16.2091
"36047087200","tract",2023,"food_rnk",7.8463
"36047087401","tract",2023,"food_rnk",12.14
"36047087600","tract",2023,"food_rnk",7.7828
"36047087800","tract",2023,"food_rnk",6.4692
"36047088001","tract",2023,"food_rnk",4.5586
"36047088002","tract",2023,"food_rnk",11.3721
"36047088200","tract",2023,"food_rnk",8.5288
"36047088400","tract",2023,"food_rnk",4.8736
"36047088600","tract",2023,"food_rnk",11.9947
"36047088800","tract",2023,"food_rnk",17.2492
"36047089000","tract",2023,"food_rnk",8.5532
"36047089200","tract",2023,"food_rnk",4.7173
"36047089400","tract",2023,"food_rnk",1.6359
"36047089600","tract",2023,"food_rnk",2.5076
"36047089800","tract",2023,"food_rnk",2.9166
"36047090000","tract",2023,"food_rnk",1.1451
"36047090200","tract",2023,"food_rnk",1.0133
"36047090600","tract",2023,"food_rnk",0.0098
"36047090800","tract",2023,"food_rnk",NA
"36047091000","tract",2023,"food_rnk",0.2356
"36047091200","tract",2023,"food_rnk",0.4603
"36047091600","tract",2023,"food_rnk",2.4942
"36047091800","tract",2023,"food_rnk",7.2371
"36047092000","tract",2023,"food_rnk",0.9523
"36047092200","tract",2023,"food_rnk",22.9212
"36047092400","tract",2023,"food_rnk",1.8654
"36047092800","tract",2023,"food_rnk",39.1889
"36047093000","tract",2023,"food_rnk",14.086
"36047093200","tract",2023,"food_rnk",9.4273
"36047093400","tract",2023,"food_rnk",23.3986
"36047093600","tract",2023,"food_rnk",34.4301
"36047093800","tract",2023,"food_rnk",21.676
"36047094401","tract",2023,"food_rnk",32.9028
"36047094402","tract",2023,"food_rnk",0.7435
"36047094600","tract",2023,"food_rnk",69.1238
"36047095000","tract",2023,"food_rnk",14.2313
"36047095400","tract",2023,"food_rnk",27.9682
"36047095600","tract",2023,"food_rnk",61.6584
"36047095800","tract",2023,"food_rnk",12.9299
"36047096000","tract",2023,"food_rnk",NA
"36047096200","tract",2023,"food_rnk",22.3963
"36047096400","tract",2023,"food_rnk",47.001
"36047096600","tract",2023,"food_rnk",33.3264
"36047096800","tract",2023,"food_rnk",14.7782
"36047097000","tract",2023,"food_rnk",11.6859
"36047097400","tract",2023,"food_rnk",13.9505
"36047098200","tract",2023,"food_rnk",3.4318
"36047098400","tract",2023,"food_rnk",65.9338
"36047098600","tract",2023,"food_rnk",51.28
"36047098800","tract",2023,"food_rnk",17.8999
"36047099000","tract",2023,"food_rnk",41.2387
"36047099200","tract",2023,"food_rnk",50.8576
"36047099400","tract",2023,"food_rnk",14.2948
"36047099600","tract",2023,"food_rnk",65.9826
"36047099800","tract",2023,"food_rnk",10.9375
"36047100400","tract",2023,"food_rnk",20.8885
"36047100600","tract",2023,"food_rnk",24.783
"36047100800","tract",2023,"food_rnk",24.3203
"36047101000","tract",2023,"food_rnk",31.5293
"36047101200","tract",2023,"food_rnk",36.1429
"36047101400","tract",2023,"food_rnk",5.8197
"36047101600","tract",2023,"food_rnk",70.0651
"36047101800","tract",2023,"food_rnk",53.3433
"36047102000","tract",2023,"food_rnk",44.1711
"36047102200","tract",2023,"food_rnk",9.4859
"36047102400","tract",2023,"food_rnk",79.1334
"36047102600","tract",2023,"food_rnk",16.2591
"36047102801","tract",2023,"food_rnk",14.1556
"36047102802","tract",2023,"food_rnk",NA
"36047103401","tract",2023,"food_rnk",0.4078
"36047103402","tract",2023,"food_rnk",NA
"36047105801","tract",2023,"food_rnk",2.7188
"36047105804","tract",2023,"food_rnk",4.1985
"36047107001","tract",2023,"food_rnk",17.8682
"36047107002","tract",2023,"food_rnk",NA
"36047107003","tract",2023,"food_rnk",NA
"36047107800","tract",2023,"food_rnk",31.9652
"36047109800","tract",2023,"food_rnk",56.0804
"36047110400","tract",2023,"food_rnk",11.6614
"36047110600","tract",2023,"food_rnk",0.3614
"36047111000","tract",2023,"food_rnk",0.7765
"36047111600","tract",2023,"food_rnk",13.9615
"36047111800","tract",2023,"food_rnk",1.1537
"36047112000","tract",2023,"food_rnk",6.5522
"36047112200","tract",2023,"food_rnk",1.6677
"36047112400","tract",2023,"food_rnk",7.3836
"36047112600","tract",2023,"food_rnk",10.498
"36047112800","tract",2023,"food_rnk",3.1412
"36047113000","tract",2023,"food_rnk",5.4803
"36047113200","tract",2023,"food_rnk",3.9116
"36047113400","tract",2023,"food_rnk",0.4871
"36047114201","tract",2023,"food_rnk",42.7952
"36047114202","tract",2023,"food_rnk",4.2131
"36047114400","tract",2023,"food_rnk",1.7751
"36047114600","tract",2023,"food_rnk",3.853
"36047115000","tract",2023,"food_rnk",6.5046
"36047115200","tract",2023,"food_rnk",1.0218
"36047115600","tract",2023,"food_rnk",0.5298
"36047115800","tract",2023,"food_rnk",7.4618
"36047116000","tract",2023,"food_rnk",10.0414
"36047116200","tract",2023,"food_rnk",6.8037
"36047116400","tract",2023,"food_rnk",8.0221
"36047116600","tract",2023,"food_rnk",1.9533
"36047116800","tract",2023,"food_rnk",8.1259
"36047117000","tract",2023,"food_rnk",6.6291
"36047117201","tract",2023,"food_rnk",9.5555
"36047117202","tract",2023,"food_rnk",7.2835
"36047117400","tract",2023,"food_rnk",26.4665
"36047117601","tract",2023,"food_rnk",17.7253
"36047117602","tract",2023,"food_rnk",9.2002
"36047117800","tract",2023,"food_rnk",3.3182
"36047118000","tract",2023,"food_rnk",NA
"36047118201","tract",2023,"food_rnk",6.3227
"36047118202","tract",2023,"food_rnk",9.785
"36047118400","tract",2023,"food_rnk",6.6475
"36047118600","tract",2023,"food_rnk",18.8827
"36047118800","tract",2023,"food_rnk",5.5536
"36047119000","tract",2023,"food_rnk",19.8325
"36047119200","tract",2023,"food_rnk",19.5859
"36047119400","tract",2023,"food_rnk",23.3827
"36047119600","tract",2023,"food_rnk",4.1386
"36047119800","tract",2023,"food_rnk",4.9188
"36047120000","tract",2023,"food_rnk",4.9432
"36047120200","tract",2023,"food_rnk",24.7036
"36047120801","tract",2023,"food_rnk",8.132
"36047120802","tract",2023,"food_rnk",4.0629
"36047120803","tract",2023,"food_rnk",19.5468
"36047121000","tract",2023,"food_rnk",0.5714
"36047121400","tract",2023,"food_rnk",0.0891
"36047122000","tract",2023,"food_rnk",10.8777
"36047123700","tract",2023,"food_rnk",3.7565
"36047150200","tract",2023,"food_rnk",43.0052
"36047152200","tract",2023,"food_rnk",82.7044
"36047990100","tract",2023,"food_rnk",NA
"36049950101","tract",2023,"food_rnk",68.7869
"36049950200","tract",2023,"food_rnk",66.72
"36049950301","tract",2023,"food_rnk",56.6017
"36049950302","tract",2023,"food_rnk",44.3127
"36049950401","tract",2023,"food_rnk",71.3091
"36049950500","tract",2023,"food_rnk",48.9373
"36049950601","tract",2023,"food_rnk",23.224
"36049950700","tract",2023,"food_rnk",50.3986
"36049950800","tract",2023,"food_rnk",41.561
"36051030100","tract",2023,"food_rnk",71.336
"36051030201","tract",2023,"food_rnk",17.2346
"36051030203","tract",2023,"food_rnk",63.1429
"36051030204","tract",2023,"food_rnk",80.4544
"36051030300","tract",2023,"food_rnk",66.6736
"36051030400","tract",2023,"food_rnk",68.5183
"36051030500","tract",2023,"food_rnk",NA
"36051030600","tract",2023,"food_rnk",63.8657
"36051030701","tract",2023,"food_rnk",74.1964
"36051030702","tract",2023,"food_rnk",41.296
"36051030800","tract",2023,"food_rnk",68.5915
"36051030900","tract",2023,"food_rnk",18.9974
"36051031000","tract",2023,"food_rnk",NA
"36051031101","tract",2023,"food_rnk",49.7687
"36051031102","tract",2023,"food_rnk",59.5622
"36051031200","tract",2023,"food_rnk",47.0279
"36051031300","tract",2023,"food_rnk",55.8533
"36051031400","tract",2023,"food_rnk",35.0869
"36053030101","tract",2023,"food_rnk",14.0714
"36053030102","tract",2023,"food_rnk",33.7855
"36053030103","tract",2023,"food_rnk",66.0375
"36053030200","tract",2023,"food_rnk",58.6051
"36053030300","tract",2023,"food_rnk",38.167
"36053030401","tract",2023,"food_rnk",31.7137
"36053030402","tract",2023,"food_rnk",46.874
"36053030403","tract",2023,"food_rnk",50.4682
"36053030404","tract",2023,"food_rnk",58.0691
"36053030501","tract",2023,"food_rnk",59.4255
"36053030502","tract",2023,"food_rnk",96.1409
"36053030601","tract",2023,"food_rnk",52.2445
"36053030602","tract",2023,"food_rnk",66.6736
"36053030701","tract",2023,"food_rnk",NA
"36053030702","tract",2023,"food_rnk",65.3087
"36053030800","tract",2023,"food_rnk",42.1421
"36053030900","tract",2023,"food_rnk",NA
"36053031000","tract",2023,"food_rnk",33.0432
"36053031100","tract",2023,"food_rnk",32.0067
"36055000200","tract",2023,"food_rnk",2.7603
"36055000700","tract",2023,"food_rnk",0.1685
"36055001000","tract",2023,"food_rnk",48.8384
"36055001300","tract",2023,"food_rnk",1.0988
"36055001600","tract",2023,"food_rnk",0.5543
"36055001800","tract",2023,"food_rnk",19.2758
"36055001900","tract",2023,"food_rnk",3.5282
"36055002000","tract",2023,"food_rnk",17.7046
"36055002100","tract",2023,"food_rnk",3.3781
"36055002200","tract",2023,"food_rnk",0.2075
"36055002300","tract",2023,"food_rnk",0.3003
"36055002400","tract",2023,"food_rnk",1.7678
"36055002700","tract",2023,"food_rnk",1.0988
"36055002900","tract",2023,"food_rnk",60.7598
"36055003000","tract",2023,"food_rnk",3.0435
"36055003101","tract",2023,"food_rnk",87.9577
"36055003102","tract",2023,"food_rnk",49.5062
"36055003200","tract",2023,"food_rnk",3.6491
"36055003300","tract",2023,"food_rnk",2.7359
"36055003400","tract",2023,"food_rnk",33.9149
"36055003500","tract",2023,"food_rnk",84.062
"36055003600","tract",2023,"food_rnk",71.0185
"36055003700","tract",2023,"food_rnk",33.2532
"36055003806","tract",2023,"food_rnk",26.4458
"36055003807","tract",2023,"food_rnk",NA
"36055003900","tract",2023,"food_rnk",0.0867
"36055004000","tract",2023,"food_rnk",2.3489
"36055004100","tract",2023,"food_rnk",0.0269
"36055004602","tract",2023,"food_rnk",3.1107
"36055004701","tract",2023,"food_rnk",2.5186
"36055004702","tract",2023,"food_rnk",2.4319
"36055004800","tract",2023,"food_rnk",1.7629
"36055004900","tract",2023,"food_rnk",1.4162
"36055005000","tract",2023,"food_rnk",2.3843
"36055005100","tract",2023,"food_rnk",0.2051
"36055005200","tract",2023,"food_rnk",0.3687
"36055005400","tract",2023,"food_rnk",11.9337
"36055005500","tract",2023,"food_rnk",0.8375
"36055005600","tract",2023,"food_rnk",1.2428
"36055005700","tract",2023,"food_rnk",11.5174
"36055005800","tract",2023,"food_rnk",2.8934
"36055005900","tract",2023,"food_rnk",1.5004
"36055006000","tract",2023,"food_rnk",25.6254
"36055006100","tract",2023,"food_rnk",53.6131
"36055006200","tract",2023,"food_rnk",11.04
"36055006300","tract",2023,"food_rnk",5.7257
"36055006400","tract",2023,"food_rnk",2.9056
"36055006500","tract",2023,"food_rnk",0.0415
"36055006600","tract",2023,"food_rnk",2.7029
"36055006700","tract",2023,"food_rnk",9.2955
"36055006800","tract",2023,"food_rnk",41.7905
"36055006900","tract",2023,"food_rnk",2.2244
"36055007000","tract",2023,"food_rnk",42.479
"36055007100","tract",2023,"food_rnk",9.5299
"36055007500","tract",2023,"food_rnk",2.7347
"36055007600","tract",2023,"food_rnk",60.8282
"36055007700","tract",2023,"food_rnk",52.1261
"36055007801","tract",2023,"food_rnk",88.2702
"36055007802","tract",2023,"food_rnk",86.3327
"36055007900","tract",2023,"food_rnk",0.7227
"36055008000","tract",2023,"food_rnk",0.9083
"36055008100","tract",2023,"food_rnk",6.3227
"36055008200","tract",2023,"food_rnk",2.46
"36055008301","tract",2023,"food_rnk",11.1536
"36055008400","tract",2023,"food_rnk",0.7191
"36055008500","tract",2023,"food_rnk",10.5786
"36055008600","tract",2023,"food_rnk",36.5787
"36055008702","tract",2023,"food_rnk",0.5372
"36055008801","tract",2023,"food_rnk",4.0263
"36055009200","tract",2023,"food_rnk",0.8656
"36055009301","tract",2023,"food_rnk",0.4346
"36055009302","tract",2023,"food_rnk",45.0367
"36055009401","tract",2023,"food_rnk",3.0899
"36055009402","tract",2023,"food_rnk",53.2517
"36055009403","tract",2023,"food_rnk",NA
"36055009404","tract",2023,"food_rnk",59.5622
"36055009500","tract",2023,"food_rnk",11.25
"36055009601","tract",2023,"food_rnk",0.8973
"36055009602","tract",2023,"food_rnk",0.6849
"36055009605","tract",2023,"food_rnk",0.7117
"36055010100","tract",2023,"food_rnk",48.1669
"36055010200","tract",2023,"food_rnk",83.4406
"36055010300","tract",2023,"food_rnk",69.6781
"36055010400","tract",2023,"food_rnk",57.1633
"36055010500","tract",2023,"food_rnk",67.9054
"36055010601","tract",2023,"food_rnk",27.5836
"36055010602","tract",2023,"food_rnk",41.7905
"36055010700","tract",2023,"food_rnk",51.9478
"36055010800","tract",2023,"food_rnk",77.5659
"36055010901","tract",2023,"food_rnk",9.3882
"36055010902","tract",2023,"food_rnk",12.3549
"36055011000","tract",2023,"food_rnk",66.2145
"36055011100","tract",2023,"food_rnk",47.6358
"36055011201","tract",2023,"food_rnk",70.7793
"36055011203","tract",2023,"food_rnk",88.7964
"36055011205","tract",2023,"food_rnk",83.8801
"36055011207","tract",2023,"food_rnk",85.1424
"36055011209","tract",2023,"food_rnk",32.0873
"36055011210","tract",2023,"food_rnk",92.7629
"36055011302","tract",2023,"food_rnk",81.6166
"36055011303","tract",2023,"food_rnk",86.6343
"36055011304","tract",2023,"food_rnk",87.9308
"36055011401","tract",2023,"food_rnk",47.1609
"36055011402","tract",2023,"food_rnk",79.0236
"36055011403","tract",2023,"food_rnk",48.1303
"36055011503","tract",2023,"food_rnk",89.7035
"36055011504","tract",2023,"food_rnk",88.0858
"36055011505","tract",2023,"food_rnk",90.381
"36055011506","tract",2023,"food_rnk",83.4406
"36055011507","tract",2023,"food_rnk",94.8774
"36055011601","tract",2023,"food_rnk",67.8309
"36055011603","tract",2023,"food_rnk",7.9611
"36055011604","tract",2023,"food_rnk",53.5532
"36055011605","tract",2023,"food_rnk",78.8368
"36055011705","tract",2023,"food_rnk",95.3486
"36055011707","tract",2023,"food_rnk",88.5461
"36055011708","tract",2023,"food_rnk",91.1172
"36055011709","tract",2023,"food_rnk",91.8106
"36055011710","tract",2023,"food_rnk",87.3338
"36055011711","tract",2023,"food_rnk",70.3703
"36055011712","tract",2023,"food_rnk",95.7698
"36055011800","tract",2023,"food_rnk",48.6333
"36055011901","tract",2023,"food_rnk",72.0379
"36055011903","tract",2023,"food_rnk",94.6076
"36055011904","tract",2023,"food_rnk",91.9132
"36055012000","tract",2023,"food_rnk",22.7588
"36055012100","tract",2023,"food_rnk",35.4678
"36055012201","tract",2023,"food_rnk",NA
"36055012202","tract",2023,"food_rnk",77.5659
"36055012301","tract",2023,"food_rnk",98.8866
"36055012304","tract",2023,"food_rnk",82.2454
"36055012305","tract",2023,"food_rnk",97.3056
"36055012307","tract",2023,"food_rnk",98.0723
"36055012308","tract",2023,"food_rnk",96.0188
"36055012401","tract",2023,"food_rnk",79.1334
"36055012402","tract",2023,"food_rnk",71.6619
"36055012500","tract",2023,"food_rnk",97.9551
"36055012600","tract",2023,"food_rnk",80.0576
"36055012700","tract",2023,"food_rnk",74.5761
"36055012800","tract",2023,"food_rnk",86.1423
"36055012900","tract",2023,"food_rnk",96.357
"36055013003","tract",2023,"food_rnk",85.0936
"36055013004","tract",2023,"food_rnk",56.8849
"36055013005","tract",2023,"food_rnk",NA
"36055013006","tract",2023,"food_rnk",14.3046
"36055013101","tract",2023,"food_rnk",52.2018
"36055013103","tract",2023,"food_rnk",NA
"36055013104","tract",2023,"food_rnk",30.4306
"36055013203","tract",2023,"food_rnk",47.001
"36055013205","tract",2023,"food_rnk",58.9811
"36055013206","tract",2023,"food_rnk",55.5164
"36055013207","tract",2023,"food_rnk",82.9925
"36055013208","tract",2023,"food_rnk",81.6984
"36055013300","tract",2023,"food_rnk",69.4107
"36055013401","tract",2023,"food_rnk",31.2693
"36055013402","tract",2023,"food_rnk",73.8521
"36055013503","tract",2023,"food_rnk",74.1451
"36055013505","tract",2023,"food_rnk",43.6046
"36055013507","tract",2023,"food_rnk",73.7923
"36055013508","tract",2023,"food_rnk",84.2756
"36055013509","tract",2023,"food_rnk",47.5089
"36055013510","tract",2023,"food_rnk",62.0283
"36055013511","tract",2023,"food_rnk",63.8876
"36055013601","tract",2023,"food_rnk",49.0105
"36055013603","tract",2023,"food_rnk",84.1267
"36055013604","tract",2023,"food_rnk",17.8572
"36055013701","tract",2023,"food_rnk",32.1532
"36055013702","tract",2023,"food_rnk",35.0356
"36055013800","tract",2023,"food_rnk",33.2678
"36055013901","tract",2023,"food_rnk",19.7507
"36055013902","tract",2023,"food_rnk",5.2606
"36055014001","tract",2023,"food_rnk",38.6248
"36055014003","tract",2023,"food_rnk",24.1836
"36055014004","tract",2023,"food_rnk",13.5843
"36055014102","tract",2023,"food_rnk",55.5664
"36055014103","tract",2023,"food_rnk",34.2005
"36055014104","tract",2023,"food_rnk",59.102
"36055014202","tract",2023,"food_rnk",68.1435
"36055014204","tract",2023,"food_rnk",77.3437
"36055014205","tract",2023,"food_rnk",71.0747
"36055014206","tract",2023,"food_rnk",63.3541
"36055014301","tract",2023,"food_rnk",42.4607
"36055014302","tract",2023,"food_rnk",43.5583
"36055014400","tract",2023,"food_rnk",26.3811
"36055014501","tract",2023,"food_rnk",56.5016
"36055014503","tract",2023,"food_rnk",56.775
"36055014504","tract",2023,"food_rnk",96.1617
"36055014505","tract",2023,"food_rnk",55.2673
"36055014601","tract",2023,"food_rnk",74.675
"36055014602","tract",2023,"food_rnk",25.3861
"36055014700","tract",2023,"food_rnk",63.3199
"36055014802","tract",2023,"food_rnk",95.0568
"36055014803","tract",2023,"food_rnk",43.4728
"36055014805","tract",2023,"food_rnk",22.3328
"36055014806","tract",2023,"food_rnk",67.7699
"36055014901","tract",2023,"food_rnk",58.2132
"36055014903","tract",2023,"food_rnk",85.5782
"36055014905","tract",2023,"food_rnk",65.9106
"36055014906","tract",2023,"food_rnk",59.633
"36055015000","tract",2023,"food_rnk",42.3887
"36055015101","tract",2023,"food_rnk",47.2354
"36055015102","tract",2023,"food_rnk",42.5779
"36055015200","tract",2023,"food_rnk",60.6219
"36055015301","tract",2023,"food_rnk",NA
"36055015303","tract",2023,"food_rnk",52.8549
"36055015304","tract",2023,"food_rnk",36.0049
"36055015400","tract",2023,"food_rnk",70.087
"36055980000","tract",2023,"food_rnk",NA
"36055980100","tract",2023,"food_rnk",NA
"36055980200","tract",2023,"food_rnk",NA
"36055990000","tract",2023,"food_rnk",NA
"36057070200","tract",2023,"food_rnk",20.3135
"36057070300","tract",2023,"food_rnk",6.3374
"36057070400","tract",2023,"food_rnk",11.355
"36057070500","tract",2023,"food_rnk",70.2006
"36057070600","tract",2023,"food_rnk",6.5974
"36057070700","tract",2023,"food_rnk",54.3981
"36057070800","tract",2023,"food_rnk",11.8922
"36057070900","tract",2023,"food_rnk",10.7714
"36057072100","tract",2023,"food_rnk",55.0085
"36057072200","tract",2023,"food_rnk",88.4301
"36057072300","tract",2023,"food_rnk",53.5838
"36057072400","tract",2023,"food_rnk",15.6536
"36057072500","tract",2023,"food_rnk",31.334
"36057072600","tract",2023,"food_rnk",61.8354
"36057072700","tract",2023,"food_rnk",71.9635
"36057072800","tract",2023,"food_rnk",74.5956
"36059300100","tract",2023,"food_rnk",98.9293
"36059300300","tract",2023,"food_rnk",40.4891
"36059300400","tract",2023,"food_rnk",79.9319
"36059300500","tract",2023,"food_rnk",67.7699
"36059300600","tract",2023,"food_rnk",81.5934
"36059300700","tract",2023,"food_rnk",55.6897
"36059300800","tract",2023,"food_rnk",67.5697
"36059300901","tract",2023,"food_rnk",83.6066
"36059300902","tract",2023,"food_rnk",97.5144
"36059301000","tract",2023,"food_rnk",95.9395
"36059301101","tract",2023,"food_rnk",86.8906
"36059301102","tract",2023,"food_rnk",97.49
"36059301200","tract",2023,"food_rnk",93.9178
"36059301300","tract",2023,"food_rnk",65.7091
"36059301400","tract",2023,"food_rnk",91.4688
"36059301500","tract",2023,"food_rnk",92.6091
"36059301600","tract",2023,"food_rnk",97.319
"36059301700","tract",2023,"food_rnk",88.1969
"36059301800","tract",2023,"food_rnk",45.1991
"36059301900","tract",2023,"food_rnk",72.088
"36059302000","tract",2023,"food_rnk",86.8662
"36059302101","tract",2023,"food_rnk",94.0924
"36059302102","tract",2023,"food_rnk",98.1956
"36059302200","tract",2023,"food_rnk",88.4704
"36059302300","tract",2023,"food_rnk",70.529
"36059302400","tract",2023,"food_rnk",84.2365
"36059302501","tract",2023,"food_rnk",75.8164
"36059302502","tract",2023,"food_rnk",94.7809
"36059302600","tract",2023,"food_rnk",67.7699
"36059302700","tract",2023,"food_rnk",94.9933
"36059302800","tract",2023,"food_rnk",67.9274
"36059302900","tract",2023,"food_rnk",89.6778
"36059303000","tract",2023,"food_rnk",58.8065
"36059303101","tract",2023,"food_rnk",85.0118
"36059303102","tract",2023,"food_rnk",63.4909
"36059303203","tract",2023,"food_rnk",78.8783
"36059303204","tract",2023,"food_rnk",76.5135
"36059303301","tract",2023,"food_rnk",88.8159
"36059303302","tract",2023,"food_rnk",91.5848
"36059303400","tract",2023,"food_rnk",81.1466
"36059303500","tract",2023,"food_rnk",90.6166
"36059303600","tract",2023,"food_rnk",61.7231
"36059303700","tract",2023,"food_rnk",88.7329
"36059303800","tract",2023,"food_rnk",93.4368
"36059303900","tract",2023,"food_rnk",50.1496
"36059304001","tract",2023,"food_rnk",54.3431
"36059304002","tract",2023,"food_rnk",80.6241
"36059304100","tract",2023,"food_rnk",72.7985
"36059304202","tract",2023,"food_rnk",39.9934
"36059304203","tract",2023,"food_rnk",35.2614
"36059304204","tract",2023,"food_rnk",36.3932
"36059404300","tract",2023,"food_rnk",86.2412
"36059404400","tract",2023,"food_rnk",76.0716
"36059404500","tract",2023,"food_rnk",60.9747
"36059404600","tract",2023,"food_rnk",86.4353
"36059404700","tract",2023,"food_rnk",84.2756
"36059404800","tract",2023,"food_rnk",49.5831
"36059404901","tract",2023,"food_rnk",49.5831
"36059404902","tract",2023,"food_rnk",56.6444
"36059405000","tract",2023,"food_rnk",59.9333
"36059405100","tract",2023,"food_rnk",88.109
"36059405200","tract",2023,"food_rnk",58.4256
"36059405301","tract",2023,"food_rnk",49.0325
"36059405302","tract",2023,"food_rnk",69.5914
"36059405400","tract",2023,"food_rnk",71.3091
"36059405500","tract",2023,"food_rnk",84.0376
"36059405600","tract",2023,"food_rnk",63.4689
"36059405700","tract",2023,"food_rnk",69.6536
"36059405800","tract",2023,"food_rnk",80.7755
"36059405900","tract",2023,"food_rnk",81.8181
"36059406001","tract",2023,"food_rnk",91.0793
"36059406002","tract",2023,"food_rnk",65.957
"36059406100","tract",2023,"food_rnk",81.5007
"36059406201","tract",2023,"food_rnk",38.6505
"36059406202","tract",2023,"food_rnk",59.102
"36059406300","tract",2023,"food_rnk",88.7329
"36059406400","tract",2023,"food_rnk",99.1918
"36059406501","tract",2023,"food_rnk",92.9436
"36059406600","tract",2023,"food_rnk",89.0039
"36059406701","tract",2023,"food_rnk",34.0089
"36059406702","tract",2023,"food_rnk",3.2523
"36059406801","tract",2023,"food_rnk",11.4075
"36059406802","tract",2023,"food_rnk",44.6399
"36059406900","tract",2023,"food_rnk",55.7862
"36059407000","tract",2023,"food_rnk",17.8682
"36059407101","tract",2023,"food_rnk",25.6608
"36059407102","tract",2023,"food_rnk",46.5163
"36059407201","tract",2023,"food_rnk",21.2572
"36059407203","tract",2023,"food_rnk",28.4528
"36059407204","tract",2023,"food_rnk",51.7159
"36059407301","tract",2023,"food_rnk",NA
"36059407302","tract",2023,"food_rnk",57.4831
"36059407401","tract",2023,"food_rnk",51.0212
"36059407402","tract",2023,"food_rnk",41.4633
"36059407501","tract",2023,"food_rnk",60.0322
"36059407502","tract",2023,"food_rnk",48.1474
"36059407600","tract",2023,"food_rnk",91.2905
"36059407700","tract",2023,"food_rnk",67.6576
"36059407801","tract",2023,"food_rnk",85.201
"36059407802","tract",2023,"food_rnk",NA
"36059407900","tract",2023,"food_rnk",70.087
"36059408000","tract",2023,"food_rnk",82.1929
"36059408100","tract",2023,"food_rnk",60.4205
"36059408200","tract",2023,"food_rnk",57.969
"36059408300","tract",2023,"food_rnk",83.4735
"36059408400","tract",2023,"food_rnk",88.5192
"36059408500","tract",2023,"food_rnk",90.9853
"36059408600","tract",2023,"food_rnk",37.4235
"36059408700","tract",2023,"food_rnk",89.3262
"36059408800","tract",2023,"food_rnk",46.8899
"36059408900","tract",2023,"food_rnk",72.2943
"36059409000","tract",2023,"food_rnk",80.7047
"36059409100","tract",2023,"food_rnk",86.7197
"36059409200","tract",2023,"food_rnk",80.1907
"36059409300","tract",2023,"food_rnk",90.635
"36059409400","tract",2023,"food_rnk",90.5129
"36059409500","tract",2023,"food_rnk",85.4525
"36059409600","tract",2023,"food_rnk",88.949
"36059409700","tract",2023,"food_rnk",92.2892
"36059409800","tract",2023,"food_rnk",72.3517
"36059409900","tract",2023,"food_rnk",76.2938
"36059410000","tract",2023,"food_rnk",83.6066
"36059410100","tract",2023,"food_rnk",50.8576
"36059410200","tract",2023,"food_rnk",91.5567
"36059410300","tract",2023,"food_rnk",59.3803
"36059410400","tract",2023,"food_rnk",68.5683
"36059410500","tract",2023,"food_rnk",32.8857
"36059410600","tract",2023,"food_rnk",83.4406
"36059410700","tract",2023,"food_rnk",96.1873
"36059410800","tract",2023,"food_rnk",85.3145
"36059410900","tract",2023,"food_rnk",74.9887
"36059411000","tract",2023,"food_rnk",50.9516
"36059411100","tract",2023,"food_rnk",26.8035
"36059411200","tract",2023,"food_rnk",83.3905
"36059411301","tract",2023,"food_rnk",86.2204
"36059411302","tract",2023,"food_rnk",95.1313
"36059411400","tract",2023,"food_rnk",94.2828
"36059411500","tract",2023,"food_rnk",94.5844
"36059411600","tract",2023,"food_rnk",83.7824
"36059411700","tract",2023,"food_rnk",69.1238
"36059411800","tract",2023,"food_rnk",83.0218
"36059411901","tract",2023,"food_rnk",41.7636
"36059411902","tract",2023,"food_rnk",62.2078
"36059412000","tract",2023,"food_rnk",66.0375
"36059412100","tract",2023,"food_rnk",86.2412
"36059412200","tract",2023,"food_rnk",75.9886
"36059412301","tract",2023,"food_rnk",76.9225
"36059412302","tract",2023,"food_rnk",80.8402
"36059412400","tract",2023,"food_rnk",67.7699
"36059412500","tract",2023,"food_rnk",96.5987
"36059412600","tract",2023,"food_rnk",90.1478
"36059412700","tract",2023,"food_rnk",89.9488
"36059412800","tract",2023,"food_rnk",83.1805
"36059412900","tract",2023,"food_rnk",56.6749
"36059413001","tract",2023,"food_rnk",78.7391
"36059413002","tract",2023,"food_rnk",98.043
"36059413100","tract",2023,"food_rnk",85.8334
"36059413200","tract",2023,"food_rnk",84.9654
"36059413300","tract",2023,"food_rnk",92.3515
"36059413400","tract",2023,"food_rnk",85.201
"36059413500","tract",2023,"food_rnk",55.0329
"36059413600","tract",2023,"food_rnk",78.7721
"36059413700","tract",2023,"food_rnk",77.5659
"36059413803","tract",2023,"food_rnk",83.9924
"36059413804","tract",2023,"food_rnk",52.0858
"36059413900","tract",2023,"food_rnk",56.9008
"36059414001","tract",2023,"food_rnk",44.6167
"36059414002","tract",2023,"food_rnk",36.9108
"36059414100","tract",2023,"food_rnk",64.4504
"36059414201","tract",2023,"food_rnk",38.5748
"36059414202","tract",2023,"food_rnk",30.1034
"36059414301","tract",2023,"food_rnk",69.8258
"36059414303","tract",2023,"food_rnk",75.1792
"36059414304","tract",2023,"food_rnk",58.4256
"36059414400","tract",2023,"food_rnk",16.3641
"36059414501","tract",2023,"food_rnk",79.9966
"36059414502","tract",2023,"food_rnk",57.3952
"36059414600","tract",2023,"food_rnk",79.3947
"36059414700","tract",2023,"food_rnk",82.5994
"36059414800","tract",2023,"food_rnk",87.2703
"36059414900","tract",2023,"food_rnk",91.1733
"36059415000","tract",2023,"food_rnk",95.6709
"36059415101","tract",2023,"food_rnk",78.8075
"36059415102","tract",2023,"food_rnk",89.48
"36059415201","tract",2023,"food_rnk",85.5319
"36059415202","tract",2023,"food_rnk",94.4025
"36059415300","tract",2023,"food_rnk",86.843
"36059415401","tract",2023,"food_rnk",76.6185
"36059415402","tract",2023,"food_rnk",97.833
"36059415500","tract",2023,"food_rnk",85.61
"36059415600","tract",2023,"food_rnk",93.2585
"36059415700","tract",2023,"food_rnk",85.3353
"36059415802","tract",2023,"food_rnk",88.3557
"36059416000","tract",2023,"food_rnk",87.4547
"36059416100","tract",2023,"food_rnk",93.4148
"36059416201","tract",2023,"food_rnk",70.6071
"36059416202","tract",2023,"food_rnk",50.9284
"36059416300","tract",2023,"food_rnk",60.1067
"36059416401","tract",2023,"food_rnk",90.2675
"36059416402","tract",2023,"food_rnk",67.1131
"36059416500","tract",2023,"food_rnk",53.3433
"36059416600","tract",2023,"food_rnk",83.0413
"36059416701","tract",2023,"food_rnk",65.0267
"36059416702","tract",2023,"food_rnk",58.5794
"36059416801","tract",2023,"food_rnk",82.901
"36059416802","tract",2023,"food_rnk",84.3928
"36059416900","tract",2023,"food_rnk",90.1674
"36059517000","tract",2023,"food_rnk",91.8106
"36059517101","tract",2023,"food_rnk",60.7098
"36059517102","tract",2023,"food_rnk",85.3145
"36059517201","tract",2023,"food_rnk",28.3283
"36059517202","tract",2023,"food_rnk",43.9501
"36059517301","tract",2023,"food_rnk",74.3136
"36059517302","tract",2023,"food_rnk",66.8433
"36059517400","tract",2023,"food_rnk",94.9518
"36059517500","tract",2023,"food_rnk",83.9228
"36059517600","tract",2023,"food_rnk",73.1575
"36059517701","tract",2023,"food_rnk",95.08
"36059517705","tract",2023,"food_rnk",95.2461
"36059517801","tract",2023,"food_rnk",91.3614
"36059517802","tract",2023,"food_rnk",85.7919
"36059517901","tract",2023,"food_rnk",79.7463
"36059517902","tract",2023,"food_rnk",93.8983
"36059518000","tract",2023,"food_rnk",84.062
"36059518100","tract",2023,"food_rnk",83.5285
"36059518201","tract",2023,"food_rnk",72.3517
"36059518203","tract",2023,"food_rnk",91.271
"36059518204","tract",2023,"food_rnk",92.4235
"36059518300","tract",2023,"food_rnk",75.0058
"36059518400","tract",2023,"food_rnk",79.3642
"36059518501","tract",2023,"food_rnk",98.4068
"36059518502","tract",2023,"food_rnk",62.6912
"36059518600","tract",2023,"food_rnk",78.0945
"36059518700","tract",2023,"food_rnk",86.8162
"36059518800","tract",2023,"food_rnk",90.1478
"36059518900","tract",2023,"food_rnk",70.1115
"36059519000","tract",2023,"food_rnk",46.2026
"36059519100","tract",2023,"food_rnk",86.9383
"36059519200","tract",2023,"food_rnk",80.3714
"36059519300","tract",2023,"food_rnk",74.4491
"36059519400","tract",2023,"food_rnk",87.1055
"36059519500","tract",2023,"food_rnk",78.6329
"36059519601","tract",2023,"food_rnk",81.7644
"36059519602","tract",2023,"food_rnk",60.8758
"36059519702","tract",2023,"food_rnk",95.7698
"36059519703","tract",2023,"food_rnk",81.1112
"36059519704","tract",2023,"food_rnk",81.7314
"36059519801","tract",2023,"food_rnk",63.9096
"36059519802","tract",2023,"food_rnk",86.5842
"36059519900","tract",2023,"food_rnk",76.0716
"36059520001","tract",2023,"food_rnk",79.192
"36059520002","tract",2023,"food_rnk",80.6522
"36059520100","tract",2023,"food_rnk",84.2915
"36059520200","tract",2023,"food_rnk",95.3095
"36059520300","tract",2023,"food_rnk",69.8832
"36059520401","tract",2023,"food_rnk",89.607
"36059520402","tract",2023,"food_rnk",85.1131
"36059520501","tract",2023,"food_rnk",43.5863
"36059520502","tract",2023,"food_rnk",81.79
"36059520600","tract",2023,"food_rnk",73.7447
"36059520700","tract",2023,"food_rnk",76.649
"36059520800","tract",2023,"food_rnk",87.9015
"36059520900","tract",2023,"food_rnk",76.5721
"36059521000","tract",2023,"food_rnk",90.9853
"36059521100","tract",2023,"food_rnk",88.6133
"36059521200","tract",2023,"food_rnk",61.7512
"36059521301","tract",2023,"food_rnk",82.9925
"36059521302","tract",2023,"food_rnk",96.2899
"36059521400","tract",2023,"food_rnk",94.0069
"36059521500","tract",2023,"food_rnk",85.9555
"36059521601","tract",2023,"food_rnk",87.5353
"36059521602","tract",2023,"food_rnk",78.368
"36059521700","tract",2023,"food_rnk",90.8645
"36059521801","tract",2023,"food_rnk",94.6259
"36059521802","tract",2023,"food_rnk",67.306
"36059521902","tract",2023,"food_rnk",90.2992
"36059522000","tract",2023,"food_rnk",80.9452
"36059522700","tract",2023,"food_rnk",95.2961
"36059980100","tract",2023,"food_rnk",NA
"36059981100","tract",2023,"food_rnk",NA
"36059982100","tract",2023,"food_rnk",NA
"36059990100","tract",2023,"food_rnk",NA
"36059990200","tract",2023,"food_rnk",NA
"36059990301","tract",2023,"food_rnk",NA
"36059990302","tract",2023,"food_rnk",NA
"36059990400","tract",2023,"food_rnk",NA
"36061000100","tract",2023,"food_rnk",NA
"36061000201","tract",2023,"food_rnk",0.0781
"36061000202","tract",2023,"food_rnk",4.312
"36061000500","tract",2023,"food_rnk",NA
"36061000600","tract",2023,"food_rnk",7.1785
"36061000700","tract",2023,"food_rnk",67.2889
"36061000800","tract",2023,"food_rnk",9.5482
"36061000900","tract",2023,"food_rnk",68.6526
"36061001001","tract",2023,"food_rnk",58.5318
"36061001002","tract",2023,"food_rnk",1.0914
"36061001200","tract",2023,"food_rnk",33.6341
"36061001300","tract",2023,"food_rnk",80.8023
"36061001401","tract",2023,"food_rnk",66.6919
"36061001402","tract",2023,"food_rnk",15.7586
"36061001501","tract",2023,"food_rnk",75.9361
"36061001502","tract",2023,"food_rnk",68.4389
"36061001600","tract",2023,"food_rnk",26.4665
"36061001800","tract",2023,"food_rnk",11.012
"36061002000","tract",2023,"food_rnk",1.8776
"36061002100","tract",2023,"food_rnk",88.5644
"36061002201","tract",2023,"food_rnk",10.0414
"36061002202","tract",2023,"food_rnk",15.2214
"36061002400","tract",2023,"food_rnk",0.1392
"36061002500","tract",2023,"food_rnk",0.2661
"36061002601","tract",2023,"food_rnk",3.1302
"36061002602","tract",2023,"food_rnk",21.7199
"36061002700","tract",2023,"food_rnk",10.0914
"36061002800","tract",2023,"food_rnk",22.721
"36061002901","tract",2023,"food_rnk",NA
"36061002902","tract",2023,"food_rnk",22.2681
"36061003001","tract",2023,"food_rnk",17.4995
"36061003002","tract",2023,"food_rnk",2.8873
"36061003100","tract",2023,"food_rnk",NA
"36061003200","tract",2023,"food_rnk",84.3562
"36061003300","tract",2023,"food_rnk",86.3327
"36061003400","tract",2023,"food_rnk",27.0183
"36061003601","tract",2023,"food_rnk",1.9924
"36061003602","tract",2023,"food_rnk",41.8479
"36061003700","tract",2023,"food_rnk",58.2132
"36061003800","tract",2023,"food_rnk",63.6813
"36061003900","tract",2023,"food_rnk",64.4065
"36061004001","tract",2023,"food_rnk",71.5093
"36061004002","tract",2023,"food_rnk",58.3817
"36061004100","tract",2023,"food_rnk",41.8076
"36061004200","tract",2023,"food_rnk",NA
"36061004300","tract",2023,"food_rnk",20.6749
"36061004400","tract",2023,"food_rnk",85.7663
"36061004500","tract",2023,"food_rnk",50.257
"36061004700","tract",2023,"food_rnk",72.8864
"36061004800","tract",2023,"food_rnk",87.5353
"36061004900","tract",2023,"food_rnk",74.1964
"36061005000","tract",2023,"food_rnk",74.0938
"36061005200","tract",2023,"food_rnk",69.5914
"36061005400","tract",2023,"food_rnk",85.1424
"36061005501","tract",2023,"food_rnk",65.1463
"36061005502","tract",2023,"food_rnk",63.5238
"36061005600","tract",2023,"food_rnk",57.5686
"36061005700","tract",2023,"food_rnk",79.8696
"36061005800","tract",2023,"food_rnk",22.1826
"36061005900","tract",2023,"food_rnk",80.994
"36061006000","tract",2023,"food_rnk",76.3304
"36061006100","tract",2023,"food_rnk",82.9425
"36061006200","tract",2023,"food_rnk",76.2633
"36061006300","tract",2023,"food_rnk",83.9497
"36061006400","tract",2023,"food_rnk",39.8848
"36061006500","tract",2023,"food_rnk",72.8352
"36061006600","tract",2023,"food_rnk",82.1355
"36061006700","tract",2023,"food_rnk",73.5078
"36061006800","tract",2023,"food_rnk",83.7262
"36061006900","tract",2023,"food_rnk",68.9041
"36061007001","tract",2023,"food_rnk",81.6166
"36061007002","tract",2023,"food_rnk",56.2537
"36061007100","tract",2023,"food_rnk",80.4544
"36061007200","tract",2023,"food_rnk",88.7512
"36061007300","tract",2023,"food_rnk",68.8174
"36061007400","tract",2023,"food_rnk",35.5105
"36061007500","tract",2023,"food_rnk",85.5319
"36061007600","tract",2023,"food_rnk",67.2889
"36061007700","tract",2023,"food_rnk",81.9499
"36061007800","tract",2023,"food_rnk",70.3044
"36061007900","tract",2023,"food_rnk",74.2574
"36061008000","tract",2023,"food_rnk",78.4681
"36061008100","tract",2023,"food_rnk",84.6406
"36061008200","tract",2023,"food_rnk",26.9585
"36061008300","tract",2023,"food_rnk",10.2453
"36061008400","tract",2023,"food_rnk",68.34
"36061008601","tract",2023,"food_rnk",72.1539
"36061008602","tract",2023,"food_rnk",NA
"36061008603","tract",2023,"food_rnk",87.9906
"36061008700","tract",2023,"food_rnk",78.6329
"36061008800","tract",2023,"food_rnk",63.4262
"36061008900","tract",2023,"food_rnk",61.3849
"36061009000","tract",2023,"food_rnk",74.7201
"36061009100","tract",2023,"food_rnk",34.7817
"36061009200","tract",2023,"food_rnk",67.5123
"36061009300","tract",2023,"food_rnk",38.7152
"36061009400","tract",2023,"food_rnk",NA
"36061009500","tract",2023,"food_rnk",NA
"36061009600","tract",2023,"food_rnk",NA
"36061009700","tract",2023,"food_rnk",19.5712
"36061009800","tract",2023,"food_rnk",83.9728
"36061009901","tract",2023,"food_rnk",56.3636
"36061009902","tract",2023,"food_rnk",47.7604
"36061009903","tract",2023,"food_rnk",28.5761
"36061010000","tract",2023,"food_rnk",46.8509
"36061010100","tract",2023,"food_rnk",50.7148
"36061010200","tract",2023,"food_rnk",60.0811
"36061010300","tract",2023,"food_rnk",34.4545
"36061010400","tract",2023,"food_rnk",69.4669
"36061010601","tract",2023,"food_rnk",92.6261
"36061010602","tract",2023,"food_rnk",84.3391
"36061010801","tract",2023,"food_rnk",48.2927
"36061010802","tract",2023,"food_rnk",63.0282
"36061010803","tract",2023,"food_rnk",75.3977
"36061010900","tract",2023,"food_rnk",NA
"36061011000","tract",2023,"food_rnk",63.2552
"36061011100","tract",2023,"food_rnk",42.8612
"36061011201","tract",2023,"food_rnk",43.9672
"36061011202","tract",2023,"food_rnk",38.3453
"36061011203","tract",2023,"food_rnk",66.3977
"36061011300","tract",2023,"food_rnk",NA
"36061011401","tract",2023,"food_rnk",75.3721
"36061011402","tract",2023,"food_rnk",72.7399
"36061011500","tract",2023,"food_rnk",36.2454
"36061011600","tract",2023,"food_rnk",70.6767
"36061011700","tract",2023,"food_rnk",48.1669
"36061011800","tract",2023,"food_rnk",83.631
"36061011900","tract",2023,"food_rnk",0.221
"36061012000","tract",2023,"food_rnk",74.2574
"36061012101","tract",2023,"food_rnk",60.9747
"36061012102","tract",2023,"food_rnk",14.3973
"36061012200","tract",2023,"food_rnk",83.1146
"36061012400","tract",2023,"food_rnk",91.1733
"36061012500","tract",2023,"food_rnk",49.0545
"36061012601","tract",2023,"food_rnk",50.3595
"36061012602","tract",2023,"food_rnk",74.0609
"36061012700","tract",2023,"food_rnk",73.1025
"36061012800","tract",2023,"food_rnk",89.8683
"36061012901","tract",2023,"food_rnk",32.9382
"36061012902","tract",2023,"food_rnk",70.0651
"36061013000","tract",2023,"food_rnk",60.2434
"36061013100","tract",2023,"food_rnk",22.511
"36061013201","tract",2023,"food_rnk",66.0375
"36061013202","tract",2023,"food_rnk",64.5176
"36061013203","tract",2023,"food_rnk",47.0865
"36061013300","tract",2023,"food_rnk",56.9313
"36061013400","tract",2023,"food_rnk",93.753
"36061013501","tract",2023,"food_rnk",22.8113
"36061013502","tract",2023,"food_rnk",18.4176
"36061013601","tract",2023,"food_rnk",85.2926
"36061013602","tract",2023,"food_rnk",83.8288
"36061013603","tract",2023,"food_rnk",54.2613
"36061013604","tract",2023,"food_rnk",24.2007
"36061013700","tract",2023,"food_rnk",84.4624
"36061013800","tract",2023,"food_rnk",98.6607
"36061013900","tract",2023,"food_rnk",80.1736
"36061014000","tract",2023,"food_rnk",82.5249
"36061014200","tract",2023,"food_rnk",87.2471
"36061014300","tract",2023,"food_rnk",NA
"36061014401","tract",2023,"food_rnk",70.2006
"36061014402","tract",2023,"food_rnk",88.8574
"36061014500","tract",2023,"food_rnk",86.7625
"36061014601","tract",2023,"food_rnk",59.0189
"36061014602","tract",2023,"food_rnk",43.5717
"36061014700","tract",2023,"food_rnk",41.506
"36061014801","tract",2023,"food_rnk",57.969
"36061014802","tract",2023,"food_rnk",72.6288
"36061014900","tract",2023,"food_rnk",84.8677
"36061015001","tract",2023,"food_rnk",77.0275
"36061015002","tract",2023,"food_rnk",72.2003
"36061015101","tract",2023,"food_rnk",1.4772
"36061015102","tract",2023,"food_rnk",36.2113
"36061015200","tract",2023,"food_rnk",29.0584
"36061015301","tract",2023,"food_rnk",81.6777
"36061015302","tract",2023,"food_rnk",54.6691
"36061015401","tract",2023,"food_rnk",61.5912
"36061015402","tract",2023,"food_rnk",81.2211
"36061015403","tract",2023,"food_rnk",64.9913
"36061015501","tract",2023,"food_rnk",95.4548
"36061015502","tract",2023,"food_rnk",85.7919
"36061015601","tract",2023,"food_rnk",47.8825
"36061015602","tract",2023,"food_rnk",24.7183
"36061015700","tract",2023,"food_rnk",93.775
"36061015801","tract",2023,"food_rnk",71.3091
"36061015802","tract",2023,"food_rnk",68.2936
"36061015900","tract",2023,"food_rnk",79.9697
"36061016001","tract",2023,"food_rnk",81.7314
"36061016002","tract",2023,"food_rnk",76.1461
"36061016100","tract",2023,"food_rnk",81.5263
"36061016200","tract",2023,"food_rnk",6.07
"36061016300","tract",2023,"food_rnk",78.158
"36061016400","tract",2023,"food_rnk",7.336
"36061016500","tract",2023,"food_rnk",76.0154
"36061016600","tract",2023,"food_rnk",14.2191
"36061016700","tract",2023,"food_rnk",89.9952
"36061016800","tract",2023,"food_rnk",3.118
"36061016900","tract",2023,"food_rnk",86.5232
"36061017000","tract",2023,"food_rnk",15.6328
"36061017100","tract",2023,"food_rnk",86.7625
"36061017200","tract",2023,"food_rnk",2.8519
"36061017300","tract",2023,"food_rnk",93.8262
"36061017401","tract",2023,"food_rnk",1.9424
"36061017402","tract",2023,"food_rnk",12.3549
"36061017500","tract",2023,"food_rnk",96.042
"36061017700","tract",2023,"food_rnk",81.0782
"36061017800","tract",2023,"food_rnk",10.7959
"36061017900","tract",2023,"food_rnk",84.1926
"36061018000","tract",2023,"food_rnk",2.9105
"36061018100","tract",2023,"food_rnk",87.5523
"36061018200","tract",2023,"food_rnk",11.294
"36061018300","tract",2023,"food_rnk",37.8203
"36061018400","tract",2023,"food_rnk",4.6184
"36061018500","tract",2023,"food_rnk",81.2638
"36061018600","tract",2023,"food_rnk",20.0925
"36061018700","tract",2023,"food_rnk",83.8801
"36061018800","tract",2023,"food_rnk",2.2146
"36061018900","tract",2023,"food_rnk",5.9247
"36061019000","tract",2023,"food_rnk",27.2882
"36061019100","tract",2023,"food_rnk",79.7463
"36061019200","tract",2023,"food_rnk",2.3025
"36061019300","tract",2023,"food_rnk",12.6735
"36061019400","tract",2023,"food_rnk",2.6663
"36061019500","tract",2023,"food_rnk",47.6578
"36061019600","tract",2023,"food_rnk",4.8833
"36061019701","tract",2023,"food_rnk",38.167
"36061019702","tract",2023,"food_rnk",42.3179
"36061019800","tract",2023,"food_rnk",39.1132
"36061019900","tract",2023,"food_rnk",81.4213
"36061020000","tract",2023,"food_rnk",14.2313
"36061020101","tract",2023,"food_rnk",NA
"36061020102","tract",2023,"food_rnk",13.826
"36061020300","tract",2023,"food_rnk",NA
"36061020500","tract",2023,"food_rnk",NA
"36061020600","tract",2023,"food_rnk",31.7479
"36061020701","tract",2023,"food_rnk",33.5718
"36061020800","tract",2023,"food_rnk",56.0499
"36061020901","tract",2023,"food_rnk",7.5374
"36061021000","tract",2023,"food_rnk",13.1594
"36061021100","tract",2023,"food_rnk",44.0209
"36061021200","tract",2023,"food_rnk",16.3641
"36061021303","tract",2023,"food_rnk",40.2364
"36061021400","tract",2023,"food_rnk",8.917
"36061021500","tract",2023,"food_rnk",10.382
"36061021600","tract",2023,"food_rnk",37.4687
"36061021703","tract",2023,"food_rnk",NA
"36061021800","tract",2023,"food_rnk",40.8504
"36061021900","tract",2023,"food_rnk",1.8032
"36061022000","tract",2023,"food_rnk",38.8934
"36061022102","tract",2023,"food_rnk",16.2554
"36061022200","tract",2023,"food_rnk",13.5427
"36061022301","tract",2023,"food_rnk",2.123
"36061022302","tract",2023,"food_rnk",3.9421
"36061022400","tract",2023,"food_rnk",12.3634
"36061022500","tract",2023,"food_rnk",25.4032
"36061022600","tract",2023,"food_rnk",18.6239
"36061022700","tract",2023,"food_rnk",7.2933
"36061022800","tract",2023,"food_rnk",36.2113
"36061022900","tract",2023,"food_rnk",9.9913
"36061023000","tract",2023,"food_rnk",10.0292
"36061023100","tract",2023,"food_rnk",15.0273
"36061023200","tract",2023,"food_rnk",1.1647
"36061023300","tract",2023,"food_rnk",12.0997
"36061023400","tract",2023,"food_rnk",8.9475
"36061023501","tract",2023,"food_rnk",14.849
"36061023502","tract",2023,"food_rnk",14.9186
"36061023600","tract",2023,"food_rnk",5.1007
"36061023700","tract",2023,"food_rnk",8.5349
"36061023802","tract",2023,"food_rnk",74.4735
"36061023803","tract",2023,"food_rnk",24.4619
"36061023804","tract",2023,"food_rnk",29.5491
"36061023900","tract",2023,"food_rnk",4.6636
"36061024000","tract",2023,"food_rnk",NA
"36061024100","tract",2023,"food_rnk",5.4694
"36061024200","tract",2023,"food_rnk",11.4942
"36061024301","tract",2023,"food_rnk",10.5383
"36061024302","tract",2023,"food_rnk",2.2451
"36061024500","tract",2023,"food_rnk",13.6978
"36061024700","tract",2023,"food_rnk",2.4478
"36061024900","tract",2023,"food_rnk",7.0674
"36061025100","tract",2023,"food_rnk",1.4894
"36061025300","tract",2023,"food_rnk",14.6378
"36061025500","tract",2023,"food_rnk",26.2724
"36061025700","tract",2023,"food_rnk",48.9592
"36061025900","tract",2023,"food_rnk",24.0151
"36061026100","tract",2023,"food_rnk",1.5969
"36061026300","tract",2023,"food_rnk",9.6617
"36061026500","tract",2023,"food_rnk",14.5475
"36061026700","tract",2023,"food_rnk",15.2092
"36061026900","tract",2023,"food_rnk",18.1233
"36061027100","tract",2023,"food_rnk",33.5108
"36061027300","tract",2023,"food_rnk",58.3987
"36061027500","tract",2023,"food_rnk",63.8876
"36061027700","tract",2023,"food_rnk",8.0148
"36061027900","tract",2023,"food_rnk",19.2587
"36061028100","tract",2023,"food_rnk",53.7083
"36061028300","tract",2023,"food_rnk",5.6842
"36061028500","tract",2023,"food_rnk",2.1169
"36061028700","tract",2023,"food_rnk",29.6114
"36061029100","tract",2023,"food_rnk",12.1803
"36061029300","tract",2023,"food_rnk",0.7545
"36061029500","tract",2023,"food_rnk",12.8041
"36061029700","tract",2023,"food_rnk",NA
"36061029900","tract",2023,"food_rnk",1.3136
"36061030300","tract",2023,"food_rnk",17.8401
"36061030700","tract",2023,"food_rnk",27.7264
"36061030900","tract",2023,"food_rnk",2.9923
"36061031100","tract",2023,"food_rnk",NA
"36061031703","tract",2023,"food_rnk",79.9526
"36061031704","tract",2023,"food_rnk",75.0058
"36061031900","tract",2023,"food_rnk",NA
"36063020100","tract",2023,"food_rnk",58.5318
"36063020200","tract",2023,"food_rnk",0.7081
"36063020300","tract",2023,"food_rnk",31.8895
"36063020400","tract",2023,"food_rnk",1.6848
"36063020500","tract",2023,"food_rnk",2.7798
"36063020600","tract",2023,"food_rnk",6.5913
"36063020700","tract",2023,"food_rnk",5.1605
"36063020900","tract",2023,"food_rnk",0.42
"36063021000","tract",2023,"food_rnk",13.2119
"36063021100","tract",2023,"food_rnk",3.5416
"36063021200","tract",2023,"food_rnk",4.572
"36063021300","tract",2023,"food_rnk",0.7508
"36063021400","tract",2023,"food_rnk",22.4463
"36063021700","tract",2023,"food_rnk",12.5038
"36063022000","tract",2023,"food_rnk",15.2092
"36063022100","tract",2023,"food_rnk",38.8776
"36063022200","tract",2023,"food_rnk",24.6707
"36063022300","tract",2023,"food_rnk",68.1716
"36063022401","tract",2023,"food_rnk",54.6142
"36063022500","tract",2023,"food_rnk",67.306
"36063022601","tract",2023,"food_rnk",42.2861
"36063022602","tract",2023,"food_rnk",22.2681
"36063022702","tract",2023,"food_rnk",88.3203
"36063022713","tract",2023,"food_rnk",92.4906
"36063022714","tract",2023,"food_rnk",60.4205
"36063022715","tract",2023,"food_rnk",66.8433
"36063022716","tract",2023,"food_rnk",87.3106
"36063022717","tract",2023,"food_rnk",28.3698
"36063022803","tract",2023,"food_rnk",89.0869
"36063022804","tract",2023,"food_rnk",78.2313
"36063022901","tract",2023,"food_rnk",28.1769
"36063022902","tract",2023,"food_rnk",48.687
"36063023001","tract",2023,"food_rnk",16.6254
"36063023100","tract",2023,"food_rnk",16.8097
"36063023200","tract",2023,"food_rnk",43.0406
"36063023301","tract",2023,"food_rnk",44.4385
"36063023302","tract",2023,"food_rnk",5.2997
"36063023401","tract",2023,"food_rnk",54.9951
"36063023402","tract",2023,"food_rnk",82.0513
"36063023404","tract",2023,"food_rnk",47.9508
"36063023405","tract",2023,"food_rnk",33.0591
"36063023500","tract",2023,"food_rnk",33.3264
"36063023600","tract",2023,"food_rnk",7.9147
"36063023700","tract",2023,"food_rnk",10.0219
"36063023800","tract",2023,"food_rnk",16.9232
"36063023901","tract",2023,"food_rnk",48.4196
"36063023902","tract",2023,"food_rnk",64.8118
"36063024001","tract",2023,"food_rnk",70.2848
"36063024002","tract",2023,"food_rnk",27.8522
"36063024101","tract",2023,"food_rnk",42.0713
"36063024102","tract",2023,"food_rnk",38.3025
"36063024201","tract",2023,"food_rnk",78.5536
"36063024202","tract",2023,"food_rnk",49.2876
"36063024301","tract",2023,"food_rnk",53.7388
"36063024302","tract",2023,"food_rnk",91.5274
"36063024303","tract",2023,"food_rnk",64.0842
"36063024401","tract",2023,"food_rnk",84.7395
"36063024404","tract",2023,"food_rnk",94.2633
"36063024405","tract",2023,"food_rnk",42.5059
"36063024406","tract",2023,"food_rnk",NA
"36063024501","tract",2023,"food_rnk",70.3703
"36063024502","tract",2023,"food_rnk",42.103
"36063024600","tract",2023,"food_rnk",82.2649
"36063940001","tract",2023,"food_rnk",8.4372
"36063940100","tract",2023,"food_rnk",NA
"36063990000","tract",2023,"food_rnk",NA
"36065020102","tract",2023,"food_rnk",2.2976
"36065020300","tract",2023,"food_rnk",1.4577
"36065020705","tract",2023,"food_rnk",20.5626
"36065020802","tract",2023,"food_rnk",2.7017
"36065020803","tract",2023,"food_rnk",5.4339
"36065020900","tract",2023,"food_rnk",2.6443
"36065021000","tract",2023,"food_rnk",0.1892
"36065021103","tract",2023,"food_rnk",2.3684
"36065021104","tract",2023,"food_rnk",2.803
"36065021201","tract",2023,"food_rnk",0.7105
"36065021202","tract",2023,"food_rnk",5.9882
"36065021301","tract",2023,"food_rnk",80.994
"36065021302","tract",2023,"food_rnk",11.4881
"36065021303","tract",2023,"food_rnk",23.1764
"36065021401","tract",2023,"food_rnk",15.8391
"36065021402","tract",2023,"food_rnk",14.2057
"36065021500","tract",2023,"food_rnk",6.529
"36065021601","tract",2023,"food_rnk",38.3025
"36065021602","tract",2023,"food_rnk",60.8502
"36065021701","tract",2023,"food_rnk",46.9302
"36065021702","tract",2023,"food_rnk",42.4278
"36065021900","tract",2023,"food_rnk",5.119
"36065022000","tract",2023,"food_rnk",15.4338
"36065022100","tract",2023,"food_rnk",36.3932
"36065022200","tract",2023,"food_rnk",42.2861
"36065022400","tract",2023,"food_rnk",7.9464
"36065022500","tract",2023,"food_rnk",13.9725
"36065022701","tract",2023,"food_rnk",39.853
"36065022702","tract",2023,"food_rnk",75.9678
"36065022800","tract",2023,"food_rnk",70.1493
"36065023000","tract",2023,"food_rnk",45.0721
"36065023200","tract",2023,"food_rnk",35.364
"36065023300","tract",2023,"food_rnk",15.4558
"36065023400","tract",2023,"food_rnk",50.0604
"36065023501","tract",2023,"food_rnk",71.5606
"36065023502","tract",2023,"food_rnk",87.9308
"36065023702","tract",2023,"food_rnk",47.5919
"36065023901","tract",2023,"food_rnk",93.1499
"36065023902","tract",2023,"food_rnk",88.3557
"36065024000","tract",2023,"food_rnk",44.06
"36065024101","tract",2023,"food_rnk",69.4363
"36065024102","tract",2023,"food_rnk",54.8351
"36065024200","tract",2023,"food_rnk",49.5941
"36065024301","tract",2023,"food_rnk",94.1119
"36065024302","tract",2023,"food_rnk",37.6177
"36065024303","tract",2023,"food_rnk",48.7444
"36065024400","tract",2023,"food_rnk",27.3187
"36065024500","tract",2023,"food_rnk",47.9081
"36065024700","tract",2023,"food_rnk",76.5465
"36065024800","tract",2023,"food_rnk",71.4788
"36065024900","tract",2023,"food_rnk",61.7512
"36065025001","tract",2023,"food_rnk",73.3674
"36065025002","tract",2023,"food_rnk",83.3551
"36065025003","tract",2023,"food_rnk",NA
"36065025100","tract",2023,"food_rnk",59.29
"36065025200","tract",2023,"food_rnk",60.9308
"36065025300","tract",2023,"food_rnk",84.3159
"36065025400","tract",2023,"food_rnk",92.3515
"36065025500","tract",2023,"food_rnk",72.6288
"36065025601","tract",2023,"food_rnk",64.4065
"36065025602","tract",2023,"food_rnk",73.3882
"36065025700","tract",2023,"food_rnk",49.5367
"36065025800","tract",2023,"food_rnk",9.4859
"36065025900","tract",2023,"food_rnk",NA
"36065026100","tract",2023,"food_rnk",77.4658
"36065026200","tract",2023,"food_rnk",67.6576
"36065026300","tract",2023,"food_rnk",7.9074
"36065026400","tract",2023,"food_rnk",5.0799
"36065026501","tract",2023,"food_rnk",NA
"36065026502","tract",2023,"food_rnk",NA
"36065026600","tract",2023,"food_rnk",NA
"36065026700","tract",2023,"food_rnk",28.6616
"36065980002","tract",2023,"food_rnk",NA
"36065980003","tract",2023,"food_rnk",NA
"36065980100","tract",2023,"food_rnk",NA
"36067000100","tract",2023,"food_rnk",12.466
"36067000200","tract",2023,"food_rnk",5.6476
"36067000300","tract",2023,"food_rnk",14.6061
"36067000400","tract",2023,"food_rnk",18.8265
"36067000501","tract",2023,"food_rnk",3.5856
"36067000600","tract",2023,"food_rnk",1.6713
"36067000700","tract",2023,"food_rnk",2.836
"36067000800","tract",2023,"food_rnk",7.1907
"36067000900","tract",2023,"food_rnk",41.8479
"36067001000","tract",2023,"food_rnk",10.1659
"36067001400","tract",2023,"food_rnk",0.763
"36067001500","tract",2023,"food_rnk",2.9642
"36067001600","tract",2023,"food_rnk",15.6817
"36067001701","tract",2023,"food_rnk",10.1073
"36067001702","tract",2023,"food_rnk",4.6563
"36067001800","tract",2023,"food_rnk",36.9584
"36067001900","tract",2023,"food_rnk",29.3636
"36067002000","tract",2023,"food_rnk",7.4557
"36067002101","tract",2023,"food_rnk",2.1841
"36067002300","tract",2023,"food_rnk",0.5115
"36067002400","tract",2023,"food_rnk",8.486
"36067002700","tract",2023,"food_rnk",4.7723
"36067002901","tract",2023,"food_rnk",47.6358
"36067003000","tract",2023,"food_rnk",2.2695
"36067003200","tract",2023,"food_rnk",23.5414
"36067003400","tract",2023,"food_rnk",4.1325
"36067003500","tract",2023,"food_rnk",10.0292
"36067003601","tract",2023,"food_rnk",4.2949
"36067003602","tract",2023,"food_rnk",19.7666
"36067003800","tract",2023,"food_rnk",0.7191
"36067003900","tract",2023,"food_rnk",0.1624
"36067004000","tract",2023,"food_rnk",7.4911
"36067004200","tract",2023,"food_rnk",0.0061
"36067004301","tract",2023,"food_rnk",NA
"36067004302","tract",2023,"food_rnk",NA
"36067004401","tract",2023,"food_rnk",19.3942
"36067004500","tract",2023,"food_rnk",14.8796
"36067004600","tract",2023,"food_rnk",48.2463
"36067004800","tract",2023,"food_rnk",75.0632
"36067004900","tract",2023,"food_rnk",20.399
"36067005000","tract",2023,"food_rnk",24.6475
"36067005100","tract",2023,"food_rnk",1.4162
"36067005200","tract",2023,"food_rnk",0.2222
"36067005300","tract",2023,"food_rnk",3.0472
"36067005400","tract",2023,"food_rnk",0.9754
"36067005500","tract",2023,"food_rnk",21.7956
"36067005601","tract",2023,"food_rnk",72.4005
"36067005602","tract",2023,"food_rnk",NA
"36067005700","tract",2023,"food_rnk",12.0704
"36067005800","tract",2023,"food_rnk",1.526
"36067005900","tract",2023,"food_rnk",0.5652
"36067006000","tract",2023,"food_rnk",9.0525
"36067006101","tract",2023,"food_rnk",7.2933
"36067006102","tract",2023,"food_rnk",16.4056
"36067006103","tract",2023,"food_rnk",54.3724
"36067010100","tract",2023,"food_rnk",89.0674
"36067010200","tract",2023,"food_rnk",17.4055
"36067010301","tract",2023,"food_rnk",73.0561
"36067010321","tract",2023,"food_rnk",82.0744
"36067010322","tract",2023,"food_rnk",89.3897
"36067010400","tract",2023,"food_rnk",62.3445
"36067010500","tract",2023,"food_rnk",92.8764
"36067010600","tract",2023,"food_rnk",34.9819
"36067010700","tract",2023,"food_rnk",45.3431
"36067010800","tract",2023,"food_rnk",44.574
"36067010900","tract",2023,"food_rnk",31.1814
"36067011011","tract",2023,"food_rnk",44.2969
"36067011012","tract",2023,"food_rnk",90.121
"36067011021","tract",2023,"food_rnk",46.0304
"36067011022","tract",2023,"food_rnk",60.3045
"36067011101","tract",2023,"food_rnk",54.7692
"36067011102","tract",2023,"food_rnk",26.0734
"36067011201","tract",2023,"food_rnk",23.4706
"36067011202","tract",2023,"food_rnk",72.5812
"36067011231","tract",2023,"food_rnk",58.1863
"36067011232","tract",2023,"food_rnk",82.7789
"36067011241","tract",2023,"food_rnk",91.7239
"36067011242","tract",2023,"food_rnk",49.1863
"36067011300","tract",2023,"food_rnk",85.5538
"36067011401","tract",2023,"food_rnk",46.9558
"36067011402","tract",2023,"food_rnk",50.5475
"36067011500","tract",2023,"food_rnk",86.3327
"36067011600","tract",2023,"food_rnk",73.238
"36067011700","tract",2023,"food_rnk",33.899
"36067011800","tract",2023,"food_rnk",32.8381
"36067011900","tract",2023,"food_rnk",58.1216
"36067012000","tract",2023,"food_rnk",55.8106
"36067012100","tract",2023,"food_rnk",79.3642
"36067012200","tract",2023,"food_rnk",26.2565
"36067012300","tract",2023,"food_rnk",92.2892
"36067012400","tract",2023,"food_rnk",45.923
"36067012500","tract",2023,"food_rnk",33.805
"36067012600","tract",2023,"food_rnk",54.5385
"36067012700","tract",2023,"food_rnk",56.4698
"36067012800","tract",2023,"food_rnk",40.8028
"36067012900","tract",2023,"food_rnk",9.0672
"36067013000","tract",2023,"food_rnk",48.6333
"36067013100","tract",2023,"food_rnk",86.3327
"36067013200","tract",2023,"food_rnk",35.7461
"36067013300","tract",2023,"food_rnk",46.9558
"36067013400","tract",2023,"food_rnk",62.5325
"36067013500","tract",2023,"food_rnk",67.0643
"36067013600","tract",2023,"food_rnk",29.9496
"36067013701","tract",2023,"food_rnk",57.3952
"36067013800","tract",2023,"food_rnk",76.765
"36067013900","tract",2023,"food_rnk",13.9041
"36067014000","tract",2023,"food_rnk",18.492
"36067014200","tract",2023,"food_rnk",22.511
"36067014300","tract",2023,"food_rnk",31.6563
"36067014400","tract",2023,"food_rnk",14.2398
"36067014500","tract",2023,"food_rnk",48.3684
"36067014600","tract",2023,"food_rnk",24.125
"36067014700","tract",2023,"food_rnk",99.4262
"36067014800","tract",2023,"food_rnk",76.5978
"36067014900","tract",2023,"food_rnk",79.192
"36067015000","tract",2023,"food_rnk",90.5129
"36067015100","tract",2023,"food_rnk",81.4738
"36067015201","tract",2023,"food_rnk",49.4354
"36067015202","tract",2023,"food_rnk",91.2454
"36067015203","tract",2023,"food_rnk",93.5857
"36067015400","tract",2023,"food_rnk",56.2305
"36067015500","tract",2023,"food_rnk",49.3768
"36067015601","tract",2023,"food_rnk",64.6714
"36067015602","tract",2023,"food_rnk",89.4337
"36067015701","tract",2023,"food_rnk",95.1032
"36067015702","tract",2023,"food_rnk",82.2454
"36067015800","tract",2023,"food_rnk",69.1238
"36067016001","tract",2023,"food_rnk",81.403
"36067016002","tract",2023,"food_rnk",94.853
"36067016100","tract",2023,"food_rnk",68.9041
"36067016200","tract",2023,"food_rnk",65.0865
"36067016300","tract",2023,"food_rnk",85.1424
"36067016400","tract",2023,"food_rnk",78.6024
"36067016501","tract",2023,"food_rnk",92.5163
"36067016502","tract",2023,"food_rnk",66.3977
"36067016600","tract",2023,"food_rnk",59.1899
"36067016700","tract",2023,"food_rnk",94.3439
"36067016801","tract",2023,"food_rnk",80.7047
"36067016802","tract",2023,"food_rnk",82
"36067016901","tract",2023,"food_rnk",69.7977
"36067016902","tract",2023,"food_rnk",68.2936
"36067940000","tract",2023,"food_rnk",5.7404
"36069050101","tract",2023,"food_rnk",87.7379
"36069050103","tract",2023,"food_rnk",66.5039
"36069050104","tract",2023,"food_rnk",95.417
"36069050105","tract",2023,"food_rnk",77.5818
"36069050106","tract",2023,"food_rnk",94.6076
"36069050203","tract",2023,"food_rnk",37.216
"36069050204","tract",2023,"food_rnk",96.3131
"36069050205","tract",2023,"food_rnk",89.4984
"36069050206","tract",2023,"food_rnk",50.3986
"36069050302","tract",2023,"food_rnk",59.1471
"36069050303","tract",2023,"food_rnk",27.984
"36069050304","tract",2023,"food_rnk",77.2314
"36069050401","tract",2023,"food_rnk",56.4344
"36069050402","tract",2023,"food_rnk",64.1428
"36069050501","tract",2023,"food_rnk",79.4399
"36069050502","tract",2023,"food_rnk",53.5838
"36069050601","tract",2023,"food_rnk",98.6363
"36069050603","tract",2023,"food_rnk",77.0068
"36069050604","tract",2023,"food_rnk",71.0527
"36069050800","tract",2023,"food_rnk",46.4602
"36069050900","tract",2023,"food_rnk",57.3232
"36069051001","tract",2023,"food_rnk",54.4994
"36069051101","tract",2023,"food_rnk",76.5721
"36069051102","tract",2023,"food_rnk",31.8309
"36069051200","tract",2023,"food_rnk",36.8498
"36069051301","tract",2023,"food_rnk",92.3515
"36069051302","tract",2023,"food_rnk",26.541
"36069051400","tract",2023,"food_rnk",74.8886
"36069051501","tract",2023,"food_rnk",93.0083
"36069051502","tract",2023,"food_rnk",20.7762
"36069051600","tract",2023,"food_rnk",44.9891
"36069051700","tract",2023,"food_rnk",3.5917
"36069051801","tract",2023,"food_rnk",34.4301
"36069051900","tract",2023,"food_rnk",NA
"36069052001","tract",2023,"food_rnk",88.8574
"36069052002","tract",2023,"food_rnk",56.2305
"36069052003","tract",2023,"food_rnk",74.4491
"36069052101","tract",2023,"food_rnk",58.9603
"36069052102","tract",2023,"food_rnk",85.7663
"36069052200","tract",2023,"food_rnk",35.491
"36071000100","tract",2023,"food_rnk",71.828
"36071000200","tract",2023,"food_rnk",69.2569
"36071000301","tract",2023,"food_rnk",7.2701
"36071000302","tract",2023,"food_rnk",16.5533
"36071000400","tract",2023,"food_rnk",2.3391
"36071000501","tract",2023,"food_rnk",2.1426
"36071000502","tract",2023,"food_rnk",15.888
"36071000600","tract",2023,"food_rnk",6.4546
"36071001100","tract",2023,"food_rnk",50.97
"36071001200","tract",2023,"food_rnk",50.8698
"36071001300","tract",2023,"food_rnk",39.9348
"36071001500","tract",2023,"food_rnk",43.3715
"36071001601","tract",2023,"food_rnk",49.1729
"36071001602","tract",2023,"food_rnk",36.3223
"36071002100","tract",2023,"food_rnk",37.3637
"36071002200","tract",2023,"food_rnk",21.0155
"36071002300","tract",2023,"food_rnk",53.0576
"36071010101","tract",2023,"food_rnk",86.9944
"36071010102","tract",2023,"food_rnk",97.667
"36071010200","tract",2023,"food_rnk",89.6314
"36071010300","tract",2023,"food_rnk",59.7478
"36071010400","tract",2023,"food_rnk",73.3674
"36071010501","tract",2023,"food_rnk",74.9887
"36071010502","tract",2023,"food_rnk",43.1078
"36071010601","tract",2023,"food_rnk",65.1463
"36071010602","tract",2023,"food_rnk",28.7397
"36071010701","tract",2023,"food_rnk",43.7243
"36071010702","tract",2023,"food_rnk",64.6885
"36071010801","tract",2023,"food_rnk",63.171
"36071010802","tract",2023,"food_rnk",73.8521
"36071010901","tract",2023,"food_rnk",76.9005
"36071010902","tract",2023,"food_rnk",84.1584
"36071011000","tract",2023,"food_rnk",54.3212
"36071011101","tract",2023,"food_rnk",48.709
"36071011102","tract",2023,"food_rnk",55.6067
"36071011200","tract",2023,"food_rnk",62.9769
"36071011301","tract",2023,"food_rnk",38.7152
"36071011302","tract",2023,"food_rnk",47.7848
"36071011400","tract",2023,"food_rnk",75.6028
"36071011500","tract",2023,"food_rnk",71.9635
"36071011601","tract",2023,"food_rnk",71.6619
"36071011602","tract",2023,"food_rnk",22.2498
"36071011701","tract",2023,"food_rnk",94.1119
"36071011702","tract",2023,"food_rnk",53.1443
"36071011801","tract",2023,"food_rnk",64.0549
"36071011802","tract",2023,"food_rnk",91.7838
"36071011900","tract",2023,"food_rnk",93.2585
"36071012100","tract",2023,"food_rnk",66.9922
"36071012200","tract",2023,"food_rnk",92.5419
"36071012300","tract",2023,"food_rnk",93.4917
"36071012601","tract",2023,"food_rnk",71.8487
"36071012602","tract",2023,"food_rnk",67.9054
"36071012700","tract",2023,"food_rnk",30.9543
"36071012800","tract",2023,"food_rnk",69.1775
"36071012900","tract",2023,"food_rnk",73.2808
"36071013000","tract",2023,"food_rnk",91.3846
"36071013100","tract",2023,"food_rnk",54.9474
"36071013201","tract",2023,"food_rnk",70.9209
"36071013202","tract",2023,"food_rnk",77.771
"36071013301","tract",2023,"food_rnk",37.675
"36071013302","tract",2023,"food_rnk",42.6988
"36071013400","tract",2023,"food_rnk",40.815
"36071013500","tract",2023,"food_rnk",92.0072
"36071013600","tract",2023,"food_rnk",NA
"36071013700","tract",2023,"food_rnk",18.7801
"36071013800","tract",2023,"food_rnk",47.0279
"36071013900","tract",2023,"food_rnk",55.3589
"36071014101","tract",2023,"food_rnk",33.2336
"36071014102","tract",2023,"food_rnk",70.1493
"36071014201","tract",2023,"food_rnk",82.0744
"36071014202","tract",2023,"food_rnk",87.7928
"36071014301","tract",2023,"food_rnk",83.2526
"36071014302","tract",2023,"food_rnk",97.5315
"36071014400","tract",2023,"food_rnk",84.3562
"36071014501","tract",2023,"food_rnk",95.3242
"36071014502","tract",2023,"food_rnk",93.9666
"36071014601","tract",2023,"food_rnk",82.9425
"36071014602","tract",2023,"food_rnk",72.8632
"36071014700","tract",2023,"food_rnk",77.3437
"36071014801","tract",2023,"food_rnk",78.7721
"36071014802","tract",2023,"food_rnk",80.5692
"36071014900","tract",2023,"food_rnk",68.5915
"36071015003","tract",2023,"food_rnk",24.3081
"36071015005","tract",2023,"food_rnk",6.2824
"36071015007","tract",2023,"food_rnk",6.9087
"36071015008","tract",2023,"food_rnk",1.0646
"36071015009","tract",2023,"food_rnk",8.9939
"36071015010","tract",2023,"food_rnk",11.1536
"36071015100","tract",2023,"food_rnk",11.5577
"36071015201","tract",2023,"food_rnk",75.311
"36071015202","tract",2023,"food_rnk",70.6547
"36071015203","tract",2023,"food_rnk",76.1253
"36073040200","tract",2023,"food_rnk",57.3659
"36073040300","tract",2023,"food_rnk",22.3023
"36073040400","tract",2023,"food_rnk",42.6658
"36073040500","tract",2023,"food_rnk",20.3245
"36073040601","tract",2023,"food_rnk",76.1705
"36073040602","tract",2023,"food_rnk",NA
"36073040603","tract",2023,"food_rnk",49.4891
"36073040701","tract",2023,"food_rnk",12.9836
"36073040702","tract",2023,"food_rnk",12.0057
"36073040801","tract",2023,"food_rnk",39.7663
"36073040802","tract",2023,"food_rnk",30.1351
"36073401200","tract",2023,"food_rnk",47.6358
"36073401300","tract",2023,"food_rnk",56.2757
"36073990000","tract",2023,"food_rnk",NA
"36075020101","tract",2023,"food_rnk",37.5981
"36075020102","tract",2023,"food_rnk",45.315
"36075020201","tract",2023,"food_rnk",24.9783
"36075020202","tract",2023,"food_rnk",17.7974
"36075020301","tract",2023,"food_rnk",33.1213
"36075020303","tract",2023,"food_rnk",66.3122
"36075020304","tract",2023,"food_rnk",32.8381
"36075020400","tract",2023,"food_rnk",44.06
"36075020501","tract",2023,"food_rnk",23.5536
"36075020502","tract",2023,"food_rnk",32.1837
"36075020503","tract",2023,"food_rnk",39.9348
"36075020600","tract",2023,"food_rnk",44.5068
"36075020703","tract",2023,"food_rnk",84.9092
"36075020704","tract",2023,"food_rnk",59.7014
"36075020705","tract",2023,"food_rnk",30.3146
"36075020706","tract",2023,"food_rnk",26.7766
"36075020707","tract",2023,"food_rnk",47.5516
"36075020800","tract",2023,"food_rnk",38.3282
"36075020901","tract",2023,"food_rnk",12.2206
"36075020903","tract",2023,"food_rnk",40.6991
"36075020904","tract",2023,"food_rnk",38.952
"36075020905","tract",2023,"food_rnk",42.0566
"36075021001","tract",2023,"food_rnk",28.957
"36075021002","tract",2023,"food_rnk",32.2863
"36075021003","tract",2023,"food_rnk",74.5761
"36075021101","tract",2023,"food_rnk",21.3305
"36075021102","tract",2023,"food_rnk",4.5256
"36075021103","tract",2023,"food_rnk",41.4792
"36075021104","tract",2023,"food_rnk",23.5719
"36075021201","tract",2023,"food_rnk",1.0365
"36075021202","tract",2023,"food_rnk",15.0529
"36075021203","tract",2023,"food_rnk",41.3498
"36075021300","tract",2023,"food_rnk",27.4786
"36075021401","tract",2023,"food_rnk",NA
"36075021402","tract",2023,"food_rnk",59.2155
"36075021501","tract",2023,"food_rnk",53.3433
"36075021503","tract",2023,"food_rnk",80.1736
"36075021504","tract",2023,"food_rnk",29.5076
"36075021505","tract",2023,"food_rnk",15.4338
"36075021601","tract",2023,"food_rnk",12.7785
"36075021602","tract",2023,"food_rnk",33.1103
"36075021603","tract",2023,"food_rnk",65.0548
"36075021604","tract",2023,"food_rnk",30.4867
"36075021605","tract",2023,"food_rnk",7.3678
"36075990000","tract",2023,"food_rnk",NA
"36077590101","tract",2023,"food_rnk",77.6672
"36077590102","tract",2023,"food_rnk",61.6083
"36077590201","tract",2023,"food_rnk",72.2455
"36077590202","tract",2023,"food_rnk",76.4342
"36077590301","tract",2023,"food_rnk",17.823
"36077590302","tract",2023,"food_rnk",71.9073
"36077590401","tract",2023,"food_rnk",59.4255
"36077590402","tract",2023,"food_rnk",64.7898
"36077590500","tract",2023,"food_rnk",59.611
"36077590600","tract",2023,"food_rnk",50.0348
"36077590701","tract",2023,"food_rnk",61.9441
"36077590702","tract",2023,"food_rnk",80.9671
"36077590800","tract",2023,"food_rnk",50.0092
"36077590900","tract",2023,"food_rnk",67.2694
"36077591000","tract",2023,"food_rnk",48.1474
"36077591100","tract",2023,"food_rnk",35.8706
"36077591401","tract",2023,"food_rnk",25.2188
"36077591402","tract",2023,"food_rnk",63.2174
"36077591500","tract",2023,"food_rnk",74.222
"36077591601","tract",2023,"food_rnk",23.2118
"36077591602","tract",2023,"food_rnk",79.8696
"36077591700","tract",2023,"food_rnk",NA
"36079010100","tract",2023,"food_rnk",84.9874
"36079010201","tract",2023,"food_rnk",78.4156
"36079010202","tract",2023,"food_rnk",NA
"36079010300","tract",2023,"food_rnk",92.4906
"36079010400","tract",2023,"food_rnk",50.4963
"36079010500","tract",2023,"food_rnk",91.0342
"36079010600","tract",2023,"food_rnk",93.709
"36079010700","tract",2023,"food_rnk",63.3834
"36079010800","tract",2023,"food_rnk",92.1744
"36079010901","tract",2023,"food_rnk",56.9777
"36079010902","tract",2023,"food_rnk",96.5072
"36079011000","tract",2023,"food_rnk",97.6084
"36079011100","tract",2023,"food_rnk",83.0609
"36079011201","tract",2023,"food_rnk",78.9345
"36079011202","tract",2023,"food_rnk",64.0109
"36079011300","tract",2023,"food_rnk",83.3905
"36079011400","tract",2023,"food_rnk",67.4244
"36079011501","tract",2023,"food_rnk",75.5039
"36079011502","tract",2023,"food_rnk",85.5782
"36079011600","tract",2023,"food_rnk",93.2439
"36079011700","tract",2023,"food_rnk",92.5419
"36079011801","tract",2023,"food_rnk",73.6934
"36079011802","tract",2023,"food_rnk",95.4548
"36079011900","tract",2023,"food_rnk",96.81
"36081000101","tract",2023,"food_rnk",67.1131
"36081000102","tract",2023,"food_rnk",79.8049
"36081000103","tract",2023,"food_rnk",NA
"36081000104","tract",2023,"food_rnk",NA
"36081000200","tract",2023,"food_rnk",25.9367
"36081000400","tract",2023,"food_rnk",50.6013
"36081000600","tract",2023,"food_rnk",20.3135
"36081000701","tract",2023,"food_rnk",50.7465
"36081000702","tract",2023,"food_rnk",48.991
"36081000800","tract",2023,"food_rnk",45.2418
"36081001000","tract",2023,"food_rnk",35.1369
"36081001200","tract",2023,"food_rnk",20.6749
"36081001400","tract",2023,"food_rnk",29.5797
"36081001600","tract",2023,"food_rnk",12.8334
"36081001800","tract",2023,"food_rnk",11.5345
"36081001901","tract",2023,"food_rnk",52.5375
"36081001902","tract",2023,"food_rnk",70.7793
"36081001903","tract",2023,"food_rnk",67.4781
"36081002000","tract",2023,"food_rnk",43.7243
"36081002200","tract",2023,"food_rnk",27.8168
"36081002400","tract",2023,"food_rnk",21.7883
"36081002500","tract",2023,"food_rnk",2.1462
"36081002600","tract",2023,"food_rnk",11.8922
"36081002800","tract",2023,"food_rnk",21.3231
"36081003000","tract",2023,"food_rnk",20.012
"36081003100","tract",2023,"food_rnk",48.7639
"36081003200","tract",2023,"food_rnk",28.6079
"36081003301","tract",2023,"food_rnk",68.6526
"36081003302","tract",2023,"food_rnk",21.0155
"36081003400","tract",2023,"food_rnk",24.0932
"36081003600","tract",2023,"food_rnk",32.0384
"36081003700","tract",2023,"food_rnk",NA
"36081003800","tract",2023,"food_rnk",12.306
"36081003900","tract",2023,"food_rnk",0.4139
"36081004001","tract",2023,"food_rnk",17.5508
"36081004002","tract",2023,"food_rnk",22.9871
"36081004200","tract",2023,"food_rnk",19.5017
"36081004300","tract",2023,"food_rnk",0.8778
"36081004401","tract",2023,"food_rnk",29.7127
"36081004500","tract",2023,"food_rnk",22.2498
"36081004700","tract",2023,"food_rnk",10.736
"36081005000","tract",2023,"food_rnk",NA
"36081005100","tract",2023,"food_rnk",11.2537
"36081005200","tract",2023,"food_rnk",29.4551
"36081005300","tract",2023,"food_rnk",49.1057
"36081005400","tract",2023,"food_rnk",15.2617
"36081005500","tract",2023,"food_rnk",27.8522
"36081005700","tract",2023,"food_rnk",10.6396
"36081005800","tract",2023,"food_rnk",24.7183
"36081005900","tract",2023,"food_rnk",13.7759
"36081006100","tract",2023,"food_rnk",40.1436
"36081006201","tract",2023,"food_rnk",58.7662
"36081006202","tract",2023,"food_rnk",27.1062
"36081006300","tract",2023,"food_rnk",40.0435
"36081006501","tract",2023,"food_rnk",44.1931
"36081006502","tract",2023,"food_rnk",62.8646
"36081006900","tract",2023,"food_rnk",16.0882
"36081007100","tract",2023,"food_rnk",42.971
"36081007300","tract",2023,"food_rnk",15.7354
"36081007500","tract",2023,"food_rnk",11.7371
"36081007700","tract",2023,"food_rnk",25.9648
"36081007900","tract",2023,"food_rnk",18.3614
"36081008100","tract",2023,"food_rnk",51.0688
"36081008300","tract",2023,"food_rnk",31.6563
"36081008500","tract",2023,"food_rnk",45.3981
"36081008600","tract",2023,"food_rnk",36.4054
"36081008700","tract",2023,"food_rnk",3.3329
"36081008800","tract",2023,"food_rnk",29.7823
"36081009100","tract",2023,"food_rnk",39.8078
"36081009400","tract",2023,"food_rnk",19.0927
"36081009500","tract",2023,"food_rnk",63.2931
"36081009600","tract",2023,"food_rnk",20.3538
"36081009700","tract",2023,"food_rnk",50.5793
"36081009800","tract",2023,"food_rnk",24.5181
"36081009900","tract",2023,"food_rnk",NA
"36081010000","tract",2023,"food_rnk",32.1019
"36081010100","tract",2023,"food_rnk",57.7004
"36081010200","tract",2023,"food_rnk",34.8854
"36081010300","tract",2023,"food_rnk",19.3857
"36081010400","tract",2023,"food_rnk",18.5811
"36081010500","tract",2023,"food_rnk",19.7702
"36081010600","tract",2023,"food_rnk",6.6853
"36081010701","tract",2023,"food_rnk",NA
"36081010800","tract",2023,"food_rnk",24.4167
"36081011000","tract",2023,"food_rnk",12.549
"36081011100","tract",2023,"food_rnk",48.9165
"36081011200","tract",2023,"food_rnk",45.0721
"36081011300","tract",2023,"food_rnk",51.744
"36081011400","tract",2023,"food_rnk",2.2488
"36081011500","tract",2023,"food_rnk",33.5291
"36081011600","tract",2023,"food_rnk",25.8622
"36081011700","tract",2023,"food_rnk",58.1082
"36081011800","tract",2023,"food_rnk",35.1467
"36081011900","tract",2023,"food_rnk",27.9389
"36081012000","tract",2023,"food_rnk",9.2039
"36081012100","tract",2023,"food_rnk",71.2578
"36081012200","tract",2023,"food_rnk",26.0405
"36081012301","tract",2023,"food_rnk",76.2291
"36081012400","tract",2023,"food_rnk",18.5531
"36081012500","tract",2023,"food_rnk",43.264
"36081012601","tract",2023,"food_rnk",32.445
"36081012602","tract",2023,"food_rnk",60.5254
"36081012800","tract",2023,"food_rnk",49.616
"36081013000","tract",2023,"food_rnk",52.8549
"36081013200","tract",2023,"food_rnk",42.4607
"36081013400","tract",2023,"food_rnk",22.3963
"36081013500","tract",2023,"food_rnk",70.6767
"36081013600","tract",2023,"food_rnk",66.5552
"36081013700","tract",2023,"food_rnk",57.3232
"36081013800","tract",2023,"food_rnk",42.0566
"36081014000","tract",2023,"food_rnk",13.6917
"36081014100","tract",2023,"food_rnk",25.5143
"36081014201","tract",2023,"food_rnk",47.6578
"36081014202","tract",2023,"food_rnk",16.0577
"36081014300","tract",2023,"food_rnk",40.1765
"36081014400","tract",2023,"food_rnk",8.3896
"36081014500","tract",2023,"food_rnk",46.4797
"36081014700","tract",2023,"food_rnk",18.9413
"36081014800","tract",2023,"food_rnk",42.3179
"36081014900","tract",2023,"food_rnk",39.6613
"36081015000","tract",2023,"food_rnk",27.5482
"36081015100","tract",2023,"food_rnk",28.791
"36081015200","tract",2023,"food_rnk",19.2587
"36081015300","tract",2023,"food_rnk",55.5664
"36081015400","tract",2023,"food_rnk",20.2
"36081015500","tract",2023,"food_rnk",52.9953
"36081015600","tract",2023,"food_rnk",22.6465
"36081015700","tract",2023,"food_rnk",13.2168
"36081015801","tract",2023,"food_rnk",7.9867
"36081015802","tract",2023,"food_rnk",6.6829
"36081015900","tract",2023,"food_rnk",41.1093
"36081016100","tract",2023,"food_rnk",25.9367
"36081016300","tract",2023,"food_rnk",3.0728
"36081016400","tract",2023,"food_rnk",21.1083
"36081016600","tract",2023,"food_rnk",30.0424
"36081016800","tract",2023,"food_rnk",38.7457
"36081016900","tract",2023,"food_rnk",56.0499
"36081017000","tract",2023,"food_rnk",41.8479
"36081017101","tract",2023,"food_rnk",NA
"36081017102","tract",2023,"food_rnk",NA
"36081017200","tract",2023,"food_rnk",30.4867
"36081017400","tract",2023,"food_rnk",21.8237
"36081017600","tract",2023,"food_rnk",12.0607
"36081017800","tract",2023,"food_rnk",66.9153
"36081017901","tract",2023,"food_rnk",37.7117
"36081017902","tract",2023,"food_rnk",NA
"36081018000","tract",2023,"food_rnk",28.2197
"36081018101","tract",2023,"food_rnk",29.7555
"36081018102","tract",2023,"food_rnk",25.1602
"36081018200","tract",2023,"food_rnk",43.0748
"36081018300","tract",2023,"food_rnk",50.2814
"36081018401","tract",2023,"food_rnk",20.8128
"36081018402","tract",2023,"food_rnk",24.8099
"36081018501","tract",2023,"food_rnk",43.5717
"36081018502","tract",2023,"food_rnk",58.3426
"36081018600","tract",2023,"food_rnk",26.9268
"36081018700","tract",2023,"food_rnk",29.4551
"36081018800","tract",2023,"food_rnk",30.0216
"36081018900","tract",2023,"food_rnk",38.6017
"36081019000","tract",2023,"food_rnk",36.044
"36081019200","tract",2023,"food_rnk",31.6233
"36081019400","tract",2023,"food_rnk",27.5287
"36081019600","tract",2023,"food_rnk",3.2853
"36081019800","tract",2023,"food_rnk",20.5943
"36081019901","tract",2023,"food_rnk",NA
"36081019902","tract",2023,"food_rnk",NA
"36081019903","tract",2023,"food_rnk",NA
"36081020200","tract",2023,"food_rnk",16.7413
"36081020400","tract",2023,"food_rnk",29.3782
"36081020500","tract",2023,"food_rnk",36.9291
"36081020600","tract",2023,"food_rnk",39.1889
"36081020800","tract",2023,"food_rnk",17.9878
"36081021200","tract",2023,"food_rnk",13.7124
"36081021400","tract",2023,"food_rnk",9.3846
"36081021601","tract",2023,"food_rnk",74.0255
"36081021602","tract",2023,"food_rnk",32.7099
"36081021603","tract",2023,"food_rnk",NA
"36081021900","tract",2023,"food_rnk",NA
"36081022001","tract",2023,"food_rnk",29.7127
"36081022002","tract",2023,"food_rnk",68.456
"36081022900","tract",2023,"food_rnk",NA
"36081023000","tract",2023,"food_rnk",64.4309
"36081023200","tract",2023,"food_rnk",35.7119
"36081023501","tract",2023,"food_rnk",10.9253
"36081023502","tract",2023,"food_rnk",18.5641
"36081023600","tract",2023,"food_rnk",29.7823
"36081023800","tract",2023,"food_rnk",13.8553
"36081024000","tract",2023,"food_rnk",19.686
"36081024300","tract",2023,"food_rnk",21.7053
"36081024500","tract",2023,"food_rnk",41.3302
"36081024600","tract",2023,"food_rnk",NA
"36081024700","tract",2023,"food_rnk",27.6068
"36081024900","tract",2023,"food_rnk",35.3811
"36081025100","tract",2023,"food_rnk",22.3621
"36081025301","tract",2023,"food_rnk",48.5527
"36081025302","tract",2023,"food_rnk",11.6614
"36081025401","tract",2023,"food_rnk",41.7905
"36081025402","tract",2023,"food_rnk",3.0533
"36081025500","tract",2023,"food_rnk",54.2003
"36081025700","tract",2023,"food_rnk",30.3329
"36081025800","tract",2023,"food_rnk",43.8744
"36081025900","tract",2023,"food_rnk",30.0558
"36081026000","tract",2023,"food_rnk",17.016
"36081026100","tract",2023,"food_rnk",19.9668
"36081026200","tract",2023,"food_rnk",48.3256
"36081026300","tract",2023,"food_rnk",46.7532
"36081026400","tract",2023,"food_rnk",34.1786
"36081026501","tract",2023,"food_rnk",12.9922
"36081026502","tract",2023,"food_rnk",14.3424
"36081026600","tract",2023,"food_rnk",9.9132
"36081026700","tract",2023,"food_rnk",43.264
"36081026901","tract",2023,"food_rnk",2.2195
"36081026902","tract",2023,"food_rnk",5.7807
"36081027000","tract",2023,"food_rnk",14.7599
"36081027101","tract",2023,"food_rnk",9.0708
"36081027102","tract",2023,"food_rnk",14.3973
"36081027200","tract",2023,"food_rnk",43.1078
"36081027301","tract",2023,"food_rnk",3.5722
"36081027302","tract",2023,"food_rnk",25.1822
"36081027400","tract",2023,"food_rnk",44.2859
"36081027500","tract",2023,"food_rnk",30.8005
"36081027600","tract",2023,"food_rnk",42.7537
"36081027701","tract",2023,"food_rnk",16.5448
"36081027702","tract",2023,"food_rnk",38.3282
"36081027800","tract",2023,"food_rnk",5.5743
"36081027900","tract",2023,"food_rnk",40.7882
"36081028000","tract",2023,"food_rnk",25.5875
"36081028100","tract",2023,"food_rnk",25.5594
"36081028200","tract",2023,"food_rnk",38.6505
"36081028300","tract",2023,"food_rnk",36.3785
"36081028400","tract",2023,"food_rnk",68.036
"36081028500","tract",2023,"food_rnk",17.1747
"36081028700","tract",2023,"food_rnk",21.842
"36081028801","tract",2023,"food_rnk",10.4235
"36081028802","tract",2023,"food_rnk",16.5143
"36081028803","tract",2023,"food_rnk",NA
"36081028900","tract",2023,"food_rnk",48.0827
"36081029100","tract",2023,"food_rnk",19.2758
"36081029300","tract",2023,"food_rnk",63.2748
"36081029400","tract",2023,"food_rnk",31.9249
"36081029500","tract",2023,"food_rnk",41.5451
"36081029700","tract",2023,"food_rnk",36.6508
"36081029900","tract",2023,"food_rnk",NA
"36081030600","tract",2023,"food_rnk",28.6299
"36081030903","tract",2023,"food_rnk",34.5387
"36081030904","tract",2023,"food_rnk",22.3218
"36081030905","tract",2023,"food_rnk",38.5431
"36081030906","tract",2023,"food_rnk",44.3127
"36081031700","tract",2023,"food_rnk",43.5583
"36081032000","tract",2023,"food_rnk",18.525
"36081032700","tract",2023,"food_rnk",12.5771
"36081032800","tract",2023,"food_rnk",31.4781
"36081032900","tract",2023,"food_rnk",51.479
"36081033000","tract",2023,"food_rnk",38.4442
"36081033100","tract",2023,"food_rnk",NA
"36081033401","tract",2023,"food_rnk",21.6454
"36081033403","tract",2023,"food_rnk",9.8021
"36081033404","tract",2023,"food_rnk",49.1533
"36081033405","tract",2023,"food_rnk",41.893
"36081033700","tract",2023,"food_rnk",35.9048
"36081033900","tract",2023,"food_rnk",54.2613
"36081034700","tract",2023,"food_rnk",11.1768
"36081035100","tract",2023,"food_rnk",18.9669
"36081035200","tract",2023,"food_rnk",40.8956
"36081035300","tract",2023,"food_rnk",19.5187
"36081035700","tract",2023,"food_rnk",10.194
"36081035800","tract",2023,"food_rnk",22.4646
"36081036100","tract",2023,"food_rnk",17.9988
"36081036300","tract",2023,"food_rnk",6.7122
"36081036500","tract",2023,"food_rnk",9.1892
"36081036600","tract",2023,"food_rnk",36.4872
"36081036700","tract",2023,"food_rnk",25.2188
"36081036800","tract",2023,"food_rnk",38.4014
"36081037100","tract",2023,"food_rnk",29.2195
"36081037300","tract",2023,"food_rnk",3.7687
"36081037501","tract",2023,"food_rnk",7.6608
"36081037502","tract",2023,"food_rnk",1.5407
"36081037600","tract",2023,"food_rnk",11.3782
"36081037700","tract",2023,"food_rnk",6.1091
"36081037900","tract",2023,"food_rnk",5.3619
"36081038100","tract",2023,"food_rnk",14.9821
"36081038301","tract",2023,"food_rnk",NA
"36081038302","tract",2023,"food_rnk",NA
"36081038400","tract",2023,"food_rnk",52.6633
"36081039400","tract",2023,"food_rnk",11.8922
"36081039800","tract",2023,"food_rnk",16.9977
"36081039901","tract",2023,"food_rnk",20.8885
"36081039902","tract",2023,"food_rnk",8.8303
"36081040000","tract",2023,"food_rnk",36.2833
"36081040101","tract",2023,"food_rnk",10.6396
"36081040102","tract",2023,"food_rnk",6.1127
"36081040200","tract",2023,"food_rnk",15.8221
"36081040301","tract",2023,"food_rnk",4.6148
"36081040302","tract",2023,"food_rnk",10.1073
"36081040400","tract",2023,"food_rnk",21.2706
"36081040501","tract",2023,"food_rnk",22.9517
"36081040502","tract",2023,"food_rnk",20.9483
"36081040701","tract",2023,"food_rnk",3.7968
"36081040702","tract",2023,"food_rnk",12.0277
"36081040901","tract",2023,"food_rnk",18.8375
"36081040902","tract",2023,"food_rnk",12.798
"36081041100","tract",2023,"food_rnk",10.4504
"36081041300","tract",2023,"food_rnk",2.6626
"36081041400","tract",2023,"food_rnk",53.7388
"36081041500","tract",2023,"food_rnk",12.1486
"36081042400","tract",2023,"food_rnk",44.248
"36081042600","tract",2023,"food_rnk",NA
"36081042700","tract",2023,"food_rnk",12.6918
"36081043200","tract",2023,"food_rnk",20.333
"36081043400","tract",2023,"food_rnk",17.2602
"36081043701","tract",2023,"food_rnk",3.4037
"36081043702","tract",2023,"food_rnk",10.5786
"36081043900","tract",2023,"food_rnk",1.5468
"36081044000","tract",2023,"food_rnk",31.5501
"36081044301","tract",2023,"food_rnk",1.2123
"36081044302","tract",2023,"food_rnk",12.6576
"36081044400","tract",2023,"food_rnk",11.5259
"36081044601","tract",2023,"food_rnk",15.4228
"36081044602","tract",2023,"food_rnk",11.1536
"36081044800","tract",2023,"food_rnk",21.4574
"36081045000","tract",2023,"food_rnk",60.1751
"36081045200","tract",2023,"food_rnk",4.5366
"36081045400","tract",2023,"food_rnk",29.1695
"36081045500","tract",2023,"food_rnk",10.0475
"36081045600","tract",2023,"food_rnk",45.5519
"36081045700","tract",2023,"food_rnk",6.2165
"36081045800","tract",2023,"food_rnk",29.1548
"36081045900","tract",2023,"food_rnk",30.9751
"36081046000","tract",2023,"food_rnk",20.25
"36081046100","tract",2023,"food_rnk",6.844
"36081046200","tract",2023,"food_rnk",23.8771
"36081046300","tract",2023,"food_rnk",3.35
"36081046400","tract",2023,"food_rnk",44.1565
"36081046500","tract",2023,"food_rnk",13.9896
"36081046600","tract",2023,"food_rnk",28.907
"36081046700","tract",2023,"food_rnk",2.04
"36081046800","tract",2023,"food_rnk",11.6834
"36081046901","tract",2023,"food_rnk",8.3896
"36081046902","tract",2023,"food_rnk",17.8401
"36081047000","tract",2023,"food_rnk",8.6887
"36081047100","tract",2023,"food_rnk",22.0495
"36081047200","tract",2023,"food_rnk",39.9348
"36081047300","tract",2023,"food_rnk",40.4891
"36081047500","tract",2023,"food_rnk",29.4405
"36081047600","tract",2023,"food_rnk",68.6184
"36081047801","tract",2023,"food_rnk",58.3987
"36081047802","tract",2023,"food_rnk",21.4367
"36081047900","tract",2023,"food_rnk",41.2387
"36081048000","tract",2023,"food_rnk",33.4863
"36081048100","tract",2023,"food_rnk",21.9702
"36081048200","tract",2023,"food_rnk",27.3052
"36081048301","tract",2023,"food_rnk",18.2198
"36081048302","tract",2023,"food_rnk",35.0356
"36081048400","tract",2023,"food_rnk",44.1333
"36081048500","tract",2023,"food_rnk",25.6742
"36081048900","tract",2023,"food_rnk",21.488
"36081049201","tract",2023,"food_rnk",17.6216
"36081049202","tract",2023,"food_rnk",15.8562
"36081049301","tract",2023,"food_rnk",19.6176
"36081049302","tract",2023,"food_rnk",14.965
"36081049500","tract",2023,"food_rnk",26.9268
"36081049600","tract",2023,"food_rnk",45.6557
"36081049700","tract",2023,"food_rnk",45.6557
"36081049900","tract",2023,"food_rnk",36.8937
"36081050000","tract",2023,"food_rnk",55.6604
"36081050201","tract",2023,"food_rnk",54.4994
"36081050202","tract",2023,"food_rnk",14.086
"36081050400","tract",2023,"food_rnk",35.1369
"36081050500","tract",2023,"food_rnk",44.8743
"36081050600","tract",2023,"food_rnk",53.2871
"36081050700","tract",2023,"food_rnk",18.2601
"36081050800","tract",2023,"food_rnk",7.4276
"36081051000","tract",2023,"food_rnk",13.5208
"36081051100","tract",2023,"food_rnk",47.8825
"36081051200","tract",2023,"food_rnk",31.992
"36081051300","tract",2023,"food_rnk",50.4291
"36081051500","tract",2023,"food_rnk",32.6928
"36081051600","tract",2023,"food_rnk",27.409
"36081051700","tract",2023,"food_rnk",46.8069
"36081051800","tract",2023,"food_rnk",21.5099
"36081052000","tract",2023,"food_rnk",48.7895
"36081052100","tract",2023,"food_rnk",36.0049
"36081052200","tract",2023,"food_rnk",39.1132
"36081052400","tract",2023,"food_rnk",25.546
"36081052500","tract",2023,"food_rnk",31.9249
"36081052600","tract",2023,"food_rnk",28.7178
"36081052800","tract",2023,"food_rnk",46.4358
"36081053000","tract",2023,"food_rnk",15.7354
"36081053100","tract",2023,"food_rnk",28.0341
"36081053200","tract",2023,"food_rnk",31.9017
"36081053401","tract",2023,"food_rnk",77.5659
"36081053501","tract",2023,"food_rnk",22.9945
"36081053502","tract",2023,"food_rnk",NA
"36081053601","tract",2023,"food_rnk",47.5089
"36081053800","tract",2023,"food_rnk",20.2097
"36081053901","tract",2023,"food_rnk",32.6928
"36081053902","tract",2023,"food_rnk",85.0692
"36081054000","tract",2023,"food_rnk",20.6944
"36081054200","tract",2023,"food_rnk",49.7955
"36081054500","tract",2023,"food_rnk",11.1206
"36081054700","tract",2023,"food_rnk",35.6985
"36081054800","tract",2023,"food_rnk",22.6954
"36081054900","tract",2023,"food_rnk",35.7888
"36081055100","tract",2023,"food_rnk",11.952
"36081055200","tract",2023,"food_rnk",34.4984
"36081055300","tract",2023,"food_rnk",35.6839
"36081055400","tract",2023,"food_rnk",22.3963
"36081055500","tract",2023,"food_rnk",10.8557
"36081055600","tract",2023,"food_rnk",64.6714
"36081055700","tract",2023,"food_rnk",29.327
"36081055800","tract",2023,"food_rnk",56.1463
"36081055900","tract",2023,"food_rnk",27.5604
"36081056000","tract",2023,"food_rnk",71.8792
"36081056100","tract",2023,"food_rnk",NA
"36081056200","tract",2023,"food_rnk",52.2262
"36081056400","tract",2023,"food_rnk",74.3758
"36081056500","tract",2023,"food_rnk",75.145
"36081056600","tract",2023,"food_rnk",14.2313
"36081056700","tract",2023,"food_rnk",67.7699
"36081056800","tract",2023,"food_rnk",26.4665
"36081057700","tract",2023,"food_rnk",29.5076
"36081057900","tract",2023,"food_rnk",16.6644
"36081058000","tract",2023,"food_rnk",63.0489
"36081058100","tract",2023,"food_rnk",12.0057
"36081058200","tract",2023,"food_rnk",24.1054
"36081058300","tract",2023,"food_rnk",29.084
"36081058500","tract",2023,"food_rnk",29.6981
"36081058700","tract",2023,"food_rnk",23.4193
"36081058900","tract",2023,"food_rnk",18.7106
"36081059000","tract",2023,"food_rnk",51.5254
"36081059100","tract",2023,"food_rnk",45.8656
"36081059200","tract",2023,"food_rnk",38.46
"36081059300","tract",2023,"food_rnk",41.5756
"36081059400","tract",2023,"food_rnk",47.2086
"36081059501","tract",2023,"food_rnk",52.1481
"36081059502","tract",2023,"food_rnk",5.1532
"36081059600","tract",2023,"food_rnk",24.2849
"36081059800","tract",2023,"food_rnk",6.8562
"36081059900","tract",2023,"food_rnk",19.1708
"36081060000","tract",2023,"food_rnk",50.4682
"36081060100","tract",2023,"food_rnk",28.6079
"36081060300","tract",2023,"food_rnk",19.2917
"36081060600","tract",2023,"food_rnk",53.1772
"36081060701","tract",2023,"food_rnk",NA
"36081060800","tract",2023,"food_rnk",50.5475
"36081061000","tract",2023,"food_rnk",53.4202
"36081061200","tract",2023,"food_rnk",61.6889
"36081061301","tract",2023,"food_rnk",27.6068
"36081061302","tract",2023,"food_rnk",NA
"36081061400","tract",2023,"food_rnk",23.5988
"36081061601","tract",2023,"food_rnk",73.1269
"36081061602","tract",2023,"food_rnk",70.8781
"36081061800","tract",2023,"food_rnk",35.0173
"36081061900","tract",2023,"food_rnk",48.1901
"36081062000","tract",2023,"food_rnk",29.8251
"36081062100","tract",2023,"food_rnk",25.7609
"36081062200","tract",2023,"food_rnk",52.3349
"36081062300","tract",2023,"food_rnk",65.8251
"36081062400","tract",2023,"food_rnk",NA
"36081062500","tract",2023,"food_rnk",33.5901
"36081062600","tract",2023,"food_rnk",47.6188
"36081062700","tract",2023,"food_rnk",35.2028
"36081062900","tract",2023,"food_rnk",24.4741
"36081063000","tract",2023,"food_rnk",71.281
"36081063200","tract",2023,"food_rnk",61.2116
"36081063301","tract",2023,"food_rnk",61.6364
"36081063302","tract",2023,"food_rnk",43.3519
"36081063500","tract",2023,"food_rnk",37.1769
"36081063700","tract",2023,"food_rnk",51.1775
"36081063800","tract",2023,"food_rnk",73.5567
"36081063900","tract",2023,"food_rnk",32.058
"36081064101","tract",2023,"food_rnk",44.1333
"36081064102","tract",2023,"food_rnk",NA
"36081064500","tract",2023,"food_rnk",24.3557
"36081064600","tract",2023,"food_rnk",24.4851
"36081065000","tract",2023,"food_rnk",22.6355
"36081065401","tract",2023,"food_rnk",49.6893
"36081065402","tract",2023,"food_rnk",NA
"36081065501","tract",2023,"food_rnk",NA
"36081065600","tract",2023,"food_rnk",27.2552
"36081065702","tract",2023,"food_rnk",63.652
"36081065703","tract",2023,"food_rnk",52.7096
"36081065900","tract",2023,"food_rnk",46.6457
"36081066000","tract",2023,"food_rnk",37.6177
"36081066100","tract",2023,"food_rnk",57.9971
"36081066301","tract",2023,"food_rnk",34.9819
"36081066302","tract",2023,"food_rnk",NA
"36081066401","tract",2023,"food_rnk",13.0361
"36081066402","tract",2023,"food_rnk",76.9762
"36081066403","tract",2023,"food_rnk",24.3728
"36081066404","tract",2023,"food_rnk",NA
"36081066501","tract",2023,"food_rnk",56.0218
"36081066701","tract",2023,"food_rnk",56.1207
"36081066900","tract",2023,"food_rnk",58.0691
"36081067100","tract",2023,"food_rnk",53.3433
"36081067700","tract",2023,"food_rnk",65.7665
"36081067900","tract",2023,"food_rnk",25.9648
"36081068000","tract",2023,"food_rnk",49.0764
"36081068200","tract",2023,"food_rnk",43.8744
"36081068300","tract",2023,"food_rnk",16.5643
"36081068700","tract",2023,"food_rnk",25.1602
"36081069000","tract",2023,"food_rnk",41.6794
"36081069300","tract",2023,"food_rnk",15.2763
"36081069400","tract",2023,"food_rnk",80.7755
"36081069500","tract",2023,"food_rnk",35.3445
"36081069701","tract",2023,"food_rnk",24.2849
"36081069702","tract",2023,"food_rnk",35.1882
"36081070300","tract",2023,"food_rnk",25.4349
"36081070700","tract",2023,"food_rnk",78.6024
"36081070900","tract",2023,"food_rnk",56.388
"36081071100","tract",2023,"food_rnk",44.4898
"36081071303","tract",2023,"food_rnk",76.8432
"36081071304","tract",2023,"food_rnk",34.6583
"36081071305","tract",2023,"food_rnk",37.7874
"36081071306","tract",2023,"food_rnk",41.1361
"36081071600","tract",2023,"food_rnk",NA
"36081071701","tract",2023,"food_rnk",32.351
"36081071702","tract",2023,"food_rnk",32.4022
"36081071900","tract",2023,"food_rnk",3.7394
"36081072100","tract",2023,"food_rnk",17.9109
"36081072300","tract",2023,"food_rnk",69.7098
"36081072900","tract",2023,"food_rnk",74.5956
"36081073100","tract",2023,"food_rnk",76.649
"36081073700","tract",2023,"food_rnk",69.8429
"36081073900","tract",2023,"food_rnk",65.7226
"36081074100","tract",2023,"food_rnk",63.0831
"36081074300","tract",2023,"food_rnk",30.0778
"36081074500","tract",2023,"food_rnk",41.7185
"36081074700","tract",2023,"food_rnk",56.3148
"36081074900","tract",2023,"food_rnk",86.4121
"36081075701","tract",2023,"food_rnk",40.4146
"36081075702","tract",2023,"food_rnk",67.6002
"36081076901","tract",2023,"food_rnk",51.2129
"36081076902","tract",2023,"food_rnk",21.1766
"36081077300","tract",2023,"food_rnk",56.4698
"36081077500","tract",2023,"food_rnk",48.0216
"36081077902","tract",2023,"food_rnk",13.3303
"36081077903","tract",2023,"food_rnk",33.0273
"36081077904","tract",2023,"food_rnk",48.3439
"36081077905","tract",2023,"food_rnk",42.5779
"36081077906","tract",2023,"food_rnk",49.9347
"36081077907","tract",2023,"food_rnk",12.6686
"36081077908","tract",2023,"food_rnk",25.0113
"36081078800","tract",2023,"food_rnk",35.0722
"36081079000","tract",2023,"food_rnk",20.7408
"36081079200","tract",2023,"food_rnk",19.2477
"36081079300","tract",2023,"food_rnk",NA
"36081079701","tract",2023,"food_rnk",13.0398
"36081079702","tract",2023,"food_rnk",8.7864
"36081079900","tract",2023,"food_rnk",32.3839
"36081080301","tract",2023,"food_rnk",52.6108
"36081080302","tract",2023,"food_rnk",47.5309
"36081080900","tract",2023,"food_rnk",36.8937
"36081081400","tract",2023,"food_rnk",29.7652
"36081081800","tract",2023,"food_rnk",40.3182
"36081083700","tract",2023,"food_rnk",50.2265
"36081083800","tract",2023,"food_rnk",22.7735
"36081084000","tract",2023,"food_rnk",24.8941
"36081084500","tract",2023,"food_rnk",11.1145
"36081084601","tract",2023,"food_rnk",33.3814
"36081084602","tract",2023,"food_rnk",41.506
"36081084901","tract",2023,"food_rnk",20.145
"36081084902","tract",2023,"food_rnk",10.8264
"36081085300","tract",2023,"food_rnk",45.3639
"36081085500","tract",2023,"food_rnk",10.2392
"36081085700","tract",2023,"food_rnk",37.1928
"36081085900","tract",2023,"food_rnk",11.0156
"36081086100","tract",2023,"food_rnk",24.0749
"36081086300","tract",2023,"food_rnk",57.2072
"36081086400","tract",2023,"food_rnk",42.3179
"36081086500","tract",2023,"food_rnk",20.3746
"36081086900","tract",2023,"food_rnk",29.7823
"36081087100","tract",2023,"food_rnk",19.4272
"36081088400","tract",2023,"food_rnk",72.1539
"36081088902","tract",2023,"food_rnk",29.9142
"36081088903","tract",2023,"food_rnk",42.6658
"36081089201","tract",2023,"food_rnk",71.6863
"36081089202","tract",2023,"food_rnk",NA
"36081090700","tract",2023,"food_rnk",31.2693
"36081091602","tract",2023,"food_rnk",NA
"36081091603","tract",2023,"food_rnk",67.2498
"36081091604","tract",2023,"food_rnk",NA
"36081091800","tract",2023,"food_rnk",NA
"36081091900","tract",2023,"food_rnk",45.6801
"36081092200","tract",2023,"food_rnk",82.0268
"36081092500","tract",2023,"food_rnk",20.482
"36081092800","tract",2023,"food_rnk",95.8968
"36081092900","tract",2023,"food_rnk",43.8329
"36081093401","tract",2023,"food_rnk",63.2748
"36081093402","tract",2023,"food_rnk",59.0189
"36081093800","tract",2023,"food_rnk",48.101
"36081093900","tract",2023,"food_rnk",14.4425
"36081094201","tract",2023,"food_rnk",7.0772
"36081094202","tract",2023,"food_rnk",7.3262
"36081094203","tract",2023,"food_rnk",21.6308
"36081094500","tract",2023,"food_rnk",53.2517
"36081094700","tract",2023,"food_rnk",29.8837
"36081095400","tract",2023,"food_rnk",14.6903
"36081096400","tract",2023,"food_rnk",26.8035
"36081097202","tract",2023,"food_rnk",0.0537
"36081097204","tract",2023,"food_rnk",9.4993
"36081097205","tract",2023,"food_rnk",0.3199
"36081097206","tract",2023,"food_rnk",13.4683
"36081097207","tract",2023,"food_rnk",NA
"36081097300","tract",2023,"food_rnk",71.4251
"36081098100","tract",2023,"food_rnk",33.6817
"36081098700","tract",2023,"food_rnk",64.0842
"36081099100","tract",2023,"food_rnk",63.1026
"36081099200","tract",2023,"food_rnk",2.7823
"36081099701","tract",2023,"food_rnk",85.4293
"36081099703","tract",2023,"food_rnk",65.7909
"36081099704","tract",2023,"food_rnk",70.4997
"36081099705","tract",2023,"food_rnk",44.0051
"36081099801","tract",2023,"food_rnk",14.6598
"36081099802","tract",2023,"food_rnk",6.6426
"36081099900","tract",2023,"food_rnk",NA
"36081100801","tract",2023,"food_rnk",78.2313
"36081100803","tract",2023,"food_rnk",14.8307
"36081100804","tract",2023,"food_rnk",43.2115
"36081101002","tract",2023,"food_rnk",25.3287
"36081101003","tract",2023,"food_rnk",21.7883
"36081101004","tract",2023,"food_rnk",6.5803
"36081101700","tract",2023,"food_rnk",53.5838
"36081102900","tract",2023,"food_rnk",55.7862
"36081103201","tract",2023,"food_rnk",2.6102
"36081103202","tract",2023,"food_rnk",24.031
"36081103300","tract",2023,"food_rnk",55.9436
"36081103900","tract",2023,"food_rnk",31.9249
"36081104700","tract",2023,"food_rnk",76.0972
"36081105900","tract",2023,"food_rnk",62.2566
"36081107201","tract",2023,"food_rnk",68.926
"36081107202","tract",2023,"food_rnk",NA
"36081108500","tract",2023,"food_rnk",55.1355
"36081109300","tract",2023,"food_rnk",63.5238
"36081109700","tract",2023,"food_rnk",75.7908
"36081109900","tract",2023,"food_rnk",51.6414
"36081111300","tract",2023,"food_rnk",76.9005
"36081112300","tract",2023,"food_rnk",46.4065
"36081112900","tract",2023,"food_rnk",51.0383
"36081113300","tract",2023,"food_rnk",65.2684
"36081113900","tract",2023,"food_rnk",67.4513
"36081114100","tract",2023,"food_rnk",48.5905
"36081114700","tract",2023,"food_rnk",41.9675
"36081115100","tract",2023,"food_rnk",16.0284
"36081115500","tract",2023,"food_rnk",59.7783
"36081115700","tract",2023,"food_rnk",36.4469
"36081115900","tract",2023,"food_rnk",37.5774
"36081116100","tract",2023,"food_rnk",42.4107
"36081116301","tract",2023,"food_rnk",58.2132
"36081116302","tract",2023,"food_rnk",10.7299
"36081116700","tract",2023,"food_rnk",7.7169
"36081117100","tract",2023,"food_rnk",22.7991
"36081117500","tract",2023,"food_rnk",32.0873
"36081118100","tract",2023,"food_rnk",43.5216
"36081118500","tract",2023,"food_rnk",14.086
"36081118700","tract",2023,"food_rnk",64.8118
"36081118900","tract",2023,"food_rnk",23.7001
"36081119100","tract",2023,"food_rnk",49.5172
"36081119300","tract",2023,"food_rnk",9.691
"36081119500","tract",2023,"food_rnk",23.9296
"36081119900","tract",2023,"food_rnk",42.2764
"36081120100","tract",2023,"food_rnk",47.9728
"36081120300","tract",2023,"food_rnk",22.9334
"36081120500","tract",2023,"food_rnk",9.7716
"36081120701","tract",2023,"food_rnk",35.5898
"36081120702","tract",2023,"food_rnk",NA
"36081121100","tract",2023,"food_rnk",NA
"36081121500","tract",2023,"food_rnk",52.6108
"36081122300","tract",2023,"food_rnk",34.0492
"36081122702","tract",2023,"food_rnk",1.8288
"36081122703","tract",2023,"food_rnk",45.0928
"36081122704","tract",2023,"food_rnk",37.0854
"36081124100","tract",2023,"food_rnk",38.8617
"36081124700","tract",2023,"food_rnk",71.2407
"36081125700","tract",2023,"food_rnk",30.3451
"36081126500","tract",2023,"food_rnk",33.7525
"36081126700","tract",2023,"food_rnk",NA
"36081127700","tract",2023,"food_rnk",62.6717
"36081128300","tract",2023,"food_rnk",NA
"36081129102","tract",2023,"food_rnk",84.1926
"36081129103","tract",2023,"food_rnk",67.1863
"36081129104","tract",2023,"food_rnk",64.6885
"36081130100","tract",2023,"food_rnk",51.2593
"36081133300","tract",2023,"food_rnk",55.9791
"36081133900","tract",2023,"food_rnk",40.3768
"36081134100","tract",2023,"food_rnk",41.5756
"36081134701","tract",2023,"food_rnk",36.7863
"36081134702","tract",2023,"food_rnk",72.7399
"36081136700","tract",2023,"food_rnk",41.3998
"36081137700","tract",2023,"food_rnk",60.3045
"36081138501","tract",2023,"food_rnk",32.6928
"36081138502","tract",2023,"food_rnk",NA
"36081139900","tract",2023,"food_rnk",73.9437
"36081140300","tract",2023,"food_rnk",45.1173
"36081140901","tract",2023,"food_rnk",75.4661
"36081140902","tract",2023,"food_rnk",39.969
"36081141700","tract",2023,"food_rnk",46.1342
"36081142900","tract",2023,"food_rnk",44.3127
"36081143500","tract",2023,"food_rnk",43.695
"36081144100","tract",2023,"food_rnk",52.1261
"36081144700","tract",2023,"food_rnk",54.2003
"36081145101","tract",2023,"food_rnk",20.145
"36081145102","tract",2023,"food_rnk",52.17
"36081145900","tract",2023,"food_rnk",37.2831
"36081146300","tract",2023,"food_rnk",78.368
"36081146700","tract",2023,"food_rnk",53.9854
"36081147100","tract",2023,"food_rnk",60.4949
"36081147900","tract",2023,"food_rnk",49.2034
"36081148300","tract",2023,"food_rnk",76.3304
"36081150701","tract",2023,"food_rnk",64.238
"36081150702","tract",2023,"food_rnk",53.5532
"36081152901","tract",2023,"food_rnk",53.5044
"36081152902","tract",2023,"food_rnk",74.3758
"36081155101","tract",2023,"food_rnk",87.7648
"36081155103","tract",2023,"food_rnk",62.7339
"36081155104","tract",2023,"food_rnk",79.0748
"36081156700","tract",2023,"food_rnk",NA
"36081157101","tract",2023,"food_rnk",67.4781
"36081157102","tract",2023,"food_rnk",60.7098
"36081157901","tract",2023,"food_rnk",67.0166
"36081157902","tract",2023,"food_rnk",39.3366
"36081157903","tract",2023,"food_rnk",41.0763
"36081161700","tract",2023,"food_rnk",46.4199
"36081162100","tract",2023,"food_rnk",53.3689
"36081990100","tract",2023,"food_rnk",NA
"36083040100","tract",2023,"food_rnk",4.1472
"36083040200","tract",2023,"food_rnk",6.9881
"36083040300","tract",2023,"food_rnk",29.2549
"36083040400","tract",2023,"food_rnk",2.8275
"36083040500","tract",2023,"food_rnk",1.8447
"36083040600","tract",2023,"food_rnk",NA
"36083040701","tract",2023,"food_rnk",51.0017
"36083040702","tract",2023,"food_rnk",25.0113
"36083040800","tract",2023,"food_rnk",81.1466
"36083040900","tract",2023,"food_rnk",4.4219
"36083041000","tract",2023,"food_rnk",24.4167
"36083041101","tract",2023,"food_rnk",53.7962
"36083041102","tract",2023,"food_rnk",1.979
"36083041200","tract",2023,"food_rnk",78.9345
"36083041300","tract",2023,"food_rnk",NA
"36083041400","tract",2023,"food_rnk",43.2799
"36083051500","tract",2023,"food_rnk",4.6795
"36083051601","tract",2023,"food_rnk",13.1045
"36083051602","tract",2023,"food_rnk",39.2255
"36083051701","tract",2023,"food_rnk",84.4624
"36083051702","tract",2023,"food_rnk",32.1324
"36083051800","tract",2023,"food_rnk",69.9064
"36083051901","tract",2023,"food_rnk",74.8605
"36083051902","tract",2023,"food_rnk",86.666
"36083052002","tract",2023,"food_rnk",84.4929
"36083052003","tract",2023,"food_rnk",54.3724
"36083052004","tract",2023,"food_rnk",90.6752
"36083052101","tract",2023,"food_rnk",82.4285
"36083052102","tract",2023,"food_rnk",51.8429
"36083052103","tract",2023,"food_rnk",48.8384
"36083052201","tract",2023,"food_rnk",75.7639
"36083052203","tract",2023,"food_rnk",76.0154
"36083052204","tract",2023,"food_rnk",86.0715
"36083052301","tract",2023,"food_rnk",88.9771
"36083052303","tract",2023,"food_rnk",63.2174
"36083052305","tract",2023,"food_rnk",60.91
"36083052306","tract",2023,"food_rnk",87.0542
"36083052402","tract",2023,"food_rnk",70.7793
"36083052405","tract",2023,"food_rnk",17.4055
"36083052406","tract",2023,"food_rnk",96.9845
"36083052407","tract",2023,"food_rnk",87.6537
"36083052408","tract",2023,"food_rnk",84.6113
"36083052501","tract",2023,"food_rnk",80.8695
"36083052502","tract",2023,"food_rnk",80.8695
"36083052503","tract",2023,"food_rnk",54.1576
"36083052601","tract",2023,"food_rnk",86.9065
"36083052602","tract",2023,"food_rnk",54.0892
"36083052603","tract",2023,"food_rnk",63.7582
"36085000300","tract",2023,"food_rnk",39.3525
"36085000600","tract",2023,"food_rnk",1.1989
"36085000700","tract",2023,"food_rnk",3.7553
"36085000800","tract",2023,"food_rnk",53.2676
"36085000900","tract",2023,"food_rnk",5.2008
"36085001100","tract",2023,"food_rnk",3.9628
"36085001700","tract",2023,"food_rnk",7.7926
"36085001800","tract",2023,"food_rnk",63.0282
"36085002001","tract",2023,"food_rnk",15.9612
"36085002002","tract",2023,"food_rnk",55.1757
"36085002100","tract",2023,"food_rnk",7.9611
"36085002700","tract",2023,"food_rnk",1.4052
"36085002900","tract",2023,"food_rnk",0.8619
"36085003300","tract",2023,"food_rnk",51.5596
"36085003600","tract",2023,"food_rnk",52.6633
"36085003900","tract",2023,"food_rnk",29.1548
"36085004001","tract",2023,"food_rnk",6.7512
"36085004002","tract",2023,"food_rnk",39.9189
"36085004003","tract",2023,"food_rnk",0.3479
"36085004004","tract",2023,"food_rnk",22.5708
"36085004700","tract",2023,"food_rnk",41.1776
"36085005000","tract",2023,"food_rnk",41.8479
"36085005901","tract",2023,"food_rnk",22.019
"36085005902","tract",2023,"food_rnk",NA
"36085006400","tract",2023,"food_rnk",28.2856
"36085006700","tract",2023,"food_rnk",74.786
"36085007001","tract",2023,"food_rnk",42.971
"36085007002","tract",2023,"food_rnk",36.4054
"36085007400","tract",2023,"food_rnk",20.9947
"36085007500","tract",2023,"food_rnk",74.5223
"36085007700","tract",2023,"food_rnk",14.1458
"36085008100","tract",2023,"food_rnk",11.3428
"36085009601","tract",2023,"food_rnk",45.221
"36085009602","tract",2023,"food_rnk",37.3637
"36085009701","tract",2023,"food_rnk",32.6305
"36085009702","tract",2023,"food_rnk",NA
"36085010500","tract",2023,"food_rnk",20.1304
"36085011201","tract",2023,"food_rnk",33.7671
"36085011203","tract",2023,"food_rnk",35.2151
"36085011204","tract",2023,"food_rnk",NA
"36085011401","tract",2023,"food_rnk",3.4061
"36085011402","tract",2023,"food_rnk",45.1417
"36085012100","tract",2023,"food_rnk",78.0506
"36085012200","tract",2023,"food_rnk",61.341
"36085012500","tract",2023,"food_rnk",56.8288
"36085012804","tract",2023,"food_rnk",25.3629
"36085012805","tract",2023,"food_rnk",29.5198
"36085012806","tract",2023,"food_rnk",26.9402
"36085013201","tract",2023,"food_rnk",75.4795
"36085013203","tract",2023,"food_rnk",52.5717
"36085013204","tract",2023,"food_rnk",57.5686
"36085013301","tract",2023,"food_rnk",0.2234
"36085013302","tract",2023,"food_rnk",5.8722
"36085013400","tract",2023,"food_rnk",16.8097
"36085013800","tract",2023,"food_rnk",72.5812
"36085014100","tract",2023,"food_rnk",47.9508
"36085014604","tract",2023,"food_rnk",71.336
"36085014605","tract",2023,"food_rnk",67.8615
"36085014606","tract",2023,"food_rnk",60.1751
"36085014607","tract",2023,"food_rnk",34.3458
"36085014608","tract",2023,"food_rnk",73.7642
"36085014700","tract",2023,"food_rnk",44.1333
"36085015100","tract",2023,"food_rnk",74.3758
"36085015400","tract",2023,"food_rnk",NA
"36085015601","tract",2023,"food_rnk",63.9389
"36085015602","tract",2023,"food_rnk",47.6065
"36085015603","tract",2023,"food_rnk",63.7582
"36085016901","tract",2023,"food_rnk",81.6777
"36085017005","tract",2023,"food_rnk",77.4658
"36085017007","tract",2023,"food_rnk",70.2006
"36085017009","tract",2023,"food_rnk",61.7231
"36085017011","tract",2023,"food_rnk",62.9122
"36085017012","tract",2023,"food_rnk",58.0435
"36085017013","tract",2023,"food_rnk",38.1121
"36085017014","tract",2023,"food_rnk",44.4385
"36085017015","tract",2023,"food_rnk",69.6781
"36085017016","tract",2023,"food_rnk",37.8203
"36085017300","tract",2023,"food_rnk",33.4351
"36085017600","tract",2023,"food_rnk",85.2425
"36085017701","tract",2023,"food_rnk",80.22
"36085017702","tract",2023,"food_rnk",47.1817
"36085018100","tract",2023,"food_rnk",53.6363
"36085018701","tract",2023,"food_rnk",59.2155
"36085018703","tract",2023,"food_rnk",82.3455
"36085018704","tract",2023,"food_rnk",35.6839
"36085018901","tract",2023,"food_rnk",43.4557
"36085018902","tract",2023,"food_rnk",39.3879
"36085019700","tract",2023,"food_rnk",55.0329
"36085019800","tract",2023,"food_rnk",74.1183
"36085020100","tract",2023,"food_rnk",34.4679
"36085020701","tract",2023,"food_rnk",13.4683
"36085020702","tract",2023,"food_rnk",20.7274
"36085020803","tract",2023,"food_rnk",47.128
"36085020804","tract",2023,"food_rnk",76.2938
"36085020805","tract",2023,"food_rnk",55.6067
"36085020806","tract",2023,"food_rnk",55.0976
"36085021300","tract",2023,"food_rnk",23.6623
"36085022300","tract",2023,"food_rnk",33.1408
"36085022601","tract",2023,"food_rnk",41.0507
"36085022602","tract",2023,"food_rnk",20.7518
"36085022801","tract",2023,"food_rnk",NA
"36085022802","tract",2023,"food_rnk",NA
"36085023100","tract",2023,"food_rnk",18.4737
"36085023900","tract",2023,"food_rnk",55.7581
"36085024401","tract",2023,"food_rnk",85.4293
"36085024402","tract",2023,"food_rnk",59.5146
"36085024700","tract",2023,"food_rnk",28.4528
"36085024800","tract",2023,"food_rnk",69.4363
"36085025100","tract",2023,"food_rnk",57.0302
"36085027301","tract",2023,"food_rnk",51.9308
"36085027302","tract",2023,"food_rnk",40.7882
"36085027702","tract",2023,"food_rnk",51.6573
"36085027704","tract",2023,"food_rnk",31.0166
"36085027705","tract",2023,"food_rnk",65.3648
"36085027706","tract",2023,"food_rnk",80.4031
"36085027900","tract",2023,"food_rnk",55.7349
"36085029102","tract",2023,"food_rnk",68.4829
"36085029104","tract",2023,"food_rnk",59.7014
"36085029105","tract",2023,"food_rnk",50.3058
"36085029106","tract",2023,"food_rnk",59.0592
"36085030301","tract",2023,"food_rnk",45.3797
"36085030302","tract",2023,"food_rnk",33.2812
"36085031901","tract",2023,"food_rnk",3.4183
"36085031902","tract",2023,"food_rnk",4.9261
"36085032300","tract",2023,"food_rnk",31.7784
"36085990100","tract",2023,"food_rnk",NA
"36087010101","tract",2023,"food_rnk",80.5997
"36087010102","tract",2023,"food_rnk",67.9799
"36087010200","tract",2023,"food_rnk",26.1601
"36087010501","tract",2023,"food_rnk",75.145
"36087010503","tract",2023,"food_rnk",70.5546
"36087010504","tract",2023,"food_rnk",70.341
"36087010601","tract",2023,"food_rnk",41.7185
"36087010602","tract",2023,"food_rnk",58.0435
"36087010701","tract",2023,"food_rnk",14.1275
"36087010702","tract",2023,"food_rnk",24.8099
"36087010703","tract",2023,"food_rnk",22.24
"36087010801","tract",2023,"food_rnk",77.4035
"36087010802","tract",2023,"food_rnk",92.6677
"36087010803","tract",2023,"food_rnk",69.0774
"36087010804","tract",2023,"food_rnk",65.388
"36087010901","tract",2023,"food_rnk",93.6382
"36087010902","tract",2023,"food_rnk",67.2303
"36087011000","tract",2023,"food_rnk",73.1269
"36087011101","tract",2023,"food_rnk",72.0587
"36087011102","tract",2023,"food_rnk",62.4568
"36087011200","tract",2023,"food_rnk",95.2241
"36087011302","tract",2023,"food_rnk",72.2247
"36087011303","tract",2023,"food_rnk",51.9723
"36087011304","tract",2023,"food_rnk",7.3409
"36087011305","tract",2023,"food_rnk",30.8139
"36087011401","tract",2023,"food_rnk",90.099
"36087011403","tract",2023,"food_rnk",71.5936
"36087011404","tract",2023,"food_rnk",82.7789
"36087011405","tract",2023,"food_rnk",50.1105
"36087011505","tract",2023,"food_rnk",0.3504
"36087011506","tract",2023,"food_rnk",0.4175
"36087011507","tract",2023,"food_rnk",91.2246
"36087011508","tract",2023,"food_rnk",93.9422
"36087011509","tract",2023,"food_rnk",29.659
"36087011510","tract",2023,"food_rnk",76.9005
"36087011511","tract",2023,"food_rnk",57.3403
"36087011512","tract",2023,"food_rnk",34.3299
"36087011601","tract",2023,"food_rnk",72.1539
"36087011602","tract",2023,"food_rnk",70.529
"36087011603","tract",2023,"food_rnk",83.1805
"36087011700","tract",2023,"food_rnk",70.5766
"36087011800","tract",2023,"food_rnk",29.5357
"36087011901","tract",2023,"food_rnk",68.1716
"36087011902","tract",2023,"food_rnk",65.1695
"36087012000","tract",2023,"food_rnk",77.0995
"36087012107","tract",2023,"food_rnk",3.4635
"36087012108","tract",2023,"food_rnk",3.7931
"36087012109","tract",2023,"food_rnk",10.7885
"36087012110","tract",2023,"food_rnk",2.2878
"36087012111","tract",2023,"food_rnk",19.6005
"36087012112","tract",2023,"food_rnk",3.0362
"36087012113","tract",2023,"food_rnk",22.533
"36087012114","tract",2023,"food_rnk",4.03
"36087012115","tract",2023,"food_rnk",6.8172
"36087012116","tract",2023,"food_rnk",8.7192
"36087012203","tract",2023,"food_rnk",26.3042
"36087012204","tract",2023,"food_rnk",19.8899
"36087012205","tract",2023,"food_rnk",5.6818
"36087012206","tract",2023,"food_rnk",17.1857
"36087012301","tract",2023,"food_rnk",22.743
"36087012302","tract",2023,"food_rnk",40.4012
"36087012401","tract",2023,"food_rnk",32.1837
"36087012403","tract",2023,"food_rnk",30.3146
"36087012404","tract",2023,"food_rnk",37.5505
"36087012503","tract",2023,"food_rnk",45.7606
"36087012504","tract",2023,"food_rnk",86.2985
"36087012505","tract",2023,"food_rnk",22.9334
"36087012506","tract",2023,"food_rnk",79.3947
"36087012600","tract",2023,"food_rnk",59.9626
"36087012700","tract",2023,"food_rnk",69.2984
"36087012800","tract",2023,"food_rnk",98.2847
"36087013001","tract",2023,"food_rnk",88.0602
"36087013002","tract",2023,"food_rnk",91.7484
"36087013003","tract",2023,"food_rnk",95.6025
"36087013101","tract",2023,"food_rnk",31.1008
"36087013102","tract",2023,"food_rnk",69.2789
"36087013200","tract",2023,"food_rnk",58.3426
"36087013300","tract",2023,"food_rnk",92.222
"36087013401","tract",2023,"food_rnk",80.8695
"36087013402","tract",2023,"food_rnk",90.1674
"36089490100","tract",2023,"food_rnk",20.4661
"36089490200","tract",2023,"food_rnk",32.1153
"36089490300","tract",2023,"food_rnk",18.2198
"36089490400","tract",2023,"food_rnk",55.8301
"36089490500","tract",2023,"food_rnk",38.4442
"36089490600","tract",2023,"food_rnk",40.5623
"36089490700","tract",2023,"food_rnk",52.8793
"36089490800","tract",2023,"food_rnk",45.1173
"36089490900","tract",2023,"food_rnk",21.2279
"36089491000","tract",2023,"food_rnk",52.6938
"36089491100","tract",2023,"food_rnk",NA
"36089491200","tract",2023,"food_rnk",NA
"36089491300","tract",2023,"food_rnk",83.6066
"36089491400","tract",2023,"food_rnk",20.7762
"36089491500","tract",2023,"food_rnk",9.2552
"36089491600","tract",2023,"food_rnk",22.207
"36089491700","tract",2023,"food_rnk",53.8621
"36089491800","tract",2023,"food_rnk",49.5623
"36089491900","tract",2023,"food_rnk",NA
"36089492000","tract",2023,"food_rnk",40.428
"36089492100","tract",2023,"food_rnk",34.3715
"36089492301","tract",2023,"food_rnk",66.3122
"36089492302","tract",2023,"food_rnk",73.7642
"36089492401","tract",2023,"food_rnk",38.2855
"36089492501","tract",2023,"food_rnk",26.7156
"36089492600","tract",2023,"food_rnk",43.1273
"36089492700","tract",2023,"food_rnk",22.1081
"36089492800","tract",2023,"food_rnk",33.805
"36089492900","tract",2023,"food_rnk",47.2794
"36089493000","tract",2023,"food_rnk",69.2569
"36091060102","tract",2023,"food_rnk",62.2078
"36091060103","tract",2023,"food_rnk",75.1193
"36091060104","tract",2023,"food_rnk",65.7909
"36091060200","tract",2023,"food_rnk",29.963
"36091060301","tract",2023,"food_rnk",46.3308
"36091060400","tract",2023,"food_rnk",22.9786
"36091060501","tract",2023,"food_rnk",68.6819
"36091060504","tract",2023,"food_rnk",45.8412
"36091060505","tract",2023,"food_rnk",68.9041
"36091060506","tract",2023,"food_rnk",47.8519
"36091060507","tract",2023,"food_rnk",87.3106
"36091060601","tract",2023,"food_rnk",69.2789
"36091060602","tract",2023,"food_rnk",28.3137
"36091060703","tract",2023,"food_rnk",40.7491
"36091060704","tract",2023,"food_rnk",82.2881
"36091060705","tract",2023,"food_rnk",63.1258
"36091060706","tract",2023,"food_rnk",98.5423
"36091060800","tract",2023,"food_rnk",76.7357
"36091060901","tract",2023,"food_rnk",58.1399
"36091060902","tract",2023,"food_rnk",26.3713
"36091061001","tract",2023,"food_rnk",85.4293
"36091061002","tract",2023,"food_rnk",3.3256
"36091061101","tract",2023,"food_rnk",25.7743
"36091061102","tract",2023,"food_rnk",86.2985
"36091061201","tract",2023,"food_rnk",60.4485
"36091061202","tract",2023,"food_rnk",63.1258
"36091061301","tract",2023,"food_rnk",67.0166
"36091061303","tract",2023,"food_rnk",NA
"36091061304","tract",2023,"food_rnk",85.2706
"36091061305","tract",2023,"food_rnk",68.3681
"36091061401","tract",2023,"food_rnk",25.6864
"36091061403","tract",2023,"food_rnk",79.0236
"36091061404","tract",2023,"food_rnk",87.0542
"36091061500","tract",2023,"food_rnk",80.8402
"36091061600","tract",2023,"food_rnk",98.4764
"36091061701","tract",2023,"food_rnk",61.2518
"36091061702","tract",2023,"food_rnk",94.1571
"36091061800","tract",2023,"food_rnk",56.537
"36091061904","tract",2023,"food_rnk",93.9178
"36091061905","tract",2023,"food_rnk",73.6934
"36091061906","tract",2023,"food_rnk",60.1531
"36091061907","tract",2023,"food_rnk",64.9913
"36091062001","tract",2023,"food_rnk",65.388
"36091062002","tract",2023,"food_rnk",67.1131
"36091062100","tract",2023,"food_rnk",64.0109
"36091062200","tract",2023,"food_rnk",33.4143
"36091062300","tract",2023,"food_rnk",27.2454
"36091062404","tract",2023,"food_rnk",88.5192
"36091062406","tract",2023,"food_rnk",76.6185
"36091062407","tract",2023,"food_rnk",72.4884
"36091062408","tract",2023,"food_rnk",78.7391
"36091062409","tract",2023,"food_rnk",73.3882
"36091062410","tract",2023,"food_rnk",54.8571
"36091062501","tract",2023,"food_rnk",92.4626
"36091062503","tract",2023,"food_rnk",99.4518
"36091062505","tract",2023,"food_rnk",89.7035
"36091062506","tract",2023,"food_rnk",96.5878
"36091062507","tract",2023,"food_rnk",74.4735
"36091062508","tract",2023,"food_rnk",51.0383
"36091062509","tract",2023,"food_rnk",95.7185
"36091062601","tract",2023,"food_rnk",89.6778
"36091062602","tract",2023,"food_rnk",87.9577
"36091062700","tract",2023,"food_rnk",64.1135
"36091062800","tract",2023,"food_rnk",43.2115
"36091062900","tract",2023,"food_rnk",92.2892
"36093020101","tract",2023,"food_rnk",84.5564
"36093020102","tract",2023,"food_rnk",7.7584
"36093020200","tract",2023,"food_rnk",18.376
"36093020300","tract",2023,"food_rnk",NA
"36093020500","tract",2023,"food_rnk",66.6919
"36093020600","tract",2023,"food_rnk",27.4591
"36093020700","tract",2023,"food_rnk",5.4388
"36093020800","tract",2023,"food_rnk",4.8101
"36093020900","tract",2023,"food_rnk",16.1346
"36093021001","tract",2023,"food_rnk",53.0576
"36093021002","tract",2023,"food_rnk",0.0317
"36093021200","tract",2023,"food_rnk",17.1625
"36093021400","tract",2023,"food_rnk",1.2575
"36093021500","tract",2023,"food_rnk",1.0267
"36093021600","tract",2023,"food_rnk",15.9673
"36093021700","tract",2023,"food_rnk",19.8374
"36093021801","tract",2023,"food_rnk",55.3589
"36093021802","tract",2023,"food_rnk",35.4678
"36093031901","tract",2023,"food_rnk",84.9092
"36093031902","tract",2023,"food_rnk",70.8965
"36093032000","tract",2023,"food_rnk",72.8632
"36093032101","tract",2023,"food_rnk",99.5239
"36093032102","tract",2023,"food_rnk",91.7484
"36093032200","tract",2023,"food_rnk",64.6714
"36093032300","tract",2023,"food_rnk",29.5357
"36093032402","tract",2023,"food_rnk",82.2454
"36093032403","tract",2023,"food_rnk",74.675
"36093032404","tract",2023,"food_rnk",74.7201
"36093032502","tract",2023,"food_rnk",74.675
"36093032503","tract",2023,"food_rnk",88.8159
"36093032504","tract",2023,"food_rnk",83.233
"36093032601","tract",2023,"food_rnk",75.2255
"36093032602","tract",2023,"food_rnk",68.1044
"36093032700","tract",2023,"food_rnk",46.8899
"36093032901","tract",2023,"food_rnk",70.0077
"36093032902","tract",2023,"food_rnk",81.0404
"36093033002","tract",2023,"food_rnk",82.4285
"36093033003","tract",2023,"food_rnk",76.9482
"36093033004","tract",2023,"food_rnk",86.5842
"36093033101","tract",2023,"food_rnk",52.4301
"36093033102","tract",2023,"food_rnk",81.2943
"36093033200","tract",2023,"food_rnk",42.3325
"36093033300","tract",2023,"food_rnk",43.8451
"36093033400","tract",2023,"food_rnk",NA
"36093033500","tract",2023,"food_rnk",42.9466
"36095740100","tract",2023,"food_rnk",34.8854
"36095740200","tract",2023,"food_rnk",68.4389
"36095740300","tract",2023,"food_rnk",NA
"36095740400","tract",2023,"food_rnk",49.616
"36095740500","tract",2023,"food_rnk",51.9112
"36095740600","tract",2023,"food_rnk",56.6444
"36095740700","tract",2023,"food_rnk",60.7598
"36095740800","tract",2023,"food_rnk",47.0474
"36097950100","tract",2023,"food_rnk",60.7818
"36097950200","tract",2023,"food_rnk",54.912
"36097950300","tract",2023,"food_rnk",52.7292
"36097950400","tract",2023,"food_rnk",35.5264
"36097950500","tract",2023,"food_rnk",33.0432
"36099950100","tract",2023,"food_rnk",41.506
"36099950200","tract",2023,"food_rnk",23.6903
"36099950300","tract",2023,"food_rnk",71.7449
"36099950400","tract",2023,"food_rnk",30.5917
"36099950500","tract",2023,"food_rnk",27.5738
"36099950600","tract",2023,"food_rnk",75.9361
"36099950700","tract",2023,"food_rnk",76.7076
"36099950801","tract",2023,"food_rnk",NA
"36099950802","tract",2023,"food_rnk",55.896
"36099950900","tract",2023,"food_rnk",57.256
"36099951000","tract",2023,"food_rnk",77.9468
"36101960100","tract",2023,"food_rnk",55.8106
"36101960200","tract",2023,"food_rnk",43.6291
"36101960300","tract",2023,"food_rnk",43.8744
"36101960400","tract",2023,"food_rnk",32.2692
"36101960500","tract",2023,"food_rnk",58.9603
"36101960600","tract",2023,"food_rnk",43.3239
"36101960700","tract",2023,"food_rnk",29.6712
"36101960800","tract",2023,"food_rnk",15.6279
"36101960900","tract",2023,"food_rnk",20.8678
"36101961000","tract",2023,"food_rnk",45.0721
"36101961100","tract",2023,"food_rnk",22.3389
"36101961200","tract",2023,"food_rnk",39.3879
"36101961300","tract",2023,"food_rnk",31.4952
"36101961400","tract",2023,"food_rnk",36.5384
"36101961500","tract",2023,"food_rnk",43.4557
"36101961600","tract",2023,"food_rnk",72.7729
"36101961700","tract",2023,"food_rnk",30.8872
"36101961800","tract",2023,"food_rnk",48.0644
"36101961900","tract",2023,"food_rnk",53.7083
"36101962000","tract",2023,"food_rnk",61.0883
"36101962100","tract",2023,"food_rnk",35.414
"36101962200","tract",2023,"food_rnk",38.5052
"36101962301","tract",2023,"food_rnk",68.4389
"36101962302","tract",2023,"food_rnk",34.7047
"36101962400","tract",2023,"food_rnk",81.9255
"36101962500","tract",2023,"food_rnk",19.9668
"36101962600","tract",2023,"food_rnk",57.3232
"36101962700","tract",2023,"food_rnk",30.2804
"36101962800","tract",2023,"food_rnk",43.8744
"36101962900","tract",2023,"food_rnk",55.0976
"36101963000","tract",2023,"food_rnk",75.8518
"36103110101","tract",2023,"food_rnk",97.5009
"36103110103","tract",2023,"food_rnk",89.607
"36103110104","tract",2023,"food_rnk",94.1888
"36103110200","tract",2023,"food_rnk",82.166
"36103110300","tract",2023,"food_rnk",93.753
"36103110401","tract",2023,"food_rnk",91.271
"36103110402","tract",2023,"food_rnk",89.48
"36103110501","tract",2023,"food_rnk",85.472
"36103110502","tract",2023,"food_rnk",84.1584
"36103110601","tract",2023,"food_rnk",84.9361
"36103110602","tract",2023,"food_rnk",93.4734
"36103110801","tract",2023,"food_rnk",93.4917
"36103110803","tract",2023,"food_rnk",93.1499
"36103110901","tract",2023,"food_rnk",36.5238
"36103110902","tract",2023,"food_rnk",21.0155
"36103111001","tract",2023,"food_rnk",67.0643
"36103111002","tract",2023,"food_rnk",32.1153
"36103111101","tract",2023,"food_rnk",15.4668
"36103111102","tract",2023,"food_rnk",35.9048
"36103111103","tract",2023,"food_rnk",69.4363
"36103111201","tract",2023,"food_rnk",45.5519
"36103111202","tract",2023,"food_rnk",76.5135
"36103111300","tract",2023,"food_rnk",80.9671
"36103111401","tract",2023,"food_rnk",88.2287
"36103111402","tract",2023,"food_rnk",84.2915
"36103111503","tract",2023,"food_rnk",51.5804
"36103111504","tract",2023,"food_rnk",89.5753
"36103111506","tract",2023,"food_rnk",69.2984
"36103111507","tract",2023,"food_rnk",79.6096
"36103111508","tract",2023,"food_rnk",75.0632
"36103111601","tract",2023,"food_rnk",89.5264
"36103111602","tract",2023,"food_rnk",83.8801
"36103111701","tract",2023,"food_rnk",53.3433
"36103111703","tract",2023,"food_rnk",94.9933
"36103111704","tract",2023,"food_rnk",88.2702
"36103111801","tract",2023,"food_rnk",74.7482
"36103111802","tract",2023,"food_rnk",93.4148
"36103111803","tract",2023,"food_rnk",75.1792
"36103111804","tract",2023,"food_rnk",63.1429
"36103111900","tract",2023,"food_rnk",92.4906
"36103112001","tract",2023,"food_rnk",78.4974
"36103112002","tract",2023,"food_rnk",80.082
"36103112102","tract",2023,"food_rnk",95.6709
"36103112103","tract",2023,"food_rnk",82
"36103112104","tract",2023,"food_rnk",88.1322
"36103112204","tract",2023,"food_rnk",75.6895
"36103112211","tract",2023,"food_rnk",88.8818
"36103112212","tract",2023,"food_rnk",92.83
"36103112213","tract",2023,"food_rnk",86.9383
"36103112215","tract",2023,"food_rnk",95.92
"36103112216","tract",2023,"food_rnk",77.539
"36103112217","tract",2023,"food_rnk",75.5393
"36103112218","tract",2023,"food_rnk",68.926
"36103112219","tract",2023,"food_rnk",83.3331
"36103112220","tract",2023,"food_rnk",83.9728
"36103122300","tract",2023,"food_rnk",84.2365
"36103122405","tract",2023,"food_rnk",37.2514
"36103122407","tract",2023,"food_rnk",32.5524
"36103122408","tract",2023,"food_rnk",82.094
"36103122502","tract",2023,"food_rnk",52.5082
"36103122602","tract",2023,"food_rnk",93.0522
"36103122603","tract",2023,"food_rnk",68.4389
"36103122604","tract",2023,"food_rnk",69.8258
"36103122605","tract",2023,"food_rnk",64.6433
"36103122704","tract",2023,"food_rnk",74.5761
"36103122705","tract",2023,"food_rnk",65.0267
"36103122706","tract",2023,"food_rnk",74.5956
"36103122707","tract",2023,"food_rnk",49.9078
"36103122801","tract",2023,"food_rnk",52.5375
"36103122802","tract",2023,"food_rnk",80.3714
"36103122901","tract",2023,"food_rnk",65.957
"36103122902","tract",2023,"food_rnk",83.4137
"36103123001","tract",2023,"food_rnk",70.1115
"36103123002","tract",2023,"food_rnk",37.5774
"36103123101","tract",2023,"food_rnk",74.5223
"36103123102","tract",2023,"food_rnk",69.7977
"36103123201","tract",2023,"food_rnk",22.9517
"36103123203","tract",2023,"food_rnk",46.6653
"36103123204","tract",2023,"food_rnk",24.689
"36103123303","tract",2023,"food_rnk",26.2443
"36103123304","tract",2023,"food_rnk",27.6593
"36103123401","tract",2023,"food_rnk",70.6547
"36103123403","tract",2023,"food_rnk",27.2674
"36103123404","tract",2023,"food_rnk",47.8031
"36103123500","tract",2023,"food_rnk",55.3088
"36103123600","tract",2023,"food_rnk",79.7195
"36103123701","tract",2023,"food_rnk",34.6071
"36103123703","tract",2023,"food_rnk",45.3639
"36103123704","tract",2023,"food_rnk",37.6579
"36103123801","tract",2023,"food_rnk",49.8273
"36103123802","tract",2023,"food_rnk",52.4569
"36103123900","tract",2023,"food_rnk",74.3136
"36103124001","tract",2023,"food_rnk",48.4038
"36103124002","tract",2023,"food_rnk",80.4788
"36103124101","tract",2023,"food_rnk",42.4607
"36103124102","tract",2023,"food_rnk",88.8367
"36103124200","tract",2023,"food_rnk",86.5842
"36103124301","tract",2023,"food_rnk",54.0269
"36103124302","tract",2023,"food_rnk",71.3567
"36103124401","tract",2023,"food_rnk",83.8801
"36103124402","tract",2023,"food_rnk",85.8334
"36103124500","tract",2023,"food_rnk",69.2569
"36103124601","tract",2023,"food_rnk",52.1041
"36103124602","tract",2023,"food_rnk",87.7928
"36103134702","tract",2023,"food_rnk",93.0791
"36103134703","tract",2023,"food_rnk",84.5564
"36103134704","tract",2023,"food_rnk",78.6329
"36103134902","tract",2023,"food_rnk",88.4948
"36103134906","tract",2023,"food_rnk",83.8544
"36103134907","tract",2023,"food_rnk",80.6522
"36103134908","tract",2023,"food_rnk",93.3867
"36103134909","tract",2023,"food_rnk",72.6508
"36103135002","tract",2023,"food_rnk",67.3951
"36103135003","tract",2023,"food_rnk",69.02
"36103135004","tract",2023,"food_rnk",94.5062
"36103135005","tract",2023,"food_rnk",95.3486
"36103135101","tract",2023,"food_rnk",79.6096
"36103135102","tract",2023,"food_rnk",67.8615
"36103135103","tract",2023,"food_rnk",77.2314
"36103135104","tract",2023,"food_rnk",83.1146
"36103135201","tract",2023,"food_rnk",83.5285
"36103135205","tract",2023,"food_rnk",85.0447
"36103135208","tract",2023,"food_rnk",82.901
"36103135209","tract",2023,"food_rnk",78.8075
"36103135303","tract",2023,"food_rnk",48.9739
"36103135305","tract",2023,"food_rnk",85.6832
"36103135306","tract",2023,"food_rnk",98.4385
"36103135401","tract",2023,"food_rnk",99.5019
"36103135402","tract",2023,"food_rnk",83.5773
"36103135403","tract",2023,"food_rnk",81.7644
"36103135500","tract",2023,"food_rnk",92.6091
"36103145701","tract",2023,"food_rnk",47.443
"36103145703","tract",2023,"food_rnk",46.0304
"36103145705","tract",2023,"food_rnk",53.9854
"36103145706","tract",2023,"food_rnk",61.3849
"36103145803","tract",2023,"food_rnk",69.6536
"36103145804","tract",2023,"food_rnk",52.8793
"36103145807","tract",2023,"food_rnk",74.6945
"36103145808","tract",2023,"food_rnk",45.3639
"36103145809","tract",2023,"food_rnk",50.7649
"36103145810","tract",2023,"food_rnk",63.8156
"36103145901","tract",2023,"food_rnk",33.8758
"36103145903","tract",2023,"food_rnk",67.2889
"36103145904","tract",2023,"food_rnk",23.8942
"36103145905","tract",2023,"food_rnk",38.5431
"36103146002","tract",2023,"food_rnk",37.0512
"36103146004","tract",2023,"food_rnk",36.6105
"36103146005","tract",2023,"food_rnk",49.8871
"36103146102","tract",2023,"food_rnk",54.3724
"36103146103","tract",2023,"food_rnk",51.5035
"36103146202","tract",2023,"food_rnk",87.1336
"36103146203","tract",2023,"food_rnk",48.7444
"36103146205","tract",2023,"food_rnk",75.6895
"36103146206","tract",2023,"food_rnk",53.6875
"36103146300","tract",2023,"food_rnk",8.8303
"36103146402","tract",2023,"food_rnk",89.4068
"36103146403","tract",2023,"food_rnk",18.3235
"36103146404","tract",2023,"food_rnk",31.6954
"36103146500","tract",2023,"food_rnk",73.0317
"36103146607","tract",2023,"food_rnk",55.3857
"36103146608","tract",2023,"food_rnk",51.0688
"36103146611","tract",2023,"food_rnk",93.7334
"36103146612","tract",2023,"food_rnk",72.1173
"36103146613","tract",2023,"food_rnk",54.3981
"36103146614","tract",2023,"food_rnk",75.6504
"36103146616","tract",2023,"food_rnk",76.765
"36103146617","tract",2023,"food_rnk",91.7838
"36103146618","tract",2023,"food_rnk",54.7692
"36103146619","tract",2023,"food_rnk",56.9008
"36103146620","tract",2023,"food_rnk",70.087
"36103146703","tract",2023,"food_rnk",20.8983
"36103146704","tract",2023,"food_rnk",75.3977
"36103146705","tract",2023,"food_rnk",76.1973
"36103146706","tract",2023,"food_rnk",87.0262
"36103146800","tract",2023,"food_rnk",95.3095
"36103146901","tract",2023,"food_rnk",80.1736
"36103146902","tract",2023,"food_rnk",66.1914
"36103147001","tract",2023,"food_rnk",80.2664
"36103147003","tract",2023,"food_rnk",88.7512
"36103147004","tract",2023,"food_rnk",88.1713
"36103147100","tract",2023,"food_rnk",92.5163
"36103147201","tract",2023,"food_rnk",82.0268
"36103147202","tract",2023,"food_rnk",18.807
"36103147301","tract",2023,"food_rnk",15.2312
"36103147302","tract",2023,"food_rnk",62.5545
"36103147401","tract",2023,"food_rnk",64.9913
"36103147402","tract",2023,"food_rnk",87.2874
"36103147502","tract",2023,"food_rnk",76.0154
"36103147503","tract",2023,"food_rnk",93.0791
"36103147504","tract",2023,"food_rnk",69.3289
"36103147505","tract",2023,"food_rnk",76.2291
"36103147601","tract",2023,"food_rnk",93.9666
"36103147602","tract",2023,"food_rnk",81.6166
"36103147701","tract",2023,"food_rnk",80.8023
"36103147702","tract",2023,"food_rnk",77.268
"36103147802","tract",2023,"food_rnk",67.6576
"36103147803","tract",2023,"food_rnk",84.9654
"36103147804","tract",2023,"food_rnk",86.6892
"36103147901","tract",2023,"food_rnk",59.0336
"36103147902","tract",2023,"food_rnk",93.775
"36103158001","tract",2023,"food_rnk",73.9437
"36103158009","tract",2023,"food_rnk",78.0774
"36103158010","tract",2023,"food_rnk",95.08
"36103158011","tract",2023,"food_rnk",64.0549
"36103158012","tract",2023,"food_rnk",97.2946
"36103158013","tract",2023,"food_rnk",83.3551
"36103158014","tract",2023,"food_rnk",NA
"36103158015","tract",2023,"food_rnk",NA
"36103158016","tract",2023,"food_rnk",96.6476
"36103158017","tract",2023,"food_rnk",85.0936
"36103158102","tract",2023,"food_rnk",77.2888
"36103158103","tract",2023,"food_rnk",54.1576
"36103158107","tract",2023,"food_rnk",83.0609
"36103158108","tract",2023,"food_rnk",75.5393
"36103158111","tract",2023,"food_rnk",88.6731
"36103158112","tract",2023,"food_rnk",46.1171
"36103158114","tract",2023,"food_rnk",61.5912
"36103158116","tract",2023,"food_rnk",77.5146
"36103158117","tract",2023,"food_rnk",56.7995
"36103158118","tract",2023,"food_rnk",93.8592
"36103158119","tract",2023,"food_rnk",56.5589
"36103158120","tract",2023,"food_rnk",67.7357
"36103158205","tract",2023,"food_rnk",89.2713
"36103158206","tract",2023,"food_rnk",71.7217
"36103158207","tract",2023,"food_rnk",98.0869
"36103158208","tract",2023,"food_rnk",83.3905
"36103158209","tract",2023,"food_rnk",60.5743
"36103158304","tract",2023,"food_rnk",90.1906
"36103158306","tract",2023,"food_rnk",88.5461
"36103158309","tract",2023,"food_rnk",66.0375
"36103158310","tract",2023,"food_rnk",51.28
"36103158315","tract",2023,"food_rnk",42.1714
"36103158317","tract",2023,"food_rnk",73.6934
"36103158318","tract",2023,"food_rnk",92.3331
"36103158319","tract",2023,"food_rnk",84.2915
"36103158320","tract",2023,"food_rnk",77.0995
"36103158322","tract",2023,"food_rnk",82.1355
"36103158324","tract",2023,"food_rnk",73.4834
"36103158325","tract",2023,"food_rnk",50.6452
"36103158326","tract",2023,"food_rnk",34.5387
"36103158327","tract",2023,"food_rnk",73.0744
"36103158328","tract",2023,"food_rnk",92.2892
"36103158329","tract",2023,"food_rnk",91.9132
"36103158401","tract",2023,"food_rnk",88.8818
"36103158402","tract",2023,"food_rnk",86.7796
"36103158403","tract",2023,"food_rnk",29.9777
"36103158407","tract",2023,"food_rnk",79.5827
"36103158408","tract",2023,"food_rnk",53.6131
"36103158409","tract",2023,"food_rnk",89.8292
"36103158410","tract",2023,"food_rnk",81.3725
"36103158411","tract",2023,"food_rnk",71.0747
"36103158412","tract",2023,"food_rnk",79.7805
"36103158502","tract",2023,"food_rnk",29.7127
"36103158505","tract",2023,"food_rnk",72.696
"36103158506","tract",2023,"food_rnk",92.5419
"36103158509","tract",2023,"food_rnk",56.9154
"36103158510","tract",2023,"food_rnk",89.4984
"36103158511","tract",2023,"food_rnk",88.1554
"36103158512","tract",2023,"food_rnk",59.5366
"36103158513","tract",2023,"food_rnk",59.0763
"36103158514","tract",2023,"food_rnk",71.6619
"36103158604","tract",2023,"food_rnk",81.3725
"36103158605","tract",2023,"food_rnk",76.5721
"36103158606","tract",2023,"food_rnk",57.8823
"36103158607","tract",2023,"food_rnk",50.4535
"36103158608","tract",2023,"food_rnk",51.3045
"36103158609","tract",2023,"food_rnk",74.8141
"36103158705","tract",2023,"food_rnk",55.8301
"36103158707","tract",2023,"food_rnk",76.0386
"36103158708","tract",2023,"food_rnk",18.4737
"36103158709","tract",2023,"food_rnk",91.0342
"36103158710","tract",2023,"food_rnk",27.774
"36103158711","tract",2023,"food_rnk",44.9122
"36103158712","tract",2023,"food_rnk",62.0991
"36103158713","tract",2023,"food_rnk",7.9306
"36103158714","tract",2023,"food_rnk",29.902
"36103158715","tract",2023,"food_rnk",85.1729
"36103158802","tract",2023,"food_rnk",94.4232
"36103158803","tract",2023,"food_rnk",95.4841
"36103158805","tract",2023,"food_rnk",82.5738
"36103158806","tract",2023,"food_rnk",84.7115
"36103158901","tract",2023,"food_rnk",65.0548
"36103158902","tract",2023,"food_rnk",60.1531
"36103159000","tract",2023,"food_rnk",36.3785
"36103159103","tract",2023,"food_rnk",18.9743
"36103159106","tract",2023,"food_rnk",53.5838
"36103159107","tract",2023,"food_rnk",73.1575
"36103159108","tract",2023,"food_rnk",55.8533
"36103159109","tract",2023,"food_rnk",75.2255
"36103159110","tract",2023,"food_rnk",34.2945
"36103159111","tract",2023,"food_rnk",52.2628
"36103159112","tract",2023,"food_rnk",35.95
"36103159201","tract",2023,"food_rnk",68.9724
"36103159203","tract",2023,"food_rnk",90.8987
"36103159204","tract",2023,"food_rnk",62.4324
"36103159300","tract",2023,"food_rnk",87.2252
"36103159406","tract",2023,"food_rnk",80.0308
"36103159407","tract",2023,"food_rnk",77.8174
"36103159408","tract",2023,"food_rnk",65.3087
"36103159410","tract",2023,"food_rnk",78.4974
"36103159411","tract",2023,"food_rnk",45.6801
"36103159413","tract",2023,"food_rnk",84.4392
"36103159414","tract",2023,"food_rnk",65.6285
"36103159415","tract",2023,"food_rnk",19.8777
"36103159416","tract",2023,"food_rnk",34.999
"36103159509","tract",2023,"food_rnk",13.1789
"36103159510","tract",2023,"food_rnk",29.9496
"36103159511","tract",2023,"food_rnk",63.7167
"36103159512","tract",2023,"food_rnk",50.4535
"36103159513","tract",2023,"food_rnk",42.0713
"36103159514","tract",2023,"food_rnk",35.2773
"36103159515","tract",2023,"food_rnk",66.0375
"36103159516","tract",2023,"food_rnk",31.1008
"36103159517","tract",2023,"food_rnk",28.5615
"36103159518","tract",2023,"food_rnk",28.2966
"36103159602","tract",2023,"food_rnk",95.0117
"36103159603","tract",2023,"food_rnk",88.2519
"36103159604","tract",2023,"food_rnk",78.9345
"36103159700","tract",2023,"food_rnk",96.6622
"36103169701","tract",2023,"food_rnk",91.4688
"36103169703","tract",2023,"food_rnk",67.0643
"36103169705","tract",2023,"food_rnk",68.0812
"36103169706","tract",2023,"food_rnk",83.6847
"36103169800","tract",2023,"food_rnk",47.4881
"36103169903","tract",2023,"food_rnk",67.1326
"36103169904","tract",2023,"food_rnk",7.1272
"36103169905","tract",2023,"food_rnk",84.532
"36103169906","tract",2023,"food_rnk",82.2881
"36103170003","tract",2023,"food_rnk",93.3318
"36103170004","tract",2023,"food_rnk",96.2728
"36103170005","tract",2023,"food_rnk",88.6731
"36103170006","tract",2023,"food_rnk",40.6173
"36103170101","tract",2023,"food_rnk",88.4948
"36103170203","tract",2023,"food_rnk",95.7698
"36103170204","tract",2023,"food_rnk",76.9225
"36103170205","tract",2023,"food_rnk",56.3453
"36103170206","tract",2023,"food_rnk",94.0545
"36103180300","tract",2023,"food_rnk",96.9113
"36103190402","tract",2023,"food_rnk",95.3987
"36103190403","tract",2023,"food_rnk",84.5564
"36103190404","tract",2023,"food_rnk",48.7444
"36103190405","tract",2023,"food_rnk",82.4285
"36103190502","tract",2023,"food_rnk",79.9526
"36103190503","tract",2023,"food_rnk",41.1093
"36103190504","tract",2023,"food_rnk",92.6908
"36103190603","tract",2023,"food_rnk",90.8401
"36103190604","tract",2023,"food_rnk",70.706
"36103190605","tract",2023,"food_rnk",84.8128
"36103190606","tract",2023,"food_rnk",87.5951
"36103190706","tract",2023,"food_rnk",73.6165
"36103190708","tract",2023,"food_rnk",95.5793
"36103190709","tract",2023,"food_rnk",69.5621
"36103190710","tract",2023,"food_rnk",95.5879
"36103190711","tract",2023,"food_rnk",93.8128
"36103190712","tract",2023,"food_rnk",91.1172
"36103190713","tract",2023,"food_rnk",94.4855
"36103190714","tract",2023,"food_rnk",38.4271
"36103190801","tract",2023,"food_rnk",94.4452
"36103190802","tract",2023,"food_rnk",72.5141
"36103200901","tract",2023,"food_rnk",78.1311
"36103200903","tract",2023,"food_rnk",94.1571
"36103200904","tract",2023,"food_rnk",36.5787
"36103200905","tract",2023,"food_rnk",36.7863
"36103200906","tract",2023,"food_rnk",37.144
"36103201005","tract",2023,"food_rnk",70.706
"36103201006","tract",2023,"food_rnk",72.1173
"36103201007","tract",2023,"food_rnk",62.2078
"36103201008","tract",2023,"food_rnk",88.9771
"36103201009","tract",2023,"food_rnk",98.7694
"36103201010","tract",2023,"food_rnk",80.922
"36103990100","tract",2023,"food_rnk",NA
"36105950100","tract",2023,"food_rnk",36.044
"36105950201","tract",2023,"food_rnk",67.0435
"36105950202","tract",2023,"food_rnk",13.8064
"36105950300","tract",2023,"food_rnk",29.2671
"36105950400","tract",2023,"food_rnk",38.3123
"36105950500","tract",2023,"food_rnk",33.5291
"36105950600","tract",2023,"food_rnk",85.7284
"36105950701","tract",2023,"food_rnk",53.9854
"36105950702","tract",2023,"food_rnk",21.8042
"36105950801","tract",2023,"food_rnk",19.7886
"36105950802","tract",2023,"food_rnk",51.3399
"36105950900","tract",2023,"food_rnk",6.435
"36105951000","tract",2023,"food_rnk",17.3432
"36105951100","tract",2023,"food_rnk",NA
"36105951201","tract",2023,"food_rnk",66.6736
"36105951202","tract",2023,"food_rnk",14.2948
"36105951301","tract",2023,"food_rnk",65.4527
"36105951302","tract",2023,"food_rnk",63.1026
"36105951500","tract",2023,"food_rnk",7.4788
"36105951600","tract",2023,"food_rnk",17.5105
"36105951701","tract",2023,"food_rnk",65.0548
"36105951702","tract",2023,"food_rnk",71.0747
"36105951801","tract",2023,"food_rnk",2.7225
"36105951802","tract",2023,"food_rnk",5.0665
"36105951900","tract",2023,"food_rnk",30.477
"36105952000","tract",2023,"food_rnk",84.8873
"36105952100","tract",2023,"food_rnk",82.5994
"36105952200","tract",2023,"food_rnk",48.5344
"36105952300","tract",2023,"food_rnk",72.2247
"36105952400","tract",2023,"food_rnk",64.2832
"36105952500","tract",2023,"food_rnk",53.0905
"36107020101","tract",2023,"food_rnk",33.8245
"36107020102","tract",2023,"food_rnk",40.1924
"36107020200","tract",2023,"food_rnk",36.3223
"36107020300","tract",2023,"food_rnk",66.6272
"36107020401","tract",2023,"food_rnk",57.0302
"36107020402","tract",2023,"food_rnk",47.8519
"36107020500","tract",2023,"food_rnk",12.2609
"36107020600","tract",2023,"food_rnk",40.5269
"36107020701","tract",2023,"food_rnk",23.5536
"36107020702","tract",2023,"food_rnk",24.2702
"36107020703","tract",2023,"food_rnk",60.9308
"36109000100","tract",2023,"food_rnk",51.7623
"36109000201","tract",2023,"food_rnk",76.1973
"36109000202","tract",2023,"food_rnk",49.2034
"36109000300","tract",2023,"food_rnk",NA
"36109000400","tract",2023,"food_rnk",NA
"36109000500","tract",2023,"food_rnk",65.8788
"36109000600","tract",2023,"food_rnk",91.5042
"36109000700","tract",2023,"food_rnk",65.0865
"36109000800","tract",2023,"food_rnk",28.5615
"36109000900","tract",2023,"food_rnk",48.991
"36109001000","tract",2023,"food_rnk",32.6501
"36109001100","tract",2023,"food_rnk",90.4128
"36109001200","tract",2023,"food_rnk",NA
"36109001301","tract",2023,"food_rnk",91.608
"36109001302","tract",2023,"food_rnk",65.6285
"36109001400","tract",2023,"food_rnk",74.8141
"36109001500","tract",2023,"food_rnk",63.7912
"36109001600","tract",2023,"food_rnk",84.8677
"36109001700","tract",2023,"food_rnk",69.6781
"36109001800","tract",2023,"food_rnk",22.3779
"36109001901","tract",2023,"food_rnk",60.0078
"36109001902","tract",2023,"food_rnk",71.9635
"36109002000","tract",2023,"food_rnk",21.2938
"36109002100","tract",2023,"food_rnk",58.8273
"36109002200","tract",2023,"food_rnk",17.7571
"36109002300","tract",2023,"food_rnk",27.8522
"36111950100","tract",2023,"food_rnk",87.7648
"36111950200","tract",2023,"food_rnk",34.7047
"36111950300","tract",2023,"food_rnk",39.2438
"36111950400","tract",2023,"food_rnk",75.145
"36111950500","tract",2023,"food_rnk",44.1931
"36111950600","tract",2023,"food_rnk",93.1706
"36111950900","tract",2023,"food_rnk",35.1064
"36111951000","tract",2023,"food_rnk",64.9913
"36111951100","tract",2023,"food_rnk",83.5077
"36111951200","tract",2023,"food_rnk",59.9626
"36111951300","tract",2023,"food_rnk",63.7912
"36111951400","tract",2023,"food_rnk",15.3264
"36111951500","tract",2023,"food_rnk",53.8401
"36111951600","tract",2023,"food_rnk",34.0492
"36111951700","tract",2023,"food_rnk",24.5425
"36111951800","tract",2023,"food_rnk",16.4288
"36111951900","tract",2023,"food_rnk",16.8097
"36111952000","tract",2023,"food_rnk",49.0545
"36111952100","tract",2023,"food_rnk",27.1465
"36111952200","tract",2023,"food_rnk",70.4008
"36111952300","tract",2023,"food_rnk",56.0218
"36111952400","tract",2023,"food_rnk",18.4285
"36111952500","tract",2023,"food_rnk",57.2756
"36111952600","tract",2023,"food_rnk",97.8013
"36111952700","tract",2023,"food_rnk",66.9336
"36111952800","tract",2023,"food_rnk",35.8865
"36111952901","tract",2023,"food_rnk",50.1727
"36111952902","tract",2023,"food_rnk",48.4196
"36111953000","tract",2023,"food_rnk",67.5123
"36111953300","tract",2023,"food_rnk",75.278
"36111953400","tract",2023,"food_rnk",73.5078
"36111953500","tract",2023,"food_rnk",NA
"36111953600","tract",2023,"food_rnk",94.9518
"36111953700","tract",2023,"food_rnk",83.5492
"36111953800","tract",2023,"food_rnk",90.2504
"36111953900","tract",2023,"food_rnk",64.7154
"36111954000","tract",2023,"food_rnk",57.1852
"36111954100","tract",2023,"food_rnk",70.1493
"36111954200","tract",2023,"food_rnk",NA
"36111954402","tract",2023,"food_rnk",80.3018
"36111954500","tract",2023,"food_rnk",43.6388
"36111954600","tract",2023,"food_rnk",68.036
"36111954700","tract",2023,"food_rnk",72.4884
"36111954800","tract",2023,"food_rnk",12.466
"36111954900","tract",2023,"food_rnk",83.7262
"36111955001","tract",2023,"food_rnk",69.5621
"36111955002","tract",2023,"food_rnk",87.694
"36111955300","tract",2023,"food_rnk",48.9373
"36111955400","tract",2023,"food_rnk",81.2211
"36113070100","tract",2023,"food_rnk",34.7365
"36113070200","tract",2023,"food_rnk",13.6612
"36113070300","tract",2023,"food_rnk",77.5146
"36113070400","tract",2023,"food_rnk",28.8716
"36113070500","tract",2023,"food_rnk",17.1161
"36113070602","tract",2023,"food_rnk",93.2439
"36113070603","tract",2023,"food_rnk",77.4206
"36113070604","tract",2023,"food_rnk",89.3103
"36113070701","tract",2023,"food_rnk",85.1131
"36113070702","tract",2023,"food_rnk",42.2239
"36113070801","tract",2023,"food_rnk",78.1311
"36113070802","tract",2023,"food_rnk",47.7604
"36113070900","tract",2023,"food_rnk",92.1744
"36113071000","tract",2023,"food_rnk",70.5546
"36113072001","tract",2023,"food_rnk",61.8977
"36113072002","tract",2023,"food_rnk",91.4688
"36113073000","tract",2023,"food_rnk",42.0566
"36113073500","tract",2023,"food_rnk",47.5089
"36113074000","tract",2023,"food_rnk",44.3518
"36113075001","tract",2023,"food_rnk",64.9131
"36113075002","tract",2023,"food_rnk",18.0745
"36113076000","tract",2023,"food_rnk",79.8379
"36113078000","tract",2023,"food_rnk",69.7977
"36115080100","tract",2023,"food_rnk",35.4519
"36115080200","tract",2023,"food_rnk",38.692
"36115080301","tract",2023,"food_rnk",25.1956
"36115080302","tract",2023,"food_rnk",69.02
"36115081001","tract",2023,"food_rnk",90.3456
"36115081002","tract",2023,"food_rnk",NA
"36115082001","tract",2023,"food_rnk",29.963
"36115082002","tract",2023,"food_rnk",62.5948
"36115084001","tract",2023,"food_rnk",42.8367
"36115084002","tract",2023,"food_rnk",30.5405
"36115085000","tract",2023,"food_rnk",65.6786
"36115086000","tract",2023,"food_rnk",22.4817
"36115087000","tract",2023,"food_rnk",55.1757
"36115088001","tract",2023,"food_rnk",32.9687
"36115088002","tract",2023,"food_rnk",33.9649
"36115089000","tract",2023,"food_rnk",67.1863
"36115090000","tract",2023,"food_rnk",49.6893
"36115091000","tract",2023,"food_rnk",50.0092
"36115092000","tract",2023,"food_rnk",64.0354
"36115093000","tract",2023,"food_rnk",67.2059
"36115094000","tract",2023,"food_rnk",71.618
"36117020103","tract",2023,"food_rnk",83.2965
"36117020104","tract",2023,"food_rnk",81.0782
"36117020105","tract",2023,"food_rnk",79.8977
"36117020106","tract",2023,"food_rnk",24.993
"36117020201","tract",2023,"food_rnk",79.1115
"36117020202","tract",2023,"food_rnk",42.8367
"36117020302","tract",2023,"food_rnk",67.3951
"36117020303","tract",2023,"food_rnk",51.3692
"36117020401","tract",2023,"food_rnk",61.6083
"36117020402","tract",2023,"food_rnk",34.4301
"36117020500","tract",2023,"food_rnk",73.4114
"36117020601","tract",2023,"food_rnk",72.4457
"36117020602","tract",2023,"food_rnk",46.6311
"36117020700","tract",2023,"food_rnk",43.5216
"36117020800","tract",2023,"food_rnk",24.9783
"36117020900","tract",2023,"food_rnk",42.2019
"36117021000","tract",2023,"food_rnk",77.4206
"36117021100","tract",2023,"food_rnk",53.0124
"36117021200","tract",2023,"food_rnk",25.2762
"36117021400","tract",2023,"food_rnk",11.9288
"36117021501","tract",2023,"food_rnk",28.9277
"36117021502","tract",2023,"food_rnk",36.2259
"36117021600","tract",2023,"food_rnk",72.3749
"36117021700","tract",2023,"food_rnk",51.5999
"36117021800","tract",2023,"food_rnk",38.8934
"36117990100","tract",2023,"food_rnk",NA
"36119000101","tract",2023,"food_rnk",4.3938
"36119000103","tract",2023,"food_rnk",3.6381
"36119000104","tract",2023,"food_rnk",45.0367
"36119000202","tract",2023,"food_rnk",10.8728
"36119000203","tract",2023,"food_rnk",23.7001
"36119000204","tract",2023,"food_rnk",3.8285
"36119000205","tract",2023,"food_rnk",8.8437
"36119000300","tract",2023,"food_rnk",4.0385
"36119000401","tract",2023,"food_rnk",22.24
"36119000403","tract",2023,"food_rnk",8.1784
"36119000404","tract",2023,"food_rnk",17.2492
"36119000501","tract",2023,"food_rnk",1.4406
"36119000502","tract",2023,"food_rnk",0.0842
"36119000601","tract",2023,"food_rnk",1.1378
"36119000602","tract",2023,"food_rnk",4.9969
"36119000701","tract",2023,"food_rnk",52.8793
"36119000702","tract",2023,"food_rnk",34.0223
"36119000801","tract",2023,"food_rnk",52.0663
"36119000802","tract",2023,"food_rnk",61.7231
"36119000803","tract",2023,"food_rnk",40.1045
"36119000900","tract",2023,"food_rnk",54.4738
"36119001000","tract",2023,"food_rnk",0.083
"36119001101","tract",2023,"food_rnk",1.2758
"36119001102","tract",2023,"food_rnk",11.8153
"36119001200","tract",2023,"food_rnk",4.9835
"36119001301","tract",2023,"food_rnk",32.9687
"36119001302","tract",2023,"food_rnk",30.1669
"36119001304","tract",2023,"food_rnk",3.1302
"36119001305","tract",2023,"food_rnk",1.0475
"36119001401","tract",2023,"food_rnk",67.8309
"36119001402","tract",2023,"food_rnk",25.7902
"36119001403","tract",2023,"food_rnk",43.3043
"36119001502","tract",2023,"food_rnk",74.8886
"36119001503","tract",2023,"food_rnk",52.0858
"36119001504","tract",2023,"food_rnk",47.001
"36119001505","tract",2023,"food_rnk",48.101
"36119001600","tract",2023,"food_rnk",22.5904
"36119001701","tract",2023,"food_rnk",36.0818
"36119001702","tract",2023,"food_rnk",63.1893
"36119001800","tract",2023,"food_rnk",40.5745
"36119001900","tract",2023,"food_rnk",49.1533
"36119002000","tract",2023,"food_rnk",70.706
"36119002101","tract",2023,"food_rnk",61.2311
"36119002103","tract",2023,"food_rnk",72.3749
"36119002104","tract",2023,"food_rnk",59.3144
"36119002105","tract",2023,"food_rnk",66.9739
"36119002106","tract",2023,"food_rnk",38.0584
"36119002107","tract",2023,"food_rnk",17.2822
"36119002201","tract",2023,"food_rnk",68.1044
"36119002202","tract",2023,"food_rnk",58.013
"36119002203","tract",2023,"food_rnk",27.7411
"36119002204","tract",2023,"food_rnk",83.3331
"36119002300","tract",2023,"food_rnk",42.3008
"36119002401","tract",2023,"food_rnk",87.6744
"36119002402","tract",2023,"food_rnk",72.9755
"36119002403","tract",2023,"food_rnk",68.4023
"36119002404","tract",2023,"food_rnk",67.5123
"36119002405","tract",2023,"food_rnk",73.4431
"36119002600","tract",2023,"food_rnk",24.8599
"36119002700","tract",2023,"food_rnk",13.0398
"36119002800","tract",2023,"food_rnk",9.6617
"36119002900","tract",2023,"food_rnk",3.2096
"36119003000","tract",2023,"food_rnk",2.4197
"36119003100","tract",2023,"food_rnk",0.7337
"36119003200","tract",2023,"food_rnk",2.2317
"36119003300","tract",2023,"food_rnk",21.7199
"36119003400","tract",2023,"food_rnk",43.4349
"36119003500","tract",2023,"food_rnk",3.8346
"36119003600","tract",2023,"food_rnk",24.4497
"36119003700","tract",2023,"food_rnk",37.8203
"36119003800","tract",2023,"food_rnk",60.6878
"36119003900","tract",2023,"food_rnk",52.4301
"36119004001","tract",2023,"food_rnk",7.0674
"36119004002","tract",2023,"food_rnk",45.5043
"36119004100","tract",2023,"food_rnk",51.2349
"36119004200","tract",2023,"food_rnk",45.1991
"36119004500","tract",2023,"food_rnk",56.4698
"36119004600","tract",2023,"food_rnk",54.525
"36119004700","tract",2023,"food_rnk",94.3439
"36119004801","tract",2023,"food_rnk",77.4902
"36119004802","tract",2023,"food_rnk",83.0853
"36119004900","tract",2023,"food_rnk",74.1183
"36119005001","tract",2023,"food_rnk",83.6481
"36119005002","tract",2023,"food_rnk",72.8352
"36119005100","tract",2023,"food_rnk",72.8352
"36119005200","tract",2023,"food_rnk",94.7968
"36119005300","tract",2023,"food_rnk",73.3882
"36119005400","tract",2023,"food_rnk",88.5901
"36119005500","tract",2023,"food_rnk",83.7824
"36119005600","tract",2023,"food_rnk",NA
"36119005702","tract",2023,"food_rnk",37.4419
"36119005703","tract",2023,"food_rnk",51.6207
"36119005704","tract",2023,"food_rnk",80.2664
"36119005800","tract",2023,"food_rnk",60.5999
"36119005901","tract",2023,"food_rnk",38.5431
"36119005902","tract",2023,"food_rnk",70.9966
"36119006000","tract",2023,"food_rnk",37.2514
"36119006100","tract",2023,"food_rnk",16.6534
"36119006200","tract",2023,"food_rnk",42.158
"36119006301","tract",2023,"food_rnk",9.6104
"36119006302","tract",2023,"food_rnk",3.5612
"36119006400","tract",2023,"food_rnk",17.8999
"36119006500","tract",2023,"food_rnk",16.1089
"36119006600","tract",2023,"food_rnk",67.8309
"36119006700","tract",2023,"food_rnk",77.0556
"36119006801","tract",2023,"food_rnk",96.7294
"36119006802","tract",2023,"food_rnk",97.9856
"36119006900","tract",2023,"food_rnk",92.0475
"36119007000","tract",2023,"food_rnk",95.8089
"36119007100","tract",2023,"food_rnk",97.7854
"36119007200","tract",2023,"food_rnk",59.6745
"36119007300","tract",2023,"food_rnk",70.341
"36119007401","tract",2023,"food_rnk",80.1907
"36119007402","tract",2023,"food_rnk",93.5711
"36119007500","tract",2023,"food_rnk",92.404
"36119007600","tract",2023,"food_rnk",84.6883
"36119007700","tract",2023,"food_rnk",88.9258
"36119007800","tract",2023,"food_rnk",15.5803
"36119007901","tract",2023,"food_rnk",42.4607
"36119007902","tract",2023,"food_rnk",50.3595
"36119008000","tract",2023,"food_rnk",13.251
"36119008100","tract",2023,"food_rnk",49.4891
"36119008200","tract",2023,"food_rnk",58.9603
"36119008301","tract",2023,"food_rnk",85.2926
"36119008302","tract",2023,"food_rnk",99.2077
"36119008401","tract",2023,"food_rnk",91.271
"36119008403","tract",2023,"food_rnk",73.4431
"36119008404","tract",2023,"food_rnk",80.7218
"36119008500","tract",2023,"food_rnk",95.843
"36119008602","tract",2023,"food_rnk",97.0505
"36119008700","tract",2023,"food_rnk",79.6328
"36119008801","tract",2023,"food_rnk",70.0248
"36119008802","tract",2023,"food_rnk",80.8402
"36119008901","tract",2023,"food_rnk",86.4353
"36119008902","tract",2023,"food_rnk",40.5269
"36119009000","tract",2023,"food_rnk",18.2601
"36119009100","tract",2023,"food_rnk",41.0763
"36119009201","tract",2023,"food_rnk",63.6239
"36119009202","tract",2023,"food_rnk",55.1757
"36119009300","tract",2023,"food_rnk",24.8343
"36119009400","tract",2023,"food_rnk",56.7311
"36119009500","tract",2023,"food_rnk",23.5719
"36119009600","tract",2023,"food_rnk",82.5994
"36119009701","tract",2023,"food_rnk",94.9518
"36119009702","tract",2023,"food_rnk",94.5062
"36119009703","tract",2023,"food_rnk",87.9906
"36119009800","tract",2023,"food_rnk",98.1956
"36119009900","tract",2023,"food_rnk",89.3897
"36119010000","tract",2023,"food_rnk",84.8677
"36119010100","tract",2023,"food_rnk",88.5901
"36119010200","tract",2023,"food_rnk",92.4235
"36119010300","tract",2023,"food_rnk",89.8683
"36119010400","tract",2023,"food_rnk",84.9361
"36119010500","tract",2023,"food_rnk",83.5077
"36119010600","tract",2023,"food_rnk",99.3041
"36119010701","tract",2023,"food_rnk",96.213
"36119010702","tract",2023,"food_rnk",80.2481
"36119010801","tract",2023,"food_rnk",84.8677
"36119010803","tract",2023,"food_rnk",76.5465
"36119010804","tract",2023,"food_rnk",96.202
"36119010901","tract",2023,"food_rnk",32.0873
"36119010902","tract",2023,"food_rnk",70.2274
"36119010903","tract",2023,"food_rnk",43.4557
"36119011000","tract",2023,"food_rnk",78.6329
"36119011101","tract",2023,"food_rnk",86.8162
"36119011102","tract",2023,"food_rnk",86.9065
"36119011200","tract",2023,"food_rnk",41.6061
"36119011300","tract",2023,"food_rnk",98.0869
"36119011401","tract",2023,"food_rnk",76.1705
"36119011402","tract",2023,"food_rnk",87.0262
"36119011500","tract",2023,"food_rnk",88.4069
"36119011601","tract",2023,"food_rnk",22.511
"36119011602","tract",2023,"food_rnk",23.6476
"36119011700","tract",2023,"food_rnk",92.6677
"36119011800","tract",2023,"food_rnk",97.0309
"36119011902","tract",2023,"food_rnk",55.2905
"36119012000","tract",2023,"food_rnk",99.53
"36119012101","tract",2023,"food_rnk",90.099
"36119012102","tract",2023,"food_rnk",86.5537
"36119012201","tract",2023,"food_rnk",89.2554
"36119012202","tract",2023,"food_rnk",54.641
"36119012301","tract",2023,"food_rnk",77.1533
"36119012303","tract",2023,"food_rnk",69.6317
"36119012304","tract",2023,"food_rnk",96.6744
"36119012400","tract",2023,"food_rnk",96.8734
"36119012501","tract",2023,"food_rnk",96.3131
"36119012502","tract",2023,"food_rnk",94.1571
"36119012503","tract",2023,"food_rnk",94.3121
"36119012600","tract",2023,"food_rnk",91.2905
"36119012700","tract",2023,"food_rnk",94.1571
"36119012803","tract",2023,"food_rnk",91.0061
"36119012804","tract",2023,"food_rnk",69.2264
"36119012900","tract",2023,"food_rnk",54.4274
"36119013000","tract",2023,"food_rnk",57.5039
"36119013102","tract",2023,"food_rnk",94.9225
"36119013103","tract",2023,"food_rnk",81.1112
"36119013104","tract",2023,"food_rnk",99.4335
"36119013201","tract",2023,"food_rnk",94.4647
"36119013202","tract",2023,"food_rnk",91.7484
"36119013301","tract",2023,"food_rnk",22.6026
"36119013304","tract",2023,"food_rnk",43.3995
"36119013401","tract",2023,"food_rnk",78.9345
"36119013402","tract",2023,"food_rnk",91.608
"36119013500","tract",2023,"food_rnk",74.8605
"36119013600","tract",2023,"food_rnk",59.5915
"36119013700","tract",2023,"food_rnk",83.5077
"36119013800","tract",2023,"food_rnk",86.9065
"36119013900","tract",2023,"food_rnk",91.995
"36119014000","tract",2023,"food_rnk",83.5773
"36119014100","tract",2023,"food_rnk",27.1062
"36119014200","tract",2023,"food_rnk",57.5405
"36119014300","tract",2023,"food_rnk",16.977
"36119014400","tract",2023,"food_rnk",58.2327
"36119014500","tract",2023,"food_rnk",38.167
"36119014604","tract",2023,"food_rnk",66.1914
"36119014605","tract",2023,"food_rnk",90.0807
"36119014606","tract",2023,"food_rnk",97.6084
"36119014607","tract",2023,"food_rnk",75.6895
"36119014701","tract",2023,"food_rnk",70.3044
"36119014703","tract",2023,"food_rnk",36.3114
"36119014704","tract",2023,"food_rnk",68.9968
"36119014805","tract",2023,"food_rnk",93.7933
"36119014806","tract",2023,"food_rnk",70.5546
"36119014808","tract",2023,"food_rnk",64.1684
"36119014809","tract",2023,"food_rnk",69.4363
"36119014810","tract",2023,"food_rnk",94.5404
"36119014811","tract",2023,"food_rnk",97.8013
"36119014812","tract",2023,"food_rnk",96.7697
"36119014813","tract",2023,"food_rnk",62.6912
"36119014901","tract",2023,"food_rnk",99.6557
"36119014903","tract",2023,"food_rnk",95.4414
"36119014907","tract",2023,"food_rnk",86.7197
"36119014908","tract",2023,"food_rnk",89.0296
"36119014909","tract",2023,"food_rnk",93.8458
"36119015000","tract",2023,"food_rnk",97.8501
"36119015100","tract",2023,"food_rnk",71.7449
"36119981000","tract",2023,"food_rnk",NA
"36119982000","tract",2023,"food_rnk",NA
"36119983000","tract",2023,"food_rnk",NA
"36119984000","tract",2023,"food_rnk",NA
"36119985000","tract",2023,"food_rnk",NA
"36121970100","tract",2023,"food_rnk",69.7098
"36121970201","tract",2023,"food_rnk",NA
"36121970202","tract",2023,"food_rnk",48.814
"36121970300","tract",2023,"food_rnk",64.8423
"36121970400","tract",2023,"food_rnk",64.7898
"36121970500","tract",2023,"food_rnk",41.9309
"36121970600","tract",2023,"food_rnk",57.256
"36121970700","tract",2023,"food_rnk",49.1533
"36121970800","tract",2023,"food_rnk",63.8156
"36121970900","tract",2023,"food_rnk",69.4669
"36121971000","tract",2023,"food_rnk",50.2265
"36121971100","tract",2023,"food_rnk",44.1565
"36123150101","tract",2023,"food_rnk",31.6954
"36123150102","tract",2023,"food_rnk",59.8674
"36123150200","tract",2023,"food_rnk",42.1873
"36123150301","tract",2023,"food_rnk",59.1251
"36123150302","tract",2023,"food_rnk",62.165
"36123150400","tract",2023,"food_rnk",68.9578
"36123150501","tract",2023,"food_rnk",35.4519
"36123150502","tract",2023,"food_rnk",62.126
"36001000100","tract",2023,"food_state_rnk",15.3831
"36001000201","tract",2023,"food_state_rnk",16.3628
"36001000202","tract",2023,"food_state_rnk",10.1358
"36001000301","tract",2023,"food_state_rnk",3.8991
"36001000302","tract",2023,"food_state_rnk",46.4888
"36001000401","tract",2023,"food_state_rnk",98.7876
"36001000403","tract",2023,"food_state_rnk",64.743
"36001000404","tract",2023,"food_state_rnk",NA
"36001000501","tract",2023,"food_state_rnk",15.6935
"36001000502","tract",2023,"food_state_rnk",NA
"36001000600","tract",2023,"food_state_rnk",12.2599
"36001000700","tract",2023,"food_state_rnk",6.1688
"36001000800","tract",2023,"food_state_rnk",1.3579
"36001001100","tract",2023,"food_state_rnk",39.6605
"36001001400","tract",2023,"food_state_rnk",60.6014
"36001001500","tract",2023,"food_state_rnk",52.0078
"36001001600","tract",2023,"food_state_rnk",33.6178
"36001001700","tract",2023,"food_state_rnk",35.5868
"36001001802","tract",2023,"food_state_rnk",56.8089
"36001001803","tract",2023,"food_state_rnk",77.5267
"36001001804","tract",2023,"food_state_rnk",76.421
"36001001901","tract",2023,"food_state_rnk",70.9117
"36001001902","tract",2023,"food_state_rnk",76.5761
"36001002000","tract",2023,"food_state_rnk",17.1581
"36001002100","tract",2023,"food_state_rnk",43.7342
"36001002200","tract",2023,"food_state_rnk",45.7129
"36001002300","tract",2023,"food_state_rnk",15.4122
"36001002500","tract",2023,"food_state_rnk",2.6382
"36001002600","tract",2023,"food_state_rnk",36.3434
"36001012700","tract",2023,"food_state_rnk",40.5238
"36001012800","tract",2023,"food_state_rnk",11.29
"36001012900","tract",2023,"food_state_rnk",11.969
"36001013000","tract",2023,"food_state_rnk",75.354
"36001013100","tract",2023,"food_state_rnk",16.2755
"36001013200","tract",2023,"food_state_rnk",25.5577
"36001013300","tract",2023,"food_state_rnk",24.5587
"36001013400","tract",2023,"food_state_rnk",27.9922
"36001013503","tract",2023,"food_state_rnk",73.9088
"36001013505","tract",2023,"food_state_rnk",47.226
"36001013507","tract",2023,"food_state_rnk",82.6285
"36001013509","tract",2023,"food_state_rnk",59.2629
"36001013510","tract",2023,"food_state_rnk",64.6557
"36001013511","tract",2023,"food_state_rnk",45.4607
"36001013512","tract",2023,"food_state_rnk",71.0184
"36001013602","tract",2023,"food_state_rnk",89.5344
"36001013603","tract",2023,"food_state_rnk",90.4268
"36001013604","tract",2023,"food_state_rnk",98.1765
"36001013703","tract",2023,"food_state_rnk",71.5422
"36001013706","tract",2023,"food_state_rnk",95.4995
"36001013707","tract",2023,"food_state_rnk",94.5684
"36001013708","tract",2023,"food_state_rnk",62.968
"36001013709","tract",2023,"food_state_rnk",56.6828
"36001013802","tract",2023,"food_state_rnk",79.9224
"36001013803","tract",2023,"food_state_rnk",37.5946
"36001013804","tract",2023,"food_state_rnk",48.5742
"36001013901","tract",2023,"food_state_rnk",75.9554
"36001013902","tract",2023,"food_state_rnk",62.0078
"36001014001","tract",2023,"food_state_rnk",81.5422
"36001014002","tract",2023,"food_state_rnk",55.9554
"36001014100","tract",2023,"food_state_rnk",96.0136
"36001014201","tract",2023,"food_state_rnk",97.614
"36001014202","tract",2023,"food_state_rnk",99.0689
"36001014203","tract",2023,"food_state_rnk",99.1659
"36001014301","tract",2023,"food_state_rnk",90.3589
"36001014303","tract",2023,"food_state_rnk",92.5703
"36001014304","tract",2023,"food_state_rnk",83.8991
"36001014401","tract",2023,"food_state_rnk",86.9641
"36001014402","tract",2023,"food_state_rnk",67.711
"36001014501","tract",2023,"food_state_rnk",90.1358
"36001014502","tract",2023,"food_state_rnk",74.7333
"36001014503","tract",2023,"food_state_rnk",79.3986
"36001014606","tract",2023,"food_state_rnk",87.4491
"36001014608","tract",2023,"food_state_rnk",NA
"36001014609","tract",2023,"food_state_rnk",40.5917
"36001014611","tract",2023,"food_state_rnk",85.4607
"36001014612","tract",2023,"food_state_rnk",54.9467
"36001014613","tract",2023,"food_state_rnk",97.7886
"36001014614","tract",2023,"food_state_rnk",90.3589
"36001014615","tract",2023,"food_state_rnk",44.6848
"36001014616","tract",2023,"food_state_rnk",85.7323
"36001014617","tract",2023,"food_state_rnk",95.4995
"36001014700","tract",2023,"food_state_rnk",78.128
"36001014801","tract",2023,"food_state_rnk",74.0252
"36001014802","tract",2023,"food_state_rnk",45.5383
"36001014803","tract",2023,"food_state_rnk",68.9331
"36003940200","tract",2023,"food_state_rnk",NA
"36003950100","tract",2023,"food_state_rnk",61.6586
"36003950300","tract",2023,"food_state_rnk",48.3608
"36003950401","tract",2023,"food_state_rnk",66.1397
"36003950402","tract",2023,"food_state_rnk",55.645
"36003950500","tract",2023,"food_state_rnk",45.3928
"36003950600","tract",2023,"food_state_rnk",46.3822
"36003950700","tract",2023,"food_state_rnk",34.7042
"36003950800","tract",2023,"food_state_rnk",NA
"36003950900","tract",2023,"food_state_rnk",36.6246
"36003951000","tract",2023,"food_state_rnk",39.9515
"36003951100","tract",2023,"food_state_rnk",53.7924
"36003951201","tract",2023,"food_state_rnk",18.8846
"36003951202","tract",2023,"food_state_rnk",29.4665
"36003951301","tract",2023,"food_state_rnk",54.5878
"36003951302","tract",2023,"food_state_rnk",53.2881
"36005000100","tract",2023,"food_state_rnk",NA
"36005000200","tract",2023,"food_state_rnk",36.7701
"36005000400","tract",2023,"food_state_rnk",49.709
"36005001600","tract",2023,"food_state_rnk",9.418
"36005001901","tract",2023,"food_state_rnk",17.0126
"36005001902","tract",2023,"food_state_rnk",12.1048
"36005001903","tract",2023,"food_state_rnk",NA
"36005001904","tract",2023,"food_state_rnk",NA
"36005002001","tract",2023,"food_state_rnk",0.097
"36005002002","tract",2023,"food_state_rnk",2.0563
"36005002300","tract",2023,"food_state_rnk",3.8797
"36005002400","tract",2023,"food_state_rnk",NA
"36005002500","tract",2023,"food_state_rnk",6.9253
"36005002701","tract",2023,"food_state_rnk",0.6014
"36005002702","tract",2023,"food_state_rnk",2.6964
"36005002800","tract",2023,"food_state_rnk",37.323
"36005003100","tract",2023,"food_state_rnk",7.2163
"36005003300","tract",2023,"food_state_rnk",2.4151
"36005003500","tract",2023,"food_state_rnk",3.2202
"36005003700","tract",2023,"food_state_rnk",1.7071
"36005003800","tract",2023,"food_state_rnk",23.5015
"36005003900","tract",2023,"food_state_rnk",1.1639
"36005004001","tract",2023,"food_state_rnk",26.227
"36005004100","tract",2023,"food_state_rnk",2.2308
"36005004200","tract",2023,"food_state_rnk",14.3162
"36005004300","tract",2023,"food_state_rnk",1.0087
"36005004400","tract",2023,"food_state_rnk",2.9874
"36005004600","tract",2023,"food_state_rnk",5.5674
"36005004800","tract",2023,"food_state_rnk",6.324
"36005005001","tract",2023,"food_state_rnk",9.9321
"36005005002","tract",2023,"food_state_rnk",6.2658
"36005005100","tract",2023,"food_state_rnk",0.0582
"36005005200","tract",2023,"food_state_rnk",1.3385
"36005005300","tract",2023,"food_state_rnk",0.0388
"36005005400","tract",2023,"food_state_rnk",9.418
"36005005600","tract",2023,"food_state_rnk",9.5441
"36005005902","tract",2023,"food_state_rnk",21.6392
"36005006000","tract",2023,"food_state_rnk",4.4423
"36005006100","tract",2023,"food_state_rnk",30.3977
"36005006200","tract",2023,"food_state_rnk",2.9098
"36005006301","tract",2023,"food_state_rnk",20.4753
"36005006302","tract",2023,"food_state_rnk",NA
"36005006400","tract",2023,"food_state_rnk",10.2425
"36005006500","tract",2023,"food_state_rnk",1.5907
"36005006700","tract",2023,"food_state_rnk",0.2522
"36005006800","tract",2023,"food_state_rnk",6.8477
"36005006900","tract",2023,"food_state_rnk",5.1018
"36005007000","tract",2023,"food_state_rnk",13.2493
"36005007100","tract",2023,"food_state_rnk",13.1911
"36005007200","tract",2023,"food_state_rnk",20.9117
"36005007300","tract",2023,"food_state_rnk",3.6857
"36005007400","tract",2023,"food_state_rnk",24.5781
"36005007500","tract",2023,"food_state_rnk",6.7701
"36005007600","tract",2023,"food_state_rnk",13.5694
"36005007700","tract",2023,"food_state_rnk",9.8157
"36005007800","tract",2023,"food_state_rnk",13.6178
"36005007900","tract",2023,"food_state_rnk",2.5412
"36005008300","tract",2023,"food_state_rnk",10.5529
"36005008400","tract",2023,"food_state_rnk",31.3288
"36005008500","tract",2023,"food_state_rnk",6.9738
"36005008600","tract",2023,"food_state_rnk",2.8419
"36005008700","tract",2023,"food_state_rnk",3.5306
"36005008900","tract",2023,"food_state_rnk",9.7381
"36005009000","tract",2023,"food_state_rnk",2.5897
"36005009200","tract",2023,"food_state_rnk",23.8409
"36005009301","tract",2023,"food_state_rnk",8.0504
"36005009302","tract",2023,"food_state_rnk",NA
"36005009600","tract",2023,"food_state_rnk",17.42
"36005009800","tract",2023,"food_state_rnk",20.291
"36005011000","tract",2023,"food_state_rnk",NA
"36005011502","tract",2023,"food_state_rnk",11.096
"36005011701","tract",2023,"food_state_rnk",0.8147
"36005011702","tract",2023,"food_state_rnk",NA
"36005011800","tract",2023,"food_state_rnk",44.6363
"36005011900","tract",2023,"food_state_rnk",4.2677
"36005012101","tract",2023,"food_state_rnk",7.8565
"36005012102","tract",2023,"food_state_rnk",1.6489
"36005012300","tract",2023,"food_state_rnk",14.355
"36005012500","tract",2023,"food_state_rnk",7.2939
"36005012701","tract",2023,"food_state_rnk",6.0233
"36005012901","tract",2023,"food_state_rnk",0.1746
"36005013000","tract",2023,"food_state_rnk",52.4636
"36005013100","tract",2023,"food_state_rnk",1.7459
"36005013200","tract",2023,"food_state_rnk",42.1145
"36005013300","tract",2023,"food_state_rnk",1.6101
"36005013500","tract",2023,"food_state_rnk",11.4258
"36005013800","tract",2023,"food_state_rnk",38.5451
"36005014100","tract",2023,"food_state_rnk",9.5732
"36005014300","tract",2023,"food_state_rnk",0.5432
"36005014400","tract",2023,"food_state_rnk",7.6625
"36005014500","tract",2023,"food_state_rnk",2.7546
"36005014701","tract",2023,"food_state_rnk",2.8807
"36005014702","tract",2023,"food_state_rnk",0.3104
"36005014900","tract",2023,"food_state_rnk",2.9292
"36005015100","tract",2023,"food_state_rnk",4.1125
"36005015200","tract",2023,"food_state_rnk",47.5073
"36005015300","tract",2023,"food_state_rnk",5.3346
"36005015500","tract",2023,"food_state_rnk",15.2473
"36005015700","tract",2023,"food_state_rnk",11.5422
"36005015800","tract",2023,"food_state_rnk",51.0378
"36005015900","tract",2023,"food_state_rnk",5.5965
"36005016000","tract",2023,"food_state_rnk",48.2832
"36005016100","tract",2023,"food_state_rnk",0.2328
"36005016200","tract",2023,"food_state_rnk",52.9389
"36005016300","tract",2023,"food_state_rnk",NA
"36005016400","tract",2023,"food_state_rnk",25.8778
"36005016500","tract",2023,"food_state_rnk",7.7304
"36005016600","tract",2023,"food_state_rnk",34.1416
"36005016700","tract",2023,"food_state_rnk",4.9661
"36005016900","tract",2023,"food_state_rnk",11.2124
"36005017100","tract",2023,"food_state_rnk",NA
"36005017300","tract",2023,"food_state_rnk",5.4122
"36005017500","tract",2023,"food_state_rnk",1.9399
"36005017701","tract",2023,"food_state_rnk",1.9108
"36005017702","tract",2023,"food_state_rnk",8.6518
"36005017901","tract",2023,"food_state_rnk",4.6363
"36005017902","tract",2023,"food_state_rnk",1.1251
"36005018101","tract",2023,"food_state_rnk",27.7983
"36005018102","tract",2023,"food_state_rnk",3.7827
"36005018301","tract",2023,"food_state_rnk",18.3317
"36005018302","tract",2023,"food_state_rnk",7.4491
"36005018400","tract",2023,"food_state_rnk",27.0126
"36005018501","tract",2023,"food_state_rnk",8.3511
"36005018502","tract",2023,"food_state_rnk",0.2134
"36005018900","tract",2023,"food_state_rnk",3.1038
"36005019300","tract",2023,"food_state_rnk",11.1639
"36005019400","tract",2023,"food_state_rnk",36.4016
"36005019500","tract",2023,"food_state_rnk",5.4898
"36005019700","tract",2023,"food_state_rnk",5.16
"36005019900","tract",2023,"food_state_rnk",1.6683
"36005020000","tract",2023,"food_state_rnk",15.7905
"36005020100","tract",2023,"food_state_rnk",1.9593
"36005020200","tract",2023,"food_state_rnk",15.5674
"36005020400","tract",2023,"food_state_rnk",14.3744
"36005020501","tract",2023,"food_state_rnk",4.3259
"36005020502","tract",2023,"food_state_rnk",14.8012
"36005020601","tract",2023,"food_state_rnk",10.1067
"36005020900","tract",2023,"food_state_rnk",5.4122
"36005021001","tract",2023,"food_state_rnk",11.9884
"36005021002","tract",2023,"food_state_rnk",43.2978
"36005021100","tract",2023,"food_state_rnk",5.1406
"36005021200","tract",2023,"food_state_rnk",30.8826
"36005021301","tract",2023,"food_state_rnk",14.0931
"36005021302","tract",2023,"food_state_rnk",2.4442
"36005021501","tract",2023,"food_state_rnk",0.4462
"36005021502","tract",2023,"food_state_rnk",4.0737
"36005021601","tract",2023,"food_state_rnk",12.4539
"36005021602","tract",2023,"food_state_rnk",26.4791
"36005021700","tract",2023,"food_state_rnk",3.7245
"36005021800","tract",2023,"food_state_rnk",8.7488
"36005021900","tract",2023,"food_state_rnk",3.1814
"36005022000","tract",2023,"food_state_rnk",3.5694
"36005022101","tract",2023,"food_state_rnk",8.5354
"36005022102","tract",2023,"food_state_rnk",0.9117
"36005022200","tract",2023,"food_state_rnk",16.9544
"36005022300","tract",2023,"food_state_rnk",3.8021
"36005022401","tract",2023,"food_state_rnk",9.3501
"36005022403","tract",2023,"food_state_rnk",15.0145
"36005022404","tract",2023,"food_state_rnk",16.838
"36005022500","tract",2023,"food_state_rnk",2.386
"36005022701","tract",2023,"food_state_rnk",14.3356
"36005022702","tract",2023,"food_state_rnk",2.7352
"36005022703","tract",2023,"food_state_rnk",7.8371
"36005022800","tract",2023,"food_state_rnk",23.7439
"36005022901","tract",2023,"food_state_rnk",6.6537
"36005022902","tract",2023,"food_state_rnk",4.8497
"36005023000","tract",2023,"food_state_rnk",16.6828
"36005023100","tract",2023,"food_state_rnk",5.2182
"36005023200","tract",2023,"food_state_rnk",12.0854
"36005023301","tract",2023,"food_state_rnk",12.0078
"36005023302","tract",2023,"food_state_rnk",5.9166
"36005023501","tract",2023,"food_state_rnk",7.6431
"36005023502","tract",2023,"food_state_rnk",11.8332
"36005023600","tract",2023,"food_state_rnk",6.9738
"36005023702","tract",2023,"food_state_rnk",10.7759
"36005023703","tract",2023,"food_state_rnk",3.9185
"36005023704","tract",2023,"food_state_rnk",1.7653
"36005023800","tract",2023,"food_state_rnk",21.581
"36005023900","tract",2023,"food_state_rnk",8.8846
"36005024000","tract",2023,"food_state_rnk",10.3201
"36005024100","tract",2023,"food_state_rnk",0.5238
"36005024300","tract",2023,"food_state_rnk",2.0369
"36005024400","tract",2023,"food_state_rnk",55.1309
"36005024501","tract",2023,"food_state_rnk",11.7168
"36005024502","tract",2023,"food_state_rnk",1.1833
"36005024600","tract",2023,"food_state_rnk",20.3201
"36005024700","tract",2023,"food_state_rnk",10.6111
"36005024800","tract",2023,"food_state_rnk",21.775
"36005024900","tract",2023,"food_state_rnk",NA
"36005025000","tract",2023,"food_state_rnk",43.5694
"36005025100","tract",2023,"food_state_rnk",10.0873
"36005025200","tract",2023,"food_state_rnk",26.0718
"36005025300","tract",2023,"food_state_rnk",5.2667
"36005025400","tract",2023,"food_state_rnk",41.2124
"36005025500","tract",2023,"food_state_rnk",7.1581
"36005025600","tract",2023,"food_state_rnk",18.6227
"36005025700","tract",2023,"food_state_rnk",8.7682
"36005026100","tract",2023,"food_state_rnk",63.5015
"36005026300","tract",2023,"food_state_rnk",6.4791
"36005026400","tract",2023,"food_state_rnk",20.388
"36005026500","tract",2023,"food_state_rnk",2.5897
"36005026601","tract",2023,"food_state_rnk",32.0951
"36005026602","tract",2023,"food_state_rnk",12.3181
"36005026701","tract",2023,"food_state_rnk",4.4811
"36005026702","tract",2023,"food_state_rnk",10.2037
"36005026900","tract",2023,"food_state_rnk",8.9816
"36005027300","tract",2023,"food_state_rnk",5.936
"36005027401","tract",2023,"food_state_rnk",61.3773
"36005027402","tract",2023,"food_state_rnk",81.6198
"36005027600","tract",2023,"food_state_rnk",NA
"36005027700","tract",2023,"food_state_rnk",5.4704
"36005027900","tract",2023,"food_state_rnk",13.4627
"36005028100","tract",2023,"food_state_rnk",49.9515
"36005028300","tract",2023,"food_state_rnk",1.8041
"36005028400","tract",2023,"food_state_rnk",NA
"36005028500","tract",2023,"food_state_rnk",63.4045
"36005028600","tract",2023,"food_state_rnk",29.0883
"36005028700","tract",2023,"food_state_rnk",23.453
"36005028800","tract",2023,"food_state_rnk",44.3647
"36005028900","tract",2023,"food_state_rnk",12.0563
"36005029301","tract",2023,"food_state_rnk",61.9787
"36005029302","tract",2023,"food_state_rnk",79.0301
"36005029500","tract",2023,"food_state_rnk",58.0989
"36005029600","tract",2023,"food_state_rnk",46.6925
"36005029700","tract",2023,"food_state_rnk",75.9845
"36005030000","tract",2023,"food_state_rnk",38.2832
"36005030100","tract",2023,"food_state_rnk",53.5597
"36005030201","tract",2023,"food_state_rnk",57.8855
"36005030202","tract",2023,"food_state_rnk",29.3016
"36005030701","tract",2023,"food_state_rnk",56.3434
"36005030900","tract",2023,"food_state_rnk",63.87
"36005031000","tract",2023,"food_state_rnk",52.8225
"36005031200","tract",2023,"food_state_rnk",46.7507
"36005031400","tract",2023,"food_state_rnk",42.5121
"36005031600","tract",2023,"food_state_rnk",43.7827
"36005031800","tract",2023,"food_state_rnk",40.6693
"36005031900","tract",2023,"food_state_rnk",NA
"36005032300","tract",2023,"food_state_rnk",65.1212
"36005032400","tract",2023,"food_state_rnk",7.7304
"36005032600","tract",2023,"food_state_rnk",55.2667
"36005032800","tract",2023,"food_state_rnk",6.2076
"36005033000","tract",2023,"food_state_rnk",19.1271
"36005033201","tract",2023,"food_state_rnk",12.5024
"36005033202","tract",2023,"food_state_rnk",19.5732
"36005033400","tract",2023,"food_state_rnk",NA
"36005033500","tract",2023,"food_state_rnk",33.8894
"36005033601","tract",2023,"food_state_rnk",4.9176
"36005033602","tract",2023,"food_state_rnk",30.7953
"36005033700","tract",2023,"food_state_rnk",48.1571
"36005033801","tract",2023,"food_state_rnk",24.1513
"36005033802","tract",2023,"food_state_rnk",6.0524
"36005034000","tract",2023,"food_state_rnk",14.1222
"36005034200","tract",2023,"food_state_rnk",32.968
"36005034300","tract",2023,"food_state_rnk",64.3259
"36005034400","tract",2023,"food_state_rnk",15.0533
"36005034500","tract",2023,"food_state_rnk",44.7236
"36005034800","tract",2023,"food_state_rnk",17.2648
"36005035000","tract",2023,"food_state_rnk",18.1183
"36005035100","tract",2023,"food_state_rnk",54.355
"36005035600","tract",2023,"food_state_rnk",14.9952
"36005035800","tract",2023,"food_state_rnk",47.2842
"36005035900","tract",2023,"food_state_rnk",2.968
"36005036000","tract",2023,"food_state_rnk",31.193
"36005036100","tract",2023,"food_state_rnk",0.679
"36005036300","tract",2023,"food_state_rnk",1.0669
"36005036400","tract",2023,"food_state_rnk",10.6305
"36005036501","tract",2023,"food_state_rnk",4.3065
"36005036502","tract",2023,"food_state_rnk",4.3744
"36005036700","tract",2023,"food_state_rnk",7.8758
"36005036800","tract",2023,"food_state_rnk",25.5286
"36005036901","tract",2023,"food_state_rnk",8.1668
"36005036902","tract",2023,"food_state_rnk",1.0281
"36005037000","tract",2023,"food_state_rnk",20.1164
"36005037100","tract",2023,"food_state_rnk",2.3278
"36005037200","tract",2023,"food_state_rnk",31.9108
"36005037300","tract",2023,"food_state_rnk",2.5024
"36005037400","tract",2023,"food_state_rnk",5.0436
"36005037504","tract",2023,"food_state_rnk",3.356
"36005037600","tract",2023,"food_state_rnk",27.6625
"36005037800","tract",2023,"food_state_rnk",14.6266
"36005037900","tract",2023,"food_state_rnk",4.4229
"36005038000","tract",2023,"food_state_rnk",7.1775
"36005038100","tract",2023,"food_state_rnk",14.1804
"36005038200","tract",2023,"food_state_rnk",25.5868
"36005038301","tract",2023,"food_state_rnk",2.4636
"36005038303","tract",2023,"food_state_rnk",1.3191
"36005038304","tract",2023,"food_state_rnk",2.2114
"36005038500","tract",2023,"food_state_rnk",0.7662
"36005038600","tract",2023,"food_state_rnk",17.7498
"36005038700","tract",2023,"food_state_rnk",3.3172
"36005038800","tract",2023,"food_state_rnk",14.549
"36005038900","tract",2023,"food_state_rnk",5.0048
"36005039000","tract",2023,"food_state_rnk",9.0204
"36005039100","tract",2023,"food_state_rnk",2.483
"36005039200","tract",2023,"food_state_rnk",21.0184
"36005039300","tract",2023,"food_state_rnk",0.3686
"36005039400","tract",2023,"food_state_rnk",10.8438
"36005039500","tract",2023,"food_state_rnk",1.5325
"36005039600","tract",2023,"food_state_rnk",10.999
"36005039700","tract",2023,"food_state_rnk",NA
"36005039800","tract",2023,"food_state_rnk",12.5315
"36005039901","tract",2023,"food_state_rnk",1.5519
"36005039902","tract",2023,"food_state_rnk",7.0029
"36005040100","tract",2023,"food_state_rnk",13.4433
"36005040302","tract",2023,"food_state_rnk",2.8807
"36005040303","tract",2023,"food_state_rnk",4.7915
"36005040304","tract",2023,"food_state_rnk",3.2396
"36005040400","tract",2023,"food_state_rnk",32.1435
"36005040501","tract",2023,"food_state_rnk",3.6275
"36005040502","tract",2023,"food_state_rnk",5.063
"36005040600","tract",2023,"food_state_rnk",6.4403
"36005040701","tract",2023,"food_state_rnk",9.6993
"36005040702","tract",2023,"food_state_rnk",7.2357
"36005040800","tract",2023,"food_state_rnk",10.0485
"36005040900","tract",2023,"food_state_rnk",22.4733
"36005041100","tract",2023,"food_state_rnk",2.2502
"36005041300","tract",2023,"food_state_rnk",14.8788
"36005041400","tract",2023,"food_state_rnk",30.4656
"36005041500","tract",2023,"food_state_rnk",7.9049
"36005041800","tract",2023,"food_state_rnk",7.9922
"36005041900","tract",2023,"food_state_rnk",11.0572
"36005042000","tract",2023,"food_state_rnk",6.2852
"36005042100","tract",2023,"food_state_rnk",12.6479
"36005042200","tract",2023,"food_state_rnk",46.1397
"36005042300","tract",2023,"food_state_rnk",13.3075
"36005042400","tract",2023,"food_state_rnk",38.4772
"36005042500","tract",2023,"food_state_rnk",5.2667
"36005042600","tract",2023,"food_state_rnk",36.3434
"36005042800","tract",2023,"food_state_rnk",26.5664
"36005042901","tract",2023,"food_state_rnk",12.677
"36005042902","tract",2023,"food_state_rnk",18.2541
"36005043000","tract",2023,"food_state_rnk",21.3385
"36005043101","tract",2023,"food_state_rnk",12.7061
"36005043102","tract",2023,"food_state_rnk",13.8894
"36005043400","tract",2023,"food_state_rnk",16.1979
"36005043501","tract",2023,"food_state_rnk",1.0475
"36005043502","tract",2023,"food_state_rnk",NA
"36005043503","tract",2023,"food_state_rnk",NA
"36005043600","tract",2023,"food_state_rnk",9.7866
"36005044200","tract",2023,"food_state_rnk",19.7381
"36005044400","tract",2023,"food_state_rnk",58.4384
"36005044800","tract",2023,"food_state_rnk",26.741
"36005044901","tract",2023,"food_state_rnk",53.0747
"36005044902","tract",2023,"food_state_rnk",37.7013
"36005045101","tract",2023,"food_state_rnk",54.9855
"36005045102","tract",2023,"food_state_rnk",73.6372
"36005045600","tract",2023,"food_state_rnk",27.2357
"36005045800","tract",2023,"food_state_rnk",3.3754
"36005046000","tract",2023,"food_state_rnk",6.7895
"36005046203","tract",2023,"food_state_rnk",45.8875
"36005046204","tract",2023,"food_state_rnk",52.1823
"36005046205","tract",2023,"food_state_rnk",51.0766
"36005046206","tract",2023,"food_state_rnk",42.9874
"36005046207","tract",2023,"food_state_rnk",11.9496
"36005046208","tract",2023,"food_state_rnk",34.9855
"36005046209","tract",2023,"food_state_rnk",4.5199
"36005048401","tract",2023,"food_state_rnk",36.0815
"36005048402","tract",2023,"food_state_rnk",NA
"36005050400","tract",2023,"food_state_rnk",NA
"36005051601","tract",2023,"food_state_rnk",42.7255
"36005051602","tract",2023,"food_state_rnk",NA
"36007000100","tract",2023,"food_state_rnk",19.3307
"36007000200","tract",2023,"food_state_rnk",13.6372
"36007000300","tract",2023,"food_state_rnk",29.1562
"36007000400","tract",2023,"food_state_rnk",15.4122
"36007000500","tract",2023,"food_state_rnk",8.3802
"36007000600","tract",2023,"food_state_rnk",5.2958
"36007000700","tract",2023,"food_state_rnk",52.6188
"36007000900","tract",2023,"food_state_rnk",19.3307
"36007001100","tract",2023,"food_state_rnk",4.8691
"36007001200","tract",2023,"food_state_rnk",13.1426
"36007001300","tract",2023,"food_state_rnk",10.9214
"36007001401","tract",2023,"food_state_rnk",74.7333
"36007001402","tract",2023,"food_state_rnk",32.6964
"36007001500","tract",2023,"food_state_rnk",81.7653
"36007001600","tract",2023,"food_state_rnk",57.0805
"36007001700","tract",2023,"food_state_rnk",23.4724
"36007001800","tract",2023,"food_state_rnk",20.4462
"36007010200","tract",2023,"food_state_rnk",68.5839
"36007011901","tract",2023,"food_state_rnk",29.7575
"36007011902","tract",2023,"food_state_rnk",25.1018
"36007011903","tract",2023,"food_state_rnk",26.5664
"36007012000","tract",2023,"food_state_rnk",49.1562
"36007012101","tract",2023,"food_state_rnk",94.6072
"36007012102","tract",2023,"food_state_rnk",76.3822
"36007012103","tract",2023,"food_state_rnk",45.4607
"36007012201","tract",2023,"food_state_rnk",68.7779
"36007012202","tract",2023,"food_state_rnk",30.679
"36007012300","tract",2023,"food_state_rnk",66.9253
"36007012400","tract",2023,"food_state_rnk",38.7003
"36007012501","tract",2023,"food_state_rnk",66.8865
"36007012502","tract",2023,"food_state_rnk",53.9185
"36007012600","tract",2023,"food_state_rnk",34.1125
"36007012701","tract",2023,"food_state_rnk",36.8283
"36007012702","tract",2023,"food_state_rnk",72.2987
"36007012800","tract",2023,"food_state_rnk",84.0349
"36007012900","tract",2023,"food_state_rnk",92.6964
"36007013000","tract",2023,"food_state_rnk",76.2755
"36007013100","tract",2023,"food_state_rnk",28.6421
"36007013201","tract",2023,"food_state_rnk",67.614
"36007013202","tract",2023,"food_state_rnk",63.87
"36007013301","tract",2023,"food_state_rnk",71.2318
"36007013303","tract",2023,"food_state_rnk",69.4762
"36007013304","tract",2023,"food_state_rnk",65.8293
"36007013400","tract",2023,"food_state_rnk",35.354
"36007013500","tract",2023,"food_state_rnk",4.4035
"36007013600","tract",2023,"food_state_rnk",16.5567
"36007013700","tract",2023,"food_state_rnk",46.9447
"36007013800","tract",2023,"food_state_rnk",22.6479
"36007013900","tract",2023,"food_state_rnk",12.4151
"36007014000","tract",2023,"food_state_rnk",12.2987
"36007014100","tract",2023,"food_state_rnk",33.9185
"36007014200","tract",2023,"food_state_rnk",62.5412
"36007014301","tract",2023,"food_state_rnk",70.3492
"36007014302","tract",2023,"food_state_rnk",NA
"36007014400","tract",2023,"food_state_rnk",85.2667
"36007014500","tract",2023,"food_state_rnk",79.7478
"36007014600","tract",2023,"food_state_rnk",57.9146
"36009940000","tract",2023,"food_state_rnk",9.2919
"36009940200","tract",2023,"food_state_rnk",NA
"36009940301","tract",2023,"food_state_rnk",13.9282
"36009940302","tract",2023,"food_state_rnk",17.4976
"36009960100","tract",2023,"food_state_rnk",68.5451
"36009960200","tract",2023,"food_state_rnk",22.8904
"36009960300","tract",2023,"food_state_rnk",60.0485
"36009960400","tract",2023,"food_state_rnk",48.6615
"36009960500","tract",2023,"food_state_rnk",54.8109
"36009960600","tract",2023,"food_state_rnk",36.4888
"36009960703","tract",2023,"food_state_rnk",66.0524
"36009960704","tract",2023,"food_state_rnk",64.5393
"36009960800","tract",2023,"food_state_rnk",51.9593
"36009961000","tract",2023,"food_state_rnk",44.5005
"36009961100","tract",2023,"food_state_rnk",65.1794
"36009961200","tract",2023,"food_state_rnk",65.4898
"36009961301","tract",2023,"food_state_rnk",49.8933
"36009961302","tract",2023,"food_state_rnk",NA
"36009961400","tract",2023,"food_state_rnk",70.582
"36009961500","tract",2023,"food_state_rnk",53.3948
"36009961600","tract",2023,"food_state_rnk",25.3443
"36009961700","tract",2023,"food_state_rnk",8.2056
"36009961800","tract",2023,"food_state_rnk",35.4413
"36009962200","tract",2023,"food_state_rnk",45.5383
"36011040101","tract",2023,"food_state_rnk",61.0863
"36011040102","tract",2023,"food_state_rnk",55.4316
"36011040201","tract",2023,"food_state_rnk",84.549
"36011040202","tract",2023,"food_state_rnk",47.226
"36011040300","tract",2023,"food_state_rnk",40.8438
"36011040400","tract",2023,"food_state_rnk",67.0514
"36011040500","tract",2023,"food_state_rnk",67.0902
"36011040600","tract",2023,"food_state_rnk",77.3036
"36011040700","tract",2023,"food_state_rnk",97.42
"36011040800","tract",2023,"food_state_rnk",44.9176
"36011040900","tract",2023,"food_state_rnk",61.1445
"36011041001","tract",2023,"food_state_rnk",66.1397
"36011041002","tract",2023,"food_state_rnk",83.2105
"36011041101","tract",2023,"food_state_rnk",59.0689
"36011041102","tract",2023,"food_state_rnk",50.9117
"36011041201","tract",2023,"food_state_rnk",76.0136
"36011041202","tract",2023,"food_state_rnk",68.7003
"36011041300","tract",2023,"food_state_rnk",21.0766
"36011041400","tract",2023,"food_state_rnk",20.4171
"36011041500","tract",2023,"food_state_rnk",32.5218
"36011041600","tract",2023,"food_state_rnk",41.6392
"36011041700","tract",2023,"food_state_rnk",28.031
"36011041800","tract",2023,"food_state_rnk",19.0689
"36011042100","tract",2023,"food_state_rnk",4.9176
"36011990200","tract",2023,"food_state_rnk",NA
"36013030100","tract",2023,"food_state_rnk",5.5092
"36013030200","tract",2023,"food_state_rnk",19.1077
"36013030300","tract",2023,"food_state_rnk",3.5112
"36013030400","tract",2023,"food_state_rnk",38.0795
"36013030500","tract",2023,"food_state_rnk",1.4743
"36013030600","tract",2023,"food_state_rnk",14.5296
"36013030700","tract",2023,"food_state_rnk",40.9117
"36013030800","tract",2023,"food_state_rnk",17.808
"36013035100","tract",2023,"food_state_rnk",37.6431
"36013035300","tract",2023,"food_state_rnk",68.1862
"36013035400","tract",2023,"food_state_rnk",9.4956
"36013035500","tract",2023,"food_state_rnk",17.4782
"36013035600","tract",2023,"food_state_rnk",20.9893
"36013035700","tract",2023,"food_state_rnk",27.2939
"36013035800","tract",2023,"food_state_rnk",56.6343
"36013035901","tract",2023,"food_state_rnk",58.0504
"36013035902","tract",2023,"food_state_rnk",NA
"36013036000","tract",2023,"food_state_rnk",66.8477
"36013036100","tract",2023,"food_state_rnk",41.4064
"36013036300","tract",2023,"food_state_rnk",23.0262
"36013036401","tract",2023,"food_state_rnk",49.806
"36013036402","tract",2023,"food_state_rnk",69.0107
"36013036500","tract",2023,"food_state_rnk",31.2318
"36013036600","tract",2023,"food_state_rnk",50.4656
"36013036700","tract",2023,"food_state_rnk",70.9408
"36013036801","tract",2023,"food_state_rnk",61.8235
"36013036802","tract",2023,"food_state_rnk",64.7818
"36013036901","tract",2023,"food_state_rnk",54.9176
"36013036902","tract",2023,"food_state_rnk",52.4248
"36013037000","tract",2023,"food_state_rnk",51.9884
"36013037100","tract",2023,"food_state_rnk",60.1455
"36013037200","tract",2023,"food_state_rnk",34.2386
"36013037300","tract",2023,"food_state_rnk",36.5082
"36013037400","tract",2023,"food_state_rnk",52.6188
"36013037500","tract",2023,"food_state_rnk",36.8283
"36013037600","tract",2023,"food_state_rnk",68.4578
"36013990000","tract",2023,"food_state_rnk",NA
"36015000100","tract",2023,"food_state_rnk",9.0592
"36015000200","tract",2023,"food_state_rnk",16.1785
"36015000300","tract",2023,"food_state_rnk",NA
"36015000400","tract",2023,"food_state_rnk",22.3278
"36015000500","tract",2023,"food_state_rnk",34.3938
"36015000600","tract",2023,"food_state_rnk",7.5849
"36015000700","tract",2023,"food_state_rnk",4.0543
"36015000900","tract",2023,"food_state_rnk",35.7226
"36015001000","tract",2023,"food_state_rnk",5.7905
"36015001100","tract",2023,"food_state_rnk",38.5839
"36015010100","tract",2023,"food_state_rnk",60.1455
"36015010200","tract",2023,"food_state_rnk",67.2842
"36015010301","tract",2023,"food_state_rnk",79.9806
"36015010302","tract",2023,"food_state_rnk",75.9554
"36015010400","tract",2023,"food_state_rnk",64.355
"36015010500","tract",2023,"food_state_rnk",35.5577
"36015010600","tract",2023,"food_state_rnk",35.936
"36015010701","tract",2023,"food_state_rnk",72.7255
"36015010702","tract",2023,"food_state_rnk",63.1329
"36015010800","tract",2023,"food_state_rnk",41.5131
"36015010900","tract",2023,"food_state_rnk",68.3996
"36015011000","tract",2023,"food_state_rnk",58.322
"36015011101","tract",2023,"food_state_rnk",24.4811
"36015011102","tract",2023,"food_state_rnk",47.0417
"36015011200","tract",2023,"food_state_rnk",56.9156
"36017970101","tract",2023,"food_state_rnk",48.0213
"36017970102","tract",2023,"food_state_rnk",30.7081
"36017970201","tract",2023,"food_state_rnk",38.4093
"36017970202","tract",2023,"food_state_rnk",46.5955
"36017970300","tract",2023,"food_state_rnk",35.1794
"36017970400","tract",2023,"food_state_rnk",9.6217
"36017970501","tract",2023,"food_state_rnk",34.1804
"36017970502","tract",2023,"food_state_rnk",60.291
"36017970601","tract",2023,"food_state_rnk",47.3715
"36017970602","tract",2023,"food_state_rnk",54.0349
"36017970700","tract",2023,"food_state_rnk",58.9525
"36017970801","tract",2023,"food_state_rnk",55.9263
"36017970802","tract",2023,"food_state_rnk",66.0912
"36017970901","tract",2023,"food_state_rnk",38.0019
"36017970902","tract",2023,"food_state_rnk",52.968
"36017971000","tract",2023,"food_state_rnk",66.9641
"36019100101","tract",2023,"food_state_rnk",31.3676
"36019100102","tract",2023,"food_state_rnk",39.5344
"36019100200","tract",2023,"food_state_rnk",55.5383
"36019100600","tract",2023,"food_state_rnk",40.1358
"36019100700","tract",2023,"food_state_rnk",74.3065
"36019100800","tract",2023,"food_state_rnk",32.2114
"36019100901","tract",2023,"food_state_rnk",49.3016
"36019100902","tract",2023,"food_state_rnk",77.3424
"36019101000","tract",2023,"food_state_rnk",78.2153
"36019101600","tract",2023,"food_state_rnk",30.9311
"36019101901","tract",2023,"food_state_rnk",70.4074
"36019101902","tract",2023,"food_state_rnk",39.5635
"36019102100","tract",2023,"food_state_rnk",16.0815
"36019102200","tract",2023,"food_state_rnk",5.548
"36019102800","tract",2023,"food_state_rnk",54.355
"36019103000","tract",2023,"food_state_rnk",NA
"36019103100","tract",2023,"food_state_rnk",22.6188
"36019103200","tract",2023,"food_state_rnk",69.7284
"36019103512","tract",2023,"food_state_rnk",NA
"36019103800","tract",2023,"food_state_rnk",57.1969
"36019103900","tract",2023,"food_state_rnk",68.904
"36019104200","tract",2023,"food_state_rnk",34.8303
"36021000100","tract",2023,"food_state_rnk",64.3938
"36021000200","tract",2023,"food_state_rnk",75.4995
"36021000300","tract",2023,"food_state_rnk",71.6295
"36021000401","tract",2023,"food_state_rnk",63.2881
"36021000402","tract",2023,"food_state_rnk",83.0844
"36021000500","tract",2023,"food_state_rnk",55.4704
"36021000600","tract",2023,"food_state_rnk",66.7992
"36021000700","tract",2023,"food_state_rnk",57.3909
"36021000800","tract",2023,"food_state_rnk",97.42
"36021000900","tract",2023,"food_state_rnk",27.9922
"36021001000","tract",2023,"food_state_rnk",34.6654
"36021001100","tract",2023,"food_state_rnk",79.6702
"36021001200","tract",2023,"food_state_rnk",19.9224
"36021001300","tract",2023,"food_state_rnk",25.4898
"36021001400","tract",2023,"food_state_rnk",35.8487
"36021001500","tract",2023,"food_state_rnk",69.7672
"36021001600","tract",2023,"food_state_rnk",40.0873
"36021001700","tract",2023,"food_state_rnk",85.2376
"36021001800","tract",2023,"food_state_rnk",90.7856
"36021001900","tract",2023,"food_state_rnk",74.6169
"36021002000","tract",2023,"food_state_rnk",77.1581
"36023970100","tract",2023,"food_state_rnk",48.6615
"36023970201","tract",2023,"food_state_rnk",52.0272
"36023970202","tract",2023,"food_state_rnk",78.7294
"36023970300","tract",2023,"food_state_rnk",93.55
"36023970400","tract",2023,"food_state_rnk",58.0989
"36023970500","tract",2023,"food_state_rnk",19.8836
"36023970600","tract",2023,"food_state_rnk",9.9127
"36023970700","tract",2023,"food_state_rnk",67.614
"36023970800","tract",2023,"food_state_rnk",NA
"36023970900","tract",2023,"food_state_rnk",32.7643
"36023971000","tract",2023,"food_state_rnk",46.8283
"36023971100","tract",2023,"food_state_rnk",55.0436
"36023971200","tract",2023,"food_state_rnk",68.0213
"36025970101","tract",2023,"food_state_rnk",41.9399
"36025970102","tract",2023,"food_state_rnk",54.2095
"36025970200","tract",2023,"food_state_rnk",74.3065
"36025970300","tract",2023,"food_state_rnk",59.3792
"36025970401","tract",2023,"food_state_rnk",65.6935
"36025970402","tract",2023,"food_state_rnk",17.3618
"36025970501","tract",2023,"food_state_rnk",24.4229
"36025970502","tract",2023,"food_state_rnk",23.7439
"36025970601","tract",2023,"food_state_rnk",41.7071
"36025970602","tract",2023,"food_state_rnk",53.5984
"36025970700","tract",2023,"food_state_rnk",70.679
"36025970800","tract",2023,"food_state_rnk",41.8041
"36025970900","tract",2023,"food_state_rnk",NA
"36025971000","tract",2023,"food_state_rnk",56.0039
"36025971100","tract",2023,"food_state_rnk",84.4423
"36025971200","tract",2023,"food_state_rnk",65.257
"36025971300","tract",2023,"food_state_rnk",83.9573
"36025971400","tract",2023,"food_state_rnk",34.6654
"36027010000","tract",2023,"food_state_rnk",40.8826
"36027020003","tract",2023,"food_state_rnk",53.0941
"36027020004","tract",2023,"food_state_rnk",92.2211
"36027020005","tract",2023,"food_state_rnk",89.8157
"36027030000","tract",2023,"food_state_rnk",95.6547
"36027040001","tract",2023,"food_state_rnk",53.453
"36027040003","tract",2023,"food_state_rnk",40.2425
"36027050102","tract",2023,"food_state_rnk",92.0854
"36027050103","tract",2023,"food_state_rnk",96.2076
"36027050104","tract",2023,"food_state_rnk",79.5247
"36027050203","tract",2023,"food_state_rnk",85.7711
"36027050204","tract",2023,"food_state_rnk",94.9855
"36027050205","tract",2023,"food_state_rnk",95.9554
"36027060100","tract",2023,"food_state_rnk",96.4306
"36027060201","tract",2023,"food_state_rnk",65.9554
"36027060202","tract",2023,"food_state_rnk",85.0824
"36027060301","tract",2023,"food_state_rnk",90.4268
"36027060302","tract",2023,"food_state_rnk",85.6256
"36027060400","tract",2023,"food_state_rnk",66.4985
"36027070101","tract",2023,"food_state_rnk",76.0815
"36027070102","tract",2023,"food_state_rnk",69.6993
"36027070201","tract",2023,"food_state_rnk",81.678
"36027070301","tract",2023,"food_state_rnk",79.7963
"36027070401","tract",2023,"food_state_rnk",NA
"36027080103","tract",2023,"food_state_rnk",89.7575
"36027080104","tract",2023,"food_state_rnk",91.2803
"36027080201","tract",2023,"food_state_rnk",90.7468
"36027080202","tract",2023,"food_state_rnk",94.2095
"36027090000","tract",2023,"food_state_rnk",59.1077
"36027100000","tract",2023,"food_state_rnk",70.1455
"36027110003","tract",2023,"food_state_rnk",98.0407
"36027110004","tract",2023,"food_state_rnk",86.1979
"36027110005","tract",2023,"food_state_rnk",67.6625
"36027120000","tract",2023,"food_state_rnk",52.8807
"36027130003","tract",2023,"food_state_rnk",77.9049
"36027130004","tract",2023,"food_state_rnk",80.1649
"36027130005","tract",2023,"food_state_rnk",82.7934
"36027140101","tract",2023,"food_state_rnk",NA
"36027140201","tract",2023,"food_state_rnk",41.4743
"36027140202","tract",2023,"food_state_rnk",76.7798
"36027140301","tract",2023,"food_state_rnk",15.1309
"36027140302","tract",2023,"food_state_rnk",43.2978
"36027140400","tract",2023,"food_state_rnk",83.1135
"36027140500","tract",2023,"food_state_rnk",57.6528
"36027140602","tract",2023,"food_state_rnk",71.7168
"36027140700","tract",2023,"food_state_rnk",77.8371
"36027140801","tract",2023,"food_state_rnk",71.8041
"36027150003","tract",2023,"food_state_rnk",NA
"36027150004","tract",2023,"food_state_rnk",80.2134
"36027150005","tract",2023,"food_state_rnk",85.5674
"36027150006","tract",2023,"food_state_rnk",92.1726
"36027160003","tract",2023,"food_state_rnk",96.5761
"36027160004","tract",2023,"food_state_rnk",82.2696
"36027160005","tract",2023,"food_state_rnk",92.8516
"36027170000","tract",2023,"food_state_rnk",82.58
"36027180001","tract",2023,"food_state_rnk",92.3375
"36027190101","tract",2023,"food_state_rnk",91.2415
"36027190102","tract",2023,"food_state_rnk",54.1513
"36027190203","tract",2023,"food_state_rnk",67.7692
"36027190204","tract",2023,"food_state_rnk",70.679
"36027190301","tract",2023,"food_state_rnk",72.4151
"36027190401","tract",2023,"food_state_rnk",68.3608
"36027190402","tract",2023,"food_state_rnk",70.4462
"36027200001","tract",2023,"food_state_rnk",77.614
"36027200002","tract",2023,"food_state_rnk",63.0262
"36027210101","tract",2023,"food_state_rnk",33.3075
"36027210201","tract",2023,"food_state_rnk",56.8477
"36027210301","tract",2023,"food_state_rnk",52.0757
"36027220101","tract",2023,"food_state_rnk",23.9088
"36027220102","tract",2023,"food_state_rnk",17.4006
"36027220201","tract",2023,"food_state_rnk",47.3521
"36027220300","tract",2023,"food_state_rnk",20.2619
"36027220700","tract",2023,"food_state_rnk",5.8972
"36027220801","tract",2023,"food_state_rnk",30.7274
"36027220901","tract",2023,"food_state_rnk",42.8807
"36027221001","tract",2023,"food_state_rnk",84.4811
"36027221100","tract",2023,"food_state_rnk",38.2347
"36027300000","tract",2023,"food_state_rnk",50.3783
"36027410000","tract",2023,"food_state_rnk",NA
"36027610000","tract",2023,"food_state_rnk",NA
"36027640001","tract",2023,"food_state_rnk",NA
"36027640002","tract",2023,"food_state_rnk",NA
"36029000110","tract",2023,"food_state_rnk",10.3007
"36029000200","tract",2023,"food_state_rnk",25.1212
"36029000500","tract",2023,"food_state_rnk",10.3589
"36029000600","tract",2023,"food_state_rnk",68.128
"36029000700","tract",2023,"food_state_rnk",64.6945
"36029000800","tract",2023,"food_state_rnk",45.4316
"36029000900","tract",2023,"food_state_rnk",59.4762
"36029001000","tract",2023,"food_state_rnk",9.6023
"36029001100","tract",2023,"food_state_rnk",11.6198
"36029001403","tract",2023,"food_state_rnk",1.8623
"36029001404","tract",2023,"food_state_rnk",0.9893
"36029001500","tract",2023,"food_state_rnk",7.2745
"36029001601","tract",2023,"food_state_rnk",0.5626
"36029001602","tract",2023,"food_state_rnk",3.0262
"36029001700","tract",2023,"food_state_rnk",4.1319
"36029001900","tract",2023,"food_state_rnk",18.2153
"36029002300","tract",2023,"food_state_rnk",7.6237
"36029002400","tract",2023,"food_state_rnk",26.6925
"36029002502","tract",2023,"food_state_rnk",1.8817
"36029002703","tract",2023,"food_state_rnk",1.2415
"36029002704","tract",2023,"food_state_rnk",8.031
"36029002801","tract",2023,"food_state_rnk",1.9981
"36029002802","tract",2023,"food_state_rnk",2.0175
"36029002900","tract",2023,"food_state_rnk",3.55
"36029003000","tract",2023,"food_state_rnk",9.9903
"36029003100","tract",2023,"food_state_rnk",16.935
"36029003301","tract",2023,"food_state_rnk",9.1562
"36029003302","tract",2023,"food_state_rnk",5.3152
"36029003400","tract",2023,"food_state_rnk",10.2813
"36029003501","tract",2023,"food_state_rnk",8.516
"36029003502","tract",2023,"food_state_rnk",14.1998
"36029003600","tract",2023,"food_state_rnk",22.9971
"36029003700","tract",2023,"food_state_rnk",6.4985
"36029003800","tract",2023,"food_state_rnk",4.5975
"36029003901","tract",2023,"food_state_rnk",2.5218
"36029004002","tract",2023,"food_state_rnk",11.6974
"36029004003","tract",2023,"food_state_rnk",0.7177
"36029004100","tract",2023,"food_state_rnk",15.16
"36029004200","tract",2023,"food_state_rnk",9.0786
"36029004300","tract",2023,"food_state_rnk",24.2871
"36029004401","tract",2023,"food_state_rnk",14.9176
"36029004402","tract",2023,"food_state_rnk",3.8215
"36029004500","tract",2023,"food_state_rnk",59.709
"36029004601","tract",2023,"food_state_rnk",37.934
"36029004701","tract",2023,"food_state_rnk",8.7294
"36029004702","tract",2023,"food_state_rnk",30.7662
"36029004800","tract",2023,"food_state_rnk",57.7886
"36029004901","tract",2023,"food_state_rnk",38.8943
"36029004902","tract",2023,"food_state_rnk",33.7536
"36029005000","tract",2023,"food_state_rnk",50.5238
"36029005100","tract",2023,"food_state_rnk",47.5558
"36029005201","tract",2023,"food_state_rnk",84.8691
"36029005202","tract",2023,"food_state_rnk",16.45
"36029005300","tract",2023,"food_state_rnk",NA
"36029005400","tract",2023,"food_state_rnk",30.6305
"36029005500","tract",2023,"food_state_rnk",13.0165
"36029005600","tract",2023,"food_state_rnk",6.3434
"36029005700","tract",2023,"food_state_rnk",10.1649
"36029005801","tract",2023,"food_state_rnk",17.1581
"36029005802","tract",2023,"food_state_rnk",2.774
"36029005900","tract",2023,"food_state_rnk",3.8603
"36029006100","tract",2023,"food_state_rnk",5.2376
"36029006301","tract",2023,"food_state_rnk",51.4258
"36029006302","tract",2023,"food_state_rnk",72.6576
"36029006501","tract",2023,"food_state_rnk",69.0107
"36029006601","tract",2023,"food_state_rnk",30.1649
"36029006602","tract",2023,"food_state_rnk",50.7081
"36029006701","tract",2023,"food_state_rnk",26.6343
"36029006702","tract",2023,"food_state_rnk",31.4258
"36029006801","tract",2023,"food_state_rnk",52.8613
"36029006802","tract",2023,"food_state_rnk",40.0485
"36029006901","tract",2023,"food_state_rnk",9.3113
"36029006903","tract",2023,"food_state_rnk",43.1911
"36029006904","tract",2023,"food_state_rnk",6.7216
"36029007000","tract",2023,"food_state_rnk",10.9699
"36029007102","tract",2023,"food_state_rnk",0.485
"36029007103","tract",2023,"food_state_rnk",13.4045
"36029007104","tract",2023,"food_state_rnk",3.3366
"36029007202","tract",2023,"food_state_rnk",20.4753
"36029007303","tract",2023,"food_state_rnk",78.128
"36029007304","tract",2023,"food_state_rnk",99.6799
"36029007305","tract",2023,"food_state_rnk",59.9612
"36029007306","tract",2023,"food_state_rnk",64.5878
"36029007600","tract",2023,"food_state_rnk",46.0136
"36029007700","tract",2023,"food_state_rnk",62.9001
"36029007800","tract",2023,"food_state_rnk",13.3366
"36029007901","tract",2023,"food_state_rnk",41.4064
"36029007902","tract",2023,"food_state_rnk",64.1319
"36029007903","tract",2023,"food_state_rnk",64.5102
"36029007904","tract",2023,"food_state_rnk",78.5645
"36029007905","tract",2023,"food_state_rnk",69.806
"36029008001","tract",2023,"food_state_rnk",87.6431
"36029008002","tract",2023,"food_state_rnk",41.2803
"36029008003","tract",2023,"food_state_rnk",40.3589
"36029008101","tract",2023,"food_state_rnk",61.3288
"36029008102","tract",2023,"food_state_rnk",59.3113
"36029008201","tract",2023,"food_state_rnk",68.4287
"36029008202","tract",2023,"food_state_rnk",32.5218
"36029008300","tract",2023,"food_state_rnk",1.9108
"36029008400","tract",2023,"food_state_rnk",36.3046
"36029008500","tract",2023,"food_state_rnk",69.5247
"36029008600","tract",2023,"food_state_rnk",58.322
"36029008700","tract",2023,"food_state_rnk",50.999
"36029008800","tract",2023,"food_state_rnk",44.4714
"36029008900","tract",2023,"food_state_rnk",83.6566
"36029009004","tract",2023,"food_state_rnk",81.8041
"36029009007","tract",2023,"food_state_rnk",98.9913
"36029009008","tract",2023,"food_state_rnk",96.2367
"36029009009","tract",2023,"food_state_rnk",93.3948
"36029009010","tract",2023,"food_state_rnk",58.322
"36029009011","tract",2023,"food_state_rnk",66.6343
"36029009012","tract",2023,"food_state_rnk",66.3531
"36029009104","tract",2023,"food_state_rnk",97.517
"36029009106","tract",2023,"food_state_rnk",71.9108
"36029009107","tract",2023,"food_state_rnk",40.0873
"36029009109","tract",2023,"food_state_rnk",77.0417
"36029009110","tract",2023,"food_state_rnk",NA
"36029009112","tract",2023,"food_state_rnk",28.7876
"36029009113","tract",2023,"food_state_rnk",87.8274
"36029009114","tract",2023,"food_state_rnk",87.7013
"36029009115","tract",2023,"food_state_rnk",93.3657
"36029009116","tract",2023,"food_state_rnk",36.6828
"36029009200","tract",2023,"food_state_rnk",46.4306
"36029009301","tract",2023,"food_state_rnk",27.7595
"36029009302","tract",2023,"food_state_rnk",65.3928
"36029009401","tract",2023,"food_state_rnk",70.5044
"36029009402","tract",2023,"food_state_rnk",86.1688
"36029009501","tract",2023,"food_state_rnk",85.839
"36029009503","tract",2023,"food_state_rnk",77.7013
"36029009504","tract",2023,"food_state_rnk",75.0921
"36029009601","tract",2023,"food_state_rnk",43.4433
"36029009602","tract",2023,"food_state_rnk",68.613
"36029009701","tract",2023,"food_state_rnk",47.0417
"36029009702","tract",2023,"food_state_rnk",63.9185
"36029009800","tract",2023,"food_state_rnk",39.3404
"36029009900","tract",2023,"food_state_rnk",24.2483
"36029010001","tract",2023,"food_state_rnk",25.6256
"36029010002","tract",2023,"food_state_rnk",33.3657
"36029010003","tract",2023,"food_state_rnk",39.6217
"36029010101","tract",2023,"food_state_rnk",49.0301
"36029010102","tract",2023,"food_state_rnk",11.8914
"36029010103","tract",2023,"food_state_rnk",50.0097
"36029010201","tract",2023,"food_state_rnk",38.9719
"36029010202","tract",2023,"food_state_rnk",13.1426
"36029010300","tract",2023,"food_state_rnk",42.2987
"36029010400","tract",2023,"food_state_rnk",27.4588
"36029010500","tract",2023,"food_state_rnk",57.1484
"36029010600","tract",2023,"food_state_rnk",36.0621
"36029010700","tract",2023,"food_state_rnk",24.9079
"36029010803","tract",2023,"food_state_rnk",70.1164
"36029010804","tract",2023,"food_state_rnk",79.4471
"36029010805","tract",2023,"food_state_rnk",68.5839
"36029010807","tract",2023,"food_state_rnk",45.8584
"36029010808","tract",2023,"food_state_rnk",60.2619
"36029010809","tract",2023,"food_state_rnk",72.066
"36029010901","tract",2023,"food_state_rnk",27.1775
"36029010902","tract",2023,"food_state_rnk",42.2987
"36029011000","tract",2023,"food_state_rnk",34.4132
"36029011100","tract",2023,"food_state_rnk",62.774
"36029011201","tract",2023,"food_state_rnk",83.7051
"36029011202","tract",2023,"food_state_rnk",72.5606
"36029011300","tract",2023,"food_state_rnk",63.1329
"36029011400","tract",2023,"food_state_rnk",37.8952
"36029011500","tract",2023,"food_state_rnk",44.84
"36029011600","tract",2023,"food_state_rnk",60.9214
"36029011700","tract",2023,"food_state_rnk",59.0689
"36029011800","tract",2023,"food_state_rnk",41.6004
"36029012001","tract",2023,"food_state_rnk",48.9622
"36029012002","tract",2023,"food_state_rnk",85.9166
"36029012003","tract",2023,"food_state_rnk",80.0388
"36029012300","tract",2023,"food_state_rnk",22.8322
"36029012400","tract",2023,"food_state_rnk",8.3996
"36029012501","tract",2023,"food_state_rnk",56.2852
"36029012502","tract",2023,"food_state_rnk",70.679
"36029012800","tract",2023,"food_state_rnk",43.259
"36029012902","tract",2023,"food_state_rnk",55.4316
"36029012903","tract",2023,"food_state_rnk",45.257
"36029012904","tract",2023,"food_state_rnk",50.0679
"36029013001","tract",2023,"food_state_rnk",41.8235
"36029013002","tract",2023,"food_state_rnk",54.6072
"36029013101","tract",2023,"food_state_rnk",50.3007
"36029013103","tract",2023,"food_state_rnk",91.9399
"36029013104","tract",2023,"food_state_rnk",88.2541
"36029013201","tract",2023,"food_state_rnk",72.5121
"36029013202","tract",2023,"food_state_rnk",60.6402
"36029013300","tract",2023,"food_state_rnk",90.5723
"36029013400","tract",2023,"food_state_rnk",72.4733
"36029013501","tract",2023,"food_state_rnk",98.0795
"36029013502","tract",2023,"food_state_rnk",99.8157
"36029013600","tract",2023,"food_state_rnk",84.937
"36029013701","tract",2023,"food_state_rnk",72.2017
"36029013702","tract",2023,"food_state_rnk",78.6518
"36029013801","tract",2023,"food_state_rnk",82.3375
"36029013802","tract",2023,"food_state_rnk",86.6634
"36029013900","tract",2023,"food_state_rnk",71.9399
"36029014000","tract",2023,"food_state_rnk",93.8312
"36029014101","tract",2023,"food_state_rnk",99.1368
"36029014102","tract",2023,"food_state_rnk",94.5393
"36029014204","tract",2023,"food_state_rnk",64.1804
"36029014206","tract",2023,"food_state_rnk",99.9806
"36029014207","tract",2023,"food_state_rnk",74.0737
"36029014208","tract",2023,"food_state_rnk",70.7274
"36029014209","tract",2023,"food_state_rnk",71.2318
"36029014300","tract",2023,"food_state_rnk",87.5752
"36029014400","tract",2023,"food_state_rnk",29.418
"36029014501","tract",2023,"food_state_rnk",67.0029
"36029014502","tract",2023,"food_state_rnk",19.6508
"36029014601","tract",2023,"food_state_rnk",73.6663
"36029014603","tract",2023,"food_state_rnk",65.6256
"36029014605","tract",2023,"food_state_rnk",82.6964
"36029014606","tract",2023,"food_state_rnk",95.2764
"36029014701","tract",2023,"food_state_rnk",97.0902
"36029014703","tract",2023,"food_state_rnk",94.2774
"36029014704","tract",2023,"food_state_rnk",71.2318
"36029014801","tract",2023,"food_state_rnk",41.3482
"36029014804","tract",2023,"food_state_rnk",56.8089
"36029014805","tract",2023,"food_state_rnk",72.1823
"36029014901","tract",2023,"food_state_rnk",60.3104
"36029014903","tract",2023,"food_state_rnk",81.3967
"36029015001","tract",2023,"food_state_rnk",79.2919
"36029015002","tract",2023,"food_state_rnk",50.2813
"36029015003","tract",2023,"food_state_rnk",62.4248
"36029015101","tract",2023,"food_state_rnk",81.1736
"36029015102","tract",2023,"food_state_rnk",73.5306
"36029015201","tract",2023,"food_state_rnk",91.1251
"36029015202","tract",2023,"food_state_rnk",82.7352
"36029015301","tract",2023,"food_state_rnk",60.1067
"36029015302","tract",2023,"food_state_rnk",46.9641
"36029015401","tract",2023,"food_state_rnk",67.6819
"36029015402","tract",2023,"food_state_rnk",67.4782
"36029015501","tract",2023,"food_state_rnk",29.001
"36029015503","tract",2023,"food_state_rnk",66.2852
"36029015504","tract",2023,"food_state_rnk",33.0165
"36029015600","tract",2023,"food_state_rnk",31.8138
"36029015700","tract",2023,"food_state_rnk",57.7595
"36029015800","tract",2023,"food_state_rnk",66.2852
"36029015900","tract",2023,"food_state_rnk",35.6159
"36029016200","tract",2023,"food_state_rnk",23.2784
"36029016300","tract",2023,"food_state_rnk",4.1707
"36029016400","tract",2023,"food_state_rnk",7.7983
"36029016500","tract",2023,"food_state_rnk",49.6217
"36029016600","tract",2023,"food_state_rnk",4.9467
"36029016700","tract",2023,"food_state_rnk",3.5887
"36029016801","tract",2023,"food_state_rnk",15.5965
"36029016802","tract",2023,"food_state_rnk",15.16
"36029016900","tract",2023,"food_state_rnk",58.71
"36029017000","tract",2023,"food_state_rnk",17.1096
"36029017100","tract",2023,"food_state_rnk",6.9059
"36029017200","tract",2023,"food_state_rnk",27.6916
"36029017301","tract",2023,"food_state_rnk",48.0213
"36029017302","tract",2023,"food_state_rnk",68.3608
"36029017400","tract",2023,"food_state_rnk",3.4336
"36029017501","tract",2023,"food_state_rnk",32.4636
"36029017502","tract",2023,"food_state_rnk",83.7245
"36029940000","tract",2023,"food_state_rnk",24.3744
"36029940100","tract",2023,"food_state_rnk",NA
"36029980000","tract",2023,"food_state_rnk",NA
"36029980300","tract",2023,"food_state_rnk",NA
"36029980400","tract",2023,"food_state_rnk",NA
"36029980500","tract",2023,"food_state_rnk",NA
"36029990000","tract",2023,"food_state_rnk",NA
"36031960100","tract",2023,"food_state_rnk",46.3628
"36031960200","tract",2023,"food_state_rnk",46.9059
"36031960300","tract",2023,"food_state_rnk",74.6945
"36031960401","tract",2023,"food_state_rnk",67.8758
"36031960402","tract",2023,"food_state_rnk",79.3404
"36031960501","tract",2023,"food_state_rnk",94.8497
"36031960502","tract",2023,"food_state_rnk",NA
"36031960700","tract",2023,"food_state_rnk",74.1998
"36031960800","tract",2023,"food_state_rnk",80.1067
"36031960901","tract",2023,"food_state_rnk",73.9864
"36031960902","tract",2023,"food_state_rnk",71.4646
"36031961001","tract",2023,"food_state_rnk",31.4064
"36031961002","tract",2023,"food_state_rnk",39.2435
"36031961100","tract",2023,"food_state_rnk",63.2493
"36031961201","tract",2023,"food_state_rnk",85.7032
"36031961202","tract",2023,"food_state_rnk",50.7468
"36031961300","tract",2023,"food_state_rnk",42.8807
"36031961400","tract",2023,"food_state_rnk",61.2706
"36033940000","tract",2023,"food_state_rnk",44.7818
"36033950200","tract",2023,"food_state_rnk",35.7808
"36033950301","tract",2023,"food_state_rnk",41.8526
"36033950501","tract",2023,"food_state_rnk",26.0524
"36033950502","tract",2023,"food_state_rnk",NA
"36033950601","tract",2023,"food_state_rnk",37.1484
"36033950701","tract",2023,"food_state_rnk",61.8429
"36033950800","tract",2023,"food_state_rnk",97.3618
"36033950900","tract",2023,"food_state_rnk",42.7643
"36033951000","tract",2023,"food_state_rnk",57.1096
"36033951100","tract",2023,"food_state_rnk",35.354
"36033951200","tract",2023,"food_state_rnk",50.7856
"36033951300","tract",2023,"food_state_rnk",54.1513
"36033951400","tract",2023,"food_state_rnk",61.2027
"36033952000","tract",2023,"food_state_rnk",47.4103
"36035970100","tract",2023,"food_state_rnk",65.5092
"36035970200","tract",2023,"food_state_rnk",46.4888
"36035970300","tract",2023,"food_state_rnk",42.3666
"36035970400","tract",2023,"food_state_rnk",65.936
"36035970500","tract",2023,"food_state_rnk",54.2871
"36035970601","tract",2023,"food_state_rnk",65.4219
"36035970602","tract",2023,"food_state_rnk",87.6625
"36035970700","tract",2023,"food_state_rnk",25.2376
"36035970800","tract",2023,"food_state_rnk",18.7585
"36035970900","tract",2023,"food_state_rnk",8.7876
"36035971000","tract",2023,"food_state_rnk",51.8235
"36035971100","tract",2023,"food_state_rnk",21.0766
"36035971200","tract",2023,"food_state_rnk",34.7818
"36035971300","tract",2023,"food_state_rnk",77.9243
"36035971400","tract",2023,"food_state_rnk",58.807
"36035971501","tract",2023,"food_state_rnk",84.6363
"36035971502","tract",2023,"food_state_rnk",33.3948
"36037940100","tract",2023,"food_state_rnk",35.0921
"36037950100","tract",2023,"food_state_rnk",85.8778
"36037950200","tract",2023,"food_state_rnk",66.7992
"36037950301","tract",2023,"food_state_rnk",51.7362
"36037950302","tract",2023,"food_state_rnk",77.2066
"36037950401","tract",2023,"food_state_rnk",55.6935
"36037950402","tract",2023,"food_state_rnk",61.3288
"36037950501","tract",2023,"food_state_rnk",70.0485
"36037950502","tract",2023,"food_state_rnk",55.645
"36037950600","tract",2023,"food_state_rnk",20.2619
"36037950700","tract",2023,"food_state_rnk",28.4966
"36037950800","tract",2023,"food_state_rnk",32.9292
"36037950900","tract",2023,"food_state_rnk",79.2435
"36037951000","tract",2023,"food_state_rnk",23.2202
"36037951100","tract",2023,"food_state_rnk",97.7692
"36037951200","tract",2023,"food_state_rnk",45.2376
"36037951300","tract",2023,"food_state_rnk",77.2066
"36037951400","tract",2023,"food_state_rnk",68.1668
"36039080100","tract",2023,"food_state_rnk",61.7168
"36039080201","tract",2023,"food_state_rnk",84.8206
"36039080202","tract",2023,"food_state_rnk",80.1067
"36039080301","tract",2023,"food_state_rnk",84.5199
"36039080302","tract",2023,"food_state_rnk",41.2124
"36039080402","tract",2023,"food_state_rnk",52.9098
"36039080403","tract",2023,"food_state_rnk",83.55
"36039080404","tract",2023,"food_state_rnk",56.3822
"36039080501","tract",2023,"food_state_rnk",77.323
"36039080502","tract",2023,"food_state_rnk",43.967
"36039080600","tract",2023,"food_state_rnk",89.001
"36039080700","tract",2023,"food_state_rnk",51.4258
"36039080800","tract",2023,"food_state_rnk",NA
"36039080900","tract",2023,"food_state_rnk",74.0737
"36039081001","tract",2023,"food_state_rnk",49.2241
"36039081002","tract",2023,"food_state_rnk",29.6993
"36039081101","tract",2023,"food_state_rnk",76.3822
"36039081102","tract",2023,"food_state_rnk",38.7197
"36041950100","tract",2023,"food_state_rnk",58.3705
"36041950300","tract",2023,"food_state_rnk",70.3492
"36041950400","tract",2023,"food_state_rnk",71.387
"36041950500","tract",2023,"food_state_rnk",78.7294
"36043010100","tract",2023,"food_state_rnk",52.6188
"36043010201","tract",2023,"food_state_rnk",48.2444
"36043010202","tract",2023,"food_state_rnk",63.9476
"36043010300","tract",2023,"food_state_rnk",68.9719
"36043010400","tract",2023,"food_state_rnk",24.0834
"36043010501","tract",2023,"food_state_rnk",46.6537
"36043010502","tract",2023,"food_state_rnk",73.1232
"36043010701","tract",2023,"food_state_rnk",36.2755
"36043010702","tract",2023,"food_state_rnk",42.2017
"36043010900","tract",2023,"food_state_rnk",63.9961
"36043011001","tract",2023,"food_state_rnk",61.2706
"36043011002","tract",2023,"food_state_rnk",52.6867
"36043011100","tract",2023,"food_state_rnk",15.8293
"36043011200","tract",2023,"food_state_rnk",58.7682
"36043011301","tract",2023,"food_state_rnk",33.1717
"36043011302","tract",2023,"food_state_rnk",54.9855
"36043011400","tract",2023,"food_state_rnk",67.226
"36043011502","tract",2023,"food_state_rnk",67.226
"36043011503","tract",2023,"food_state_rnk",72.2696
"36043011504","tract",2023,"food_state_rnk",60.0485
"36045060101","tract",2023,"food_state_rnk",44.4423
"36045060102","tract",2023,"food_state_rnk",22.289
"36045060201","tract",2023,"food_state_rnk",64.4229
"36045060202","tract",2023,"food_state_rnk",37.6431
"36045060203","tract",2023,"food_state_rnk",54.8594
"36045060301","tract",2023,"food_state_rnk",69.4083
"36045060302","tract",2023,"food_state_rnk",57.5267
"36045060401","tract",2023,"food_state_rnk",55.3928
"36045060402","tract",2023,"food_state_rnk",76.8186
"36045060500","tract",2023,"food_state_rnk",35.2182
"36045060601","tract",2023,"food_state_rnk",43.5887
"36045060602","tract",2023,"food_state_rnk",55.3152
"36045060700","tract",2023,"food_state_rnk",34.8303
"36045060803","tract",2023,"food_state_rnk",98.5451
"36045060805","tract",2023,"food_state_rnk",79.4471
"36045060806","tract",2023,"food_state_rnk",69.5926
"36045060901","tract",2023,"food_state_rnk",43.967
"36045060902","tract",2023,"food_state_rnk",31.5325
"36045061000","tract",2023,"food_state_rnk",30.5529
"36045061101","tract",2023,"food_state_rnk",29.9321
"36045061102","tract",2023,"food_state_rnk",81.0669
"36045061200","tract",2023,"food_state_rnk",17.2454
"36045061300","tract",2023,"food_state_rnk",9.4471
"36045061400","tract",2023,"food_state_rnk",11.775
"36045061500","tract",2023,"food_state_rnk",20.1455
"36045061600","tract",2023,"food_state_rnk",51.2609
"36045061700","tract",2023,"food_state_rnk",26.1882
"36045061801","tract",2023,"food_state_rnk",41.1251
"36045061802","tract",2023,"food_state_rnk",44.2774
"36045061900","tract",2023,"food_state_rnk",60.7177
"36045062100","tract",2023,"food_state_rnk",13.676
"36045062200","tract",2023,"food_state_rnk",39.9224
"36045062400","tract",2023,"food_state_rnk",65.3443
"36045062500","tract",2023,"food_state_rnk",71.0669
"36045980000","tract",2023,"food_state_rnk",NA
"36045990001","tract",2023,"food_state_rnk",NA
"36047000100","tract",2023,"food_state_rnk",77.614
"36047000200","tract",2023,"food_state_rnk",15.5189
"36047000301","tract",2023,"food_state_rnk",82.9292
"36047000501","tract",2023,"food_state_rnk",65.8584
"36047000502","tract",2023,"food_state_rnk",69.5635
"36047000700","tract",2023,"food_state_rnk",78.0116
"36047000900","tract",2023,"food_state_rnk",62.2308
"36047001100","tract",2023,"food_state_rnk",56.9932
"36047001300","tract",2023,"food_state_rnk",64.8691
"36047001501","tract",2023,"food_state_rnk",20.6014
"36047001502","tract",2023,"food_state_rnk",68.6518
"36047001801","tract",2023,"food_state_rnk",NA
"36047001802","tract",2023,"food_state_rnk",NA
"36047001803","tract",2023,"food_state_rnk",NA
"36047001804","tract",2023,"food_state_rnk",NA
"36047002000","tract",2023,"food_state_rnk",21.9981
"36047002100","tract",2023,"food_state_rnk",79.3792
"36047002200","tract",2023,"food_state_rnk",17.3424
"36047002300","tract",2023,"food_state_rnk",0.4656
"36047002901","tract",2023,"food_state_rnk",1.9787
"36047003000","tract",2023,"food_state_rnk",71.6586
"36047003101","tract",2023,"food_state_rnk",63.9961
"36047003102","tract",2023,"food_state_rnk",NA
"36047003300","tract",2023,"food_state_rnk",42.8225
"36047003400","tract",2023,"food_state_rnk",44.2289
"36047003500","tract",2023,"food_state_rnk",52.3181
"36047003600","tract",2023,"food_state_rnk",42.386
"36047003700","tract",2023,"food_state_rnk",39.0301
"36047003800","tract",2023,"food_state_rnk",43.7633
"36047003900","tract",2023,"food_state_rnk",38.4093
"36047004100","tract",2023,"food_state_rnk",59.8642
"36047004300","tract",2023,"food_state_rnk",65.3734
"36047004400","tract",2023,"food_state_rnk",74.9079
"36047004500","tract",2023,"food_state_rnk",82.9292
"36047004600","tract",2023,"food_state_rnk",72.7546
"36047004700","tract",2023,"food_state_rnk",56.7604
"36047004900","tract",2023,"food_state_rnk",75.1212
"36047005000","tract",2023,"food_state_rnk",56.0718
"36047005100","tract",2023,"food_state_rnk",68.2541
"36047005201","tract",2023,"food_state_rnk",38.5451
"36047005202","tract",2023,"food_state_rnk",69.5247
"36047005301","tract",2023,"food_state_rnk",46.7507
"36047005302","tract",2023,"food_state_rnk",72.3569
"36047005303","tract",2023,"food_state_rnk",NA
"36047005400","tract",2023,"food_state_rnk",42.5606
"36047005601","tract",2023,"food_state_rnk",62.871
"36047005602","tract",2023,"food_state_rnk",62.1532
"36047005800","tract",2023,"food_state_rnk",43.9961
"36047005900","tract",2023,"food_state_rnk",31.4549
"36047006000","tract",2023,"food_state_rnk",36.9738
"36047006200","tract",2023,"food_state_rnk",62.5024
"36047006300","tract",2023,"food_state_rnk",81.0281
"36047006400","tract",2023,"food_state_rnk",50.9699
"36047006500","tract",2023,"food_state_rnk",73.4045
"36047006600","tract",2023,"food_state_rnk",26.9641
"36047006700","tract",2023,"food_state_rnk",82.3084
"36047006800","tract",2023,"food_state_rnk",28.2541
"36047006901","tract",2023,"food_state_rnk",67.226
"36047006902","tract",2023,"food_state_rnk",74.161
"36047007000","tract",2023,"food_state_rnk",45.6062
"36047007100","tract",2023,"food_state_rnk",37.8565
"36047007200","tract",2023,"food_state_rnk",11.9302
"36047007400","tract",2023,"food_state_rnk",16.7216
"36047007500","tract",2023,"food_state_rnk",75.7711
"36047007600","tract",2023,"food_state_rnk",8.8555
"36047007700","tract",2023,"food_state_rnk",64.6169
"36047007800","tract",2023,"food_state_rnk",18.5257
"36047008000","tract",2023,"food_state_rnk",27.6916
"36047008200","tract",2023,"food_state_rnk",13.8312
"36047008400","tract",2023,"food_state_rnk",34.3744
"36047008500","tract",2023,"food_state_rnk",0.6984
"36047008600","tract",2023,"food_state_rnk",NA
"36047008800","tract",2023,"food_state_rnk",17.5752
"36047009001","tract",2023,"food_state_rnk",12.4733
"36047009002","tract",2023,"food_state_rnk",5.7614
"36047009201","tract",2023,"food_state_rnk",38.7585
"36047009202","tract",2023,"food_state_rnk",11.0281
"36047009401","tract",2023,"food_state_rnk",41.0766
"36047009402","tract",2023,"food_state_rnk",11.387
"36047009600","tract",2023,"food_state_rnk",12.2211
"36047009800","tract",2023,"food_state_rnk",16.644
"36047010000","tract",2023,"food_state_rnk",10.8632
"36047010100","tract",2023,"food_state_rnk",47.5267
"36047010200","tract",2023,"food_state_rnk",15.3346
"36047010401","tract",2023,"food_state_rnk",31.0572
"36047010402","tract",2023,"food_state_rnk",23.4336
"36047010601","tract",2023,"food_state_rnk",16.5567
"36047010602","tract",2023,"food_state_rnk",26.6925
"36047010801","tract",2023,"food_state_rnk",28.6421
"36047010802","tract",2023,"food_state_rnk",35.7808
"36047011000","tract",2023,"food_state_rnk",22.1532
"36047011200","tract",2023,"food_state_rnk",13.5984
"36047011400","tract",2023,"food_state_rnk",12.2405
"36047011600","tract",2023,"food_state_rnk",10.7081
"36047011700","tract",2023,"food_state_rnk",38.5451
"36047011800","tract",2023,"food_state_rnk",33.3366
"36047011901","tract",2023,"food_state_rnk",61.4064
"36047011902","tract",2023,"food_state_rnk",NA
"36047012000","tract",2023,"food_state_rnk",21.5325
"36047012100","tract",2023,"food_state_rnk",72.7546
"36047012200","tract",2023,"food_state_rnk",20.6887
"36047012600","tract",2023,"food_state_rnk",16.0039
"36047012700","tract",2023,"food_state_rnk",33.5306
"36047012801","tract",2023,"food_state_rnk",38.9331
"36047012901","tract",2023,"food_state_rnk",73.3366
"36047012902","tract",2023,"food_state_rnk",54.7042
"36047013000","tract",2023,"food_state_rnk",27.323
"36047013100","tract",2023,"food_state_rnk",32.9292
"36047013200","tract",2023,"food_state_rnk",21.9787
"36047013300","tract",2023,"food_state_rnk",79.3404
"36047013400","tract",2023,"food_state_rnk",38.4093
"36047013500","tract",2023,"food_state_rnk",58.71
"36047013600","tract",2023,"food_state_rnk",30.4947
"36047013700","tract",2023,"food_state_rnk",64.9079
"36047013800","tract",2023,"food_state_rnk",51.9302
"36047013900","tract",2023,"food_state_rnk",58.71
"36047014000","tract",2023,"food_state_rnk",34.452
"36047014101","tract",2023,"food_state_rnk",53.2105
"36047014102","tract",2023,"food_state_rnk",54.2095
"36047014200","tract",2023,"food_state_rnk",23.6372
"36047014300","tract",2023,"food_state_rnk",25.936
"36047014500","tract",2023,"food_state_rnk",49.001
"36047014700","tract",2023,"food_state_rnk",64.5102
"36047014800","tract",2023,"food_state_rnk",47.8371
"36047014901","tract",2023,"food_state_rnk",81.7653
"36047014902","tract",2023,"food_state_rnk",68.7294
"36047015000","tract",2023,"food_state_rnk",59.9612
"36047015100","tract",2023,"food_state_rnk",61.7944
"36047015200","tract",2023,"food_state_rnk",47.323
"36047015300","tract",2023,"food_state_rnk",76.6052
"36047015400","tract",2023,"food_state_rnk",NA
"36047015500","tract",2023,"food_state_rnk",67.5073
"36047015700","tract",2023,"food_state_rnk",62.0757
"36047015900","tract",2023,"food_state_rnk",79.098
"36047016000","tract",2023,"food_state_rnk",22.7255
"36047016100","tract",2023,"food_state_rnk",45.2861
"36047016200","tract",2023,"food_state_rnk",70.9117
"36047016300","tract",2023,"food_state_rnk",56.8477
"36047016400","tract",2023,"food_state_rnk",90.6305
"36047016500","tract",2023,"food_state_rnk",73.6663
"36047016600","tract",2023,"food_state_rnk",58.5548
"36047016700","tract",2023,"food_state_rnk",79.1368
"36047016800","tract",2023,"food_state_rnk",62.5994
"36047016900","tract",2023,"food_state_rnk",83.5887
"36047017000","tract",2023,"food_state_rnk",19.5247
"36047017100","tract",2023,"food_state_rnk",55.8584
"36047017200","tract",2023,"food_state_rnk",50.1649
"36047017400","tract",2023,"food_state_rnk",36.2464
"36047017500","tract",2023,"food_state_rnk",NA
"36047017600","tract",2023,"food_state_rnk",39.0883
"36047017700","tract",2023,"food_state_rnk",NA
"36047017800","tract",2023,"food_state_rnk",38.1959
"36047017900","tract",2023,"food_state_rnk",23.2978
"36047018000","tract",2023,"food_state_rnk",31.6198
"36047018100","tract",2023,"food_state_rnk",68.225
"36047018200","tract",2023,"food_state_rnk",27.3812
"36047018300","tract",2023,"food_state_rnk",77.5752
"36047018400","tract",2023,"food_state_rnk",44.3162
"36047018501","tract",2023,"food_state_rnk",6.6925
"36047018600","tract",2023,"food_state_rnk",29.9321
"36047018700","tract",2023,"food_state_rnk",51.1736
"36047018800","tract",2023,"food_state_rnk",38.3511
"36047019000","tract",2023,"food_state_rnk",24.6751
"36047019100","tract",2023,"food_state_rnk",34.8594
"36047019200","tract",2023,"food_state_rnk",14.937
"36047019300","tract",2023,"food_state_rnk",NA
"36047019400","tract",2023,"food_state_rnk",40.7759
"36047019500","tract",2023,"food_state_rnk",36.0427
"36047019600","tract",2023,"food_state_rnk",14.4132
"36047019700","tract",2023,"food_state_rnk",60.5723
"36047019800","tract",2023,"food_state_rnk",83.6566
"36047019900","tract",2023,"food_state_rnk",51.3676
"36047020000","tract",2023,"food_state_rnk",52.1242
"36047020100","tract",2023,"food_state_rnk",66.421
"36047020200","tract",2023,"food_state_rnk",49.0592
"36047020300","tract",2023,"food_state_rnk",63.8215
"36047020400","tract",2023,"food_state_rnk",61.484
"36047020500","tract",2023,"food_state_rnk",60.5238
"36047020600","tract",2023,"food_state_rnk",36.3725
"36047020700","tract",2023,"food_state_rnk",53.0553
"36047020800","tract",2023,"food_state_rnk",41.7459
"36047021000","tract",2023,"food_state_rnk",26.2076
"36047021100","tract",2023,"food_state_rnk",24.6557
"36047021200","tract",2023,"food_state_rnk",21.0475
"36047021300","tract",2023,"food_state_rnk",40.4947
"36047021400","tract",2023,"food_state_rnk",11.5907
"36047021500","tract",2023,"food_state_rnk",34.6072
"36047021600","tract",2023,"food_state_rnk",8.225
"36047021700","tract",2023,"food_state_rnk",32.58
"36047021800","tract",2023,"food_state_rnk",7.7692
"36047021900","tract",2023,"food_state_rnk",47.7983
"36047022000","tract",2023,"food_state_rnk",9.7187
"36047022100","tract",2023,"food_state_rnk",39.4762
"36047022200","tract",2023,"food_state_rnk",4.2483
"36047022400","tract",2023,"food_state_rnk",19.2823
"36047022600","tract",2023,"food_state_rnk",11.3482
"36047022700","tract",2023,"food_state_rnk",23.6663
"36047022800","tract",2023,"food_state_rnk",18.4287
"36047022900","tract",2023,"food_state_rnk",48.5742
"36047023000","tract",2023,"food_state_rnk",13.5015
"36047023100","tract",2023,"food_state_rnk",46.1882
"36047023200","tract",2023,"food_state_rnk",13.0941
"36047023300","tract",2023,"food_state_rnk",10.4462
"36047023400","tract",2023,"food_state_rnk",7.4879
"36047023500","tract",2023,"food_state_rnk",7.3133
"36047023600","tract",2023,"food_state_rnk",2.5606
"36047023800","tract",2023,"food_state_rnk",9.5732
"36047024000","tract",2023,"food_state_rnk",12.1629
"36047024100","tract",2023,"food_state_rnk",18.3705
"36047024200","tract",2023,"food_state_rnk",19.9612
"36047024300","tract",2023,"food_state_rnk",20.0582
"36047024400","tract",2023,"food_state_rnk",24.8109
"36047024500","tract",2023,"food_state_rnk",38.6712
"36047024600","tract",2023,"food_state_rnk",22.5024
"36047024700","tract",2023,"food_state_rnk",15.9457
"36047024800","tract",2023,"food_state_rnk",31.581
"36047024900","tract",2023,"food_state_rnk",31.6586
"36047025000","tract",2023,"food_state_rnk",11.1348
"36047025100","tract",2023,"food_state_rnk",15.0339
"36047025200","tract",2023,"food_state_rnk",29.9321
"36047025300","tract",2023,"food_state_rnk",10.5723
"36047025400","tract",2023,"food_state_rnk",17.7207
"36047025500","tract",2023,"food_state_rnk",0.9699
"36047025600","tract",2023,"food_state_rnk",60.0194
"36047025700","tract",2023,"food_state_rnk",36.4306
"36047025800","tract",2023,"food_state_rnk",16.1203
"36047025901","tract",2023,"food_state_rnk",7.6819
"36047025902","tract",2023,"food_state_rnk",0.5044
"36047026000","tract",2023,"food_state_rnk",15.8681
"36047026100","tract",2023,"food_state_rnk",22.3957
"36047026200","tract",2023,"food_state_rnk",19.3016
"36047026300","tract",2023,"food_state_rnk",32.9971
"36047026400","tract",2023,"food_state_rnk",21.4743
"36047026500","tract",2023,"food_state_rnk",23.6081
"36047026600","tract",2023,"food_state_rnk",25.5092
"36047026700","tract",2023,"food_state_rnk",35.4704
"36047026800","tract",2023,"food_state_rnk",34.6266
"36047026900","tract",2023,"food_state_rnk",33.7148
"36047027000","tract",2023,"food_state_rnk",11.3676
"36047027100","tract",2023,"food_state_rnk",29.6702
"36047027200","tract",2023,"food_state_rnk",9.2241
"36047027300","tract",2023,"food_state_rnk",24.9855
"36047027400","tract",2023,"food_state_rnk",37.032
"36047027500","tract",2023,"food_state_rnk",22.8031
"36047027600","tract",2023,"food_state_rnk",9.5247
"36047027700","tract",2023,"food_state_rnk",4.2289
"36047027800","tract",2023,"food_state_rnk",16.6828
"36047027900","tract",2023,"food_state_rnk",29.6217
"36047028000","tract",2023,"food_state_rnk",21.9496
"36047028100","tract",2023,"food_state_rnk",8.0989
"36047028200","tract",2023,"food_state_rnk",38.2832
"36047028300","tract",2023,"food_state_rnk",9.6411
"36047028400","tract",2023,"food_state_rnk",29.0204
"36047028501","tract",2023,"food_state_rnk",21.3579
"36047028502","tract",2023,"food_state_rnk",1.2803
"36047028600","tract",2023,"food_state_rnk",15.8099
"36047028700","tract",2023,"food_state_rnk",25.9748
"36047028800","tract",2023,"food_state_rnk",14.9758
"36047028900","tract",2023,"food_state_rnk",17.6625
"36047029000","tract",2023,"food_state_rnk",15.7323
"36047029100","tract",2023,"food_state_rnk",9.8351
"36047029200","tract",2023,"food_state_rnk",28.1668
"36047029300","tract",2023,"food_state_rnk",13.5209
"36047029400","tract",2023,"food_state_rnk",25.0533
"36047029500","tract",2023,"food_state_rnk",50.3589
"36047029600","tract",2023,"food_state_rnk",13.3366
"36047029700","tract",2023,"food_state_rnk",23.9767
"36047029800","tract",2023,"food_state_rnk",14.452
"36047029900","tract",2023,"food_state_rnk",24.1707
"36047030000","tract",2023,"food_state_rnk",18.0795
"36047030100","tract",2023,"food_state_rnk",21.581
"36047030200","tract",2023,"food_state_rnk",24.0155
"36047030300","tract",2023,"food_state_rnk",8.904
"36047030400","tract",2023,"food_state_rnk",20.194
"36047030500","tract",2023,"food_state_rnk",43.0165
"36047030600","tract",2023,"food_state_rnk",23.7827
"36047030700","tract",2023,"food_state_rnk",8.419
"36047030800","tract",2023,"food_state_rnk",8.7003
"36047030900","tract",2023,"food_state_rnk",10.3395
"36047031100","tract",2023,"food_state_rnk",16.1591
"36047031300","tract",2023,"food_state_rnk",24.9467
"36047031401","tract",2023,"food_state_rnk",17.6237
"36047031402","tract",2023,"food_state_rnk",NA
"36047031500","tract",2023,"food_state_rnk",40.9699
"36047031701","tract",2023,"food_state_rnk",36.7992
"36047031702","tract",2023,"food_state_rnk",58.1474
"36047031900","tract",2023,"food_state_rnk",42.6964
"36047032100","tract",2023,"food_state_rnk",15.5674
"36047032300","tract",2023,"food_state_rnk",36.7022
"36047032500","tract",2023,"food_state_rnk",30.999
"36047032600","tract",2023,"food_state_rnk",3.1232
"36047032700","tract",2023,"food_state_rnk",25.3152
"36047032800","tract",2023,"food_state_rnk",8.5548
"36047032900","tract",2023,"food_state_rnk",22.5412
"36047033000","tract",2023,"food_state_rnk",1.4937
"36047033100","tract",2023,"food_state_rnk",12.5024
"36047033300","tract",2023,"food_state_rnk",17.5267
"36047033500","tract",2023,"food_state_rnk",21.1057
"36047033600","tract",2023,"food_state_rnk",67.4394
"36047033701","tract",2023,"food_state_rnk",33.4239
"36047033702","tract",2023,"food_state_rnk",3.7633
"36047033900","tract",2023,"food_state_rnk",19.0883
"36047034000","tract",2023,"food_state_rnk",16.6052
"36047034100","tract",2023,"food_state_rnk",31.0378
"36047034200","tract",2023,"food_state_rnk",0.4268
"36047034300","tract",2023,"food_state_rnk",6.4597
"36047034500","tract",2023,"food_state_rnk",22.6479
"36047034700","tract",2023,"food_state_rnk",9.0398
"36047034800","tract",2023,"food_state_rnk",23.259
"36047034901","tract",2023,"food_state_rnk",16.033
"36047034902","tract",2023,"food_state_rnk",18.7585
"36047035000","tract",2023,"food_state_rnk",6.421
"36047035101","tract",2023,"food_state_rnk",14.7624
"36047035102","tract",2023,"food_state_rnk",4.0155
"36047035200","tract",2023,"food_state_rnk",NA
"36047035301","tract",2023,"food_state_rnk",14.8206
"36047035302","tract",2023,"food_state_rnk",14.2386
"36047035400","tract",2023,"food_state_rnk",21.1833
"36047035500","tract",2023,"food_state_rnk",22.6867
"36047035601","tract",2023,"food_state_rnk",11.1639
"36047035602","tract",2023,"food_state_rnk",33.2008
"36047035701","tract",2023,"food_state_rnk",6.8186
"36047035702","tract",2023,"food_state_rnk",NA
"36047035900","tract",2023,"food_state_rnk",11.872
"36047036001","tract",2023,"food_state_rnk",16.8865
"36047036002","tract",2023,"food_state_rnk",6.6343
"36047036100","tract",2023,"food_state_rnk",11.484
"36047036200","tract",2023,"food_state_rnk",40.6984
"36047036300","tract",2023,"food_state_rnk",16.8574
"36047036400","tract",2023,"food_state_rnk",36.8865
"36047036501","tract",2023,"food_state_rnk",23.5403
"36047036502","tract",2023,"food_state_rnk",10.4171
"36047036600","tract",2023,"food_state_rnk",19.8351
"36047036700","tract",2023,"food_state_rnk",5.7905
"36047036900","tract",2023,"food_state_rnk",19.7769
"36047037000","tract",2023,"food_state_rnk",39.7381
"36047037100","tract",2023,"food_state_rnk",16.4694
"36047037300","tract",2023,"food_state_rnk",22.4248
"36047037401","tract",2023,"food_state_rnk",20.6208
"36047037402","tract",2023,"food_state_rnk",16.8865
"36047037500","tract",2023,"food_state_rnk",30.5238
"36047037700","tract",2023,"food_state_rnk",34.0834
"36047037900","tract",2023,"food_state_rnk",31.7847
"36047038100","tract",2023,"food_state_rnk",19.2047
"36047038200","tract",2023,"food_state_rnk",0.194
"36047038300","tract",2023,"food_state_rnk",12.9583
"36047038500","tract",2023,"food_state_rnk",28.8361
"36047038600","tract",2023,"food_state_rnk",35.0533
"36047038700","tract",2023,"food_state_rnk",29.4956
"36047038800","tract",2023,"food_state_rnk",36.4597
"36047038900","tract",2023,"food_state_rnk",27.4588
"36047039000","tract",2023,"food_state_rnk",38.7973
"36047039100","tract",2023,"food_state_rnk",24.1319
"36047039200","tract",2023,"food_state_rnk",16.5276
"36047039300","tract",2023,"food_state_rnk",15.4413
"36047039400","tract",2023,"food_state_rnk",18.5645
"36047039500","tract",2023,"food_state_rnk",23.9573
"36047039600","tract",2023,"food_state_rnk",38.2153
"36047039700","tract",2023,"food_state_rnk",54.1222
"36047039800","tract",2023,"food_state_rnk",33.773
"36047039900","tract",2023,"food_state_rnk",16.0621
"36047040000","tract",2023,"food_state_rnk",22.3084
"36047040100","tract",2023,"food_state_rnk",14.8982
"36047040200","tract",2023,"food_state_rnk",22.4442
"36047040300","tract",2023,"food_state_rnk",21.4549
"36047040400","tract",2023,"food_state_rnk",17.9049
"36047040500","tract",2023,"food_state_rnk",35.5189
"36047040600","tract",2023,"food_state_rnk",18.3511
"36047040700","tract",2023,"food_state_rnk",NA
"36047040800","tract",2023,"food_state_rnk",42.5121
"36047040900","tract",2023,"food_state_rnk",13.2202
"36047041000","tract",2023,"food_state_rnk",29.5441
"36047041100","tract",2023,"food_state_rnk",33.9864
"36047041200","tract",2023,"food_state_rnk",26.1494
"36047041300","tract",2023,"food_state_rnk",11.7944
"36047041401","tract",2023,"food_state_rnk",53.2299
"36047041402","tract",2023,"food_state_rnk",11.6683
"36047041500","tract",2023,"food_state_rnk",32.3569
"36047041600","tract",2023,"food_state_rnk",21.2124
"36047041700","tract",2023,"food_state_rnk",2.8031
"36047041800","tract",2023,"food_state_rnk",26.8089
"36047041900","tract",2023,"food_state_rnk",8.4384
"36047042000","tract",2023,"food_state_rnk",12.3569
"36047042100","tract",2023,"food_state_rnk",21.2803
"36047042200","tract",2023,"food_state_rnk",58.2541
"36047042300","tract",2023,"food_state_rnk",29.2144
"36047042400","tract",2023,"food_state_rnk",12.0563
"36047042500","tract",2023,"food_state_rnk",12.1435
"36047042600","tract",2023,"food_state_rnk",30.7468
"36047042700","tract",2023,"food_state_rnk",17.6237
"36047042800","tract",2023,"food_state_rnk",18.4481
"36047042900","tract",2023,"food_state_rnk",10.2231
"36047043000","tract",2023,"food_state_rnk",37.3618
"36047043100","tract",2023,"food_state_rnk",10.7759
"36047043200","tract",2023,"food_state_rnk",45.3734
"36047043300","tract",2023,"food_state_rnk",4.8885
"36047043400","tract",2023,"food_state_rnk",20.6402
"36047043500","tract",2023,"food_state_rnk",13.967
"36047043600","tract",2023,"food_state_rnk",15.3637
"36047043700","tract",2023,"food_state_rnk",10.9408
"36047043800","tract",2023,"food_state_rnk",35.4219
"36047043900","tract",2023,"food_state_rnk",15.6741
"36047044000","tract",2023,"food_state_rnk",29.195
"36047044100","tract",2023,"food_state_rnk",6.2464
"36047044200","tract",2023,"food_state_rnk",65.7614
"36047044300","tract",2023,"food_state_rnk",47.5849
"36047044400","tract",2023,"food_state_rnk",21.4258
"36047044500","tract",2023,"food_state_rnk",16.3919
"36047044600","tract",2023,"food_state_rnk",24.9273
"36047044700","tract",2023,"food_state_rnk",26.9253
"36047044800","tract",2023,"food_state_rnk",33.4724
"36047044901","tract",2023,"food_state_rnk",18.6421
"36047044902","tract",2023,"food_state_rnk",NA
"36047045000","tract",2023,"food_state_rnk",16.7992
"36047045200","tract",2023,"food_state_rnk",48.3123
"36047045300","tract",2023,"food_state_rnk",12.9971
"36047045400","tract",2023,"food_state_rnk",18.7973
"36047045600","tract",2023,"food_state_rnk",7.6043
"36047045800","tract",2023,"food_state_rnk",57.2939
"36047046000","tract",2023,"food_state_rnk",33.9476
"36047046201","tract",2023,"food_state_rnk",11.7459
"36047046202","tract",2023,"food_state_rnk",22.9971
"36047046400","tract",2023,"food_state_rnk",28.5354
"36047046800","tract",2023,"food_state_rnk",15.2958
"36047047000","tract",2023,"food_state_rnk",37.3618
"36047047200","tract",2023,"food_state_rnk",17.2163
"36047047400","tract",2023,"food_state_rnk",20.7662
"36047047600","tract",2023,"food_state_rnk",21.8041
"36047047700","tract",2023,"food_state_rnk",64.5878
"36047047800","tract",2023,"food_state_rnk",25.3443
"36047048000","tract",2023,"food_state_rnk",13.2881
"36047048100","tract",2023,"food_state_rnk",59.515
"36047048200","tract",2023,"food_state_rnk",32.7837
"36047048400","tract",2023,"food_state_rnk",24.7721
"36047048500","tract",2023,"food_state_rnk",14.258
"36047048600","tract",2023,"food_state_rnk",7.1193
"36047048800","tract",2023,"food_state_rnk",27.8565
"36047048900","tract",2023,"food_state_rnk",0.6208
"36047049000","tract",2023,"food_state_rnk",11.5034
"36047049100","tract",2023,"food_state_rnk",11.0766
"36047049200","tract",2023,"food_state_rnk",53.7245
"36047049301","tract",2023,"food_state_rnk",0.9311
"36047049302","tract",2023,"food_state_rnk",22.2599
"36047049400","tract",2023,"food_state_rnk",29.1174
"36047049500","tract",2023,"food_state_rnk",11.4549
"36047049600","tract",2023,"food_state_rnk",34.8885
"36047049700","tract",2023,"food_state_rnk",71.8526
"36047049800","tract",2023,"food_state_rnk",33.6663
"36047049900","tract",2023,"food_state_rnk",78.2735
"36047050001","tract",2023,"food_state_rnk",73.4724
"36047050002","tract",2023,"food_state_rnk",76.9544
"36047050100","tract",2023,"food_state_rnk",40.3589
"36047050202","tract",2023,"food_state_rnk",53.5306
"36047050300","tract",2023,"food_state_rnk",29.8739
"36047050401","tract",2023,"food_state_rnk",58.6421
"36047050402","tract",2023,"food_state_rnk",35.8681
"36047050500","tract",2023,"food_state_rnk",9.8739
"36047050600","tract",2023,"food_state_rnk",17.7692
"36047050700","tract",2023,"food_state_rnk",34.3453
"36047050801","tract",2023,"food_state_rnk",4.6557
"36047050803","tract",2023,"food_state_rnk",13.9864
"36047050804","tract",2023,"food_state_rnk",21.1251
"36047050900","tract",2023,"food_state_rnk",10.6499
"36047051001","tract",2023,"food_state_rnk",12.9001
"36047051002","tract",2023,"food_state_rnk",11.2124
"36047051100","tract",2023,"food_state_rnk",12.677
"36047051200","tract",2023,"food_state_rnk",19.6896
"36047051300","tract",2023,"food_state_rnk",12.7449
"36047051400","tract",2023,"food_state_rnk",26.5276
"36047051500","tract",2023,"food_state_rnk",80.1067
"36047051601","tract",2023,"food_state_rnk",10.902
"36047051602","tract",2023,"food_state_rnk",46.0427
"36047051700","tract",2023,"food_state_rnk",70.3492
"36047051800","tract",2023,"food_state_rnk",29.1562
"36047051900","tract",2023,"food_state_rnk",70.679
"36047052000","tract",2023,"food_state_rnk",31.0184
"36047052300","tract",2023,"food_state_rnk",5.1988
"36047052500","tract",2023,"food_state_rnk",3.4821
"36047052600","tract",2023,"food_state_rnk",46.9932
"36047052700","tract",2023,"food_state_rnk",14.161
"36047052800","tract",2023,"food_state_rnk",56.9932
"36047052900","tract",2023,"food_state_rnk",4.6169
"36047053000","tract",2023,"food_state_rnk",32.6964
"36047053101","tract",2023,"food_state_rnk",1.1057
"36047053102","tract",2023,"food_state_rnk",3.9573
"36047053200","tract",2023,"food_state_rnk",41.6683
"36047053300","tract",2023,"food_state_rnk",7.2551
"36047053400","tract",2023,"food_state_rnk",24.7915
"36047053500","tract",2023,"food_state_rnk",5.5965
"36047053700","tract",2023,"food_state_rnk",14.2871
"36047053800","tract",2023,"food_state_rnk",17.5946
"36047053900","tract",2023,"food_state_rnk",9.3889
"36047054200","tract",2023,"food_state_rnk",22.774
"36047054300","tract",2023,"food_state_rnk",NA
"36047054400","tract",2023,"food_state_rnk",25.2376
"36047054500","tract",2023,"food_state_rnk",0.291
"36047054600","tract",2023,"food_state_rnk",19.3792
"36047054700","tract",2023,"food_state_rnk",8.4966
"36047054800","tract",2023,"food_state_rnk",38.6324
"36047054900","tract",2023,"food_state_rnk",15.1891
"36047055000","tract",2023,"food_state_rnk",37.9631
"36047055100","tract",2023,"food_state_rnk",40.388
"36047055200","tract",2023,"food_state_rnk",20.582
"36047055300","tract",2023,"food_state_rnk",45.0242
"36047055400","tract",2023,"food_state_rnk",15.0727
"36047055500","tract",2023,"food_state_rnk",69.9224
"36047055600","tract",2023,"food_state_rnk",32.3375
"36047055700","tract",2023,"food_state_rnk",75.7323
"36047055800","tract",2023,"food_state_rnk",18.9719
"36047056000","tract",2023,"food_state_rnk",22.1339
"36047056100","tract",2023,"food_state_rnk",45.9263
"36047056200","tract",2023,"food_state_rnk",49.806
"36047056301","tract",2023,"food_state_rnk",64.258
"36047056302","tract",2023,"food_state_rnk",33.2493
"36047056400","tract",2023,"food_state_rnk",51.9593
"36047056500","tract",2023,"food_state_rnk",51.6004
"36047056600","tract",2023,"food_state_rnk",31.6392
"36047056800","tract",2023,"food_state_rnk",59.6314
"36047056900","tract",2023,"food_state_rnk",61.7168
"36047057000","tract",2023,"food_state_rnk",38.6033
"36047057100","tract",2023,"food_state_rnk",57.9146
"36047057200","tract",2023,"food_state_rnk",8.9428
"36047057300","tract",2023,"food_state_rnk",28.3026
"36047057400","tract",2023,"food_state_rnk",42.2017
"36047057500","tract",2023,"food_state_rnk",43.5306
"36047057600","tract",2023,"food_state_rnk",12.6091
"36047057800","tract",2023,"food_state_rnk",16.033
"36047057901","tract",2023,"food_state_rnk",59.3792
"36047057902","tract",2023,"food_state_rnk",NA
"36047058000","tract",2023,"food_state_rnk",24.452
"36047058200","tract",2023,"food_state_rnk",23.1329
"36047058400","tract",2023,"food_state_rnk",59.0689
"36047058600","tract",2023,"food_state_rnk",32.3957
"36047058800","tract",2023,"food_state_rnk",38.9525
"36047058901","tract",2023,"food_state_rnk",66.0233
"36047058902","tract",2023,"food_state_rnk",NA
"36047059000","tract",2023,"food_state_rnk",16.9835
"36047059100","tract",2023,"food_state_rnk",56.4597
"36047059200","tract",2023,"food_state_rnk",26.033
"36047059300","tract",2023,"food_state_rnk",35.0339
"36047059402","tract",2023,"food_state_rnk",57.9631
"36047059403","tract",2023,"food_state_rnk",28.7003
"36047059404","tract",2023,"food_state_rnk",19.4277
"36047059600","tract",2023,"food_state_rnk",43.1911
"36047059800","tract",2023,"food_state_rnk",29.9903
"36047060000","tract",2023,"food_state_rnk",45.4122
"36047060600","tract",2023,"food_state_rnk",30.1843
"36047060800","tract",2023,"food_state_rnk",44.5393
"36047061002","tract",2023,"food_state_rnk",31.9302
"36047061003","tract",2023,"food_state_rnk",5.7032
"36047061004","tract",2023,"food_state_rnk",18.8846
"36047061200","tract",2023,"food_state_rnk",69.4083
"36047061600","tract",2023,"food_state_rnk",88.3123
"36047062000","tract",2023,"food_state_rnk",46.7992
"36047062200","tract",2023,"food_state_rnk",20.8341
"36047062600","tract",2023,"food_state_rnk",43.1911
"36047062800","tract",2023,"food_state_rnk",70.7468
"36047063200","tract",2023,"food_state_rnk",35.9942
"36047063600","tract",2023,"food_state_rnk",69.9224
"36047063800","tract",2023,"food_state_rnk",78.2153
"36047064000","tract",2023,"food_state_rnk",77.1096
"36047064200","tract",2023,"food_state_rnk",46.3434
"36047064400","tract",2023,"food_state_rnk",24.2677
"36047064600","tract",2023,"food_state_rnk",84.6945
"36047064800","tract",2023,"food_state_rnk",66.9447
"36047065000","tract",2023,"food_state_rnk",24.4035
"36047065200","tract",2023,"food_state_rnk",67.129
"36047065400","tract",2023,"food_state_rnk",57.8177
"36047065600","tract",2023,"food_state_rnk",45.5771
"36047065800","tract",2023,"food_state_rnk",48.3996
"36047066000","tract",2023,"food_state_rnk",51.8623
"36047066200","tract",2023,"food_state_rnk",44.4229
"36047066600","tract",2023,"food_state_rnk",NA
"36047067000","tract",2023,"food_state_rnk",26.8283
"36047067200","tract",2023,"food_state_rnk",11.2706
"36047067400","tract",2023,"food_state_rnk",63.676
"36047067600","tract",2023,"food_state_rnk",48.4869
"36047067800","tract",2023,"food_state_rnk",49.9127
"36047068000","tract",2023,"food_state_rnk",46.547
"36047068200","tract",2023,"food_state_rnk",66.6828
"36047068600","tract",2023,"food_state_rnk",28.8361
"36047068800","tract",2023,"food_state_rnk",37.0611
"36047069000","tract",2023,"food_state_rnk",17.9243
"36047069200","tract",2023,"food_state_rnk",49.7381
"36047069601","tract",2023,"food_state_rnk",54.4132
"36047069602","tract",2023,"food_state_rnk",77.9728
"36047069800","tract",2023,"food_state_rnk",81.4258
"36047070000","tract",2023,"food_state_rnk",75.3249
"36047070201","tract",2023,"food_state_rnk",66.1785
"36047070202","tract",2023,"food_state_rnk",NA
"36047070203","tract",2023,"food_state_rnk",NA
"36047070601","tract",2023,"food_state_rnk",70.5044
"36047070602","tract",2023,"food_state_rnk",NA
"36047072000","tract",2023,"food_state_rnk",37.0611
"36047072200","tract",2023,"food_state_rnk",52.968
"36047072400","tract",2023,"food_state_rnk",23.0844
"36047072600","tract",2023,"food_state_rnk",26.5955
"36047072800","tract",2023,"food_state_rnk",53.453
"36047073000","tract",2023,"food_state_rnk",34.7236
"36047073200","tract",2023,"food_state_rnk",28.5354
"36047073400","tract",2023,"food_state_rnk",62.1145
"36047073600","tract",2023,"food_state_rnk",18.9137
"36047073800","tract",2023,"food_state_rnk",31.7362
"36047074000","tract",2023,"food_state_rnk",55.1309
"36047074200","tract",2023,"food_state_rnk",43.0456
"36047074400","tract",2023,"food_state_rnk",40.194
"36047074600","tract",2023,"food_state_rnk",36.8865
"36047074800","tract",2023,"food_state_rnk",32.58
"36047075000","tract",2023,"food_state_rnk",40.1552
"36047075200","tract",2023,"food_state_rnk",62.192
"36047075400","tract",2023,"food_state_rnk",82.7643
"36047075600","tract",2023,"food_state_rnk",59.1659
"36047075800","tract",2023,"food_state_rnk",15.4801
"36047076000","tract",2023,"food_state_rnk",24.9661
"36047076200","tract",2023,"food_state_rnk",35.1406
"36047076400","tract",2023,"food_state_rnk",18.8555
"36047076600","tract",2023,"food_state_rnk",32.8225
"36047076800","tract",2023,"food_state_rnk",34.0349
"36047077000","tract",2023,"food_state_rnk",32.968
"36047077200","tract",2023,"food_state_rnk",19.1659
"36047077400","tract",2023,"food_state_rnk",53.2687
"36047077600","tract",2023,"food_state_rnk",44.7527
"36047078000","tract",2023,"food_state_rnk",34.161
"36047078200","tract",2023,"food_state_rnk",14.2192
"36047078400","tract",2023,"food_state_rnk",42.9098
"36047078601","tract",2023,"food_state_rnk",21.6392
"36047078602","tract",2023,"food_state_rnk",19.5538
"36047078801","tract",2023,"food_state_rnk",39.0592
"36047078802","tract",2023,"food_state_rnk",22.192
"36047079001","tract",2023,"food_state_rnk",9.195
"36047079002","tract",2023,"food_state_rnk",16.7507
"36047079201","tract",2023,"food_state_rnk",20.6596
"36047079202","tract",2023,"food_state_rnk",14.7818
"36047079400","tract",2023,"food_state_rnk",38.4772
"36047079601","tract",2023,"food_state_rnk",23.356
"36047079602","tract",2023,"food_state_rnk",21.3094
"36047079801","tract",2023,"food_state_rnk",29.5635
"36047079802","tract",2023,"food_state_rnk",26.0136
"36047080000","tract",2023,"food_state_rnk",53.9476
"36047080200","tract",2023,"food_state_rnk",45.5092
"36047080400","tract",2023,"food_state_rnk",44.3453
"36047080600","tract",2023,"food_state_rnk",18.8167
"36047080800","tract",2023,"food_state_rnk",NA
"36047081000","tract",2023,"food_state_rnk",25.4122
"36047081400","tract",2023,"food_state_rnk",20.1746
"36047081600","tract",2023,"food_state_rnk",17.0417
"36047081800","tract",2023,"food_state_rnk",10.5917
"36047082000","tract",2023,"food_state_rnk",17.8371
"36047082200","tract",2023,"food_state_rnk",17.4491
"36047082400","tract",2023,"food_state_rnk",16.4888
"36047082600","tract",2023,"food_state_rnk",27.5655
"36047082800","tract",2023,"food_state_rnk",14.0446
"36047083000","tract",2023,"food_state_rnk",27.8177
"36047083200","tract",2023,"food_state_rnk",52.0757
"36047083400","tract",2023,"food_state_rnk",46.547
"36047083600","tract",2023,"food_state_rnk",45.6838
"36047083800","tract",2023,"food_state_rnk",59.2144
"36047084000","tract",2023,"food_state_rnk",21.775
"36047084600","tract",2023,"food_state_rnk",63.9476
"36047084800","tract",2023,"food_state_rnk",26.5276
"36047085000","tract",2023,"food_state_rnk",86.3628
"36047085200","tract",2023,"food_state_rnk",NA
"36047085400","tract",2023,"food_state_rnk",59.6702
"36047085600","tract",2023,"food_state_rnk",39.4762
"36047085800","tract",2023,"food_state_rnk",60.9214
"36047086000","tract",2023,"food_state_rnk",35.3831
"36047086200","tract",2023,"food_state_rnk",31.5034
"36047086400","tract",2023,"food_state_rnk",25.2764
"36047086600","tract",2023,"food_state_rnk",13.9088
"36047086800","tract",2023,"food_state_rnk",23.2008
"36047087000","tract",2023,"food_state_rnk",24.1901
"36047087200","tract",2023,"food_state_rnk",14.5102
"36047087401","tract",2023,"food_state_rnk",19.806
"36047087600","tract",2023,"food_state_rnk",14.4714
"36047087800","tract",2023,"food_state_rnk",12.5897
"36047088001","tract",2023,"food_state_rnk",9.8545
"36047088002","tract",2023,"food_state_rnk",18.7197
"36047088200","tract",2023,"food_state_rnk",15.2667
"36047088400","tract",2023,"food_state_rnk",10.3783
"36047088600","tract",2023,"food_state_rnk",19.5926
"36047088800","tract",2023,"food_state_rnk",25.1697
"36047089000","tract",2023,"food_state_rnk",15.3346
"36047089200","tract",2023,"food_state_rnk",10.1358
"36047089400","tract",2023,"food_state_rnk",4.5005
"36047089600","tract",2023,"food_state_rnk",6.1882
"36047089800","tract",2023,"food_state_rnk",7.0999
"36047090000","tract",2023,"food_state_rnk",3.4142
"36047090200","tract",2023,"food_state_rnk",3.0456
"36047090600","tract",2023,"food_state_rnk",0.0194
"36047090800","tract",2023,"food_state_rnk",NA
"36047091000","tract",2023,"food_state_rnk",0.8923
"36047091200","tract",2023,"food_state_rnk",1.5131
"36047091600","tract",2023,"food_state_rnk",6.1494
"36047091800","tract",2023,"food_state_rnk",13.6566
"36047092000","tract",2023,"food_state_rnk",2.9486
"36047092200","tract",2023,"food_state_rnk",30.7953
"36047092400","tract",2023,"food_state_rnk",4.8109
"36047092800","tract",2023,"food_state_rnk",46.6925
"36047093000","tract",2023,"food_state_rnk",21.8623
"36047093200","tract",2023,"food_state_rnk",16.2561
"36047093400","tract",2023,"food_state_rnk",31.1542
"36047093600","tract",2023,"food_state_rnk",41.9787
"36047093800","tract",2023,"food_state_rnk",29.2726
"36047094401","tract",2023,"food_state_rnk",40.4656
"36047094402","tract",2023,"food_state_rnk",2.289
"36047094600","tract",2023,"food_state_rnk",75.0533
"36047095000","tract",2023,"food_state_rnk",22.0757
"36047095400","tract",2023,"food_state_rnk",35.7226
"36047095600","tract",2023,"food_state_rnk",67.9922
"36047095800","tract",2023,"food_state_rnk",20.6887
"36047096000","tract",2023,"food_state_rnk",NA
"36047096200","tract",2023,"food_state_rnk",30.1261
"36047096400","tract",2023,"food_state_rnk",53.8312
"36047096600","tract",2023,"food_state_rnk",40.9408
"36047096800","tract",2023,"food_state_rnk",22.7255
"36047097000","tract",2023,"food_state_rnk",19.2435
"36047097400","tract",2023,"food_state_rnk",21.6877
"36047098200","tract",2023,"food_state_rnk",8.1474
"36047098400","tract",2023,"food_state_rnk",71.9884
"36047098600","tract",2023,"food_state_rnk",58.4772
"36047098800","tract",2023,"food_state_rnk",25.8293
"36047099000","tract",2023,"food_state_rnk",48.2153
"36047099200","tract",2023,"food_state_rnk",57.9631
"36047099400","tract",2023,"food_state_rnk",22.192
"36047099600","tract",2023,"food_state_rnk",72.0466
"36047099800","tract",2023,"food_state_rnk",18.2347
"36047100400","tract",2023,"food_state_rnk",28.5839
"36047100600","tract",2023,"food_state_rnk",32.6091
"36047100800","tract",2023,"food_state_rnk",32.066
"36047101000","tract",2023,"food_state_rnk",39.1465
"36047101200","tract",2023,"food_state_rnk",43.7342
"36047101400","tract",2023,"food_state_rnk",11.8138
"36047101600","tract",2023,"food_state_rnk",76.0815
"36047101800","tract",2023,"food_state_rnk",60.4462
"36047102000","tract",2023,"food_state_rnk",51.5228
"36047102200","tract",2023,"food_state_rnk",16.3046
"36047102400","tract",2023,"food_state_rnk",84.6072
"36047102600","tract",2023,"food_state_rnk",24.2289
"36047102801","tract",2023,"food_state_rnk",21.9496
"36047102802","tract",2023,"food_state_rnk",NA
"36047103401","tract",2023,"food_state_rnk",1.3773
"36047103402","tract",2023,"food_state_rnk",NA
"36047105801","tract",2023,"food_state_rnk",6.5567
"36047105804","tract",2023,"food_state_rnk",9.3307
"36047107001","tract",2023,"food_state_rnk",25.7905
"36047107002","tract",2023,"food_state_rnk",NA
"36047107003","tract",2023,"food_state_rnk",NA
"36047107800","tract",2023,"food_state_rnk",39.5635
"36047109800","tract",2023,"food_state_rnk",63.065
"36047110400","tract",2023,"food_state_rnk",19.1659
"36047110600","tract",2023,"food_state_rnk",1.2609
"36047111000","tract",2023,"food_state_rnk",2.4151
"36047111600","tract",2023,"food_state_rnk",21.7071
"36047111800","tract",2023,"food_state_rnk",3.453
"36047112000","tract",2023,"food_state_rnk",12.7643
"36047112200","tract",2023,"food_state_rnk",4.5393
"36047112400","tract",2023,"food_state_rnk",13.87
"36047112600","tract",2023,"food_state_rnk",17.7886
"36047112800","tract",2023,"food_state_rnk",7.5655
"36047113000","tract",2023,"food_state_rnk",11.3288
"36047113200","tract",2023,"food_state_rnk",8.9234
"36047113400","tract",2023,"food_state_rnk",1.5713
"36047114201","tract",2023,"food_state_rnk",49.9709
"36047114202","tract",2023,"food_state_rnk",9.3695
"36047114400","tract",2023,"food_state_rnk",4.7139
"36047114600","tract",2023,"food_state_rnk",8.8555
"36047115000","tract",2023,"food_state_rnk",12.6285
"36047115200","tract",2023,"food_state_rnk",3.065
"36047115600","tract",2023,"food_state_rnk",1.6877
"36047115800","tract",2023,"food_state_rnk",14.0252
"36047116000","tract",2023,"food_state_rnk",17.1581
"36047116200","tract",2023,"food_state_rnk",13.0553
"36047116400","tract",2023,"food_state_rnk",14.743
"36047116600","tract",2023,"food_state_rnk",5.0242
"36047116800","tract",2023,"food_state_rnk",14.84
"36047117000","tract",2023,"food_state_rnk",12.8419
"36047117201","tract",2023,"food_state_rnk",16.4306
"36047117202","tract",2023,"food_state_rnk",13.7148
"36047117400","tract",2023,"food_state_rnk",34.2968
"36047117601","tract",2023,"food_state_rnk",25.645
"36047117602","tract",2023,"food_state_rnk",15.9651
"36047117800","tract",2023,"food_state_rnk",7.9049
"36047118000","tract",2023,"food_state_rnk",NA
"36047118201","tract",2023,"food_state_rnk",12.386
"36047118202","tract",2023,"food_state_rnk",16.7798
"36047118400","tract",2023,"food_state_rnk",12.8807
"36047118600","tract",2023,"food_state_rnk",26.7895
"36047118800","tract",2023,"food_state_rnk",11.4064
"36047119000","tract",2023,"food_state_rnk",27.5849
"36047119200","tract",2023,"food_state_rnk",27.3521
"36047119400","tract",2023,"food_state_rnk",31.1348
"36047119600","tract",2023,"food_state_rnk",9.2532
"36047119800","tract",2023,"food_state_rnk",10.4462
"36047120000","tract",2023,"food_state_rnk",10.4947
"36047120200","tract",2023,"food_state_rnk",32.4636
"36047120801","tract",2023,"food_state_rnk",14.8594
"36047120802","tract",2023,"food_state_rnk",9.1756
"36047120803","tract",2023,"food_state_rnk",27.2745
"36047121000","tract",2023,"food_state_rnk",1.8429
"36047121400","tract",2023,"food_state_rnk",0.4074
"36047122000","tract",2023,"food_state_rnk",18.1765
"36047123700","tract",2023,"food_state_rnk",8.613
"36047150200","tract",2023,"food_state_rnk",50.1455
"36047152200","tract",2023,"food_state_rnk",87.5752
"36047990100","tract",2023,"food_state_rnk",NA
"36049950101","tract",2023,"food_state_rnk",74.7624
"36049950200","tract",2023,"food_state_rnk",72.6576
"36049950301","tract",2023,"food_state_rnk",63.5306
"36049950302","tract",2023,"food_state_rnk",51.678
"36049950401","tract",2023,"food_state_rnk",77.4394
"36049950500","tract",2023,"food_state_rnk",56.0039
"36049950601","tract",2023,"food_state_rnk",31.1154
"36049950700","tract",2023,"food_state_rnk",57.4879
"36049950800","tract",2023,"food_state_rnk",48.5742
"36051030100","tract",2023,"food_state_rnk",77.4879
"36051030201","tract",2023,"food_state_rnk",25.1406
"36051030203","tract",2023,"food_state_rnk",69.2241
"36051030204","tract",2023,"food_state_rnk",85.6547
"36051030300","tract",2023,"food_state_rnk",72.5606
"36051030400","tract",2023,"food_state_rnk",74.5296
"36051030500","tract",2023,"food_state_rnk",NA
"36051030600","tract",2023,"food_state_rnk",70.0097
"36051030701","tract",2023,"food_state_rnk",80.2813
"36051030702","tract",2023,"food_state_rnk",48.2638
"36051030800","tract",2023,"food_state_rnk",74.5781
"36051030900","tract",2023,"food_state_rnk",26.9059
"36051031000","tract",2023,"food_state_rnk",NA
"36051031101","tract",2023,"food_state_rnk",56.935
"36051031102","tract",2023,"food_state_rnk",66.2367
"36051031200","tract",2023,"food_state_rnk",53.8797
"36051031300","tract",2023,"food_state_rnk",62.8225
"36051031400","tract",2023,"food_state_rnk",42.5994
"36053030101","tract",2023,"food_state_rnk",21.8235
"36053030102","tract",2023,"food_state_rnk",41.3482
"36053030103","tract",2023,"food_state_rnk",72.1242
"36053030200","tract",2023,"food_state_rnk",65.3443
"36053030300","tract",2023,"food_state_rnk",45.645
"36053030401","tract",2023,"food_state_rnk",39.3016
"36053030402","tract",2023,"food_state_rnk",53.6566
"36053030403","tract",2023,"food_state_rnk",57.6043
"36053030404","tract",2023,"food_state_rnk",64.8691
"36053030501","tract",2023,"food_state_rnk",66.0912
"36053030502","tract",2023,"food_state_rnk",98.5645
"36053030601","tract",2023,"food_state_rnk",59.4374
"36053030602","tract",2023,"food_state_rnk",72.5606
"36053030701","tract",2023,"food_state_rnk",NA
"36053030702","tract",2023,"food_state_rnk",71.5131
"36053030800","tract",2023,"food_state_rnk",49.2241
"36053030900","tract",2023,"food_state_rnk",NA
"36053031000","tract",2023,"food_state_rnk",40.6305
"36053031100","tract",2023,"food_state_rnk",39.6217
"36055000200","tract",2023,"food_state_rnk",6.6731
"36055000700","tract",2023,"food_state_rnk",0.6596
"36055001000","tract",2023,"food_state_rnk",55.8972
"36055001300","tract",2023,"food_state_rnk",3.2881
"36055001600","tract",2023,"food_state_rnk",1.7847
"36055001800","tract",2023,"food_state_rnk",27.0902
"36055001900","tract",2023,"food_state_rnk",8.2444
"36055002000","tract",2023,"food_state_rnk",25.6062
"36055002100","tract",2023,"food_state_rnk",8.0116
"36055002200","tract",2023,"food_state_rnk",0.7953
"36055002300","tract",2023,"food_state_rnk",1.0863
"36055002400","tract",2023,"food_state_rnk",4.6945
"36055002700","tract",2023,"food_state_rnk",3.2881
"36055002900","tract",2023,"food_state_rnk",67.3618
"36055003000","tract",2023,"food_state_rnk",7.3521
"36055003101","tract",2023,"food_state_rnk",92.2696
"36055003102","tract",2023,"food_state_rnk",56.5664
"36055003200","tract",2023,"food_state_rnk",8.4772
"36055003300","tract",2023,"food_state_rnk",6.6149
"36055003400","tract",2023,"food_state_rnk",41.5519
"36055003500","tract",2023,"food_state_rnk",88.9331
"36055003600","tract",2023,"food_state_rnk",77.1581
"36055003700","tract",2023,"food_state_rnk",40.8147
"36055003806","tract",2023,"food_state_rnk",34.258
"36055003807","tract",2023,"food_state_rnk",NA
"36055003900","tract",2023,"food_state_rnk",0.388
"36055004000","tract",2023,"food_state_rnk",5.9748
"36055004100","tract",2023,"food_state_rnk",0.0776
"36055004602","tract",2023,"food_state_rnk",7.4685
"36055004701","tract",2023,"food_state_rnk",6.227
"36055004702","tract",2023,"food_state_rnk",6.0912
"36055004800","tract",2023,"food_state_rnk",4.6751
"36055004900","tract",2023,"food_state_rnk",3.9864
"36055005000","tract",2023,"food_state_rnk",6.0233
"36055005100","tract",2023,"food_state_rnk",0.7662
"36055005200","tract",2023,"food_state_rnk",1.2997
"36055005400","tract",2023,"food_state_rnk",19.4956
"36055005500","tract",2023,"food_state_rnk",2.6188
"36055005600","tract",2023,"food_state_rnk",3.6663
"36055005700","tract",2023,"food_state_rnk",18.9913
"36055005800","tract",2023,"food_state_rnk",7.0417
"36055005900","tract",2023,"food_state_rnk",4.2095
"36055006000","tract",2023,"food_state_rnk",33.5306
"36055006100","tract",2023,"food_state_rnk",60.7856
"36055006200","tract",2023,"food_state_rnk",18.3123
"36055006300","tract",2023,"food_state_rnk",11.6392
"36055006400","tract",2023,"food_state_rnk",7.0611
"36055006500","tract",2023,"food_state_rnk",0.1358
"36055006600","tract",2023,"food_state_rnk",6.5373
"36055006700","tract",2023,"food_state_rnk",16.1397
"36055006800","tract",2023,"food_state_rnk",48.807
"36055006900","tract",2023,"food_state_rnk",5.6644
"36055007000","tract",2023,"food_state_rnk",49.6799
"36055007100","tract",2023,"food_state_rnk",16.3628
"36055007500","tract",2023,"food_state_rnk",6.5955
"36055007600","tract",2023,"food_state_rnk",67.4103
"36055007700","tract",2023,"food_state_rnk",59.2629
"36055007801","tract",2023,"food_state_rnk",92.5412
"36055007802","tract",2023,"food_state_rnk",90.9893
"36055007900","tract",2023,"food_state_rnk",2.192
"36055008000","tract",2023,"food_state_rnk",2.8419
"36055008100","tract",2023,"food_state_rnk",12.386
"36055008200","tract",2023,"food_state_rnk",6.13
"36055008301","tract",2023,"food_state_rnk",18.4869
"36055008400","tract",2023,"food_state_rnk",2.1629
"36055008500","tract",2023,"food_state_rnk",17.8758
"36055008600","tract",2023,"food_state_rnk",44.2289
"36055008702","tract",2023,"food_state_rnk",1.7265
"36055008801","tract",2023,"food_state_rnk",9.098
"36055009200","tract",2023,"food_state_rnk",2.677
"36055009301","tract",2023,"food_state_rnk",1.4549
"36055009302","tract",2023,"food_state_rnk",52.1823
"36055009401","tract",2023,"food_state_rnk",7.4297
"36055009402","tract",2023,"food_state_rnk",60.3395
"36055009403","tract",2023,"food_state_rnk",NA
"36055009404","tract",2023,"food_state_rnk",66.2367
"36055009500","tract",2023,"food_state_rnk",18.5839
"36055009601","tract",2023,"food_state_rnk",2.8031
"36055009602","tract",2023,"food_state_rnk",2.0757
"36055009605","tract",2023,"food_state_rnk",2.1339
"36055010100","tract",2023,"food_state_rnk",55.2182
"36055010200","tract",2023,"food_state_rnk",88.2541
"36055010300","tract",2023,"food_state_rnk",75.6741
"36055010400","tract",2023,"food_state_rnk",63.9961
"36055010500","tract",2023,"food_state_rnk",73.9379
"36055010601","tract",2023,"food_state_rnk",35.2861
"36055010602","tract",2023,"food_state_rnk",48.807
"36055010700","tract",2023,"food_state_rnk",59.0107
"36055010800","tract",2023,"food_state_rnk",83.4821
"36055010901","tract",2023,"food_state_rnk",16.2367
"36055010902","tract",2023,"food_state_rnk",20.0097
"36055011000","tract",2023,"food_state_rnk",72.2696
"36055011100","tract",2023,"food_state_rnk",54.5102
"36055011201","tract",2023,"food_state_rnk",76.9932
"36055011203","tract",2023,"food_state_rnk",93.0553
"36055011205","tract",2023,"food_state_rnk",88.7585
"36055011207","tract",2023,"food_state_rnk",90.0291
"36055011209","tract",2023,"food_state_rnk",39.7381
"36055011210","tract",2023,"food_state_rnk",95.9845
"36055011302","tract",2023,"food_state_rnk",86.7507
"36055011303","tract",2023,"food_state_rnk",91.2124
"36055011304","tract",2023,"food_state_rnk",92.2211
"36055011401","tract",2023,"food_state_rnk",54.0058
"36055011402","tract",2023,"food_state_rnk",84.4811
"36055011403","tract",2023,"food_state_rnk",55.1309
"36055011503","tract",2023,"food_state_rnk",93.8021
"36055011504","tract",2023,"food_state_rnk",92.3763
"36055011505","tract",2023,"food_state_rnk",94.2095
"36055011506","tract",2023,"food_state_rnk",88.2541
"36055011507","tract",2023,"food_state_rnk",97.5946
"36055011601","tract",2023,"food_state_rnk",73.8312
"36055011603","tract",2023,"food_state_rnk",14.6751
"36055011604","tract",2023,"food_state_rnk",60.6402
"36055011605","tract",2023,"food_state_rnk",84.3259
"36055011705","tract",2023,"food_state_rnk",98.0407
"36055011707","tract",2023,"food_state_rnk",92.8128
"36055011708","tract",2023,"food_state_rnk",94.6072
"36055011709","tract",2023,"food_state_rnk",95.1988
"36055011710","tract",2023,"food_state_rnk",91.8526
"36055011711","tract",2023,"food_state_rnk",76.5373
"36055011712","tract",2023,"food_state_rnk",98.3705
"36055011800","tract",2023,"food_state_rnk",55.645
"36055011901","tract",2023,"food_state_rnk",78.1571
"36055011903","tract",2023,"food_state_rnk",97.4685
"36055011904","tract",2023,"food_state_rnk",95.2376
"36055012000","tract",2023,"food_state_rnk",30.5917
"36055012100","tract",2023,"food_state_rnk",43.1135
"36055012201","tract",2023,"food_state_rnk",NA
"36055012202","tract",2023,"food_state_rnk",83.4821
"36055012301","tract",2023,"food_state_rnk",99.7478
"36055012304","tract",2023,"food_state_rnk",87.2745
"36055012305","tract",2023,"food_state_rnk",99.1077
"36055012307","tract",2023,"food_state_rnk",99.4762
"36055012308","tract",2023,"food_state_rnk",98.5063
"36055012401","tract",2023,"food_state_rnk",84.6072
"36055012402","tract",2023,"food_state_rnk",77.7692
"36055012500","tract",2023,"food_state_rnk",99.418
"36055012600","tract",2023,"food_state_rnk",85.2958
"36055012700","tract",2023,"food_state_rnk",80.6014
"36055012800","tract",2023,"food_state_rnk",90.8438
"36055012900","tract",2023,"food_state_rnk",98.7391
"36055013003","tract",2023,"food_state_rnk",89.9418
"36055013004","tract",2023,"food_state_rnk",63.7051
"36055013005","tract",2023,"food_state_rnk",NA
"36055013006","tract",2023,"food_state_rnk",22.2308
"36055013101","tract",2023,"food_state_rnk",59.3792
"36055013103","tract",2023,"food_state_rnk",NA
"36055013104","tract",2023,"food_state_rnk",38.2541
"36055013203","tract",2023,"food_state_rnk",53.8312
"36055013205","tract",2023,"food_state_rnk",65.5868
"36055013206","tract",2023,"food_state_rnk",62.4442
"36055013207","tract",2023,"food_state_rnk",87.7886
"36055013208","tract",2023,"food_state_rnk",86.8283
"36055013300","tract",2023,"food_state_rnk",75.354
"36055013401","tract",2023,"food_state_rnk",39.001
"36055013402","tract",2023,"food_state_rnk",79.9515
"36055013503","tract",2023,"food_state_rnk",80.2522
"36055013505","tract",2023,"food_state_rnk",50.8826
"36055013507","tract",2023,"food_state_rnk",79.903
"36055013508","tract",2023,"food_state_rnk",89.1271
"36055013509","tract",2023,"food_state_rnk",54.2871
"36055013510","tract",2023,"food_state_rnk",68.3026
"36055013511","tract",2023,"food_state_rnk",70.0485
"36055013601","tract",2023,"food_state_rnk",56.1397
"36055013603","tract",2023,"food_state_rnk",88.9622
"36055013604","tract",2023,"food_state_rnk",25.7614
"36055013701","tract",2023,"food_state_rnk",39.8642
"36055013702","tract",2023,"food_state_rnk",42.5121
"36055013800","tract",2023,"food_state_rnk",40.8438
"36055013901","tract",2023,"food_state_rnk",27.4879
"36055013902","tract",2023,"food_state_rnk",10.9699
"36055014001","tract",2023,"food_state_rnk",46.2076
"36055014003","tract",2023,"food_state_rnk",31.9496
"36055014004","tract",2023,"food_state_rnk",21.2609
"36055014102","tract",2023,"food_state_rnk",62.4733
"36055014103","tract",2023,"food_state_rnk",41.7847
"36055014104","tract",2023,"food_state_rnk",65.7614
"36055014202","tract",2023,"food_state_rnk",74.2192
"36055014204","tract",2023,"food_state_rnk",83.2493
"36055014205","tract",2023,"food_state_rnk",77.2648
"36055014206","tract",2023,"food_state_rnk",69.4762
"36055014301","tract",2023,"food_state_rnk",49.6217
"36055014302","tract",2023,"food_state_rnk",50.7856
"36055014400","tract",2023,"food_state_rnk",34.2192
"36055014501","tract",2023,"food_state_rnk",63.453
"36055014503","tract",2023,"food_state_rnk",63.6275
"36055014504","tract",2023,"food_state_rnk",98.5839
"36055014505","tract",2023,"food_state_rnk",62.3084
"36055014601","tract",2023,"food_state_rnk",80.7177
"36055014602","tract",2023,"food_state_rnk",33.2687
"36055014700","tract",2023,"food_state_rnk",69.4471
"36055014802","tract",2023,"food_state_rnk",97.808
"36055014803","tract",2023,"food_state_rnk",50.6693
"36055014805","tract",2023,"food_state_rnk",30.0291
"36055014806","tract",2023,"food_state_rnk",73.7536
"36055014901","tract",2023,"food_state_rnk",65.0242
"36055014903","tract",2023,"food_state_rnk",90.5238
"36055014905","tract",2023,"food_state_rnk",71.969
"36055014906","tract",2023,"food_state_rnk",66.3531
"36055015000","tract",2023,"food_state_rnk",49.5247
"36055015101","tract",2023,"food_state_rnk",54.0834
"36055015102","tract",2023,"food_state_rnk",49.7672
"36055015200","tract",2023,"food_state_rnk",67.226
"36055015301","tract",2023,"food_state_rnk",NA
"36055015303","tract",2023,"food_state_rnk",59.8933
"36055015304","tract",2023,"food_state_rnk",43.6372
"36055015400","tract",2023,"food_state_rnk",76.1397
"36055980000","tract",2023,"food_state_rnk",NA
"36055980100","tract",2023,"food_state_rnk",NA
"36055980200","tract",2023,"food_state_rnk",NA
"36055990000","tract",2023,"food_state_rnk",NA
"36057070200","tract",2023,"food_state_rnk",28.0601
"36057070300","tract",2023,"food_state_rnk",12.4345
"36057070400","tract",2023,"food_state_rnk",18.7003
"36057070500","tract",2023,"food_state_rnk",76.3143
"36057070600","tract",2023,"food_state_rnk",12.8225
"36057070700","tract",2023,"food_state_rnk",61.5422
"36057070800","tract",2023,"food_state_rnk",19.4277
"36057070900","tract",2023,"food_state_rnk",18.0213
"36057072100","tract",2023,"food_state_rnk",62.0369
"36057072200","tract",2023,"food_state_rnk",92.6673
"36057072300","tract",2023,"food_state_rnk",60.7177
"36057072400","tract",2023,"food_state_rnk",23.5887
"36057072500","tract",2023,"food_state_rnk",39.0592
"36057072600","tract",2023,"food_state_rnk",68.2056
"36057072700","tract",2023,"food_state_rnk",78.0795
"36057072800","tract",2023,"food_state_rnk",80.6596
"36059300100","tract",2023,"food_state_rnk",99.7672
"36059300300","tract",2023,"food_state_rnk",47.6916
"36059300400","tract",2023,"food_state_rnk",85.1406
"36059300500","tract",2023,"food_state_rnk",73.7536
"36059300600","tract",2023,"food_state_rnk",86.7119
"36059300700","tract",2023,"food_state_rnk",62.6188
"36059300800","tract",2023,"food_state_rnk",73.5306
"36059300901","tract",2023,"food_state_rnk",88.516
"36059300902","tract",2023,"food_state_rnk",99.2241
"36059301000","tract",2023,"food_state_rnk",98.4869
"36059301101","tract",2023,"food_state_rnk",91.484
"36059301102","tract",2023,"food_state_rnk",99.1853
"36059301200","tract",2023,"food_state_rnk",96.8283
"36059301300","tract",2023,"food_state_rnk",71.7556
"36059301400","tract",2023,"food_state_rnk",94.8982
"36059301500","tract",2023,"food_state_rnk",95.8584
"36059301600","tract",2023,"food_state_rnk",99.1368
"36059301700","tract",2023,"food_state_rnk",92.4733
"36059301800","tract",2023,"food_state_rnk",52.386
"36059301900","tract",2023,"food_state_rnk",78.2153
"36059302000","tract",2023,"food_state_rnk",91.4646
"36059302101","tract",2023,"food_state_rnk",96.9544
"36059302102","tract",2023,"food_state_rnk",99.5441
"36059302200","tract",2023,"food_state_rnk",92.6964
"36059302300","tract",2023,"food_state_rnk",76.6537
"36059302400","tract",2023,"food_state_rnk",89.0883
"36059302501","tract",2023,"food_state_rnk",81.7265
"36059302502","tract",2023,"food_state_rnk",97.5364
"36059302600","tract",2023,"food_state_rnk",73.7536
"36059302700","tract",2023,"food_state_rnk",97.7207
"36059302800","tract",2023,"food_state_rnk",73.967
"36059302900","tract",2023,"food_state_rnk",93.7633
"36059303000","tract",2023,"food_state_rnk",65.451
"36059303101","tract",2023,"food_state_rnk",89.8739
"36059303102","tract",2023,"food_state_rnk",69.6411
"36059303203","tract",2023,"food_state_rnk",84.3453
"36059303204","tract",2023,"food_state_rnk",82.3763
"36059303301","tract",2023,"food_state_rnk",93.0844
"36059303302","tract",2023,"food_state_rnk",95.0145
"36059303400","tract",2023,"food_state_rnk",86.45
"36059303500","tract",2023,"food_state_rnk",94.3162
"36059303600","tract",2023,"food_state_rnk",68.0698
"36059303700","tract",2023,"food_state_rnk",92.9874
"36059303800","tract",2023,"food_state_rnk",96.4113
"36059303900","tract",2023,"food_state_rnk",57.2648
"36059304001","tract",2023,"food_state_rnk",61.4355
"36059304002","tract",2023,"food_state_rnk",85.8002
"36059304100","tract",2023,"food_state_rnk",78.8943
"36059304202","tract",2023,"food_state_rnk",47.2842
"36059304203","tract",2023,"food_state_rnk",42.8225
"36059304204","tract",2023,"food_state_rnk",44.064
"36059404300","tract",2023,"food_state_rnk",90.8923
"36059404400","tract",2023,"food_state_rnk",81.9884
"36059404500","tract",2023,"food_state_rnk",67.614
"36059404600","tract",2023,"food_state_rnk",91.0669
"36059404700","tract",2023,"food_state_rnk",89.1271
"36059404800","tract",2023,"food_state_rnk",56.6828
"36059404901","tract",2023,"food_state_rnk",56.6828
"36059404902","tract",2023,"food_state_rnk",63.5597
"36059405000","tract",2023,"food_state_rnk",66.5373
"36059405100","tract",2023,"food_state_rnk",92.3957
"36059405200","tract",2023,"food_state_rnk",65.2279
"36059405301","tract",2023,"food_state_rnk",56.1591
"36059405302","tract",2023,"food_state_rnk",75.5674
"36059405400","tract",2023,"food_state_rnk",77.4394
"36059405500","tract",2023,"food_state_rnk",88.904
"36059405600","tract",2023,"food_state_rnk",69.6217
"36059405700","tract",2023,"food_state_rnk",75.6256
"36059405800","tract",2023,"food_state_rnk",85.9845
"36059405900","tract",2023,"food_state_rnk",86.9447
"36059406001","tract",2023,"food_state_rnk",94.5393
"36059406002","tract",2023,"food_state_rnk",72.0175
"36059406100","tract",2023,"food_state_rnk",86.6634
"36059406201","tract",2023,"food_state_rnk",46.2367
"36059406202","tract",2023,"food_state_rnk",65.7614
"36059406300","tract",2023,"food_state_rnk",92.9874
"36059406400","tract",2023,"food_state_rnk",99.7866
"36059406501","tract",2023,"food_state_rnk",96.0621
"36059406600","tract",2023,"food_state_rnk",93.2881
"36059406701","tract",2023,"food_state_rnk",41.6004
"36059406702","tract",2023,"food_state_rnk",7.7692
"36059406801","tract",2023,"food_state_rnk",18.8361
"36059406802","tract",2023,"food_state_rnk",51.9108
"36059406900","tract",2023,"food_state_rnk",62.6867
"36059407000","tract",2023,"food_state_rnk",25.7905
"36059407101","tract",2023,"food_state_rnk",33.5597
"36059407102","tract",2023,"food_state_rnk",53.4239
"36059407201","tract",2023,"food_state_rnk",28.904
"36059407203","tract",2023,"food_state_rnk",36.1106
"36059407204","tract",2023,"food_state_rnk",58.8749
"36059407301","tract",2023,"food_state_rnk",NA
"36059407302","tract",2023,"food_state_rnk",64.355
"36059407401","tract",2023,"food_state_rnk",58.1765
"36059407402","tract",2023,"food_state_rnk",48.419
"36059407501","tract",2023,"food_state_rnk",66.6149
"36059407502","tract",2023,"food_state_rnk",55.1794
"36059407600","tract",2023,"food_state_rnk",94.7915
"36059407700","tract",2023,"food_state_rnk",73.5984
"36059407801","tract",2023,"food_state_rnk",90.097
"36059407802","tract",2023,"food_state_rnk",NA
"36059407900","tract",2023,"food_state_rnk",76.1397
"36059408000","tract",2023,"food_state_rnk",87.2357
"36059408100","tract",2023,"food_state_rnk",67.0029
"36059408200","tract",2023,"food_state_rnk",64.6945
"36059408300","tract",2023,"food_state_rnk",88.3123
"36059408400","tract",2023,"food_state_rnk",92.774
"36059408500","tract",2023,"food_state_rnk",94.4423
"36059408600","tract",2023,"food_state_rnk",44.9855
"36059408700","tract",2023,"food_state_rnk",93.4627
"36059408800","tract",2023,"food_state_rnk",53.6857
"36059408900","tract",2023,"food_state_rnk",78.4481
"36059409000","tract",2023,"food_state_rnk",85.9166
"36059409100","tract",2023,"food_state_rnk",91.3191
"36059409200","tract",2023,"food_state_rnk",85.4025
"36059409300","tract",2023,"food_state_rnk",94.3356
"36059409400","tract",2023,"food_state_rnk",94.2774
"36059409500","tract",2023,"food_state_rnk",90.3589
"36059409600","tract",2023,"food_state_rnk",93.2299
"36059409700","tract",2023,"food_state_rnk",95.4316
"36059409800","tract",2023,"food_state_rnk",78.4772
"36059409900","tract",2023,"food_state_rnk",82.2211
"36059410000","tract",2023,"food_state_rnk",88.516
"36059410100","tract",2023,"food_state_rnk",57.9631
"36059410200","tract",2023,"food_state_rnk",94.9855
"36059410300","tract",2023,"food_state_rnk",66.0233
"36059410400","tract",2023,"food_state_rnk",74.549
"36059410500","tract",2023,"food_state_rnk",40.4462
"36059410600","tract",2023,"food_state_rnk",88.2541
"36059410700","tract",2023,"food_state_rnk",98.6033
"36059410800","tract",2023,"food_state_rnk",90.2328
"36059410900","tract",2023,"food_state_rnk",80.9796
"36059411000","tract",2023,"food_state_rnk",58.0504
"36059411100","tract",2023,"food_state_rnk",34.5005
"36059411200","tract",2023,"food_state_rnk",88.1668
"36059411301","tract",2023,"food_state_rnk",90.8632
"36059411302","tract",2023,"food_state_rnk",97.8855
"36059411400","tract",2023,"food_state_rnk",97.1484
"36059411500","tract",2023,"food_state_rnk",97.42
"36059411600","tract",2023,"food_state_rnk",88.6615
"36059411700","tract",2023,"food_state_rnk",75.0533
"36059411800","tract",2023,"food_state_rnk",87.8274
"36059411901","tract",2023,"food_state_rnk",48.7682
"36059411902","tract",2023,"food_state_rnk",68.4966
"36059412000","tract",2023,"food_state_rnk",72.1242
"36059412100","tract",2023,"food_state_rnk",90.8923
"36059412200","tract",2023,"food_state_rnk",81.8817
"36059412301","tract",2023,"food_state_rnk",82.8807
"36059412302","tract",2023,"food_state_rnk",86.0718
"36059412400","tract",2023,"food_state_rnk",73.7536
"36059412500","tract",2023,"food_state_rnk",98.8167
"36059412600","tract",2023,"food_state_rnk",94.0349
"36059412700","tract",2023,"food_state_rnk",93.9088
"36059412800","tract",2023,"food_state_rnk",87.9825
"36059412900","tract",2023,"food_state_rnk",63.5887
"36059413001","tract",2023,"food_state_rnk",84.2192
"36059413002","tract",2023,"food_state_rnk",99.4568
"36059413100","tract",2023,"food_state_rnk",90.7468
"36059413200","tract",2023,"food_state_rnk",89.8157
"36059413300","tract",2023,"food_state_rnk",95.5577
"36059413400","tract",2023,"food_state_rnk",90.097
"36059413500","tract",2023,"food_state_rnk",62.0757
"36059413600","tract",2023,"food_state_rnk",84.258
"36059413700","tract",2023,"food_state_rnk",83.4821
"36059413803","tract",2023,"food_state_rnk",88.8846
"36059413804","tract",2023,"food_state_rnk",59.1659
"36059413900","tract",2023,"food_state_rnk",63.7342
"36059414001","tract",2023,"food_state_rnk",51.8914
"36059414002","tract",2023,"food_state_rnk",44.5781
"36059414100","tract",2023,"food_state_rnk",70.6111
"36059414201","tract",2023,"food_state_rnk",46.1397
"36059414202","tract",2023,"food_state_rnk",38.0213
"36059414301","tract",2023,"food_state_rnk",75.8584
"36059414303","tract",2023,"food_state_rnk",81.2318
"36059414304","tract",2023,"food_state_rnk",65.2279
"36059414400","tract",2023,"food_state_rnk",24.3162
"36059414501","tract",2023,"food_state_rnk",85.2182
"36059414502","tract",2023,"food_state_rnk",64.2968
"36059414600","tract",2023,"food_state_rnk",84.7624
"36059414700","tract",2023,"food_state_rnk",87.5267
"36059414800","tract",2023,"food_state_rnk",91.775
"36059414900","tract",2023,"food_state_rnk",94.6557
"36059415000","tract",2023,"food_state_rnk",98.3026
"36059415101","tract",2023,"food_state_rnk",84.2968
"36059415102","tract",2023,"food_state_rnk",93.5887
"36059415201","tract",2023,"food_state_rnk",90.4656
"36059415202","tract",2023,"food_state_rnk",97.226
"36059415300","tract",2023,"food_state_rnk",91.4452
"36059415401","tract",2023,"food_state_rnk",82.5315
"36059415402","tract",2023,"food_state_rnk",99.3792
"36059415500","tract",2023,"food_state_rnk",90.5529
"36059415600","tract",2023,"food_state_rnk",96.3046
"36059415700","tract",2023,"food_state_rnk",90.2619
"36059415802","tract",2023,"food_state_rnk",92.6188
"36059416000","tract",2023,"food_state_rnk",91.872
"36059416100","tract",2023,"food_state_rnk",96.3822
"36059416201","tract",2023,"food_state_rnk",76.7604
"36059416202","tract",2023,"food_state_rnk",58.0213
"36059416300","tract",2023,"food_state_rnk",66.6828
"36059416401","tract",2023,"food_state_rnk",94.1416
"36059416402","tract",2023,"food_state_rnk",72.9971
"36059416500","tract",2023,"food_state_rnk",60.4462
"36059416600","tract",2023,"food_state_rnk",87.8565
"36059416701","tract",2023,"food_state_rnk",71.2318
"36059416702","tract",2023,"food_state_rnk",65.3152
"36059416801","tract",2023,"food_state_rnk",87.7013
"36059416802","tract",2023,"food_state_rnk",89.2919
"36059416900","tract",2023,"food_state_rnk",94.0737
"36059517000","tract",2023,"food_state_rnk",95.1988
"36059517101","tract",2023,"food_state_rnk",67.323
"36059517102","tract",2023,"food_state_rnk",90.2328
"36059517201","tract",2023,"food_state_rnk",35.9942
"36059517202","tract",2023,"food_state_rnk",51.2318
"36059517301","tract",2023,"food_state_rnk",80.3783
"36059517302","tract",2023,"food_state_rnk",72.6964
"36059517400","tract",2023,"food_state_rnk",97.6722
"36059517500","tract",2023,"food_state_rnk",88.807
"36059517600","tract",2023,"food_state_rnk",79.2435
"36059517701","tract",2023,"food_state_rnk",97.8371
"36059517705","tract",2023,"food_state_rnk",97.9243
"36059517801","tract",2023,"food_state_rnk",94.8206
"36059517802","tract",2023,"food_state_rnk",90.6984
"36059517901","tract",2023,"food_state_rnk",84.9758
"36059517902","tract",2023,"food_state_rnk",96.7992
"36059518000","tract",2023,"food_state_rnk",88.9331
"36059518100","tract",2023,"food_state_rnk",88.4093
"36059518201","tract",2023,"food_state_rnk",78.4772
"36059518203","tract",2023,"food_state_rnk",94.743
"36059518204","tract",2023,"food_state_rnk",95.6256
"36059518300","tract",2023,"food_state_rnk",81.0281
"36059518400","tract",2023,"food_state_rnk",84.7236
"36059518501","tract",2023,"food_state_rnk",99.5926
"36059518502","tract",2023,"food_state_rnk",68.8555
"36059518600","tract",2023,"food_state_rnk",83.7827
"36059518700","tract",2023,"food_state_rnk",91.4161
"36059518800","tract",2023,"food_state_rnk",94.0349
"36059518900","tract",2023,"food_state_rnk",76.1882
"36059519000","tract",2023,"food_state_rnk",53.1911
"36059519100","tract",2023,"food_state_rnk",91.5713
"36059519200","tract",2023,"food_state_rnk",85.5674
"36059519300","tract",2023,"food_state_rnk",80.4753
"36059519400","tract",2023,"food_state_rnk",91.6974
"36059519500","tract",2023,"food_state_rnk",84.161
"36059519601","tract",2023,"food_state_rnk",86.8962
"36059519602","tract",2023,"food_state_rnk",67.4782
"36059519702","tract",2023,"food_state_rnk",98.3705
"36059519703","tract",2023,"food_state_rnk",86.4113
"36059519704","tract",2023,"food_state_rnk",86.8574
"36059519801","tract",2023,"food_state_rnk",70.0873
"36059519802","tract",2023,"food_state_rnk",91.1736
"36059519900","tract",2023,"food_state_rnk",81.9884
"36059520001","tract",2023,"food_state_rnk",84.6654
"36059520002","tract",2023,"food_state_rnk",85.839
"36059520100","tract",2023,"food_state_rnk",89.1756
"36059520200","tract",2023,"food_state_rnk",97.9728
"36059520300","tract",2023,"food_state_rnk",75.9069
"36059520401","tract",2023,"food_state_rnk",93.7051
"36059520402","tract",2023,"food_state_rnk",89.9806
"36059520501","tract",2023,"food_state_rnk",50.8632
"36059520502","tract",2023,"food_state_rnk",86.9253
"36059520600","tract",2023,"food_state_rnk",79.8448
"36059520700","tract",2023,"food_state_rnk",82.58
"36059520800","tract",2023,"food_state_rnk",92.1726
"36059520900","tract",2023,"food_state_rnk",82.4636
"36059521000","tract",2023,"food_state_rnk",94.4423
"36059521100","tract",2023,"food_state_rnk",92.9195
"36059521200","tract",2023,"food_state_rnk",68.128
"36059521301","tract",2023,"food_state_rnk",87.7886
"36059521302","tract",2023,"food_state_rnk",98.6809
"36059521400","tract",2023,"food_state_rnk",96.9156
"36059521500","tract",2023,"food_state_rnk",90.805
"36059521601","tract",2023,"food_state_rnk",91.9011
"36059521602","tract",2023,"food_state_rnk",83.9282
"36059521700","tract",2023,"food_state_rnk",94.3938
"36059521801","tract",2023,"food_state_rnk",97.4976
"36059521802","tract",2023,"food_state_rnk",73.259
"36059521902","tract",2023,"food_state_rnk",94.161
"36059522000","tract",2023,"food_state_rnk",86.227
"36059522700","tract",2023,"food_state_rnk",97.9437
"36059980100","tract",2023,"food_state_rnk",NA
"36059981100","tract",2023,"food_state_rnk",NA
"36059982100","tract",2023,"food_state_rnk",NA
"36059990100","tract",2023,"food_state_rnk",NA
"36059990200","tract",2023,"food_state_rnk",NA
"36059990301","tract",2023,"food_state_rnk",NA
"36059990302","tract",2023,"food_state_rnk",NA
"36059990400","tract",2023,"food_state_rnk",NA
"36061000100","tract",2023,"food_state_rnk",NA
"36061000201","tract",2023,"food_state_rnk",0.2716
"36061000202","tract",2023,"food_state_rnk",9.4956
"36061000500","tract",2023,"food_state_rnk",NA
"36061000600","tract",2023,"food_state_rnk",13.5403
"36061000700","tract",2023,"food_state_rnk",73.2105
"36061000800","tract",2023,"food_state_rnk",16.4113
"36061000900","tract",2023,"food_state_rnk",74.6557
"36061001001","tract",2023,"food_state_rnk",65.2861
"36061001002","tract",2023,"food_state_rnk",3.259
"36061001200","tract",2023,"food_state_rnk",41.2415
"36061001300","tract",2023,"food_state_rnk",86.0233
"36061001401","tract",2023,"food_state_rnk",72.6188
"36061001402","tract",2023,"food_state_rnk",23.7439
"36061001501","tract",2023,"food_state_rnk",81.8332
"36061001502","tract",2023,"food_state_rnk",74.4423
"36061001600","tract",2023,"food_state_rnk",34.2968
"36061001800","tract",2023,"food_state_rnk",18.2735
"36061002000","tract",2023,"food_state_rnk",4.8303
"36061002100","tract",2023,"food_state_rnk",92.8516
"36061002201","tract",2023,"food_state_rnk",17.1581
"36061002202","tract",2023,"food_state_rnk",23.1038
"36061002400","tract",2023,"food_state_rnk",0.582
"36061002500","tract",2023,"food_state_rnk",0.9505
"36061002601","tract",2023,"food_state_rnk",7.5364
"36061002602","tract",2023,"food_state_rnk",29.3404
"36061002700","tract",2023,"food_state_rnk",17.2842
"36061002800","tract",2023,"food_state_rnk",30.5238
"36061002901","tract",2023,"food_state_rnk",NA
"36061002902","tract",2023,"food_state_rnk",29.8739
"36061003001","tract",2023,"food_state_rnk",25.4316
"36061003002","tract",2023,"food_state_rnk",7.0223
"36061003100","tract",2023,"food_state_rnk",NA
"36061003200","tract",2023,"food_state_rnk",89.2629
"36061003300","tract",2023,"food_state_rnk",90.9893
"36061003400","tract",2023,"food_state_rnk",34.6654
"36061003601","tract",2023,"food_state_rnk",5.1212
"36061003602","tract",2023,"food_state_rnk",48.8943
"36061003700","tract",2023,"food_state_rnk",65.0242
"36061003800","tract",2023,"food_state_rnk",69.806
"36061003900","tract",2023,"food_state_rnk",70.5432
"36061004001","tract",2023,"food_state_rnk",77.6528
"36061004002","tract",2023,"food_state_rnk",65.1406
"36061004100","tract",2023,"food_state_rnk",48.8458
"36061004200","tract",2023,"food_state_rnk",NA
"36061004300","tract",2023,"food_state_rnk",28.3317
"36061004400","tract",2023,"food_state_rnk",90.6596
"36061004500","tract",2023,"food_state_rnk",57.3618
"36061004700","tract",2023,"food_state_rnk",79.0107
"36061004800","tract",2023,"food_state_rnk",91.9011
"36061004900","tract",2023,"food_state_rnk",80.2813
"36061005000","tract",2023,"food_state_rnk",80.1649
"36061005200","tract",2023,"food_state_rnk",75.5674
"36061005400","tract",2023,"food_state_rnk",90.0291
"36061005501","tract",2023,"food_state_rnk",71.4161
"36061005502","tract",2023,"food_state_rnk",69.6702
"36061005600","tract",2023,"food_state_rnk",64.4714
"36061005700","tract",2023,"food_state_rnk",85.0824
"36061005800","tract",2023,"food_state_rnk",29.7187
"36061005900","tract",2023,"food_state_rnk",86.2949
"36061006000","tract",2023,"food_state_rnk",82.2696
"36061006100","tract",2023,"food_state_rnk",87.7498
"36061006200","tract",2023,"food_state_rnk",82.192
"36061006300","tract",2023,"food_state_rnk",88.8264
"36061006400","tract",2023,"food_state_rnk",47.1193
"36061006500","tract",2023,"food_state_rnk",78.9331
"36061006600","tract",2023,"food_state_rnk",87.1872
"36061006700","tract",2023,"food_state_rnk",79.6702
"36061006800","tract",2023,"food_state_rnk",88.6227
"36061006900","tract",2023,"food_state_rnk",74.8206
"36061007001","tract",2023,"food_state_rnk",86.7507
"36061007002","tract",2023,"food_state_rnk",63.2008
"36061007100","tract",2023,"food_state_rnk",85.6547
"36061007200","tract",2023,"food_state_rnk",93.0262
"36061007300","tract",2023,"food_state_rnk",74.7818
"36061007400","tract",2023,"food_state_rnk",43.1911
"36061007500","tract",2023,"food_state_rnk",90.4656
"36061007600","tract",2023,"food_state_rnk",73.2105
"36061007700","tract",2023,"food_state_rnk",87.0029
"36061007800","tract",2023,"food_state_rnk",76.4597
"36061007900","tract",2023,"food_state_rnk",80.3395
"36061008000","tract",2023,"food_state_rnk",83.9961
"36061008100","tract",2023,"food_state_rnk",89.4859
"36061008200","tract",2023,"food_state_rnk",34.5878
"36061008300","tract",2023,"food_state_rnk",17.5558
"36061008400","tract",2023,"food_state_rnk",74.355
"36061008601","tract",2023,"food_state_rnk",78.3317
"36061008602","tract",2023,"food_state_rnk",NA
"36061008603","tract",2023,"food_state_rnk",92.3084
"36061008700","tract",2023,"food_state_rnk",84.161
"36061008800","tract",2023,"food_state_rnk",69.5926
"36061008900","tract",2023,"food_state_rnk",67.8468
"36061009000","tract",2023,"food_state_rnk",80.7856
"36061009100","tract",2023,"food_state_rnk",42.2696
"36061009200","tract",2023,"food_state_rnk",73.4724
"36061009300","tract",2023,"food_state_rnk",46.2949
"36061009400","tract",2023,"food_state_rnk",NA
"36061009500","tract",2023,"food_state_rnk",NA
"36061009600","tract",2023,"food_state_rnk",NA
"36061009700","tract",2023,"food_state_rnk",27.323
"36061009800","tract",2023,"food_state_rnk",88.8555
"36061009901","tract",2023,"food_state_rnk",63.3172
"36061009902","tract",2023,"food_state_rnk",54.6363
"36061009903","tract",2023,"food_state_rnk",36.1785
"36061010000","tract",2023,"food_state_rnk",53.6372
"36061010100","tract",2023,"food_state_rnk",57.8177
"36061010200","tract",2023,"food_state_rnk",66.6537
"36061010300","tract",2023,"food_state_rnk",42.0175
"36061010400","tract",2023,"food_state_rnk",75.4704
"36061010601","tract",2023,"food_state_rnk",95.8875
"36061010602","tract",2023,"food_state_rnk",89.2338
"36061010801","tract",2023,"food_state_rnk",55.3152
"36061010802","tract",2023,"food_state_rnk",69.0689
"36061010803","tract",2023,"food_state_rnk",81.3676
"36061010900","tract",2023,"food_state_rnk",NA
"36061011000","tract",2023,"food_state_rnk",69.3307
"36061011100","tract",2023,"food_state_rnk",50.0485
"36061011201","tract",2023,"food_state_rnk",51.2609
"36061011202","tract",2023,"food_state_rnk",45.839
"36061011203","tract",2023,"food_state_rnk",72.386
"36061011300","tract",2023,"food_state_rnk",NA
"36061011401","tract",2023,"food_state_rnk",81.3385
"36061011402","tract",2023,"food_state_rnk",78.8458
"36061011500","tract",2023,"food_state_rnk",43.8603
"36061011600","tract",2023,"food_state_rnk",76.8671
"36061011700","tract",2023,"food_state_rnk",55.2182
"36061011800","tract",2023,"food_state_rnk",88.5548
"36061011900","tract",2023,"food_state_rnk",0.8341
"36061012000","tract",2023,"food_state_rnk",80.3395
"36061012101","tract",2023,"food_state_rnk",67.614
"36061012102","tract",2023,"food_state_rnk",22.3569
"36061012200","tract",2023,"food_state_rnk",87.9437
"36061012400","tract",2023,"food_state_rnk",94.6557
"36061012500","tract",2023,"food_state_rnk",56.1882
"36061012601","tract",2023,"food_state_rnk",57.4491
"36061012602","tract",2023,"food_state_rnk",80.1067
"36061012700","tract",2023,"food_state_rnk",79.1659
"36061012800","tract",2023,"food_state_rnk",93.8797
"36061012901","tract",2023,"food_state_rnk",40.4947
"36061012902","tract",2023,"food_state_rnk",76.0815
"36061013000","tract",2023,"food_state_rnk",66.8283
"36061013100","tract",2023,"food_state_rnk",30.2813
"36061013201","tract",2023,"food_state_rnk",72.1242
"36061013202","tract",2023,"food_state_rnk",70.6305
"36061013203","tract",2023,"food_state_rnk",53.967
"36061013300","tract",2023,"food_state_rnk",63.7827
"36061013400","tract",2023,"food_state_rnk",96.6343
"36061013501","tract",2023,"food_state_rnk",30.679
"36061013502","tract",2023,"food_state_rnk",26.3046
"36061013601","tract",2023,"food_state_rnk",90.194
"36061013602","tract",2023,"food_state_rnk",88.6906
"36061013603","tract",2023,"food_state_rnk",61.3288
"36061013604","tract",2023,"food_state_rnk",31.969
"36061013700","tract",2023,"food_state_rnk",89.3404
"36061013800","tract",2023,"food_state_rnk",99.709
"36061013900","tract",2023,"food_state_rnk",85.354
"36061014000","tract",2023,"food_state_rnk",87.4685
"36061014200","tract",2023,"food_state_rnk",91.7556
"36061014300","tract",2023,"food_state_rnk",NA
"36061014401","tract",2023,"food_state_rnk",76.3143
"36061014402","tract",2023,"food_state_rnk",93.1426
"36061014500","tract",2023,"food_state_rnk",91.3579
"36061014601","tract",2023,"food_state_rnk",65.6256
"36061014602","tract",2023,"food_state_rnk",50.8341
"36061014700","tract",2023,"food_state_rnk",48.4869
"36061014801","tract",2023,"food_state_rnk",64.6945
"36061014802","tract",2023,"food_state_rnk",78.7682
"36061014900","tract",2023,"food_state_rnk",89.6314
"36061015001","tract",2023,"food_state_rnk",83.0068
"36061015002","tract",2023,"food_state_rnk",78.3705
"36061015101","tract",2023,"food_state_rnk",4.1513
"36061015102","tract",2023,"food_state_rnk",43.8118
"36061015200","tract",2023,"food_state_rnk",36.644
"36061015301","tract",2023,"food_state_rnk",86.7992
"36061015302","tract",2023,"food_state_rnk",61.7944
"36061015401","tract",2023,"food_state_rnk",67.9049
"36061015402","tract",2023,"food_state_rnk",86.4888
"36061015403","tract",2023,"food_state_rnk",71.1445
"36061015501","tract",2023,"food_state_rnk",98.1765
"36061015502","tract",2023,"food_state_rnk",90.6984
"36061015601","tract",2023,"food_state_rnk",54.7721
"36061015602","tract",2023,"food_state_rnk",32.5218
"36061015700","tract",2023,"food_state_rnk",96.6731
"36061015801","tract",2023,"food_state_rnk",77.4394
"36061015802","tract",2023,"food_state_rnk",74.3065
"36061015900","tract",2023,"food_state_rnk",85.1988
"36061016001","tract",2023,"food_state_rnk",86.8574
"36061016002","tract",2023,"food_state_rnk",82.0563
"36061016100","tract",2023,"food_state_rnk",86.6925
"36061016200","tract",2023,"food_state_rnk",12.1242
"36061016300","tract",2023,"food_state_rnk",83.8409
"36061016400","tract",2023,"food_state_rnk",13.7924
"36061016500","tract",2023,"food_state_rnk",81.9205
"36061016600","tract",2023,"food_state_rnk",22.0369
"36061016700","tract",2023,"food_state_rnk",93.9282
"36061016800","tract",2023,"food_state_rnk",7.5073
"36061016900","tract",2023,"food_state_rnk",91.096
"36061017000","tract",2023,"food_state_rnk",23.5694
"36061017100","tract",2023,"food_state_rnk",91.3579
"36061017200","tract",2023,"food_state_rnk",6.9447
"36061017300","tract",2023,"food_state_rnk",96.741
"36061017401","tract",2023,"food_state_rnk",4.9855
"36061017402","tract",2023,"food_state_rnk",20.0097
"36061017500","tract",2023,"food_state_rnk",98.5257
"36061017700","tract",2023,"food_state_rnk",86.3628
"36061017800","tract",2023,"food_state_rnk",18.0601
"36061017900","tract",2023,"food_state_rnk",89.0495
"36061018000","tract",2023,"food_state_rnk",7.0805
"36061018100","tract",2023,"food_state_rnk",91.9399
"36061018200","tract",2023,"food_state_rnk",18.6615
"36061018300","tract",2023,"food_state_rnk",45.3346
"36061018400","tract",2023,"food_state_rnk",9.9709
"36061018500","tract",2023,"food_state_rnk",86.5179
"36061018600","tract",2023,"food_state_rnk",27.8371
"36061018700","tract",2023,"food_state_rnk",88.7585
"36061018800","tract",2023,"food_state_rnk",5.6256
"36061018900","tract",2023,"food_state_rnk",11.9108
"36061019000","tract",2023,"food_state_rnk",34.9564
"36061019100","tract",2023,"food_state_rnk",84.9758
"36061019200","tract",2023,"food_state_rnk",5.8778
"36061019300","tract",2023,"food_state_rnk",20.3686
"36061019400","tract",2023,"food_state_rnk",6.4016
"36061019500","tract",2023,"food_state_rnk",54.5587
"36061019600","tract",2023,"food_state_rnk",10.3977
"36061019701","tract",2023,"food_state_rnk",45.645
"36061019702","tract",2023,"food_state_rnk",49.4665
"36061019800","tract",2023,"food_state_rnk",46.6246
"36061019900","tract",2023,"food_state_rnk",86.6149
"36061020000","tract",2023,"food_state_rnk",22.0757
"36061020101","tract",2023,"food_state_rnk",NA
"36061020102","tract",2023,"food_state_rnk",21.5519
"36061020300","tract",2023,"food_state_rnk",NA
"36061020500","tract",2023,"food_state_rnk",NA
"36061020600","tract",2023,"food_state_rnk",39.321
"36061020701","tract",2023,"food_state_rnk",41.1639
"36061020800","tract",2023,"food_state_rnk",63.0262
"36061020901","tract",2023,"food_state_rnk",14.1416
"36061021000","tract",2023,"food_state_rnk",20.8729
"36061021100","tract",2023,"food_state_rnk",51.3094
"36061021200","tract",2023,"food_state_rnk",24.3162
"36061021303","tract",2023,"food_state_rnk",47.4879
"36061021400","tract",2023,"food_state_rnk",15.7129
"36061021500","tract",2023,"food_state_rnk",17.6625
"36061021600","tract",2023,"food_state_rnk",45.0436
"36061021703","tract",2023,"food_state_rnk",NA
"36061021800","tract",2023,"food_state_rnk",47.9728
"36061021900","tract",2023,"food_state_rnk",4.7333
"36061022000","tract",2023,"food_state_rnk",46.4888
"36061022102","tract",2023,"food_state_rnk",24.2095
"36061022200","tract",2023,"food_state_rnk",21.2415
"36061022301","tract",2023,"food_state_rnk",5.3734
"36061022302","tract",2023,"food_state_rnk",8.9622
"36061022400","tract",2023,"food_state_rnk",20.0388
"36061022500","tract",2023,"food_state_rnk",33.2881
"36061022600","tract",2023,"food_state_rnk",26.4985
"36061022700","tract",2023,"food_state_rnk",13.7439
"36061022800","tract",2023,"food_state_rnk",43.8118
"36061022900","tract",2023,"food_state_rnk",16.9835
"36061023000","tract",2023,"food_state_rnk",17.0805
"36061023100","tract",2023,"food_state_rnk",22.9486
"36061023200","tract",2023,"food_state_rnk",3.4821
"36061023300","tract",2023,"food_state_rnk",19.7769
"36061023400","tract",2023,"food_state_rnk",15.7517
"36061023501","tract",2023,"food_state_rnk",22.8031
"36061023502","tract",2023,"food_state_rnk",22.871
"36061023600","tract",2023,"food_state_rnk",10.7274
"36061023700","tract",2023,"food_state_rnk",15.2958
"36061023802","tract",2023,"food_state_rnk",80.5141
"36061023803","tract",2023,"food_state_rnk",32.2405
"36061023804","tract",2023,"food_state_rnk",37.2648
"36061023900","tract",2023,"food_state_rnk",10.0291
"36061024000","tract",2023,"food_state_rnk",NA
"36061024100","tract",2023,"food_state_rnk",11.3094
"36061024200","tract",2023,"food_state_rnk",18.9525
"36061024301","tract",2023,"food_state_rnk",17.8371
"36061024302","tract",2023,"food_state_rnk",5.7226
"36061024500","tract",2023,"food_state_rnk",21.3967
"36061024700","tract",2023,"food_state_rnk",6.1106
"36061024900","tract",2023,"food_state_rnk",13.3754
"36061025100","tract",2023,"food_state_rnk",4.1901
"36061025300","tract",2023,"food_state_rnk",22.5606
"36061025500","tract",2023,"food_state_rnk",34.064
"36061025700","tract",2023,"food_state_rnk",56.0427
"36061025900","tract",2023,"food_state_rnk",31.7556
"36061026100","tract",2023,"food_state_rnk",4.4617
"36061026300","tract",2023,"food_state_rnk",16.6052
"36061026500","tract",2023,"food_state_rnk",22.4733
"36061026700","tract",2023,"food_state_rnk",23.0553
"36061026900","tract",2023,"food_state_rnk",25.9942
"36061027100","tract",2023,"food_state_rnk",41.0766
"36061027300","tract",2023,"food_state_rnk",65.1794
"36061027500","tract",2023,"food_state_rnk",70.0485
"36061027700","tract",2023,"food_state_rnk",14.7236
"36061027900","tract",2023,"food_state_rnk",27.0514
"36061028100","tract",2023,"food_state_rnk",60.8632
"36061028300","tract",2023,"food_state_rnk",11.5907
"36061028500","tract",2023,"food_state_rnk",5.354
"36061028700","tract",2023,"food_state_rnk",37.3036
"36061029100","tract",2023,"food_state_rnk",19.8642
"36061029300","tract",2023,"food_state_rnk",2.3472
"36061029500","tract",2023,"food_state_rnk",20.5432
"36061029700","tract",2023,"food_state_rnk",NA
"36061029900","tract",2023,"food_state_rnk",3.8409
"36061030300","tract",2023,"food_state_rnk",25.7323
"36061030700","tract",2023,"food_state_rnk",35.4704
"36061030900","tract",2023,"food_state_rnk",7.1969
"36061031100","tract",2023,"food_state_rnk",NA
"36061031703","tract",2023,"food_state_rnk",85.1697
"36061031704","tract",2023,"food_state_rnk",81.0281
"36061031900","tract",2023,"food_state_rnk",NA
"36063020100","tract",2023,"food_state_rnk",65.2861
"36063020200","tract",2023,"food_state_rnk",2.0951
"36063020300","tract",2023,"food_state_rnk",39.3986
"36063020400","tract",2023,"food_state_rnk",4.5781
"36063020500","tract",2023,"food_state_rnk",6.7216
"36063020600","tract",2023,"food_state_rnk",12.8031
"36063020700","tract",2023,"food_state_rnk",10.8244
"36063020900","tract",2023,"food_state_rnk",1.4355
"36063021000","tract",2023,"food_state_rnk",20.9311
"36063021100","tract",2023,"food_state_rnk",8.2638
"36063021200","tract",2023,"food_state_rnk",9.8933
"36063021300","tract",2023,"food_state_rnk",2.3084
"36063021400","tract",2023,"food_state_rnk",30.2037
"36063021700","tract",2023,"food_state_rnk",20.1455
"36063022000","tract",2023,"food_state_rnk",23.0553
"36063022100","tract",2023,"food_state_rnk",46.4306
"36063022200","tract",2023,"food_state_rnk",32.4151
"36063022300","tract",2023,"food_state_rnk",74.2483
"36063022401","tract",2023,"food_state_rnk",61.7459
"36063022500","tract",2023,"food_state_rnk",73.259
"36063022601","tract",2023,"food_state_rnk",49.3986
"36063022602","tract",2023,"food_state_rnk",29.8739
"36063022702","tract",2023,"food_state_rnk",92.5897
"36063022713","tract",2023,"food_state_rnk",95.7129
"36063022714","tract",2023,"food_state_rnk",67.0029
"36063022715","tract",2023,"food_state_rnk",72.6964
"36063022716","tract",2023,"food_state_rnk",91.8235
"36063022717","tract",2023,"food_state_rnk",36.0233
"36063022803","tract",2023,"food_state_rnk",93.3463
"36063022804","tract",2023,"food_state_rnk",83.87
"36063022901","tract",2023,"food_state_rnk",35.8293
"36063022902","tract",2023,"food_state_rnk",55.7129
"36063023001","tract",2023,"food_state_rnk",24.5975
"36063023100","tract",2023,"food_state_rnk",24.7333
"36063023200","tract",2023,"food_state_rnk",50.1843
"36063023301","tract",2023,"food_state_rnk",51.7653
"36063023302","tract",2023,"food_state_rnk",11.0281
"36063023401","tract",2023,"food_state_rnk",62.0078
"36063023402","tract",2023,"food_state_rnk",87.0999
"36063023404","tract",2023,"food_state_rnk",54.8594
"36063023405","tract",2023,"food_state_rnk",40.6693
"36063023500","tract",2023,"food_state_rnk",40.9408
"36063023600","tract",2023,"food_state_rnk",14.5878
"36063023700","tract",2023,"food_state_rnk",17.0417
"36063023800","tract",2023,"food_state_rnk",24.8303
"36063023901","tract",2023,"food_state_rnk",55.5092
"36063023902","tract",2023,"food_state_rnk",71.0184
"36063024001","tract",2023,"food_state_rnk",76.421
"36063024002","tract",2023,"food_state_rnk",35.6547
"36063024101","tract",2023,"food_state_rnk",49.1562
"36063024102","tract",2023,"food_state_rnk",45.7517
"36063024201","tract",2023,"food_state_rnk",84.0737
"36063024202","tract",2023,"food_state_rnk",56.4597
"36063024301","tract",2023,"food_state_rnk",60.9214
"36063024302","tract",2023,"food_state_rnk",94.9564
"36063024303","tract",2023,"food_state_rnk",70.2716
"36063024401","tract",2023,"food_state_rnk",89.5635
"36063024404","tract",2023,"food_state_rnk",97.129
"36063024405","tract",2023,"food_state_rnk",49.709
"36063024406","tract",2023,"food_state_rnk",NA
"36063024501","tract",2023,"food_state_rnk",76.5373
"36063024502","tract",2023,"food_state_rnk",49.195
"36063024600","tract",2023,"food_state_rnk",87.3133
"36063940001","tract",2023,"food_state_rnk",15.2085
"36063940100","tract",2023,"food_state_rnk",NA
"36063990000","tract",2023,"food_state_rnk",NA
"36065020102","tract",2023,"food_state_rnk",5.8584
"36065020300","tract",2023,"food_state_rnk",4.0931
"36065020705","tract",2023,"food_state_rnk",28.2541
"36065020802","tract",2023,"food_state_rnk",6.5179
"36065020803","tract",2023,"food_state_rnk",11.2124
"36065020900","tract",2023,"food_state_rnk",6.3628
"36065021000","tract",2023,"food_state_rnk",0.7371
"36065021103","tract",2023,"food_state_rnk",5.9942
"36065021104","tract",2023,"food_state_rnk",6.8186
"36065021201","tract",2023,"food_state_rnk",2.1145
"36065021202","tract",2023,"food_state_rnk",12.0272
"36065021301","tract",2023,"food_state_rnk",86.2949
"36065021302","tract",2023,"food_state_rnk",18.9331
"36065021303","tract",2023,"food_state_rnk",31.0766
"36065021401","tract",2023,"food_state_rnk",23.8215
"36065021402","tract",2023,"food_state_rnk",22.0175
"36065021500","tract",2023,"food_state_rnk",12.7255
"36065021601","tract",2023,"food_state_rnk",45.7517
"36065021602","tract",2023,"food_state_rnk",67.4394
"36065021701","tract",2023,"food_state_rnk",53.7245
"36065021702","tract",2023,"food_state_rnk",49.5635
"36065021900","tract",2023,"food_state_rnk",10.7468
"36065022000","tract",2023,"food_state_rnk",23.356
"36065022100","tract",2023,"food_state_rnk",44.064
"36065022200","tract",2023,"food_state_rnk",49.3986
"36065022400","tract",2023,"food_state_rnk",14.646
"36065022500","tract",2023,"food_state_rnk",21.7265
"36065022701","tract",2023,"food_state_rnk",47.0999
"36065022702","tract",2023,"food_state_rnk",81.8623
"36065022800","tract",2023,"food_state_rnk",76.2367
"36065023000","tract",2023,"food_state_rnk",52.2405
"36065023200","tract",2023,"food_state_rnk",42.9486
"36065023300","tract",2023,"food_state_rnk",23.3948
"36065023400","tract",2023,"food_state_rnk",57.226
"36065023501","tract",2023,"food_state_rnk",77.6722
"36065023502","tract",2023,"food_state_rnk",92.2211
"36065023702","tract",2023,"food_state_rnk",54.4326
"36065023901","tract",2023,"food_state_rnk",96.1688
"36065023902","tract",2023,"food_state_rnk",92.6188
"36065024000","tract",2023,"food_state_rnk",51.3385
"36065024101","tract",2023,"food_state_rnk",75.4122
"36065024102","tract",2023,"food_state_rnk",61.9011
"36065024200","tract",2023,"food_state_rnk",56.7216
"36065024301","tract",2023,"food_state_rnk",96.9835
"36065024302","tract",2023,"food_state_rnk",45.1503
"36065024303","tract",2023,"food_state_rnk",55.7711
"36065024400","tract",2023,"food_state_rnk",35.0145
"36065024500","tract",2023,"food_state_rnk",54.8109
"36065024700","tract",2023,"food_state_rnk",82.4151
"36065024800","tract",2023,"food_state_rnk",77.614
"36065024900","tract",2023,"food_state_rnk",68.128
"36065025001","tract",2023,"food_state_rnk",79.4471
"36065025002","tract",2023,"food_state_rnk",88.1183
"36065025003","tract",2023,"food_state_rnk",NA
"36065025100","tract",2023,"food_state_rnk",65.9748
"36065025200","tract",2023,"food_state_rnk",67.5558
"36065025300","tract",2023,"food_state_rnk",89.2144
"36065025400","tract",2023,"food_state_rnk",95.5577
"36065025500","tract",2023,"food_state_rnk",78.7682
"36065025601","tract",2023,"food_state_rnk",70.5432
"36065025602","tract",2023,"food_state_rnk",79.5247
"36065025700","tract",2023,"food_state_rnk",56.6052
"36065025800","tract",2023,"food_state_rnk",16.3046
"36065025900","tract",2023,"food_state_rnk",NA
"36065026100","tract",2023,"food_state_rnk",83.3463
"36065026200","tract",2023,"food_state_rnk",73.5984
"36065026300","tract",2023,"food_state_rnk",14.5684
"36065026400","tract",2023,"food_state_rnk",10.6887
"36065026501","tract",2023,"food_state_rnk",NA
"36065026502","tract",2023,"food_state_rnk",NA
"36065026600","tract",2023,"food_state_rnk",NA
"36065026700","tract",2023,"food_state_rnk",36.3046
"36065980002","tract",2023,"food_state_rnk",NA
"36065980003","tract",2023,"food_state_rnk",NA
"36065980100","tract",2023,"food_state_rnk",NA
"36067000100","tract",2023,"food_state_rnk",20.0873
"36067000200","tract",2023,"food_state_rnk",11.5228
"36067000300","tract",2023,"food_state_rnk",22.5218
"36067000400","tract",2023,"food_state_rnk",26.741
"36067000501","tract",2023,"food_state_rnk",8.322
"36067000600","tract",2023,"food_state_rnk",4.5587
"36067000700","tract",2023,"food_state_rnk",6.8865
"36067000800","tract",2023,"food_state_rnk",13.5694
"36067000900","tract",2023,"food_state_rnk",48.8943
"36067001000","tract",2023,"food_state_rnk",17.3812
"36067001400","tract",2023,"food_state_rnk",2.3666
"36067001500","tract",2023,"food_state_rnk",7.1387
"36067001600","tract",2023,"food_state_rnk",23.6372
"36067001701","tract",2023,"food_state_rnk",17.3133
"36067001702","tract",2023,"food_state_rnk",10.0097
"36067001800","tract",2023,"food_state_rnk",44.6169
"36067001900","tract",2023,"food_state_rnk",36.9932
"36067002000","tract",2023,"food_state_rnk",14.0058
"36067002101","tract",2023,"food_state_rnk",5.5286
"36067002300","tract",2023,"food_state_rnk",1.6295
"36067002400","tract",2023,"food_state_rnk",15.2279
"36067002700","tract",2023,"food_state_rnk",10.1843
"36067002901","tract",2023,"food_state_rnk",54.5102
"36067003000","tract",2023,"food_state_rnk",5.8196
"36067003200","tract",2023,"food_state_rnk",31.2512
"36067003400","tract",2023,"food_state_rnk",9.2241
"36067003500","tract",2023,"food_state_rnk",17.0805
"36067003601","tract",2023,"food_state_rnk",9.4665
"36067003602","tract",2023,"food_state_rnk",27.5073
"36067003800","tract",2023,"food_state_rnk",2.1629
"36067003900","tract",2023,"food_state_rnk",0.6402
"36067004000","tract",2023,"food_state_rnk",14.0931
"36067004200","tract",2023,"food_state_rnk",0
"36067004301","tract",2023,"food_state_rnk",NA
"36067004302","tract",2023,"food_state_rnk",NA
"36067004401","tract",2023,"food_state_rnk",27.1581
"36067004500","tract",2023,"food_state_rnk",22.8516
"36067004600","tract",2023,"food_state_rnk",55.2861
"36067004800","tract",2023,"food_state_rnk",81.096
"36067004900","tract",2023,"food_state_rnk",28.1862
"36067005000","tract",2023,"food_state_rnk",32.3763
"36067005100","tract",2023,"food_state_rnk",3.9864
"36067005200","tract",2023,"food_state_rnk",0.8535
"36067005300","tract",2023,"food_state_rnk",7.3715
"36067005400","tract",2023,"food_state_rnk",3.0068
"36067005500","tract",2023,"food_state_rnk",29.418
"36067005601","tract",2023,"food_state_rnk",78.5451
"36067005602","tract",2023,"food_state_rnk",NA
"36067005700","tract",2023,"food_state_rnk",19.7381
"36067005800","tract",2023,"food_state_rnk",4.2871
"36067005900","tract",2023,"food_state_rnk",1.8235
"36067006000","tract",2023,"food_state_rnk",15.8487
"36067006101","tract",2023,"food_state_rnk",13.7439
"36067006102","tract",2023,"food_state_rnk",24.3453
"36067006103","tract",2023,"food_state_rnk",61.484
"36067010100","tract",2023,"food_state_rnk",93.3269
"36067010200","tract",2023,"food_state_rnk",25.3831
"36067010301","tract",2023,"food_state_rnk",79.098
"36067010321","tract",2023,"food_state_rnk",87.129
"36067010322","tract",2023,"food_state_rnk",93.4918
"36067010400","tract",2023,"food_state_rnk",68.6324
"36067010500","tract",2023,"food_state_rnk",96.0427
"36067010600","tract",2023,"food_state_rnk",42.4151
"36067010700","tract",2023,"food_state_rnk",52.5121
"36067010800","tract",2023,"food_state_rnk",51.8623
"36067010900","tract",2023,"food_state_rnk",38.9137
"36067011011","tract",2023,"food_state_rnk",51.6392
"36067011012","tract",2023,"food_state_rnk",94.0058
"36067011021","tract",2023,"food_state_rnk",53.1232
"36067011022","tract",2023,"food_state_rnk",66.8865
"36067011101","tract",2023,"food_state_rnk",61.872
"36067011102","tract",2023,"food_state_rnk",33.9185
"36067011201","tract",2023,"food_state_rnk",31.2124
"36067011202","tract",2023,"food_state_rnk",78.6906
"36067011231","tract",2023,"food_state_rnk",64.9855
"36067011232","tract",2023,"food_state_rnk",87.614
"36067011241","tract",2023,"food_state_rnk",95.0727
"36067011242","tract",2023,"food_state_rnk",56.3822
"36067011300","tract",2023,"food_state_rnk",90.4947
"36067011401","tract",2023,"food_state_rnk",53.7633
"36067011402","tract",2023,"food_state_rnk",57.6819
"36067011500","tract",2023,"food_state_rnk",90.9893
"36067011600","tract",2023,"food_state_rnk",79.2919
"36067011700","tract",2023,"food_state_rnk",41.5325
"36067011800","tract",2023,"food_state_rnk",40.4171
"36067011900","tract",2023,"food_state_rnk",64.9467
"36067012000","tract",2023,"food_state_rnk",62.7255
"36067012100","tract",2023,"food_state_rnk",84.7236
"36067012200","tract",2023,"food_state_rnk",34.0349
"36067012300","tract",2023,"food_state_rnk",95.4316
"36067012400","tract",2023,"food_state_rnk",53.0359
"36067012500","tract",2023,"food_state_rnk",41.4064
"36067012600","tract",2023,"food_state_rnk",61.6877
"36067012700","tract",2023,"food_state_rnk",63.4045
"36067012800","tract",2023,"food_state_rnk",47.934
"36067012900","tract",2023,"food_state_rnk",15.8875
"36067013000","tract",2023,"food_state_rnk",55.645
"36067013100","tract",2023,"food_state_rnk",90.9893
"36067013200","tract",2023,"food_state_rnk",43.4142
"36067013300","tract",2023,"food_state_rnk",53.7633
"36067013400","tract",2023,"food_state_rnk",68.7488
"36067013500","tract",2023,"food_state_rnk",72.9389
"36067013600","tract",2023,"food_state_rnk",37.7595
"36067013701","tract",2023,"food_state_rnk",64.2968
"36067013800","tract",2023,"food_state_rnk",82.6964
"36067013900","tract",2023,"food_state_rnk",21.6683
"36067014000","tract",2023,"food_state_rnk",26.3822
"36067014200","tract",2023,"food_state_rnk",30.2813
"36067014300","tract",2023,"food_state_rnk",39.2144
"36067014400","tract",2023,"food_state_rnk",22.1145
"36067014500","tract",2023,"food_state_rnk",55.3928
"36067014600","tract",2023,"food_state_rnk",31.8914
"36067014700","tract",2023,"food_state_rnk",99.8642
"36067014800","tract",2023,"food_state_rnk",82.5024
"36067014900","tract",2023,"food_state_rnk",84.6654
"36067015000","tract",2023,"food_state_rnk",94.2774
"36067015100","tract",2023,"food_state_rnk",86.6343
"36067015201","tract",2023,"food_state_rnk",56.5082
"36067015202","tract",2023,"food_state_rnk",94.7042
"36067015203","tract",2023,"food_state_rnk",96.5276
"36067015400","tract",2023,"food_state_rnk",63.1717
"36067015500","tract",2023,"food_state_rnk",56.4888
"36067015601","tract",2023,"food_state_rnk",70.805
"36067015602","tract",2023,"food_state_rnk",93.55
"36067015701","tract",2023,"food_state_rnk",97.8661
"36067015702","tract",2023,"food_state_rnk",87.2745
"36067015800","tract",2023,"food_state_rnk",75.0533
"36067016001","tract",2023,"food_state_rnk",86.5955
"36067016002","tract",2023,"food_state_rnk",97.5752
"36067016100","tract",2023,"food_state_rnk",74.8206
"36067016200","tract",2023,"food_state_rnk",71.3579
"36067016300","tract",2023,"food_state_rnk",90.0291
"36067016400","tract",2023,"food_state_rnk",84.1028
"36067016501","tract",2023,"food_state_rnk",95.7614
"36067016502","tract",2023,"food_state_rnk",72.386
"36067016600","tract",2023,"food_state_rnk",65.8778
"36067016700","tract",2023,"food_state_rnk",97.1969
"36067016801","tract",2023,"food_state_rnk",85.9166
"36067016802","tract",2023,"food_state_rnk",87.032
"36067016901","tract",2023,"food_state_rnk",75.8099
"36067016902","tract",2023,"food_state_rnk",74.3065
"36067940000","tract",2023,"food_state_rnk",11.6683
"36069050101","tract",2023,"food_state_rnk",92.0466
"36069050103","tract",2023,"food_state_rnk",72.4345
"36069050104","tract",2023,"food_state_rnk",98.1183
"36069050105","tract",2023,"food_state_rnk",83.5306
"36069050106","tract",2023,"food_state_rnk",97.4685
"36069050203","tract",2023,"food_state_rnk",44.84
"36069050204","tract",2023,"food_state_rnk",98.71
"36069050205","tract",2023,"food_state_rnk",93.6275
"36069050206","tract",2023,"food_state_rnk",57.4879
"36069050302","tract",2023,"food_state_rnk",65.8293
"36069050303","tract",2023,"food_state_rnk",35.7517
"36069050304","tract",2023,"food_state_rnk",83.1523
"36069050401","tract",2023,"food_state_rnk",63.356
"36069050402","tract",2023,"food_state_rnk",70.3492
"36069050501","tract",2023,"food_state_rnk",84.7915
"36069050502","tract",2023,"food_state_rnk",60.7177
"36069050601","tract",2023,"food_state_rnk",99.6799
"36069050603","tract",2023,"food_state_rnk",82.9874
"36069050604","tract",2023,"food_state_rnk",77.2066
"36069050800","tract",2023,"food_state_rnk",53.3657
"36069050900","tract",2023,"food_state_rnk",64.1804
"36069051001","tract",2023,"food_state_rnk",61.6198
"36069051101","tract",2023,"food_state_rnk",82.4636
"36069051102","tract",2023,"food_state_rnk",39.3792
"36069051200","tract",2023,"food_state_rnk",44.4714
"36069051301","tract",2023,"food_state_rnk",95.5577
"36069051302","tract",2023,"food_state_rnk",34.3453
"36069051400","tract",2023,"food_state_rnk",80.9408
"36069051501","tract",2023,"food_state_rnk",96.0815
"36069051502","tract",2023,"food_state_rnk",28.4481
"36069051600","tract",2023,"food_state_rnk",52.1435
"36069051700","tract",2023,"food_state_rnk",8.3511
"36069051801","tract",2023,"food_state_rnk",41.9787
"36069051900","tract",2023,"food_state_rnk",NA
"36069052001","tract",2023,"food_state_rnk",93.1426
"36069052002","tract",2023,"food_state_rnk",63.1717
"36069052003","tract",2023,"food_state_rnk",80.4753
"36069052101","tract",2023,"food_state_rnk",65.548
"36069052102","tract",2023,"food_state_rnk",90.6596
"36069052200","tract",2023,"food_state_rnk",43.1426
"36071000100","tract",2023,"food_state_rnk",77.9437
"36071000200","tract",2023,"food_state_rnk",75.1891
"36071000301","tract",2023,"food_state_rnk",13.6954
"36071000302","tract",2023,"food_state_rnk",24.5199
"36071000400","tract",2023,"food_state_rnk",5.9554
"36071000501","tract",2023,"food_state_rnk",5.4122
"36071000502","tract",2023,"food_state_rnk",23.8797
"36071000600","tract",2023,"food_state_rnk",12.5703
"36071001100","tract",2023,"food_state_rnk",58.0989
"36071001200","tract",2023,"food_state_rnk",58.0019
"36071001300","tract",2023,"food_state_rnk",47.1775
"36071001500","tract",2023,"food_state_rnk",50.5529
"36071001601","tract",2023,"food_state_rnk",56.3434
"36071001602","tract",2023,"food_state_rnk",43.9282
"36071002100","tract",2023,"food_state_rnk",44.9564
"36071002200","tract",2023,"food_state_rnk",28.7488
"36071002300","tract",2023,"food_state_rnk",60.1843
"36071010101","tract",2023,"food_state_rnk",91.6004
"36071010102","tract",2023,"food_state_rnk",99.3016
"36071010200","tract",2023,"food_state_rnk",93.7342
"36071010300","tract",2023,"food_state_rnk",66.4597
"36071010400","tract",2023,"food_state_rnk",79.4471
"36071010501","tract",2023,"food_state_rnk",80.9796
"36071010502","tract",2023,"food_state_rnk",50.2328
"36071010601","tract",2023,"food_state_rnk",71.4161
"36071010602","tract",2023,"food_state_rnk",36.4597
"36071010701","tract",2023,"food_state_rnk",51.0378
"36071010702","tract",2023,"food_state_rnk",70.8535
"36071010801","tract",2023,"food_state_rnk",69.2532
"36071010802","tract",2023,"food_state_rnk",79.9515
"36071010901","tract",2023,"food_state_rnk",82.8322
"36071010902","tract",2023,"food_state_rnk",89.001
"36071011000","tract",2023,"food_state_rnk",61.4064
"36071011101","tract",2023,"food_state_rnk",55.7323
"36071011102","tract",2023,"food_state_rnk",62.5412
"36071011200","tract",2023,"food_state_rnk",69.0398
"36071011301","tract",2023,"food_state_rnk",46.2949
"36071011302","tract",2023,"food_state_rnk",54.6654
"36071011400","tract",2023,"food_state_rnk",81.5422
"36071011500","tract",2023,"food_state_rnk",78.0795
"36071011601","tract",2023,"food_state_rnk",77.7692
"36071011602","tract",2023,"food_state_rnk",29.8254
"36071011701","tract",2023,"food_state_rnk",96.9835
"36071011702","tract",2023,"food_state_rnk",60.2328
"36071011801","tract",2023,"food_state_rnk",70.2328
"36071011802","tract",2023,"food_state_rnk",95.16
"36071011900","tract",2023,"food_state_rnk",96.3046
"36071012100","tract",2023,"food_state_rnk",72.8419
"36071012200","tract",2023,"food_state_rnk",95.8099
"36071012300","tract",2023,"food_state_rnk",96.4791
"36071012601","tract",2023,"food_state_rnk",77.9728
"36071012602","tract",2023,"food_state_rnk",73.9379
"36071012700","tract",2023,"food_state_rnk",38.7779
"36071012800","tract",2023,"food_state_rnk",75.1212
"36071012900","tract",2023,"food_state_rnk",79.3404
"36071013000","tract",2023,"food_state_rnk",94.8497
"36071013100","tract",2023,"food_state_rnk",61.9593
"36071013201","tract",2023,"food_state_rnk",77.0902
"36071013202","tract",2023,"food_state_rnk",83.6081
"36071013301","tract",2023,"food_state_rnk",45.1988
"36071013302","tract",2023,"food_state_rnk",49.8739
"36071013400","tract",2023,"food_state_rnk",47.9534
"36071013500","tract",2023,"food_state_rnk",95.3055
"36071013600","tract",2023,"food_state_rnk",NA
"36071013700","tract",2023,"food_state_rnk",26.6537
"36071013800","tract",2023,"food_state_rnk",53.8797
"36071013900","tract",2023,"food_state_rnk",62.3763
"36071014101","tract",2023,"food_state_rnk",40.7953
"36071014102","tract",2023,"food_state_rnk",76.2367
"36071014201","tract",2023,"food_state_rnk",87.129
"36071014202","tract",2023,"food_state_rnk",92.1339
"36071014301","tract",2023,"food_state_rnk",88.031
"36071014302","tract",2023,"food_state_rnk",99.2435
"36071014400","tract",2023,"food_state_rnk",89.2629
"36071014501","tract",2023,"food_state_rnk",98.0019
"36071014502","tract",2023,"food_state_rnk",96.8865
"36071014601","tract",2023,"food_state_rnk",87.7498
"36071014602","tract",2023,"food_state_rnk",78.9816
"36071014700","tract",2023,"food_state_rnk",83.2493
"36071014801","tract",2023,"food_state_rnk",84.258
"36071014802","tract",2023,"food_state_rnk",85.7323
"36071014900","tract",2023,"food_state_rnk",74.5781
"36071015003","tract",2023,"food_state_rnk",32.0466
"36071015005","tract",2023,"food_state_rnk",12.3375
"36071015007","tract",2023,"food_state_rnk",13.2202
"36071015008","tract",2023,"food_state_rnk",3.2008
"36071015009","tract",2023,"food_state_rnk",15.7711
"36071015010","tract",2023,"food_state_rnk",18.4869
"36071015100","tract",2023,"food_state_rnk",19.0495
"36071015201","tract",2023,"food_state_rnk",81.3191
"36071015202","tract",2023,"food_state_rnk",76.8186
"36071015203","tract",2023,"food_state_rnk",82.0369
"36073040200","tract",2023,"food_state_rnk",64.258
"36073040300","tract",2023,"food_state_rnk",29.9709
"36073040400","tract",2023,"food_state_rnk",49.8448
"36073040500","tract",2023,"food_state_rnk",28.0892
"36073040601","tract",2023,"food_state_rnk",82.0854
"36073040602","tract",2023,"food_state_rnk",NA
"36073040603","tract",2023,"food_state_rnk",56.5373
"36073040701","tract",2023,"food_state_rnk",20.7177
"36073040702","tract",2023,"food_state_rnk",19.6217
"36073040801","tract",2023,"food_state_rnk",47.0417
"36073040802","tract",2023,"food_state_rnk",38.0407
"36073401200","tract",2023,"food_state_rnk",54.5102
"36073401300","tract",2023,"food_state_rnk",63.2202
"36073990000","tract",2023,"food_state_rnk",NA
"36075020101","tract",2023,"food_state_rnk",45.1212
"36075020102","tract",2023,"food_state_rnk",52.4927
"36075020201","tract",2023,"food_state_rnk",32.8225
"36075020202","tract",2023,"food_state_rnk",25.6838
"36075020301","tract",2023,"food_state_rnk",40.7371
"36075020303","tract",2023,"food_state_rnk",72.3278
"36075020304","tract",2023,"food_state_rnk",40.4171
"36075020400","tract",2023,"food_state_rnk",51.3385
"36075020501","tract",2023,"food_state_rnk",31.2803
"36075020502","tract",2023,"food_state_rnk",39.8933
"36075020503","tract",2023,"food_state_rnk",47.1775
"36075020600","tract",2023,"food_state_rnk",51.8235
"36075020703","tract",2023,"food_state_rnk",89.709
"36075020704","tract",2023,"food_state_rnk",66.421
"36075020705","tract",2023,"food_state_rnk",38.128
"36075020706","tract",2023,"food_state_rnk",34.4714
"36075020707","tract",2023,"food_state_rnk",54.3938
"36075020800","tract",2023,"food_state_rnk",45.8099
"36075020901","tract",2023,"food_state_rnk",19.903
"36075020903","tract",2023,"food_state_rnk",47.8565
"36075020904","tract",2023,"food_state_rnk",46.5761
"36075020905","tract",2023,"food_state_rnk",49.098
"36075021001","tract",2023,"food_state_rnk",36.6052
"36075021002","tract",2023,"food_state_rnk",39.9806
"36075021003","tract",2023,"food_state_rnk",80.6014
"36075021101","tract",2023,"food_state_rnk",28.9816
"36075021102","tract",2023,"food_state_rnk",9.7575
"36075021103","tract",2023,"food_state_rnk",48.4384
"36075021104","tract",2023,"food_state_rnk",31.3288
"36075021201","tract",2023,"food_state_rnk",3.1426
"36075021202","tract",2023,"food_state_rnk",22.968
"36075021203","tract",2023,"food_state_rnk",48.3414
"36075021300","tract",2023,"food_state_rnk",35.1406
"36075021401","tract",2023,"food_state_rnk",NA
"36075021402","tract",2023,"food_state_rnk",65.9069
"36075021501","tract",2023,"food_state_rnk",60.4462
"36075021503","tract",2023,"food_state_rnk",85.354
"36075021504","tract",2023,"food_state_rnk",37.1775
"36075021505","tract",2023,"food_state_rnk",23.356
"36075021601","tract",2023,"food_state_rnk",20.5044
"36075021602","tract",2023,"food_state_rnk",40.7177
"36075021603","tract",2023,"food_state_rnk",71.3094
"36075021604","tract",2023,"food_state_rnk",38.3511
"36075021605","tract",2023,"food_state_rnk",13.8506
"36075990000","tract",2023,"food_state_rnk",NA
"36077590101","tract",2023,"food_state_rnk",83.5694
"36077590102","tract",2023,"food_state_rnk",67.9437
"36077590201","tract",2023,"food_state_rnk",78.4287
"36077590202","tract",2023,"food_state_rnk",82.3375
"36077590301","tract",2023,"food_state_rnk",25.7032
"36077590302","tract",2023,"food_state_rnk",78.0407
"36077590401","tract",2023,"food_state_rnk",66.0912
"36077590402","tract",2023,"food_state_rnk",70.9699
"36077590500","tract",2023,"food_state_rnk",66.324
"36077590600","tract",2023,"food_state_rnk",57.1969
"36077590701","tract",2023,"food_state_rnk",68.2832
"36077590702","tract",2023,"food_state_rnk",86.2561
"36077590800","tract",2023,"food_state_rnk",57.1484
"36077590900","tract",2023,"food_state_rnk",73.1717
"36077591000","tract",2023,"food_state_rnk",55.1794
"36077591100","tract",2023,"food_state_rnk",43.4724
"36077591401","tract",2023,"food_state_rnk",33.1232
"36077591402","tract",2023,"food_state_rnk",69.3016
"36077591500","tract",2023,"food_state_rnk",80.3104
"36077591601","tract",2023,"food_state_rnk",31.096
"36077591602","tract",2023,"food_state_rnk",85.0824
"36077591700","tract",2023,"food_state_rnk",NA
"36079010100","tract",2023,"food_state_rnk",89.8545
"36079010201","tract",2023,"food_state_rnk",83.9767
"36079010202","tract",2023,"food_state_rnk",NA
"36079010300","tract",2023,"food_state_rnk",95.7129
"36079010400","tract",2023,"food_state_rnk",57.6334
"36079010500","tract",2023,"food_state_rnk",94.5005
"36079010600","tract",2023,"food_state_rnk",96.5761
"36079010700","tract",2023,"food_state_rnk",69.5247
"36079010800","tract",2023,"food_state_rnk",95.354
"36079010901","tract",2023,"food_state_rnk",63.8021
"36079010902","tract",2023,"food_state_rnk",98.7585
"36079011000","tract",2023,"food_state_rnk",99.2726
"36079011100","tract",2023,"food_state_rnk",87.8855
"36079011201","tract",2023,"food_state_rnk",84.3938
"36079011202","tract",2023,"food_state_rnk",70.1746
"36079011300","tract",2023,"food_state_rnk",88.1668
"36079011400","tract",2023,"food_state_rnk",73.3366
"36079011501","tract",2023,"food_state_rnk",81.4743
"36079011502","tract",2023,"food_state_rnk",90.5238
"36079011600","tract",2023,"food_state_rnk",96.2658
"36079011700","tract",2023,"food_state_rnk",95.8099
"36079011801","tract",2023,"food_state_rnk",79.7963
"36079011802","tract",2023,"food_state_rnk",98.1765
"36079011900","tract",2023,"food_state_rnk",98.9331
"36081000101","tract",2023,"food_state_rnk",72.9971
"36081000102","tract",2023,"food_state_rnk",85.0242
"36081000103","tract",2023,"food_state_rnk",NA
"36081000104","tract",2023,"food_state_rnk",NA
"36081000200","tract",2023,"food_state_rnk",33.8021
"36081000400","tract",2023,"food_state_rnk",57.7304
"36081000600","tract",2023,"food_state_rnk",28.0601
"36081000701","tract",2023,"food_state_rnk",57.8468
"36081000702","tract",2023,"food_state_rnk",56.1106
"36081000800","tract",2023,"food_state_rnk",52.4636
"36081001000","tract",2023,"food_state_rnk",42.6479
"36081001200","tract",2023,"food_state_rnk",28.3317
"36081001400","tract",2023,"food_state_rnk",37.2842
"36081001600","tract",2023,"food_state_rnk",20.5626
"36081001800","tract",2023,"food_state_rnk",19.0301
"36081001901","tract",2023,"food_state_rnk",59.6314
"36081001902","tract",2023,"food_state_rnk",76.9932
"36081001903","tract",2023,"food_state_rnk",73.4045
"36081002000","tract",2023,"food_state_rnk",51.0378
"36081002200","tract",2023,"food_state_rnk",35.5868
"36081002400","tract",2023,"food_state_rnk",29.3792
"36081002500","tract",2023,"food_state_rnk",5.451
"36081002600","tract",2023,"food_state_rnk",19.4277
"36081002800","tract",2023,"food_state_rnk",28.9622
"36081003000","tract",2023,"food_state_rnk",27.7789
"36081003100","tract",2023,"food_state_rnk",55.8099
"36081003200","tract",2023,"food_state_rnk",36.2076
"36081003301","tract",2023,"food_state_rnk",74.6557
"36081003302","tract",2023,"food_state_rnk",28.7488
"36081003400","tract",2023,"food_state_rnk",31.8526
"36081003600","tract",2023,"food_state_rnk",39.6605
"36081003700","tract",2023,"food_state_rnk",NA
"36081003800","tract",2023,"food_state_rnk",19.9806
"36081003900","tract",2023,"food_state_rnk",1.3967
"36081004001","tract",2023,"food_state_rnk",25.4704
"36081004002","tract",2023,"food_state_rnk",30.9602
"36081004200","tract",2023,"food_state_rnk",27.2163
"36081004300","tract",2023,"food_state_rnk",2.7158
"36081004401","tract",2023,"food_state_rnk",37.4588
"36081004500","tract",2023,"food_state_rnk",29.8254
"36081004700","tract",2023,"food_state_rnk",18.0019
"36081005000","tract",2023,"food_state_rnk",NA
"36081005100","tract",2023,"food_state_rnk",18.6033
"36081005200","tract",2023,"food_state_rnk",37.1193
"36081005300","tract",2023,"food_state_rnk",56.2367
"36081005400","tract",2023,"food_state_rnk",23.162
"36081005500","tract",2023,"food_state_rnk",35.6547
"36081005700","tract",2023,"food_state_rnk",17.9534
"36081005800","tract",2023,"food_state_rnk",32.5218
"36081005900","tract",2023,"food_state_rnk",21.4937
"36081006100","tract",2023,"food_state_rnk",47.4297
"36081006201","tract",2023,"food_state_rnk",65.4219
"36081006202","tract",2023,"food_state_rnk",34.7527
"36081006300","tract",2023,"food_state_rnk",47.323
"36081006501","tract",2023,"food_state_rnk",51.5519
"36081006502","tract",2023,"food_state_rnk",68.9331
"36081006900","tract",2023,"food_state_rnk",24.0543
"36081007100","tract",2023,"food_state_rnk",50.1164
"36081007300","tract",2023,"food_state_rnk",23.6954
"36081007500","tract",2023,"food_state_rnk",19.2629
"36081007700","tract",2023,"food_state_rnk",33.8409
"36081007900","tract",2023,"food_state_rnk",26.2658
"36081008100","tract",2023,"food_state_rnk",58.2541
"36081008300","tract",2023,"food_state_rnk",39.2144
"36081008500","tract",2023,"food_state_rnk",52.6673
"36081008600","tract",2023,"food_state_rnk",44.1028
"36081008700","tract",2023,"food_state_rnk",7.9534
"36081008800","tract",2023,"food_state_rnk",37.5558
"36081009100","tract",2023,"food_state_rnk",47.0805
"36081009400","tract",2023,"food_state_rnk",26.9447
"36081009500","tract",2023,"food_state_rnk",69.4083
"36081009600","tract",2023,"food_state_rnk",28.128
"36081009700","tract",2023,"food_state_rnk",57.711
"36081009800","tract",2023,"food_state_rnk",32.2987
"36081009900","tract",2023,"food_state_rnk",NA
"36081010000","tract",2023,"food_state_rnk",39.7866
"36081010100","tract",2023,"food_state_rnk",64.5587
"36081010200","tract",2023,"food_state_rnk",42.3375
"36081010300","tract",2023,"food_state_rnk",27.1387
"36081010400","tract",2023,"food_state_rnk",26.4597
"36081010500","tract",2023,"food_state_rnk",27.5267
"36081010600","tract",2023,"food_state_rnk",12.9389
"36081010701","tract",2023,"food_state_rnk",NA
"36081010800","tract",2023,"food_state_rnk",32.1726
"36081011000","tract",2023,"food_state_rnk",20.2134
"36081011100","tract",2023,"food_state_rnk",55.9554
"36081011200","tract",2023,"food_state_rnk",52.2405
"36081011300","tract",2023,"food_state_rnk",58.8943
"36081011400","tract",2023,"food_state_rnk",5.742
"36081011500","tract",2023,"food_state_rnk",41.1251
"36081011600","tract",2023,"food_state_rnk",33.7342
"36081011700","tract",2023,"food_state_rnk",64.9273
"36081011800","tract",2023,"food_state_rnk",42.677
"36081011900","tract",2023,"food_state_rnk",35.6935
"36081012000","tract",2023,"food_state_rnk",15.9845
"36081012100","tract",2023,"food_state_rnk",77.3812
"36081012200","tract",2023,"food_state_rnk",33.87
"36081012301","tract",2023,"food_state_rnk",82.1629
"36081012400","tract",2023,"food_state_rnk",26.421
"36081012500","tract",2023,"food_state_rnk",50.4074
"36081012601","tract",2023,"food_state_rnk",40.1164
"36081012602","tract",2023,"food_state_rnk",67.129
"36081012800","tract",2023,"food_state_rnk",56.7604
"36081013000","tract",2023,"food_state_rnk",59.8933
"36081013200","tract",2023,"food_state_rnk",49.6217
"36081013400","tract",2023,"food_state_rnk",30.1261
"36081013500","tract",2023,"food_state_rnk",76.8671
"36081013600","tract",2023,"food_state_rnk",72.4539
"36081013700","tract",2023,"food_state_rnk",64.1804
"36081013800","tract",2023,"food_state_rnk",49.098
"36081014000","tract",2023,"food_state_rnk",21.3773
"36081014100","tract",2023,"food_state_rnk",33.3948
"36081014201","tract",2023,"food_state_rnk",54.5587
"36081014202","tract",2023,"food_state_rnk",24.0349
"36081014300","tract",2023,"food_state_rnk",47.4491
"36081014400","tract",2023,"food_state_rnk",15.1018
"36081014500","tract",2023,"food_state_rnk",53.3948
"36081014700","tract",2023,"food_state_rnk",26.8477
"36081014800","tract",2023,"food_state_rnk",49.4665
"36081014900","tract",2023,"food_state_rnk",46.9932
"36081015000","tract",2023,"food_state_rnk",35.2182
"36081015100","tract",2023,"food_state_rnk",36.5276
"36081015200","tract",2023,"food_state_rnk",27.0514
"36081015300","tract",2023,"food_state_rnk",62.4733
"36081015400","tract",2023,"food_state_rnk",27.934
"36081015500","tract",2023,"food_state_rnk",60.0776
"36081015600","tract",2023,"food_state_rnk",30.4365
"36081015700","tract",2023,"food_state_rnk",20.9505
"36081015801","tract",2023,"food_state_rnk",14.7042
"36081015802","tract",2023,"food_state_rnk",12.9195
"36081015900","tract",2023,"food_state_rnk",48.1183
"36081016100","tract",2023,"food_state_rnk",33.8021
"36081016300","tract",2023,"food_state_rnk",7.4103
"36081016400","tract",2023,"food_state_rnk",28.807
"36081016600","tract",2023,"food_state_rnk",37.8952
"36081016800","tract",2023,"food_state_rnk",46.324
"36081016900","tract",2023,"food_state_rnk",63.0262
"36081017000","tract",2023,"food_state_rnk",48.8943
"36081017101","tract",2023,"food_state_rnk",NA
"36081017102","tract",2023,"food_state_rnk",NA
"36081017200","tract",2023,"food_state_rnk",38.3511
"36081017400","tract",2023,"food_state_rnk",29.4956
"36081017600","tract",2023,"food_state_rnk",19.709
"36081017800","tract",2023,"food_state_rnk",72.7837
"36081017901","tract",2023,"food_state_rnk",45.2182
"36081017902","tract",2023,"food_state_rnk",NA
"36081018000","tract",2023,"food_state_rnk",35.8875
"36081018101","tract",2023,"food_state_rnk",37.4976
"36081018102","tract",2023,"food_state_rnk",33.0456
"36081018200","tract",2023,"food_state_rnk",50.2037
"36081018300","tract",2023,"food_state_rnk",57.3909
"36081018401","tract",2023,"food_state_rnk",28.4772
"36081018402","tract",2023,"food_state_rnk",32.6382
"36081018501","tract",2023,"food_state_rnk",50.8341
"36081018502","tract",2023,"food_state_rnk",65.0921
"36081018600","tract",2023,"food_state_rnk",34.5393
"36081018700","tract",2023,"food_state_rnk",37.1193
"36081018800","tract",2023,"food_state_rnk",37.8565
"36081018900","tract",2023,"food_state_rnk",46.1688
"36081019000","tract",2023,"food_state_rnk",43.676
"36081019200","tract",2023,"food_state_rnk",39.1853
"36081019400","tract",2023,"food_state_rnk",35.1794
"36081019600","tract",2023,"food_state_rnk",7.8177
"36081019800","tract",2023,"food_state_rnk",28.2832
"36081019901","tract",2023,"food_state_rnk",NA
"36081019902","tract",2023,"food_state_rnk",NA
"36081019903","tract",2023,"food_state_rnk",NA
"36081020200","tract",2023,"food_state_rnk",24.6945
"36081020400","tract",2023,"food_state_rnk",37.0126
"36081020500","tract",2023,"food_state_rnk",44.5975
"36081020600","tract",2023,"food_state_rnk",46.6925
"36081020800","tract",2023,"food_state_rnk",25.8972
"36081021200","tract",2023,"food_state_rnk",21.4258
"36081021400","tract",2023,"food_state_rnk",16.2173
"36081021601","tract",2023,"food_state_rnk",80.0582
"36081021602","tract",2023,"food_state_rnk",40.3298
"36081021603","tract",2023,"food_state_rnk",NA
"36081021900","tract",2023,"food_state_rnk",NA
"36081022001","tract",2023,"food_state_rnk",37.4588
"36081022002","tract",2023,"food_state_rnk",74.4908
"36081022900","tract",2023,"food_state_rnk",NA
"36081023000","tract",2023,"food_state_rnk",70.582
"36081023200","tract",2023,"food_state_rnk",43.3948
"36081023501","tract",2023,"food_state_rnk",18.1959
"36081023502","tract",2023,"food_state_rnk",26.4403
"36081023600","tract",2023,"food_state_rnk",37.5558
"36081023800","tract",2023,"food_state_rnk",21.6101
"36081024000","tract",2023,"food_state_rnk",27.4297
"36081024300","tract",2023,"food_state_rnk",29.3016
"36081024500","tract",2023,"food_state_rnk",48.3123
"36081024600","tract",2023,"food_state_rnk",NA
"36081024700","tract",2023,"food_state_rnk",35.3152
"36081024900","tract",2023,"food_state_rnk",42.968
"36081025100","tract",2023,"food_state_rnk",30.0679
"36081025301","tract",2023,"food_state_rnk",55.5771
"36081025302","tract",2023,"food_state_rnk",19.1659
"36081025401","tract",2023,"food_state_rnk",48.807
"36081025402","tract",2023,"food_state_rnk",7.3909
"36081025500","tract",2023,"food_state_rnk",61.2318
"36081025700","tract",2023,"food_state_rnk",38.1571
"36081025800","tract",2023,"food_state_rnk",51.1736
"36081025900","tract",2023,"food_state_rnk",37.934
"36081026000","tract",2023,"food_state_rnk",24.8885
"36081026100","tract",2023,"food_state_rnk",27.7304
"36081026200","tract",2023,"food_state_rnk",55.3443
"36081026300","tract",2023,"food_state_rnk",53.579
"36081026400","tract",2023,"food_state_rnk",41.7653
"36081026501","tract",2023,"food_state_rnk",20.7371
"36081026502","tract",2023,"food_state_rnk",22.2599
"36081026600","tract",2023,"food_state_rnk",16.9156
"36081026700","tract",2023,"food_state_rnk",50.4074
"36081026901","tract",2023,"food_state_rnk",5.645
"36081026902","tract",2023,"food_state_rnk",11.7459
"36081027000","tract",2023,"food_state_rnk",22.6867
"36081027101","tract",2023,"food_state_rnk",15.9069
"36081027102","tract",2023,"food_state_rnk",22.3569
"36081027200","tract",2023,"food_state_rnk",50.2328
"36081027301","tract",2023,"food_state_rnk",8.3026
"36081027302","tract",2023,"food_state_rnk",33.0747
"36081027400","tract",2023,"food_state_rnk",51.6198
"36081027500","tract",2023,"food_state_rnk",38.6324
"36081027600","tract",2023,"food_state_rnk",49.9321
"36081027701","tract",2023,"food_state_rnk",24.5005
"36081027702","tract",2023,"food_state_rnk",45.8099
"36081027800","tract",2023,"food_state_rnk",11.4549
"36081027900","tract",2023,"food_state_rnk",47.9049
"36081028000","tract",2023,"food_state_rnk",33.5015
"36081028100","tract",2023,"food_state_rnk",33.4724
"36081028200","tract",2023,"food_state_rnk",46.2367
"36081028300","tract",2023,"food_state_rnk",44.0252
"36081028400","tract",2023,"food_state_rnk",74.0737
"36081028500","tract",2023,"food_state_rnk",25.0533
"36081028700","tract",2023,"food_state_rnk",29.5247
"36081028801","tract",2023,"food_state_rnk",17.6916
"36081028802","tract",2023,"food_state_rnk",24.452
"36081028803","tract",2023,"food_state_rnk",NA
"36081028900","tract",2023,"food_state_rnk",55.0436
"36081029100","tract",2023,"food_state_rnk",27.0902
"36081029300","tract",2023,"food_state_rnk",69.3598
"36081029400","tract",2023,"food_state_rnk",39.4762
"36081029500","tract",2023,"food_state_rnk",48.5354
"36081029700","tract",2023,"food_state_rnk",44.3162
"36081029900","tract",2023,"food_state_rnk",NA
"36081030600","tract",2023,"food_state_rnk",36.2464
"36081030903","tract",2023,"food_state_rnk",42.0854
"36081030904","tract",2023,"food_state_rnk",30.0097
"36081030905","tract",2023,"food_state_rnk",46.0912
"36081030906","tract",2023,"food_state_rnk",51.678
"36081031700","tract",2023,"food_state_rnk",50.7856
"36081032000","tract",2023,"food_state_rnk",26.4016
"36081032700","tract",2023,"food_state_rnk",20.2328
"36081032800","tract",2023,"food_state_rnk",39.1077
"36081032900","tract",2023,"food_state_rnk",58.5839
"36081033000","tract",2023,"food_state_rnk",45.9651
"36081033100","tract",2023,"food_state_rnk",NA
"36081033401","tract",2023,"food_state_rnk",29.2532
"36081033403","tract",2023,"food_state_rnk",16.8186
"36081033404","tract",2023,"food_state_rnk",56.2852
"36081033405","tract",2023,"food_state_rnk",48.9428
"36081033700","tract",2023,"food_state_rnk",43.5306
"36081033900","tract",2023,"food_state_rnk",61.3288
"36081034700","tract",2023,"food_state_rnk",18.5451
"36081035100","tract",2023,"food_state_rnk",26.8671
"36081035200","tract",2023,"food_state_rnk",47.9922
"36081035300","tract",2023,"food_state_rnk",27.2551
"36081035700","tract",2023,"food_state_rnk",17.4491
"36081035800","tract",2023,"food_state_rnk",30.2231
"36081036100","tract",2023,"food_state_rnk",25.9166
"36081036300","tract",2023,"food_state_rnk",12.9777
"36081036500","tract",2023,"food_state_rnk",15.9263
"36081036600","tract",2023,"food_state_rnk",44.1513
"36081036700","tract",2023,"food_state_rnk",33.1232
"36081036800","tract",2023,"food_state_rnk",45.8875
"36081037100","tract",2023,"food_state_rnk",36.8574
"36081037300","tract",2023,"food_state_rnk",8.6324
"36081037501","tract",2023,"food_state_rnk",14.2871
"36081037502","tract",2023,"food_state_rnk",4.3453
"36081037600","tract",2023,"food_state_rnk",18.7585
"36081037700","tract",2023,"food_state_rnk",12.1823
"36081037900","tract",2023,"food_state_rnk",11.1154
"36081038100","tract",2023,"food_state_rnk",22.9292
"36081038301","tract",2023,"food_state_rnk",NA
"36081038302","tract",2023,"food_state_rnk",NA
"36081038400","tract",2023,"food_state_rnk",59.7769
"36081039400","tract",2023,"food_state_rnk",19.4277
"36081039800","tract",2023,"food_state_rnk",24.8691
"36081039901","tract",2023,"food_state_rnk",28.5839
"36081039902","tract",2023,"food_state_rnk",15.6256
"36081040000","tract",2023,"food_state_rnk",43.8797
"36081040101","tract",2023,"food_state_rnk",17.9534
"36081040102","tract",2023,"food_state_rnk",12.2017
"36081040200","tract",2023,"food_state_rnk",23.8021
"36081040301","tract",2023,"food_state_rnk",9.9515
"36081040302","tract",2023,"food_state_rnk",17.3133
"36081040400","tract",2023,"food_state_rnk",28.9234
"36081040501","tract",2023,"food_state_rnk",30.8826
"36081040502","tract",2023,"food_state_rnk",28.6712
"36081040701","tract",2023,"food_state_rnk",8.7003
"36081040702","tract",2023,"food_state_rnk",19.6702
"36081040901","tract",2023,"food_state_rnk",26.7701
"36081040902","tract",2023,"food_state_rnk",20.5238
"36081041100","tract",2023,"food_state_rnk",17.7207
"36081041300","tract",2023,"food_state_rnk",6.3822
"36081041400","tract",2023,"food_state_rnk",60.9214
"36081041500","tract",2023,"food_state_rnk",19.8351
"36081042400","tract",2023,"food_state_rnk",51.581
"36081042600","tract",2023,"food_state_rnk",NA
"36081042700","tract",2023,"food_state_rnk",20.4171
"36081043200","tract",2023,"food_state_rnk",28.1086
"36081043400","tract",2023,"food_state_rnk",25.1988
"36081043701","tract",2023,"food_state_rnk",8.0698
"36081043702","tract",2023,"food_state_rnk",17.8758
"36081043900","tract",2023,"food_state_rnk",4.3744
"36081044000","tract",2023,"food_state_rnk",39.1659
"36081044301","tract",2023,"food_state_rnk",3.6469
"36081044302","tract",2023,"food_state_rnk",20.3201
"36081044400","tract",2023,"food_state_rnk",19.0107
"36081044601","tract",2023,"food_state_rnk",23.3172
"36081044602","tract",2023,"food_state_rnk",18.4869
"36081044800","tract",2023,"food_state_rnk",29.0592
"36081045000","tract",2023,"food_state_rnk",66.7604
"36081045200","tract",2023,"food_state_rnk",9.7866
"36081045400","tract",2023,"food_state_rnk",36.7701
"36081045500","tract",2023,"food_state_rnk",17.2163
"36081045600","tract",2023,"food_state_rnk",52.7352
"36081045700","tract",2023,"food_state_rnk",12.2793
"36081045800","tract",2023,"food_state_rnk",36.7313
"36081045900","tract",2023,"food_state_rnk",38.8167
"36081046000","tract",2023,"food_state_rnk",27.9922
"36081046100","tract",2023,"food_state_rnk",13.1135
"36081046200","tract",2023,"food_state_rnk",31.678
"36081046300","tract",2023,"food_state_rnk",7.9728
"36081046400","tract",2023,"food_state_rnk",51.4937
"36081046500","tract",2023,"food_state_rnk",21.7459
"36081046600","tract",2023,"food_state_rnk",36.5664
"36081046700","tract",2023,"food_state_rnk",5.1794
"36081046800","tract",2023,"food_state_rnk",19.2241
"36081046901","tract",2023,"food_state_rnk",15.1018
"36081046902","tract",2023,"food_state_rnk",25.7323
"36081047000","tract",2023,"food_state_rnk",15.4607
"36081047100","tract",2023,"food_state_rnk",29.6411
"36081047200","tract",2023,"food_state_rnk",47.1775
"36081047300","tract",2023,"food_state_rnk",47.6916
"36081047500","tract",2023,"food_state_rnk",37.0902
"36081047600","tract",2023,"food_state_rnk",74.6169
"36081047801","tract",2023,"food_state_rnk",65.1794
"36081047802","tract",2023,"food_state_rnk",29.0398
"36081047900","tract",2023,"food_state_rnk",48.2153
"36081048000","tract",2023,"food_state_rnk",41.0475
"36081048100","tract",2023,"food_state_rnk",29.5829
"36081048200","tract",2023,"food_state_rnk",34.9855
"36081048301","tract",2023,"food_state_rnk",26.1009
"36081048302","tract",2023,"food_state_rnk",42.5121
"36081048400","tract",2023,"food_state_rnk",51.4258
"36081048500","tract",2023,"food_state_rnk",33.579
"36081048900","tract",2023,"food_state_rnk",29.0883
"36081049201","tract",2023,"food_state_rnk",25.5577
"36081049202","tract",2023,"food_state_rnk",23.8603
"36081049301","tract",2023,"food_state_rnk",27.4103
"36081049302","tract",2023,"food_state_rnk",22.9098
"36081049500","tract",2023,"food_state_rnk",34.5393
"36081049600","tract",2023,"food_state_rnk",52.774
"36081049700","tract",2023,"food_state_rnk",52.774
"36081049900","tract",2023,"food_state_rnk",44.5393
"36081050000","tract",2023,"food_state_rnk",62.58
"36081050201","tract",2023,"food_state_rnk",61.6198
"36081050202","tract",2023,"food_state_rnk",21.8623
"36081050400","tract",2023,"food_state_rnk",42.6479
"36081050500","tract",2023,"food_state_rnk",52.0466
"36081050600","tract",2023,"food_state_rnk",60.388
"36081050700","tract",2023,"food_state_rnk",26.1494
"36081050800","tract",2023,"food_state_rnk",13.9476
"36081051000","tract",2023,"food_state_rnk",21.2124
"36081051100","tract",2023,"food_state_rnk",54.7721
"36081051200","tract",2023,"food_state_rnk",39.5926
"36081051300","tract",2023,"food_state_rnk",57.5267
"36081051500","tract",2023,"food_state_rnk",40.291
"36081051600","tract",2023,"food_state_rnk",35.0727
"36081051700","tract",2023,"food_state_rnk",53.6178
"36081051800","tract",2023,"food_state_rnk",29.1562
"36081052000","tract",2023,"food_state_rnk",55.8293
"36081052100","tract",2023,"food_state_rnk",43.6372
"36081052200","tract",2023,"food_state_rnk",46.6246
"36081052400","tract",2023,"food_state_rnk",33.4433
"36081052500","tract",2023,"food_state_rnk",39.4762
"36081052600","tract",2023,"food_state_rnk",36.4016
"36081052800","tract",2023,"food_state_rnk",53.3463
"36081053000","tract",2023,"food_state_rnk",23.6954
"36081053100","tract",2023,"food_state_rnk",35.8099
"36081053200","tract",2023,"food_state_rnk",39.418
"36081053401","tract",2023,"food_state_rnk",83.4821
"36081053501","tract",2023,"food_state_rnk",30.9796
"36081053502","tract",2023,"food_state_rnk",NA
"36081053601","tract",2023,"food_state_rnk",54.2871
"36081053800","tract",2023,"food_state_rnk",27.9534
"36081053901","tract",2023,"food_state_rnk",40.291
"36081053902","tract",2023,"food_state_rnk",89.9127
"36081054000","tract",2023,"food_state_rnk",28.3608
"36081054200","tract",2023,"food_state_rnk",56.9544
"36081054500","tract",2023,"food_state_rnk",18.4093
"36081054700","tract",2023,"food_state_rnk",43.3754
"36081054800","tract",2023,"food_state_rnk",30.4656
"36081054900","tract",2023,"food_state_rnk",43.4433
"36081055100","tract",2023,"food_state_rnk",19.5247
"36081055200","tract",2023,"food_state_rnk",42.0563
"36081055300","tract",2023,"food_state_rnk",43.3463
"36081055400","tract",2023,"food_state_rnk",30.1261
"36081055500","tract",2023,"food_state_rnk",18.1377
"36081055600","tract",2023,"food_state_rnk",70.805
"36081055700","tract",2023,"food_state_rnk",36.9544
"36081055800","tract",2023,"food_state_rnk",63.1038
"36081055900","tract",2023,"food_state_rnk",35.2473
"36081056000","tract",2023,"food_state_rnk",78.0116
"36081056100","tract",2023,"food_state_rnk",NA
"36081056200","tract",2023,"food_state_rnk",59.418
"36081056400","tract",2023,"food_state_rnk",80.4268
"36081056500","tract",2023,"food_state_rnk",81.1736
"36081056600","tract",2023,"food_state_rnk",22.0757
"36081056700","tract",2023,"food_state_rnk",73.7536
"36081056800","tract",2023,"food_state_rnk",34.2968
"36081057700","tract",2023,"food_state_rnk",37.1775
"36081057900","tract",2023,"food_state_rnk",24.6363
"36081058000","tract",2023,"food_state_rnk",69.098
"36081058100","tract",2023,"food_state_rnk",19.6217
"36081058200","tract",2023,"food_state_rnk",31.872
"36081058300","tract",2023,"food_state_rnk",36.6634
"36081058500","tract",2023,"food_state_rnk",37.42
"36081058700","tract",2023,"food_state_rnk",31.1736
"36081058900","tract",2023,"food_state_rnk",26.6149
"36081059000","tract",2023,"food_state_rnk",58.6227
"36081059100","tract",2023,"food_state_rnk",53.0165
"36081059200","tract",2023,"food_state_rnk",45.9942
"36081059300","tract",2023,"food_state_rnk",48.6227
"36081059400","tract",2023,"food_state_rnk",54.064
"36081059501","tract",2023,"food_state_rnk",59.3113
"36081059502","tract",2023,"food_state_rnk",10.805
"36081059600","tract",2023,"food_state_rnk",32.0175
"36081059800","tract",2023,"food_state_rnk",13.1717
"36081059900","tract",2023,"food_state_rnk",26.9835
"36081060000","tract",2023,"food_state_rnk",57.6043
"36081060100","tract",2023,"food_state_rnk",36.2076
"36081060300","tract",2023,"food_state_rnk",27.1193
"36081060600","tract",2023,"food_state_rnk",60.2619
"36081060701","tract",2023,"food_state_rnk",NA
"36081060800","tract",2023,"food_state_rnk",57.6819
"36081061000","tract",2023,"food_state_rnk",60.5432
"36081061200","tract",2023,"food_state_rnk",68.0213
"36081061301","tract",2023,"food_state_rnk",35.3152
"36081061302","tract",2023,"food_state_rnk",NA
"36081061400","tract",2023,"food_state_rnk",31.387
"36081061601","tract",2023,"food_state_rnk",79.195
"36081061602","tract",2023,"food_state_rnk",77.0417
"36081061800","tract",2023,"food_state_rnk",42.4636
"36081061900","tract",2023,"food_state_rnk",55.2473
"36081062000","tract",2023,"food_state_rnk",37.614
"36081062100","tract",2023,"food_state_rnk",33.6372
"36081062200","tract",2023,"food_state_rnk",59.4956
"36081062300","tract",2023,"food_state_rnk",71.8914
"36081062400","tract",2023,"food_state_rnk",NA
"36081062500","tract",2023,"food_state_rnk",41.1833
"36081062600","tract",2023,"food_state_rnk",54.4714
"36081062700","tract",2023,"food_state_rnk",42.7643
"36081062900","tract",2023,"food_state_rnk",32.2599
"36081063000","tract",2023,"food_state_rnk",77.4006
"36081063200","tract",2023,"food_state_rnk",67.7401
"36081063301","tract",2023,"food_state_rnk",67.9728
"36081063302","tract",2023,"food_state_rnk",50.5238
"36081063500","tract",2023,"food_state_rnk",44.7818
"36081063700","tract",2023,"food_state_rnk",58.322
"36081063800","tract",2023,"food_state_rnk",79.709
"36081063900","tract",2023,"food_state_rnk",39.6896
"36081064101","tract",2023,"food_state_rnk",51.4258
"36081064102","tract",2023,"food_state_rnk",NA
"36081064500","tract",2023,"food_state_rnk",32.0951
"36081064600","tract",2023,"food_state_rnk",32.2793
"36081065000","tract",2023,"food_state_rnk",30.4171
"36081065401","tract",2023,"food_state_rnk",56.8865
"36081065402","tract",2023,"food_state_rnk",NA
"36081065501","tract",2023,"food_state_rnk",NA
"36081065600","tract",2023,"food_state_rnk",34.9176
"36081065702","tract",2023,"food_state_rnk",69.7672
"36081065703","tract",2023,"food_state_rnk",59.8254
"36081065900","tract",2023,"food_state_rnk",53.5015
"36081066000","tract",2023,"food_state_rnk",45.1503
"36081066100","tract",2023,"food_state_rnk",64.743
"36081066301","tract",2023,"food_state_rnk",42.4151
"36081066302","tract",2023,"food_state_rnk",NA
"36081066401","tract",2023,"food_state_rnk",20.7662
"36081066402","tract",2023,"food_state_rnk",82.968
"36081066403","tract",2023,"food_state_rnk",32.1242
"36081066404","tract",2023,"food_state_rnk",NA
"36081066501","tract",2023,"food_state_rnk",62.968
"36081066701","tract",2023,"food_state_rnk",63.0844
"36081066900","tract",2023,"food_state_rnk",64.8691
"36081067100","tract",2023,"food_state_rnk",60.4462
"36081067700","tract",2023,"food_state_rnk",71.8041
"36081067900","tract",2023,"food_state_rnk",33.8409
"36081068000","tract",2023,"food_state_rnk",56.2173
"36081068200","tract",2023,"food_state_rnk",51.1736
"36081068300","tract",2023,"food_state_rnk",24.5393
"36081068700","tract",2023,"food_state_rnk",33.0456
"36081069000","tract",2023,"food_state_rnk",48.71
"36081069300","tract",2023,"food_state_rnk",23.1814
"36081069400","tract",2023,"food_state_rnk",85.9845
"36081069500","tract",2023,"food_state_rnk",42.9292
"36081069701","tract",2023,"food_state_rnk",32.0175
"36081069702","tract",2023,"food_state_rnk",42.7255
"36081070300","tract",2023,"food_state_rnk",33.3366
"36081070700","tract",2023,"food_state_rnk",84.1028
"36081070900","tract",2023,"food_state_rnk",63.3366
"36081071100","tract",2023,"food_state_rnk",51.7944
"36081071303","tract",2023,"food_state_rnk",82.7643
"36081071304","tract",2023,"food_state_rnk",42.1532
"36081071305","tract",2023,"food_state_rnk",45.2861
"36081071306","tract",2023,"food_state_rnk",48.1571
"36081071600","tract",2023,"food_state_rnk",NA
"36081071701","tract",2023,"food_state_rnk",40
"36081071702","tract",2023,"food_state_rnk",40.0485
"36081071900","tract",2023,"food_state_rnk",8.5742
"36081072100","tract",2023,"food_state_rnk",25.8584
"36081072300","tract",2023,"food_state_rnk",75.7323
"36081072900","tract",2023,"food_state_rnk",80.6596
"36081073100","tract",2023,"food_state_rnk",82.58
"36081073700","tract",2023,"food_state_rnk",75.8875
"36081073900","tract",2023,"food_state_rnk",71.775
"36081074100","tract",2023,"food_state_rnk",69.1174
"36081074300","tract",2023,"food_state_rnk",37.9825
"36081074500","tract",2023,"food_state_rnk",48.7391
"36081074700","tract",2023,"food_state_rnk",63.2493
"36081074900","tract",2023,"food_state_rnk",91.0378
"36081075701","tract",2023,"food_state_rnk",47.6431
"36081075702","tract",2023,"food_state_rnk",73.5597
"36081076901","tract",2023,"food_state_rnk",58.3899
"36081076902","tract",2023,"food_state_rnk",28.8652
"36081077300","tract",2023,"food_state_rnk",63.4045
"36081077500","tract",2023,"food_state_rnk",54.9467
"36081077902","tract",2023,"food_state_rnk",21.0184
"36081077903","tract",2023,"food_state_rnk",40.5917
"36081077904","tract",2023,"food_state_rnk",55.3637
"36081077905","tract",2023,"food_state_rnk",49.7672
"36081077906","tract",2023,"food_state_rnk",57.0805
"36081077907","tract",2023,"food_state_rnk",20.3492
"36081077908","tract",2023,"food_state_rnk",32.8904
"36081078800","tract",2023,"food_state_rnk",42.58
"36081079000","tract",2023,"food_state_rnk",28.3996
"36081079200","tract",2023,"food_state_rnk",27.0126
"36081079300","tract",2023,"food_state_rnk",NA
"36081079701","tract",2023,"food_state_rnk",20.805
"36081079702","tract",2023,"food_state_rnk",15.5383
"36081079900","tract",2023,"food_state_rnk",40.0194
"36081080301","tract",2023,"food_state_rnk",59.7381
"36081080302","tract",2023,"food_state_rnk",54.355
"36081080900","tract",2023,"food_state_rnk",44.5393
"36081081400","tract",2023,"food_state_rnk",37.517
"36081081800","tract",2023,"food_state_rnk",47.5558
"36081083700","tract",2023,"food_state_rnk",57.3327
"36081083800","tract",2023,"food_state_rnk",30.6111
"36081084000","tract",2023,"food_state_rnk",32.7449
"36081084500","tract",2023,"food_state_rnk",18.3899
"36081084601","tract",2023,"food_state_rnk",40.9893
"36081084602","tract",2023,"food_state_rnk",48.4869
"36081084901","tract",2023,"food_state_rnk",27.9049
"36081084902","tract",2023,"food_state_rnk",18.0989
"36081085300","tract",2023,"food_state_rnk",52.5509
"36081085500","tract",2023,"food_state_rnk",17.5267
"36081085700","tract",2023,"food_state_rnk",44.8109
"36081085900","tract",2023,"food_state_rnk",18.2929
"36081086100","tract",2023,"food_state_rnk",31.8332
"36081086300","tract",2023,"food_state_rnk",64.0543
"36081086400","tract",2023,"food_state_rnk",49.4665
"36081086500","tract",2023,"food_state_rnk",28.1474
"36081086900","tract",2023,"food_state_rnk",37.5558
"36081087100","tract",2023,"food_state_rnk",27.1969
"36081088400","tract",2023,"food_state_rnk",78.3317
"36081088902","tract",2023,"food_state_rnk",37.7304
"36081088903","tract",2023,"food_state_rnk",49.8448
"36081089201","tract",2023,"food_state_rnk",77.808
"36081089202","tract",2023,"food_state_rnk",NA
"36081090700","tract",2023,"food_state_rnk",39.001
"36081091602","tract",2023,"food_state_rnk",NA
"36081091603","tract",2023,"food_state_rnk",73.1523
"36081091604","tract",2023,"food_state_rnk",NA
"36081091800","tract",2023,"food_state_rnk",NA
"36081091900","tract",2023,"food_state_rnk",52.8225
"36081092200","tract",2023,"food_state_rnk",87.0708
"36081092500","tract",2023,"food_state_rnk",28.225
"36081092800","tract",2023,"food_state_rnk",98.4481
"36081092900","tract",2023,"food_state_rnk",51.096
"36081093401","tract",2023,"food_state_rnk",69.3598
"36081093402","tract",2023,"food_state_rnk",65.6256
"36081093800","tract",2023,"food_state_rnk",55.0824
"36081093900","tract",2023,"food_state_rnk",22.3957
"36081094201","tract",2023,"food_state_rnk",13.4239
"36081094202","tract",2023,"food_state_rnk",13.773
"36081094203","tract",2023,"food_state_rnk",29.2338
"36081094500","tract",2023,"food_state_rnk",60.3395
"36081094700","tract",2023,"food_state_rnk",37.6722
"36081095400","tract",2023,"food_state_rnk",22.5994
"36081096400","tract",2023,"food_state_rnk",34.5005
"36081097202","tract",2023,"food_state_rnk",0.1552
"36081097204","tract",2023,"food_state_rnk",16.3337
"36081097205","tract",2023,"food_state_rnk",1.1445
"36081097206","tract",2023,"food_state_rnk",21.1542
"36081097207","tract",2023,"food_state_rnk",NA
"36081097300","tract",2023,"food_state_rnk",77.5558
"36081098100","tract",2023,"food_state_rnk",41.2609
"36081098700","tract",2023,"food_state_rnk",70.2716
"36081099100","tract",2023,"food_state_rnk",69.1465
"36081099200","tract",2023,"food_state_rnk",6.7507
"36081099701","tract",2023,"food_state_rnk",90.3007
"36081099703","tract",2023,"food_state_rnk",71.8526
"36081099704","tract",2023,"food_state_rnk",76.6246
"36081099705","tract",2023,"food_state_rnk",51.29
"36081099801","tract",2023,"food_state_rnk",22.58
"36081099802","tract",2023,"food_state_rnk",12.8613
"36081099900","tract",2023,"food_state_rnk",NA
"36081100801","tract",2023,"food_state_rnk",83.87
"36081100803","tract",2023,"food_state_rnk",22.7546
"36081100804","tract",2023,"food_state_rnk",50.3298
"36081101002","tract",2023,"food_state_rnk",33.2008
"36081101003","tract",2023,"food_state_rnk",29.3792
"36081101004","tract",2023,"food_state_rnk",12.7837
"36081101700","tract",2023,"food_state_rnk",60.7177
"36081102900","tract",2023,"food_state_rnk",62.6867
"36081103201","tract",2023,"food_state_rnk",6.3046
"36081103202","tract",2023,"food_state_rnk",31.7847
"36081103300","tract",2023,"food_state_rnk",62.9001
"36081103900","tract",2023,"food_state_rnk",39.4762
"36081104700","tract",2023,"food_state_rnk",82.0175
"36081105900","tract",2023,"food_state_rnk",68.5451
"36081107201","tract",2023,"food_state_rnk",74.8691
"36081107202","tract",2023,"food_state_rnk",NA
"36081108500","tract",2023,"food_state_rnk",62.2114
"36081109300","tract",2023,"food_state_rnk",69.6702
"36081109700","tract",2023,"food_state_rnk",81.7071
"36081109900","tract",2023,"food_state_rnk",58.8361
"36081111300","tract",2023,"food_state_rnk",82.8322
"36081112300","tract",2023,"food_state_rnk",53.3075
"36081112900","tract",2023,"food_state_rnk",58.2056
"36081113300","tract",2023,"food_state_rnk",71.484
"36081113900","tract",2023,"food_state_rnk",73.3657
"36081114100","tract",2023,"food_state_rnk",55.5965
"36081114700","tract",2023,"food_state_rnk",49.0301
"36081115100","tract",2023,"food_state_rnk",23.9961
"36081115500","tract",2023,"food_state_rnk",66.4791
"36081115700","tract",2023,"food_state_rnk",44.1319
"36081115900","tract",2023,"food_state_rnk",45.0921
"36081116100","tract",2023,"food_state_rnk",49.5441
"36081116301","tract",2023,"food_state_rnk",65.0242
"36081116302","tract",2023,"food_state_rnk",17.9825
"36081116700","tract",2023,"food_state_rnk",14.3938
"36081117100","tract",2023,"food_state_rnk",30.6499
"36081117500","tract",2023,"food_state_rnk",39.7381
"36081118100","tract",2023,"food_state_rnk",50.7081
"36081118500","tract",2023,"food_state_rnk",21.8623
"36081118700","tract",2023,"food_state_rnk",71.0184
"36081118900","tract",2023,"food_state_rnk",31.581
"36081119100","tract",2023,"food_state_rnk",56.5858
"36081119300","tract",2023,"food_state_rnk",16.6828
"36081119500","tract",2023,"food_state_rnk",31.7168
"36081119900","tract",2023,"food_state_rnk",49.3695
"36081120100","tract",2023,"food_state_rnk",54.8982
"36081120300","tract",2023,"food_state_rnk",30.8341
"36081120500","tract",2023,"food_state_rnk",16.7507
"36081120701","tract",2023,"food_state_rnk",43.2978
"36081120702","tract",2023,"food_state_rnk",NA
"36081121100","tract",2023,"food_state_rnk",NA
"36081121500","tract",2023,"food_state_rnk",59.7381
"36081122300","tract",2023,"food_state_rnk",41.7071
"36081122702","tract",2023,"food_state_rnk",4.7527
"36081122703","tract",2023,"food_state_rnk",52.2793
"36081122704","tract",2023,"food_state_rnk",44.6848
"36081124100","tract",2023,"food_state_rnk",46.4016
"36081124700","tract",2023,"food_state_rnk",77.3618
"36081125700","tract",2023,"food_state_rnk",38.1765
"36081126500","tract",2023,"food_state_rnk",41.2997
"36081126700","tract",2023,"food_state_rnk",NA
"36081127700","tract",2023,"food_state_rnk",68.8264
"36081128300","tract",2023,"food_state_rnk",NA
"36081129102","tract",2023,"food_state_rnk",89.0495
"36081129103","tract",2023,"food_state_rnk",73.065
"36081129104","tract",2023,"food_state_rnk",70.8535
"36081130100","tract",2023,"food_state_rnk",58.4384
"36081133300","tract",2023,"food_state_rnk",62.9292
"36081133900","tract",2023,"food_state_rnk",47.6043
"36081134100","tract",2023,"food_state_rnk",48.6227
"36081134701","tract",2023,"food_state_rnk",44.3938
"36081134702","tract",2023,"food_state_rnk",78.8458
"36081136700","tract",2023,"food_state_rnk",48.3802
"36081137700","tract",2023,"food_state_rnk",66.8865
"36081138501","tract",2023,"food_state_rnk",40.291
"36081138502","tract",2023,"food_state_rnk",NA
"36081139900","tract",2023,"food_state_rnk",80.0097
"36081140300","tract",2023,"food_state_rnk",52.3181
"36081140901","tract",2023,"food_state_rnk",81.4258
"36081140902","tract",2023,"food_state_rnk",47.2551
"36081141700","tract",2023,"food_state_rnk",53.1717
"36081142900","tract",2023,"food_state_rnk",51.678
"36081143500","tract",2023,"food_state_rnk",50.9699
"36081144100","tract",2023,"food_state_rnk",59.2629
"36081144700","tract",2023,"food_state_rnk",61.2318
"36081145101","tract",2023,"food_state_rnk",27.9049
"36081145102","tract",2023,"food_state_rnk",59.3404
"36081145900","tract",2023,"food_state_rnk",44.9176
"36081146300","tract",2023,"food_state_rnk",83.9282
"36081146700","tract",2023,"food_state_rnk",61.0475
"36081147100","tract",2023,"food_state_rnk",67.0902
"36081147900","tract",2023,"food_state_rnk",56.421
"36081148300","tract",2023,"food_state_rnk",82.2696
"36081150701","tract",2023,"food_state_rnk",70.4462
"36081150702","tract",2023,"food_state_rnk",60.6402
"36081152901","tract",2023,"food_state_rnk",60.5723
"36081152902","tract",2023,"food_state_rnk",80.4268
"36081155101","tract",2023,"food_state_rnk",92.0854
"36081155103","tract",2023,"food_state_rnk",68.8846
"36081155104","tract",2023,"food_state_rnk",84.549
"36081156700","tract",2023,"food_state_rnk",NA
"36081157101","tract",2023,"food_state_rnk",73.4045
"36081157102","tract",2023,"food_state_rnk",67.323
"36081157901","tract",2023,"food_state_rnk",72.871
"36081157902","tract",2023,"food_state_rnk",46.8477
"36081157903","tract",2023,"food_state_rnk",48.0795
"36081161700","tract",2023,"food_state_rnk",53.3269
"36081162100","tract",2023,"food_state_rnk",60.5044
"36081990100","tract",2023,"food_state_rnk",NA
"36083040100","tract",2023,"food_state_rnk",9.2726
"36083040200","tract",2023,"food_state_rnk",13.2687
"36083040300","tract",2023,"food_state_rnk",36.9156
"36083040400","tract",2023,"food_state_rnk",6.8671
"36083040500","tract",2023,"food_state_rnk",4.7721
"36083040600","tract",2023,"food_state_rnk",NA
"36083040701","tract",2023,"food_state_rnk",58.1474
"36083040702","tract",2023,"food_state_rnk",32.8904
"36083040800","tract",2023,"food_state_rnk",86.45
"36083040900","tract",2023,"food_state_rnk",9.6799
"36083041000","tract",2023,"food_state_rnk",32.1726
"36083041101","tract",2023,"food_state_rnk",60.9699
"36083041102","tract",2023,"food_state_rnk",5.0824
"36083041200","tract",2023,"food_state_rnk",84.3938
"36083041300","tract",2023,"food_state_rnk",NA
"36083041400","tract",2023,"food_state_rnk",50.4365
"36083051500","tract",2023,"food_state_rnk",10.0679
"36083051601","tract",2023,"food_state_rnk",20.8535
"36083051602","tract",2023,"food_state_rnk",46.7507
"36083051701","tract",2023,"food_state_rnk",89.3404
"36083051702","tract",2023,"food_state_rnk",39.8448
"36083051800","tract",2023,"food_state_rnk",75.9263
"36083051901","tract",2023,"food_state_rnk",80.902
"36083051902","tract",2023,"food_state_rnk",91.2415
"36083052002","tract",2023,"food_state_rnk",89.3695
"36083052003","tract",2023,"food_state_rnk",61.484
"36083052004","tract",2023,"food_state_rnk",94.355
"36083052101","tract",2023,"food_state_rnk",87.4103
"36083052102","tract",2023,"food_state_rnk",58.9331
"36083052103","tract",2023,"food_state_rnk",55.8972
"36083052201","tract",2023,"food_state_rnk",81.678
"36083052203","tract",2023,"food_state_rnk",81.9205
"36083052204","tract",2023,"food_state_rnk",90.8244
"36083052301","tract",2023,"food_state_rnk",93.259
"36083052303","tract",2023,"food_state_rnk",69.3016
"36083052305","tract",2023,"food_state_rnk",67.5267
"36083052306","tract",2023,"food_state_rnk",91.6683
"36083052402","tract",2023,"food_state_rnk",76.9932
"36083052405","tract",2023,"food_state_rnk",25.3831
"36083052406","tract",2023,"food_state_rnk",99.0107
"36083052407","tract",2023,"food_state_rnk",91.9884
"36083052408","tract",2023,"food_state_rnk",89.4665
"36083052501","tract",2023,"food_state_rnk",86.13
"36083052502","tract",2023,"food_state_rnk",86.13
"36083052503","tract",2023,"food_state_rnk",61.1736
"36083052601","tract",2023,"food_state_rnk",91.5228
"36083052602","tract",2023,"food_state_rnk",61.1251
"36083052603","tract",2023,"food_state_rnk",69.8642
"36085000300","tract",2023,"food_state_rnk",46.8671
"36085000600","tract",2023,"food_state_rnk",3.6081
"36085000700","tract",2023,"food_state_rnk",8.5936
"36085000800","tract",2023,"food_state_rnk",60.3686
"36085000900","tract",2023,"food_state_rnk",10.8826
"36085001100","tract",2023,"food_state_rnk",9.001
"36085001700","tract",2023,"food_state_rnk",14.4908
"36085001800","tract",2023,"food_state_rnk",69.0689
"36085002001","tract",2023,"food_state_rnk",23.9088
"36085002002","tract",2023,"food_state_rnk",62.2696
"36085002100","tract",2023,"food_state_rnk",14.6751
"36085002700","tract",2023,"food_state_rnk",3.9379
"36085002900","tract",2023,"food_state_rnk",2.6576
"36085003300","tract",2023,"food_state_rnk",58.6615
"36085003600","tract",2023,"food_state_rnk",59.7769
"36085003900","tract",2023,"food_state_rnk",36.7313
"36085004001","tract",2023,"food_state_rnk",13.0359
"36085004002","tract",2023,"food_state_rnk",47.1387
"36085004003","tract",2023,"food_state_rnk",1.2027
"36085004004","tract",2023,"food_state_rnk",30.3395
"36085004700","tract",2023,"food_state_rnk",48.1862
"36085005000","tract",2023,"food_state_rnk",48.8943
"36085005901","tract",2023,"food_state_rnk",29.6023
"36085005902","tract",2023,"food_state_rnk",NA
"36085006400","tract",2023,"food_state_rnk",35.9069
"36085006700","tract",2023,"food_state_rnk",80.8341
"36085007001","tract",2023,"food_state_rnk",50.1164
"36085007002","tract",2023,"food_state_rnk",44.1028
"36085007400","tract",2023,"food_state_rnk",28.7003
"36085007500","tract",2023,"food_state_rnk",80.5529
"36085007700","tract",2023,"food_state_rnk",21.9205
"36085008100","tract",2023,"food_state_rnk",18.6809
"36085009601","tract",2023,"food_state_rnk",52.4248
"36085009602","tract",2023,"food_state_rnk",44.9564
"36085009701","tract",2023,"food_state_rnk",40.2134
"36085009702","tract",2023,"food_state_rnk",NA
"36085010500","tract",2023,"food_state_rnk",27.8758
"36085011201","tract",2023,"food_state_rnk",41.3191
"36085011203","tract",2023,"food_state_rnk",42.7934
"36085011204","tract",2023,"food_state_rnk",NA
"36085011401","tract",2023,"food_state_rnk",8.0989
"36085011402","tract",2023,"food_state_rnk",52.3569
"36085012100","tract",2023,"food_state_rnk",83.7439
"36085012200","tract",2023,"food_state_rnk",67.8177
"36085012500","tract",2023,"food_state_rnk",63.676
"36085012804","tract",2023,"food_state_rnk",33.2299
"36085012805","tract",2023,"food_state_rnk",37.2066
"36085012806","tract",2023,"food_state_rnk",34.5684
"36085013201","tract",2023,"food_state_rnk",81.4549
"36085013203","tract",2023,"food_state_rnk",59.6896
"36085013204","tract",2023,"food_state_rnk",64.4714
"36085013301","tract",2023,"food_state_rnk",0.8729
"36085013302","tract",2023,"food_state_rnk",11.8526
"36085013400","tract",2023,"food_state_rnk",24.7333
"36085013800","tract",2023,"food_state_rnk",78.6906
"36085014100","tract",2023,"food_state_rnk",54.8594
"36085014604","tract",2023,"food_state_rnk",77.4879
"36085014605","tract",2023,"food_state_rnk",73.8797
"36085014606","tract",2023,"food_state_rnk",66.7604
"36085014607","tract",2023,"food_state_rnk",41.9011
"36085014608","tract",2023,"food_state_rnk",79.8739
"36085014700","tract",2023,"food_state_rnk",51.4258
"36085015100","tract",2023,"food_state_rnk",80.4268
"36085015400","tract",2023,"food_state_rnk",NA
"36085015601","tract",2023,"food_state_rnk",70.1164
"36085015602","tract",2023,"food_state_rnk",54.452
"36085015603","tract",2023,"food_state_rnk",69.8642
"36085016901","tract",2023,"food_state_rnk",86.7992
"36085017005","tract",2023,"food_state_rnk",83.3463
"36085017007","tract",2023,"food_state_rnk",76.3143
"36085017009","tract",2023,"food_state_rnk",68.0698
"36085017011","tract",2023,"food_state_rnk",68.9719
"36085017012","tract",2023,"food_state_rnk",64.8206
"36085017013","tract",2023,"food_state_rnk",45.5771
"36085017014","tract",2023,"food_state_rnk",51.7653
"36085017015","tract",2023,"food_state_rnk",75.6741
"36085017016","tract",2023,"food_state_rnk",45.3346
"36085017300","tract",2023,"food_state_rnk",41.0281
"36085017600","tract",2023,"food_state_rnk",90.1358
"36085017701","tract",2023,"food_state_rnk",85.4316
"36085017702","tract",2023,"food_state_rnk",54.0349
"36085018100","tract",2023,"food_state_rnk",60.8147
"36085018701","tract",2023,"food_state_rnk",65.9069
"36085018703","tract",2023,"food_state_rnk",87.3715
"36085018704","tract",2023,"food_state_rnk",43.3463
"36085018901","tract",2023,"food_state_rnk",50.6305
"36085018902","tract",2023,"food_state_rnk",46.9059
"36085019700","tract",2023,"food_state_rnk",62.0757
"36085019800","tract",2023,"food_state_rnk",80.2134
"36085020100","tract",2023,"food_state_rnk",42.0369
"36085020701","tract",2023,"food_state_rnk",21.1542
"36085020702","tract",2023,"food_state_rnk",28.3802
"36085020803","tract",2023,"food_state_rnk",53.9864
"36085020804","tract",2023,"food_state_rnk",82.2211
"36085020805","tract",2023,"food_state_rnk",62.5412
"36085020806","tract",2023,"food_state_rnk",62.1532
"36085021300","tract",2023,"food_state_rnk",31.484
"36085022300","tract",2023,"food_state_rnk",40.7565
"36085022601","tract",2023,"food_state_rnk",48.0504
"36085022602","tract",2023,"food_state_rnk",28.419
"36085022801","tract",2023,"food_state_rnk",NA
"36085022802","tract",2023,"food_state_rnk",NA
"36085023100","tract",2023,"food_state_rnk",26.3531
"36085023900","tract",2023,"food_state_rnk",62.6576
"36085024401","tract",2023,"food_state_rnk",90.3007
"36085024402","tract",2023,"food_state_rnk",66.1785
"36085024700","tract",2023,"food_state_rnk",36.1106
"36085024800","tract",2023,"food_state_rnk",75.4122
"36085025100","tract",2023,"food_state_rnk",63.87
"36085027301","tract",2023,"food_state_rnk",58.9913
"36085027302","tract",2023,"food_state_rnk",47.9049
"36085027702","tract",2023,"food_state_rnk",58.8555
"36085027704","tract",2023,"food_state_rnk",38.8361
"36085027705","tract",2023,"food_state_rnk",71.5616
"36085027706","tract",2023,"food_state_rnk",85.6062
"36085027900","tract",2023,"food_state_rnk",62.6382
"36085029102","tract",2023,"food_state_rnk",74.5102
"36085029104","tract",2023,"food_state_rnk",66.421
"36085029105","tract",2023,"food_state_rnk",57.42
"36085029106","tract",2023,"food_state_rnk",65.6935
"36085030301","tract",2023,"food_state_rnk",52.6188
"36085030302","tract",2023,"food_state_rnk",40.8826
"36085031901","tract",2023,"food_state_rnk",8.128
"36085031902","tract",2023,"food_state_rnk",10.4753
"36085032300","tract",2023,"food_state_rnk",39.3598
"36085990100","tract",2023,"food_state_rnk",NA
"36087010101","tract",2023,"food_state_rnk",85.7711
"36087010102","tract",2023,"food_state_rnk",74.0058
"36087010200","tract",2023,"food_state_rnk",33.967
"36087010501","tract",2023,"food_state_rnk",81.1736
"36087010503","tract",2023,"food_state_rnk",76.7022
"36087010504","tract",2023,"food_state_rnk",76.4985
"36087010601","tract",2023,"food_state_rnk",48.7391
"36087010602","tract",2023,"food_state_rnk",64.8206
"36087010701","tract",2023,"food_state_rnk",21.9011
"36087010702","tract",2023,"food_state_rnk",32.6382
"36087010703","tract",2023,"food_state_rnk",29.7866
"36087010801","tract",2023,"food_state_rnk",83.2784
"36087010802","tract",2023,"food_state_rnk",95.9166
"36087010803","tract",2023,"food_state_rnk",75.0145
"36087010804","tract",2023,"food_state_rnk",71.5907
"36087010901","tract",2023,"food_state_rnk",96.547
"36087010902","tract",2023,"food_state_rnk",73.1232
"36087011000","tract",2023,"food_state_rnk",79.195
"36087011101","tract",2023,"food_state_rnk",78.1765
"36087011102","tract",2023,"food_state_rnk",68.7003
"36087011200","tract",2023,"food_state_rnk",97.9049
"36087011302","tract",2023,"food_state_rnk",78.3996
"36087011303","tract",2023,"food_state_rnk",59.0301
"36087011304","tract",2023,"food_state_rnk",13.8118
"36087011305","tract",2023,"food_state_rnk",38.6712
"36087011401","tract",2023,"food_state_rnk",93.9767
"36087011403","tract",2023,"food_state_rnk",77.7013
"36087011404","tract",2023,"food_state_rnk",87.614
"36087011405","tract",2023,"food_state_rnk",57.2454
"36087011505","tract",2023,"food_state_rnk",1.2221
"36087011506","tract",2023,"food_state_rnk",1.4161
"36087011507","tract",2023,"food_state_rnk",94.6848
"36087011508","tract",2023,"food_state_rnk",96.8574
"36087011509","tract",2023,"food_state_rnk",37.3618
"36087011510","tract",2023,"food_state_rnk",82.8322
"36087011511","tract",2023,"food_state_rnk",64.2289
"36087011512","tract",2023,"food_state_rnk",41.8817
"36087011601","tract",2023,"food_state_rnk",78.3317
"36087011602","tract",2023,"food_state_rnk",76.6537
"36087011603","tract",2023,"food_state_rnk",87.9825
"36087011700","tract",2023,"food_state_rnk",76.741
"36087011800","tract",2023,"food_state_rnk",37.2357
"36087011901","tract",2023,"food_state_rnk",74.2483
"36087011902","tract",2023,"food_state_rnk",71.4452
"36087012000","tract",2023,"food_state_rnk",83.0553
"36087012107","tract",2023,"food_state_rnk",8.1862
"36087012108","tract",2023,"food_state_rnk",8.6712
"36087012109","tract",2023,"food_state_rnk",18.0407
"36087012110","tract",2023,"food_state_rnk",5.839
"36087012111","tract",2023,"food_state_rnk",27.3812
"36087012112","tract",2023,"food_state_rnk",7.3327
"36087012113","tract",2023,"food_state_rnk",30.3201
"36087012114","tract",2023,"food_state_rnk",9.1174
"36087012115","tract",2023,"food_state_rnk",13.0747
"36087012116","tract",2023,"food_state_rnk",15.4995
"36087012203","tract",2023,"food_state_rnk",34.1125
"36087012204","tract",2023,"food_state_rnk",27.6431
"36087012205","tract",2023,"food_state_rnk",11.5616
"36087012206","tract",2023,"food_state_rnk",25.0824
"36087012301","tract",2023,"food_state_rnk",30.5723
"36087012302","tract",2023,"food_state_rnk",47.6237
"36087012401","tract",2023,"food_state_rnk",39.8933
"36087012403","tract",2023,"food_state_rnk",38.128
"36087012404","tract",2023,"food_state_rnk",45.063
"36087012503","tract",2023,"food_state_rnk",52.9098
"36087012504","tract",2023,"food_state_rnk",90.9311
"36087012505","tract",2023,"food_state_rnk",30.8341
"36087012506","tract",2023,"food_state_rnk",84.7624
"36087012600","tract",2023,"food_state_rnk",66.5664
"36087012700","tract",2023,"food_state_rnk",75.2764
"36087012800","tract",2023,"food_state_rnk",99.5732
"36087013001","tract",2023,"food_state_rnk",92.3569
"36087013002","tract",2023,"food_state_rnk",95.1115
"36087013003","tract",2023,"food_state_rnk",98.2735
"36087013101","tract",2023,"food_state_rnk",38.8652
"36087013102","tract",2023,"food_state_rnk",75.2376
"36087013200","tract",2023,"food_state_rnk",65.0921
"36087013300","tract",2023,"food_state_rnk",95.3831
"36087013401","tract",2023,"food_state_rnk",86.13
"36087013402","tract",2023,"food_state_rnk",94.0737
"36089490100","tract",2023,"food_state_rnk",28.2056
"36089490200","tract",2023,"food_state_rnk",39.8157
"36089490300","tract",2023,"food_state_rnk",26.1009
"36089490400","tract",2023,"food_state_rnk",62.774
"36089490500","tract",2023,"food_state_rnk",45.9651
"36089490600","tract",2023,"food_state_rnk",47.7595
"36089490700","tract",2023,"food_state_rnk",59.9612
"36089490800","tract",2023,"food_state_rnk",52.3181
"36089490900","tract",2023,"food_state_rnk",28.8846
"36089491000","tract",2023,"food_state_rnk",59.806
"36089491100","tract",2023,"food_state_rnk",NA
"36089491200","tract",2023,"food_state_rnk",NA
"36089491300","tract",2023,"food_state_rnk",88.516
"36089491400","tract",2023,"food_state_rnk",28.4481
"36089491500","tract",2023,"food_state_rnk",16.1009
"36089491600","tract",2023,"food_state_rnk",29.7381
"36089491700","tract",2023,"food_state_rnk",61.0087
"36089491800","tract",2023,"food_state_rnk",56.6343
"36089491900","tract",2023,"food_state_rnk",NA
"36089492000","tract",2023,"food_state_rnk",47.6625
"36089492100","tract",2023,"food_state_rnk",41.9205
"36089492301","tract",2023,"food_state_rnk",72.3278
"36089492302","tract",2023,"food_state_rnk",79.8739
"36089492401","tract",2023,"food_state_rnk",45.7129
"36089492501","tract",2023,"food_state_rnk",34.4326
"36089492600","tract",2023,"food_state_rnk",50.2619
"36089492700","tract",2023,"food_state_rnk",29.6702
"36089492800","tract",2023,"food_state_rnk",41.4064
"36089492900","tract",2023,"food_state_rnk",54.1028
"36089493000","tract",2023,"food_state_rnk",75.1891
"36091060102","tract",2023,"food_state_rnk",68.4966
"36091060103","tract",2023,"food_state_rnk",81.1251
"36091060104","tract",2023,"food_state_rnk",71.8526
"36091060200","tract",2023,"food_state_rnk",37.7983
"36091060301","tract",2023,"food_state_rnk",53.2493
"36091060400","tract",2023,"food_state_rnk",30.9311
"36091060501","tract",2023,"food_state_rnk",74.6945
"36091060504","tract",2023,"food_state_rnk",52.9971
"36091060505","tract",2023,"food_state_rnk",74.8206
"36091060506","tract",2023,"food_state_rnk",54.7333
"36091060507","tract",2023,"food_state_rnk",91.8235
"36091060601","tract",2023,"food_state_rnk",75.2376
"36091060602","tract",2023,"food_state_rnk",35.9651
"36091060703","tract",2023,"food_state_rnk",47.8758
"36091060704","tract",2023,"food_state_rnk",87.3424
"36091060705","tract",2023,"food_state_rnk",69.1853
"36091060706","tract",2023,"food_state_rnk",99.6508
"36091060800","tract",2023,"food_state_rnk",82.6576
"36091060901","tract",2023,"food_state_rnk",64.9661
"36091060902","tract",2023,"food_state_rnk",34.1998
"36091061001","tract",2023,"food_state_rnk",90.3007
"36091061002","tract",2023,"food_state_rnk",7.934
"36091061101","tract",2023,"food_state_rnk",33.6663
"36091061102","tract",2023,"food_state_rnk",90.9311
"36091061201","tract",2023,"food_state_rnk",67.0514
"36091061202","tract",2023,"food_state_rnk",69.1853
"36091061301","tract",2023,"food_state_rnk",72.871
"36091061303","tract",2023,"food_state_rnk",NA
"36091061304","tract",2023,"food_state_rnk",90.1649
"36091061305","tract",2023,"food_state_rnk",74.3744
"36091061401","tract",2023,"food_state_rnk",33.5984
"36091061403","tract",2023,"food_state_rnk",84.4811
"36091061404","tract",2023,"food_state_rnk",91.6683
"36091061500","tract",2023,"food_state_rnk",86.0718
"36091061600","tract",2023,"food_state_rnk",99.6314
"36091061701","tract",2023,"food_state_rnk",67.7983
"36091061702","tract",2023,"food_state_rnk",97.0417
"36091061800","tract",2023,"food_state_rnk",63.4724
"36091061904","tract",2023,"food_state_rnk",96.8283
"36091061905","tract",2023,"food_state_rnk",79.7963
"36091061906","tract",2023,"food_state_rnk",66.7216
"36091061907","tract",2023,"food_state_rnk",71.1445
"36091062001","tract",2023,"food_state_rnk",71.5907
"36091062002","tract",2023,"food_state_rnk",72.9971
"36091062100","tract",2023,"food_state_rnk",70.1746
"36091062200","tract",2023,"food_state_rnk",41.0087
"36091062300","tract",2023,"food_state_rnk",34.8885
"36091062404","tract",2023,"food_state_rnk",92.774
"36091062406","tract",2023,"food_state_rnk",82.5315
"36091062407","tract",2023,"food_state_rnk",78.613
"36091062408","tract",2023,"food_state_rnk",84.2192
"36091062409","tract",2023,"food_state_rnk",79.5247
"36091062410","tract",2023,"food_state_rnk",61.9205
"36091062501","tract",2023,"food_state_rnk",95.6741
"36091062503","tract",2023,"food_state_rnk",99.903
"36091062505","tract",2023,"food_state_rnk",93.8021
"36091062506","tract",2023,"food_state_rnk",98.7876
"36091062507","tract",2023,"food_state_rnk",80.5141
"36091062508","tract",2023,"food_state_rnk",58.2056
"36091062509","tract",2023,"food_state_rnk",98.3317
"36091062601","tract",2023,"food_state_rnk",93.7633
"36091062602","tract",2023,"food_state_rnk",92.2696
"36091062700","tract",2023,"food_state_rnk",70.3007
"36091062800","tract",2023,"food_state_rnk",50.3298
"36091062900","tract",2023,"food_state_rnk",95.4316
"36093020101","tract",2023,"food_state_rnk",89.4277
"36093020102","tract",2023,"food_state_rnk",14.4326
"36093020200","tract",2023,"food_state_rnk",26.2852
"36093020300","tract",2023,"food_state_rnk",NA
"36093020500","tract",2023,"food_state_rnk",72.6188
"36093020600","tract",2023,"food_state_rnk",35.1115
"36093020700","tract",2023,"food_state_rnk",11.2512
"36093020800","tract",2023,"food_state_rnk",10.2619
"36093020900","tract",2023,"food_state_rnk",24.1125
"36093021001","tract",2023,"food_state_rnk",60.1843
"36093021002","tract",2023,"food_state_rnk",0.1164
"36093021200","tract",2023,"food_state_rnk",25.0242
"36093021400","tract",2023,"food_state_rnk",3.7051
"36093021500","tract",2023,"food_state_rnk",3.0844
"36093021600","tract",2023,"food_state_rnk",23.9379
"36093021700","tract",2023,"food_state_rnk",27.6043
"36093021801","tract",2023,"food_state_rnk",62.3763
"36093021802","tract",2023,"food_state_rnk",43.1135
"36093031901","tract",2023,"food_state_rnk",89.709
"36093031902","tract",2023,"food_state_rnk",77.0708
"36093032000","tract",2023,"food_state_rnk",78.9816
"36093032101","tract",2023,"food_state_rnk",99.9418
"36093032102","tract",2023,"food_state_rnk",95.1115
"36093032200","tract",2023,"food_state_rnk",70.805
"36093032300","tract",2023,"food_state_rnk",37.2357
"36093032402","tract",2023,"food_state_rnk",87.2745
"36093032403","tract",2023,"food_state_rnk",80.7177
"36093032404","tract",2023,"food_state_rnk",80.7856
"36093032502","tract",2023,"food_state_rnk",80.7177
"36093032503","tract",2023,"food_state_rnk",93.0844
"36093032504","tract",2023,"food_state_rnk",88.0116
"36093032601","tract",2023,"food_state_rnk",81.2706
"36093032602","tract",2023,"food_state_rnk",74.161
"36093032700","tract",2023,"food_state_rnk",53.6857
"36093032901","tract",2023,"food_state_rnk",76.0136
"36093032902","tract",2023,"food_state_rnk",86.324
"36093033002","tract",2023,"food_state_rnk",87.4103
"36093033003","tract",2023,"food_state_rnk",82.9292
"36093033004","tract",2023,"food_state_rnk",91.1736
"36093033101","tract",2023,"food_state_rnk",59.5441
"36093033102","tract",2023,"food_state_rnk",86.5373
"36093033200","tract",2023,"food_state_rnk",49.5053
"36093033300","tract",2023,"food_state_rnk",51.1154
"36093033400","tract",2023,"food_state_rnk",NA
"36093033500","tract",2023,"food_state_rnk",50.0873
"36095740100","tract",2023,"food_state_rnk",42.3375
"36095740200","tract",2023,"food_state_rnk",74.4423
"36095740300","tract",2023,"food_state_rnk",NA
"36095740400","tract",2023,"food_state_rnk",56.7604
"36095740500","tract",2023,"food_state_rnk",58.9719
"36095740600","tract",2023,"food_state_rnk",63.5597
"36095740700","tract",2023,"food_state_rnk",67.3618
"36095740800","tract",2023,"food_state_rnk",53.9185
"36097950100","tract",2023,"food_state_rnk",67.3909
"36097950200","tract",2023,"food_state_rnk",61.9399
"36097950300","tract",2023,"food_state_rnk",59.8448
"36097950400","tract",2023,"food_state_rnk",43.2396
"36097950500","tract",2023,"food_state_rnk",40.6305
"36099950100","tract",2023,"food_state_rnk",48.4869
"36099950200","tract",2023,"food_state_rnk",31.5325
"36099950300","tract",2023,"food_state_rnk",77.8758
"36099950400","tract",2023,"food_state_rnk",38.5063
"36099950500","tract",2023,"food_state_rnk",35.2667
"36099950600","tract",2023,"food_state_rnk",81.8332
"36099950700","tract",2023,"food_state_rnk",82.6285
"36099950801","tract",2023,"food_state_rnk",NA
"36099950802","tract",2023,"food_state_rnk",62.8516
"36099950900","tract",2023,"food_state_rnk",64.0834
"36099951000","tract",2023,"food_state_rnk",83.6857
"36101960100","tract",2023,"food_state_rnk",62.7255
"36101960200","tract",2023,"food_state_rnk",50.9117
"36101960300","tract",2023,"food_state_rnk",51.1736
"36101960400","tract",2023,"food_state_rnk",39.9515
"36101960500","tract",2023,"food_state_rnk",65.548
"36101960600","tract",2023,"food_state_rnk",50.4947
"36101960700","tract",2023,"food_state_rnk",37.4006
"36101960800","tract",2023,"food_state_rnk",23.5403
"36101960900","tract",2023,"food_state_rnk",28.5354
"36101961000","tract",2023,"food_state_rnk",52.2405
"36101961100","tract",2023,"food_state_rnk",30.0485
"36101961200","tract",2023,"food_state_rnk",46.9059
"36101961300","tract",2023,"food_state_rnk",39.1271
"36101961400","tract",2023,"food_state_rnk",44.1901
"36101961500","tract",2023,"food_state_rnk",50.6305
"36101961600","tract",2023,"food_state_rnk",78.8749
"36101961700","tract",2023,"food_state_rnk",38.7391
"36101961800","tract",2023,"food_state_rnk",55.0145
"36101961900","tract",2023,"food_state_rnk",60.8632
"36101962000","tract",2023,"food_state_rnk",67.711
"36101962100","tract",2023,"food_state_rnk",43.0165
"36101962200","tract",2023,"food_state_rnk",46.0427
"36101962301","tract",2023,"food_state_rnk",74.4423
"36101962302","tract",2023,"food_state_rnk",42.2017
"36101962400","tract",2023,"food_state_rnk",86.9835
"36101962500","tract",2023,"food_state_rnk",27.7304
"36101962600","tract",2023,"food_state_rnk",64.1804
"36101962700","tract",2023,"food_state_rnk",38.0989
"36101962800","tract",2023,"food_state_rnk",51.1736
"36101962900","tract",2023,"food_state_rnk",62.1532
"36101963000","tract",2023,"food_state_rnk",81.7653
"36103110101","tract",2023,"food_state_rnk",99.2047
"36103110103","tract",2023,"food_state_rnk",93.7051
"36103110104","tract",2023,"food_state_rnk",97.1096
"36103110200","tract",2023,"food_state_rnk",87.2163
"36103110300","tract",2023,"food_state_rnk",96.6343
"36103110401","tract",2023,"food_state_rnk",94.743
"36103110402","tract",2023,"food_state_rnk",93.5887
"36103110501","tract",2023,"food_state_rnk",90.3977
"36103110502","tract",2023,"food_state_rnk",89.001
"36103110601","tract",2023,"food_state_rnk",89.7575
"36103110602","tract",2023,"food_state_rnk",96.45
"36103110801","tract",2023,"food_state_rnk",96.4791
"36103110803","tract",2023,"food_state_rnk",96.1688
"36103110901","tract",2023,"food_state_rnk",44.1707
"36103110902","tract",2023,"food_state_rnk",28.7488
"36103111001","tract",2023,"food_state_rnk",72.9389
"36103111002","tract",2023,"food_state_rnk",39.8157
"36103111101","tract",2023,"food_state_rnk",23.4142
"36103111102","tract",2023,"food_state_rnk",43.5306
"36103111103","tract",2023,"food_state_rnk",75.4122
"36103111201","tract",2023,"food_state_rnk",52.7352
"36103111202","tract",2023,"food_state_rnk",82.3763
"36103111300","tract",2023,"food_state_rnk",86.2561
"36103111401","tract",2023,"food_state_rnk",92.4927
"36103111402","tract",2023,"food_state_rnk",89.1756
"36103111503","tract",2023,"food_state_rnk",58.71
"36103111504","tract",2023,"food_state_rnk",93.676
"36103111506","tract",2023,"food_state_rnk",75.2764
"36103111507","tract",2023,"food_state_rnk",84.8691
"36103111508","tract",2023,"food_state_rnk",81.096
"36103111601","tract",2023,"food_state_rnk",93.6566
"36103111602","tract",2023,"food_state_rnk",88.7585
"36103111701","tract",2023,"food_state_rnk",60.4462
"36103111703","tract",2023,"food_state_rnk",97.7207
"36103111704","tract",2023,"food_state_rnk",92.5412
"36103111801","tract",2023,"food_state_rnk",80.8147
"36103111802","tract",2023,"food_state_rnk",96.3822
"36103111803","tract",2023,"food_state_rnk",81.2318
"36103111804","tract",2023,"food_state_rnk",69.2241
"36103111900","tract",2023,"food_state_rnk",95.7129
"36103112001","tract",2023,"food_state_rnk",84.0349
"36103112002","tract",2023,"food_state_rnk",85.3152
"36103112102","tract",2023,"food_state_rnk",98.3026
"36103112103","tract",2023,"food_state_rnk",87.032
"36103112104","tract",2023,"food_state_rnk",92.4151
"36103112204","tract",2023,"food_state_rnk",81.6198
"36103112211","tract",2023,"food_state_rnk",93.1814
"36103112212","tract",2023,"food_state_rnk",96.0136
"36103112213","tract",2023,"food_state_rnk",91.5713
"36103112215","tract",2023,"food_state_rnk",98.4675
"36103112216","tract",2023,"food_state_rnk",83.4336
"36103112217","tract",2023,"food_state_rnk",81.5034
"36103112218","tract",2023,"food_state_rnk",74.8691
"36103112219","tract",2023,"food_state_rnk",88.0795
"36103112220","tract",2023,"food_state_rnk",88.8555
"36103122300","tract",2023,"food_state_rnk",89.0883
"36103122405","tract",2023,"food_state_rnk",44.8788
"36103122407","tract",2023,"food_state_rnk",40.1746
"36103122408","tract",2023,"food_state_rnk",87.1581
"36103122502","tract",2023,"food_state_rnk",59.5926
"36103122602","tract",2023,"food_state_rnk",96.1009
"36103122603","tract",2023,"food_state_rnk",74.4423
"36103122604","tract",2023,"food_state_rnk",75.8584
"36103122605","tract",2023,"food_state_rnk",70.7662
"36103122704","tract",2023,"food_state_rnk",80.6014
"36103122705","tract",2023,"food_state_rnk",71.2318
"36103122706","tract",2023,"food_state_rnk",80.6596
"36103122707","tract",2023,"food_state_rnk",57.0514
"36103122801","tract",2023,"food_state_rnk",59.6314
"36103122802","tract",2023,"food_state_rnk",85.5674
"36103122901","tract",2023,"food_state_rnk",72.0175
"36103122902","tract",2023,"food_state_rnk",88.2056
"36103123001","tract",2023,"food_state_rnk",76.1882
"36103123002","tract",2023,"food_state_rnk",45.0921
"36103123101","tract",2023,"food_state_rnk",80.5529
"36103123102","tract",2023,"food_state_rnk",75.8099
"36103123201","tract",2023,"food_state_rnk",30.8826
"36103123203","tract",2023,"food_state_rnk",53.5306
"36103123204","tract",2023,"food_state_rnk",32.4345
"36103123303","tract",2023,"food_state_rnk",34.0058
"36103123304","tract",2023,"food_state_rnk",35.4025
"36103123401","tract",2023,"food_state_rnk",76.8186
"36103123403","tract",2023,"food_state_rnk",34.937
"36103123404","tract",2023,"food_state_rnk",54.6848
"36103123500","tract",2023,"food_state_rnk",62.3472
"36103123600","tract",2023,"food_state_rnk",84.937
"36103123701","tract",2023,"food_state_rnk",42.1339
"36103123703","tract",2023,"food_state_rnk",52.5509
"36103123704","tract",2023,"food_state_rnk",45.1794
"36103123801","tract",2023,"food_state_rnk",56.9932
"36103123802","tract",2023,"food_state_rnk",59.5732
"36103123900","tract",2023,"food_state_rnk",80.3783
"36103124001","tract",2023,"food_state_rnk",55.4704
"36103124002","tract",2023,"food_state_rnk",85.6838
"36103124101","tract",2023,"food_state_rnk",49.6217
"36103124102","tract",2023,"food_state_rnk",93.1135
"36103124200","tract",2023,"food_state_rnk",91.1736
"36103124301","tract",2023,"food_state_rnk",61.1057
"36103124302","tract",2023,"food_state_rnk",77.5267
"36103124401","tract",2023,"food_state_rnk",88.7585
"36103124402","tract",2023,"food_state_rnk",90.7468
"36103124500","tract",2023,"food_state_rnk",75.1891
"36103124601","tract",2023,"food_state_rnk",59.2144
"36103124602","tract",2023,"food_state_rnk",92.1339
"36103134702","tract",2023,"food_state_rnk",96.13
"36103134703","tract",2023,"food_state_rnk",89.4277
"36103134704","tract",2023,"food_state_rnk",84.161
"36103134902","tract",2023,"food_state_rnk",92.7352
"36103134906","tract",2023,"food_state_rnk",88.71
"36103134907","tract",2023,"food_state_rnk",85.839
"36103134908","tract",2023,"food_state_rnk",96.3531
"36103134909","tract",2023,"food_state_rnk",78.7973
"36103135002","tract",2023,"food_state_rnk",73.2978
"36103135003","tract",2023,"food_state_rnk",74.9855
"36103135004","tract",2023,"food_state_rnk",97.3327
"36103135005","tract",2023,"food_state_rnk",98.0407
"36103135101","tract",2023,"food_state_rnk",84.8691
"36103135102","tract",2023,"food_state_rnk",73.8797
"36103135103","tract",2023,"food_state_rnk",83.1523
"36103135104","tract",2023,"food_state_rnk",87.9437
"36103135201","tract",2023,"food_state_rnk",88.4093
"36103135205","tract",2023,"food_state_rnk",89.8933
"36103135208","tract",2023,"food_state_rnk",87.7013
"36103135209","tract",2023,"food_state_rnk",84.2968
"36103135303","tract",2023,"food_state_rnk",56.0718
"36103135305","tract",2023,"food_state_rnk",90.5917
"36103135306","tract",2023,"food_state_rnk",99.612
"36103135401","tract",2023,"food_state_rnk",99.9224
"36103135402","tract",2023,"food_state_rnk",88.4675
"36103135403","tract",2023,"food_state_rnk",86.8962
"36103135500","tract",2023,"food_state_rnk",95.8584
"36103145701","tract",2023,"food_state_rnk",54.1804
"36103145703","tract",2023,"food_state_rnk",53.1232
"36103145705","tract",2023,"food_state_rnk",61.0475
"36103145706","tract",2023,"food_state_rnk",67.8468
"36103145803","tract",2023,"food_state_rnk",75.6256
"36103145804","tract",2023,"food_state_rnk",59.9612
"36103145807","tract",2023,"food_state_rnk",80.7565
"36103145808","tract",2023,"food_state_rnk",52.5509
"36103145809","tract",2023,"food_state_rnk",57.8661
"36103145810","tract",2023,"food_state_rnk",69.9806
"36103145901","tract",2023,"food_state_rnk",41.4937
"36103145903","tract",2023,"food_state_rnk",73.2105
"36103145904","tract",2023,"food_state_rnk",31.6974
"36103145905","tract",2023,"food_state_rnk",46.0912
"36103146002","tract",2023,"food_state_rnk",44.6557
"36103146004","tract",2023,"food_state_rnk",44.2774
"36103146005","tract",2023,"food_state_rnk",57.032
"36103146102","tract",2023,"food_state_rnk",61.484
"36103146103","tract",2023,"food_state_rnk",58.6033
"36103146202","tract",2023,"food_state_rnk",91.7168
"36103146203","tract",2023,"food_state_rnk",55.7711
"36103146205","tract",2023,"food_state_rnk",81.6198
"36103146206","tract",2023,"food_state_rnk",60.8341
"36103146300","tract",2023,"food_state_rnk",15.6256
"36103146402","tract",2023,"food_state_rnk",93.5209
"36103146403","tract",2023,"food_state_rnk",26.2464
"36103146404","tract",2023,"food_state_rnk",39.2726
"36103146500","tract",2023,"food_state_rnk",79.0689
"36103146607","tract",2023,"food_state_rnk",62.4054
"36103146608","tract",2023,"food_state_rnk",58.2541
"36103146611","tract",2023,"food_state_rnk",96.6052
"36103146612","tract",2023,"food_state_rnk",78.2735
"36103146613","tract",2023,"food_state_rnk",61.5422
"36103146614","tract",2023,"food_state_rnk",81.5713
"36103146616","tract",2023,"food_state_rnk",82.6964
"36103146617","tract",2023,"food_state_rnk",95.16
"36103146618","tract",2023,"food_state_rnk",61.872
"36103146619","tract",2023,"food_state_rnk",63.7342
"36103146620","tract",2023,"food_state_rnk",76.1397
"36103146703","tract",2023,"food_state_rnk",28.613
"36103146704","tract",2023,"food_state_rnk",81.3676
"36103146705","tract",2023,"food_state_rnk",82.1242
"36103146706","tract",2023,"food_state_rnk",91.6295
"36103146800","tract",2023,"food_state_rnk",97.9728
"36103146901","tract",2023,"food_state_rnk",85.354
"36103146902","tract",2023,"food_state_rnk",72.2308
"36103147001","tract",2023,"food_state_rnk",85.4995
"36103147003","tract",2023,"food_state_rnk",93.0262
"36103147004","tract",2023,"food_state_rnk",92.4539
"36103147100","tract",2023,"food_state_rnk",95.7614
"36103147201","tract",2023,"food_state_rnk",87.0708
"36103147202","tract",2023,"food_state_rnk",26.6925
"36103147301","tract",2023,"food_state_rnk",23.1329
"36103147302","tract",2023,"food_state_rnk",68.7779
"36103147401","tract",2023,"food_state_rnk",71.1445
"36103147402","tract",2023,"food_state_rnk",91.7944
"36103147502","tract",2023,"food_state_rnk",81.9205
"36103147503","tract",2023,"food_state_rnk",96.13
"36103147504","tract",2023,"food_state_rnk",75.3055
"36103147505","tract",2023,"food_state_rnk",82.1629
"36103147601","tract",2023,"food_state_rnk",96.8865
"36103147602","tract",2023,"food_state_rnk",86.7507
"36103147701","tract",2023,"food_state_rnk",86.0233
"36103147702","tract",2023,"food_state_rnk",83.1814
"36103147802","tract",2023,"food_state_rnk",73.5984
"36103147803","tract",2023,"food_state_rnk",89.8157
"36103147804","tract",2023,"food_state_rnk",91.2803
"36103147901","tract",2023,"food_state_rnk",65.6644
"36103147902","tract",2023,"food_state_rnk",96.6731
"36103158001","tract",2023,"food_state_rnk",80.0097
"36103158009","tract",2023,"food_state_rnk",83.7633
"36103158010","tract",2023,"food_state_rnk",97.8371
"36103158011","tract",2023,"food_state_rnk",70.2328
"36103158012","tract",2023,"food_state_rnk",99.0883
"36103158013","tract",2023,"food_state_rnk",88.1183
"36103158014","tract",2023,"food_state_rnk",NA
"36103158015","tract",2023,"food_state_rnk",NA
"36103158016","tract",2023,"food_state_rnk",98.8361
"36103158017","tract",2023,"food_state_rnk",89.9418
"36103158102","tract",2023,"food_state_rnk",83.2105
"36103158103","tract",2023,"food_state_rnk",61.1736
"36103158107","tract",2023,"food_state_rnk",87.8855
"36103158108","tract",2023,"food_state_rnk",81.5034
"36103158111","tract",2023,"food_state_rnk",92.9486
"36103158112","tract",2023,"food_state_rnk",53.1523
"36103158114","tract",2023,"food_state_rnk",67.9049
"36103158116","tract",2023,"food_state_rnk",83.4045
"36103158117","tract",2023,"food_state_rnk",63.6469
"36103158118","tract",2023,"food_state_rnk",96.7798
"36103158119","tract",2023,"food_state_rnk",63.5015
"36103158120","tract",2023,"food_state_rnk",73.6954
"36103158205","tract",2023,"food_state_rnk",93.4239
"36103158206","tract",2023,"food_state_rnk",77.8371
"36103158207","tract",2023,"food_state_rnk",99.5053
"36103158208","tract",2023,"food_state_rnk",88.1668
"36103158209","tract",2023,"food_state_rnk",67.1581
"36103158304","tract",2023,"food_state_rnk",94.1028
"36103158306","tract",2023,"food_state_rnk",92.8128
"36103158309","tract",2023,"food_state_rnk",72.1242
"36103158310","tract",2023,"food_state_rnk",58.4772
"36103158315","tract",2023,"food_state_rnk",49.2726
"36103158317","tract",2023,"food_state_rnk",79.7963
"36103158318","tract",2023,"food_state_rnk",95.4995
"36103158319","tract",2023,"food_state_rnk",89.1756
"36103158320","tract",2023,"food_state_rnk",83.0553
"36103158322","tract",2023,"food_state_rnk",87.1872
"36103158324","tract",2023,"food_state_rnk",79.6314
"36103158325","tract",2023,"food_state_rnk",57.7595
"36103158326","tract",2023,"food_state_rnk",42.0854
"36103158327","tract",2023,"food_state_rnk",79.1368
"36103158328","tract",2023,"food_state_rnk",95.4316
"36103158329","tract",2023,"food_state_rnk",95.2376
"36103158401","tract",2023,"food_state_rnk",93.1814
"36103158402","tract",2023,"food_state_rnk",91.387
"36103158403","tract",2023,"food_state_rnk",37.8274
"36103158407","tract",2023,"food_state_rnk",84.8206
"36103158408","tract",2023,"food_state_rnk",60.7856
"36103158409","tract",2023,"food_state_rnk",93.8506
"36103158410","tract",2023,"food_state_rnk",86.5664
"36103158411","tract",2023,"food_state_rnk",77.2648
"36103158412","tract",2023,"food_state_rnk",85.0048
"36103158502","tract",2023,"food_state_rnk",37.4588
"36103158505","tract",2023,"food_state_rnk",78.8167
"36103158506","tract",2023,"food_state_rnk",95.8099
"36103158509","tract",2023,"food_state_rnk",63.7633
"36103158510","tract",2023,"food_state_rnk",93.6275
"36103158511","tract",2023,"food_state_rnk",92.4345
"36103158512","tract",2023,"food_state_rnk",66.2076
"36103158513","tract",2023,"food_state_rnk",65.7226
"36103158514","tract",2023,"food_state_rnk",77.7692
"36103158604","tract",2023,"food_state_rnk",86.5664
"36103158605","tract",2023,"food_state_rnk",82.4636
"36103158606","tract",2023,"food_state_rnk",64.6363
"36103158607","tract",2023,"food_state_rnk",57.5655
"36103158608","tract",2023,"food_state_rnk",58.5063
"36103158609","tract",2023,"food_state_rnk",80.8632
"36103158705","tract",2023,"food_state_rnk",62.774
"36103158707","tract",2023,"food_state_rnk",81.9593
"36103158708","tract",2023,"food_state_rnk",26.3531
"36103158709","tract",2023,"food_state_rnk",94.5005
"36103158710","tract",2023,"food_state_rnk",35.5383
"36103158711","tract",2023,"food_state_rnk",52.1048
"36103158712","tract",2023,"food_state_rnk",68.322
"36103158713","tract",2023,"food_state_rnk",14.6072
"36103158714","tract",2023,"food_state_rnk",37.7013
"36103158715","tract",2023,"food_state_rnk",90.0679
"36103158802","tract",2023,"food_state_rnk",97.2454
"36103158803","tract",2023,"food_state_rnk",98.2153
"36103158805","tract",2023,"food_state_rnk",87.4879
"36103158806","tract",2023,"food_state_rnk",89.5344
"36103158901","tract",2023,"food_state_rnk",71.3094
"36103158902","tract",2023,"food_state_rnk",66.7216
"36103159000","tract",2023,"food_state_rnk",44.0252
"36103159103","tract",2023,"food_state_rnk",26.8865
"36103159106","tract",2023,"food_state_rnk",60.7177
"36103159107","tract",2023,"food_state_rnk",79.2435
"36103159108","tract",2023,"food_state_rnk",62.8225
"36103159109","tract",2023,"food_state_rnk",81.2706
"36103159110","tract",2023,"food_state_rnk",41.8526
"36103159111","tract",2023,"food_state_rnk",59.4568
"36103159112","tract",2023,"food_state_rnk",43.6081
"36103159201","tract",2023,"food_state_rnk",74.937
"36103159203","tract",2023,"food_state_rnk",94.4132
"36103159204","tract",2023,"food_state_rnk",68.6712
"36103159300","tract",2023,"food_state_rnk",91.7362
"36103159406","tract",2023,"food_state_rnk",85.2667
"36103159407","tract",2023,"food_state_rnk",83.6275
"36103159408","tract",2023,"food_state_rnk",71.5131
"36103159410","tract",2023,"food_state_rnk",84.0349
"36103159411","tract",2023,"food_state_rnk",52.8225
"36103159413","tract",2023,"food_state_rnk",89.3113
"36103159414","tract",2023,"food_state_rnk",71.6877
"36103159415","tract",2023,"food_state_rnk",27.6237
"36103159416","tract",2023,"food_state_rnk",42.4442
"36103159509","tract",2023,"food_state_rnk",20.8923
"36103159510","tract",2023,"food_state_rnk",37.7595
"36103159511","tract",2023,"food_state_rnk",69.8351
"36103159512","tract",2023,"food_state_rnk",57.5655
"36103159513","tract",2023,"food_state_rnk",49.1562
"36103159514","tract",2023,"food_state_rnk",42.8516
"36103159515","tract",2023,"food_state_rnk",72.1242
"36103159516","tract",2023,"food_state_rnk",38.8652
"36103159517","tract",2023,"food_state_rnk",36.1494
"36103159518","tract",2023,"food_state_rnk",35.936
"36103159602","tract",2023,"food_state_rnk",97.7498
"36103159603","tract",2023,"food_state_rnk",92.5121
"36103159604","tract",2023,"food_state_rnk",84.3938
"36103159700","tract",2023,"food_state_rnk",98.8555
"36103169701","tract",2023,"food_state_rnk",94.8982
"36103169703","tract",2023,"food_state_rnk",72.9389
"36103169705","tract",2023,"food_state_rnk",74.1222
"36103169706","tract",2023,"food_state_rnk",88.5936
"36103169800","tract",2023,"food_state_rnk",54.2386
"36103169903","tract",2023,"food_state_rnk",73.0359
"36103169904","tract",2023,"food_state_rnk",13.4821
"36103169905","tract",2023,"food_state_rnk",89.3889
"36103169906","tract",2023,"food_state_rnk",87.3424
"36103170003","tract",2023,"food_state_rnk",96.3337
"36103170004","tract",2023,"food_state_rnk",98.6615
"36103170005","tract",2023,"food_state_rnk",92.9486
"36103170006","tract",2023,"food_state_rnk",47.8177
"36103170101","tract",2023,"food_state_rnk",92.7352
"36103170203","tract",2023,"food_state_rnk",98.3705
"36103170204","tract",2023,"food_state_rnk",82.8807
"36103170205","tract",2023,"food_state_rnk",63.2881
"36103170206","tract",2023,"food_state_rnk",96.935
"36103180300","tract",2023,"food_state_rnk",98.9719
"36103190402","tract",2023,"food_state_rnk",98.0989
"36103190403","tract",2023,"food_state_rnk",89.4277
"36103190404","tract",2023,"food_state_rnk",55.7711
"36103190405","tract",2023,"food_state_rnk",87.4103
"36103190502","tract",2023,"food_state_rnk",85.1697
"36103190503","tract",2023,"food_state_rnk",48.1183
"36103190504","tract",2023,"food_state_rnk",95.9554
"36103190603","tract",2023,"food_state_rnk",94.3744
"36103190604","tract",2023,"food_state_rnk",76.9156
"36103190605","tract",2023,"food_state_rnk",89.5829
"36103190606","tract",2023,"food_state_rnk",91.969
"36103190706","tract",2023,"food_state_rnk",79.7284
"36103190708","tract",2023,"food_state_rnk",98.2347
"36103190709","tract",2023,"food_state_rnk",75.5286
"36103190710","tract",2023,"food_state_rnk",98.2541
"36103190711","tract",2023,"food_state_rnk",96.7216
"36103190712","tract",2023,"food_state_rnk",94.6072
"36103190713","tract",2023,"food_state_rnk",97.3036
"36103190714","tract",2023,"food_state_rnk",45.9263
"36103190801","tract",2023,"food_state_rnk",97.2648
"36103190802","tract",2023,"food_state_rnk",78.6518
"36103200901","tract",2023,"food_state_rnk",83.8118
"36103200903","tract",2023,"food_state_rnk",97.0417
"36103200904","tract",2023,"food_state_rnk",44.2289
"36103200905","tract",2023,"food_state_rnk",44.3938
"36103200906","tract",2023,"food_state_rnk",44.7236
"36103201005","tract",2023,"food_state_rnk",76.9156
"36103201006","tract",2023,"food_state_rnk",78.2735
"36103201007","tract",2023,"food_state_rnk",68.4966
"36103201008","tract",2023,"food_state_rnk",93.259
"36103201009","tract",2023,"food_state_rnk",99.7284
"36103201010","tract",2023,"food_state_rnk",86.1979
"36103990100","tract",2023,"food_state_rnk",NA
"36105950100","tract",2023,"food_state_rnk",43.676
"36105950201","tract",2023,"food_state_rnk",72.9001
"36105950202","tract",2023,"food_state_rnk",21.5131
"36105950300","tract",2023,"food_state_rnk",36.935
"36105950400","tract",2023,"food_state_rnk",45.7808
"36105950500","tract",2023,"food_state_rnk",41.1251
"36105950600","tract",2023,"food_state_rnk",90.6111
"36105950701","tract",2023,"food_state_rnk",61.0475
"36105950702","tract",2023,"food_state_rnk",29.4471
"36105950801","tract",2023,"food_state_rnk",27.5461
"36105950802","tract",2023,"food_state_rnk",58.5257
"36105950900","tract",2023,"food_state_rnk",12.5509
"36105951000","tract",2023,"food_state_rnk",25.2958
"36105951100","tract",2023,"food_state_rnk",NA
"36105951201","tract",2023,"food_state_rnk",72.5606
"36105951202","tract",2023,"food_state_rnk",22.192
"36105951301","tract",2023,"food_state_rnk",71.6295
"36105951302","tract",2023,"food_state_rnk",69.1465
"36105951500","tract",2023,"food_state_rnk",14.064
"36105951600","tract",2023,"food_state_rnk",25.451
"36105951701","tract",2023,"food_state_rnk",71.3094
"36105951702","tract",2023,"food_state_rnk",77.2648
"36105951801","tract",2023,"food_state_rnk",6.5761
"36105951802","tract",2023,"food_state_rnk",10.6693
"36105951900","tract",2023,"food_state_rnk",38.3123
"36105952000","tract",2023,"food_state_rnk",89.6799
"36105952100","tract",2023,"food_state_rnk",87.5267
"36105952200","tract",2023,"food_state_rnk",55.5577
"36105952300","tract",2023,"food_state_rnk",78.3996
"36105952400","tract",2023,"food_state_rnk",70.4753
"36105952500","tract",2023,"food_state_rnk",60.2134
"36107020101","tract",2023,"food_state_rnk",41.4549
"36107020102","tract",2023,"food_state_rnk",47.4685
"36107020200","tract",2023,"food_state_rnk",43.9282
"36107020300","tract",2023,"food_state_rnk",72.4927
"36107020401","tract",2023,"food_state_rnk",63.87
"36107020402","tract",2023,"food_state_rnk",54.7333
"36107020500","tract",2023,"food_state_rnk",19.9418
"36107020600","tract",2023,"food_state_rnk",47.7304
"36107020701","tract",2023,"food_state_rnk",31.2803
"36107020702","tract",2023,"food_state_rnk",31.9884
"36107020703","tract",2023,"food_state_rnk",67.5558
"36109000100","tract",2023,"food_state_rnk",58.9137
"36109000201","tract",2023,"food_state_rnk",82.1242
"36109000202","tract",2023,"food_state_rnk",56.421
"36109000300","tract",2023,"food_state_rnk",NA
"36109000400","tract",2023,"food_state_rnk",NA
"36109000500","tract",2023,"food_state_rnk",71.9399
"36109000600","tract",2023,"food_state_rnk",94.937
"36109000700","tract",2023,"food_state_rnk",71.3579
"36109000800","tract",2023,"food_state_rnk",36.1494
"36109000900","tract",2023,"food_state_rnk",56.1106
"36109001000","tract",2023,"food_state_rnk",40.2425
"36109001100","tract",2023,"food_state_rnk",94.2386
"36109001200","tract",2023,"food_state_rnk",NA
"36109001301","tract",2023,"food_state_rnk",95.0436
"36109001302","tract",2023,"food_state_rnk",71.6877
"36109001400","tract",2023,"food_state_rnk",80.8632
"36109001500","tract",2023,"food_state_rnk",69.9224
"36109001600","tract",2023,"food_state_rnk",89.6314
"36109001700","tract",2023,"food_state_rnk",75.6741
"36109001800","tract",2023,"food_state_rnk",30.0873
"36109001901","tract",2023,"food_state_rnk",66.5955
"36109001902","tract",2023,"food_state_rnk",78.0795
"36109002000","tract",2023,"food_state_rnk",28.9428
"36109002100","tract",2023,"food_state_rnk",65.4704
"36109002200","tract",2023,"food_state_rnk",25.6644
"36109002300","tract",2023,"food_state_rnk",35.6547
"36111950100","tract",2023,"food_state_rnk",92.0854
"36111950200","tract",2023,"food_state_rnk",42.2017
"36111950300","tract",2023,"food_state_rnk",46.7992
"36111950400","tract",2023,"food_state_rnk",81.1736
"36111950500","tract",2023,"food_state_rnk",51.5519
"36111950600","tract",2023,"food_state_rnk",96.2076
"36111950900","tract",2023,"food_state_rnk",42.6188
"36111951000","tract",2023,"food_state_rnk",71.1445
"36111951100","tract",2023,"food_state_rnk",88.3608
"36111951200","tract",2023,"food_state_rnk",66.5664
"36111951300","tract",2023,"food_state_rnk",69.9224
"36111951400","tract",2023,"food_state_rnk",23.2396
"36111951500","tract",2023,"food_state_rnk",60.9893
"36111951600","tract",2023,"food_state_rnk",41.7071
"36111951700","tract",2023,"food_state_rnk",32.3181
"36111951800","tract",2023,"food_state_rnk",24.3744
"36111951900","tract",2023,"food_state_rnk",24.7333
"36111952000","tract",2023,"food_state_rnk",56.1882
"36111952100","tract",2023,"food_state_rnk",34.8012
"36111952200","tract",2023,"food_state_rnk",76.5761
"36111952300","tract",2023,"food_state_rnk",62.968
"36111952400","tract",2023,"food_state_rnk",26.324
"36111952500","tract",2023,"food_state_rnk",64.1125
"36111952600","tract",2023,"food_state_rnk",99.3501
"36111952700","tract",2023,"food_state_rnk",72.8031
"36111952800","tract",2023,"food_state_rnk",43.4918
"36111952901","tract",2023,"food_state_rnk",57.2939
"36111952902","tract",2023,"food_state_rnk",55.5092
"36111953000","tract",2023,"food_state_rnk",73.4724
"36111953300","tract",2023,"food_state_rnk",81.2997
"36111953400","tract",2023,"food_state_rnk",79.6702
"36111953500","tract",2023,"food_state_rnk",NA
"36111953600","tract",2023,"food_state_rnk",97.6722
"36111953700","tract",2023,"food_state_rnk",88.4384
"36111953800","tract",2023,"food_state_rnk",94.1222
"36111953900","tract",2023,"food_state_rnk",70.8826
"36111954000","tract",2023,"food_state_rnk",64.0349
"36111954100","tract",2023,"food_state_rnk",76.2367
"36111954200","tract",2023,"food_state_rnk",NA
"36111954402","tract",2023,"food_state_rnk",85.5286
"36111954500","tract",2023,"food_state_rnk",50.9408
"36111954600","tract",2023,"food_state_rnk",74.0737
"36111954700","tract",2023,"food_state_rnk",78.613
"36111954800","tract",2023,"food_state_rnk",20.0873
"36111954900","tract",2023,"food_state_rnk",88.6227
"36111955001","tract",2023,"food_state_rnk",75.5286
"36111955002","tract",2023,"food_state_rnk",92.0272
"36111955300","tract",2023,"food_state_rnk",56.0039
"36111955400","tract",2023,"food_state_rnk",86.4888
"36113070100","tract",2023,"food_state_rnk",42.2502
"36113070200","tract",2023,"food_state_rnk",21.3094
"36113070300","tract",2023,"food_state_rnk",83.4045
"36113070400","tract",2023,"food_state_rnk",36.547
"36113070500","tract",2023,"food_state_rnk",25.0048
"36113070602","tract",2023,"food_state_rnk",96.2658
"36113070603","tract",2023,"food_state_rnk",83.3075
"36113070604","tract",2023,"food_state_rnk",93.4433
"36113070701","tract",2023,"food_state_rnk",89.9806
"36113070702","tract",2023,"food_state_rnk",49.3501
"36113070801","tract",2023,"food_state_rnk",83.8118
"36113070802","tract",2023,"food_state_rnk",54.6363
"36113070900","tract",2023,"food_state_rnk",95.354
"36113071000","tract",2023,"food_state_rnk",76.7022
"36113072001","tract",2023,"food_state_rnk",68.2541
"36113072002","tract",2023,"food_state_rnk",94.8982
"36113073000","tract",2023,"food_state_rnk",49.098
"36113073500","tract",2023,"food_state_rnk",54.2871
"36113074000","tract",2023,"food_state_rnk",51.7168
"36113075001","tract",2023,"food_state_rnk",71.096
"36113075002","tract",2023,"food_state_rnk",25.9554
"36113076000","tract",2023,"food_state_rnk",85.0436
"36113078000","tract",2023,"food_state_rnk",75.8099
"36115080100","tract",2023,"food_state_rnk",43.0747
"36115080200","tract",2023,"food_state_rnk",46.2658
"36115080301","tract",2023,"food_state_rnk",33.0941
"36115080302","tract",2023,"food_state_rnk",74.9855
"36115081001","tract",2023,"food_state_rnk",94.1804
"36115081002","tract",2023,"food_state_rnk",NA
"36115082001","tract",2023,"food_state_rnk",37.7983
"36115082002","tract",2023,"food_state_rnk",68.807
"36115084001","tract",2023,"food_state_rnk",50.0097
"36115084002","tract",2023,"food_state_rnk",38.4481
"36115085000","tract",2023,"food_state_rnk",71.7362
"36115086000","tract",2023,"food_state_rnk",30.2425
"36115087000","tract",2023,"food_state_rnk",62.2696
"36115088001","tract",2023,"food_state_rnk",40.5529
"36115088002","tract",2023,"food_state_rnk",41.5713
"36115089000","tract",2023,"food_state_rnk",73.065
"36115090000","tract",2023,"food_state_rnk",56.8865
"36115091000","tract",2023,"food_state_rnk",57.1484
"36115092000","tract",2023,"food_state_rnk",70.2037
"36115093000","tract",2023,"food_state_rnk",73.0941
"36115094000","tract",2023,"food_state_rnk",77.7304
"36117020103","tract",2023,"food_state_rnk",88.0504
"36117020104","tract",2023,"food_state_rnk",86.3628
"36117020105","tract",2023,"food_state_rnk",85.1212
"36117020106","tract",2023,"food_state_rnk",32.8613
"36117020201","tract",2023,"food_state_rnk",84.5781
"36117020202","tract",2023,"food_state_rnk",50.0097
"36117020302","tract",2023,"food_state_rnk",73.2978
"36117020303","tract",2023,"food_state_rnk",58.5548
"36117020401","tract",2023,"food_state_rnk",67.9437
"36117020402","tract",2023,"food_state_rnk",41.9787
"36117020500","tract",2023,"food_state_rnk",79.5732
"36117020601","tract",2023,"food_state_rnk",78.5839
"36117020602","tract",2023,"food_state_rnk",53.4821
"36117020700","tract",2023,"food_state_rnk",50.7081
"36117020800","tract",2023,"food_state_rnk",32.8225
"36117020900","tract",2023,"food_state_rnk",49.3307
"36117021000","tract",2023,"food_state_rnk",83.3075
"36117021100","tract",2023,"food_state_rnk",60.1067
"36117021200","tract",2023,"food_state_rnk",33.1523
"36117021400","tract",2023,"food_state_rnk",19.4762
"36117021501","tract",2023,"food_state_rnk",36.5858
"36117021502","tract",2023,"food_state_rnk",43.8409
"36117021600","tract",2023,"food_state_rnk",78.516
"36117021700","tract",2023,"food_state_rnk",58.7682
"36117021800","tract",2023,"food_state_rnk",46.4888
"36117990100","tract",2023,"food_state_rnk",NA
"36119000101","tract",2023,"food_state_rnk",9.6605
"36119000103","tract",2023,"food_state_rnk",8.4578
"36119000104","tract",2023,"food_state_rnk",52.1823
"36119000202","tract",2023,"food_state_rnk",18.1571
"36119000203","tract",2023,"food_state_rnk",31.581
"36119000204","tract",2023,"food_state_rnk",8.807
"36119000205","tract",2023,"food_state_rnk",15.6547
"36119000300","tract",2023,"food_state_rnk",9.1368
"36119000401","tract",2023,"food_state_rnk",29.7866
"36119000403","tract",2023,"food_state_rnk",14.9564
"36119000404","tract",2023,"food_state_rnk",25.1697
"36119000501","tract",2023,"food_state_rnk",4.0349
"36119000502","tract",2023,"food_state_rnk",0.3492
"36119000601","tract",2023,"food_state_rnk",3.3948
"36119000602","tract",2023,"food_state_rnk",10.5335
"36119000701","tract",2023,"food_state_rnk",59.9612
"36119000702","tract",2023,"food_state_rnk",41.6392
"36119000801","tract",2023,"food_state_rnk",59.1271
"36119000802","tract",2023,"food_state_rnk",68.0698
"36119000803","tract",2023,"food_state_rnk",47.3909
"36119000900","tract",2023,"food_state_rnk",61.5907
"36119001000","tract",2023,"food_state_rnk",0.3298
"36119001101","tract",2023,"food_state_rnk",3.7439
"36119001102","tract",2023,"food_state_rnk",19.3598
"36119001200","tract",2023,"food_state_rnk",10.5141
"36119001301","tract",2023,"food_state_rnk",40.5529
"36119001302","tract",2023,"food_state_rnk",38.0601
"36119001304","tract",2023,"food_state_rnk",7.5364
"36119001305","tract",2023,"food_state_rnk",3.162
"36119001401","tract",2023,"food_state_rnk",73.8312
"36119001402","tract",2023,"food_state_rnk",33.6954
"36119001403","tract",2023,"food_state_rnk",50.4656
"36119001502","tract",2023,"food_state_rnk",80.9408
"36119001503","tract",2023,"food_state_rnk",59.1659
"36119001504","tract",2023,"food_state_rnk",53.8312
"36119001505","tract",2023,"food_state_rnk",55.0824
"36119001600","tract",2023,"food_state_rnk",30.3589
"36119001701","tract",2023,"food_state_rnk",43.7051
"36119001702","tract",2023,"food_state_rnk",69.2726
"36119001800","tract",2023,"food_state_rnk",47.7789
"36119001900","tract",2023,"food_state_rnk",56.2852
"36119002000","tract",2023,"food_state_rnk",76.9156
"36119002101","tract",2023,"food_state_rnk",67.7692
"36119002103","tract",2023,"food_state_rnk",78.516
"36119002104","tract",2023,"food_state_rnk",65.9942
"36119002105","tract",2023,"food_state_rnk",72.8225
"36119002106","tract",2023,"food_state_rnk",45.4898
"36119002107","tract",2023,"food_state_rnk",25.2376
"36119002201","tract",2023,"food_state_rnk",74.161
"36119002202","tract",2023,"food_state_rnk",64.7818
"36119002203","tract",2023,"food_state_rnk",35.4995
"36119002204","tract",2023,"food_state_rnk",88.0795
"36119002300","tract",2023,"food_state_rnk",49.4277
"36119002401","tract",2023,"food_state_rnk",92.0078
"36119002402","tract",2023,"food_state_rnk",79.0495
"36119002403","tract",2023,"food_state_rnk",74.3938
"36119002404","tract",2023,"food_state_rnk",73.4724
"36119002405","tract",2023,"food_state_rnk",79.6023
"36119002600","tract",2023,"food_state_rnk",32.7255
"36119002700","tract",2023,"food_state_rnk",20.805
"36119002800","tract",2023,"food_state_rnk",16.6052
"36119002900","tract",2023,"food_state_rnk",7.7013
"36119003000","tract",2023,"food_state_rnk",6.0718
"36119003100","tract",2023,"food_state_rnk",2.2696
"36119003200","tract",2023,"food_state_rnk",5.6838
"36119003300","tract",2023,"food_state_rnk",29.3404
"36119003400","tract",2023,"food_state_rnk",50.5917
"36119003500","tract",2023,"food_state_rnk",8.8264
"36119003600","tract",2023,"food_state_rnk",32.2114
"36119003700","tract",2023,"food_state_rnk",45.3346
"36119003800","tract",2023,"food_state_rnk",67.2842
"36119003900","tract",2023,"food_state_rnk",59.5441
"36119004001","tract",2023,"food_state_rnk",13.3754
"36119004002","tract",2023,"food_state_rnk",52.7061
"36119004100","tract",2023,"food_state_rnk",58.4093
"36119004200","tract",2023,"food_state_rnk",52.386
"36119004500","tract",2023,"food_state_rnk",63.4045
"36119004600","tract",2023,"food_state_rnk",61.6586
"36119004700","tract",2023,"food_state_rnk",97.1969
"36119004801","tract",2023,"food_state_rnk",83.3754
"36119004802","tract",2023,"food_state_rnk",87.9146
"36119004900","tract",2023,"food_state_rnk",80.2134
"36119005001","tract",2023,"food_state_rnk",88.5742
"36119005002","tract",2023,"food_state_rnk",78.9331
"36119005100","tract",2023,"food_state_rnk",78.9331
"36119005200","tract",2023,"food_state_rnk",97.5558
"36119005300","tract",2023,"food_state_rnk",79.5247
"36119005400","tract",2023,"food_state_rnk",92.8904
"36119005500","tract",2023,"food_state_rnk",88.6615
"36119005600","tract",2023,"food_state_rnk",NA
"36119005702","tract",2023,"food_state_rnk",45.0048
"36119005703","tract",2023,"food_state_rnk",58.807
"36119005704","tract",2023,"food_state_rnk",85.4995
"36119005800","tract",2023,"food_state_rnk",67.1775
"36119005901","tract",2023,"food_state_rnk",46.0912
"36119005902","tract",2023,"food_state_rnk",77.129
"36119006000","tract",2023,"food_state_rnk",44.8788
"36119006100","tract",2023,"food_state_rnk",24.6169
"36119006200","tract",2023,"food_state_rnk",49.2532
"36119006301","tract",2023,"food_state_rnk",16.5082
"36119006302","tract",2023,"food_state_rnk",8.2832
"36119006400","tract",2023,"food_state_rnk",25.8293
"36119006500","tract",2023,"food_state_rnk",24.0834
"36119006600","tract",2023,"food_state_rnk",73.8312
"36119006700","tract",2023,"food_state_rnk",83.0262
"36119006801","tract",2023,"food_state_rnk",98.8943
"36119006802","tract",2023,"food_state_rnk",99.4374
"36119006900","tract",2023,"food_state_rnk",95.3249
"36119007000","tract",2023,"food_state_rnk",98.4093
"36119007100","tract",2023,"food_state_rnk",99.321
"36119007200","tract",2023,"food_state_rnk",66.3822
"36119007300","tract",2023,"food_state_rnk",76.4985
"36119007401","tract",2023,"food_state_rnk",85.4025
"36119007402","tract",2023,"food_state_rnk",96.5082
"36119007500","tract",2023,"food_state_rnk",95.5965
"36119007600","tract",2023,"food_state_rnk",89.5053
"36119007700","tract",2023,"food_state_rnk",93.2105
"36119007800","tract",2023,"food_state_rnk",23.5015
"36119007901","tract",2023,"food_state_rnk",49.6217
"36119007902","tract",2023,"food_state_rnk",57.4491
"36119008000","tract",2023,"food_state_rnk",20.9699
"36119008100","tract",2023,"food_state_rnk",56.5373
"36119008200","tract",2023,"food_state_rnk",65.548
"36119008301","tract",2023,"food_state_rnk",90.194
"36119008302","tract",2023,"food_state_rnk",99.8157
"36119008401","tract",2023,"food_state_rnk",94.743
"36119008403","tract",2023,"food_state_rnk",79.6023
"36119008404","tract",2023,"food_state_rnk",85.9554
"36119008500","tract",2023,"food_state_rnk",98.4287
"36119008602","tract",2023,"food_state_rnk",99.0495
"36119008700","tract",2023,"food_state_rnk",84.9079
"36119008801","tract",2023,"food_state_rnk",76.0427
"36119008802","tract",2023,"food_state_rnk",86.0718
"36119008901","tract",2023,"food_state_rnk",91.0669
"36119008902","tract",2023,"food_state_rnk",47.7304
"36119009000","tract",2023,"food_state_rnk",26.1494
"36119009100","tract",2023,"food_state_rnk",48.0795
"36119009201","tract",2023,"food_state_rnk",69.7284
"36119009202","tract",2023,"food_state_rnk",62.2696
"36119009300","tract",2023,"food_state_rnk",32.6673
"36119009400","tract",2023,"food_state_rnk",63.6081
"36119009500","tract",2023,"food_state_rnk",31.3288
"36119009600","tract",2023,"food_state_rnk",87.5267
"36119009701","tract",2023,"food_state_rnk",97.6722
"36119009702","tract",2023,"food_state_rnk",97.3327
"36119009703","tract",2023,"food_state_rnk",92.3084
"36119009800","tract",2023,"food_state_rnk",99.5441
"36119009900","tract",2023,"food_state_rnk",93.4918
"36119010000","tract",2023,"food_state_rnk",89.6314
"36119010100","tract",2023,"food_state_rnk",92.8904
"36119010200","tract",2023,"food_state_rnk",95.6256
"36119010300","tract",2023,"food_state_rnk",93.8797
"36119010400","tract",2023,"food_state_rnk",89.7575
"36119010500","tract",2023,"food_state_rnk",88.3608
"36119010600","tract",2023,"food_state_rnk",99.8448
"36119010701","tract",2023,"food_state_rnk",98.6421
"36119010702","tract",2023,"food_state_rnk",85.4607
"36119010801","tract",2023,"food_state_rnk",89.6314
"36119010803","tract",2023,"food_state_rnk",82.4151
"36119010804","tract",2023,"food_state_rnk",98.6227
"36119010901","tract",2023,"food_state_rnk",39.7381
"36119010902","tract",2023,"food_state_rnk",76.3531
"36119010903","tract",2023,"food_state_rnk",50.6305
"36119011000","tract",2023,"food_state_rnk",84.161
"36119011101","tract",2023,"food_state_rnk",91.4161
"36119011102","tract",2023,"food_state_rnk",91.5228
"36119011200","tract",2023,"food_state_rnk",48.6906
"36119011300","tract",2023,"food_state_rnk",99.5053
"36119011401","tract",2023,"food_state_rnk",82.0854
"36119011402","tract",2023,"food_state_rnk",91.6295
"36119011500","tract",2023,"food_state_rnk",92.6479
"36119011601","tract",2023,"food_state_rnk",30.2813
"36119011602","tract",2023,"food_state_rnk",31.4549
"36119011700","tract",2023,"food_state_rnk",95.9166
"36119011800","tract",2023,"food_state_rnk",99.0301
"36119011902","tract",2023,"food_state_rnk",62.3278
"36119012000","tract",2023,"food_state_rnk",99.9612
"36119012101","tract",2023,"food_state_rnk",93.9767
"36119012102","tract",2023,"food_state_rnk",91.1251
"36119012201","tract",2023,"food_state_rnk",93.3948
"36119012202","tract",2023,"food_state_rnk",61.7653
"36119012301","tract",2023,"food_state_rnk",83.1135
"36119012303","tract",2023,"food_state_rnk",75.5965
"36119012304","tract",2023,"food_state_rnk",98.8749
"36119012400","tract",2023,"food_state_rnk",98.9525
"36119012501","tract",2023,"food_state_rnk",98.71
"36119012502","tract",2023,"food_state_rnk",97.0417
"36119012503","tract",2023,"food_state_rnk",97.1678
"36119012600","tract",2023,"food_state_rnk",94.7915
"36119012700","tract",2023,"food_state_rnk",97.0417
"36119012803","tract",2023,"food_state_rnk",94.4714
"36119012804","tract",2023,"food_state_rnk",75.1503
"36119012900","tract",2023,"food_state_rnk",61.5713
"36119013000","tract",2023,"food_state_rnk",64.3938
"36119013102","tract",2023,"food_state_rnk",97.6334
"36119013103","tract",2023,"food_state_rnk",86.4113
"36119013104","tract",2023,"food_state_rnk",99.8836
"36119013201","tract",2023,"food_state_rnk",97.2842
"36119013202","tract",2023,"food_state_rnk",95.1115
"36119013301","tract",2023,"food_state_rnk",30.3783
"36119013304","tract",2023,"food_state_rnk",50.5723
"36119013401","tract",2023,"food_state_rnk",84.3938
"36119013402","tract",2023,"food_state_rnk",95.0436
"36119013500","tract",2023,"food_state_rnk",80.902
"36119013600","tract",2023,"food_state_rnk",66.2852
"36119013700","tract",2023,"food_state_rnk",88.3608
"36119013800","tract",2023,"food_state_rnk",91.5228
"36119013900","tract",2023,"food_state_rnk",95.2764
"36119014000","tract",2023,"food_state_rnk",88.4675
"36119014100","tract",2023,"food_state_rnk",34.7527
"36119014200","tract",2023,"food_state_rnk",64.4423
"36119014300","tract",2023,"food_state_rnk",24.8497
"36119014400","tract",2023,"food_state_rnk",65.063
"36119014500","tract",2023,"food_state_rnk",45.645
"36119014604","tract",2023,"food_state_rnk",72.2308
"36119014605","tract",2023,"food_state_rnk",93.9476
"36119014606","tract",2023,"food_state_rnk",99.2726
"36119014607","tract",2023,"food_state_rnk",81.6198
"36119014701","tract",2023,"food_state_rnk",76.4597
"36119014703","tract",2023,"food_state_rnk",43.8991
"36119014704","tract",2023,"food_state_rnk",74.9564
"36119014805","tract",2023,"food_state_rnk",96.7022
"36119014806","tract",2023,"food_state_rnk",76.7022
"36119014808","tract",2023,"food_state_rnk",70.4074
"36119014809","tract",2023,"food_state_rnk",75.4122
"36119014810","tract",2023,"food_state_rnk",97.3812
"36119014811","tract",2023,"food_state_rnk",99.3501
"36119014812","tract",2023,"food_state_rnk",98.9137
"36119014813","tract",2023,"food_state_rnk",68.8555
"36119014901","tract",2023,"food_state_rnk",100
"36119014903","tract",2023,"food_state_rnk",98.1377
"36119014907","tract",2023,"food_state_rnk",91.3191
"36119014908","tract",2023,"food_state_rnk",93.3075
"36119014909","tract",2023,"food_state_rnk",96.7604
"36119015000","tract",2023,"food_state_rnk",99.3986
"36119015100","tract",2023,"food_state_rnk",77.8758
"36119981000","tract",2023,"food_state_rnk",NA
"36119982000","tract",2023,"food_state_rnk",NA
"36119983000","tract",2023,"food_state_rnk",NA
"36119984000","tract",2023,"food_state_rnk",NA
"36119985000","tract",2023,"food_state_rnk",NA
"36121970100","tract",2023,"food_state_rnk",75.7323
"36121970201","tract",2023,"food_state_rnk",NA
"36121970202","tract",2023,"food_state_rnk",55.8584
"36121970300","tract",2023,"food_state_rnk",71.0669
"36121970400","tract",2023,"food_state_rnk",70.9699
"36121970500","tract",2023,"food_state_rnk",48.9816
"36121970600","tract",2023,"food_state_rnk",64.0834
"36121970700","tract",2023,"food_state_rnk",56.2852
"36121970800","tract",2023,"food_state_rnk",69.9806
"36121970900","tract",2023,"food_state_rnk",75.4704
"36121971000","tract",2023,"food_state_rnk",57.3327
"36121971100","tract",2023,"food_state_rnk",51.4937
"36123150101","tract",2023,"food_state_rnk",39.2726
"36123150102","tract",2023,"food_state_rnk",66.5179
"36123150200","tract",2023,"food_state_rnk",49.3016
"36123150301","tract",2023,"food_state_rnk",65.8002
"36123150302","tract",2023,"food_state_rnk",68.4287
"36123150400","tract",2023,"food_state_rnk",74.9079
"36123150501","tract",2023,"food_state_rnk",43.0747
"36123150502","tract",2023,"food_state_rnk",68.3608
