"geoid","geolevel","year","level","value"
"55001950100","tract",2023,"food_score",108.72
"55001950201","tract",2023,"food_score",95.44
"55001950203","tract",2023,"food_score",98.22
"55001950204","tract",2023,"food_score",93.53
"55001950400","tract",2023,"food_score",88.33
"55001950501","tract",2023,"food_score",93.04
"55001950502","tract",2023,"food_score",94.2
"55001950700","tract",2023,"food_score",100.01
"55003940000","tract",2023,"food_score",92.02
"55003950300","tract",2023,"food_score",109.75
"55003950400","tract",2023,"food_score",92.74
"55003950500","tract",2023,"food_score",104.59
"55003950600","tract",2023,"food_score",83.7
"55003950700","tract",2023,"food_score",108.42
"55003950800","tract",2023,"food_score",90.65
"55003990000","tract",2023,"food_score",NA
"55005000100","tract",2023,"food_score",115.26
"55005000200","tract",2023,"food_score",94.93
"55005000300","tract",2023,"food_score",101.41
"55005000400","tract",2023,"food_score",103.28
"55005000500","tract",2023,"food_score",98.63
"55005000601","tract",2023,"food_score",99.16
"55005000602","tract",2023,"food_score",102.96
"55005000800","tract",2023,"food_score",107.85
"55005000900","tract",2023,"food_score",110.27
"55005001001","tract",2023,"food_score",116.86
"55005001003","tract",2023,"food_score",108.54
"55005001004","tract",2023,"food_score",102.19
"55007960100","tract",2023,"food_score",85.48
"55007960200","tract",2023,"food_score",112.57
"55007960300","tract",2023,"food_score",102.81
"55007960401","tract",2023,"food_score",108.3
"55007960402","tract",2023,"food_score",109.03
"55007960600","tract",2023,"food_score",109.1
"55007990000","tract",2023,"food_score",NA
"55009000100","tract",2023,"food_score",86.25
"55009000200","tract",2023,"food_score",82.94
"55009000302","tract",2023,"food_score",72.15
"55009000303","tract",2023,"food_score",84.8
"55009000401","tract",2023,"food_score",78.57
"55009000402","tract",2023,"food_score",99.23
"55009000500","tract",2023,"food_score",90.06
"55009000600","tract",2023,"food_score",118.35
"55009000700","tract",2023,"food_score",98.46
"55009000800","tract",2023,"food_score",77.84
"55009000900","tract",2023,"food_score",76.17
"55009001000","tract",2023,"food_score",94.81
"55009001100","tract",2023,"food_score",88.63
"55009001200","tract",2023,"food_score",68.08
"55009001300","tract",2023,"food_score",91.1
"55009001400","tract",2023,"food_score",86.24
"55009001600","tract",2023,"food_score",84.28
"55009001701","tract",2023,"food_score",96.41
"55009001702","tract",2023,"food_score",94.39
"55009001801","tract",2023,"food_score",90.94
"55009001802","tract",2023,"food_score",118.4
"55009002001","tract",2023,"food_score",111.1
"55009002002","tract",2023,"food_score",97.13
"55009002003","tract",2023,"food_score",122.88
"55009010100","tract",2023,"food_score",115.51
"55009010201","tract",2023,"food_score",NA
"55009010202","tract",2023,"food_score",103.72
"55009010300","tract",2023,"food_score",106.89
"55009020100","tract",2023,"food_score",120.33
"55009020203","tract",2023,"food_score",125.8
"55009020204","tract",2023,"food_score",125.5
"55009020502","tract",2023,"food_score",99.28
"55009020504","tract",2023,"food_score",124.87
"55009020505","tract",2023,"food_score",108.7
"55009020506","tract",2023,"food_score",117.12
"55009020600","tract",2023,"food_score",114.73
"55009020702","tract",2023,"food_score",115.6
"55009020703","tract",2023,"food_score",123.85
"55009020704","tract",2023,"food_score",112.53
"55009020800","tract",2023,"food_score",110.35
"55009020900","tract",2023,"food_score",116.64
"55009021000","tract",2023,"food_score",112.72
"55009021200","tract",2023,"food_score",113.02
"55009021301","tract",2023,"food_score",118.24
"55009021302","tract",2023,"food_score",104.1
"55009021303","tract",2023,"food_score",97.77
"55009021304","tract",2023,"food_score",97.83
"55009021400","tract",2023,"food_score",120.51
"55009021500","tract",2023,"food_score",111.85
"55009021600","tract",2023,"food_score",107.74
"55009940002","tract",2023,"food_score",115.46
"55009940003","tract",2023,"food_score",90.27
"55009940004","tract",2023,"food_score",91.85
"55009940005","tract",2023,"food_score",115.21
"55009940006","tract",2023,"food_score",116.6
"55009940007","tract",2023,"food_score",117.47
"55009940008","tract",2023,"food_score",118.48
"55009980000","tract",2023,"food_score",NA
"55011960100","tract",2023,"food_score",111.78
"55011960200","tract",2023,"food_score",96.56
"55011960300","tract",2023,"food_score",107.71
"55011960400","tract",2023,"food_score",116.39
"55011960500","tract",2023,"food_score",114.8
"55013970400","tract",2023,"food_score",96.93
"55013970600","tract",2023,"food_score",105.71
"55013970700","tract",2023,"food_score",105.28
"55013970800","tract",2023,"food_score",92.12
"55013970900","tract",2023,"food_score",94.32
"55013971000","tract",2023,"food_score",111.17
"55015020100","tract",2023,"food_score",116.33
"55015020200","tract",2023,"food_score",105.05
"55015020303","tract",2023,"food_score",98.08
"55015020304","tract",2023,"food_score",90.1
"55015020306","tract",2023,"food_score",126.31
"55015020308","tract",2023,"food_score",114.44
"55015020400","tract",2023,"food_score",119.07
"55015020500","tract",2023,"food_score",102.88
"55015020600","tract",2023,"food_score",108.46
"55015020700","tract",2023,"food_score",120.6
"55015020800","tract",2023,"food_score",124.81
"55017010100","tract",2023,"food_score",94.02
"55017010200","tract",2023,"food_score",104.03
"55017010300","tract",2023,"food_score",105.37
"55017010400","tract",2023,"food_score",112.45
"55017010500","tract",2023,"food_score",109.27
"55017010700","tract",2023,"food_score",101.05
"55017010800","tract",2023,"food_score",105.85
"55017010900","tract",2023,"food_score",99.73
"55017011001","tract",2023,"food_score",106.19
"55017011002","tract",2023,"food_score",113.09
"55017011100","tract",2023,"food_score",105.34
"55017011200","tract",2023,"food_score",100.22
"55019950100","tract",2023,"food_score",97.01
"55019950200","tract",2023,"food_score",106.04
"55019950300","tract",2023,"food_score",110.23
"55019950400","tract",2023,"food_score",102.23
"55019950500","tract",2023,"food_score",109.51
"55019950600","tract",2023,"food_score",108
"55019950700","tract",2023,"food_score",101.61
"55019950800","tract",2023,"food_score",97.69
"55021970100","tract",2023,"food_score",113.03
"55021970200","tract",2023,"food_score",112.44
"55021970300","tract",2023,"food_score",110.7
"55021970401","tract",2023,"food_score",100.58
"55021970402","tract",2023,"food_score",106.54
"55021970500","tract",2023,"food_score",83.78
"55021970600","tract",2023,"food_score",113.26
"55021970700","tract",2023,"food_score",110.96
"55021970800","tract",2023,"food_score",118.97
"55021970900","tract",2023,"food_score",117.67
"55021971000","tract",2023,"food_score",109.44
"55021971100","tract",2023,"food_score",107.92
"55021971200","tract",2023,"food_score",109.34
"55023960100","tract",2023,"food_score",101.17
"55023960200","tract",2023,"food_score",103.13
"55023960300","tract",2023,"food_score",111.94
"55023960400","tract",2023,"food_score",108.26
"55023960500","tract",2023,"food_score",89.22
"55023960600","tract",2023,"food_score",102.54
"55025000100","tract",2023,"food_score",113.08
"55025000201","tract",2023,"food_score",117.62
"55025000202","tract",2023,"food_score",113.9
"55025000204","tract",2023,"food_score",91.9
"55025000205","tract",2023,"food_score",112
"55025000301","tract",2023,"food_score",80.06
"55025000302","tract",2023,"food_score",121.05
"55025000401","tract",2023,"food_score",120.6
"55025000402","tract",2023,"food_score",116.63
"55025000406","tract",2023,"food_score",122.71
"55025000407","tract",2023,"food_score",106.58
"55025000408","tract",2023,"food_score",78.76
"55025000409","tract",2023,"food_score",100.41
"55025000410","tract",2023,"food_score",109.97
"55025000501","tract",2023,"food_score",112.19
"55025000504","tract",2023,"food_score",118.5
"55025000505","tract",2023,"food_score",98.7
"55025000506","tract",2023,"food_score",98.36
"55025000600","tract",2023,"food_score",77.63
"55025000700","tract",2023,"food_score",123.51
"55025000800","tract",2023,"food_score",114.3
"55025000901","tract",2023,"food_score",117.2
"55025000902","tract",2023,"food_score",118.8
"55025001000","tract",2023,"food_score",120.27
"55025001101","tract",2023,"food_score",109.7
"55025001102","tract",2023,"food_score",NA
"55025001200","tract",2023,"food_score",109.03
"55025001300","tract",2023,"food_score",99.61
"55025001401","tract",2023,"food_score",86.03
"55025001402","tract",2023,"food_score",89.19
"55025001404","tract",2023,"food_score",99.26
"55025001405","tract",2023,"food_score",86.78
"55025001501","tract",2023,"food_score",105.23
"55025001502","tract",2023,"food_score",85.87
"55025001603","tract",2023,"food_score",100.65
"55025001604","tract",2023,"food_score",106.56
"55025001605","tract",2023,"food_score",115.49
"55025001606","tract",2023,"food_score",NA
"55025001704","tract",2023,"food_score",112.67
"55025001706","tract",2023,"food_score",107.23
"55025001707","tract",2023,"food_score",103.7
"55025001802","tract",2023,"food_score",101.01
"55025001804","tract",2023,"food_score",97.81
"55025001901","tract",2023,"food_score",91.07
"55025001902","tract",2023,"food_score",117.5
"55025002000","tract",2023,"food_score",92.13
"55025002100","tract",2023,"food_score",110.08
"55025002200","tract",2023,"food_score",81.57
"55025002301","tract",2023,"food_score",57.45
"55025002302","tract",2023,"food_score",117.02
"55025002401","tract",2023,"food_score",102.14
"55025002402","tract",2023,"food_score",82.7
"55025002500","tract",2023,"food_score",63.68
"55025002601","tract",2023,"food_score",79.86
"55025002602","tract",2023,"food_score",115.62
"55025002603","tract",2023,"food_score",96.44
"55025002700","tract",2023,"food_score",108.31
"55025002800","tract",2023,"food_score",120.1
"55025002900","tract",2023,"food_score",105.08
"55025003001","tract",2023,"food_score",118.61
"55025003002","tract",2023,"food_score",93.35
"55025003100","tract",2023,"food_score",113.85
"55025003200","tract",2023,"food_score",110.2
"55025010100","tract",2023,"food_score",122.13
"55025010200","tract",2023,"food_score",116.11
"55025010300","tract",2023,"food_score",114.58
"55025010400","tract",2023,"food_score",108.09
"55025010501","tract",2023,"food_score",124.75
"55025010503","tract",2023,"food_score",117.43
"55025010504","tract",2023,"food_score",102.82
"55025010600","tract",2023,"food_score",113.91
"55025010701","tract",2023,"food_score",120
"55025010702","tract",2023,"food_score",125.85
"55025010801","tract",2023,"food_score",121.55
"55025010802","tract",2023,"food_score",119.63
"55025010903","tract",2023,"food_score",122.04
"55025010905","tract",2023,"food_score",124.66
"55025010906","tract",2023,"food_score",126.37
"55025010907","tract",2023,"food_score",122.53
"55025010908","tract",2023,"food_score",119.65
"55025011000","tract",2023,"food_score",112.41
"55025011101","tract",2023,"food_score",87.26
"55025011103","tract",2023,"food_score",113.64
"55025011104","tract",2023,"food_score",124.1
"55025011201","tract",2023,"food_score",117.13
"55025011202","tract",2023,"food_score",118.38
"55025011301","tract",2023,"food_score",121.71
"55025011302","tract",2023,"food_score",116.42
"55025011403","tract",2023,"food_score",113.08
"55025011404","tract",2023,"food_score",117.57
"55025011405","tract",2023,"food_score",122.37
"55025011406","tract",2023,"food_score",123.28
"55025011407","tract",2023,"food_score",114.27
"55025011504","tract",2023,"food_score",114.84
"55025011505","tract",2023,"food_score",104.6
"55025011506","tract",2023,"food_score",105.07
"55025011507","tract",2023,"food_score",115.09
"55025011508","tract",2023,"food_score",118.53
"55025011600","tract",2023,"food_score",115.37
"55025011700","tract",2023,"food_score",118.77
"55025011800","tract",2023,"food_score",98.59
"55025011900","tract",2023,"food_score",114.02
"55025012002","tract",2023,"food_score",116.16
"55025012003","tract",2023,"food_score",120.41
"55025012004","tract",2023,"food_score",122.1
"55025012100","tract",2023,"food_score",111.77
"55025012201","tract",2023,"food_score",117.21
"55025012202","tract",2023,"food_score",115.68
"55025012300","tract",2023,"food_score",107.24
"55025012400","tract",2023,"food_score",123.56
"55025012501","tract",2023,"food_score",113.87
"55025012502","tract",2023,"food_score",113.07
"55025012600","tract",2023,"food_score",116.15
"55025012700","tract",2023,"food_score",112.48
"55025012800","tract",2023,"food_score",120.46
"55025012900","tract",2023,"food_score",120.8
"55025013000","tract",2023,"food_score",119.9
"55025013100","tract",2023,"food_score",112.27
"55025013201","tract",2023,"food_score",115.82
"55025013202","tract",2023,"food_score",118.39
"55025013301","tract",2023,"food_score",99.53
"55025013302","tract",2023,"food_score",102.46
"55025013700","tract",2023,"food_score",123.36
"55025991702","tract",2023,"food_score",NA
"55025991703","tract",2023,"food_score",NA
"55027960100","tract",2023,"food_score",108.86
"55027960200","tract",2023,"food_score",103.48
"55027960300","tract",2023,"food_score",99.08
"55027960400","tract",2023,"food_score",111.2
"55027960500","tract",2023,"food_score",97.13
"55027960600","tract",2023,"food_score",102.62
"55027960700","tract",2023,"food_score",97.41
"55027960800","tract",2023,"food_score",112.68
"55027960900","tract",2023,"food_score",103.42
"55027961000","tract",2023,"food_score",98.17
"55027961100","tract",2023,"food_score",111.78
"55027961200","tract",2023,"food_score",96.28
"55027961300","tract",2023,"food_score",110.06
"55027961400","tract",2023,"food_score",107.1
"55027961500","tract",2023,"food_score",117.52
"55027961600","tract",2023,"food_score",112.41
"55027961700","tract",2023,"food_score",101.87
"55027961800","tract",2023,"food_score",113.99
"55027961900","tract",2023,"food_score",110.1
"55027962000","tract",2023,"food_score",88.8
"55029100100","tract",2023,"food_score",116.81
"55029100300","tract",2023,"food_score",103.32
"55029100400","tract",2023,"food_score",118.16
"55029100500","tract",2023,"food_score",119.5
"55029100600","tract",2023,"food_score",117.26
"55029100700","tract",2023,"food_score",108.87
"55029100800","tract",2023,"food_score",114.84
"55029100900","tract",2023,"food_score",108.21
"55029101000","tract",2023,"food_score",119.01
"55029990000","tract",2023,"food_score",NA
"55031020300","tract",2023,"food_score",76.13
"55031020400","tract",2023,"food_score",108.56
"55031020500","tract",2023,"food_score",111.3
"55031020600","tract",2023,"food_score",90.02
"55031020700","tract",2023,"food_score",113.1
"55031020800","tract",2023,"food_score",109.37
"55031020900","tract",2023,"food_score",108.82
"55031021000","tract",2023,"food_score",102.79
"55031021100","tract",2023,"food_score",68
"55031030101","tract",2023,"food_score",114.08
"55031030102","tract",2023,"food_score",115.08
"55031030200","tract",2023,"food_score",122.08
"55031030301","tract",2023,"food_score",106.89
"55031030302","tract",2023,"food_score",109.47
"55031990000","tract",2023,"food_score",NA
"55033970100","tract",2023,"food_score",105.89
"55033970200","tract",2023,"food_score",105.62
"55033970300","tract",2023,"food_score",96.82
"55033970400","tract",2023,"food_score",106.52
"55033970500","tract",2023,"food_score",104.59
"55033970600","tract",2023,"food_score",112.39
"55033970700","tract",2023,"food_score",96.71
"55033970801","tract",2023,"food_score",NA
"55033970802","tract",2023,"food_score",93.88
"55035000100","tract",2023,"food_score",99.66
"55035000200","tract",2023,"food_score",115.38
"55035000301","tract",2023,"food_score",112.18
"55035000302","tract",2023,"food_score",119.75
"55035000401","tract",2023,"food_score",110.23
"55035000402","tract",2023,"food_score",99.98
"55035000501","tract",2023,"food_score",119.13
"55035000502","tract",2023,"food_score",106.24
"55035000600","tract",2023,"food_score",99.72
"55035000700","tract",2023,"food_score",109.02
"55035000801","tract",2023,"food_score",110.69
"55035000802","tract",2023,"food_score",117.66
"55035000803","tract",2023,"food_score",90.58
"55035000900","tract",2023,"food_score",109.38
"55035001101","tract",2023,"food_score",110.13
"55035001200","tract",2023,"food_score",81.66
"55035001300","tract",2023,"food_score",95.13
"55035001401","tract",2023,"food_score",110.57
"55035001402","tract",2023,"food_score",104.48
"55035001500","tract",2023,"food_score",117.45
"55035001600","tract",2023,"food_score",119.49
"55035001700","tract",2023,"food_score",NA
"55037190101","tract",2023,"food_score",112.04
"55037190102","tract",2023,"food_score",98.02
"55037190200","tract",2023,"food_score",106.92
"55039040100","tract",2023,"food_score",100.5
"55039040200","tract",2023,"food_score",79.93
"55039040300","tract",2023,"food_score",100.39
"55039040400","tract",2023,"food_score",100.56
"55039040500","tract",2023,"food_score",70.02
"55039040700","tract",2023,"food_score",112.96
"55039040800","tract",2023,"food_score",103.89
"55039040900","tract",2023,"food_score",104.03
"55039041000","tract",2023,"food_score",104.95
"55039041101","tract",2023,"food_score",112.77
"55039041102","tract",2023,"food_score",120.34
"55039041300","tract",2023,"food_score",95.43
"55039041400","tract",2023,"food_score",118.93
"55039041500","tract",2023,"food_score",109.62
"55039041600","tract",2023,"food_score",104.59
"55039041700","tract",2023,"food_score",114.85
"55039041800","tract",2023,"food_score",113.22
"55039041901","tract",2023,"food_score",110.99
"55039041902","tract",2023,"food_score",112.91
"55039042001","tract",2023,"food_score",118.87
"55039042002","tract",2023,"food_score",122.86
"55039042100","tract",2023,"food_score",121.25
"55039042200","tract",2023,"food_score",104.61
"55041950100","tract",2023,"food_score",89.26
"55041950200","tract",2023,"food_score",89.32
"55041950300","tract",2023,"food_score",102.45
"55041950400","tract",2023,"food_score",95.51
"55043960100","tract",2023,"food_score",109.98
"55043960200","tract",2023,"food_score",87.79
"55043960300","tract",2023,"food_score",101.42
"55043960400","tract",2023,"food_score",102.6
"55043960500","tract",2023,"food_score",108.39
"55043960600","tract",2023,"food_score",110.79
"55043960700","tract",2023,"food_score",106.6
"55043960800","tract",2023,"food_score",105.07
"55043960900","tract",2023,"food_score",88.08
"55043961000","tract",2023,"food_score",110.17
"55043961100","tract",2023,"food_score",111.47
"55043961200","tract",2023,"food_score",118.85
"55045960100","tract",2023,"food_score",114.59
"55045960200","tract",2023,"food_score",120.9
"55045960300","tract",2023,"food_score",115.53
"55045960400","tract",2023,"food_score",101.9
"55045960500","tract",2023,"food_score",94.16
"55045960600","tract",2023,"food_score",106.2
"55045960700","tract",2023,"food_score",108.78
"55045960800","tract",2023,"food_score",93.18
"55047100100","tract",2023,"food_score",86.98
"55047100200","tract",2023,"food_score",88.44
"55047100300","tract",2023,"food_score",107.21
"55047100400","tract",2023,"food_score",114.66
"55047100500","tract",2023,"food_score",112.96
"55047100600","tract",2023,"food_score",109.85
"55049950100","tract",2023,"food_score",114.97
"55049950200","tract",2023,"food_score",99.35
"55049950300","tract",2023,"food_score",107.56
"55049950400","tract",2023,"food_score",113.47
"55049950500","tract",2023,"food_score",118.54
"55049950600","tract",2023,"food_score",105.74
"55051180100","tract",2023,"food_score",96.08
"55051180200","tract",2023,"food_score",96.56
"55051180300","tract",2023,"food_score",106.7
"55051990000","tract",2023,"food_score",NA
"55053960100","tract",2023,"food_score",94.86
"55053960200","tract",2023,"food_score",94.79
"55053960300","tract",2023,"food_score",104.71
"55053960400","tract",2023,"food_score",111.43
"55053960500","tract",2023,"food_score",97.69
"55055100100","tract",2023,"food_score",83.14
"55055100200","tract",2023,"food_score",77.38
"55055100301","tract",2023,"food_score",98.1
"55055100302","tract",2023,"food_score",106.06
"55055100400","tract",2023,"food_score",116.42
"55055100500","tract",2023,"food_score",115.82
"55055100601","tract",2023,"food_score",118.07
"55055100602","tract",2023,"food_score",107.86
"55055100700","tract",2023,"food_score",116.21
"55055100800","tract",2023,"food_score",116.7
"55055100900","tract",2023,"food_score",115.55
"55055101000","tract",2023,"food_score",95.18
"55055101100","tract",2023,"food_score",106.33
"55055101201","tract",2023,"food_score",120.12
"55055101202","tract",2023,"food_score",121.92
"55055101300","tract",2023,"food_score",111.19
"55055101400","tract",2023,"food_score",103.4
"55055101500","tract",2023,"food_score",104.7
"55055101600","tract",2023,"food_score",104.97
"55055101701","tract",2023,"food_score",103.3
"55055101702","tract",2023,"food_score",114.09
"55057100100","tract",2023,"food_score",91.64
"55057100200","tract",2023,"food_score",98.75
"55057100301","tract",2023,"food_score",95.39
"55057100302","tract",2023,"food_score",101.87
"55057100400","tract",2023,"food_score",90.2
"55057100500","tract",2023,"food_score",96.8
"55057100600","tract",2023,"food_score",98.2
"55057100700","tract",2023,"food_score",110.21
"55059000101","tract",2023,"food_score",106.65
"55059000102","tract",2023,"food_score",81.98
"55059000300","tract",2023,"food_score",79.29
"55059000400","tract",2023,"food_score",114.1
"55059000501","tract",2023,"food_score",115.05
"55059000502","tract",2023,"food_score",75.75
"55059000601","tract",2023,"food_score",111.61
"55059000603","tract",2023,"food_score",114.89
"55059000604","tract",2023,"food_score",120.2
"55059000700","tract",2023,"food_score",71.79
"55059000800","tract",2023,"food_score",57.2
"55059000900","tract",2023,"food_score",56.19
"55059001000","tract",2023,"food_score",55.7
"55059001100","tract",2023,"food_score",80.8
"55059001200","tract",2023,"food_score",80.56
"55059001300","tract",2023,"food_score",86.63
"55059001401","tract",2023,"food_score",114.74
"55059001402","tract",2023,"food_score",101.93
"55059001500","tract",2023,"food_score",101.44
"55059001600","tract",2023,"food_score",68.61
"55059001700","tract",2023,"food_score",70.27
"55059001800","tract",2023,"food_score",71.54
"55059001900","tract",2023,"food_score",109.25
"55059002000","tract",2023,"food_score",102.1
"55059002100","tract",2023,"food_score",108.24
"55059002200","tract",2023,"food_score",93.3
"55059002300","tract",2023,"food_score",113.11
"55059002400","tract",2023,"food_score",109.51
"55059002500","tract",2023,"food_score",117.41
"55059002603","tract",2023,"food_score",103.51
"55059002604","tract",2023,"food_score",107.54
"55059002605","tract",2023,"food_score",103.13
"55059002606","tract",2023,"food_score",108.97
"55059002700","tract",2023,"food_score",122.76
"55059002801","tract",2023,"food_score",114.53
"55059002802","tract",2023,"food_score",119.62
"55059002903","tract",2023,"food_score",100.8
"55059002904","tract",2023,"food_score",112.35
"55059002905","tract",2023,"food_score",110.3
"55059002906","tract",2023,"food_score",119.96
"55059003001","tract",2023,"food_score",110.19
"55059003002","tract",2023,"food_score",105.71
"55059990000","tract",2023,"food_score",NA
"55061960100","tract",2023,"food_score",90.14
"55061960200","tract",2023,"food_score",112.19
"55061960401","tract",2023,"food_score",117.35
"55061960402","tract",2023,"food_score",121.81
"55061960500","tract",2023,"food_score",119.93
"55061990000","tract",2023,"food_score",NA
"55063000100","tract",2023,"food_score",78.39
"55063000200","tract",2023,"food_score",70.59
"55063000300","tract",2023,"food_score",85.01
"55063000401","tract",2023,"food_score",102.4
"55063000402","tract",2023,"food_score",112.82
"55063000500","tract",2023,"food_score",NA
"55063000600","tract",2023,"food_score",110.49
"55063000700","tract",2023,"food_score",120.72
"55063000800","tract",2023,"food_score",102.6
"55063000900","tract",2023,"food_score",81.46
"55063001000","tract",2023,"food_score",96.62
"55063001101","tract",2023,"food_score",111.51
"55063001102","tract",2023,"food_score",109.83
"55063001200","tract",2023,"food_score",117.63
"55063010101","tract",2023,"food_score",114.74
"55063010102","tract",2023,"food_score",107.99
"55063010202","tract",2023,"food_score",117.52
"55063010203","tract",2023,"food_score",113.35
"55063010204","tract",2023,"food_score",120.13
"55063010205","tract",2023,"food_score",124.34
"55063010300","tract",2023,"food_score",102.1
"55063010401","tract",2023,"food_score",115.95
"55063010403","tract",2023,"food_score",112.47
"55063010404","tract",2023,"food_score",120.02
"55063010500","tract",2023,"food_score",97.98
"55063010600","tract",2023,"food_score",116.87
"55063010700","tract",2023,"food_score",119.12
"55063010800","tract",2023,"food_score",107.11
"55065970100","tract",2023,"food_score",111.79
"55065970200","tract",2023,"food_score",96.21
"55065970300","tract",2023,"food_score",113.92
"55065970400","tract",2023,"food_score",97.32
"55065970500","tract",2023,"food_score",106.46
"55067960101","tract",2023,"food_score",114.15
"55067960102","tract",2023,"food_score",93.13
"55067960300","tract",2023,"food_score",114.6
"55067960400","tract",2023,"food_score",113.95
"55067960500","tract",2023,"food_score",102.82
"55067960600","tract",2023,"food_score",89.39
"55067960700","tract",2023,"food_score",106.82
"55069960100","tract",2023,"food_score",117.64
"55069960200","tract",2023,"food_score",84.34
"55069960300","tract",2023,"food_score",116.33
"55069960400","tract",2023,"food_score",101.47
"55069960500","tract",2023,"food_score",109.5
"55069960600","tract",2023,"food_score",112.32
"55069960700","tract",2023,"food_score",102.24
"55069960800","tract",2023,"food_score",97.65
"55069960900","tract",2023,"food_score",87.24
"55069961000","tract",2023,"food_score",93.36
"55071000100","tract",2023,"food_score",99.33
"55071000200","tract",2023,"food_score",89.96
"55071000300","tract",2023,"food_score",115.84
"55071000400","tract",2023,"food_score",94.68
"55071000500","tract",2023,"food_score",90.4
"55071000600","tract",2023,"food_score",100.43
"55071000700","tract",2023,"food_score",98.8
"55071000800","tract",2023,"food_score",80.75
"55071005100","tract",2023,"food_score",105.71
"55071005200","tract",2023,"food_score",115.04
"55071005300","tract",2023,"food_score",91.2
"55071005400","tract",2023,"food_score",94.01
"55071010100","tract",2023,"food_score",113.22
"55071010200","tract",2023,"food_score",112.69
"55071010300","tract",2023,"food_score",118.56
"55071010400","tract",2023,"food_score",110.79
"55071010500","tract",2023,"food_score",114.53
"55071010600","tract",2023,"food_score",117.15
"55071010700","tract",2023,"food_score",108.62
"55071990000","tract",2023,"food_score",NA
"55073000100","tract",2023,"food_score",50.55
"55073000200","tract",2023,"food_score",95.53
"55073000300","tract",2023,"food_score",110.57
"55073000400","tract",2023,"food_score",99.19
"55073000500","tract",2023,"food_score",88.8
"55073000601","tract",2023,"food_score",88.11
"55073000602","tract",2023,"food_score",90.34
"55073000700","tract",2023,"food_score",98.81
"55073000800","tract",2023,"food_score",108.11
"55073000900","tract",2023,"food_score",108.35
"55073001000","tract",2023,"food_score",108.86
"55073001103","tract",2023,"food_score",116.72
"55073001104","tract",2023,"food_score",98.82
"55073001105","tract",2023,"food_score",117.02
"55073001106","tract",2023,"food_score",110.77
"55073001202","tract",2023,"food_score",107.66
"55073001203","tract",2023,"food_score",119.34
"55073001204","tract",2023,"food_score",124.34
"55073001300","tract",2023,"food_score",122.09
"55073001401","tract",2023,"food_score",98.56
"55073001402","tract",2023,"food_score",117.8
"55073001500","tract",2023,"food_score",115.58
"55073001600","tract",2023,"food_score",120.49
"55073001700","tract",2023,"food_score",111.73
"55073001800","tract",2023,"food_score",119.71
"55073001900","tract",2023,"food_score",115.96
"55073002000","tract",2023,"food_score",115.14
"55073002101","tract",2023,"food_score",109.85
"55073002102","tract",2023,"food_score",113.46
"55073002200","tract",2023,"food_score",96.29
"55073002301","tract",2023,"food_score",112.73
"55073002302","tract",2023,"food_score",111.8
"55075960100","tract",2023,"food_score",99.7
"55075960200","tract",2023,"food_score",101.95
"55075960600","tract",2023,"food_score",96.77
"55075960700","tract",2023,"food_score",101.51
"55075960800","tract",2023,"food_score",95.03
"55075960900","tract",2023,"food_score",114.47
"55075961000","tract",2023,"food_score",111.03
"55075961100","tract",2023,"food_score",108.97
"55075961200","tract",2023,"food_score",123.91
"55075961300","tract",2023,"food_score",90.72
"55075961400","tract",2023,"food_score",106.07
"55075961500","tract",2023,"food_score",101.68
"55075990000","tract",2023,"food_score",NA
"55077960100","tract",2023,"food_score",102.52
"55077960200","tract",2023,"food_score",107.27
"55077960300","tract",2023,"food_score",101.54
"55077960400","tract",2023,"food_score",106.61
"55077960500","tract",2023,"food_score",96.92
"55078940101","tract",2023,"food_score",48.85
"55078940103","tract",2023,"food_score",73.93
"55078940104","tract",2023,"food_score",116.5
"55079000101","tract",2023,"food_score",56.41
"55079000102","tract",2023,"food_score",79.66
"55079000201","tract",2023,"food_score",40.73
"55079000202","tract",2023,"food_score",87.28
"55079000301","tract",2023,"food_score",121.39
"55079000302","tract",2023,"food_score",50.16
"55079000303","tract",2023,"food_score",77.19
"55079000304","tract",2023,"food_score",92.54
"55079000400","tract",2023,"food_score",72.18
"55079000501","tract",2023,"food_score",94.01
"55079000502","tract",2023,"food_score",53.44
"55079000600","tract",2023,"food_score",91.17
"55079000700","tract",2023,"food_score",69.01
"55079000800","tract",2023,"food_score",77.91
"55079000900","tract",2023,"food_score",58.91
"55079001000","tract",2023,"food_score",63.54
"55079001100","tract",2023,"food_score",70.23
"55079001200","tract",2023,"food_score",46.63
"55079001300","tract",2023,"food_score",56.03
"55079001400","tract",2023,"food_score",56.11
"55079001500","tract",2023,"food_score",57.71
"55079001600","tract",2023,"food_score",60.6
"55079001700","tract",2023,"food_score",54.34
"55079001800","tract",2023,"food_score",33.09
"55079001900","tract",2023,"food_score",45.42
"55079002000","tract",2023,"food_score",59.23
"55079002100","tract",2023,"food_score",44.56
"55079002200","tract",2023,"food_score",47.74
"55079002300","tract",2023,"food_score",52.22
"55079002400","tract",2023,"food_score",47.47
"55079002500","tract",2023,"food_score",58.27
"55079002600","tract",2023,"food_score",36.69
"55079002700","tract",2023,"food_score",43.47
"55079002800","tract",2023,"food_score",42.09
"55079002900","tract",2023,"food_score",62.66
"55079003000","tract",2023,"food_score",63.95
"55079003100","tract",2023,"food_score",66.21
"55079003200","tract",2023,"food_score",80.22
"55079003300","tract",2023,"food_score",68.04
"55079003400","tract",2023,"food_score",75.77
"55079003500","tract",2023,"food_score",51.29
"55079003600","tract",2023,"food_score",71.32
"55079003700","tract",2023,"food_score",76.77
"55079003800","tract",2023,"food_score",46.22
"55079003900","tract",2023,"food_score",64.3
"55079004000","tract",2023,"food_score",17.59
"55079004100","tract",2023,"food_score",43.8
"55079004200","tract",2023,"food_score",35.14
"55079004300","tract",2023,"food_score",53.34
"55079004400","tract",2023,"food_score",70.81
"55079004500","tract",2023,"food_score",51.17
"55079004600","tract",2023,"food_score",35.3
"55079004700","tract",2023,"food_score",32.44
"55079004800","tract",2023,"food_score",63.71
"55079004900","tract",2023,"food_score",61.02
"55079005000","tract",2023,"food_score",88.26
"55079005100","tract",2023,"food_score",74.28
"55079005200","tract",2023,"food_score",80.95
"55079005300","tract",2023,"food_score",84.67
"55079005400","tract",2023,"food_score",93.96
"55079005500","tract",2023,"food_score",101.82
"55079005600","tract",2023,"food_score",117.37
"55079005700","tract",2023,"food_score",111.19
"55079005800","tract",2023,"food_score",101.16
"55079005900","tract",2023,"food_score",89.69
"55079006000","tract",2023,"food_score",44.39
"55079006100","tract",2023,"food_score",64.98
"55079006200","tract",2023,"food_score",31.56
"55079006300","tract",2023,"food_score",53.86
"55079006400","tract",2023,"food_score",33.21
"55079006500","tract",2023,"food_score",23.89
"55079006600","tract",2023,"food_score",40.09
"55079006700","tract",2023,"food_score",23.23
"55079006800","tract",2023,"food_score",42.99
"55079006900","tract",2023,"food_score",40.87
"55079007000","tract",2023,"food_score",45.92
"55079007100","tract",2023,"food_score",56
"55079007200","tract",2023,"food_score",85.38
"55079007300","tract",2023,"food_score",110.73
"55079007400","tract",2023,"food_score",NA
"55079007500","tract",2023,"food_score",112.97
"55079007600","tract",2023,"food_score",115.21
"55079007700","tract",2023,"food_score",105.56
"55079007800","tract",2023,"food_score",79.87
"55079007900","tract",2023,"food_score",104.93
"55079008000","tract",2023,"food_score",81.44
"55079008100","tract",2023,"food_score",38.65
"55079008400","tract",2023,"food_score",71.41
"55079008500","tract",2023,"food_score",43.19
"55079008600","tract",2023,"food_score",35.05
"55079008700","tract",2023,"food_score",22.36
"55079008800","tract",2023,"food_score",32.29
"55079008900","tract",2023,"food_score",23.74
"55079009000","tract",2023,"food_score",50.95
"55079009100","tract",2023,"food_score",52.48
"55079009200","tract",2023,"food_score",76.69
"55079009300","tract",2023,"food_score",92.62
"55079009400","tract",2023,"food_score",112.46
"55079009500","tract",2023,"food_score",90.88
"55079009600","tract",2023,"food_score",59.1
"55079009700","tract",2023,"food_score",51.14
"55079009800","tract",2023,"food_score",21.29
"55079009900","tract",2023,"food_score",64.57
"55079010600","tract",2023,"food_score",90.42
"55079010700","tract",2023,"food_score",99.22
"55079010800","tract",2023,"food_score",113.04
"55079011000","tract",2023,"food_score",102.34
"55079011100","tract",2023,"food_score",101.61
"55079011200","tract",2023,"food_score",108.31
"55079011300","tract",2023,"food_score",110.02
"55079011400","tract",2023,"food_score",62.12
"55079012200","tract",2023,"food_score",43.41
"55079012300","tract",2023,"food_score",58.24
"55079012400","tract",2023,"food_score",80.75
"55079012500","tract",2023,"food_score",110.17
"55079012600","tract",2023,"food_score",87.58
"55079012700","tract",2023,"food_score",108.57
"55079012800","tract",2023,"food_score",91.27
"55079012900","tract",2023,"food_score",77.65
"55079013000","tract",2023,"food_score",90.97
"55079013300","tract",2023,"food_score",70
"55079013400","tract",2023,"food_score",57.24
"55079013500","tract",2023,"food_score",21.32
"55079013600","tract",2023,"food_score",58.91
"55079013700","tract",2023,"food_score",50.47
"55079014100","tract",2023,"food_score",48.68
"55079014300","tract",2023,"food_score",116.71
"55079014400","tract",2023,"food_score",116.13
"55079014600","tract",2023,"food_score",NA
"55079014700","tract",2023,"food_score",NA
"55079014800","tract",2023,"food_score",37.59
"55079014900","tract",2023,"food_score",83.28
"55079015700","tract",2023,"food_score",50.1
"55079015800","tract",2023,"food_score",63.68
"55079015900","tract",2023,"food_score",62.62
"55079016000","tract",2023,"food_score",53.88
"55079016100","tract",2023,"food_score",65.99
"55079016200","tract",2023,"food_score",60.4
"55079016300","tract",2023,"food_score",71.35
"55079016400","tract",2023,"food_score",54.76
"55079016500","tract",2023,"food_score",64.42
"55079016600","tract",2023,"food_score",33.49
"55079016700","tract",2023,"food_score",50.2
"55079016800","tract",2023,"food_score",57.5
"55079016900","tract",2023,"food_score",50.96
"55079017000","tract",2023,"food_score",65.09
"55079017100","tract",2023,"food_score",68.08
"55079017200","tract",2023,"food_score",73.14
"55079017300","tract",2023,"food_score",48.94
"55079017400","tract",2023,"food_score",44.87
"55079017500","tract",2023,"food_score",47.51
"55079017600","tract",2023,"food_score",69.55
"55079017900","tract",2023,"food_score",112.79
"55079018000","tract",2023,"food_score",97.3
"55079018100","tract",2023,"food_score",121.17
"55079018200","tract",2023,"food_score",108.35
"55079018300","tract",2023,"food_score",109.16
"55079018400","tract",2023,"food_score",110.39
"55079018500","tract",2023,"food_score",76.69
"55079018600","tract",2023,"food_score",43.68
"55079018700","tract",2023,"food_score",79.36
"55079018800","tract",2023,"food_score",72.95
"55079018900","tract",2023,"food_score",60.54
"55079019000","tract",2023,"food_score",77.23
"55079019100","tract",2023,"food_score",87.03
"55079019200","tract",2023,"food_score",98.68
"55079019300","tract",2023,"food_score",102.91
"55079019400","tract",2023,"food_score",103.24
"55079019500","tract",2023,"food_score",109.19
"55079019600","tract",2023,"food_score",85.54
"55079019700","tract",2023,"food_score",90.36
"55079019800","tract",2023,"food_score",91.53
"55079019900","tract",2023,"food_score",101.13
"55079020000","tract",2023,"food_score",82.72
"55079020100","tract",2023,"food_score",73.15
"55079020200","tract",2023,"food_score",87.9
"55079020300","tract",2023,"food_score",83.8
"55079020400","tract",2023,"food_score",78.09
"55079020500","tract",2023,"food_score",67.72
"55079020600","tract",2023,"food_score",107.51
"55079020700","tract",2023,"food_score",102.32
"55079020800","tract",2023,"food_score",104.98
"55079020900","tract",2023,"food_score",109.7
"55079021000","tract",2023,"food_score",115.23
"55079021100","tract",2023,"food_score",101.5
"55079021200","tract",2023,"food_score",98.56
"55079021300","tract",2023,"food_score",91.23
"55079021400","tract",2023,"food_score",55.48
"55079021500","tract",2023,"food_score",86.13
"55079021600","tract",2023,"food_score",90.22
"55079021700","tract",2023,"food_score",86.16
"55079021800","tract",2023,"food_score",80.4
"55079030100","tract",2023,"food_score",117.27
"55079035100","tract",2023,"food_score",122.2
"55079035200","tract",2023,"food_score",119.34
"55079040100","tract",2023,"food_score",117.37
"55079050101","tract",2023,"food_score",110.34
"55079050103","tract",2023,"food_score",103.26
"55079050104","tract",2023,"food_score",85.08
"55079060101","tract",2023,"food_score",107.71
"55079060102","tract",2023,"food_score",123.14
"55079060200","tract",2023,"food_score",89.44
"55079070100","tract",2023,"food_score",123.86
"55079070200","tract",2023,"food_score",121.5
"55079070300","tract",2023,"food_score",110.87
"55079080100","tract",2023,"food_score",112.08
"55079080200","tract",2023,"food_score",116.97
"55079080300","tract",2023,"food_score",121.51
"55079080400","tract",2023,"food_score",105.77
"55079090100","tract",2023,"food_score",108.35
"55079090200","tract",2023,"food_score",115.77
"55079090300","tract",2023,"food_score",95.03
"55079090600","tract",2023,"food_score",113.52
"55079090700","tract",2023,"food_score",116.68
"55079090800","tract",2023,"food_score",117.42
"55079090900","tract",2023,"food_score",113.38
"55079091000","tract",2023,"food_score",113.26
"55079091100","tract",2023,"food_score",120.06
"55079091200","tract",2023,"food_score",108.42
"55079091300","tract",2023,"food_score",113.67
"55079091400","tract",2023,"food_score",104.5
"55079100100","tract",2023,"food_score",93.24
"55079100200","tract",2023,"food_score",90.86
"55079100300","tract",2023,"food_score",103.92
"55079100400","tract",2023,"food_score",92.66
"55079100500","tract",2023,"food_score",83.74
"55079100600","tract",2023,"food_score",88.67
"55079100700","tract",2023,"food_score",94.62
"55079100800","tract",2023,"food_score",105.41
"55079100900","tract",2023,"food_score",104.48
"55079101000","tract",2023,"food_score",95.66
"55079101100","tract",2023,"food_score",96.81
"55079101200","tract",2023,"food_score",110.55
"55079101300","tract",2023,"food_score",94.72
"55079101400","tract",2023,"food_score",97.65
"55079101500","tract",2023,"food_score",95.61
"55079101600","tract",2023,"food_score",82.1
"55079101700","tract",2023,"food_score",90.54
"55079101800","tract",2023,"food_score",96.69
"55079110100","tract",2023,"food_score",89.8
"55079120101","tract",2023,"food_score",105.26
"55079120102","tract",2023,"food_score",116.77
"55079120201","tract",2023,"food_score",111.08
"55079120202","tract",2023,"food_score",104.85
"55079120203","tract",2023,"food_score",106.25
"55079120300","tract",2023,"food_score",94.02
"55079120400","tract",2023,"food_score",117.15
"55079120501","tract",2023,"food_score",107.29
"55079120502","tract",2023,"food_score",111.86
"55079130100","tract",2023,"food_score",110.5
"55079130200","tract",2023,"food_score",112.8
"55079140100","tract",2023,"food_score",117.11
"55079140201","tract",2023,"food_score",97.71
"55079140202","tract",2023,"food_score",111.45
"55079150100","tract",2023,"food_score",119.14
"55079150301","tract",2023,"food_score",119.29
"55079150303","tract",2023,"food_score",119.03
"55079150304","tract",2023,"food_score",118.85
"55079160101","tract",2023,"food_score",112.56
"55079160102","tract",2023,"food_score",96.05
"55079160202","tract",2023,"food_score",111.52
"55079160203","tract",2023,"food_score",103.39
"55079160205","tract",2023,"food_score",78.18
"55079160206","tract",2023,"food_score",109.46
"55079160301","tract",2023,"food_score",114.21
"55079160302","tract",2023,"food_score",116.88
"55079170100","tract",2023,"food_score",101.3
"55079170200","tract",2023,"food_score",104.73
"55079170300","tract",2023,"food_score",102.21
"55079170400","tract",2023,"food_score",107.88
"55079170500","tract",2023,"food_score",88.42
"55079170600","tract",2023,"food_score",77.27
"55079170700","tract",2023,"food_score",80.15
"55079180100","tract",2023,"food_score",98.25
"55079180200","tract",2023,"food_score",77.65
"55079180300","tract",2023,"food_score",75.27
"55079180400","tract",2023,"food_score",92.95
"55079180500","tract",2023,"food_score",88.84
"55079185100","tract",2023,"food_score",101.84
"55079185200","tract",2023,"food_score",116.43
"55079185300","tract",2023,"food_score",111.55
"55079185400","tract",2023,"food_score",41.45
"55079185500","tract",2023,"food_score",28.72
"55079185600","tract",2023,"food_score",80.71
"55079185700","tract",2023,"food_score",29.97
"55079185800","tract",2023,"food_score",72.64
"55079185900","tract",2023,"food_score",32.05
"55079186000","tract",2023,"food_score",10.7
"55079186100","tract",2023,"food_score",12.67
"55079186200","tract",2023,"food_score",35.62
"55079186300","tract",2023,"food_score",NA
"55079186400","tract",2023,"food_score",NA
"55079186500","tract",2023,"food_score",93.1
"55079186600","tract",2023,"food_score",76.43
"55079186800","tract",2023,"food_score",74.71
"55079186900","tract",2023,"food_score",119.91
"55079187000","tract",2023,"food_score",100.25
"55079187200","tract",2023,"food_score",115.07
"55079187300","tract",2023,"food_score",123.74
"55079187400","tract",2023,"food_score",103.26
"55079980000","tract",2023,"food_score",NA
"55079990000","tract",2023,"food_score",NA
"55081950100","tract",2023,"food_score",100.37
"55081950200","tract",2023,"food_score",111.36
"55081950300","tract",2023,"food_score",101.37
"55081950400","tract",2023,"food_score",85.3
"55081950500","tract",2023,"food_score",97.45
"55081950600","tract",2023,"food_score",78.34
"55081950700","tract",2023,"food_score",107.77
"55081950800","tract",2023,"food_score",110.84
"55081950900","tract",2023,"food_score",116.36
"55083100300","tract",2023,"food_score",113.42
"55083100500","tract",2023,"food_score",103.08
"55083100600","tract",2023,"food_score",105.05
"55083100700","tract",2023,"food_score",102.24
"55083100800","tract",2023,"food_score",115.29
"55083100900","tract",2023,"food_score",91.15
"55083101000","tract",2023,"food_score",108.9
"55083101100","tract",2023,"food_score",114.07
"55083101200","tract",2023,"food_score",101.87
"55083101301","tract",2023,"food_score",115.28
"55083101302","tract",2023,"food_score",120.14
"55083990000","tract",2023,"food_score",NA
"55085970101","tract",2023,"food_score",112.06
"55085970103","tract",2023,"food_score",117.54
"55085970104","tract",2023,"food_score",114.75
"55085970400","tract",2023,"food_score",116.05
"55085970500","tract",2023,"food_score",126.83
"55085970601","tract",2023,"food_score",125.16
"55085970603","tract",2023,"food_score",108.99
"55085970604","tract",2023,"food_score",116.29
"55085970800","tract",2023,"food_score",112.92
"55085970900","tract",2023,"food_score",119.32
"55085971001","tract",2023,"food_score",117.16
"55085971002","tract",2023,"food_score",113.72
"55085971100","tract",2023,"food_score",119.86
"55085971300","tract",2023,"food_score",123.39
"55085971400","tract",2023,"food_score",104.29
"55085971500","tract",2023,"food_score",103.19
"55087010100","tract",2023,"food_score",88.06
"55087010200","tract",2023,"food_score",109.54
"55087010300","tract",2023,"food_score",89.82
"55087010501","tract",2023,"food_score",96.11
"55087010502","tract",2023,"food_score",NA
"55087010601","tract",2023,"food_score",91.02
"55087010602","tract",2023,"food_score",112.75
"55087010700","tract",2023,"food_score",101.41
"55087010800","tract",2023,"food_score",93.43
"55087010900","tract",2023,"food_score",100.97
"55087011001","tract",2023,"food_score",105.63
"55087011002","tract",2023,"food_score",111.19
"55087011101","tract",2023,"food_score",90.23
"55087011103","tract",2023,"food_score",122.37
"55087011104","tract",2023,"food_score",94.8
"55087011200","tract",2023,"food_score",104.77
"55087011300","tract",2023,"food_score",109.9
"55087011400","tract",2023,"food_score",104.11
"55087011501","tract",2023,"food_score",94.48
"55087011502","tract",2023,"food_score",114.34
"55087011600","tract",2023,"food_score",114.18
"55087011700","tract",2023,"food_score",105.73
"55087011800","tract",2023,"food_score",112.27
"55087011901","tract",2023,"food_score",111.26
"55087011902","tract",2023,"food_score",107.51
"55087012000","tract",2023,"food_score",127.35
"55087012101","tract",2023,"food_score",112.73
"55087012102","tract",2023,"food_score",104.5
"55087012200","tract",2023,"food_score",95.47
"55087012300","tract",2023,"food_score",116.76
"55087012400","tract",2023,"food_score",110.51
"55087012503","tract",2023,"food_score",125.54
"55087012504","tract",2023,"food_score",119.34
"55087012505","tract",2023,"food_score",126.74
"55087012506","tract",2023,"food_score",113.17
"55087012602","tract",2023,"food_score",121.99
"55087012603","tract",2023,"food_score",123.97
"55087012604","tract",2023,"food_score",116.41
"55087012700","tract",2023,"food_score",105.89
"55087012800","tract",2023,"food_score",117.46
"55087012902","tract",2023,"food_score",121.76
"55087012903","tract",2023,"food_score",120.87
"55087012904","tract",2023,"food_score",119.06
"55087013100","tract",2023,"food_score",103.94
"55087013200","tract",2023,"food_score",103.15
"55087013300","tract",2023,"food_score",124.6
"55087940000","tract",2023,"food_score",104.79
"55089610101","tract",2023,"food_score",113.45
"55089610102","tract",2023,"food_score",123.19
"55089620100","tract",2023,"food_score",106.05
"55089630100","tract",2023,"food_score",95.34
"55089630201","tract",2023,"food_score",110.47
"55089630202","tract",2023,"food_score",106.13
"55089640101","tract",2023,"food_score",111.42
"55089640102","tract",2023,"food_score",113.85
"55089640201","tract",2023,"food_score",120.45
"55089640202","tract",2023,"food_score",118.06
"55089650102","tract",2023,"food_score",119.12
"55089650103","tract",2023,"food_score",122.13
"55089650104","tract",2023,"food_score",118.34
"55089650200","tract",2023,"food_score",116.9
"55089650300","tract",2023,"food_score",123.62
"55089660100","tract",2023,"food_score",116.36
"55089660201","tract",2023,"food_score",116.84
"55089660202","tract",2023,"food_score",126.67
"55089660301","tract",2023,"food_score",123.45
"55089660303","tract",2023,"food_score",122.73
"55089660304","tract",2023,"food_score",118.86
"55089990000","tract",2023,"food_score",NA
"55091950100","tract",2023,"food_score",107.33
"55091950200","tract",2023,"food_score",106.92
"55093960100","tract",2023,"food_score",107.07
"55093960200","tract",2023,"food_score",110.97
"55093960300","tract",2023,"food_score",NA
"55093960400","tract",2023,"food_score",106.62
"55093960500","tract",2023,"food_score",119.11
"55093960600","tract",2023,"food_score",116.13
"55093960700","tract",2023,"food_score",111.06
"55093960800","tract",2023,"food_score",114.38
"55095960100","tract",2023,"food_score",103.49
"55095960200","tract",2023,"food_score",104.16
"55095960301","tract",2023,"food_score",110.97
"55095960302","tract",2023,"food_score",100.71
"55095960303","tract",2023,"food_score",103.03
"55095960500","tract",2023,"food_score",107.64
"55095960600","tract",2023,"food_score",108.42
"55095960701","tract",2023,"food_score",93.83
"55095960702","tract",2023,"food_score",99.61
"55095960800","tract",2023,"food_score",116.16
"55095960901","tract",2023,"food_score",111.67
"55095960902","tract",2023,"food_score",118.26
"55095961000","tract",2023,"food_score",109.72
"55095961100","tract",2023,"food_score",107.12
"55097960100","tract",2023,"food_score",119.28
"55097960200","tract",2023,"food_score",114.57
"55097960300","tract",2023,"food_score",97.53
"55097960400","tract",2023,"food_score",NA
"55097960500","tract",2023,"food_score",114.25
"55097960600","tract",2023,"food_score",109.7
"55097960701","tract",2023,"food_score",110.21
"55097960702","tract",2023,"food_score",104.66
"55097960800","tract",2023,"food_score",105.77
"55097960900","tract",2023,"food_score",94.88
"55097961000","tract",2023,"food_score",93.58
"55097961101","tract",2023,"food_score",116.27
"55097961102","tract",2023,"food_score",105.44
"55097961200","tract",2023,"food_score",99.2
"55097961300","tract",2023,"food_score",110.66
"55099970100","tract",2023,"food_score",98.49
"55099970200","tract",2023,"food_score",90.25
"55099970400","tract",2023,"food_score",100.52
"55099970500","tract",2023,"food_score",89.53
"55099970600","tract",2023,"food_score",102.18
"55099970700","tract",2023,"food_score",99.8
"55101000200","tract",2023,"food_score",41.25
"55101000400","tract",2023,"food_score",66.36
"55101000500","tract",2023,"food_score",66.61
"55101000600","tract",2023,"food_score",86.07
"55101000700","tract",2023,"food_score",95.49
"55101000800","tract",2023,"food_score",96.37
"55101000901","tract",2023,"food_score",108.35
"55101000903","tract",2023,"food_score",108.72
"55101000904","tract",2023,"food_score",104.79
"55101001001","tract",2023,"food_score",61.02
"55101001002","tract",2023,"food_score",87.86
"55101001003","tract",2023,"food_score",86.41
"55101001101","tract",2023,"food_score",96.38
"55101001102","tract",2023,"food_score",90.11
"55101001201","tract",2023,"food_score",105.54
"55101001202","tract",2023,"food_score",86.7
"55101001301","tract",2023,"food_score",81.91
"55101001302","tract",2023,"food_score",67.91
"55101001401","tract",2023,"food_score",101.77
"55101001402","tract",2023,"food_score",95.96
"55101001501","tract",2023,"food_score",107.35
"55101001504","tract",2023,"food_score",97.95
"55101001505","tract",2023,"food_score",106.75
"55101001506","tract",2023,"food_score",118.06
"55101001507","tract",2023,"food_score",108.4
"55101001601","tract",2023,"food_score",114.87
"55101001602","tract",2023,"food_score",123.22
"55101001701","tract",2023,"food_score",96.23
"55101001702","tract",2023,"food_score",99.37
"55101001703","tract",2023,"food_score",110.2
"55101001705","tract",2023,"food_score",115.97
"55101001706","tract",2023,"food_score",110.9
"55101001801","tract",2023,"food_score",100.22
"55101001802","tract",2023,"food_score",113.03
"55101001900","tract",2023,"food_score",122.12
"55101002001","tract",2023,"food_score",108.36
"55101002002","tract",2023,"food_score",111.98
"55101002100","tract",2023,"food_score",105.89
"55101002401","tract",2023,"food_score",109.08
"55101002402","tract",2023,"food_score",94.19
"55101002600","tract",2023,"food_score",116.2
"55101002701","tract",2023,"food_score",114.48
"55101002702","tract",2023,"food_score",113.68
"55101002800","tract",2023,"food_score",122.66
"55101002900","tract",2023,"food_score",60.06
"55101980000","tract",2023,"food_score",NA
"55101990000","tract",2023,"food_score",NA
"55103970100","tract",2023,"food_score",109.17
"55103970200","tract",2023,"food_score",115.59
"55103970300","tract",2023,"food_score",97.76
"55103970400","tract",2023,"food_score",93.79
"55103970500","tract",2023,"food_score",100.16
"55105000100","tract",2023,"food_score",75.03
"55105000200","tract",2023,"food_score",89.27
"55105000300","tract",2023,"food_score",65.08
"55105000400","tract",2023,"food_score",89.82
"55105000500","tract",2023,"food_score",99.03
"55105000600","tract",2023,"food_score",90.74
"55105000700","tract",2023,"food_score",89.21
"55105000800","tract",2023,"food_score",104.99
"55105000900","tract",2023,"food_score",112.07
"55105001000","tract",2023,"food_score",89.54
"55105001100","tract",2023,"food_score",111.74
"55105001201","tract",2023,"food_score",100.3
"55105001202","tract",2023,"food_score",106.55
"55105001302","tract",2023,"food_score",116.84
"55105001303","tract",2023,"food_score",117.06
"55105001305","tract",2023,"food_score",114.75
"55105001306","tract",2023,"food_score",87.05
"55105001400","tract",2023,"food_score",111.83
"55105001500","tract",2023,"food_score",NA
"55105001600","tract",2023,"food_score",60.95
"55105001700","tract",2023,"food_score",80.54
"55105001800","tract",2023,"food_score",41.54
"55105001900","tract",2023,"food_score",94.57
"55105002000","tract",2023,"food_score",83.52
"55105002100","tract",2023,"food_score",88.54
"55105002200","tract",2023,"food_score",116.15
"55105002300","tract",2023,"food_score",92.62
"55105002400","tract",2023,"food_score",116.6
"55105002500","tract",2023,"food_score",95.43
"55105002601","tract",2023,"food_score",92.56
"55105002602","tract",2023,"food_score",106.1
"55105002700","tract",2023,"food_score",112.62
"55105002800","tract",2023,"food_score",108.48
"55105002901","tract",2023,"food_score",112.7
"55105002902","tract",2023,"food_score",114.91
"55105003001","tract",2023,"food_score",112.18
"55105003002","tract",2023,"food_score",122.98
"55105003101","tract",2023,"food_score",121.82
"55105003102","tract",2023,"food_score",112.34
"55105003200","tract",2023,"food_score",109.79
"55105003300","tract",2023,"food_score",93.31
"55107960100","tract",2023,"food_score",103.24
"55107960200","tract",2023,"food_score",105.44
"55107960300","tract",2023,"food_score",96.26
"55107960400","tract",2023,"food_score",105.29
"55107960500","tract",2023,"food_score",86.5
"55109120100","tract",2023,"food_score",112.69
"55109120201","tract",2023,"food_score",119.67
"55109120202","tract",2023,"food_score",123.67
"55109120300","tract",2023,"food_score",112.57
"55109120401","tract",2023,"food_score",111.69
"55109120402","tract",2023,"food_score",123.42
"55109120501","tract",2023,"food_score",110.69
"55109120502","tract",2023,"food_score",106.84
"55109120601","tract",2023,"food_score",116.41
"55109120602","tract",2023,"food_score",118.6
"55109120700","tract",2023,"food_score",114.26
"55109120801","tract",2023,"food_score",109.96
"55109120802","tract",2023,"food_score",118.06
"55109120901","tract",2023,"food_score",110.29
"55109120904","tract",2023,"food_score",125.01
"55109120905","tract",2023,"food_score",115.33
"55109120906","tract",2023,"food_score",119.85
"55109121000","tract",2023,"food_score",115.35
"55111000101","tract",2023,"food_score",109.61
"55111000102","tract",2023,"food_score",99.56
"55111000103","tract",2023,"food_score",107.89
"55111000104","tract",2023,"food_score",105.92
"55111000200","tract",2023,"food_score",109.21
"55111000301","tract",2023,"food_score",106.12
"55111000302","tract",2023,"food_score",98.51
"55111000303","tract",2023,"food_score",96.38
"55111000401","tract",2023,"food_score",108.95
"55111000402","tract",2023,"food_score",103.34
"55111000500","tract",2023,"food_score",101.66
"55111000601","tract",2023,"food_score",103.57
"55111000602","tract",2023,"food_score",95.63
"55111000603","tract",2023,"food_score",115.09
"55111000700","tract",2023,"food_score",120.9
"55111000800","tract",2023,"food_score",116.07
"55111000901","tract",2023,"food_score",107.67
"55111000902","tract",2023,"food_score",104.83
"55111000903","tract",2023,"food_score",115.11
"55111001002","tract",2023,"food_score",97.94
"55111001003","tract",2023,"food_score",105.78
"55111001004","tract",2023,"food_score",100.68
"55111001005","tract",2023,"food_score",76.26
"55111001100","tract",2023,"food_score",112.9
"55113100300","tract",2023,"food_score",99.87
"55113100400","tract",2023,"food_score",111.65
"55113100501","tract",2023,"food_score",110.87
"55113100502","tract",2023,"food_score",112.25
"55113100700","tract",2023,"food_score",91.4
"55113100800","tract",2023,"food_score",90.42
"55113940001","tract",2023,"food_score",75.59
"55113940002","tract",2023,"food_score",85.78
"55115100100","tract",2023,"food_score",113.05
"55115100200","tract",2023,"food_score",101.64
"55115100300","tract",2023,"food_score",113.54
"55115100400","tract",2023,"food_score",101.78
"55115100500","tract",2023,"food_score",103.13
"55115100600","tract",2023,"food_score",91.5
"55115100700","tract",2023,"food_score",100.17
"55115100800","tract",2023,"food_score",104.03
"55115100900","tract",2023,"food_score",104.79
"55115101000","tract",2023,"food_score",116.75
"55115101100","tract",2023,"food_score",118.4
"55117000100","tract",2023,"food_score",108.78
"55117000201","tract",2023,"food_score",93.53
"55117000202","tract",2023,"food_score",94.13
"55117000300","tract",2023,"food_score",100.29
"55117000400","tract",2023,"food_score",98.94
"55117000500","tract",2023,"food_score",65.65
"55117000800","tract",2023,"food_score",69.23
"55117000900","tract",2023,"food_score",97.79
"55117001000","tract",2023,"food_score",106.92
"55117001100","tract",2023,"food_score",100.28
"55117010100","tract",2023,"food_score",117.68
"55117010200","tract",2023,"food_score",115.51
"55117010300","tract",2023,"food_score",119.95
"55117010400","tract",2023,"food_score",116.02
"55117010502","tract",2023,"food_score",107.1
"55117010503","tract",2023,"food_score",114.7
"55117010504","tract",2023,"food_score",104.76
"55117010601","tract",2023,"food_score",117.42
"55117010602","tract",2023,"food_score",106.22
"55117010700","tract",2023,"food_score",122.36
"55117010800","tract",2023,"food_score",104.9
"55117010900","tract",2023,"food_score",117.51
"55117011000","tract",2023,"food_score",114.22
"55117011100","tract",2023,"food_score",118.32
"55117011200","tract",2023,"food_score",109.09
"55117011301","tract",2023,"food_score",117.54
"55117011302","tract",2023,"food_score",117.71
"55117011400","tract",2023,"food_score",92.51
"55117990000","tract",2023,"food_score",NA
"55119960100","tract",2023,"food_score",110.22
"55119960200","tract",2023,"food_score",106.8
"55119960300","tract",2023,"food_score",109.35
"55119960400","tract",2023,"food_score",107.48
"55119960500","tract",2023,"food_score",100.73
"55119960600","tract",2023,"food_score",114.38
"55121100100","tract",2023,"food_score",110.44
"55121100200","tract",2023,"food_score",103.8
"55121100300","tract",2023,"food_score",93.07
"55121100400","tract",2023,"food_score",101.39
"55121100500","tract",2023,"food_score",110.36
"55121100600","tract",2023,"food_score",110.88
"55121100700","tract",2023,"food_score",115.62
"55121100800","tract",2023,"food_score",110.45
"55123960100","tract",2023,"food_score",111.25
"55123960200","tract",2023,"food_score",108.06
"55123960300","tract",2023,"food_score",113.03
"55123960400","tract",2023,"food_score",107.85
"55123960500","tract",2023,"food_score",112.34
"55123960600","tract",2023,"food_score",120.62
"55123960700","tract",2023,"food_score",112.51
"55125940000","tract",2023,"food_score",89.79
"55125950201","tract",2023,"food_score",112
"55125950202","tract",2023,"food_score",101.75
"55125950501","tract",2023,"food_score",104.44
"55125950502","tract",2023,"food_score",104.49
"55125950601","tract",2023,"food_score",104.35
"55125950602","tract",2023,"food_score",117.45
"55125950700","tract",2023,"food_score",117.65
"55127000102","tract",2023,"food_score",120.55
"55127000103","tract",2023,"food_score",113.62
"55127000104","tract",2023,"food_score",122.63
"55127000201","tract",2023,"food_score",124.2
"55127000202","tract",2023,"food_score",123.63
"55127000301","tract",2023,"food_score",119.85
"55127000303","tract",2023,"food_score",112.74
"55127000304","tract",2023,"food_score",104.13
"55127000400","tract",2023,"food_score",96.76
"55127000501","tract",2023,"food_score",NA
"55127000502","tract",2023,"food_score",114.17
"55127000600","tract",2023,"food_score",101.89
"55127000701","tract",2023,"food_score",108.27
"55127000702","tract",2023,"food_score",111.87
"55127000801","tract",2023,"food_score",99.18
"55127000802","tract",2023,"food_score",105.86
"55127000901","tract",2023,"food_score",112.83
"55127000902","tract",2023,"food_score",95.54
"55127001000","tract",2023,"food_score",123.29
"55127001501","tract",2023,"food_score",103.07
"55127001503","tract",2023,"food_score",98.45
"55127001504","tract",2023,"food_score",115.11
"55127001603","tract",2023,"food_score",106.52
"55127001605","tract",2023,"food_score",112.45
"55127001606","tract",2023,"food_score",113.84
"55127001607","tract",2023,"food_score",121.69
"55127001608","tract",2023,"food_score",91.89
"55127001701","tract",2023,"food_score",102.73
"55127001702","tract",2023,"food_score",109.98
"55129950100","tract",2023,"food_score",99.4
"55129950200","tract",2023,"food_score",111.45
"55129950300","tract",2023,"food_score",104.51
"55129950501","tract",2023,"food_score",86.43
"55129950502","tract",2023,"food_score",106.53
"55129950600","tract",2023,"food_score",104.83
"55131400102","tract",2023,"food_score",108.93
"55131400103","tract",2023,"food_score",124.04
"55131400104","tract",2023,"food_score",121.32
"55131410100","tract",2023,"food_score",120.21
"55131420104","tract",2023,"food_score",115.33
"55131420105","tract",2023,"food_score",101.38
"55131420106","tract",2023,"food_score",100.19
"55131420107","tract",2023,"food_score",115.59
"55131420108","tract",2023,"food_score",120.31
"55131420200","tract",2023,"food_score",113.19
"55131420300","tract",2023,"food_score",114.51
"55131420401","tract",2023,"food_score",103.92
"55131420402","tract",2023,"food_score",102.32
"55131430100","tract",2023,"food_score",114.17
"55131440103","tract",2023,"food_score",111.95
"55131440104","tract",2023,"food_score",108.4
"55131440105","tract",2023,"food_score",116.86
"55131440106","tract",2023,"food_score",121.42
"55131440200","tract",2023,"food_score",112.87
"55131450103","tract",2023,"food_score",112.15
"55131450105","tract",2023,"food_score",121.69
"55131450106","tract",2023,"food_score",118.75
"55131450107","tract",2023,"food_score",120.84
"55131450108","tract",2023,"food_score",112.98
"55131460101","tract",2023,"food_score",126.68
"55131460102","tract",2023,"food_score",122.98
"55131470100","tract",2023,"food_score",122.03
"55131470202","tract",2023,"food_score",126.34
"55131470203","tract",2023,"food_score",98.33
"55131470204","tract",2023,"food_score",121.25
"55133200101","tract",2023,"food_score",118.61
"55133200102","tract",2023,"food_score",119.36
"55133200103","tract",2023,"food_score",86.84
"55133200201","tract",2023,"food_score",119.61
"55133200202","tract",2023,"food_score",108.25
"55133200300","tract",2023,"food_score",121.74
"55133200400","tract",2023,"food_score",125.42
"55133200500","tract",2023,"food_score",125.6
"55133200600","tract",2023,"food_score",96.53
"55133200700","tract",2023,"food_score",119.99
"55133200801","tract",2023,"food_score",122.45
"55133200803","tract",2023,"food_score",121.82
"55133200804","tract",2023,"food_score",110.71
"55133200901","tract",2023,"food_score",120.55
"55133200902","tract",2023,"food_score",119.97
"55133201001","tract",2023,"food_score",122.31
"55133201002","tract",2023,"food_score",125.69
"55133201101","tract",2023,"food_score",122.39
"55133201102","tract",2023,"food_score",124.48
"55133201201","tract",2023,"food_score",119.52
"55133201203","tract",2023,"food_score",118.62
"55133201204","tract",2023,"food_score",117.59
"55133201205","tract",2023,"food_score",119.23
"55133201300","tract",2023,"food_score",118.91
"55133201402","tract",2023,"food_score",118.86
"55133201403","tract",2023,"food_score",119.61
"55133201404","tract",2023,"food_score",114.92
"55133201504","tract",2023,"food_score",124.13
"55133201505","tract",2023,"food_score",121.15
"55133201506","tract",2023,"food_score",114.7
"55133201507","tract",2023,"food_score",124.37
"55133201508","tract",2023,"food_score",121.49
"55133201600","tract",2023,"food_score",126.58
"55133201701","tract",2023,"food_score",122.31
"55133201703","tract",2023,"food_score",109.79
"55133201704","tract",2023,"food_score",119.88
"55133201800","tract",2023,"food_score",117.34
"55133201900","tract",2023,"food_score",120.45
"55133202001","tract",2023,"food_score",123.46
"55133202002","tract",2023,"food_score",121.12
"55133202101","tract",2023,"food_score",125.3
"55133202102","tract",2023,"food_score",117.83
"55133202103","tract",2023,"food_score",113.97
"55133202201","tract",2023,"food_score",105.09
"55133202203","tract",2023,"food_score",62.76
"55133202204","tract",2023,"food_score",105.85
"55133202301","tract",2023,"food_score",110.03
"55133202303","tract",2023,"food_score",70.35
"55133202304","tract",2023,"food_score",98.53
"55133202400","tract",2023,"food_score",114.14
"55133202500","tract",2023,"food_score",97.27
"55133202600","tract",2023,"food_score",91.82
"55133202700","tract",2023,"food_score",88.14
"55133202800","tract",2023,"food_score",106.04
"55133202901","tract",2023,"food_score",104.46
"55133202902","tract",2023,"food_score",116.58
"55133203000","tract",2023,"food_score",83.62
"55133203103","tract",2023,"food_score",97.49
"55133203104","tract",2023,"food_score",107.82
"55133203105","tract",2023,"food_score",92
"55133203106","tract",2023,"food_score",104.12
"55133203107","tract",2023,"food_score",110.94
"55133203200","tract",2023,"food_score",123.03
"55133203303","tract",2023,"food_score",120.57
"55133203304","tract",2023,"food_score",125.65
"55133203305","tract",2023,"food_score",115.19
"55133203307","tract",2023,"food_score",121.34
"55133203308","tract",2023,"food_score",113.16
"55133203402","tract",2023,"food_score",122.54
"55133203403","tract",2023,"food_score",122.46
"55133203404","tract",2023,"food_score",100.25
"55133203405","tract",2023,"food_score",120.8
"55133203406","tract",2023,"food_score",124.61
"55133203501","tract",2023,"food_score",122.22
"55133203502","tract",2023,"food_score",123.78
"55133203601","tract",2023,"food_score",110.8
"55133203602","tract",2023,"food_score",115.45
"55133203702","tract",2023,"food_score",123.98
"55133203703","tract",2023,"food_score",124.9
"55133203704","tract",2023,"food_score",113.99
"55133203802","tract",2023,"food_score",122.32
"55133203803","tract",2023,"food_score",121.11
"55133203805","tract",2023,"food_score",118.96
"55133203806","tract",2023,"food_score",123.6
"55133203901","tract",2023,"food_score",118.62
"55133203902","tract",2023,"food_score",122.06
"55133204002","tract",2023,"food_score",118.8
"55133204003","tract",2023,"food_score",117.93
"55133204004","tract",2023,"food_score",123.07
"55133204100","tract",2023,"food_score",126.45
"55133204201","tract",2023,"food_score",91.75
"55133204202","tract",2023,"food_score",123.93
"55133204301","tract",2023,"food_score",113.23
"55133204302","tract",2023,"food_score",107.86
"55133204400","tract",2023,"food_score",125.87
"55133204501","tract",2023,"food_score",123.49
"55133204503","tract",2023,"food_score",125.14
"55133204504","tract",2023,"food_score",116.25
"55135100100","tract",2023,"food_score",104.73
"55135100200","tract",2023,"food_score",113.31
"55135100300","tract",2023,"food_score",107.84
"55135100400","tract",2023,"food_score",107.51
"55135100500","tract",2023,"food_score",110.54
"55135100600","tract",2023,"food_score",115.36
"55135100700","tract",2023,"food_score",90.61
"55135100800","tract",2023,"food_score",116.39
"55135100900","tract",2023,"food_score",108
"55135101000","tract",2023,"food_score",105.67
"55135101100","tract",2023,"food_score",92.23
"55135101200","tract",2023,"food_score",109.62
"55137960100","tract",2023,"food_score",109.96
"55137960201","tract",2023,"food_score",102.82
"55137960202","tract",2023,"food_score",104.77
"55137960300","tract",2023,"food_score",91.62
"55137960400","tract",2023,"food_score",98.9
"55137960600","tract",2023,"food_score",114.36
"55137960700","tract",2023,"food_score",101.33
"55137960800","tract",2023,"food_score",91.11
"55139000100","tract",2023,"food_score",90.72
"55139000200","tract",2023,"food_score",79.07
"55139000300","tract",2023,"food_score",93.14
"55139000400","tract",2023,"food_score",96.47
"55139000501","tract",2023,"food_score",74
"55139000502","tract",2023,"food_score",104.7
"55139000700","tract",2023,"food_score",NA
"55139000800","tract",2023,"food_score",106.13
"55139000900","tract",2023,"food_score",101.5
"55139001000","tract",2023,"food_score",93.86
"55139001100","tract",2023,"food_score",97.51
"55139001200","tract",2023,"food_score",97.05
"55139001300","tract",2023,"food_score",98.62
"55139001400","tract",2023,"food_score",99.34
"55139001500","tract",2023,"food_score",101.75
"55139001600","tract",2023,"food_score",NA
"55139001700","tract",2023,"food_score",NA
"55139001801","tract",2023,"food_score",117.85
"55139001803","tract",2023,"food_score",122.39
"55139001804","tract",2023,"food_score",124.28
"55139001900","tract",2023,"food_score",119.03
"55139002001","tract",2023,"food_score",115.77
"55139002002","tract",2023,"food_score",110.21
"55139002100","tract",2023,"food_score",115.59
"55139002201","tract",2023,"food_score",112.58
"55139002202","tract",2023,"food_score",116.8
"55139002300","tract",2023,"food_score",124.13
"55139002401","tract",2023,"food_score",120.63
"55139002402","tract",2023,"food_score",117.26
"55139002500","tract",2023,"food_score",96.37
"55139002601","tract",2023,"food_score",93.83
"55139002602","tract",2023,"food_score",82.26
"55139002700","tract",2023,"food_score",81.57
"55139002800","tract",2023,"food_score",87.91
"55139002900","tract",2023,"food_score",82.08
"55139003000","tract",2023,"food_score",107.87
"55139003100","tract",2023,"food_score",105.73
"55139003200","tract",2023,"food_score",98.3
"55139003300","tract",2023,"food_score",84.97
"55139003400","tract",2023,"food_score",93.3
"55139003500","tract",2023,"food_score",99.68
"55139003600","tract",2023,"food_score",116.54
"55139003701","tract",2023,"food_score",67.59
"55139003703","tract",2023,"food_score",120.91
"55139003704","tract",2023,"food_score",121.75
"55141010100","tract",2023,"food_score",110.58
"55141010200","tract",2023,"food_score",101.27
"55141010300","tract",2023,"food_score",95.48
"55141010400","tract",2023,"food_score",118.47
"55141010500","tract",2023,"food_score",103.67
"55141010600","tract",2023,"food_score",110.93
"55141010700","tract",2023,"food_score",117.9
"55141010800","tract",2023,"food_score",104.17
"55141010900","tract",2023,"food_score",106.91
"55141011000","tract",2023,"food_score",77.26
"55141011100","tract",2023,"food_score",84.3
"55141011200","tract",2023,"food_score",72.87
"55141011300","tract",2023,"food_score",97.51
"55141011400","tract",2023,"food_score",100.5
"55141011500","tract",2023,"food_score",125.09
"55141011600","tract",2023,"food_score",108.4
"55141011700","tract",2023,"food_score",75.81
"55001950100","tract",2023,"food_rnk",58.8773
"55001950201","tract",2023,"food_rnk",33.3105
"55001950203","tract",2023,"food_rnk",37.8044
"55001950204","tract",2023,"food_rnk",30.444
"55001950400","tract",2023,"food_rnk",23.6098
"55001950501","tract",2023,"food_rnk",29.8043
"55001950502","tract",2023,"food_rnk",31.4488
"55001950700","tract",2023,"food_rnk",40.8504
"55003940000","tract",2023,"food_rnk",28.4113
"55003950300","tract",2023,"food_rnk",61.2921
"55003950400","tract",2023,"food_rnk",29.4063
"55003950500","tract",2023,"food_rnk",49.743
"55003950600","tract",2023,"food_rnk",18.7655
"55003950700","tract",2023,"food_rnk",58.1863
"55003950800","tract",2023,"food_rnk",26.5544
"55003990000","tract",2023,"food_rnk",NA
"55005000100","tract",2023,"food_rnk",75.25
"55005000200","tract",2023,"food_rnk",32.5194
"55005000300","tract",2023,"food_rnk",43.3715
"55005000400","tract",2023,"food_rnk",46.9119
"55005000500","tract",2023,"food_rnk",38.5052
"55005000601","tract",2023,"food_rnk",39.3696
"55005000602","tract",2023,"food_rnk",46.2917
"55005000800","tract",2023,"food_rnk",56.9008
"55005000900","tract",2023,"food_rnk",62.5545
"55005001001","tract",2023,"food_rnk",79.4814
"55005001003","tract",2023,"food_rnk",58.4537
"55005001004","tract",2023,"food_rnk",44.8352
"55007960100","tract",2023,"food_rnk",20.5113
"55007960200","tract",2023,"food_rnk",68.2289
"55007960300","tract",2023,"food_rnk",46.0024
"55007960401","tract",2023,"food_rnk",57.9299
"55007960402","tract",2023,"food_rnk",59.611
"55007960600","tract",2023,"food_rnk",59.7783
"55007990000","tract",2023,"food_rnk",NA
"55009000100","tract",2023,"food_rnk",21.3915
"55009000200","tract",2023,"food_rnk",18.0745
"55009000302","tract",2023,"food_rnk",10.1134
"55009000303","tract",2023,"food_rnk",19.8777
"55009000401","tract",2023,"food_rnk",14.3497
"55009000402","tract",2023,"food_rnk",39.5075
"55009000500","tract",2023,"food_rnk",25.7609
"55009000600","tract",2023,"food_rnk",83.2526
"55009000700","tract",2023,"food_rnk",38.1829
"55009000800","tract",2023,"food_rnk",13.7869
"55009000900","tract",2023,"food_rnk",12.6405
"55009001000","tract",2023,"food_rnk",32.351
"55009001100","tract",2023,"food_rnk",23.9418
"55009001200","tract",2023,"food_rnk",8.1515
"55009001300","tract",2023,"food_rnk",27.1539
"55009001400","tract",2023,"food_rnk",21.3781
"55009001600","tract",2023,"food_rnk",19.3515
"55009001701","tract",2023,"food_rnk",34.8158
"55009001702","tract",2023,"food_rnk",31.7283
"55009001801","tract",2023,"food_rnk",26.9475
"55009001802","tract",2023,"food_rnk",83.3905
"55009002001","tract",2023,"food_rnk",64.5176
"55009002002","tract",2023,"food_rnk",35.9659
"55009002003","tract",2023,"food_rnk",93.7334
"55009010100","tract",2023,"food_rnk",75.9678
"55009010201","tract",2023,"food_rnk",NA
"55009010202","tract",2023,"food_rnk",47.8287
"55009010300","tract",2023,"food_rnk",54.7875
"55009020100","tract",2023,"food_rnk",88.0858
"55009020203","tract",2023,"food_rnk",98.4263
"55009020204","tract",2023,"food_rnk",98.0869
"55009020502","tract",2023,"food_rnk",39.6015
"55009020504","tract",2023,"food_rnk",97.2336
"55009020505","tract",2023,"food_rnk",58.8273
"55009020506","tract",2023,"food_rnk",80.1443
"55009020600","tract",2023,"food_rnk",73.7923
"55009020702","tract",2023,"food_rnk",76.1973
"55009020703","tract",2023,"food_rnk",95.5879
"55009020704","tract",2023,"food_rnk",68.1227
"55009020800","tract",2023,"food_rnk",62.7339
"55009020900","tract",2023,"food_rnk",78.9345
"55009021000","tract",2023,"food_rnk",68.6184
"55009021200","tract",2023,"food_rnk",69.3533
"55009021301","tract",2023,"food_rnk",82.9693
"55009021302","tract",2023,"food_rnk",48.6614
"55009021303","tract",2023,"food_rnk",37.0072
"55009021304","tract",2023,"food_rnk",37.1
"55009021400","tract",2023,"food_rnk",88.4948
"55009021500","tract",2023,"food_rnk",66.3977
"55009021600","tract",2023,"food_rnk",56.6444
"55009940002","tract",2023,"food_rnk",75.8164
"55009940003","tract",2023,"food_rnk",26.0405
"55009940004","tract",2023,"food_rnk",28.1769
"55009940005","tract",2023,"food_rnk",75.1193
"55009940006","tract",2023,"food_rnk",78.8075
"55009940007","tract",2023,"food_rnk",81.016
"55009940008","tract",2023,"food_rnk",83.6066
"55009980000","tract",2023,"food_rnk",NA
"55011960100","tract",2023,"food_rnk",66.2145
"55011960200","tract",2023,"food_rnk",35.0637
"55011960300","tract",2023,"food_rnk",56.5809
"55011960400","tract",2023,"food_rnk",78.2313
"55011960500","tract",2023,"food_rnk",74.0072
"55013970400","tract",2023,"food_rnk",35.6423
"55013970600","tract",2023,"food_rnk",52.0858
"55013970700","tract",2023,"food_rnk",51.2349
"55013970800","tract",2023,"food_rnk",28.5322
"55013970900","tract",2023,"food_rnk",31.6233
"55013971000","tract",2023,"food_rnk",64.6885
"55015020100","tract",2023,"food_rnk",78.0945
"55015020200","tract",2023,"food_rnk",50.7465
"55015020303","tract",2023,"food_rnk",37.5322
"55015020304","tract",2023,"food_rnk",25.8134
"55015020306","tract",2023,"food_rnk",98.8768
"55015020308","tract",2023,"food_rnk",73.0317
"55015020400","tract",2023,"food_rnk",85.0447
"55015020500","tract",2023,"food_rnk",46.1342
"55015020600","tract",2023,"food_rnk",58.2718
"55015020700","tract",2023,"food_rnk",88.7121
"55015020800","tract",2023,"food_rnk",97.1408
"55017010100","tract",2023,"food_rnk",31.1814
"55017010200","tract",2023,"food_rnk",48.5124
"55017010300","tract",2023,"food_rnk",51.4168
"55017010400","tract",2023,"food_rnk",67.9274
"55017010500","tract",2023,"food_rnk",60.1751
"55017010700","tract",2023,"food_rnk",42.678
"55017010800","tract",2023,"food_rnk",52.3605
"55017010900","tract",2023,"food_rnk",40.4012
"55017011001","tract",2023,"food_rnk",53.0905
"55017011002","tract",2023,"food_rnk",69.5303
"55017011100","tract",2023,"food_rnk",51.3557
"55017011200","tract",2023,"food_rnk",41.2191
"55019950100","tract",2023,"food_rnk",35.7608
"55019950200","tract",2023,"food_rnk",52.7731
"55019950300","tract",2023,"food_rnk",62.4568
"55019950400","tract",2023,"food_rnk",44.9122
"55019950500","tract",2023,"food_rnk",60.7598
"55019950600","tract",2023,"food_rnk",57.228
"55019950700","tract",2023,"food_rnk",43.7463
"55019950800","tract",2023,"food_rnk",36.8729
"55021970100","tract",2023,"food_rnk",69.3753
"55021970200","tract",2023,"food_rnk",67.9054
"55021970300","tract",2023,"food_rnk",63.5775
"55021970401","tract",2023,"food_rnk",41.882
"55021970402","tract",2023,"food_rnk",53.9854
"55021970500","tract",2023,"food_rnk",18.8509
"55021970600","tract",2023,"food_rnk",69.9772
"55021970700","tract",2023,"food_rnk",64.1904
"55021970800","tract",2023,"food_rnk",84.8128
"55021970900","tract",2023,"food_rnk",81.5263
"55021971000","tract",2023,"food_rnk",60.5743
"55021971100","tract",2023,"food_rnk",57.0522
"55021971200","tract",2023,"food_rnk",60.3265
"55023960100","tract",2023,"food_rnk",42.8929
"55023960200","tract",2023,"food_rnk",46.6152
"55023960300","tract",2023,"food_rnk",66.6272
"55023960400","tract",2023,"food_rnk",57.8347
"55023960500","tract",2023,"food_rnk",24.6707
"55023960600","tract",2023,"food_rnk",45.4884
"55025000100","tract",2023,"food_rnk",69.4913
"55025000201","tract",2023,"food_rnk",81.403
"55025000202","tract",2023,"food_rnk",71.6387
"55025000204","tract",2023,"food_rnk",28.2526
"55025000205","tract",2023,"food_rnk",66.7688
"55025000301","tract",2023,"food_rnk",15.4997
"55025000302","tract",2023,"food_rnk",89.7035
"55025000401","tract",2023,"food_rnk",88.7121
"55025000402","tract",2023,"food_rnk",78.9027
"55025000406","tract",2023,"food_rnk",93.4148
"55025000407","tract",2023,"food_rnk",54.0599
"55025000408","tract",2023,"food_rnk",14.4779
"55025000409","tract",2023,"food_rnk",41.561
"55025000410","tract",2023,"food_rnk",61.8354
"55025000501","tract",2023,"food_rnk",67.2303
"55025000504","tract",2023,"food_rnk",83.6481
"55025000505","tract",2023,"food_rnk",38.6151
"55025000506","tract",2023,"food_rnk",38.0181
"55025000600","tract",2023,"food_rnk",13.6416
"55025000700","tract",2023,"food_rnk",94.9518
"55025000800","tract",2023,"food_rnk",72.6508
"55025000901","tract",2023,"food_rnk",80.3225
"55025000902","tract",2023,"food_rnk",84.3928
"55025001000","tract",2023,"food_rnk",87.9308
"55025001101","tract",2023,"food_rnk",61.1908
"55025001102","tract",2023,"food_rnk",NA
"55025001200","tract",2023,"food_rnk",59.611
"55025001300","tract",2023,"food_rnk",40.2119
"55025001401","tract",2023,"food_rnk",21.1315
"55025001402","tract",2023,"food_rnk",24.6353
"55025001404","tract",2023,"food_rnk",39.5625
"55025001405","tract",2023,"food_rnk",21.9214
"55025001501","tract",2023,"food_rnk",51.136
"55025001502","tract",2023,"food_rnk",20.9361
"55025001603","tract",2023,"food_rnk",41.9968
"55025001604","tract",2023,"food_rnk",54.0269
"55025001605","tract",2023,"food_rnk",75.9031
"55025001606","tract",2023,"food_rnk",NA
"55025001704","tract",2023,"food_rnk",68.4829
"55025001706","tract",2023,"food_rnk",55.4907
"55025001707","tract",2023,"food_rnk",47.7848
"55025001802","tract",2023,"food_rnk",42.6048
"55025001804","tract",2023,"food_rnk",37.0707
"55025001901","tract",2023,"food_rnk",27.1221
"55025001902","tract",2023,"food_rnk",81.0782
"55025002000","tract",2023,"food_rnk",28.5456
"55025002100","tract",2023,"food_rnk",62.0991
"55025002200","tract",2023,"food_rnk",16.828
"55025002301","tract",2023,"food_rnk",4.2827
"55025002302","tract",2023,"food_rnk",79.9319
"55025002401","tract",2023,"food_rnk",44.7388
"55025002402","tract",2023,"food_rnk",17.8474
"55025002500","tract",2023,"food_rnk",6.2653
"55025002601","tract",2023,"food_rnk",15.3264
"55025002602","tract",2023,"food_rnk",76.2633
"55025002603","tract",2023,"food_rnk",34.8696
"55025002700","tract",2023,"food_rnk",57.9397
"55025002800","tract",2023,"food_rnk",87.5353
"55025002900","tract",2023,"food_rnk",50.8076
"55025003001","tract",2023,"food_rnk",83.9228
"55025003002","tract",2023,"food_rnk",30.1974
"55025003100","tract",2023,"food_rnk",71.5093
"55025003200","tract",2023,"food_rnk",62.3946
"55025010100","tract",2023,"food_rnk",92.1525
"55025010200","tract",2023,"food_rnk",77.5659
"55025010300","tract",2023,"food_rnk",73.3882
"55025010400","tract",2023,"food_rnk",57.4428
"55025010501","tract",2023,"food_rnk",97.0773
"55025010503","tract",2023,"food_rnk",80.922
"55025010504","tract",2023,"food_rnk",46.0304
"55025010600","tract",2023,"food_rnk",71.6619
"55025010701","tract",2023,"food_rnk",87.2874
"55025010702","tract",2023,"food_rnk",98.4837
"55025010801","tract",2023,"food_rnk",90.8987
"55025010802","tract",2023,"food_rnk",86.3852
"55025010903","tract",2023,"food_rnk",91.9779
"55025010905","tract",2023,"food_rnk",96.9442
"55025010906","tract",2023,"food_rnk",98.9379
"55025010907","tract",2023,"food_rnk",93.0083
"55025010908","tract",2023,"food_rnk",86.4353
"55025011000","tract",2023,"food_rnk",67.8309
"55025011101","tract",2023,"food_rnk",22.3853
"55025011103","tract",2023,"food_rnk",70.9758
"55025011104","tract",2023,"food_rnk",96.042
"55025011201","tract",2023,"food_rnk",80.1736
"55025011202","tract",2023,"food_rnk",83.3331
"55025011301","tract",2023,"food_rnk",91.2454
"55025011302","tract",2023,"food_rnk",78.3069
"55025011403","tract",2023,"food_rnk",69.4913
"55025011404","tract",2023,"food_rnk",81.2638
"55025011405","tract",2023,"food_rnk",92.6908
"55025011406","tract",2023,"food_rnk",94.4855
"55025011407","tract",2023,"food_rnk",72.5812
"55025011504","tract",2023,"food_rnk",74.1183
"55025011505","tract",2023,"food_rnk",49.7687
"55025011506","tract",2023,"food_rnk",50.7893
"55025011507","tract",2023,"food_rnk",74.786
"55025011508","tract",2023,"food_rnk",83.7262
"55025011600","tract",2023,"food_rnk",75.5649
"55025011700","tract",2023,"food_rnk",84.3159
"55025011800","tract",2023,"food_rnk",38.4271
"55025011900","tract",2023,"food_rnk",71.9635
"55025012002","tract",2023,"food_rnk",77.6855
"55025012003","tract",2023,"food_rnk",88.2519
"55025012004","tract",2023,"food_rnk",92.089
"55025012100","tract",2023,"food_rnk",66.1914
"55025012201","tract",2023,"food_rnk",80.3421
"55025012202","tract",2023,"food_rnk",76.4342
"55025012300","tract",2023,"food_rnk",55.5164
"55025012400","tract",2023,"food_rnk",95.0397
"55025012501","tract",2023,"food_rnk",71.5606
"55025012502","tract",2023,"food_rnk",69.4669
"55025012600","tract",2023,"food_rnk",77.6672
"55025012700","tract",2023,"food_rnk",68.0092
"55025012800","tract",2023,"food_rnk",88.3825
"55025012900","tract",2023,"food_rnk",89.1455
"55025013000","tract",2023,"food_rnk",87.0542
"55025013100","tract",2023,"food_rnk",67.4244
"55025013201","tract",2023,"food_rnk",76.8224
"55025013202","tract",2023,"food_rnk",83.3551
"55025013301","tract",2023,"food_rnk",40.0606
"55025013302","tract",2023,"food_rnk",45.3431
"55025013700","tract",2023,"food_rnk",94.6649
"55025991702","tract",2023,"food_rnk",NA
"55025991703","tract",2023,"food_rnk",NA
"55027960100","tract",2023,"food_rnk",59.2155
"55027960200","tract",2023,"food_rnk",47.3575
"55027960300","tract",2023,"food_rnk",39.2438
"55027960400","tract",2023,"food_rnk",64.7703
"55027960500","tract",2023,"food_rnk",35.9659
"55027960600","tract",2023,"food_rnk",45.6312
"55027960700","tract",2023,"food_rnk",36.4298
"55027960800","tract",2023,"food_rnk",68.5183
"55027960900","tract",2023,"food_rnk",47.2086
"55027961000","tract",2023,"food_rnk",37.7117
"55027961100","tract",2023,"food_rnk",66.2145
"55027961200","tract",2023,"food_rnk",34.6071
"55027961300","tract",2023,"food_rnk",62.0503
"55027961400","tract",2023,"food_rnk",55.2014
"55027961500","tract",2023,"food_rnk",81.1466
"55027961600","tract",2023,"food_rnk",67.8309
"55027961700","tract",2023,"food_rnk",44.2236
"55027961800","tract",2023,"food_rnk",71.8792
"55027961900","tract",2023,"food_rnk",62.1467
"55027962000","tract",2023,"food_rnk",24.1701
"55029100100","tract",2023,"food_rnk",79.3642
"55029100300","tract",2023,"food_rnk",47.001
"55029100400","tract",2023,"food_rnk",82.7471
"55029100500","tract",2023,"food_rnk",86.0532
"55029100600","tract",2023,"food_rnk",80.4788
"55029100700","tract",2023,"food_rnk",59.235
"55029100800","tract",2023,"food_rnk",74.1183
"55029100900","tract",2023,"food_rnk",57.7004
"55029101000","tract",2023,"food_rnk",84.9092
"55029990000","tract",2023,"food_rnk",NA
"55031020300","tract",2023,"food_rnk",12.6125
"55031020400","tract",2023,"food_rnk",58.5001
"55031020500","tract",2023,"food_rnk",65.0267
"55031020600","tract",2023,"food_rnk",25.6974
"55031020700","tract",2023,"food_rnk",69.5621
"55031020800","tract",2023,"food_rnk",60.3948
"55031020900","tract",2023,"food_rnk",59.1251
"55031021000","tract",2023,"food_rnk",45.9657
"55031021100","tract",2023,"food_rnk",8.1003
"55031030101","tract",2023,"food_rnk",72.1173
"55031030102","tract",2023,"food_rnk",74.7482
"55031030200","tract",2023,"food_rnk",92.0475
"55031030301","tract",2023,"food_rnk",54.7875
"55031030302","tract",2023,"food_rnk",60.6536
"55031990000","tract",2023,"food_rnk",NA
"55033970100","tract",2023,"food_rnk",52.4569
"55033970200","tract",2023,"food_rnk",51.9112
"55033970300","tract",2023,"food_rnk",35.4678
"55033970400","tract",2023,"food_rnk",53.9195
"55033970500","tract",2023,"food_rnk",49.743
"55033970600","tract",2023,"food_rnk",67.7699
"55033970700","tract",2023,"food_rnk",35.2956
"55033970801","tract",2023,"food_rnk",NA
"55033970802","tract",2023,"food_rnk",30.9543
"55035000100","tract",2023,"food_rnk",40.2705
"55035000200","tract",2023,"food_rnk",75.6028
"55035000301","tract",2023,"food_rnk",67.2059
"55035000302","tract",2023,"food_rnk",86.6892
"55035000401","tract",2023,"food_rnk",62.4568
"55035000402","tract",2023,"food_rnk",40.8028
"55035000501","tract",2023,"food_rnk",85.201
"55035000502","tract",2023,"food_rnk",53.2248
"55035000600","tract",2023,"food_rnk",40.3877
"55035000700","tract",2023,"food_rnk",59.5915
"55035000801","tract",2023,"food_rnk",63.5507
"55035000802","tract",2023,"food_rnk",81.5007
"55035000803","tract",2023,"food_rnk",26.4519
"55035000900","tract",2023,"food_rnk",60.4205
"55035001101","tract",2023,"food_rnk",62.2078
"55035001200","tract",2023,"food_rnk",16.9062
"55035001300","tract",2023,"food_rnk",32.8564
"55035001401","tract",2023,"food_rnk",63.2552
"55035001402","tract",2023,"food_rnk",49.5062
"55035001500","tract",2023,"food_rnk",80.9671
"55035001600","tract",2023,"food_rnk",86.0251
"55035001700","tract",2023,"food_rnk",NA
"55037190101","tract",2023,"food_rnk",66.8616
"55037190102","tract",2023,"food_rnk",37.4419
"55037190200","tract",2023,"food_rnk",54.8351
"55039040100","tract",2023,"food_rnk",41.7185
"55039040200","tract",2023,"food_rnk",15.3862
"55039040300","tract",2023,"food_rnk",41.5341
"55039040400","tract",2023,"food_rnk",41.8479
"55039040500","tract",2023,"food_rnk",9.0745
"55039040700","tract",2023,"food_rnk",69.1958
"55039040800","tract",2023,"food_rnk",48.2182
"55039040900","tract",2023,"food_rnk",48.5124
"55039041000","tract",2023,"food_rnk",50.4963
"55039041101","tract",2023,"food_rnk",68.7637
"55039041102","tract",2023,"food_rnk",88.109
"55039041300","tract",2023,"food_rnk",33.2996
"55039041400","tract",2023,"food_rnk",84.7115
"55039041500","tract",2023,"food_rnk",61.0052
"55039041600","tract",2023,"food_rnk",49.743
"55039041700","tract",2023,"food_rnk",74.1451
"55039041800","tract",2023,"food_rnk",69.8832
"55039041901","tract",2023,"food_rnk",64.2612
"55039041902","tract",2023,"food_rnk",69.0774
"55039042001","tract",2023,"food_rnk",84.5564
"55039042002","tract",2023,"food_rnk",93.6895
"55039042100","tract",2023,"food_rnk",90.1478
"55039042200","tract",2023,"food_rnk",49.7955
"55041950100","tract",2023,"food_rnk",24.7378
"55041950200","tract",2023,"food_rnk",24.8221
"55041950300","tract",2023,"food_rnk",45.326
"55041950400","tract",2023,"food_rnk",33.4143
"55043960100","tract",2023,"food_rnk",61.872
"55043960200","tract",2023,"food_rnk",22.9786
"55043960300","tract",2023,"food_rnk",43.3995
"55043960400","tract",2023,"food_rnk",45.5946
"55043960500","tract",2023,"food_rnk",58.1216
"55043960600","tract",2023,"food_rnk",63.8156
"55043960700","tract",2023,"food_rnk",54.1148
"55043960800","tract",2023,"food_rnk",50.7893
"55043960900","tract",2023,"food_rnk",23.2924
"55043961000","tract",2023,"food_rnk",62.3189
"55043961100","tract",2023,"food_rnk",65.4527
"55043961200","tract",2023,"food_rnk",84.5112
"55045960100","tract",2023,"food_rnk",73.4114
"55045960200","tract",2023,"food_rnk",89.3445
"55045960300","tract",2023,"food_rnk",76.0154
"55045960400","tract",2023,"food_rnk",44.2651
"55045960500","tract",2023,"food_rnk",31.3877
"55045960600","tract",2023,"food_rnk",53.1186
"55045960700","tract",2023,"food_rnk",59.0336
"55045960800","tract",2023,"food_rnk",29.9777
"55047100100","tract",2023,"food_rnk",22.0996
"55047100200","tract",2023,"food_rnk",23.7331
"55047100300","tract",2023,"food_rnk",55.4443
"55047100400","tract",2023,"food_rnk",73.5847
"55047100500","tract",2023,"food_rnk",69.1958
"55047100600","tract",2023,"food_rnk",61.5155
"55049950100","tract",2023,"food_rnk",74.4735
"55049950200","tract",2023,"food_rnk",39.7358
"55049950300","tract",2023,"food_rnk",56.2305
"55049950400","tract",2023,"food_rnk",70.5546
"55049950500","tract",2023,"food_rnk",83.7531
"55049950600","tract",2023,"food_rnk",52.1481
"55051180100","tract",2023,"food_rnk",34.2945
"55051180200","tract",2023,"food_rnk",35.0637
"55051180300","tract",2023,"food_rnk",54.3431
"55051990000","tract",2023,"food_rnk",NA
"55053960100","tract",2023,"food_rnk",32.4206
"55053960200","tract",2023,"food_rnk",32.3143
"55053960300","tract",2023,"food_rnk",49.9921
"55053960400","tract",2023,"food_rnk",65.3648
"55053960500","tract",2023,"food_rnk",36.8729
"55055100100","tract",2023,"food_rnk",18.243
"55055100200","tract",2023,"food_rnk",13.4622
"55055100301","tract",2023,"food_rnk",37.5774
"55055100302","tract",2023,"food_rnk",52.8085
"55055100400","tract",2023,"food_rnk",78.3069
"55055100500","tract",2023,"food_rnk",76.8224
"55055100601","tract",2023,"food_rnk",82.5249
"55055100602","tract",2023,"food_rnk",56.9154
"55055100700","tract",2023,"food_rnk",77.793
"55055100800","tract",2023,"food_rnk",79.0748
"55055100900","tract",2023,"food_rnk",76.0716
"55055101000","tract",2023,"food_rnk",32.9235
"55055101100","tract",2023,"food_rnk",53.4495
"55055101201","tract",2023,"food_rnk",87.5682
"55055101202","tract",2023,"food_rnk",91.7056
"55055101300","tract",2023,"food_rnk",64.7422
"55055101400","tract",2023,"food_rnk",47.1817
"55055101500","tract",2023,"food_rnk",49.9628
"55055101600","tract",2023,"food_rnk",50.5475
"55055101701","tract",2023,"food_rnk",46.9558
"55055101702","tract",2023,"food_rnk",72.1539
"55057100100","tract",2023,"food_rnk",27.8827
"55057100200","tract",2023,"food_rnk",38.6786
"55057100301","tract",2023,"food_rnk",33.2336
"55057100302","tract",2023,"food_rnk",44.2236
"55057100400","tract",2023,"food_rnk",25.9477
"55057100500","tract",2023,"food_rnk",35.4336
"55057100600","tract",2023,"food_rnk",37.7703
"55057100700","tract",2023,"food_rnk",62.4165
"55059000101","tract",2023,"food_rnk",54.2284
"55059000102","tract",2023,"food_rnk",17.1857
"55059000300","tract",2023,"food_rnk",14.8991
"55059000400","tract",2023,"food_rnk",72.1735
"55059000501","tract",2023,"food_rnk",74.675
"55059000502","tract",2023,"food_rnk",12.3341
"55059000601","tract",2023,"food_rnk",65.7665
"55059000603","tract",2023,"food_rnk",74.2574
"55059000604","tract",2023,"food_rnk",87.7379
"55059000700","tract",2023,"food_rnk",9.9437
"55059000800","tract",2023,"food_rnk",4.2168
"55059000900","tract",2023,"food_rnk",3.9677
"55059001000","tract",2023,"food_rnk",3.8139
"55059001100","tract",2023,"food_rnk",16.1248
"55059001200","tract",2023,"food_rnk",15.9051
"55059001300","tract",2023,"food_rnk",21.7663
"55059001401","tract",2023,"food_rnk",73.8204
"55059001402","tract",2023,"food_rnk",44.3127
"55059001500","tract",2023,"food_rnk",43.4349
"55059001600","tract",2023,"food_rnk",8.3737
"55059001700","tract",2023,"food_rnk",9.1892
"55059001800","tract",2023,"food_rnk",9.8168
"55059001900","tract",2023,"food_rnk",60.1238
"55059002000","tract",2023,"food_rnk",44.6594
"55059002100","tract",2023,"food_rnk",57.7834
"55059002200","tract",2023,"food_rnk",30.1242
"55059002300","tract",2023,"food_rnk",69.5914
"55059002400","tract",2023,"food_rnk",60.7598
"55059002500","tract",2023,"food_rnk",80.8695
"55059002603","tract",2023,"food_rnk",47.4124
"55059002604","tract",2023,"food_rnk",56.1927
"55059002605","tract",2023,"food_rnk",46.6152
"55059002606","tract",2023,"food_rnk",59.4572
"55059002700","tract",2023,"food_rnk",93.5149
"55059002801","tract",2023,"food_rnk",73.2808
"55059002802","tract",2023,"food_rnk",86.3608
"55059002903","tract",2023,"food_rnk",42.2593
"55059002904","tract",2023,"food_rnk",67.6576
"55059002905","tract",2023,"food_rnk",62.6131
"55059002906","tract",2023,"food_rnk",87.1983
"55059003001","tract",2023,"food_rnk",62.3628
"55059003002","tract",2023,"food_rnk",52.0858
"55059990000","tract",2023,"food_rnk",NA
"55061960100","tract",2023,"food_rnk",25.8622
"55061960200","tract",2023,"food_rnk",67.2303
"55061960401","tract",2023,"food_rnk",80.7047
"55061960402","tract",2023,"food_rnk",91.4688
"55061960500","tract",2023,"food_rnk",87.1336
"55061990000","tract",2023,"food_rnk",NA
"55063000100","tract",2023,"food_rnk",14.2057
"55063000200","tract",2023,"food_rnk",9.3638
"55063000300","tract",2023,"food_rnk",20.0669
"55063000401","tract",2023,"food_rnk",45.254
"55063000402","tract",2023,"food_rnk",68.8918
"55063000500","tract",2023,"food_rnk",NA
"55063000600","tract",2023,"food_rnk",63.0831
"55063000700","tract",2023,"food_rnk",88.9771
"55063000800","tract",2023,"food_rnk",45.5946
"55063000900","tract",2023,"food_rnk",16.7316
"55063001000","tract",2023,"food_rnk",35.1467
"55063001101","tract",2023,"food_rnk",65.537
"55063001102","tract",2023,"food_rnk",61.4655
"55063001200","tract",2023,"food_rnk",81.4213
"55063010101","tract",2023,"food_rnk",73.8204
"55063010102","tract",2023,"food_rnk",57.2072
"55063010202","tract",2023,"food_rnk",81.1466
"55063010203","tract",2023,"food_rnk",70.2274
"55063010204","tract",2023,"food_rnk",87.5951
"55063010205","tract",2023,"food_rnk",96.4217
"55063010300","tract",2023,"food_rnk",44.6594
"55063010401","tract",2023,"food_rnk",77.1533
"55063010403","tract",2023,"food_rnk",67.9799
"55063010404","tract",2023,"food_rnk",87.3338
"55063010500","tract",2023,"food_rnk",37.3637
"55063010600","tract",2023,"food_rnk",79.5058
"55063010700","tract",2023,"food_rnk",85.1729
"55063010800","tract",2023,"food_rnk",55.2209
"55065970100","tract",2023,"food_rnk",66.2377
"55065970200","tract",2023,"food_rnk",34.485
"55065970300","tract",2023,"food_rnk",71.6863
"55065970400","tract",2023,"food_rnk",36.2967
"55065970500","tract",2023,"food_rnk",53.7767
"55067960101","tract",2023,"food_rnk",72.2943
"55067960102","tract",2023,"food_rnk",29.9142
"55067960300","tract",2023,"food_rnk",73.4431
"55067960400","tract",2023,"food_rnk",71.773
"55067960500","tract",2023,"food_rnk",46.0304
"55067960600","tract",2023,"food_rnk",24.9075
"55067960700","tract",2023,"food_rnk",54.6142
"55069960100","tract",2023,"food_rnk",81.4433
"55069960200","tract",2023,"food_rnk",19.415
"55069960300","tract",2023,"food_rnk",78.0945
"55069960400","tract",2023,"food_rnk",43.4911
"55069960500","tract",2023,"food_rnk",60.7305
"55069960600","tract",2023,"food_rnk",67.5697
"55069960700","tract",2023,"food_rnk",44.928
"55069960800","tract",2023,"food_rnk",36.8119
"55069960900","tract",2023,"food_rnk",22.3621
"55069961000","tract",2023,"food_rnk",30.2072
"55071000100","tract",2023,"food_rnk",39.7028
"55071000200","tract",2023,"food_rnk",25.6254
"55071000300","tract",2023,"food_rnk",76.8725
"55071000400","tract",2023,"food_rnk",32.1532
"55071000500","tract",2023,"food_rnk",26.2175
"55071000600","tract",2023,"food_rnk",41.5903
"55071000700","tract",2023,"food_rnk",38.764
"55071000800","tract",2023,"food_rnk",16.0882
"55071005100","tract",2023,"food_rnk",52.0858
"55071005200","tract",2023,"food_rnk",74.6518
"55071005300","tract",2023,"food_rnk",27.2772
"55071005400","tract",2023,"food_rnk",31.1619
"55071010100","tract",2023,"food_rnk",69.8832
"55071010200","tract",2023,"food_rnk",68.5463
"55071010300","tract",2023,"food_rnk",83.8068
"55071010400","tract",2023,"food_rnk",63.8156
"55071010500","tract",2023,"food_rnk",73.2808
"55071010600","tract",2023,"food_rnk",80.22
"55071010700","tract",2023,"food_rnk",58.6539
"55071990000","tract",2023,"food_rnk",NA
"55073000100","tract",2023,"food_rnk",2.7225
"55073000200","tract",2023,"food_rnk",33.4534
"55073000300","tract",2023,"food_rnk",63.2552
"55073000400","tract",2023,"food_rnk",39.4318
"55073000500","tract",2023,"food_rnk",24.1701
"55073000601","tract",2023,"food_rnk",23.3278
"55073000602","tract",2023,"food_rnk",26.1393
"55073000700","tract",2023,"food_rnk",38.7799
"55073000800","tract",2023,"food_rnk",57.4831
"55073000900","tract",2023,"food_rnk",58.0435
"55073001000","tract",2023,"food_rnk",59.2155
"55073001103","tract",2023,"food_rnk",79.1334
"55073001104","tract",2023,"food_rnk",38.7933
"55073001105","tract",2023,"food_rnk",79.9319
"55073001106","tract",2023,"food_rnk",63.7582
"55073001202","tract",2023,"food_rnk",56.4698
"55073001203","tract",2023,"food_rnk",85.7064
"55073001204","tract",2023,"food_rnk",96.4217
"55073001300","tract",2023,"food_rnk",92.0694
"55073001401","tract",2023,"food_rnk",38.3721
"55073001402","tract",2023,"food_rnk",81.8486
"55073001500","tract",2023,"food_rnk",76.1461
"55073001600","tract",2023,"food_rnk",88.4533
"55073001700","tract",2023,"food_rnk",66.079
"55073001800","tract",2023,"food_rnk",86.5842
"55073001900","tract",2023,"food_rnk",77.1728
"55073002000","tract",2023,"food_rnk",74.9374
"55073002101","tract",2023,"food_rnk",61.5155
"55073002102","tract",2023,"food_rnk",70.529
"55073002200","tract",2023,"food_rnk",34.6303
"55073002301","tract",2023,"food_rnk",68.6526
"55073002302","tract",2023,"food_rnk",66.2597
"55075960100","tract",2023,"food_rnk",40.3536
"55075960200","tract",2023,"food_rnk",44.3518
"55075960600","tract",2023,"food_rnk",35.3811
"55075960700","tract",2023,"food_rnk",43.5717
"55075960800","tract",2023,"food_rnk",32.6928
"55075960900","tract",2023,"food_rnk",73.1025
"55075961000","tract",2023,"food_rnk",64.3601
"55075961100","tract",2023,"food_rnk",59.4572
"55075961200","tract",2023,"food_rnk",95.6795
"55075961300","tract",2023,"food_rnk",26.6619
"55075961400","tract",2023,"food_rnk",52.8305
"55075961500","tract",2023,"food_rnk",43.8744
"55075990000","tract",2023,"food_rnk",NA
"55077960100","tract",2023,"food_rnk",45.453
"55077960200","tract",2023,"food_rnk",55.5664
"55077960300","tract",2023,"food_rnk",43.6291
"55077960400","tract",2023,"food_rnk",54.1331
"55077960500","tract",2023,"food_rnk",35.6228
"55078940101","tract",2023,"food_rnk",2.4282
"55078940103","tract",2023,"food_rnk",11.1768
"55078940104","tract",2023,"food_rnk",78.523
"55079000101","tract",2023,"food_rnk",4.019
"55079000102","tract",2023,"food_rnk",15.1665
"55079000201","tract",2023,"food_rnk",1.2807
"55079000202","tract",2023,"food_rnk",22.4109
"55079000301","tract",2023,"food_rnk",90.4824
"55079000302","tract",2023,"food_rnk",2.6492
"55079000303","tract",2023,"food_rnk",13.345
"55079000304","tract",2023,"food_rnk",29.1548
"55079000400","tract",2023,"food_rnk",10.1366
"55079000501","tract",2023,"food_rnk",31.1619
"55079000502","tract",2023,"food_rnk",3.3011
"55079000600","tract",2023,"food_rnk",27.2454
"55079000700","tract",2023,"food_rnk",8.5605
"55079000800","tract",2023,"food_rnk",13.837
"55079000900","tract",2023,"food_rnk",4.6892
"55079001000","tract",2023,"food_rnk",6.2214
"55079001100","tract",2023,"food_rnk",9.1648
"55079001200","tract",2023,"food_rnk",2.0803
"55079001300","tract",2023,"food_rnk",3.9238
"55079001400","tract",2023,"food_rnk",3.947
"55079001500","tract",2023,"food_rnk",4.3523
"55079001600","tract",2023,"food_rnk",5.1886
"55079001700","tract",2023,"food_rnk",3.4989
"55079001800","tract",2023,"food_rnk",0.6275
"55079001900","tract",2023,"food_rnk",1.9021
"55079002000","tract",2023,"food_rnk",4.7796
"55079002100","tract",2023,"food_rnk",1.7812
"55079002200","tract",2023,"food_rnk",2.2524
"55079002300","tract",2023,"food_rnk",3.0387
"55079002400","tract",2023,"food_rnk",2.1963
"55079002500","tract",2023,"food_rnk",4.5
"55079002600","tract",2023,"food_rnk",0.9022
"55079002700","tract",2023,"food_rnk",1.6201
"55079002800","tract",2023,"food_rnk",1.4394
"55079002900","tract",2023,"food_rnk",5.9076
"55079003000","tract",2023,"food_rnk",6.3777
"55079003100","tract",2023,"food_rnk",7.2762
"55079003200","tract",2023,"food_rnk",15.6206
"55079003300","tract",2023,"food_rnk",8.1296
"55079003400","tract",2023,"food_rnk",12.3475
"55079003500","tract",2023,"food_rnk",2.8519
"55079003600","tract",2023,"food_rnk",9.7191
"55079003700","tract",2023,"food_rnk",13.0556
"55079003800","tract",2023,"food_rnk",2.0229
"55079003900","tract",2023,"food_rnk",6.5022
"55079004000","tract",2023,"food_rnk",0.0989
"55079004100","tract",2023,"food_rnk",1.6701
"55079004200","tract",2023,"food_rnk",0.7874
"55079004300","tract",2023,"food_rnk",3.2657
"55079004400","tract",2023,"food_rnk",9.4798
"55079004500","tract",2023,"food_rnk",2.836
"55079004600","tract",2023,"food_rnk",0.8021
"55079004700","tract",2023,"food_rnk",0.575
"55079004800","tract",2023,"food_rnk",6.2824
"55079004900","tract",2023,"food_rnk",5.3363
"55079005000","tract",2023,"food_rnk",23.5133
"55079005100","tract",2023,"food_rnk",11.3721
"55079005200","tract",2023,"food_rnk",16.2396
"55079005300","tract",2023,"food_rnk",19.7605
"55079005400","tract",2023,"food_rnk",31.0666
"55079005500","tract",2023,"food_rnk",44.1333
"55079005600","tract",2023,"food_rnk",80.745
"55079005700","tract",2023,"food_rnk",64.7422
"55079005800","tract",2023,"food_rnk",42.8782
"55079005900","tract",2023,"food_rnk",25.2677
"55079006000","tract",2023,"food_rnk",1.7568
"55079006100","tract",2023,"food_rnk",6.7598
"55079006200","tract",2023,"food_rnk",0.5225
"55079006300","tract",2023,"food_rnk",3.389
"55079006400","tract",2023,"food_rnk",0.6385
"55079006500","tract",2023,"food_rnk",0.2368
"55079006600","tract",2023,"food_rnk",1.2147
"55079006700","tract",2023,"food_rnk",0.2112
"55079006800","tract",2023,"food_rnk",1.5602
"55079006900","tract",2023,"food_rnk",1.2977
"55079007000","tract",2023,"food_rnk",1.979
"55079007100","tract",2023,"food_rnk",3.9116
"55079007200","tract",2023,"food_rnk",20.4161
"55079007300","tract",2023,"food_rnk",63.652
"55079007400","tract",2023,"food_rnk",NA
"55079007500","tract",2023,"food_rnk",69.2264
"55079007600","tract",2023,"food_rnk",75.1193
"55079007700","tract",2023,"food_rnk",51.7781
"55079007800","tract",2023,"food_rnk",15.3386
"55079007900","tract",2023,"food_rnk",50.4535
"55079008000","tract",2023,"food_rnk",16.7023
"55079008100","tract",2023,"food_rnk",1.0853
"55079008400","tract",2023,"food_rnk",9.763
"55079008500","tract",2023,"food_rnk",1.5834
"55079008600","tract",2023,"food_rnk",0.7789
"55079008700","tract",2023,"food_rnk",0.1831
"55079008800","tract",2023,"food_rnk",0.5677
"55079008900","tract",2023,"food_rnk",0.232
"55079009000","tract",2023,"food_rnk",2.7847
"55079009100","tract",2023,"food_rnk",3.079
"55079009200","tract",2023,"food_rnk",12.9922
"55079009300","tract",2023,"food_rnk",29.2549
"55079009400","tract",2023,"food_rnk",67.953
"55079009500","tract",2023,"food_rnk",26.8731
"55079009600","tract",2023,"food_rnk",4.7527
"55079009700","tract",2023,"food_rnk",2.825
"55079009800","tract",2023,"food_rnk",0.1489
"55079009900","tract",2023,"food_rnk",6.5901
"55079010600","tract",2023,"food_rnk",26.2443
"55079010700","tract",2023,"food_rnk",39.4929
"55079010800","tract",2023,"food_rnk",69.3936
"55079011000","tract",2023,"food_rnk",45.1417
"55079011100","tract",2023,"food_rnk",43.7463
"55079011200","tract",2023,"food_rnk",57.9397
"55079011300","tract",2023,"food_rnk",61.9612
"55079011400","tract",2023,"food_rnk",5.7135
"55079012200","tract",2023,"food_rnk",1.6103
"55079012300","tract",2023,"food_rnk",4.4915
"55079012400","tract",2023,"food_rnk",16.0882
"55079012500","tract",2023,"food_rnk",62.3189
"55079012600","tract",2023,"food_rnk",22.7491
"55079012700","tract",2023,"food_rnk",58.5318
"55079012800","tract",2023,"food_rnk",27.3809
"55079012900","tract",2023,"food_rnk",13.6612
"55079013000","tract",2023,"food_rnk",26.9805
"55079013300","tract",2023,"food_rnk",9.0672
"55079013400","tract",2023,"food_rnk",4.2253
"55079013500","tract",2023,"food_rnk",0.1502
"55079013600","tract",2023,"food_rnk",4.6892
"55079013700","tract",2023,"food_rnk",2.709
"55079014100","tract",2023,"food_rnk",2.4002
"55079014300","tract",2023,"food_rnk",79.1115
"55079014400","tract",2023,"food_rnk",77.6172
"55079014600","tract",2023,"food_rnk",NA
"55079014700","tract",2023,"food_rnk",NA
"55079014800","tract",2023,"food_rnk",0.9803
"55079014900","tract",2023,"food_rnk",18.3834
"55079015700","tract",2023,"food_rnk",2.637
"55079015800","tract",2023,"food_rnk",6.2653
"55079015900","tract",2023,"food_rnk",5.8966
"55079016000","tract",2023,"food_rnk",3.3927
"55079016100","tract",2023,"food_rnk",7.1736
"55079016200","tract",2023,"food_rnk",5.147
"55079016300","tract",2023,"food_rnk",9.735
"55079016400","tract",2023,"food_rnk",3.5929
"55079016500","tract",2023,"food_rnk",6.5327
"55079016600","tract",2023,"food_rnk",0.6568
"55079016700","tract",2023,"food_rnk",2.6553
"55079016800","tract",2023,"food_rnk",4.2937
"55079016900","tract",2023,"food_rnk",2.786
"55079017000","tract",2023,"food_rnk",6.8062
"55079017100","tract",2023,"food_rnk",8.1515
"55079017200","tract",2023,"food_rnk",10.697
"55079017300","tract",2023,"food_rnk",2.4441
"55079017400","tract",2023,"food_rnk",1.8239
"55079017500","tract",2023,"food_rnk",2.2048
"55079017600","tract",2023,"food_rnk",8.8401
"55079017900","tract",2023,"food_rnk",68.8174
"55079018000","tract",2023,"food_rnk",36.2723
"55079018100","tract",2023,"food_rnk",89.9745
"55079018200","tract",2023,"food_rnk",58.0435
"55079018300","tract",2023,"food_rnk",59.9101
"55079018400","tract",2023,"food_rnk",62.8365
"55079018500","tract",2023,"food_rnk",12.9922
"55079018600","tract",2023,"food_rnk",1.6542
"55079018700","tract",2023,"food_rnk",14.9504
"55079018800","tract",2023,"food_rnk",10.5895
"55079018900","tract",2023,"food_rnk",5.1763
"55079019000","tract",2023,"food_rnk",13.3645
"55079019100","tract",2023,"food_rnk",22.1448
"55079019200","tract",2023,"food_rnk",38.5894
"55079019300","tract",2023,"food_rnk",46.1904
"55079019400","tract",2023,"food_rnk",46.8289
"55079019500","tract",2023,"food_rnk",59.9858
"55079019600","tract",2023,"food_rnk",20.5797
"55079019700","tract",2023,"food_rnk",26.1601
"55079019800","tract",2023,"food_rnk",27.7118
"55079019900","tract",2023,"food_rnk",42.8367
"55079020000","tract",2023,"food_rnk",17.8682
"55079020100","tract",2023,"food_rnk",10.7043
"55079020200","tract",2023,"food_rnk",23.0982
"55079020300","tract",2023,"food_rnk",18.8693
"55079020400","tract",2023,"food_rnk",13.9615
"55079020500","tract",2023,"food_rnk",7.9818
"55079020600","tract",2023,"food_rnk",56.1207
"55079020700","tract",2023,"food_rnk",45.0928
"55079020800","tract",2023,"food_rnk",50.5793
"55079020900","tract",2023,"food_rnk",61.1908
"55079021000","tract",2023,"food_rnk",75.1792
"55079021100","tract",2023,"food_rnk",43.5583
"55079021200","tract",2023,"food_rnk",38.3721
"55079021300","tract",2023,"food_rnk",27.3187
"55079021400","tract",2023,"food_rnk",3.7553
"55079021500","tract",2023,"food_rnk",21.2572
"55079021600","tract",2023,"food_rnk",25.9782
"55079021700","tract",2023,"food_rnk",21.2938
"55079021800","tract",2023,"food_rnk",15.7757
"55079030100","tract",2023,"food_rnk",80.4996
"55079035100","tract",2023,"food_rnk",92.3099
"55079035200","tract",2023,"food_rnk",85.7064
"55079040100","tract",2023,"food_rnk",80.745
"55079050101","tract",2023,"food_rnk",62.7083
"55079050103","tract",2023,"food_rnk",46.874
"55079050104","tract",2023,"food_rnk",20.1304
"55079060101","tract",2023,"food_rnk",56.5809
"55079060102","tract",2023,"food_rnk",94.2315
"55079060200","tract",2023,"food_rnk",24.9478
"55079070100","tract",2023,"food_rnk",95.6025
"55079070200","tract",2023,"food_rnk",90.7485
"55079070300","tract",2023,"food_rnk",64.0109
"55079080100","tract",2023,"food_rnk",66.9739
"55079080200","tract",2023,"food_rnk",79.7805
"55079080300","tract",2023,"food_rnk",90.7717
"55079080400","tract",2023,"food_rnk",52.2018
"55079090100","tract",2023,"food_rnk",58.0435
"55079090200","tract",2023,"food_rnk",76.6747
"55079090300","tract",2023,"food_rnk",32.6928
"55079090600","tract",2023,"food_rnk",70.6767
"55079090700","tract",2023,"food_rnk",79.0236
"55079090800","tract",2023,"food_rnk",80.8963
"55079090900","tract",2023,"food_rnk",70.3044
"55079091000","tract",2023,"food_rnk",69.9772
"55079091100","tract",2023,"food_rnk",87.429
"55079091200","tract",2023,"food_rnk",58.1863
"55079091300","tract",2023,"food_rnk",71.0527
"55079091400","tract",2023,"food_rnk",49.5367
"55079100100","tract",2023,"food_rnk",30.0558
"55079100200","tract",2023,"food_rnk",26.8401
"55079100300","tract",2023,"food_rnk",48.2682
"55079100400","tract",2023,"food_rnk",29.305
"55079100500","tract",2023,"food_rnk",18.807
"55079100600","tract",2023,"food_rnk",23.987
"55079100700","tract",2023,"food_rnk",32.0726
"55079100800","tract",2023,"food_rnk",51.479
"55079100900","tract",2023,"food_rnk",49.5062
"55079101000","tract",2023,"food_rnk",33.6817
"55079101100","tract",2023,"food_rnk",35.4519
"55079101200","tract",2023,"food_rnk",63.2174
"55079101300","tract",2023,"food_rnk",32.2191
"55079101400","tract",2023,"food_rnk",36.8119
"55079101500","tract",2023,"food_rnk",33.5901
"55079101600","tract",2023,"food_rnk",17.2919
"55079101700","tract",2023,"food_rnk",26.3982
"55079101800","tract",2023,"food_rnk",35.2614
"55079110100","tract",2023,"food_rnk",25.4032
"55079120101","tract",2023,"food_rnk",51.1995
"55079120102","tract",2023,"food_rnk",79.2604
"55079120201","tract",2023,"food_rnk",64.4736
"55079120202","tract",2023,"food_rnk",50.3058
"55079120203","tract",2023,"food_rnk",53.2517
"55079120300","tract",2023,"food_rnk",31.1814
"55079120400","tract",2023,"food_rnk",80.22
"55079120501","tract",2023,"food_rnk",55.6067
"55079120502","tract",2023,"food_rnk",66.4245
"55079130100","tract",2023,"food_rnk",63.1026
"55079130200","tract",2023,"food_rnk",68.8418
"55079140100","tract",2023,"food_rnk",80.1284
"55079140201","tract",2023,"food_rnk",36.9108
"55079140202","tract",2023,"food_rnk",65.4064
"55079150100","tract",2023,"food_rnk",85.2218
"55079150301","tract",2023,"food_rnk",85.5782
"55079150303","tract",2023,"food_rnk",84.9654
"55079150304","tract",2023,"food_rnk",84.5112
"55079160101","tract",2023,"food_rnk",68.1984
"55079160102","tract",2023,"food_rnk",34.2323
"55079160202","tract",2023,"food_rnk",65.5565
"55079160203","tract",2023,"food_rnk",47.1609
"55079160205","tract",2023,"food_rnk",14.0286
"55079160206","tract",2023,"food_rnk",60.6219
"55079160301","tract",2023,"food_rnk",72.4457
"55079160302","tract",2023,"food_rnk",79.5351
"55079170100","tract",2023,"food_rnk",43.1615
"55079170200","tract",2023,"food_rnk",50.0348
"55079170300","tract",2023,"food_rnk",44.8743
"55079170400","tract",2023,"food_rnk",56.9521
"55079170500","tract",2023,"food_rnk",23.7099
"55079170600","tract",2023,"food_rnk",13.4024
"55079170700","tract",2023,"food_rnk",15.5803
"55079180100","tract",2023,"food_rnk",37.863
"55079180200","tract",2023,"food_rnk",13.6612
"55079180300","tract",2023,"food_rnk",11.9947
"55079180400","tract",2023,"food_rnk",29.6981
"55079180500","tract",2023,"food_rnk",24.2251
"55079185100","tract",2023,"food_rnk",44.1711
"55079185200","tract",2023,"food_rnk",78.3411
"55079185300","tract",2023,"food_rnk",65.6285
"55079185400","tract",2023,"food_rnk",1.3722
"55079185500","tract",2023,"food_rnk",0.3992
"55079185600","tract",2023,"food_rnk",16.0491
"55079185700","tract",2023,"food_rnk",0.4432
"55079185800","tract",2023,"food_rnk",10.4162
"55079185900","tract",2023,"food_rnk",0.553
"55079186000","tract",2023,"food_rnk",0.0342
"55079186100","tract",2023,"food_rnk",0.0488
"55079186200","tract",2023,"food_rnk",0.8228
"55079186300","tract",2023,"food_rnk",NA
"55079186400","tract",2023,"food_rnk",NA
"55079186500","tract",2023,"food_rnk",29.8837
"55079186600","tract",2023,"food_rnk",12.8188
"55079186800","tract",2023,"food_rnk",11.6346
"55079186900","tract",2023,"food_rnk",87.0811
"55079187000","tract",2023,"food_rnk",41.2838
"55079187200","tract",2023,"food_rnk",74.7201
"55079187300","tract",2023,"food_rnk",95.3791
"55079187400","tract",2023,"food_rnk",46.874
"55079980000","tract",2023,"food_rnk",NA
"55079990000","tract",2023,"food_rnk",NA
"55081950100","tract",2023,"food_rnk",41.506
"55081950200","tract",2023,"food_rnk",65.2013
"55081950300","tract",2023,"food_rnk",43.2799
"55081950400","tract",2023,"food_rnk",20.3428
"55081950500","tract",2023,"food_rnk",36.5018
"55081950600","tract",2023,"food_rnk",14.158
"55081950700","tract",2023,"food_rnk",56.7177
"55081950800","tract",2023,"food_rnk",63.9389
"55081950900","tract",2023,"food_rnk",78.158
"55083100300","tract",2023,"food_rnk",70.424
"55083100500","tract",2023,"food_rnk",46.5163
"55083100600","tract",2023,"food_rnk",50.7465
"55083100700","tract",2023,"food_rnk",44.928
"55083100800","tract",2023,"food_rnk",75.3379
"55083100900","tract",2023,"food_rnk",27.2222
"55083101000","tract",2023,"food_rnk",59.29
"55083101100","tract",2023,"food_rnk",72.088
"55083101200","tract",2023,"food_rnk",44.2236
"55083101301","tract",2023,"food_rnk",75.311
"55083101302","tract",2023,"food_rnk",87.6134
"55083990000","tract",2023,"food_rnk",NA
"55085970101","tract",2023,"food_rnk",66.9153
"55085970103","tract",2023,"food_rnk",81.193
"55085970104","tract",2023,"food_rnk",73.8521
"55085970400","tract",2023,"food_rnk",77.4206
"55085970500","tract",2023,"food_rnk",99.2834
"55085970601","tract",2023,"food_rnk",97.6377
"55085970603","tract",2023,"food_rnk",59.5146
"55085970604","tract",2023,"food_rnk",77.992
"55085970800","tract",2023,"food_rnk",69.0994
"55085970900","tract",2023,"food_rnk",85.6613
"55085971001","tract",2023,"food_rnk",80.2481
"55085971002","tract",2023,"food_rnk",71.1834
"55085971100","tract",2023,"food_rnk",86.9383
"55085971300","tract",2023,"food_rnk",94.7162
"55085971400","tract",2023,"food_rnk",49.0764
"55085971500","tract",2023,"food_rnk",46.73
"55087010100","tract",2023,"food_rnk",23.274
"55087010200","tract",2023,"food_rnk",60.8282
"55087010300","tract",2023,"food_rnk",25.4349
"55087010501","tract",2023,"food_rnk",34.3299
"55087010502","tract",2023,"food_rnk",NA
"55087010601","tract",2023,"food_rnk",27.0574
"55087010602","tract",2023,"food_rnk",68.7148
"55087010700","tract",2023,"food_rnk",43.3715
"55087010800","tract",2023,"food_rnk",30.3036
"55087010900","tract",2023,"food_rnk",42.5389
"55087011001","tract",2023,"food_rnk",51.9308
"55087011002","tract",2023,"food_rnk",64.7422
"55087011101","tract",2023,"food_rnk",25.9904
"55087011103","tract",2023,"food_rnk",92.6908
"55087011104","tract",2023,"food_rnk",32.3314
"55087011200","tract",2023,"food_rnk",50.13
"55087011300","tract",2023,"food_rnk",61.6364
"55087011400","tract",2023,"food_rnk",48.687
"55087011501","tract",2023,"food_rnk",31.8565
"55087011502","tract",2023,"food_rnk",72.7399
"55087011600","tract",2023,"food_rnk",72.3749
"55087011700","tract",2023,"food_rnk",52.1261
"55087011800","tract",2023,"food_rnk",67.4244
"55087011901","tract",2023,"food_rnk",64.9131
"55087011902","tract",2023,"food_rnk",56.1207
"55087012000","tract",2023,"food_rnk",99.5104
"55087012101","tract",2023,"food_rnk",68.6526
"55087012102","tract",2023,"food_rnk",49.5367
"55087012200","tract",2023,"food_rnk",33.3606
"55087012300","tract",2023,"food_rnk",79.2372
"55087012400","tract",2023,"food_rnk",63.1258
"55087012503","tract",2023,"food_rnk",98.1394
"55087012504","tract",2023,"food_rnk",85.7064
"55087012505","tract",2023,"food_rnk",99.2394
"55087012506","tract",2023,"food_rnk",69.7415
"55087012602","tract",2023,"food_rnk",91.8668
"55087012603","tract",2023,"food_rnk",95.7918
"55087012604","tract",2023,"food_rnk",78.2813
"55087012700","tract",2023,"food_rnk",52.4569
"55087012800","tract",2023,"food_rnk",80.994
"55087012902","tract",2023,"food_rnk",91.3614
"55087012903","tract",2023,"food_rnk",89.2896
"55087012904","tract",2023,"food_rnk",85.0252
"55087013100","tract",2023,"food_rnk",48.3256
"55087013200","tract",2023,"food_rnk",46.6457
"55087013300","tract",2023,"food_rnk",96.8502
"55087940000","tract",2023,"food_rnk",50.1727
"55089610101","tract",2023,"food_rnk",70.4997
"55089610102","tract",2023,"food_rnk",94.3121
"55089620100","tract",2023,"food_rnk",52.789
"55089630100","tract",2023,"food_rnk",33.1506
"55089630201","tract",2023,"food_rnk",63.0282
"55089630202","tract",2023,"food_rnk",52.9733
"55089640101","tract",2023,"food_rnk",65.3392
"55089640102","tract",2023,"food_rnk",71.5093
"55089640201","tract",2023,"food_rnk",88.3557
"55089640202","tract",2023,"food_rnk",82.4932
"55089650102","tract",2023,"food_rnk",85.1729
"55089650103","tract",2023,"food_rnk",92.1525
"55089650104","tract",2023,"food_rnk",83.233
"55089650200","tract",2023,"food_rnk",79.5827
"55089650300","tract",2023,"food_rnk",95.1667
"55089660100","tract",2023,"food_rnk",78.158
"55089660201","tract",2023,"food_rnk",79.4399
"55089660202","tract",2023,"food_rnk",99.1918
"55089660301","tract",2023,"food_rnk",94.8346
"55089660303","tract",2023,"food_rnk",93.4563
"55089660304","tract",2023,"food_rnk",84.532
"55089990000","tract",2023,"food_rnk",NA
"55091950100","tract",2023,"food_rnk",55.6897
"55091950200","tract",2023,"food_rnk",54.8351
"55093960100","tract",2023,"food_rnk",55.1355
"55093960200","tract",2023,"food_rnk",64.2075
"55093960300","tract",2023,"food_rnk",NA
"55093960400","tract",2023,"food_rnk",54.1576
"55093960500","tract",2023,"food_rnk",85.1424
"55093960600","tract",2023,"food_rnk",77.6172
"55093960700","tract",2023,"food_rnk",64.4309
"55093960800","tract",2023,"food_rnk",72.8632
"55095960100","tract",2023,"food_rnk",47.3734
"55095960200","tract",2023,"food_rnk",48.7895
"55095960301","tract",2023,"food_rnk",64.2075
"55095960302","tract",2023,"food_rnk",42.103
"55095960303","tract",2023,"food_rnk",46.4199
"55095960500","tract",2023,"food_rnk",56.4124
"55095960600","tract",2023,"food_rnk",58.1863
"55095960701","tract",2023,"food_rnk",30.8713
"55095960702","tract",2023,"food_rnk",40.2119
"55095960800","tract",2023,"food_rnk",77.6855
"55095960901","tract",2023,"food_rnk",65.9338
"55095960902","tract",2023,"food_rnk",83.0218
"55095961000","tract",2023,"food_rnk",61.2311
"55095961100","tract",2023,"food_rnk",55.249
"55097960100","tract",2023,"food_rnk",85.5538
"55097960200","tract",2023,"food_rnk",73.3674
"55097960300","tract",2023,"food_rnk",36.6337
"55097960400","tract",2023,"food_rnk",NA
"55097960500","tract",2023,"food_rnk",72.5312
"55097960600","tract",2023,"food_rnk",61.1908
"55097960701","tract",2023,"food_rnk",62.4165
"55097960702","tract",2023,"food_rnk",49.8871
"55097960800","tract",2023,"food_rnk",52.2018
"55097960900","tract",2023,"food_rnk",32.445
"55097961000","tract",2023,"food_rnk",30.5197
"55097961101","tract",2023,"food_rnk",77.9468
"55097961102","tract",2023,"food_rnk",51.5486
"55097961200","tract",2023,"food_rnk",39.4526
"55097961300","tract",2023,"food_rnk",63.4689
"55099970100","tract",2023,"food_rnk",38.2452
"55099970200","tract",2023,"food_rnk",26.0185
"55099970400","tract",2023,"food_rnk",41.7636
"55099970500","tract",2023,"food_rnk",25.0748
"55099970600","tract",2023,"food_rnk",44.823
"55099970700","tract",2023,"food_rnk",40.5098
"55101000200","tract",2023,"food_rnk",1.3527
"55101000400","tract",2023,"food_rnk",7.3446
"55101000500","tract",2023,"food_rnk",7.4508
"55101000600","tract",2023,"food_rnk",21.1766
"55101000700","tract",2023,"food_rnk",33.3814
"55101000800","tract",2023,"food_rnk",34.7548
"55101000901","tract",2023,"food_rnk",58.0435
"55101000903","tract",2023,"food_rnk",58.8773
"55101000904","tract",2023,"food_rnk",50.1727
"55101001001","tract",2023,"food_rnk",5.3363
"55101001002","tract",2023,"food_rnk",23.047
"55101001003","tract",2023,"food_rnk",21.5539
"55101001101","tract",2023,"food_rnk",34.7682
"55101001102","tract",2023,"food_rnk",25.8219
"55101001201","tract",2023,"food_rnk",51.744
"55101001202","tract",2023,"food_rnk",21.842
"55101001301","tract",2023,"food_rnk",17.1222
"55101001302","tract",2023,"food_rnk",8.0575
"55101001401","tract",2023,"food_rnk",44.0368
"55101001402","tract",2023,"food_rnk",34.1224
"55101001501","tract",2023,"food_rnk",55.7349
"55101001504","tract",2023,"food_rnk",37.3051
"55101001505","tract",2023,"food_rnk",54.4738
"55101001506","tract",2023,"food_rnk",82.4932
"55101001507","tract",2023,"food_rnk",58.1399
"55101001601","tract",2023,"food_rnk",74.1964
"55101001602","tract",2023,"food_rnk",94.361
"55101001701","tract",2023,"food_rnk",34.5143
"55101001702","tract",2023,"food_rnk",39.7663
"55101001703","tract",2023,"food_rnk",62.3946
"55101001705","tract",2023,"food_rnk",77.207
"55101001706","tract",2023,"food_rnk",64.0671
"55101001801","tract",2023,"food_rnk",41.2191
"55101001802","tract",2023,"food_rnk",69.3753
"55101001900","tract",2023,"food_rnk",92.1268
"55101002001","tract",2023,"food_rnk",58.0691
"55101002002","tract",2023,"food_rnk",66.72
"55101002100","tract",2023,"food_rnk",52.4569
"55101002401","tract",2023,"food_rnk",59.7246
"55101002402","tract",2023,"food_rnk",31.4341
"55101002600","tract",2023,"food_rnk",77.771
"55101002701","tract",2023,"food_rnk",73.1269
"55101002702","tract",2023,"food_rnk",71.0747
"55101002800","tract",2023,"food_rnk",93.2976
"55101002900","tract",2023,"food_rnk",5.0469
"55101980000","tract",2023,"food_rnk",NA
"55101990000","tract",2023,"food_rnk",NA
"55103970100","tract",2023,"food_rnk",59.9333
"55103970200","tract",2023,"food_rnk",76.1705
"55103970300","tract",2023,"food_rnk",36.9901
"55103970400","tract",2023,"food_rnk",30.8139
"55103970500","tract",2023,"food_rnk",41.0922
"55105000100","tract",2023,"food_rnk",11.8421
"55105000200","tract",2023,"food_rnk",24.7574
"55105000300","tract",2023,"food_rnk",6.8037
"55105000400","tract",2023,"food_rnk",25.4349
"55105000500","tract",2023,"food_rnk",39.1535
"55105000600","tract",2023,"food_rnk",26.6887
"55105000700","tract",2023,"food_rnk",24.6597
"55105000800","tract",2023,"food_rnk",50.6013
"55105000900","tract",2023,"food_rnk",66.9336
"55105001000","tract",2023,"food_rnk",25.0882
"55105001100","tract",2023,"food_rnk",66.1047
"55105001201","tract",2023,"food_rnk",41.3607
"55105001202","tract",2023,"food_rnk",54.0074
"55105001302","tract",2023,"food_rnk",79.4399
"55105001303","tract",2023,"food_rnk",80.0112
"55105001305","tract",2023,"food_rnk",73.8521
"55105001306","tract",2023,"food_rnk",22.1619
"55105001400","tract",2023,"food_rnk",66.3305
"55105001500","tract",2023,"food_rnk",NA
"55105001600","tract",2023,"food_rnk",5.3082
"55105001700","tract",2023,"food_rnk",15.888
"55105001800","tract",2023,"food_rnk",1.3844
"55105001900","tract",2023,"food_rnk",31.992
"55105002000","tract",2023,"food_rnk",18.6239
"55105002100","tract",2023,"food_rnk",23.8356
"55105002200","tract",2023,"food_rnk",77.6672
"55105002300","tract",2023,"food_rnk",29.2549
"55105002400","tract",2023,"food_rnk",78.8075
"55105002500","tract",2023,"food_rnk",33.2996
"55105002601","tract",2023,"food_rnk",29.1853
"55105002602","tract",2023,"food_rnk",52.8952
"55105002700","tract",2023,"food_rnk",68.3681
"55105002800","tract",2023,"food_rnk",58.3194
"55105002901","tract",2023,"food_rnk",68.5683
"55105002902","tract",2023,"food_rnk",74.3136
"55105003001","tract",2023,"food_rnk",67.2059
"55105003002","tract",2023,"food_rnk",93.9178
"55105003101","tract",2023,"food_rnk",91.4871
"55105003102","tract",2023,"food_rnk",67.6283
"55105003200","tract",2023,"food_rnk",61.3849
"55105003300","tract",2023,"food_rnk",30.1351
"55107960100","tract",2023,"food_rnk",46.8289
"55107960200","tract",2023,"food_rnk",51.5486
"55107960300","tract",2023,"food_rnk",34.5802
"55107960400","tract",2023,"food_rnk",51.2593
"55107960500","tract",2023,"food_rnk",21.6454
"55109120100","tract",2023,"food_rnk",68.5463
"55109120201","tract",2023,"food_rnk",86.4768
"55109120202","tract",2023,"food_rnk",95.2558
"55109120300","tract",2023,"food_rnk",68.2289
"55109120401","tract",2023,"food_rnk",65.9826
"55109120402","tract",2023,"food_rnk",94.7809
"55109120501","tract",2023,"food_rnk",63.5507
"55109120502","tract",2023,"food_rnk",54.6691
"55109120601","tract",2023,"food_rnk",78.2813
"55109120602","tract",2023,"food_rnk",83.902
"55109120700","tract",2023,"food_rnk",72.5519
"55109120801","tract",2023,"food_rnk",61.8012
"55109120802","tract",2023,"food_rnk",82.4932
"55109120901","tract",2023,"food_rnk",62.5948
"55109120904","tract",2023,"food_rnk",97.4216
"55109120905","tract",2023,"food_rnk",75.4661
"55109120906","tract",2023,"food_rnk",86.9065
"55109121000","tract",2023,"food_rnk",75.5039
"55111000101","tract",2023,"food_rnk",60.9747
"55111000102","tract",2023,"food_rnk",40.1253
"55111000103","tract",2023,"food_rnk",56.9777
"55111000104","tract",2023,"food_rnk",52.5375
"55111000200","tract",2023,"food_rnk",60.0322
"55111000301","tract",2023,"food_rnk",52.9465
"55111000302","tract",2023,"food_rnk",38.2855
"55111000303","tract",2023,"food_rnk",34.7682
"55111000401","tract",2023,"food_rnk",59.4035
"55111000402","tract",2023,"food_rnk",47.0474
"55111000500","tract",2023,"food_rnk",43.8329
"55111000601","tract",2023,"food_rnk",47.5309
"55111000602","tract",2023,"food_rnk",33.6341
"55111000603","tract",2023,"food_rnk",74.786
"55111000700","tract",2023,"food_rnk",89.3445
"55111000800","tract",2023,"food_rnk",77.4658
"55111000901","tract",2023,"food_rnk",56.5016
"55111000902","tract",2023,"food_rnk",50.257
"55111000903","tract",2023,"food_rnk",74.8605
"55111001002","tract",2023,"food_rnk",37.2831
"55111001003","tract",2023,"food_rnk",52.2262
"55111001004","tract",2023,"food_rnk",42.0566
"55111001005","tract",2023,"food_rnk",12.7175
"55111001100","tract",2023,"food_rnk",69.0542
"55113100300","tract",2023,"food_rnk",40.6343
"55113100400","tract",2023,"food_rnk",65.8788
"55113100501","tract",2023,"food_rnk",64.0109
"55113100502","tract",2023,"food_rnk",67.3609
"55113100700","tract",2023,"food_rnk",27.5482
"55113100800","tract",2023,"food_rnk",26.2443
"55113940001","tract",2023,"food_rnk",12.2072
"55113940002","tract",2023,"food_rnk",20.8324
"55115100100","tract",2023,"food_rnk",69.4107
"55115100200","tract",2023,"food_rnk",43.7975
"55115100300","tract",2023,"food_rnk",70.7353
"55115100400","tract",2023,"food_rnk",44.06
"55115100500","tract",2023,"food_rnk",46.6152
"55115100600","tract",2023,"food_rnk",27.6727
"55115100700","tract",2023,"food_rnk",41.1093
"55115100800","tract",2023,"food_rnk",48.5124
"55115100900","tract",2023,"food_rnk",50.1727
"55115101000","tract",2023,"food_rnk",79.214
"55115101100","tract",2023,"food_rnk",83.3905
"55117000100","tract",2023,"food_rnk",59.0336
"55117000201","tract",2023,"food_rnk",30.444
"55117000202","tract",2023,"food_rnk",31.3499
"55117000300","tract",2023,"food_rnk",41.3498
"55117000400","tract",2023,"food_rnk",38.9862
"55117000500","tract",2023,"food_rnk",7.0113
"55117000800","tract",2023,"food_rnk",8.6667
"55117000900","tract",2023,"food_rnk",37.0341
"55117001000","tract",2023,"food_rnk",54.8351
"55117001100","tract",2023,"food_rnk",41.3302
"55117010100","tract",2023,"food_rnk",81.5507
"55117010200","tract",2023,"food_rnk",75.9678
"55117010300","tract",2023,"food_rnk",87.1751
"55117010400","tract",2023,"food_rnk",77.3437
"55117010502","tract",2023,"food_rnk",55.2014
"55117010503","tract",2023,"food_rnk",73.719
"55117010504","tract",2023,"food_rnk",50.1105
"55117010601","tract",2023,"food_rnk",80.8963
"55117010602","tract",2023,"food_rnk",53.1772
"55117010700","tract",2023,"food_rnk",92.6677
"55117010800","tract",2023,"food_rnk",50.3986
"55117010900","tract",2023,"food_rnk",81.1112
"55117011000","tract",2023,"food_rnk",72.4628
"55117011100","tract",2023,"food_rnk",83.1805
"55117011200","tract",2023,"food_rnk",59.7478
"55117011301","tract",2023,"food_rnk",81.193
"55117011302","tract",2023,"food_rnk",81.6166
"55117011400","tract",2023,"food_rnk",29.0999
"55117990000","tract",2023,"food_rnk",NA
"55119960100","tract",2023,"food_rnk",62.4324
"55119960200","tract",2023,"food_rnk",54.5714
"55119960300","tract",2023,"food_rnk",60.3509
"55119960400","tract",2023,"food_rnk",56.0499
"55119960500","tract",2023,"food_rnk",42.1421
"55119960600","tract",2023,"food_rnk",72.8632
"55121100100","tract",2023,"food_rnk",62.9622
"55121100200","tract",2023,"food_rnk",48.0216
"55121100300","tract",2023,"food_rnk",29.8544
"55121100400","tract",2023,"food_rnk",43.3239
"55121100500","tract",2023,"food_rnk",62.7547
"55121100600","tract",2023,"food_rnk",64.0354
"55121100700","tract",2023,"food_rnk",76.2633
"55121100800","tract",2023,"food_rnk",62.9769
"55123960100","tract",2023,"food_rnk",64.8912
"55123960200","tract",2023,"food_rnk",57.3659
"55123960300","tract",2023,"food_rnk",69.3753
"55123960400","tract",2023,"food_rnk",56.9008
"55123960500","tract",2023,"food_rnk",67.6283
"55123960600","tract",2023,"food_rnk",88.7512
"55123960700","tract",2023,"food_rnk",68.0812
"55125940000","tract",2023,"food_rnk",25.3861
"55125950201","tract",2023,"food_rnk",66.7688
"55125950202","tract",2023,"food_rnk",44.0051
"55125950501","tract",2023,"food_rnk",49.4183
"55125950502","tract",2023,"food_rnk",49.5172
"55125950601","tract",2023,"food_rnk",49.2034
"55125950602","tract",2023,"food_rnk",80.9671
"55125950700","tract",2023,"food_rnk",81.4738
"55127000102","tract",2023,"food_rnk",88.5901
"55127000103","tract",2023,"food_rnk",70.9209
"55127000104","tract",2023,"food_rnk",93.2439
"55127000201","tract",2023,"food_rnk",96.1873
"55127000202","tract",2023,"food_rnk",95.1838
"55127000301","tract",2023,"food_rnk",86.9065
"55127000303","tract",2023,"food_rnk",68.6819
"55127000304","tract",2023,"food_rnk",48.7236
"55127000400","tract",2023,"food_rnk",35.364
"55127000501","tract",2023,"food_rnk",NA
"55127000502","tract",2023,"food_rnk",72.3517
"55127000600","tract",2023,"food_rnk",44.248
"55127000701","tract",2023,"food_rnk",57.8555
"55127000702","tract",2023,"food_rnk",66.449
"55127000801","tract",2023,"food_rnk",39.4037
"55127000802","tract",2023,"food_rnk",52.3825
"55127000901","tract",2023,"food_rnk",68.9041
"55127000902","tract",2023,"food_rnk",33.4717
"55127001000","tract",2023,"food_rnk",94.5062
"55127001501","tract",2023,"food_rnk",46.4956
"55127001503","tract",2023,"food_rnk",38.167
"55127001504","tract",2023,"food_rnk",74.8605
"55127001603","tract",2023,"food_rnk",53.9195
"55127001605","tract",2023,"food_rnk",67.9274
"55127001606","tract",2023,"food_rnk",71.4788
"55127001607","tract",2023,"food_rnk",91.2026
"55127001608","tract",2023,"food_rnk",28.2282
"55127001701","tract",2023,"food_rnk",45.8412
"55127001702","tract",2023,"food_rnk",61.872
"55129950100","tract",2023,"food_rnk",39.8078
"55129950200","tract",2023,"food_rnk",65.4064
"55129950300","tract",2023,"food_rnk",49.5623
"55129950501","tract",2023,"food_rnk",21.5722
"55129950502","tract",2023,"food_rnk",53.9537
"55129950600","tract",2023,"food_rnk",50.257
"55131400102","tract",2023,"food_rnk",59.362
"55131400103","tract",2023,"food_rnk",95.9395
"55131400104","tract",2023,"food_rnk",90.2992
"55131410100","tract",2023,"food_rnk",87.7648
"55131420104","tract",2023,"food_rnk",75.4661
"55131420105","tract",2023,"food_rnk",43.3043
"55131420106","tract",2023,"food_rnk",41.1581
"55131420107","tract",2023,"food_rnk",76.1705
"55131420108","tract",2023,"food_rnk",88.037
"55131420200","tract",2023,"food_rnk",69.7977
"55131420300","tract",2023,"food_rnk",73.2112
"55131420401","tract",2023,"food_rnk",48.2682
"55131420402","tract",2023,"food_rnk",45.0928
"55131430100","tract",2023,"food_rnk",72.3517
"55131440103","tract",2023,"food_rnk",66.6467
"55131440104","tract",2023,"food_rnk",58.1399
"55131440105","tract",2023,"food_rnk",79.4814
"55131440106","tract",2023,"food_rnk",90.5568
"55131440200","tract",2023,"food_rnk",68.9968
"55131450103","tract",2023,"food_rnk",67.1326
"55131450105","tract",2023,"food_rnk",91.2026
"55131450106","tract",2023,"food_rnk",84.2756
"55131450107","tract",2023,"food_rnk",89.2408
"55131450108","tract",2023,"food_rnk",69.2569
"55131460101","tract",2023,"food_rnk",99.2016
"55131460102","tract",2023,"food_rnk",93.9178
"55131470100","tract",2023,"food_rnk",91.9571
"55131470202","tract",2023,"food_rnk",98.9074
"55131470203","tract",2023,"food_rnk",37.9766
"55131470204","tract",2023,"food_rnk",90.1478
"55133200101","tract",2023,"food_rnk",83.9228
"55133200102","tract",2023,"food_rnk",85.7528
"55133200103","tract",2023,"food_rnk",21.9861
"55133200201","tract",2023,"food_rnk",86.3327
"55133200202","tract",2023,"food_rnk",57.8091
"55133200300","tract",2023,"food_rnk",91.3064
"55133200400","tract",2023,"food_rnk",97.9856
"55133200500","tract",2023,"food_rnk",98.2017
"55133200600","tract",2023,"food_rnk",35.0173
"55133200700","tract",2023,"food_rnk",87.2703
"55133200801","tract",2023,"food_rnk",92.8508
"55133200803","tract",2023,"food_rnk",91.4871
"55133200804","tract",2023,"food_rnk",63.602
"55133200901","tract",2023,"food_rnk",88.5901
"55133200902","tract",2023,"food_rnk",87.2252
"55133201001","tract",2023,"food_rnk",92.5419
"55133201002","tract",2023,"food_rnk",98.3116
"55133201101","tract",2023,"food_rnk",92.7348
"55133201102","tract",2023,"food_rnk",96.6366
"55133201201","tract",2023,"food_rnk",86.0886
"55133201203","tract",2023,"food_rnk",83.9497
"55133201204","tract",2023,"food_rnk",81.32
"55133201205","tract",2023,"food_rnk",85.4293
"55133201300","tract",2023,"food_rnk",84.6626
"55133201402","tract",2023,"food_rnk",84.532
"55133201403","tract",2023,"food_rnk",86.3327
"55133201404","tract",2023,"food_rnk",74.3417
"55133201504","tract",2023,"food_rnk",96.0884
"55133201505","tract",2023,"food_rnk",89.9257
"55133201506","tract",2023,"food_rnk",73.719
"55133201507","tract",2023,"food_rnk",96.4681
"55133201508","tract",2023,"food_rnk",90.7229
"55133201600","tract",2023,"food_rnk",99.121
"55133201701","tract",2023,"food_rnk",92.5419
"55133201703","tract",2023,"food_rnk",61.3849
"55133201704","tract",2023,"food_rnk",86.9944
"55133201800","tract",2023,"food_rnk",80.6778
"55133201900","tract",2023,"food_rnk",88.3557
"55133202001","tract",2023,"food_rnk",94.853
"55133202002","tract",2023,"food_rnk",89.8475
"55133202101","tract",2023,"food_rnk",97.8171
"55133202102","tract",2023,"food_rnk",81.9255
"55133202103","tract",2023,"food_rnk",71.828
"55133202201","tract",2023,"food_rnk",50.8308
"55133202203","tract",2023,"food_rnk",5.9443
"55133202204","tract",2023,"food_rnk",52.3605
"55133202301","tract",2023,"food_rnk",61.9856
"55133202303","tract",2023,"food_rnk",9.2198
"55133202304","tract",2023,"food_rnk",38.3123
"55133202400","tract",2023,"food_rnk",72.2699
"55133202500","tract",2023,"food_rnk",36.2259
"55133202600","tract",2023,"food_rnk",28.133
"55133202700","tract",2023,"food_rnk",23.3693
"55133202800","tract",2023,"food_rnk",52.7731
"55133202901","tract",2023,"food_rnk",49.4586
"55133202902","tract",2023,"food_rnk",78.7391
"55133203000","tract",2023,"food_rnk",18.6983
"55133203103","tract",2023,"food_rnk",36.5531
"55133203104","tract",2023,"food_rnk",56.8288
"55133203105","tract",2023,"food_rnk",28.3881
"55133203106","tract",2023,"food_rnk",48.709
"55133203107","tract",2023,"food_rnk",64.1684
"55133203200","tract",2023,"food_rnk",94.0325
"55133203303","tract",2023,"food_rnk",88.6462
"55133203304","tract",2023,"food_rnk",98.2603
"55133203305","tract",2023,"food_rnk",75.0632
"55133203307","tract",2023,"food_rnk",90.3456
"55133203308","tract",2023,"food_rnk",69.7098
"55133203402","tract",2023,"food_rnk",93.0339
"55133203403","tract",2023,"food_rnk",92.8764
"55133203404","tract",2023,"food_rnk",41.2838
"55133203405","tract",2023,"food_rnk",89.1455
"55133203406","tract",2023,"food_rnk",96.8734
"55133203501","tract",2023,"food_rnk",92.3515
"55133203502","tract",2023,"food_rnk",95.4548
"55133203601","tract",2023,"food_rnk",63.8351
"55133203602","tract",2023,"food_rnk",75.7908
"55133203702","tract",2023,"food_rnk",95.8089
"55133203703","tract",2023,"food_rnk",97.2702
"55133203704","tract",2023,"food_rnk",71.8792
"55133203802","tract",2023,"food_rnk",92.5627
"55133203803","tract",2023,"food_rnk",89.8292
"55133203805","tract",2023,"food_rnk",84.7859
"55133203806","tract",2023,"food_rnk",95.1313
"55133203901","tract",2023,"food_rnk",83.9497
"55133203902","tract",2023,"food_rnk",92.0072
"55133204002","tract",2023,"food_rnk",84.3928
"55133204003","tract",2023,"food_rnk",82.166
"55133204004","tract",2023,"food_rnk",94.1119
"55133204100","tract",2023,"food_rnk",99.0111
"55133204201","tract",2023,"food_rnk",28.0341
"55133204202","tract",2023,"food_rnk",95.7185
"55133204301","tract",2023,"food_rnk",69.9064
"55133204302","tract",2023,"food_rnk",56.9154
"55133204400","tract",2023,"food_rnk",98.5033
"55133204501","tract",2023,"food_rnk",94.9067
"55133204503","tract",2023,"food_rnk",97.6084
"55133204504","tract",2023,"food_rnk",77.8931
"55135100100","tract",2023,"food_rnk",50.0348
"55135100200","tract",2023,"food_rnk",70.1115
"55135100300","tract",2023,"food_rnk",56.8849
"55135100400","tract",2023,"food_rnk",56.1207
"55135100500","tract",2023,"food_rnk",63.1893
"55135100600","tract",2023,"food_rnk",75.5393
"55135100700","tract",2023,"food_rnk",26.4958
"55135100800","tract",2023,"food_rnk",78.2313
"55135100900","tract",2023,"food_rnk",57.228
"55135101000","tract",2023,"food_rnk",52.0064
"55135101100","tract",2023,"food_rnk",28.6982
"55135101200","tract",2023,"food_rnk",61.0052
"55137960100","tract",2023,"food_rnk",61.8012
"55137960201","tract",2023,"food_rnk",46.0304
"55137960202","tract",2023,"food_rnk",50.13
"55137960300","tract",2023,"food_rnk",27.8522
"55137960400","tract",2023,"food_rnk",38.924
"55137960600","tract",2023,"food_rnk",72.7985
"55137960700","tract",2023,"food_rnk",43.2115
"55137960800","tract",2023,"food_rnk",27.1685
"55139000100","tract",2023,"food_rnk",26.6619
"55139000200","tract",2023,"food_rnk",14.7294
"55139000300","tract",2023,"food_rnk",29.9313
"55139000400","tract",2023,"food_rnk",34.9098
"55139000501","tract",2023,"food_rnk",11.2122
"55139000502","tract",2023,"food_rnk",49.9628
"55139000700","tract",2023,"food_rnk",NA
"55139000800","tract",2023,"food_rnk",52.9733
"55139000900","tract",2023,"food_rnk",43.5583
"55139001000","tract",2023,"food_rnk",30.9177
"55139001100","tract",2023,"food_rnk",36.5946
"55139001200","tract",2023,"food_rnk",35.8365
"55139001300","tract",2023,"food_rnk",38.4832
"55139001400","tract",2023,"food_rnk",39.7199
"55139001500","tract",2023,"food_rnk",44.0051
"55139001600","tract",2023,"food_rnk",NA
"55139001700","tract",2023,"food_rnk",NA
"55139001801","tract",2023,"food_rnk",81.9743
"55139001803","tract",2023,"food_rnk",92.7348
"55139001804","tract",2023,"food_rnk",96.3131
"55139001900","tract",2023,"food_rnk",84.9654
"55139002001","tract",2023,"food_rnk",76.6747
"55139002002","tract",2023,"food_rnk",62.4165
"55139002100","tract",2023,"food_rnk",76.1705
"55139002201","tract",2023,"food_rnk",68.257
"55139002202","tract",2023,"food_rnk",79.3337
"55139002300","tract",2023,"food_rnk",96.0884
"55139002401","tract",2023,"food_rnk",88.7732
"55139002402","tract",2023,"food_rnk",80.4788
"55139002500","tract",2023,"food_rnk",34.7548
"55139002601","tract",2023,"food_rnk",30.8713
"55139002602","tract",2023,"food_rnk",17.4445
"55139002700","tract",2023,"food_rnk",16.828
"55139002800","tract",2023,"food_rnk",23.108
"55139002900","tract",2023,"food_rnk",17.2675
"55139003000","tract",2023,"food_rnk",56.9313
"55139003100","tract",2023,"food_rnk",52.1261
"55139003200","tract",2023,"food_rnk",37.9375
"55139003300","tract",2023,"food_rnk",20.0291
"55139003400","tract",2023,"food_rnk",30.1242
"55139003500","tract",2023,"food_rnk",40.3182
"55139003600","tract",2023,"food_rnk",78.6329
"55139003701","tract",2023,"food_rnk",7.9171
"55139003703","tract",2023,"food_rnk",89.3677
"55139003704","tract",2023,"food_rnk",91.3357
"55141010100","tract",2023,"food_rnk",63.2748
"55141010200","tract",2023,"food_rnk",43.1078
"55141010300","tract",2023,"food_rnk",33.3704
"55141010400","tract",2023,"food_rnk",83.5773
"55141010500","tract",2023,"food_rnk",47.725
"55141010600","tract",2023,"food_rnk",64.1428
"55141010700","tract",2023,"food_rnk",82.094
"55141010800","tract",2023,"food_rnk",48.814
"55141010900","tract",2023,"food_rnk",54.818
"55141011000","tract",2023,"food_rnk",13.3889
"55141011100","tract",2023,"food_rnk",19.3796
"55141011200","tract",2023,"food_rnk",10.5248
"55141011300","tract",2023,"food_rnk",36.5946
"55141011400","tract",2023,"food_rnk",41.7185
"55141011500","tract",2023,"food_rnk",97.5315
"55141011600","tract",2023,"food_rnk",58.1399
"55141011700","tract",2023,"food_rnk",12.3744
"55001950100","tract",2023,"food_state_rnk",54.857
"55001950201","tract",2023,"food_state_rnk",26.1477
"55001950203","tract",2023,"food_state_rnk",30.8051
"55001950204","tract",2023,"food_state_rnk",23.6527
"55001950400","tract",2023,"food_state_rnk",17.2322
"55001950501","tract",2023,"food_state_rnk",22.7545
"55001950502","tract",2023,"food_state_rnk",24.684
"55001950700","tract",2023,"food_state_rnk",34.1317
"55003940000","tract",2023,"food_state_rnk",21.9561
"55003950300","tract",2023,"food_state_rnk",57.7512
"55003950400","tract",2023,"food_state_rnk",22.6214
"55003950500","tract",2023,"food_state_rnk",43.7126
"55003950600","tract",2023,"food_state_rnk",14.1051
"55003950700","tract",2023,"food_state_rnk",54.2249
"55003950800","tract",2023,"food_state_rnk",20.0931
"55003990000","tract",2023,"food_state_rnk",NA
"55005000100","tract",2023,"food_state_rnk",75.6487
"55005000200","tract",2023,"food_state_rnk",25.5489
"55005000300","tract",2023,"food_state_rnk",36.6267
"55005000400","tract",2023,"food_state_rnk",41.1178
"55005000500","tract",2023,"food_state_rnk",31.7365
"55005000601","tract",2023,"food_state_rnk",32.4684
"55005000602","tract",2023,"food_state_rnk",40.2528
"55005000800","tract",2023,"food_state_rnk",52.1291
"55005000900","tract",2023,"food_state_rnk",59.6806
"55005001001","tract",2023,"food_state_rnk",80.7385
"55005001003","tract",2023,"food_state_rnk",54.491
"55005001004","tract",2023,"food_state_rnk",38.656
"55007960100","tract",2023,"food_state_rnk",15.0366
"55007960200","tract",2023,"food_state_rnk",66.8995
"55007960300","tract",2023,"food_state_rnk",39.8536
"55007960401","tract",2023,"food_state_rnk",53.3599
"55007960402","tract",2023,"food_state_rnk",55.855
"55007960600","tract",2023,"food_state_rnk",56.0878
"55007990000","tract",2023,"food_state_rnk",NA
"55009000100","tract",2023,"food_state_rnk",15.6354
"55009000200","tract",2023,"food_state_rnk",13.7725
"55009000302","tract",2023,"food_state_rnk",9.1151
"55009000303","tract",2023,"food_state_rnk",14.6374
"55009000401","tract",2023,"food_state_rnk",11.6434
"55009000402","tract",2023,"food_state_rnk",32.8011
"55009000500","tract",2023,"food_state_rnk",18.9621
"55009000600","tract",2023,"food_state_rnk",84.8303
"55009000700","tract",2023,"food_state_rnk",31.2043
"55009000800","tract",2023,"food_state_rnk",11.2442
"55009000900","tract",2023,"food_state_rnk",10.3127
"55009001000","tract",2023,"food_state_rnk",25.3493
"55009001100","tract",2023,"food_state_rnk",17.4983
"55009001200","tract",2023,"food_state_rnk",7.9508
"55009001300","tract",2023,"food_state_rnk",20.7585
"55009001400","tract",2023,"food_state_rnk",15.5689
"55009001600","tract",2023,"food_state_rnk",14.3713
"55009001701","tract",2023,"food_state_rnk",27.678
"55009001702","tract",2023,"food_state_rnk",24.817
"55009001801","tract",2023,"food_state_rnk",20.4923
"55009001802","tract",2023,"food_state_rnk",85.0632
"55009002001","tract",2023,"food_state_rnk",62.475
"55009002002","tract",2023,"food_state_rnk",28.9088
"55009002003","tract",2023,"food_state_rnk",95.3426
"55009010100","tract",2023,"food_state_rnk",76.4804
"55009010201","tract",2023,"food_state_rnk",NA
"55009010202","tract",2023,"food_state_rnk",41.9827
"55009010300","tract",2023,"food_state_rnk",49.9335
"55009020100","tract",2023,"food_state_rnk",90.153
"55009020203","tract",2023,"food_state_rnk",99.2016
"55009020204","tract",2023,"food_state_rnk",98.8689
"55009020502","tract",2023,"food_state_rnk",32.9341
"55009020504","tract",2023,"food_state_rnk",98.3367
"55009020505","tract",2023,"food_state_rnk",54.7572
"55009020506","tract",2023,"food_state_rnk",81.3706
"55009020600","tract",2023,"food_state_rnk",73.8523
"55009020702","tract",2023,"food_state_rnk",76.9794
"55009020703","tract",2023,"food_state_rnk",96.9395
"55009020704","tract",2023,"food_state_rnk",66.7332
"55009020800","tract",2023,"food_state_rnk",59.9468
"55009020900","tract",2023,"food_state_rnk",79.9069
"55009021000","tract",2023,"food_state_rnk",67.4651
"55009021200","tract",2023,"food_state_rnk",68.6627
"55009021301","tract",2023,"food_state_rnk",84.5642
"55009021302","tract",2023,"food_state_rnk",42.5815
"55009021303","tract",2023,"food_state_rnk",30.0067
"55009021304","tract",2023,"food_state_rnk",30.2063
"55009021400","tract",2023,"food_state_rnk",90.6188
"55009021500","tract",2023,"food_state_rnk",64.4711
"55009021600","tract",2023,"food_state_rnk",51.8297
"55009940002","tract",2023,"food_state_rnk",76.314
"55009940003","tract",2023,"food_state_rnk",19.4943
"55009940004","tract",2023,"food_state_rnk",21.69
"55009940005","tract",2023,"food_state_rnk",75.4824
"55009940006","tract",2023,"food_state_rnk",79.7405
"55009940007","tract",2023,"food_state_rnk",82.7678
"55009940008","tract",2023,"food_state_rnk",85.2295
"55009980000","tract",2023,"food_state_rnk",NA
"55011960100","tract",2023,"food_state_rnk",64.1717
"55011960200","tract",2023,"food_state_rnk",27.9774
"55011960300","tract",2023,"food_state_rnk",51.7299
"55011960400","tract",2023,"food_state_rnk",79.0752
"55011960500","tract",2023,"food_state_rnk",74.185
"55013970400","tract",2023,"food_state_rnk",28.676
"55013970600","tract",2023,"food_state_rnk",46.7731
"55013970700","tract",2023,"food_state_rnk",45.9082
"55013970800","tract",2023,"food_state_rnk",22.0226
"55013970900","tract",2023,"food_state_rnk",24.7505
"55013971000","tract",2023,"food_state_rnk",62.5416
"55015020100","tract",2023,"food_state_rnk",78.809
"55015020200","tract",2023,"food_state_rnk",45.4092
"55015020303","tract",2023,"food_state_rnk",30.5389
"55015020304","tract",2023,"food_state_rnk",19.0286
"55015020306","tract",2023,"food_state_rnk",99.4012
"55015020308","tract",2023,"food_state_rnk",72.9874
"55015020400","tract",2023,"food_state_rnk",87.0259
"55015020500","tract",2023,"food_state_rnk",40.1198
"55015020600","tract",2023,"food_state_rnk",54.358
"55015020700","tract",2023,"food_state_rnk",90.9182
"55015020800","tract",2023,"food_state_rnk",98.2701
"55017010100","tract",2023,"food_state_rnk",24.3846
"55017010200","tract",2023,"food_state_rnk",42.4484
"55017010300","tract",2023,"food_state_rnk",46.1078
"55017010400","tract",2023,"food_state_rnk",66.3673
"55017010500","tract",2023,"food_state_rnk",56.487
"55017010700","tract",2023,"food_state_rnk",35.9281
"55017010800","tract",2023,"food_state_rnk",47.3387
"55017010900","tract",2023,"food_state_rnk",33.8656
"55017011001","tract",2023,"food_state_rnk",48.3699
"55017011002","tract",2023,"food_state_rnk",69.2615
"55017011100","tract",2023,"food_state_rnk",46.0413
"55017011200","tract",2023,"food_state_rnk",34.4311
"55019950100","tract",2023,"food_state_rnk",28.7425
"55019950200","tract",2023,"food_state_rnk",47.8044
"55019950300","tract",2023,"food_state_rnk",59.5808
"55019950400","tract",2023,"food_state_rnk",38.7891
"55019950500","tract",2023,"food_state_rnk",57.1191
"55019950600","tract",2023,"food_state_rnk",52.7279
"55019950700","tract",2023,"food_state_rnk",37.2255
"55019950800","tract",2023,"food_state_rnk",29.7738
"55021970100","tract",2023,"food_state_rnk",68.7957
"55021970200","tract",2023,"food_state_rnk",66.2675
"55021970300","tract",2023,"food_state_rnk",61.0778
"55021970401","tract",2023,"food_state_rnk",35.3959
"55021970402","tract",2023,"food_state_rnk",49.0353
"55021970500","tract",2023,"food_state_rnk",14.2382
"55021970600","tract",2023,"food_state_rnk",69.8935
"55021970700","tract",2023,"food_state_rnk",62.0093
"55021970800","tract",2023,"food_state_rnk",86.6933
"55021970900","tract",2023,"food_state_rnk",83.6993
"55021971000","tract",2023,"food_state_rnk",56.8197
"55021971100","tract",2023,"food_state_rnk",52.5615
"55021971200","tract",2023,"food_state_rnk",56.5536
"55023960100","tract",2023,"food_state_rnk",36.1277
"55023960200","tract",2023,"food_state_rnk",40.5855
"55023960300","tract",2023,"food_state_rnk",64.6707
"55023960400","tract",2023,"food_state_rnk",53.2269
"55023960500","tract",2023,"food_state_rnk",17.9641
"55023960600","tract",2023,"food_state_rnk",39.4544
"55025000100","tract",2023,"food_state_rnk",69.1617
"55025000201","tract",2023,"food_state_rnk",83.3666
"55025000202","tract",2023,"food_state_rnk",71.191
"55025000204","tract",2023,"food_state_rnk",21.823
"55025000205","tract",2023,"food_state_rnk",64.9035
"55025000301","tract",2023,"food_state_rnk",12.2422
"55025000302","tract",2023,"food_state_rnk",91.6833
"55025000401","tract",2023,"food_state_rnk",90.9182
"55025000402","tract",2023,"food_state_rnk",79.8403
"55025000406","tract",2023,"food_state_rnk",95.0765
"55025000407","tract",2023,"food_state_rnk",49.2349
"55025000408","tract",2023,"food_state_rnk",11.7099
"55025000409","tract",2023,"food_state_rnk",34.9967
"55025000410","tract",2023,"food_state_rnk",58.35
"55025000501","tract",2023,"food_state_rnk",65.5023
"55025000504","tract",2023,"food_state_rnk",85.2961
"55025000505","tract",2023,"food_state_rnk",31.8696
"55025000506","tract",2023,"food_state_rnk",31.0712
"55025000600","tract",2023,"food_state_rnk",11.0446
"55025000700","tract",2023,"food_state_rnk",96.4072
"55025000800","tract",2023,"food_state_rnk",72.6547
"55025000901","tract",2023,"food_state_rnk",81.7033
"55025000902","tract",2023,"food_state_rnk",86.0612
"55025001000","tract",2023,"food_state_rnk",90.02
"55025001101","tract",2023,"food_state_rnk",57.5516
"55025001102","tract",2023,"food_state_rnk",NA
"55025001200","tract",2023,"food_state_rnk",55.855
"55025001300","tract",2023,"food_state_rnk",33.4997
"55025001401","tract",2023,"food_state_rnk",15.3027
"55025001402","tract",2023,"food_state_rnk",17.831
"55025001404","tract",2023,"food_state_rnk",32.8676
"55025001405","tract",2023,"food_state_rnk",16.0346
"55025001501","tract",2023,"food_state_rnk",45.7751
"55025001502","tract",2023,"food_state_rnk",15.2362
"55025001603","tract",2023,"food_state_rnk",35.4624
"55025001604","tract",2023,"food_state_rnk",49.1683
"55025001605","tract",2023,"food_state_rnk",76.3806
"55025001606","tract",2023,"food_state_rnk",NA
"55025001704","tract",2023,"food_state_rnk",67.1324
"55025001706","tract",2023,"food_state_rnk",50.6986
"55025001707","tract",2023,"food_state_rnk",41.9162
"55025001802","tract",2023,"food_state_rnk",35.8616
"55025001804","tract",2023,"food_state_rnk",30.1397
"55025001901","tract",2023,"food_state_rnk",20.6919
"55025001902","tract",2023,"food_state_rnk",82.8343
"55025002000","tract",2023,"food_state_rnk",22.0892
"55025002100","tract",2023,"food_state_rnk",58.7492
"55025002200","tract",2023,"food_state_rnk",13.1404
"55025002301","tract",2023,"food_state_rnk",5.1896
"55025002302","tract",2023,"food_state_rnk",81.1377
"55025002401","tract",2023,"food_state_rnk",38.523
"55025002402","tract",2023,"food_state_rnk",13.6394
"55025002500","tract",2023,"food_state_rnk",6.6201
"55025002601","tract",2023,"food_state_rnk",12.0426
"55025002602","tract",2023,"food_state_rnk",77.0792
"55025002603","tract",2023,"food_state_rnk",27.7445
"55025002700","tract",2023,"food_state_rnk",53.4597
"55025002800","tract",2023,"food_state_rnk",89.6208
"55025002900","tract",2023,"food_state_rnk",45.642
"55025003001","tract",2023,"food_state_rnk",85.662
"55025003002","tract",2023,"food_state_rnk",23.4198
"55025003100","tract",2023,"food_state_rnk",71.0246
"55025003200","tract",2023,"food_state_rnk",59.1816
"55025010100","tract",2023,"food_state_rnk",93.9122
"55025010200","tract",2023,"food_state_rnk",77.9774
"55025010300","tract",2023,"food_state_rnk",73.4531
"55025010400","tract",2023,"food_state_rnk",52.8942
"55025010501","tract",2023,"food_state_rnk",98.2036
"55025010503","tract",2023,"food_state_rnk",82.5017
"55025010504","tract",2023,"food_state_rnk",39.9867
"55025010600","tract",2023,"food_state_rnk",71.2575
"55025010701","tract",2023,"food_state_rnk",89.4212
"55025010702","tract",2023,"food_state_rnk",99.2681
"55025010801","tract",2023,"food_state_rnk",92.6148
"55025010802","tract",2023,"food_state_rnk",88.3566
"55025010903","tract",2023,"food_state_rnk",93.4797
"55025010905","tract",2023,"food_state_rnk",98.1371
"55025010906","tract",2023,"food_state_rnk",99.5343
"55025010907","tract",2023,"food_state_rnk",94.8104
"55025010908","tract",2023,"food_state_rnk",88.4232
"55025011000","tract",2023,"food_state_rnk",66.1677
"55025011101","tract",2023,"food_state_rnk",16.4338
"55025011103","tract",2023,"food_state_rnk",70.6587
"55025011104","tract",2023,"food_state_rnk",97.4052
"55025011201","tract",2023,"food_state_rnk",81.4371
"55025011202","tract",2023,"food_state_rnk",84.8969
"55025011301","tract",2023,"food_state_rnk",92.8144
"55025011302","tract",2023,"food_state_rnk",79.3413
"55025011403","tract",2023,"food_state_rnk",69.1617
"55025011404","tract",2023,"food_state_rnk",83.2335
"55025011405","tract",2023,"food_state_rnk",94.4444
"55025011406","tract",2023,"food_state_rnk",95.8749
"55025011407","tract",2023,"food_state_rnk",72.5882
"55025011504","tract",2023,"food_state_rnk",74.2848
"55025011505","tract",2023,"food_state_rnk",43.8456
"55025011506","tract",2023,"food_state_rnk",45.5422
"55025011507","tract",2023,"food_state_rnk",75.0832
"55025011508","tract",2023,"food_state_rnk",85.3626
"55025011600","tract",2023,"food_state_rnk",76.1144
"55025011700","tract",2023,"food_state_rnk",85.9614
"55025011800","tract",2023,"food_state_rnk",31.6035
"55025011900","tract",2023,"food_state_rnk",71.6567
"55025012002","tract",2023,"food_state_rnk",78.3433
"55025012003","tract",2023,"food_state_rnk",90.2861
"55025012004","tract",2023,"food_state_rnk",93.7458
"55025012100","tract",2023,"food_state_rnk",64.0719
"55025012201","tract",2023,"food_state_rnk",81.7698
"55025012202","tract",2023,"food_state_rnk",77.179
"55025012300","tract",2023,"food_state_rnk",50.7651
"55025012400","tract",2023,"food_state_rnk",96.4737
"55025012501","tract",2023,"food_state_rnk",71.1244
"55025012502","tract",2023,"food_state_rnk",69.0619
"55025012600","tract",2023,"food_state_rnk",78.2102
"55025012700","tract",2023,"food_state_rnk",66.6001
"55025012800","tract",2023,"food_state_rnk",90.4857
"55025012900","tract",2023,"food_state_rnk",91.2508
"55025013000","tract",2023,"food_state_rnk",88.9554
"55025013100","tract",2023,"food_state_rnk",65.7019
"55025013201","tract",2023,"food_state_rnk",77.4118
"55025013202","tract",2023,"food_state_rnk",84.9634
"55025013301","tract",2023,"food_state_rnk",33.3333
"55025013302","tract",2023,"food_state_rnk",39.3214
"55025013700","tract",2023,"food_state_rnk",96.008
"55025991702","tract",2023,"food_state_rnk",NA
"55025991703","tract",2023,"food_state_rnk",NA
"55027960100","tract",2023,"food_state_rnk",55.1896
"55027960200","tract",2023,"food_state_rnk",41.5835
"55027960300","tract",2023,"food_state_rnk",32.4019
"55027960400","tract",2023,"food_state_rnk",62.8077
"55027960500","tract",2023,"food_state_rnk",28.9088
"55027960600","tract",2023,"food_state_rnk",39.654
"55027960700","tract",2023,"food_state_rnk",29.2083
"55027960800","tract",2023,"food_state_rnk",67.1989
"55027960900","tract",2023,"food_state_rnk",41.517
"55027961000","tract",2023,"food_state_rnk",30.672
"55027961100","tract",2023,"food_state_rnk",64.1717
"55027961200","tract",2023,"food_state_rnk",27.2788
"55027961300","tract",2023,"food_state_rnk",58.6826
"55027961400","tract",2023,"food_state_rnk",50.3992
"55027961500","tract",2023,"food_state_rnk",83.0007
"55027961600","tract",2023,"food_state_rnk",66.1677
"55027961700","tract",2023,"food_state_rnk",37.9907
"55027961800","tract",2023,"food_state_rnk",71.5569
"55027961900","tract",2023,"food_state_rnk",58.8157
"55027962000","tract",2023,"food_state_rnk",17.6647
"55029100100","tract",2023,"food_state_rnk",80.5057
"55029100300","tract",2023,"food_state_rnk",41.2508
"55029100400","tract",2023,"food_state_rnk",84.4977
"55029100500","tract",2023,"food_state_rnk",88.024
"55029100600","tract",2023,"food_state_rnk",81.8696
"55029100700","tract",2023,"food_state_rnk",55.2894
"55029100800","tract",2023,"food_state_rnk",74.2848
"55029100900","tract",2023,"food_state_rnk",53.0273
"55029101000","tract",2023,"food_state_rnk",86.7598
"55029990000","tract",2023,"food_state_rnk",NA
"55031020300","tract",2023,"food_state_rnk",10.2462
"55031020400","tract",2023,"food_state_rnk",54.5576
"55031020500","tract",2023,"food_state_rnk",63.0073
"55031020600","tract",2023,"food_state_rnk",18.8955
"55031020700","tract",2023,"food_state_rnk",69.328
"55031020800","tract",2023,"food_state_rnk",56.6866
"55031020900","tract",2023,"food_state_rnk",55.0898
"55031021000","tract",2023,"food_state_rnk",39.7871
"55031021100","tract",2023,"food_state_rnk",7.7844
"55031030101","tract",2023,"food_state_rnk",71.7898
"55031030102","tract",2023,"food_state_rnk",74.9834
"55031030200","tract",2023,"food_state_rnk",93.6128
"55031030301","tract",2023,"food_state_rnk",49.9335
"55031030302","tract",2023,"food_state_rnk",56.9528
"55031990000","tract",2023,"food_state_rnk",NA
"55033970100","tract",2023,"food_state_rnk",47.5715
"55033970200","tract",2023,"food_state_rnk",46.507
"55033970300","tract",2023,"food_state_rnk",28.5429
"55033970400","tract",2023,"food_state_rnk",48.8689
"55033970500","tract",2023,"food_state_rnk",43.7126
"55033970600","tract",2023,"food_state_rnk",66.0679
"55033970700","tract",2023,"food_state_rnk",28.2102
"55033970801","tract",2023,"food_state_rnk",NA
"55033970802","tract",2023,"food_state_rnk",24.0852
"55035000100","tract",2023,"food_state_rnk",33.5995
"55035000200","tract",2023,"food_state_rnk",76.181
"55035000301","tract",2023,"food_state_rnk",65.3693
"55035000302","tract",2023,"food_state_rnk",88.6228
"55035000401","tract",2023,"food_state_rnk",59.5808
"55035000402","tract",2023,"food_state_rnk",34.0652
"55035000501","tract",2023,"food_state_rnk",87.2921
"55035000502","tract",2023,"food_state_rnk",48.5695
"55035000600","tract",2023,"food_state_rnk",33.7991
"55035000700","tract",2023,"food_state_rnk",55.7552
"55035000801","tract",2023,"food_state_rnk",60.978
"55035000802","tract",2023,"food_state_rnk",83.6327
"55035000803","tract",2023,"food_state_rnk",19.9601
"55035000900","tract",2023,"food_state_rnk",56.7532
"55035001101","tract",2023,"food_state_rnk",58.8822
"55035001200","tract",2023,"food_state_rnk",13.2402
"55035001300","tract",2023,"food_state_rnk",25.7485
"55035001401","tract",2023,"food_state_rnk",60.7119
"55035001402","tract",2023,"food_state_rnk",43.2801
"55035001500","tract",2023,"food_state_rnk",82.6015
"55035001600","tract",2023,"food_state_rnk",87.9574
"55035001700","tract",2023,"food_state_rnk",NA
"55037190101","tract",2023,"food_state_rnk",65.0033
"55037190102","tract",2023,"food_state_rnk",30.4724
"55037190200","tract",2023,"food_state_rnk",50.1663
"55039040100","tract",2023,"food_state_rnk",35.163
"55039040200","tract",2023,"food_state_rnk",12.1756
"55039040300","tract",2023,"food_state_rnk",34.9301
"55039040400","tract",2023,"food_state_rnk",35.3293
"55039040500","tract",2023,"food_state_rnk",8.3832
"55039040700","tract",2023,"food_state_rnk",68.4298
"55039040800","tract",2023,"food_state_rnk",42.1158
"55039040900","tract",2023,"food_state_rnk",42.4484
"55039041000","tract",2023,"food_state_rnk",45.1098
"55039041101","tract",2023,"food_state_rnk",67.7977
"55039041102","tract",2023,"food_state_rnk",90.2196
"55039041300","tract",2023,"food_state_rnk",26.0479
"55039041400","tract",2023,"food_state_rnk",86.5602
"55039041500","tract",2023,"food_state_rnk",57.3852
"55039041600","tract",2023,"food_state_rnk",43.7126
"55039041700","tract",2023,"food_state_rnk",74.3846
"55039041800","tract",2023,"food_state_rnk",69.6939
"55039041901","tract",2023,"food_state_rnk",62.2089
"55039041902","tract",2023,"food_state_rnk",68.2635
"55039042001","tract",2023,"food_state_rnk",86.4271
"55039042002","tract",2023,"food_state_rnk",95.2761
"55039042100","tract",2023,"food_state_rnk",92.0492
"55039042200","tract",2023,"food_state_rnk",43.9122
"55041950100","tract",2023,"food_state_rnk",18.0306
"55041950200","tract",2023,"food_state_rnk",18.1637
"55041950300","tract",2023,"food_state_rnk",39.2548
"55041950400","tract",2023,"food_state_rnk",26.4138
"55043960100","tract",2023,"food_state_rnk",58.4498
"55043960200","tract",2023,"food_state_rnk",16.6334
"55043960300","tract",2023,"food_state_rnk",36.7265
"55043960400","tract",2023,"food_state_rnk",39.5542
"55043960500","tract",2023,"food_state_rnk",53.8922
"55043960600","tract",2023,"food_state_rnk",61.3772
"55043960700","tract",2023,"food_state_rnk",49.3014
"55043960800","tract",2023,"food_state_rnk",45.5422
"55043960900","tract",2023,"food_state_rnk",16.9661
"55043961000","tract",2023,"food_state_rnk",58.982
"55043961100","tract",2023,"food_state_rnk",63.4065
"55043961200","tract",2023,"food_state_rnk",86.1943
"55045960100","tract",2023,"food_state_rnk",73.5196
"55045960200","tract",2023,"food_state_rnk",91.517
"55045960300","tract",2023,"food_state_rnk",76.5802
"55045960400","tract",2023,"food_state_rnk",38.1903
"55045960500","tract",2023,"food_state_rnk",24.5509
"55045960600","tract",2023,"food_state_rnk",48.4365
"55045960700","tract",2023,"food_state_rnk",54.99
"55045960800","tract",2023,"food_state_rnk",23.0872
"55047100100","tract",2023,"food_state_rnk",16.1677
"55047100200","tract",2023,"food_state_rnk",17.3653
"55047100300","tract",2023,"food_state_rnk",50.6321
"55047100400","tract",2023,"food_state_rnk",73.6527
"55047100500","tract",2023,"food_state_rnk",68.4298
"55047100600","tract",2023,"food_state_rnk",58.0506
"55049950100","tract",2023,"food_state_rnk",74.7172
"55049950200","tract",2023,"food_state_rnk",33.1337
"55049950300","tract",2023,"food_state_rnk",51.4305
"55049950400","tract",2023,"food_state_rnk",70.3925
"55049950500","tract",2023,"food_state_rnk",85.4291
"55049950600","tract",2023,"food_state_rnk",47.0393
"55051180100","tract",2023,"food_state_rnk",26.9461
"55051180200","tract",2023,"food_state_rnk",27.9774
"55051180300","tract",2023,"food_state_rnk",49.5675
"55051990000","tract",2023,"food_state_rnk",NA
"55053960100","tract",2023,"food_state_rnk",25.4158
"55053960200","tract",2023,"food_state_rnk",25.2162
"55053960300","tract",2023,"food_state_rnk",44.1783
"55053960400","tract",2023,"food_state_rnk",63.2069
"55053960500","tract",2023,"food_state_rnk",29.7738
"55055100100","tract",2023,"food_state_rnk",13.839
"55055100200","tract",2023,"food_state_rnk",10.978
"55055100301","tract",2023,"food_state_rnk",30.6055
"55055100302","tract",2023,"food_state_rnk",47.9707
"55055100400","tract",2023,"food_state_rnk",79.3413
"55055100500","tract",2023,"food_state_rnk",77.4118
"55055100601","tract",2023,"food_state_rnk",84.4311
"55055100602","tract",2023,"food_state_rnk",52.2621
"55055100700","tract",2023,"food_state_rnk",78.5096
"55055100800","tract",2023,"food_state_rnk",80.0399
"55055100900","tract",2023,"food_state_rnk",76.6467
"55055101000","tract",2023,"food_state_rnk",25.815
"55055101100","tract",2023,"food_state_rnk",48.7026
"55055101201","tract",2023,"food_state_rnk",89.6873
"55055101202","tract",2023,"food_state_rnk",93.2801
"55055101300","tract",2023,"food_state_rnk",62.6747
"55055101400","tract",2023,"food_state_rnk",41.4504
"55055101500","tract",2023,"food_state_rnk",44.0785
"55055101600","tract",2023,"food_state_rnk",45.1763
"55055101701","tract",2023,"food_state_rnk",41.1843
"55055101702","tract",2023,"food_state_rnk",71.8563
"55057100100","tract",2023,"food_state_rnk",21.4904
"55057100200","tract",2023,"food_state_rnk",31.9361
"55057100301","tract",2023,"food_state_rnk",25.9481
"55057100302","tract",2023,"food_state_rnk",37.9907
"55057100400","tract",2023,"food_state_rnk",19.2282
"55057100500","tract",2023,"food_state_rnk",28.4098
"55057100600","tract",2023,"food_state_rnk",30.7385
"55057100700","tract",2023,"food_state_rnk",59.348
"55059000101","tract",2023,"food_state_rnk",49.501
"55059000102","tract",2023,"food_state_rnk",13.3733
"55059000300","tract",2023,"food_state_rnk",11.843
"55059000400","tract",2023,"food_state_rnk",71.9228
"55059000501","tract",2023,"food_state_rnk",74.8503
"55059000502","tract",2023,"food_state_rnk",10.0466
"55059000601","tract",2023,"food_state_rnk",63.6727
"55059000603","tract",2023,"food_state_rnk",74.5176
"55059000604","tract",2023,"food_state_rnk",89.8869
"55059000700","tract",2023,"food_state_rnk",9.0486
"55059000800","tract",2023,"food_state_rnk",5.0566
"55059000900","tract",2023,"food_state_rnk",4.9235
"55059001000","tract",2023,"food_state_rnk",4.6574
"55059001100","tract",2023,"food_state_rnk",12.841
"55059001200","tract",2023,"food_state_rnk",12.5749
"55059001300","tract",2023,"food_state_rnk",15.9015
"55059001401","tract",2023,"food_state_rnk",73.9521
"55059001402","tract",2023,"food_state_rnk",38.2568
"55059001500","tract",2023,"food_state_rnk",36.7931
"55059001600","tract",2023,"food_state_rnk",8.0506
"55059001700","tract",2023,"food_state_rnk",8.5163
"55059001800","tract",2023,"food_state_rnk",8.982
"55059001900","tract",2023,"food_state_rnk",56.4205
"55059002000","tract",2023,"food_state_rnk",38.4232
"55059002100","tract",2023,"food_state_rnk",53.0938
"55059002200","tract",2023,"food_state_rnk",23.2535
"55059002300","tract",2023,"food_state_rnk",69.3945
"55059002400","tract",2023,"food_state_rnk",57.1191
"55059002500","tract",2023,"food_state_rnk",82.3021
"55059002603","tract",2023,"food_state_rnk",41.7166
"55059002604","tract",2023,"food_state_rnk",51.3639
"55059002605","tract",2023,"food_state_rnk",40.5855
"55059002606","tract",2023,"food_state_rnk",55.5888
"55059002700","tract",2023,"food_state_rnk",95.2096
"55059002801","tract",2023,"food_state_rnk",73.2868
"55059002802","tract",2023,"food_state_rnk",88.2901
"55059002903","tract",2023,"food_state_rnk",35.7285
"55059002904","tract",2023,"food_state_rnk",66.0013
"55059002905","tract",2023,"food_state_rnk",59.8137
"55059002906","tract",2023,"food_state_rnk",89.2216
"55059003001","tract",2023,"food_state_rnk",59.0818
"55059003002","tract",2023,"food_state_rnk",46.7731
"55059990000","tract",2023,"food_state_rnk",NA
"55061960100","tract",2023,"food_state_rnk",19.1617
"55061960200","tract",2023,"food_state_rnk",65.5023
"55061960401","tract",2023,"food_state_rnk",82.1025
"55061960402","tract",2023,"food_state_rnk",93.0805
"55061960500","tract",2023,"food_state_rnk",89.0885
"55061990000","tract",2023,"food_state_rnk",NA
"55063000100","tract",2023,"food_state_rnk",11.5768
"55063000200","tract",2023,"food_state_rnk",8.6494
"55063000300","tract",2023,"food_state_rnk",14.7705
"55063000401","tract",2023,"food_state_rnk",39.1883
"55063000402","tract",2023,"food_state_rnk",67.9973
"55063000500","tract",2023,"food_state_rnk",NA
"55063000600","tract",2023,"food_state_rnk",60.346
"55063000700","tract",2023,"food_state_rnk",91.151
"55063000800","tract",2023,"food_state_rnk",39.5542
"55063000900","tract",2023,"food_state_rnk",13.0406
"55063001000","tract",2023,"food_state_rnk",28.0772
"55063001101","tract",2023,"food_state_rnk",63.4731
"55063001102","tract",2023,"food_state_rnk",57.9508
"55063001200","tract",2023,"food_state_rnk",83.4331
"55063010101","tract",2023,"food_state_rnk",73.9521
"55063010102","tract",2023,"food_state_rnk",52.6281
"55063010202","tract",2023,"food_state_rnk",83.0007
"55063010203","tract",2023,"food_state_rnk",70.0599
"55063010204","tract",2023,"food_state_rnk",89.7538
"55063010205","tract",2023,"food_state_rnk",97.7711
"55063010300","tract",2023,"food_state_rnk",38.4232
"55063010401","tract",2023,"food_state_rnk",77.5782
"55063010403","tract",2023,"food_state_rnk",66.5336
"55063010404","tract",2023,"food_state_rnk",89.4877
"55063010500","tract",2023,"food_state_rnk",30.4059
"55063010600","tract",2023,"food_state_rnk",80.8383
"55063010700","tract",2023,"food_state_rnk",87.1923
"55063010800","tract",2023,"food_state_rnk",50.499
"55065970100","tract",2023,"food_state_rnk",64.2715
"55065970200","tract",2023,"food_state_rnk",27.0792
"55065970300","tract",2023,"food_state_rnk",71.324
"55065970400","tract",2023,"food_state_rnk",29.1417
"55065970500","tract",2023,"food_state_rnk",48.7691
"55067960101","tract",2023,"food_state_rnk",72.0559
"55067960102","tract",2023,"food_state_rnk",22.9541
"55067960300","tract",2023,"food_state_rnk",73.5862
"55067960400","tract",2023,"food_state_rnk",71.3906
"55067960500","tract",2023,"food_state_rnk",39.9867
"55067960600","tract",2023,"food_state_rnk",18.2302
"55067960700","tract",2023,"food_state_rnk",49.7671
"55069960100","tract",2023,"food_state_rnk",83.4997
"55069960200","tract",2023,"food_state_rnk",14.5043
"55069960300","tract",2023,"food_state_rnk",78.809
"55069960400","tract",2023,"food_state_rnk",36.8596
"55069960500","tract",2023,"food_state_rnk",57.0193
"55069960600","tract",2023,"food_state_rnk",65.8017
"55069960700","tract",2023,"food_state_rnk",38.8889
"55069960800","tract",2023,"food_state_rnk",29.6407
"55069960900","tract",2023,"food_state_rnk",16.3673
"55069961000","tract",2023,"food_state_rnk",23.4864
"55071000100","tract",2023,"food_state_rnk",33.0007
"55071000200","tract",2023,"food_state_rnk",18.829
"55071000300","tract",2023,"food_state_rnk",77.5116
"55071000400","tract",2023,"food_state_rnk",25.0832
"55071000500","tract",2023,"food_state_rnk",19.6939
"55071000600","tract",2023,"food_state_rnk",35.0632
"55071000700","tract",2023,"food_state_rnk",32.0027
"55071000800","tract",2023,"food_state_rnk",12.7412
"55071005100","tract",2023,"food_state_rnk",46.7731
"55071005200","tract",2023,"food_state_rnk",74.7838
"55071005300","tract",2023,"food_state_rnk",21.0246
"55071005400","tract",2023,"food_state_rnk",24.2515
"55071010100","tract",2023,"food_state_rnk",69.6939
"55071010200","tract",2023,"food_state_rnk",67.2987
"55071010300","tract",2023,"food_state_rnk",85.4957
"55071010400","tract",2023,"food_state_rnk",61.3772
"55071010500","tract",2023,"food_state_rnk",73.2868
"55071010600","tract",2023,"food_state_rnk",81.5369
"55071010700","tract",2023,"food_state_rnk",54.6906
"55071990000","tract",2023,"food_state_rnk",NA
"55073000100","tract",2023,"food_state_rnk",3.6593
"55073000200","tract",2023,"food_state_rnk",26.4804
"55073000300","tract",2023,"food_state_rnk",60.7119
"55073000400","tract",2023,"food_state_rnk",32.6015
"55073000500","tract",2023,"food_state_rnk",17.6647
"55073000601","tract",2023,"food_state_rnk",17.0326
"55073000602","tract",2023,"food_state_rnk",19.5609
"55073000700","tract",2023,"food_state_rnk",32.0692
"55073000800","tract",2023,"food_state_rnk",52.9607
"55073000900","tract",2023,"food_state_rnk",53.6593
"55073001000","tract",2023,"food_state_rnk",55.1896
"55073001103","tract",2023,"food_state_rnk",80.173
"55073001104","tract",2023,"food_state_rnk",32.1357
"55073001105","tract",2023,"food_state_rnk",81.1377
"55073001106","tract",2023,"food_state_rnk",61.2774
"55073001202","tract",2023,"food_state_rnk",51.5635
"55073001203","tract",2023,"food_state_rnk",87.7578
"55073001204","tract",2023,"food_state_rnk",97.7711
"55073001300","tract",2023,"food_state_rnk",93.6793
"55073001401","tract",2023,"food_state_rnk",31.5037
"55073001402","tract",2023,"food_state_rnk",83.8989
"55073001500","tract",2023,"food_state_rnk",76.7132
"55073001600","tract",2023,"food_state_rnk",90.5522
"55073001700","tract",2023,"food_state_rnk",63.9388
"55073001800","tract",2023,"food_state_rnk",88.5562
"55073001900","tract",2023,"food_state_rnk",77.6447
"55073002000","tract",2023,"food_state_rnk",75.316
"55073002101","tract",2023,"food_state_rnk",58.0506
"55073002102","tract",2023,"food_state_rnk",70.326
"55073002200","tract",2023,"food_state_rnk",27.3453
"55073002301","tract",2023,"food_state_rnk",67.5649
"55073002302","tract",2023,"food_state_rnk",64.338
"55075960100","tract",2023,"food_state_rnk",33.7325
"55075960200","tract",2023,"food_state_rnk",38.3234
"55075960600","tract",2023,"food_state_rnk",28.3433
"55075960700","tract",2023,"food_state_rnk",37.0592
"55075960800","tract",2023,"food_state_rnk",25.6487
"55075960900","tract",2023,"food_state_rnk",73.0539
"55075961000","tract",2023,"food_state_rnk",62.2754
"55075961100","tract",2023,"food_state_rnk",55.5888
"55075961200","tract",2023,"food_state_rnk",97.0725
"55075961300","tract",2023,"food_state_rnk",20.1929
"55075961400","tract",2023,"food_state_rnk",48.0373
"55075961500","tract",2023,"food_state_rnk",37.4584
"55075990000","tract",2023,"food_state_rnk",NA
"55077960100","tract",2023,"food_state_rnk",39.3879
"55077960200","tract",2023,"food_state_rnk",50.8317
"55077960300","tract",2023,"food_state_rnk",37.1257
"55077960400","tract",2023,"food_state_rnk",49.3679
"55077960500","tract",2023,"food_state_rnk",28.6094
"55078940101","tract",2023,"food_state_rnk",3.2601
"55078940103","tract",2023,"food_state_rnk",9.5808
"55078940104","tract",2023,"food_state_rnk",79.5077
"55079000101","tract",2023,"food_state_rnk",4.99
"55079000102","tract",2023,"food_state_rnk",11.976
"55079000201","tract",2023,"food_state_rnk",1.7299
"55079000202","tract",2023,"food_state_rnk",16.5003
"55079000301","tract",2023,"food_state_rnk",92.2821
"55079000302","tract",2023,"food_state_rnk",3.4597
"55079000303","tract",2023,"food_state_rnk",10.7119
"55079000304","tract",2023,"food_state_rnk",22.2888
"55079000400","tract",2023,"food_state_rnk",9.1816
"55079000501","tract",2023,"food_state_rnk",24.2515
"55079000502","tract",2023,"food_state_rnk",4.2582
"55079000600","tract",2023,"food_state_rnk",20.9581
"55079000700","tract",2023,"food_state_rnk",8.1171
"55079000800","tract",2023,"food_state_rnk",11.3107
"55079000900","tract",2023,"food_state_rnk",5.5556
"55079001000","tract",2023,"food_state_rnk",6.5203
"55079001100","tract",2023,"food_state_rnk",8.4498
"55079001200","tract",2023,"food_state_rnk",2.9275
"55079001300","tract",2023,"food_state_rnk",4.7904
"55079001400","tract",2023,"food_state_rnk",4.857
"55079001500","tract",2023,"food_state_rnk",5.3227
"55079001600","tract",2023,"food_state_rnk",5.988
"55079001700","tract",2023,"food_state_rnk",4.4578
"55079001800","tract",2023,"food_state_rnk",0.998
"55079001900","tract",2023,"food_state_rnk",2.7279
"55079002000","tract",2023,"food_state_rnk",5.7219
"55079002100","tract",2023,"food_state_rnk",2.5948
"55079002200","tract",2023,"food_state_rnk",3.1271
"55079002300","tract",2023,"food_state_rnk",4.0585
"55079002400","tract",2023,"food_state_rnk",2.994
"55079002500","tract",2023,"food_state_rnk",5.4558
"55079002600","tract",2023,"food_state_rnk",1.4637
"55079002700","tract",2023,"food_state_rnk",2.3287
"55079002800","tract",2023,"food_state_rnk",2.0625
"55079002900","tract",2023,"food_state_rnk",6.3872
"55079003000","tract",2023,"food_state_rnk",6.7864
"55079003100","tract",2023,"food_state_rnk",7.3852
"55079003200","tract",2023,"food_state_rnk",12.3752
"55079003300","tract",2023,"food_state_rnk",7.851
"55079003400","tract",2023,"food_state_rnk",10.1131
"55079003500","tract",2023,"food_state_rnk",3.992
"55079003600","tract",2023,"food_state_rnk",8.7824
"55079003700","tract",2023,"food_state_rnk",10.6454
"55079003800","tract",2023,"food_state_rnk",2.8609
"55079003900","tract",2023,"food_state_rnk",6.853
"55079004000","tract",2023,"food_state_rnk",0.1331
"55079004100","tract",2023,"food_state_rnk",2.4617
"55079004200","tract",2023,"food_state_rnk",1.2641
"55079004300","tract",2023,"food_state_rnk",4.1916
"55079004400","tract",2023,"food_state_rnk",8.7159
"55079004500","tract",2023,"food_state_rnk",3.9255
"55079004600","tract",2023,"food_state_rnk",1.3307
"55079004700","tract",2023,"food_state_rnk",0.9315
"55079004800","tract",2023,"food_state_rnk",6.7199
"55079004900","tract",2023,"food_state_rnk",6.1544
"55079005000","tract",2023,"food_state_rnk",17.1657
"55079005100","tract",2023,"food_state_rnk",9.7139
"55079005200","tract",2023,"food_state_rnk",12.9075
"55079005300","tract",2023,"food_state_rnk",14.5709
"55079005400","tract",2023,"food_state_rnk",24.1517
"55079005500","tract",2023,"food_state_rnk",37.7911
"55079005600","tract",2023,"food_state_rnk",82.2023
"55079005700","tract",2023,"food_state_rnk",62.6747
"55079005800","tract",2023,"food_state_rnk",36.0612
"55079005900","tract",2023,"food_state_rnk",18.4963
"55079006000","tract",2023,"food_state_rnk",2.5283
"55079006100","tract",2023,"food_state_rnk",7.0526
"55079006200","tract",2023,"food_state_rnk",0.7319
"55079006300","tract",2023,"food_state_rnk",4.3247
"55079006400","tract",2023,"food_state_rnk",1.0645
"55079006500","tract",2023,"food_state_rnk",0.5323
"55079006600","tract",2023,"food_state_rnk",1.6633
"55079006700","tract",2023,"food_state_rnk",0.3992
"55079006800","tract",2023,"food_state_rnk",2.1291
"55079006900","tract",2023,"food_state_rnk",1.7964
"55079007000","tract",2023,"food_state_rnk",2.7944
"55079007100","tract",2023,"food_state_rnk",4.7239
"55079007200","tract",2023,"food_state_rnk",14.9701
"55079007300","tract",2023,"food_state_rnk",61.2109
"55079007400","tract",2023,"food_state_rnk",NA
"55079007500","tract",2023,"food_state_rnk",68.5296
"55079007600","tract",2023,"food_state_rnk",75.4824
"55079007700","tract",2023,"food_state_rnk",46.4405
"55079007800","tract",2023,"food_state_rnk",12.1091
"55079007900","tract",2023,"food_state_rnk",45.0432
"55079008000","tract",2023,"food_state_rnk",12.9741
"55079008100","tract",2023,"food_state_rnk",1.5968
"55079008400","tract",2023,"food_state_rnk",8.9155
"55079008500","tract",2023,"food_state_rnk",2.1956
"55079008600","tract",2023,"food_state_rnk",1.1976
"55079008700","tract",2023,"food_state_rnk",0.3327
"55079008800","tract",2023,"food_state_rnk",0.8649
"55079008900","tract",2023,"food_state_rnk",0.4657
"55079009000","tract",2023,"food_state_rnk",3.7259
"55079009100","tract",2023,"food_state_rnk",4.1251
"55079009200","tract",2023,"food_state_rnk",10.5456
"55079009300","tract",2023,"food_state_rnk",22.4551
"55079009400","tract",2023,"food_state_rnk",66.4671
"55079009500","tract",2023,"food_state_rnk",20.4258
"55079009600","tract",2023,"food_state_rnk",5.6554
"55079009700","tract",2023,"food_state_rnk",3.8589
"55079009800","tract",2023,"food_state_rnk",0.1996
"55079009900","tract",2023,"food_state_rnk",6.986
"55079010600","tract",2023,"food_state_rnk",19.7937
"55079010700","tract",2023,"food_state_rnk",32.7345
"55079010800","tract",2023,"food_state_rnk",68.9288
"55079011000","tract",2023,"food_state_rnk",39.1218
"55079011100","tract",2023,"food_state_rnk",37.2255
"55079011200","tract",2023,"food_state_rnk",53.4597
"55079011300","tract",2023,"food_state_rnk",58.5496
"55079011400","tract",2023,"food_state_rnk",6.2542
"55079012200","tract",2023,"food_state_rnk",2.2621
"55079012300","tract",2023,"food_state_rnk",5.3892
"55079012400","tract",2023,"food_state_rnk",12.7412
"55079012500","tract",2023,"food_state_rnk",58.982
"55079012600","tract",2023,"food_state_rnk",16.5669
"55079012700","tract",2023,"food_state_rnk",54.6241
"55079012800","tract",2023,"food_state_rnk",21.1577
"55079012900","tract",2023,"food_state_rnk",11.1444
"55079013000","tract",2023,"food_state_rnk",20.5589
"55079013300","tract",2023,"food_state_rnk",8.3167
"55079013400","tract",2023,"food_state_rnk",5.1231
"55079013500","tract",2023,"food_state_rnk",0.2661
"55079013600","tract",2023,"food_state_rnk",5.5556
"55079013700","tract",2023,"food_state_rnk",3.5928
"55079014100","tract",2023,"food_state_rnk",3.1936
"55079014300","tract",2023,"food_state_rnk",80.1065
"55079014400","tract",2023,"food_state_rnk",78.0772
"55079014600","tract",2023,"food_state_rnk",NA
"55079014700","tract",2023,"food_state_rnk",NA
"55079014800","tract",2023,"food_state_rnk",1.5303
"55079014900","tract",2023,"food_state_rnk",13.9055
"55079015700","tract",2023,"food_state_rnk",3.3932
"55079015800","tract",2023,"food_state_rnk",6.6201
"55079015900","tract",2023,"food_state_rnk",6.3207
"55079016000","tract",2023,"food_state_rnk",4.3912
"55079016100","tract",2023,"food_state_rnk",7.3187
"55079016200","tract",2023,"food_state_rnk",5.855
"55079016300","tract",2023,"food_state_rnk",8.849
"55079016400","tract",2023,"food_state_rnk",4.5243
"55079016500","tract",2023,"food_state_rnk",6.9195
"55079016600","tract",2023,"food_state_rnk",1.1311
"55079016700","tract",2023,"food_state_rnk",3.5263
"55079016800","tract",2023,"food_state_rnk",5.2562
"55079016900","tract",2023,"food_state_rnk",3.7924
"55079017000","tract",2023,"food_state_rnk",7.1856
"55079017100","tract",2023,"food_state_rnk",7.9508
"55079017200","tract",2023,"food_state_rnk",9.4478
"55079017300","tract",2023,"food_state_rnk",3.3267
"55079017400","tract",2023,"food_state_rnk",2.6613
"55079017500","tract",2023,"food_state_rnk",3.0605
"55079017600","tract",2023,"food_state_rnk",8.2502
"55079017900","tract",2023,"food_state_rnk",67.8643
"55079018000","tract",2023,"food_state_rnk",29.0752
"55079018100","tract",2023,"food_state_rnk",91.9494
"55079018200","tract",2023,"food_state_rnk",53.6593
"55079018300","tract",2023,"food_state_rnk",56.1544
"55079018400","tract",2023,"food_state_rnk",60.0798
"55079018500","tract",2023,"food_state_rnk",10.5456
"55079018600","tract",2023,"food_state_rnk",2.3952
"55079018700","tract",2023,"food_state_rnk",11.9095
"55079018800","tract",2023,"food_state_rnk",9.3812
"55079018900","tract",2023,"food_state_rnk",5.9215
"55079019000","tract",2023,"food_state_rnk",10.7784
"55079019100","tract",2023,"food_state_rnk",16.2342
"55079019200","tract",2023,"food_state_rnk",31.8031
"55079019300","tract",2023,"food_state_rnk",40.1863
"55079019400","tract",2023,"food_state_rnk",40.8849
"55079019500","tract",2023,"food_state_rnk",56.2874
"55079019600","tract",2023,"food_state_rnk",15.1031
"55079019700","tract",2023,"food_state_rnk",19.6274
"55079019800","tract",2023,"food_state_rnk",21.3573
"55079019900","tract",2023,"food_state_rnk",35.9947
"55079020000","tract",2023,"food_state_rnk",13.7059
"55079020100","tract",2023,"food_state_rnk",9.5143
"55079020200","tract",2023,"food_state_rnk",16.7665
"55079020300","tract",2023,"food_state_rnk",14.3047
"55079020400","tract",2023,"food_state_rnk",11.3772
"55079020500","tract",2023,"food_state_rnk",7.6514
"55079020600","tract",2023,"food_state_rnk",51.2309
"55079020700","tract",2023,"food_state_rnk",39.022
"55079020800","tract",2023,"food_state_rnk",45.2428
"55079020900","tract",2023,"food_state_rnk",57.5516
"55079021000","tract",2023,"food_state_rnk",75.5822
"55079021100","tract",2023,"food_state_rnk",36.9594
"55079021200","tract",2023,"food_state_rnk",31.5037
"55079021300","tract",2023,"food_state_rnk",21.0912
"55079021400","tract",2023,"food_state_rnk",4.5908
"55079021500","tract",2023,"food_state_rnk",15.4358
"55079021600","tract",2023,"food_state_rnk",19.2947
"55079021700","tract",2023,"food_state_rnk",15.5023
"55079021800","tract",2023,"food_state_rnk",12.4418
"55079030100","tract",2023,"food_state_rnk",81.9694
"55079035100","tract",2023,"food_state_rnk",94.012
"55079035200","tract",2023,"food_state_rnk",87.7578
"55079040100","tract",2023,"food_state_rnk",82.2023
"55079050101","tract",2023,"food_state_rnk",59.8802
"55079050103","tract",2023,"food_state_rnk",41.018
"55079050104","tract",2023,"food_state_rnk",14.837
"55079060101","tract",2023,"food_state_rnk",51.7299
"55079060102","tract",2023,"food_state_rnk",95.6753
"55079060200","tract",2023,"food_state_rnk",18.2967
"55079070100","tract",2023,"food_state_rnk",97.006
"55079070200","tract",2023,"food_state_rnk",92.4817
"55079070300","tract",2023,"food_state_rnk",61.6434
"55079080100","tract",2023,"food_state_rnk",65.2029
"55079080200","tract",2023,"food_state_rnk",81.0379
"55079080300","tract",2023,"food_state_rnk",92.5482
"55079080400","tract",2023,"food_state_rnk",47.1391
"55079090100","tract",2023,"food_state_rnk",53.6593
"55079090200","tract",2023,"food_state_rnk",77.2788
"55079090300","tract",2023,"food_state_rnk",25.6487
"55079090600","tract",2023,"food_state_rnk",70.4591
"55079090700","tract",2023,"food_state_rnk",79.9734
"55079090800","tract",2023,"food_state_rnk",82.4019
"55079090900","tract",2023,"food_state_rnk",70.1264
"55079091000","tract",2023,"food_state_rnk",69.8935
"55079091100","tract",2023,"food_state_rnk",89.5542
"55079091200","tract",2023,"food_state_rnk",54.2249
"55079091300","tract",2023,"food_state_rnk",70.7252
"55079091400","tract",2023,"food_state_rnk",43.4797
"55079100100","tract",2023,"food_state_rnk",23.1537
"55079100200","tract",2023,"food_state_rnk",20.3593
"55079100300","tract",2023,"food_state_rnk",42.2156
"55079100400","tract",2023,"food_state_rnk",22.5549
"55079100500","tract",2023,"food_state_rnk",14.1717
"55079100600","tract",2023,"food_state_rnk",17.5649
"55079100700","tract",2023,"food_state_rnk",25.0166
"55079100800","tract",2023,"food_state_rnk",46.1743
"55079100900","tract",2023,"food_state_rnk",43.2801
"55079101000","tract",2023,"food_state_rnk",26.7465
"55079101100","tract",2023,"food_state_rnk",28.4764
"55079101200","tract",2023,"food_state_rnk",60.6121
"55079101300","tract",2023,"food_state_rnk",25.1497
"55079101400","tract",2023,"food_state_rnk",29.6407
"55079101500","tract",2023,"food_state_rnk",26.6134
"55079101600","tract",2023,"food_state_rnk",13.5063
"55079101700","tract",2023,"food_state_rnk",19.8935
"55079101800","tract",2023,"food_state_rnk",28.1437
"55079110100","tract",2023,"food_state_rnk",18.6294
"55079120101","tract",2023,"food_state_rnk",45.8417
"55079120102","tract",2023,"food_state_rnk",80.3726
"55079120201","tract",2023,"food_state_rnk",62.4085
"55079120202","tract",2023,"food_state_rnk",44.9102
"55079120203","tract",2023,"food_state_rnk",48.6361
"55079120300","tract",2023,"food_state_rnk",24.3846
"55079120400","tract",2023,"food_state_rnk",81.5369
"55079120501","tract",2023,"food_state_rnk",50.8982
"55079120502","tract",2023,"food_state_rnk",64.5376
"55079130100","tract",2023,"food_state_rnk",60.4125
"55079130200","tract",2023,"food_state_rnk",67.9308
"55079140100","tract",2023,"food_state_rnk",81.3041
"55079140201","tract",2023,"food_state_rnk",29.8736
"55079140202","tract",2023,"food_state_rnk",63.3067
"55079150100","tract",2023,"food_state_rnk",87.3586
"55079150301","tract",2023,"food_state_rnk",87.5582
"55079150303","tract",2023,"food_state_rnk",86.8596
"55079150304","tract",2023,"food_state_rnk",86.1943
"55079160101","tract",2023,"food_state_rnk",66.7997
"55079160102","tract",2023,"food_state_rnk",26.8796
"55079160202","tract",2023,"food_state_rnk",63.5396
"55079160203","tract",2023,"food_state_rnk",41.3839
"55079160205","tract",2023,"food_state_rnk",11.4438
"55079160206","tract",2023,"food_state_rnk",56.8862
"55079160301","tract",2023,"food_state_rnk",72.322
"55079160302","tract",2023,"food_state_rnk",80.9049
"55079170100","tract",2023,"food_state_rnk",36.2608
"55079170200","tract",2023,"food_state_rnk",44.2781
"55079170300","tract",2023,"food_state_rnk",38.7226
"55079170400","tract",2023,"food_state_rnk",52.4285
"55079170500","tract",2023,"food_state_rnk",17.2987
"55079170600","tract",2023,"food_state_rnk",10.9115
"55079170700","tract",2023,"food_state_rnk",12.3087
"55079180100","tract",2023,"food_state_rnk",30.8716
"55079180200","tract",2023,"food_state_rnk",11.1444
"55079180300","tract",2023,"food_state_rnk",9.9135
"55079180400","tract",2023,"food_state_rnk",22.688
"55079180500","tract",2023,"food_state_rnk",17.7645
"55079185100","tract",2023,"food_state_rnk",37.8576
"55079185200","tract",2023,"food_state_rnk",79.4411
"55079185300","tract",2023,"food_state_rnk",63.6061
"55079185400","tract",2023,"food_state_rnk",1.9295
"55079185500","tract",2023,"food_state_rnk",0.5988
"55079185600","tract",2023,"food_state_rnk",12.6414
"55079185700","tract",2023,"food_state_rnk",0.6653
"55079185800","tract",2023,"food_state_rnk",9.2482
"55079185900","tract",2023,"food_state_rnk",0.7984
"55079186000","tract",2023,"food_state_rnk",0
"55079186100","tract",2023,"food_state_rnk",0.0665
"55079186200","tract",2023,"food_state_rnk",1.3972
"55079186300","tract",2023,"food_state_rnk",NA
"55079186400","tract",2023,"food_state_rnk",NA
"55079186500","tract",2023,"food_state_rnk",22.8876
"55079186600","tract",2023,"food_state_rnk",10.4458
"55079186800","tract",2023,"food_state_rnk",9.7804
"55079186900","tract",2023,"food_state_rnk",89.022
"55079187000","tract",2023,"food_state_rnk",34.5642
"55079187200","tract",2023,"food_state_rnk",74.9168
"55079187300","tract",2023,"food_state_rnk",96.8064
"55079187400","tract",2023,"food_state_rnk",41.018
"55079980000","tract",2023,"food_state_rnk",NA
"55079990000","tract",2023,"food_state_rnk",NA
"55081950100","tract",2023,"food_state_rnk",34.8636
"55081950200","tract",2023,"food_state_rnk",63.0739
"55081950300","tract",2023,"food_state_rnk",36.3939
"55081950400","tract",2023,"food_state_rnk",14.9035
"55081950500","tract",2023,"food_state_rnk",29.2748
"55081950600","tract",2023,"food_state_rnk",11.5103
"55081950700","tract",2023,"food_state_rnk",51.8962
"55081950800","tract",2023,"food_state_rnk",61.5436
"55081950900","tract",2023,"food_state_rnk",78.9421
"55083100300","tract",2023,"food_state_rnk",70.1929
"55083100500","tract",2023,"food_state_rnk",40.4524
"55083100600","tract",2023,"food_state_rnk",45.4092
"55083100700","tract",2023,"food_state_rnk",38.8889
"55083100800","tract",2023,"food_state_rnk",75.7818
"55083100900","tract",2023,"food_state_rnk",20.8916
"55083101000","tract",2023,"food_state_rnk",55.356
"55083101100","tract",2023,"food_state_rnk",71.7232
"55083101200","tract",2023,"food_state_rnk",37.9907
"55083101301","tract",2023,"food_state_rnk",75.7152
"55083101302","tract",2023,"food_state_rnk",89.8204
"55083990000","tract",2023,"food_state_rnk",NA
"55085970101","tract",2023,"food_state_rnk",65.0699
"55085970103","tract",2023,"food_state_rnk",83.1337
"55085970104","tract",2023,"food_state_rnk",74.0852
"55085970400","tract",2023,"food_state_rnk",77.8443
"55085970500","tract",2023,"food_state_rnk",99.9335
"55085970601","tract",2023,"food_state_rnk",98.6693
"55085970603","tract",2023,"food_state_rnk",55.6886
"55085970604","tract",2023,"food_state_rnk",78.7092
"55085970800","tract",2023,"food_state_rnk",68.33
"55085970900","tract",2023,"food_state_rnk",87.6248
"55085971001","tract",2023,"food_state_rnk",81.6367
"55085971002","tract",2023,"food_state_rnk",70.8583
"55085971100","tract",2023,"food_state_rnk",88.8224
"55085971300","tract",2023,"food_state_rnk",96.0745
"55085971400","tract",2023,"food_state_rnk",42.9807
"55085971500","tract",2023,"food_state_rnk",40.7851
"55087010100","tract",2023,"food_state_rnk",16.8995
"55087010200","tract",2023,"food_state_rnk",57.2189
"55087010300","tract",2023,"food_state_rnk",18.7292
"55087010501","tract",2023,"food_state_rnk",27.0126
"55087010502","tract",2023,"food_state_rnk",NA
"55087010601","tract",2023,"food_state_rnk",20.6254
"55087010602","tract",2023,"food_state_rnk",67.7312
"55087010700","tract",2023,"food_state_rnk",36.6267
"55087010800","tract",2023,"food_state_rnk",23.5529
"55087010900","tract",2023,"food_state_rnk",35.7951
"55087011001","tract",2023,"food_state_rnk",46.5735
"55087011002","tract",2023,"food_state_rnk",62.6747
"55087011101","tract",2023,"food_state_rnk",19.3613
"55087011103","tract",2023,"food_state_rnk",94.4444
"55087011104","tract",2023,"food_state_rnk",25.2828
"55087011200","tract",2023,"food_state_rnk",44.4777
"55087011300","tract",2023,"food_state_rnk",58.1504
"55087011400","tract",2023,"food_state_rnk",42.648
"55087011501","tract",2023,"food_state_rnk",24.8836
"55087011502","tract",2023,"food_state_rnk",72.7212
"55087011600","tract",2023,"food_state_rnk",72.2555
"55087011700","tract",2023,"food_state_rnk",46.9395
"55087011800","tract",2023,"food_state_rnk",65.7019
"55087011901","tract",2023,"food_state_rnk",62.9408
"55087011902","tract",2023,"food_state_rnk",51.2309
"55087012000","tract",2023,"food_state_rnk",100
"55087012101","tract",2023,"food_state_rnk",67.5649
"55087012102","tract",2023,"food_state_rnk",43.4797
"55087012200","tract",2023,"food_state_rnk",26.2142
"55087012300","tract",2023,"food_state_rnk",80.3061
"55087012400","tract",2023,"food_state_rnk",60.479
"55087012503","tract",2023,"food_state_rnk",98.9355
"55087012504","tract",2023,"food_state_rnk",87.7578
"55087012505","tract",2023,"food_state_rnk",99.8669
"55087012506","tract",2023,"food_state_rnk",69.5276
"55087012602","tract",2023,"food_state_rnk",93.3466
"55087012603","tract",2023,"food_state_rnk",97.2056
"55087012604","tract",2023,"food_state_rnk",79.2083
"55087012700","tract",2023,"food_state_rnk",47.5715
"55087012800","tract",2023,"food_state_rnk",82.7013
"55087012902","tract",2023,"food_state_rnk",93.014
"55087012903","tract",2023,"food_state_rnk",91.4172
"55087012904","tract",2023,"food_state_rnk",86.9594
"55087013100","tract",2023,"food_state_rnk",42.3154
"55087013200","tract",2023,"food_state_rnk",40.7186
"55087013300","tract",2023,"food_state_rnk",98.004
"55087940000","tract",2023,"food_state_rnk",44.644
"55089610101","tract",2023,"food_state_rnk",70.2595
"55089610102","tract",2023,"food_state_rnk",95.7418
"55089620100","tract",2023,"food_state_rnk",47.9042
"55089630100","tract",2023,"food_state_rnk",25.8816
"55089630201","tract",2023,"food_state_rnk",60.2794
"55089630202","tract",2023,"food_state_rnk",48.2701
"55089640101","tract",2023,"food_state_rnk",63.1404
"55089640102","tract",2023,"food_state_rnk",71.0246
"55089640201","tract",2023,"food_state_rnk",90.3859
"55089640202","tract",2023,"food_state_rnk",84.2981
"55089650102","tract",2023,"food_state_rnk",87.1923
"55089650103","tract",2023,"food_state_rnk",93.9122
"55089650104","tract",2023,"food_state_rnk",84.7638
"55089650200","tract",2023,"food_state_rnk",80.9714
"55089650300","tract",2023,"food_state_rnk",96.6068
"55089660100","tract",2023,"food_state_rnk",78.9421
"55089660201","tract",2023,"food_state_rnk",80.6055
"55089660202","tract",2023,"food_state_rnk",99.7339
"55089660301","tract",2023,"food_state_rnk",96.2076
"55089660303","tract",2023,"food_state_rnk",95.143
"55089660304","tract",2023,"food_state_rnk",86.3273
"55089990000","tract",2023,"food_state_rnk",NA
"55091950100","tract",2023,"food_state_rnk",50.9647
"55091950200","tract",2023,"food_state_rnk",50.1663
"55093960100","tract",2023,"food_state_rnk",50.2994
"55093960200","tract",2023,"food_state_rnk",62.1091
"55093960300","tract",2023,"food_state_rnk",NA
"55093960400","tract",2023,"food_state_rnk",49.4345
"55093960500","tract",2023,"food_state_rnk",87.0925
"55093960600","tract",2023,"food_state_rnk",78.0772
"55093960700","tract",2023,"food_state_rnk",62.342
"55093960800","tract",2023,"food_state_rnk",72.8876
"55095960100","tract",2023,"food_state_rnk",41.65
"55095960200","tract",2023,"food_state_rnk",42.8476
"55095960301","tract",2023,"food_state_rnk",62.1091
"55095960302","tract",2023,"food_state_rnk",35.5955
"55095960303","tract",2023,"food_state_rnk",40.3194
"55095960500","tract",2023,"food_state_rnk",51.497
"55095960600","tract",2023,"food_state_rnk",54.2249
"55095960701","tract",2023,"food_state_rnk",23.9188
"55095960702","tract",2023,"food_state_rnk",33.4997
"55095960800","tract",2023,"food_state_rnk",78.3433
"55095960901","tract",2023,"food_state_rnk",63.8057
"55095960902","tract",2023,"food_state_rnk",84.6307
"55095961000","tract",2023,"food_state_rnk",57.6846
"55095961100","tract",2023,"food_state_rnk",50.5655
"55097960100","tract",2023,"food_state_rnk",87.4917
"55097960200","tract",2023,"food_state_rnk",73.3866
"55097960300","tract",2023,"food_state_rnk",29.5409
"55097960400","tract",2023,"food_state_rnk",NA
"55097960500","tract",2023,"food_state_rnk",72.4551
"55097960600","tract",2023,"food_state_rnk",57.5516
"55097960701","tract",2023,"food_state_rnk",59.348
"55097960702","tract",2023,"food_state_rnk",43.9787
"55097960800","tract",2023,"food_state_rnk",47.1391
"55097960900","tract",2023,"food_state_rnk",25.4824
"55097961000","tract",2023,"food_state_rnk",23.7525
"55097961101","tract",2023,"food_state_rnk",78.6427
"55097961102","tract",2023,"food_state_rnk",46.2741
"55097961200","tract",2023,"food_state_rnk",32.668
"55097961300","tract",2023,"food_state_rnk",60.8782
"55099970100","tract",2023,"food_state_rnk",31.2708
"55099970200","tract",2023,"food_state_rnk",19.4278
"55099970400","tract",2023,"food_state_rnk",35.2628
"55099970500","tract",2023,"food_state_rnk",18.3633
"55099970600","tract",2023,"food_state_rnk",38.5895
"55099970700","tract",2023,"food_state_rnk",33.9321
"55101000200","tract",2023,"food_state_rnk",1.8629
"55101000400","tract",2023,"food_state_rnk",7.4518
"55101000500","tract",2023,"food_state_rnk",7.5183
"55101000600","tract",2023,"food_state_rnk",15.3693
"55101000700","tract",2023,"food_state_rnk",26.3473
"55101000800","tract",2023,"food_state_rnk",27.4451
"55101000901","tract",2023,"food_state_rnk",53.6593
"55101000903","tract",2023,"food_state_rnk",54.857
"55101000904","tract",2023,"food_state_rnk",44.644
"55101001001","tract",2023,"food_state_rnk",6.1544
"55101001002","tract",2023,"food_state_rnk",16.6999
"55101001003","tract",2023,"food_state_rnk",15.7019
"55101001101","tract",2023,"food_state_rnk",27.5782
"55101001102","tract",2023,"food_state_rnk",19.0951
"55101001201","tract",2023,"food_state_rnk",46.3739
"55101001202","tract",2023,"food_state_rnk",15.9681
"55101001301","tract",2023,"food_state_rnk",13.3067
"55101001302","tract",2023,"food_state_rnk",7.7179
"55101001401","tract",2023,"food_state_rnk",37.658
"55101001402","tract",2023,"food_state_rnk",26.813
"55101001501","tract",2023,"food_state_rnk",51.0313
"55101001504","tract",2023,"food_state_rnk",30.3393
"55101001505","tract",2023,"food_state_rnk",49.6341
"55101001506","tract",2023,"food_state_rnk",84.2981
"55101001507","tract",2023,"food_state_rnk",54.0253
"55101001601","tract",2023,"food_state_rnk",74.4511
"55101001602","tract",2023,"food_state_rnk",95.8084
"55101001701","tract",2023,"food_state_rnk",27.1457
"55101001702","tract",2023,"food_state_rnk",33.2003
"55101001703","tract",2023,"food_state_rnk",59.1816
"55101001705","tract",2023,"food_state_rnk",77.7112
"55101001706","tract",2023,"food_state_rnk",61.8097
"55101001801","tract",2023,"food_state_rnk",34.4311
"55101001802","tract",2023,"food_state_rnk",68.7957
"55101001900","tract",2023,"food_state_rnk",93.8124
"55101002001","tract",2023,"food_state_rnk",53.8257
"55101002002","tract",2023,"food_state_rnk",64.8037
"55101002100","tract",2023,"food_state_rnk",47.5715
"55101002401","tract",2023,"food_state_rnk",55.9548
"55101002402","tract",2023,"food_state_rnk",24.6174
"55101002600","tract",2023,"food_state_rnk",78.4431
"55101002701","tract",2023,"food_state_rnk",73.1204
"55101002702","tract",2023,"food_state_rnk",70.7917
"55101002800","tract",2023,"food_state_rnk",95.01
"55101002900","tract",2023,"food_state_rnk",5.7884
"55101980000","tract",2023,"food_state_rnk",NA
"55101990000","tract",2023,"food_state_rnk",NA
"55103970100","tract",2023,"food_state_rnk",56.2209
"55103970200","tract",2023,"food_state_rnk",76.8463
"55103970300","tract",2023,"food_state_rnk",29.9401
"55103970400","tract",2023,"food_state_rnk",23.819
"55103970500","tract",2023,"food_state_rnk",34.1983
"55105000100","tract",2023,"food_state_rnk",9.847
"55105000200","tract",2023,"food_state_rnk",18.0971
"55105000300","tract",2023,"food_state_rnk",7.1191
"55105000400","tract",2023,"food_state_rnk",18.7292
"55105000500","tract",2023,"food_state_rnk",32.3353
"55105000600","tract",2023,"food_state_rnk",20.2927
"55105000700","tract",2023,"food_state_rnk",17.8975
"55105000800","tract",2023,"food_state_rnk",45.3094
"55105000900","tract",2023,"food_state_rnk",65.1364
"55105001000","tract",2023,"food_state_rnk",18.4298
"55105001100","tract",2023,"food_state_rnk",64.0053
"55105001201","tract",2023,"food_state_rnk",34.7971
"55105001202","tract",2023,"food_state_rnk",49.1018
"55105001302","tract",2023,"food_state_rnk",80.6055
"55105001303","tract",2023,"food_state_rnk",81.2375
"55105001305","tract",2023,"food_state_rnk",74.0852
"55105001306","tract",2023,"food_state_rnk",16.3007
"55105001400","tract",2023,"food_state_rnk",64.4045
"55105001500","tract",2023,"food_state_rnk",NA
"55105001600","tract",2023,"food_state_rnk",6.0546
"55105001700","tract",2023,"food_state_rnk",12.5083
"55105001800","tract",2023,"food_state_rnk",1.996
"55105001900","tract",2023,"food_state_rnk",24.9501
"55105002000","tract",2023,"food_state_rnk",13.9721
"55105002100","tract",2023,"food_state_rnk",17.4318
"55105002200","tract",2023,"food_state_rnk",78.2102
"55105002300","tract",2023,"food_state_rnk",22.4551
"55105002400","tract",2023,"food_state_rnk",79.7405
"55105002500","tract",2023,"food_state_rnk",26.0479
"55105002601","tract",2023,"food_state_rnk",22.3553
"55105002602","tract",2023,"food_state_rnk",48.1038
"55105002700","tract",2023,"food_state_rnk",67.0659
"55105002800","tract",2023,"food_state_rnk",54.4245
"55105002901","tract",2023,"food_state_rnk",67.3985
"55105002902","tract",2023,"food_state_rnk",74.5842
"55105003001","tract",2023,"food_state_rnk",65.3693
"55105003002","tract",2023,"food_state_rnk",95.4424
"55105003101","tract",2023,"food_state_rnk",93.1803
"55105003102","tract",2023,"food_state_rnk",65.9015
"55105003200","tract",2023,"food_state_rnk",57.851
"55105003300","tract",2023,"food_state_rnk",23.3533
"55107960100","tract",2023,"food_state_rnk",40.8849
"55107960200","tract",2023,"food_state_rnk",46.2741
"55107960300","tract",2023,"food_state_rnk",27.2122
"55107960400","tract",2023,"food_state_rnk",45.9747
"55107960500","tract",2023,"food_state_rnk",15.835
"55109120100","tract",2023,"food_state_rnk",67.2987
"55109120201","tract",2023,"food_state_rnk",88.4897
"55109120202","tract",2023,"food_state_rnk",96.7399
"55109120300","tract",2023,"food_state_rnk",66.8995
"55109120401","tract",2023,"food_state_rnk",63.8723
"55109120402","tract",2023,"food_state_rnk",96.1411
"55109120501","tract",2023,"food_state_rnk",60.978
"55109120502","tract",2023,"food_state_rnk",49.8337
"55109120601","tract",2023,"food_state_rnk",79.2083
"55109120602","tract",2023,"food_state_rnk",85.5622
"55109120700","tract",2023,"food_state_rnk",72.5216
"55109120801","tract",2023,"food_state_rnk",58.2502
"55109120802","tract",2023,"food_state_rnk",84.2981
"55109120901","tract",2023,"food_state_rnk",59.7472
"55109120904","tract",2023,"food_state_rnk",98.4697
"55109120905","tract",2023,"food_state_rnk",75.8816
"55109120906","tract",2023,"food_state_rnk",88.7226
"55109121000","tract",2023,"food_state_rnk",75.9814
"55111000101","tract",2023,"food_state_rnk",57.2854
"55111000102","tract",2023,"food_state_rnk",33.3999
"55111000103","tract",2023,"food_state_rnk",52.495
"55111000104","tract",2023,"food_state_rnk",47.7046
"55111000200","tract",2023,"food_state_rnk",56.354
"55111000301","tract",2023,"food_state_rnk",48.1703
"55111000302","tract",2023,"food_state_rnk",31.3373
"55111000303","tract",2023,"food_state_rnk",27.5782
"55111000401","tract",2023,"food_state_rnk",55.489
"55111000402","tract",2023,"food_state_rnk",41.3174
"55111000500","tract",2023,"food_state_rnk",37.3919
"55111000601","tract",2023,"food_state_rnk",41.7831
"55111000602","tract",2023,"food_state_rnk",26.68
"55111000603","tract",2023,"food_state_rnk",75.0832
"55111000700","tract",2023,"food_state_rnk",91.517
"55111000800","tract",2023,"food_state_rnk",77.9108
"55111000901","tract",2023,"food_state_rnk",51.6301
"55111000902","tract",2023,"food_state_rnk",44.8104
"55111000903","tract",2023,"food_state_rnk",75.2162
"55111001002","tract",2023,"food_state_rnk",30.2728
"55111001003","tract",2023,"food_state_rnk",47.2389
"55111001004","tract",2023,"food_state_rnk",35.5289
"55111001005","tract",2023,"food_state_rnk",10.3792
"55111001100","tract",2023,"food_state_rnk",68.1969
"55113100300","tract",2023,"food_state_rnk",33.9987
"55113100400","tract",2023,"food_state_rnk",63.7392
"55113100501","tract",2023,"food_state_rnk",61.6434
"55113100502","tract",2023,"food_state_rnk",65.6021
"55113100700","tract",2023,"food_state_rnk",21.2242
"55113100800","tract",2023,"food_state_rnk",19.7937
"55113940001","tract",2023,"food_state_rnk",9.98
"55113940002","tract",2023,"food_state_rnk",15.1697
"55115100100","tract",2023,"food_state_rnk",68.9953
"55115100200","tract",2023,"food_state_rnk",37.3253
"55115100300","tract",2023,"food_state_rnk",70.5256
"55115100400","tract",2023,"food_state_rnk",37.7246
"55115100500","tract",2023,"food_state_rnk",40.5855
"55115100600","tract",2023,"food_state_rnk",21.2908
"55115100700","tract",2023,"food_state_rnk",34.2648
"55115100800","tract",2023,"food_state_rnk",42.4484
"55115100900","tract",2023,"food_state_rnk",44.644
"55115101000","tract",2023,"food_state_rnk",80.2395
"55115101100","tract",2023,"food_state_rnk",85.0632
"55117000100","tract",2023,"food_state_rnk",54.99
"55117000201","tract",2023,"food_state_rnk",23.6527
"55117000202","tract",2023,"food_state_rnk",24.4844
"55117000300","tract",2023,"food_state_rnk",34.7305
"55117000400","tract",2023,"food_state_rnk",32.2688
"55117000500","tract",2023,"food_state_rnk",7.2522
"55117000800","tract",2023,"food_state_rnk",8.1836
"55117000900","tract",2023,"food_state_rnk",30.0732
"55117001000","tract",2023,"food_state_rnk",50.1663
"55117001100","tract",2023,"food_state_rnk",34.664
"55117010100","tract",2023,"food_state_rnk",83.7658
"55117010200","tract",2023,"food_state_rnk",76.4804
"55117010300","tract",2023,"food_state_rnk",89.155
"55117010400","tract",2023,"food_state_rnk",77.7778
"55117010502","tract",2023,"food_state_rnk",50.3992
"55117010503","tract",2023,"food_state_rnk",73.7525
"55117010504","tract",2023,"food_state_rnk",44.3779
"55117010601","tract",2023,"food_state_rnk",82.4019
"55117010602","tract",2023,"food_state_rnk",48.503
"55117010700","tract",2023,"food_state_rnk",94.3446
"55117010800","tract",2023,"food_state_rnk",44.9767
"55117010900","tract",2023,"food_state_rnk",82.9009
"55117011000","tract",2023,"food_state_rnk",72.3886
"55117011100","tract",2023,"food_state_rnk",84.6973
"55117011200","tract",2023,"food_state_rnk",56.0213
"55117011301","tract",2023,"food_state_rnk",83.1337
"55117011302","tract",2023,"food_state_rnk",83.8323
"55117011400","tract",2023,"food_state_rnk",22.2222
"55117990000","tract",2023,"food_state_rnk",NA
"55119960100","tract",2023,"food_state_rnk",59.481
"55119960200","tract",2023,"food_state_rnk",49.7006
"55119960300","tract",2023,"food_state_rnk",56.6201
"55119960400","tract",2023,"food_state_rnk",51.0978
"55119960500","tract",2023,"food_state_rnk",35.662
"55119960600","tract",2023,"food_state_rnk",72.8876
"55121100100","tract",2023,"food_state_rnk",60.1464
"55121100200","tract",2023,"food_state_rnk",42.0492
"55121100300","tract",2023,"food_state_rnk",22.821
"55121100400","tract",2023,"food_state_rnk",36.5269
"55121100500","tract",2023,"food_state_rnk",60.0133
"55121100600","tract",2023,"food_state_rnk",61.7432
"55121100700","tract",2023,"food_state_rnk",77.0792
"55121100800","tract",2023,"food_state_rnk",60.2129
"55123960100","tract",2023,"food_state_rnk",62.8743
"55123960200","tract",2023,"food_state_rnk",52.8277
"55123960300","tract",2023,"food_state_rnk",68.7957
"55123960400","tract",2023,"food_state_rnk",52.1291
"55123960500","tract",2023,"food_state_rnk",65.9015
"55123960600","tract",2023,"food_state_rnk",91.018
"55123960700","tract",2023,"food_state_rnk",66.6667
"55125940000","tract",2023,"food_state_rnk",18.5629
"55125950201","tract",2023,"food_state_rnk",64.9035
"55125950202","tract",2023,"food_state_rnk",37.5582
"55125950501","tract",2023,"food_state_rnk",43.1138
"55125950502","tract",2023,"food_state_rnk",43.3799
"55125950601","tract",2023,"food_state_rnk",43.0472
"55125950602","tract",2023,"food_state_rnk",82.6015
"55125950700","tract",2023,"food_state_rnk",83.5662
"55127000102","tract",2023,"food_state_rnk",90.7186
"55127000103","tract",2023,"food_state_rnk",70.5921
"55127000104","tract",2023,"food_state_rnk",94.9434
"55127000201","tract",2023,"food_state_rnk",97.6048
"55127000202","tract",2023,"food_state_rnk",96.6733
"55127000301","tract",2023,"food_state_rnk",88.7226
"55127000303","tract",2023,"food_state_rnk",67.6647
"55127000304","tract",2023,"food_state_rnk",42.7811
"55127000400","tract",2023,"food_state_rnk",28.2768
"55127000501","tract",2023,"food_state_rnk",NA
"55127000502","tract",2023,"food_state_rnk",72.1557
"55127000600","tract",2023,"food_state_rnk",38.1238
"55127000701","tract",2023,"food_state_rnk",53.2934
"55127000702","tract",2023,"food_state_rnk",64.6041
"55127000801","tract",2023,"food_state_rnk",32.5349
"55127000802","tract",2023,"food_state_rnk",47.4385
"55127000901","tract",2023,"food_state_rnk",68.0639
"55127000902","tract",2023,"food_state_rnk",26.5469
"55127001000","tract",2023,"food_state_rnk",95.9415
"55127001501","tract",2023,"food_state_rnk",40.3859
"55127001503","tract",2023,"food_state_rnk",31.1377
"55127001504","tract",2023,"food_state_rnk",75.2162
"55127001603","tract",2023,"food_state_rnk",48.8689
"55127001605","tract",2023,"food_state_rnk",66.3673
"55127001606","tract",2023,"food_state_rnk",70.9248
"55127001607","tract",2023,"food_state_rnk",92.7146
"55127001608","tract",2023,"food_state_rnk",21.7565
"55127001701","tract",2023,"food_state_rnk",39.7206
"55127001702","tract",2023,"food_state_rnk",58.4498
"55129950100","tract",2023,"food_state_rnk",33.2668
"55129950200","tract",2023,"food_state_rnk",63.3067
"55129950300","tract",2023,"food_state_rnk",43.5795
"55129950501","tract",2023,"food_state_rnk",15.7685
"55129950502","tract",2023,"food_state_rnk",48.9687
"55129950600","tract",2023,"food_state_rnk",44.8104
"55131400102","tract",2023,"food_state_rnk",55.4225
"55131400103","tract",2023,"food_state_rnk",97.3387
"55131400104","tract",2023,"food_state_rnk",92.149
"55131410100","tract",2023,"food_state_rnk",89.9534
"55131420104","tract",2023,"food_state_rnk",75.8816
"55131420105","tract",2023,"food_state_rnk",36.4604
"55131420106","tract",2023,"food_state_rnk",34.3313
"55131420107","tract",2023,"food_state_rnk",76.8463
"55131420108","tract",2023,"food_state_rnk",90.0865
"55131420200","tract",2023,"food_state_rnk",69.5941
"55131420300","tract",2023,"food_state_rnk",73.187
"55131420401","tract",2023,"food_state_rnk",42.2156
"55131420402","tract",2023,"food_state_rnk",39.022
"55131430100","tract",2023,"food_state_rnk",72.1557
"55131440103","tract",2023,"food_state_rnk",64.7372
"55131440104","tract",2023,"food_state_rnk",54.0253
"55131440105","tract",2023,"food_state_rnk",80.7385
"55131440106","tract",2023,"food_state_rnk",92.3486
"55131440200","tract",2023,"food_state_rnk",68.1304
"55131450103","tract",2023,"food_state_rnk",65.2695
"55131450105","tract",2023,"food_state_rnk",92.7146
"55131450106","tract",2023,"food_state_rnk",85.8949
"55131450107","tract",2023,"food_state_rnk",91.3506
"55131450108","tract",2023,"food_state_rnk",68.5961
"55131460101","tract",2023,"food_state_rnk",99.8004
"55131460102","tract",2023,"food_state_rnk",95.4424
"55131470100","tract",2023,"food_state_rnk",93.4132
"55131470202","tract",2023,"food_state_rnk",99.4677
"55131470203","tract",2023,"food_state_rnk",31.0047
"55131470204","tract",2023,"food_state_rnk",92.0492
"55133200101","tract",2023,"food_state_rnk",85.662
"55133200102","tract",2023,"food_state_rnk",87.8909
"55133200103","tract",2023,"food_state_rnk",16.1011
"55133200201","tract",2023,"food_state_rnk",88.1903
"55133200202","tract",2023,"food_state_rnk",53.1603
"55133200300","tract",2023,"food_state_rnk",92.8809
"55133200400","tract",2023,"food_state_rnk",98.8024
"55133200500","tract",2023,"food_state_rnk",99.002
"55133200600","tract",2023,"food_state_rnk",27.8776
"55133200700","tract",2023,"food_state_rnk",89.3546
"55133200801","tract",2023,"food_state_rnk",94.6773
"55133200803","tract",2023,"food_state_rnk",93.1803
"55133200804","tract",2023,"food_state_rnk",61.1444
"55133200901","tract",2023,"food_state_rnk",90.7186
"55133200902","tract",2023,"food_state_rnk",89.2881
"55133201001","tract",2023,"food_state_rnk",94.1783
"55133201002","tract",2023,"food_state_rnk",99.1351
"55133201101","tract",2023,"food_state_rnk",94.5775
"55133201102","tract",2023,"food_state_rnk",97.9375
"55133201201","tract",2023,"food_state_rnk",88.0905
"55133201203","tract",2023,"food_state_rnk",85.7951
"55133201204","tract",2023,"food_state_rnk",83.3001
"55133201205","tract",2023,"food_state_rnk",87.4251
"55133201300","tract",2023,"food_state_rnk",86.4937
"55133201402","tract",2023,"food_state_rnk",86.3273
"55133201403","tract",2023,"food_state_rnk",88.1903
"55133201404","tract",2023,"food_state_rnk",74.6507
"55133201504","tract",2023,"food_state_rnk",97.505
"55133201505","tract",2023,"food_state_rnk",91.8829
"55133201506","tract",2023,"food_state_rnk",73.7525
"55133201507","tract",2023,"food_state_rnk",97.8709
"55133201508","tract",2023,"food_state_rnk",92.4152
"55133201600","tract",2023,"food_state_rnk",99.6673
"55133201701","tract",2023,"food_state_rnk",94.1783
"55133201703","tract",2023,"food_state_rnk",57.851
"55133201704","tract",2023,"food_state_rnk",88.8889
"55133201800","tract",2023,"food_state_rnk",82.0359
"55133201900","tract",2023,"food_state_rnk",90.3859
"55133202001","tract",2023,"food_state_rnk",96.2741
"55133202002","tract",2023,"food_state_rnk",91.8164
"55133202101","tract",2023,"food_state_rnk",98.7359
"55133202102","tract",2023,"food_state_rnk",83.9654
"55133202103","tract",2023,"food_state_rnk",71.4571
"55133202201","tract",2023,"food_state_rnk",45.7086
"55133202203","tract",2023,"food_state_rnk",6.4538
"55133202204","tract",2023,"food_state_rnk",47.3387
"55133202301","tract",2023,"food_state_rnk",58.6161
"55133202303","tract",2023,"food_state_rnk",8.5828
"55133202304","tract",2023,"food_state_rnk",31.4039
"55133202400","tract",2023,"food_state_rnk",71.9894
"55133202500","tract",2023,"food_state_rnk",29.0086
"55133202600","tract",2023,"food_state_rnk",21.6234
"55133202700","tract",2023,"food_state_rnk",17.0991
"55133202800","tract",2023,"food_state_rnk",47.8044
"55133202901","tract",2023,"food_state_rnk",43.1803
"55133202902","tract",2023,"food_state_rnk",79.6407
"55133203000","tract",2023,"food_state_rnk",14.0386
"55133203103","tract",2023,"food_state_rnk",29.3413
"55133203104","tract",2023,"food_state_rnk",51.9627
"55133203105","tract",2023,"food_state_rnk",21.8896
"55133203106","tract",2023,"food_state_rnk",42.7146
"55133203107","tract",2023,"food_state_rnk",61.9428
"55133203200","tract",2023,"food_state_rnk",95.5422
"55133203303","tract",2023,"food_state_rnk",90.8184
"55133203304","tract",2023,"food_state_rnk",99.0685
"55133203305","tract",2023,"food_state_rnk",75.3826
"55133203307","tract",2023,"food_state_rnk",92.2156
"55133203308","tract",2023,"food_state_rnk",69.4611
"55133203402","tract",2023,"food_state_rnk",94.8769
"55133203403","tract",2023,"food_state_rnk",94.7438
"55133203404","tract",2023,"food_state_rnk",34.5642
"55133203405","tract",2023,"food_state_rnk",91.2508
"55133203406","tract",2023,"food_state_rnk",98.0705
"55133203501","tract",2023,"food_state_rnk",94.0785
"55133203502","tract",2023,"food_state_rnk",96.8729
"55133203601","tract",2023,"food_state_rnk",61.477
"55133203602","tract",2023,"food_state_rnk",76.2475
"55133203702","tract",2023,"food_state_rnk",97.2721
"55133203703","tract",2023,"food_state_rnk",98.4032
"55133203704","tract",2023,"food_state_rnk",71.5569
"55133203802","tract",2023,"food_state_rnk",94.2781
"55133203803","tract",2023,"food_state_rnk",91.7498
"55133203805","tract",2023,"food_state_rnk",86.6267
"55133203806","tract",2023,"food_state_rnk",96.5403
"55133203901","tract",2023,"food_state_rnk",85.7951
"55133203902","tract",2023,"food_state_rnk",93.5462
"55133204002","tract",2023,"food_state_rnk",86.0612
"55133204003","tract",2023,"food_state_rnk",84.165
"55133204004","tract",2023,"food_state_rnk",95.6088
"55133204100","tract",2023,"food_state_rnk",99.6008
"55133204201","tract",2023,"food_state_rnk",21.5569
"55133204202","tract",2023,"food_state_rnk",97.1391
"55133204301","tract",2023,"food_state_rnk",69.7937
"55133204302","tract",2023,"food_state_rnk",52.2621
"55133204400","tract",2023,"food_state_rnk",99.3347
"55133204501","tract",2023,"food_state_rnk",96.3407
"55133204503","tract",2023,"food_state_rnk",98.6028
"55133204504","tract",2023,"food_state_rnk",78.5762
"55135100100","tract",2023,"food_state_rnk",44.2781
"55135100200","tract",2023,"food_state_rnk",69.9933
"55135100300","tract",2023,"food_state_rnk",52.0293
"55135100400","tract",2023,"food_state_rnk",51.2309
"55135100500","tract",2023,"food_state_rnk",60.5456
"55135100600","tract",2023,"food_state_rnk",76.0479
"55135100700","tract",2023,"food_state_rnk",20.0266
"55135100800","tract",2023,"food_state_rnk",79.0752
"55135100900","tract",2023,"food_state_rnk",52.7279
"55135101000","tract",2023,"food_state_rnk",46.6401
"55135101100","tract",2023,"food_state_rnk",22.1557
"55135101200","tract",2023,"food_state_rnk",57.3852
"55137960100","tract",2023,"food_state_rnk",58.2502
"55137960201","tract",2023,"food_state_rnk",39.9867
"55137960202","tract",2023,"food_state_rnk",44.4777
"55137960300","tract",2023,"food_state_rnk",21.4238
"55137960400","tract",2023,"food_state_rnk",32.2023
"55137960600","tract",2023,"food_state_rnk",72.7878
"55137960700","tract",2023,"food_state_rnk",36.3273
"55137960800","tract",2023,"food_state_rnk",20.825
"55139000100","tract",2023,"food_state_rnk",20.1929
"55139000200","tract",2023,"food_state_rnk",11.7764
"55139000300","tract",2023,"food_state_rnk",23.0206
"55139000400","tract",2023,"food_state_rnk",27.811
"55139000501","tract",2023,"food_state_rnk",9.6474
"55139000502","tract",2023,"food_state_rnk",44.0785
"55139000700","tract",2023,"food_state_rnk",NA
"55139000800","tract",2023,"food_state_rnk",48.2701
"55139000900","tract",2023,"food_state_rnk",36.9594
"55139001000","tract",2023,"food_state_rnk",24.0186
"55139001100","tract",2023,"food_state_rnk",29.4411
"55139001200","tract",2023,"food_state_rnk",28.809
"55139001300","tract",2023,"food_state_rnk",31.67
"55139001400","tract",2023,"food_state_rnk",33.0672
"55139001500","tract",2023,"food_state_rnk",37.5582
"55139001600","tract",2023,"food_state_rnk",NA
"55139001700","tract",2023,"food_state_rnk",NA
"55139001801","tract",2023,"food_state_rnk",84.0319
"55139001803","tract",2023,"food_state_rnk",94.5775
"55139001804","tract",2023,"food_state_rnk",97.6713
"55139001900","tract",2023,"food_state_rnk",86.8596
"55139002001","tract",2023,"food_state_rnk",77.2788
"55139002002","tract",2023,"food_state_rnk",59.348
"55139002100","tract",2023,"food_state_rnk",76.8463
"55139002201","tract",2023,"food_state_rnk",66.9993
"55139002202","tract",2023,"food_state_rnk",80.4391
"55139002300","tract",2023,"food_state_rnk",97.505
"55139002401","tract",2023,"food_state_rnk",91.0845
"55139002402","tract",2023,"food_state_rnk",81.8696
"55139002500","tract",2023,"food_state_rnk",27.4451
"55139002601","tract",2023,"food_state_rnk",23.9188
"55139002602","tract",2023,"food_state_rnk",13.5729
"55139002700","tract",2023,"food_state_rnk",13.1404
"55139002800","tract",2023,"food_state_rnk",16.833
"55139002900","tract",2023,"food_state_rnk",13.4398
"55139003000","tract",2023,"food_state_rnk",52.3619
"55139003100","tract",2023,"food_state_rnk",46.9395
"55139003200","tract",2023,"food_state_rnk",30.9381
"55139003300","tract",2023,"food_state_rnk",14.7039
"55139003400","tract",2023,"food_state_rnk",23.2535
"55139003500","tract",2023,"food_state_rnk",33.666
"55139003600","tract",2023,"food_state_rnk",79.5742
"55139003701","tract",2023,"food_state_rnk",7.5848
"55139003703","tract",2023,"food_state_rnk",91.6168
"55139003704","tract",2023,"food_state_rnk",92.9474
"55141010100","tract",2023,"food_state_rnk",60.8117
"55141010200","tract",2023,"food_state_rnk",36.1943
"55141010300","tract",2023,"food_state_rnk",26.2808
"55141010400","tract",2023,"food_state_rnk",85.163
"55141010500","tract",2023,"food_state_rnk",41.8496
"55141010600","tract",2023,"food_state_rnk",61.8762
"55141010700","tract",2023,"food_state_rnk",84.0985
"55141010800","tract",2023,"food_state_rnk",42.9142
"55141010900","tract",2023,"food_state_rnk",50.0333
"55141011000","tract",2023,"food_state_rnk",10.845
"55141011100","tract",2023,"food_state_rnk",14.4378
"55141011200","tract",2023,"food_state_rnk",9.3147
"55141011300","tract",2023,"food_state_rnk",29.4411
"55141011400","tract",2023,"food_state_rnk",35.163
"55141011500","tract",2023,"food_state_rnk",98.5363
"55141011600","tract",2023,"food_state_rnk",54.0253
"55141011700","tract",2023,"food_state_rnk",10.1796
