"geoid","geolevel","year","level","value"
"01001020100","tract",2023,"food_score",80.42
"01001020200","tract",2023,"food_score",87.46
"01001020300","tract",2023,"food_score",92.3
"01001020400","tract",2023,"food_score",114
"01001020501","tract",2023,"food_score",121.13
"01001020502","tract",2023,"food_score",123.6
"01001020503","tract",2023,"food_score",103.57
"01001020600","tract",2023,"food_score",92.96
"01001020700","tract",2023,"food_score",95.06
"01001020801","tract",2023,"food_score",89.73
"01001020803","tract",2023,"food_score",97.97
"01001020804","tract",2023,"food_score",126.88
"01001020805","tract",2023,"food_score",118.9
"01001020901","tract",2023,"food_score",107.87
"01001020902","tract",2023,"food_score",104.12
"01001021000","tract",2023,"food_score",112.56
"01001021100","tract",2023,"food_score",68.95
"01003010100","tract",2023,"food_score",93.2
"01003010200","tract",2023,"food_score",109
"01003010300","tract",2023,"food_score",119.38
"01003010400","tract",2023,"food_score",105.22
"01003010500","tract",2023,"food_score",109.01
"01003010600","tract",2023,"food_score",56.65
"01003010704","tract",2023,"food_score",117.58
"01003010706","tract",2023,"food_score",121.75
"01003010707","tract",2023,"food_score",124.07
"01003010708","tract",2023,"food_score",123.07
"01003010709","tract",2023,"food_score",131.16
"01003010710","tract",2023,"food_score",117.4
"01003010711","tract",2023,"food_score",109.39
"01003010800","tract",2023,"food_score",121.82
"01003010903","tract",2023,"food_score",88.68
"01003010904","tract",2023,"food_score",109.68
"01003010906","tract",2023,"food_score",78.77
"01003010907","tract",2023,"food_score",110.86
"01003010908","tract",2023,"food_score",111.15
"01003011000","tract",2023,"food_score",90.89
"01003011102","tract",2023,"food_score",110.84
"01003011103","tract",2023,"food_score",114.68
"01003011104","tract",2023,"food_score",115.79
"01003011201","tract",2023,"food_score",112.34
"01003011202","tract",2023,"food_score",118.51
"01003011300","tract",2023,"food_score",123.21
"01003011409","tract",2023,"food_score",117.01
"01003011410","tract",2023,"food_score",125.8
"01003011411","tract",2023,"food_score",107.96
"01003011412","tract",2023,"food_score",113.09
"01003011413","tract",2023,"food_score",121.98
"01003011414","tract",2023,"food_score",111.71
"01003011415","tract",2023,"food_score",120.63
"01003011416","tract",2023,"food_score",117.95
"01003011417","tract",2023,"food_score",123.41
"01003011418","tract",2023,"food_score",108.49
"01003011419","tract",2023,"food_score",109.46
"01003011501","tract",2023,"food_score",122.65
"01003011503","tract",2023,"food_score",122.4
"01003011504","tract",2023,"food_score",122.06
"01003011601","tract",2023,"food_score",98.43
"01003011603","tract",2023,"food_score",101.69
"01003011604","tract",2023,"food_score",108.54
"01003990000","tract",2023,"food_score",NA
"01005950100","tract",2023,"food_score",84.32
"01005950200","tract",2023,"food_score",NA
"01005950300","tract",2023,"food_score",87.39
"01005950400","tract",2023,"food_score",NA
"01005950500","tract",2023,"food_score",100.19
"01005950600","tract",2023,"food_score",66.23
"01005950700","tract",2023,"food_score",93.41
"01005950800","tract",2023,"food_score",86.05
"01005950900","tract",2023,"food_score",60.2
"01007010001","tract",2023,"food_score",105.96
"01007010005","tract",2023,"food_score",96.3
"01007010006","tract",2023,"food_score",82.37
"01007010007","tract",2023,"food_score",109.78
"01007010008","tract",2023,"food_score",92.37
"01007010009","tract",2023,"food_score",45.66
"01007010010","tract",2023,"food_score",81.46
"01007010011","tract",2023,"food_score",106.22
"01009050103","tract",2023,"food_score",109.91
"01009050104","tract",2023,"food_score",106.04
"01009050105","tract",2023,"food_score",101.86
"01009050106","tract",2023,"food_score",82.57
"01009050107","tract",2023,"food_score",91.37
"01009050200","tract",2023,"food_score",91.01
"01009050301","tract",2023,"food_score",89.05
"01009050302","tract",2023,"food_score",94.45
"01009050400","tract",2023,"food_score",111.2
"01009050501","tract",2023,"food_score",105.86
"01009050502","tract",2023,"food_score",95.12
"01009050601","tract",2023,"food_score",104.18
"01009050603","tract",2023,"food_score",112.42
"01009050604","tract",2023,"food_score",109.44
"01009050701","tract",2023,"food_score",107.69
"01009050702","tract",2023,"food_score",93.55
"01011952100","tract",2023,"food_score",65.5
"01011952201","tract",2023,"food_score",56.67
"01011952202","tract",2023,"food_score",53.97
"01011952500","tract",2023,"food_score",81.78
"01013952700","tract",2023,"food_score",88.46
"01013952800","tract",2023,"food_score",98.77
"01013952900","tract",2023,"food_score",83.31
"01013953000","tract",2023,"food_score",102.74
"01013953100","tract",2023,"food_score",79.89
"01013953200","tract",2023,"food_score",96.9
"01013953300","tract",2023,"food_score",86.65
"01013953400","tract",2023,"food_score",70.43
"01013953500","tract",2023,"food_score",103.48
"01015000200","tract",2023,"food_score",79.96
"01015000300","tract",2023,"food_score",48.53
"01015000400","tract",2023,"food_score",59.1
"01015000500","tract",2023,"food_score",61.95
"01015000600","tract",2023,"food_score",52.11
"01015000700","tract",2023,"food_score",73.51
"01015000800","tract",2023,"food_score",76.63
"01015000900","tract",2023,"food_score",99.32
"01015001000","tract",2023,"food_score",112.57
"01015001101","tract",2023,"food_score",119.08
"01015001102","tract",2023,"food_score",61.6
"01015001103","tract",2023,"food_score",91.08
"01015001201","tract",2023,"food_score",83.51
"01015001202","tract",2023,"food_score",96.68
"01015001300","tract",2023,"food_score",73.53
"01015001400","tract",2023,"food_score",85.29
"01015001501","tract",2023,"food_score",92.2
"01015001502","tract",2023,"food_score",101.97
"01015001600","tract",2023,"food_score",103.85
"01015001700","tract",2023,"food_score",81.84
"01015001801","tract",2023,"food_score",85.91
"01015001802","tract",2023,"food_score",107.46
"01015002001","tract",2023,"food_score",104.36
"01015002002","tract",2023,"food_score",108.71
"01015002101","tract",2023,"food_score",NA
"01015002102","tract",2023,"food_score",118.43
"01015002104","tract",2023,"food_score",95.11
"01015002105","tract",2023,"food_score",58.86
"01015002200","tract",2023,"food_score",98.92
"01015002300","tract",2023,"food_score",96.9
"01015002400","tract",2023,"food_score",93.01
"01015002502","tract",2023,"food_score",94.47
"01015002503","tract",2023,"food_score",117.11
"01015002504","tract",2023,"food_score",78.31
"01015002600","tract",2023,"food_score",96.16
"01015981901","tract",2023,"food_score",NA
"01015981902","tract",2023,"food_score",NA
"01015981903","tract",2023,"food_score",NA
"01017953800","tract",2023,"food_score",87.37
"01017953900","tract",2023,"food_score",71.44
"01017954001","tract",2023,"food_score",113.63
"01017954002","tract",2023,"food_score",81.54
"01017954200","tract",2023,"food_score",115.17
"01017954300","tract",2023,"food_score",92.87
"01017954600","tract",2023,"food_score",105.07
"01017954700","tract",2023,"food_score",89.66
"01017954800","tract",2023,"food_score",90.74
"01019955701","tract",2023,"food_score",76.47
"01019955702","tract",2023,"food_score",112.52
"01019955801","tract",2023,"food_score",103.55
"01019955802","tract",2023,"food_score",104.42
"01019955900","tract",2023,"food_score",105.17
"01019956000","tract",2023,"food_score",114.9
"01019956101","tract",2023,"food_score",96.13
"01019956102","tract",2023,"food_score",97.74
"01021060101","tract",2023,"food_score",86
"01021060103","tract",2023,"food_score",107.81
"01021060104","tract",2023,"food_score",106.59
"01021060200","tract",2023,"food_score",111.83
"01021060300","tract",2023,"food_score",91.58
"01021060401","tract",2023,"food_score",112.52
"01021060403","tract",2023,"food_score",104.69
"01021060404","tract",2023,"food_score",102.1
"01021060500","tract",2023,"food_score",89.04
"01021060600","tract",2023,"food_score",102.25
"01021060701","tract",2023,"food_score",78.09
"01021060702","tract",2023,"food_score",83.45
"01023956700","tract",2023,"food_score",95.66
"01023956800","tract",2023,"food_score",88.24
"01023956900","tract",2023,"food_score",85.32
"01023957000","tract",2023,"food_score",97.53
"01025957500","tract",2023,"food_score",85.51
"01025957601","tract",2023,"food_score",72.66
"01025957603","tract",2023,"food_score",66.79
"01025957604","tract",2023,"food_score",85.57
"01025957700","tract",2023,"food_score",69.79
"01025957800","tract",2023,"food_score",100.65
"01025957901","tract",2023,"food_score",84.51
"01025957902","tract",2023,"food_score",90.96
"01025958003","tract",2023,"food_score",62.94
"01027958900","tract",2023,"food_score",98.8
"01027959000","tract",2023,"food_score",91.86
"01027959100","tract",2023,"food_score",91.11
"01027959200","tract",2023,"food_score",98.48
"01029959500","tract",2023,"food_score",87.66
"01029959600","tract",2023,"food_score",94.84
"01029959700","tract",2023,"food_score",84.33
"01029959800","tract",2023,"food_score",97.61
"01031010100","tract",2023,"food_score",89.89
"01031010200","tract",2023,"food_score",97.07
"01031010300","tract",2023,"food_score",110.53
"01031010400","tract",2023,"food_score",87.92
"01031010500","tract",2023,"food_score",81.49
"01031010600","tract",2023,"food_score",101.96
"01031010700","tract",2023,"food_score",97.06
"01031010800","tract",2023,"food_score",107.68
"01031010900","tract",2023,"food_score",73.37
"01031011000","tract",2023,"food_score",91.72
"01031011100","tract",2023,"food_score",94.65
"01031011203","tract",2023,"food_score",110.88
"01031011204","tract",2023,"food_score",123.23
"01031011205","tract",2023,"food_score",107.67
"01031011206","tract",2023,"food_score",100.62
"01031011300","tract",2023,"food_score",62.85
"01033020100","tract",2023,"food_score",75.74
"01033020200","tract",2023,"food_score",87.14
"01033020300","tract",2023,"food_score",71.65
"01033020400","tract",2023,"food_score",115.03
"01033020500","tract",2023,"food_score",89.49
"01033020600","tract",2023,"food_score",100.18
"01033020703","tract",2023,"food_score",104.11
"01033020704","tract",2023,"food_score",98.67
"01033020705","tract",2023,"food_score",103.28
"01033020706","tract",2023,"food_score",98.13
"01033020801","tract",2023,"food_score",113.9
"01033020802","tract",2023,"food_score",101.82
"01033020901","tract",2023,"food_score",89.92
"01033020902","tract",2023,"food_score",111.08
"01033021000","tract",2023,"food_score",75.78
"01035960200","tract",2023,"food_score",107.19
"01035960300","tract",2023,"food_score",90.46
"01035960400","tract",2023,"food_score",83.55
"01035960500","tract",2023,"food_score",78.88
"01035960600","tract",2023,"food_score",71.57
"01037961000","tract",2023,"food_score",90.25
"01037961100","tract",2023,"food_score",90.87
"01037961200","tract",2023,"food_score",104.41
"01039961600","tract",2023,"food_score",112.11
"01039961700","tract",2023,"food_score",98.84
"01039961800","tract",2023,"food_score",91.36
"01039961900","tract",2023,"food_score",84.54
"01039962000","tract",2023,"food_score",89.85
"01039962100","tract",2023,"food_score",87.55
"01039962300","tract",2023,"food_score",108
"01039962400","tract",2023,"food_score",113.17
"01039962500","tract",2023,"food_score",99.31
"01039962600","tract",2023,"food_score",59.37
"01039962700","tract",2023,"food_score",76.6
"01039962800","tract",2023,"food_score",104.51
"01039962900","tract",2023,"food_score",88.57
"01039963000","tract",2023,"food_score",86.87
"01041963400","tract",2023,"food_score",97.98
"01041963500","tract",2023,"food_score",95.47
"01041963600","tract",2023,"food_score",105.57
"01041963700","tract",2023,"food_score",83.57
"01041963800","tract",2023,"food_score",68.03
"01041963900","tract",2023,"food_score",86.32
"01043964100","tract",2023,"food_score",101.46
"01043964201","tract",2023,"food_score",108.55
"01043964202","tract",2023,"food_score",94.7
"01043964300","tract",2023,"food_score",105.21
"01043964400","tract",2023,"food_score",104.42
"01043964500","tract",2023,"food_score",107.48
"01043964600","tract",2023,"food_score",104.86
"01043964700","tract",2023,"food_score",108.39
"01043964800","tract",2023,"food_score",112.25
"01043964901","tract",2023,"food_score",121.06
"01043964902","tract",2023,"food_score",111.25
"01043965001","tract",2023,"food_score",114.73
"01043965002","tract",2023,"food_score",81.37
"01043965100","tract",2023,"food_score",109.38
"01043965200","tract",2023,"food_score",103.69
"01043965300","tract",2023,"food_score",107.91
"01043965401","tract",2023,"food_score",83.22
"01043965402","tract",2023,"food_score",100.11
"01043965501","tract",2023,"food_score",111.46
"01043965502","tract",2023,"food_score",90.66
"01043965600","tract",2023,"food_score",112.81
"01043965700","tract",2023,"food_score",110.02
"01045020000","tract",2023,"food_score",120.3
"01045020100","tract",2023,"food_score",99.81
"01045020200","tract",2023,"food_score",89.79
"01045020300","tract",2023,"food_score",94.61
"01045020400","tract",2023,"food_score",91.71
"01045020500","tract",2023,"food_score",79.89
"01045020700","tract",2023,"food_score",39.49
"01045020801","tract",2023,"food_score",81.04
"01045020802","tract",2023,"food_score",85.09
"01045021101","tract",2023,"food_score",113.35
"01045021102","tract",2023,"food_score",84.72
"01045021200","tract",2023,"food_score",76.31
"01045021300","tract",2023,"food_score",97.95
"01045021400","tract",2023,"food_score",69.7
"01047956101","tract",2023,"food_score",92.21
"01047956102","tract",2023,"food_score",77.53
"01047956201","tract",2023,"food_score",58.59
"01047956202","tract",2023,"food_score",101.67
"01047956300","tract",2023,"food_score",60.18
"01047956400","tract",2023,"food_score",48.78
"01047956500","tract",2023,"food_score",45.08
"01047956600","tract",2023,"food_score",64.91
"01047956701","tract",2023,"food_score",86.79
"01047956702","tract",2023,"food_score",90.14
"01047956800","tract",2023,"food_score",62.89
"01047956900","tract",2023,"food_score",51.51
"01047957000","tract",2023,"food_score",52.96
"01047957100","tract",2023,"food_score",54.04
"01047957200","tract",2023,"food_score",59.27
"01047957301","tract",2023,"food_score",40.06
"01047957302","tract",2023,"food_score",67.6
"01049960101","tract",2023,"food_score",84.45
"01049960102","tract",2023,"food_score",93.32
"01049960200","tract",2023,"food_score",75.54
"01049960301","tract",2023,"food_score",91.16
"01049960302","tract",2023,"food_score",107.64
"01049960303","tract",2023,"food_score",79.82
"01049960401","tract",2023,"food_score",95.79
"01049960402","tract",2023,"food_score",103.86
"01049960500","tract",2023,"food_score",98.85
"01049960601","tract",2023,"food_score",78.1
"01049960602","tract",2023,"food_score",104.25
"01049960701","tract",2023,"food_score",89.53
"01049960702","tract",2023,"food_score",85.88
"01049960703","tract",2023,"food_score",86.56
"01049960800","tract",2023,"food_score",79.29
"01049960900","tract",2023,"food_score",97.88
"01049961000","tract",2023,"food_score",95.99
"01049961100","tract",2023,"food_score",96.9
"01049961200","tract",2023,"food_score",108.06
"01049961300","tract",2023,"food_score",97.76
"01049961400","tract",2023,"food_score",95.14
"01051030101","tract",2023,"food_score",96.31
"01051030102","tract",2023,"food_score",102.62
"01051030103","tract",2023,"food_score",NA
"01051030200","tract",2023,"food_score",95.2
"01051030300","tract",2023,"food_score",111.02
"01051030401","tract",2023,"food_score",75.03
"01051030402","tract",2023,"food_score",112.44
"01051030500","tract",2023,"food_score",110.1
"01051030600","tract",2023,"food_score",85.36
"01051030701","tract",2023,"food_score",122.78
"01051030702","tract",2023,"food_score",112.78
"01051030801","tract",2023,"food_score",89.73
"01051030802","tract",2023,"food_score",113.16
"01051030901","tract",2023,"food_score",111.27
"01051030902","tract",2023,"food_score",89.48
"01051031001","tract",2023,"food_score",95.06
"01051031002","tract",2023,"food_score",99.02
"01051031100","tract",2023,"food_score",109.73
"01051031200","tract",2023,"food_score",88.36
"01051031300","tract",2023,"food_score",97.24
"01053969801","tract",2023,"food_score",95.38
"01053969802","tract",2023,"food_score",85.95
"01053969900","tract",2023,"food_score",103.07
"01053970100","tract",2023,"food_score",115.26
"01053970200","tract",2023,"food_score",82.66
"01053970300","tract",2023,"food_score",82.05
"01053970400","tract",2023,"food_score",NA
"01053970500","tract",2023,"food_score",85.79
"01053970600","tract",2023,"food_score",73.52
"01053970700","tract",2023,"food_score",92.86
"01055000200","tract",2023,"food_score",68.01
"01055000300","tract",2023,"food_score",32.48
"01055000400","tract",2023,"food_score",88.48
"01055000500","tract",2023,"food_score",74.28
"01055000600","tract",2023,"food_score",78.13
"01055000700","tract",2023,"food_score",31.61
"01055000800","tract",2023,"food_score",99.55
"01055000900","tract",2023,"food_score",62.86
"01055001000","tract",2023,"food_score",54.17
"01055001100","tract",2023,"food_score",106.11
"01055001200","tract",2023,"food_score",102.02
"01055001300","tract",2023,"food_score",101.31
"01055001600","tract",2023,"food_score",76.06
"01055001700","tract",2023,"food_score",75.17
"01055010100","tract",2023,"food_score",112.33
"01055010201","tract",2023,"food_score",75.66
"01055010202","tract",2023,"food_score",108.24
"01055010300","tract",2023,"food_score",78.32
"01055010401","tract",2023,"food_score",55.2
"01055010402","tract",2023,"food_score",108.93
"01055010503","tract",2023,"food_score",116.68
"01055010504","tract",2023,"food_score",111.61
"01055010505","tract",2023,"food_score",112.89
"01055010506","tract",2023,"food_score",114.99
"01055010601","tract",2023,"food_score",113.67
"01055010602","tract",2023,"food_score",92.92
"01055010700","tract",2023,"food_score",115.52
"01055010800","tract",2023,"food_score",96.36
"01055010900","tract",2023,"food_score",113.78
"01055011001","tract",2023,"food_score",111.73
"01055011002","tract",2023,"food_score",92.97
"01055011100","tract",2023,"food_score",92.75
"01055011200","tract",2023,"food_score",53.74
"01057020000","tract",2023,"food_score",112.2
"01057020100","tract",2023,"food_score",92.74
"01057020200","tract",2023,"food_score",94.64
"01057020300","tract",2023,"food_score",71.93
"01057020400","tract",2023,"food_score",102.73
"01059972900","tract",2023,"food_score",87.51
"01059973000","tract",2023,"food_score",76.58
"01059973100","tract",2023,"food_score",103.46
"01059973200","tract",2023,"food_score",70.85
"01059973300","tract",2023,"food_score",82.96
"01059973400","tract",2023,"food_score",92.42
"01059973500","tract",2023,"food_score",95.17
"01059973600","tract",2023,"food_score",77.91
"01059973701","tract",2023,"food_score",84.28
"01059973702","tract",2023,"food_score",74.76
"01059973703","tract",2023,"food_score",107.8
"01061050100","tract",2023,"food_score",84.26
"01061050200","tract",2023,"food_score",91.92
"01061050300","tract",2023,"food_score",82.87
"01061050400","tract",2023,"food_score",88.98
"01061050500","tract",2023,"food_score",95.52
"01061050600","tract",2023,"food_score",108.22
"01063060000","tract",2023,"food_score",44.59
"01063060101","tract",2023,"food_score",49.24
"01063060102","tract",2023,"food_score",82.9
"01063060200","tract",2023,"food_score",69.08
"01065040000","tract",2023,"food_score",106.83
"01065040100","tract",2023,"food_score",113.63
"01065040200","tract",2023,"food_score",116.72
"01065040300","tract",2023,"food_score",40.76
"01065040401","tract",2023,"food_score",56.21
"01065040402","tract",2023,"food_score",49.8
"01065040500","tract",2023,"food_score",78.68
"01067030100","tract",2023,"food_score",83.55
"01067030200","tract",2023,"food_score",82.23
"01067030300","tract",2023,"food_score",78.92
"01067030400","tract",2023,"food_score",94.46
"01067030500","tract",2023,"food_score",110.69
"01067030600","tract",2023,"food_score",106.03
"01069040100","tract",2023,"food_score",119.58
"01069040203","tract",2023,"food_score",116.59
"01069040204","tract",2023,"food_score",105.14
"01069040205","tract",2023,"food_score",123.75
"01069040206","tract",2023,"food_score",109.93
"01069040301","tract",2023,"food_score",97.04
"01069040302","tract",2023,"food_score",77.7
"01069040400","tract",2023,"food_score",104.48
"01069040500","tract",2023,"food_score",97.25
"01069040600","tract",2023,"food_score",44.2
"01069040700","tract",2023,"food_score",66.77
"01069040801","tract",2023,"food_score",106.97
"01069040802","tract",2023,"food_score",86.7
"01069040900","tract",2023,"food_score",100.16
"01069041000","tract",2023,"food_score",61.49
"01069041100","tract",2023,"food_score",81.43
"01069041200","tract",2023,"food_score",41.08
"01069041400","tract",2023,"food_score",49
"01069041500","tract",2023,"food_score",72.08
"01069041600","tract",2023,"food_score",101.12
"01069041700","tract",2023,"food_score",102.35
"01069041800","tract",2023,"food_score",94.15
"01069041901","tract",2023,"food_score",95.79
"01069041902","tract",2023,"food_score",93.14
"01069042000","tract",2023,"food_score",95.1
"01069042100","tract",2023,"food_score",109.81
"01071950101","tract",2023,"food_score",91.81
"01071950102","tract",2023,"food_score",101.53
"01071950200","tract",2023,"food_score",81.44
"01071950301","tract",2023,"food_score",86.86
"01071950302","tract",2023,"food_score",99.93
"01071950400","tract",2023,"food_score",102.33
"01071950500","tract",2023,"food_score",107.74
"01071950601","tract",2023,"food_score",92.21
"01071950602","tract",2023,"food_score",75.23
"01071950700","tract",2023,"food_score",104.53
"01071950800","tract",2023,"food_score",91.16
"01071950901","tract",2023,"food_score",79.15
"01071950902","tract",2023,"food_score",115.33
"01071951000","tract",2023,"food_score",87.94
"01071951101","tract",2023,"food_score",106.6
"01071951102","tract",2023,"food_score",99.01
"01073000100","tract",2023,"food_score",66.31
"01073000300","tract",2023,"food_score",42.21
"01073000400","tract",2023,"food_score",47.77
"01073000500","tract",2023,"food_score",12.7
"01073000700","tract",2023,"food_score",37.22
"01073000800","tract",2023,"food_score",70.48
"01073001100","tract",2023,"food_score",77.08
"01073001200","tract",2023,"food_score",72.03
"01073001400","tract",2023,"food_score",51.4
"01073001500","tract",2023,"food_score",58.63
"01073001600","tract",2023,"food_score",72.16
"01073001902","tract",2023,"food_score",50.46
"01073002000","tract",2023,"food_score",55.36
"01073002100","tract",2023,"food_score",60.13
"01073002200","tract",2023,"food_score",56.37
"01073002303","tract",2023,"food_score",52.44
"01073002305","tract",2023,"food_score",100.24
"01073002306","tract",2023,"food_score",118.57
"01073002401","tract",2023,"food_score",93.86
"01073002402","tract",2023,"food_score",33.16
"01073002701","tract",2023,"food_score",118.84
"01073002702","tract",2023,"food_score",NA
"01073002900","tract",2023,"food_score",23.03
"01073003001","tract",2023,"food_score",NA
"01073003002","tract",2023,"food_score",70.81
"01073003100","tract",2023,"food_score",78.09
"01073003200","tract",2023,"food_score",47.43
"01073003300","tract",2023,"food_score",75.82
"01073003400","tract",2023,"food_score",54.93
"01073003500","tract",2023,"food_score",51.28
"01073003600","tract",2023,"food_score",76.76
"01073003700","tract",2023,"food_score",41.77
"01073003802","tract",2023,"food_score",81.75
"01073003803","tract",2023,"food_score",71.34
"01073003900","tract",2023,"food_score",88.18
"01073004000","tract",2023,"food_score",58.51
"01073004200","tract",2023,"food_score",58.71
"01073004501","tract",2023,"food_score",NA
"01073004502","tract",2023,"food_score",79.52
"01073004701","tract",2023,"food_score",121.06
"01073004702","tract",2023,"food_score",121.11
"01073004800","tract",2023,"food_score",116.67
"01073004901","tract",2023,"food_score",113.73
"01073004902","tract",2023,"food_score",118.94
"01073005000","tract",2023,"food_score",104.88
"01073005101","tract",2023,"food_score",38.21
"01073005103","tract",2023,"food_score",89.86
"01073005104","tract",2023,"food_score",96.14
"01073005200","tract",2023,"food_score",59.43
"01073005302","tract",2023,"food_score",116.85
"01073005500","tract",2023,"food_score",54.77
"01073005600","tract",2023,"food_score",120.93
"01073005701","tract",2023,"food_score",64.17
"01073005702","tract",2023,"food_score",89.27
"01073005800","tract",2023,"food_score",87.42
"01073005903","tract",2023,"food_score",92.2
"01073005905","tract",2023,"food_score",93.45
"01073005907","tract",2023,"food_score",68.89
"01073005908","tract",2023,"food_score",62.9
"01073005909","tract",2023,"food_score",93.58
"01073005910","tract",2023,"food_score",90.56
"01073010001","tract",2023,"food_score",98.66
"01073010002","tract",2023,"food_score",103.41
"01073010100","tract",2023,"food_score",41.48
"01073010200","tract",2023,"food_score",48.4
"01073010301","tract",2023,"food_score",90.43
"01073010302","tract",2023,"food_score",39.89
"01073010401","tract",2023,"food_score",57.67
"01073010402","tract",2023,"food_score",68.22
"01073010500","tract",2023,"food_score",57.92
"01073010603","tract",2023,"food_score",82.12
"01073010604","tract",2023,"food_score",45.94
"01073010605","tract",2023,"food_score",75.98
"01073010701","tract",2023,"food_score",99.67
"01073010702","tract",2023,"food_score",119.88
"01073010703","tract",2023,"food_score",118.48
"01073010704","tract",2023,"food_score",NA
"01073010705","tract",2023,"food_score",115.21
"01073010706","tract",2023,"food_score",108.05
"01073010801","tract",2023,"food_score",125.69
"01073010802","tract",2023,"food_score",125.18
"01073010803","tract",2023,"food_score",114.61
"01073010804","tract",2023,"food_score",124.11
"01073010806","tract",2023,"food_score",125.97
"01073010807","tract",2023,"food_score",119.13
"01073010900","tract",2023,"food_score",72.11
"01073011002","tract",2023,"food_score",66.74
"01073011003","tract",2023,"food_score",96.51
"01073011004","tract",2023,"food_score",113.45
"01073011108","tract",2023,"food_score",118.48
"01073011109","tract",2023,"food_score",113.67
"01073011110","tract",2023,"food_score",101.27
"01073011112","tract",2023,"food_score",69.25
"01073011113","tract",2023,"food_score",96.9
"01073011114","tract",2023,"food_score",126.24
"01073011115","tract",2023,"food_score",121.68
"01073011116","tract",2023,"food_score",120.98
"01073011117","tract",2023,"food_score",110.42
"01073011205","tract",2023,"food_score",98.1
"01073011206","tract",2023,"food_score",100.09
"01073011207","tract",2023,"food_score",93.51
"01073011208","tract",2023,"food_score",87.3
"01073011209","tract",2023,"food_score",82.75
"01073011210","tract",2023,"food_score",90.88
"01073011301","tract",2023,"food_score",102.26
"01073011303","tract",2023,"food_score",116.13
"01073011304","tract",2023,"food_score",112.34
"01073011401","tract",2023,"food_score",92.65
"01073011402","tract",2023,"food_score",109.35
"01073011500","tract",2023,"food_score",107.07
"01073011600","tract",2023,"food_score",89.58
"01073011704","tract",2023,"food_score",100.86
"01073011706","tract",2023,"food_score",98.85
"01073011707","tract",2023,"food_score",121.36
"01073011708","tract",2023,"food_score",118.96
"01073011709","tract",2023,"food_score",98.02
"01073011710","tract",2023,"food_score",108.42
"01073011803","tract",2023,"food_score",81.08
"01073011804","tract",2023,"food_score",75.5
"01073011805","tract",2023,"food_score",82.07
"01073011806","tract",2023,"food_score",101.58
"01073011901","tract",2023,"food_score",103.02
"01073011904","tract",2023,"food_score",64.76
"01073012001","tract",2023,"food_score",100.27
"01073012003","tract",2023,"food_score",84.61
"01073012004","tract",2023,"food_score",98.7
"01073012103","tract",2023,"food_score",97.18
"01073012104","tract",2023,"food_score",104.28
"01073012200","tract",2023,"food_score",95.59
"01073012302","tract",2023,"food_score",113.39
"01073012304","tract",2023,"food_score",88.76
"01073012306","tract",2023,"food_score",113.85
"01073012307","tract",2023,"food_score",98.96
"01073012401","tract",2023,"food_score",94.6
"01073012402","tract",2023,"food_score",70.35
"01073012403","tract",2023,"food_score",103.2
"01073012500","tract",2023,"food_score",87.31
"01073012602","tract",2023,"food_score",69.87
"01073012701","tract",2023,"food_score",109.8
"01073012703","tract",2023,"food_score",128.38
"01073012704","tract",2023,"food_score",120.1
"01073012802","tract",2023,"food_score",111.81
"01073012804","tract",2023,"food_score",119.83
"01073012805","tract",2023,"food_score",73.84
"01073012905","tract",2023,"food_score",NA
"01073012907","tract",2023,"food_score",119.11
"01073012908","tract",2023,"food_score",86.87
"01073012910","tract",2023,"food_score",105.41
"01073012911","tract",2023,"food_score",119.58
"01073012913","tract",2023,"food_score",90.4
"01073012914","tract",2023,"food_score",120.82
"01073012916","tract",2023,"food_score",114.26
"01073012917","tract",2023,"food_score",98.27
"01073012918","tract",2023,"food_score",78.63
"01073012919","tract",2023,"food_score",83.36
"01073012920","tract",2023,"food_score",121.88
"01073012921","tract",2023,"food_score",120.11
"01073013002","tract",2023,"food_score",60.17
"01073013100","tract",2023,"food_score",39.98
"01073013200","tract",2023,"food_score",73.26
"01073013300","tract",2023,"food_score",67.39
"01073013400","tract",2023,"food_score",84.06
"01073013601","tract",2023,"food_score",81.53
"01073013801","tract",2023,"food_score",93.63
"01073013901","tract",2023,"food_score",60.4
"01073013902","tract",2023,"food_score",86.94
"01073014001","tract",2023,"food_score",108.99
"01073014002","tract",2023,"food_score",96.5
"01073014104","tract",2023,"food_score",93.98
"01073014105","tract",2023,"food_score",100.29
"01073014106","tract",2023,"food_score",120.37
"01073014107","tract",2023,"food_score",105.11
"01073014205","tract",2023,"food_score",124.32
"01073014206","tract",2023,"food_score",99.3
"01073014207","tract",2023,"food_score",101.8
"01073014208","tract",2023,"food_score",121.29
"01073014209","tract",2023,"food_score",119.76
"01073014301","tract",2023,"food_score",105.5
"01073014303","tract",2023,"food_score",119.77
"01073014304","tract",2023,"food_score",99.02
"01073014404","tract",2023,"food_score",108.26
"01073014405","tract",2023,"food_score",107.15
"01073014406","tract",2023,"food_score",126.73
"01073014408","tract",2023,"food_score",111.9
"01073014409","tract",2023,"food_score",120.74
"01073014410","tract",2023,"food_score",115.83
"01073014412","tract",2023,"food_score",122.39
"01073014414","tract",2023,"food_score",128.04
"01073014415","tract",2023,"food_score",124.88
"01075030000","tract",2023,"food_score",79.66
"01075030101","tract",2023,"food_score",75.3
"01075030102","tract",2023,"food_score",93.19
"01075030200","tract",2023,"food_score",109.18
"01077010100","tract",2023,"food_score",NA
"01077010200","tract",2023,"food_score",55.22
"01077010300","tract",2023,"food_score",33.55
"01077010400","tract",2023,"food_score",105.17
"01077010600","tract",2023,"food_score",85.85
"01077010700","tract",2023,"food_score",77.4
"01077010800","tract",2023,"food_score",77.58
"01077010901","tract",2023,"food_score",115.49
"01077010902","tract",2023,"food_score",81.84
"01077011000","tract",2023,"food_score",88.35
"01077011101","tract",2023,"food_score",113.35
"01077011102","tract",2023,"food_score",111.83
"01077011200","tract",2023,"food_score",108.74
"01077011300","tract",2023,"food_score",103.86
"01077011401","tract",2023,"food_score",102.12
"01077011402","tract",2023,"food_score",116.04
"01077011502","tract",2023,"food_score",109.24
"01077011503","tract",2023,"food_score",114.73
"01077011504","tract",2023,"food_score",120.18
"01077011602","tract",2023,"food_score",100.25
"01077011603","tract",2023,"food_score",120.29
"01077011605","tract",2023,"food_score",108.03
"01077011606","tract",2023,"food_score",115.7
"01077011700","tract",2023,"food_score",103.96
"01077011801","tract",2023,"food_score",107.45
"01077011802","tract",2023,"food_score",112.51
"01079979100","tract",2023,"food_score",86.89
"01079979201","tract",2023,"food_score",91.2
"01079979202","tract",2023,"food_score",82.07
"01079979300","tract",2023,"food_score",96.69
"01079979400","tract",2023,"food_score",77.44
"01079979501","tract",2023,"food_score",104.98
"01079979502","tract",2023,"food_score",89.15
"01079979600","tract",2023,"food_score",98.12
"01079979700","tract",2023,"food_score",106.29
"01079979800","tract",2023,"food_score",110.83
"01079979900","tract",2023,"food_score",100.03
"01081040201","tract",2023,"food_score",107.65
"01081040202","tract",2023,"food_score",106.41
"01081040300","tract",2023,"food_score",101.42
"01081040401","tract",2023,"food_score",114.23
"01081040402","tract",2023,"food_score",119.49
"01081040403","tract",2023,"food_score",119.95
"01081040501","tract",2023,"food_score",112.36
"01081040502","tract",2023,"food_score",118.66
"01081040602","tract",2023,"food_score",103.71
"01081040603","tract",2023,"food_score",62.38
"01081040605","tract",2023,"food_score",112.43
"01081040606","tract",2023,"food_score",89.06
"01081040607","tract",2023,"food_score",93.07
"01081040700","tract",2023,"food_score",NA
"01081040801","tract",2023,"food_score",106.94
"01081040802","tract",2023,"food_score",57.87
"01081040901","tract",2023,"food_score",121.44
"01081040903","tract",2023,"food_score",91.98
"01081040904","tract",2023,"food_score",104.79
"01081041001","tract",2023,"food_score",125.1
"01081041002","tract",2023,"food_score",88.13
"01081041101","tract",2023,"food_score",63.84
"01081041102","tract",2023,"food_score",104.38
"01081041103","tract",2023,"food_score",80.81
"01081041104","tract",2023,"food_score",111.17
"01081041200","tract",2023,"food_score",101.87
"01081041300","tract",2023,"food_score",80.52
"01081041400","tract",2023,"food_score",81.6
"01081041600","tract",2023,"food_score",88.94
"01081041701","tract",2023,"food_score",112.4
"01081041702","tract",2023,"food_score",93.04
"01081041703","tract",2023,"food_score",117.69
"01081041801","tract",2023,"food_score",98.84
"01081041802","tract",2023,"food_score",101.4
"01081041803","tract",2023,"food_score",118.38
"01081041901","tract",2023,"food_score",93.99
"01081041902","tract",2023,"food_score",105.19
"01081041903","tract",2023,"food_score",122.11
"01081042002","tract",2023,"food_score",114.09
"01081042003","tract",2023,"food_score",107.35
"01081042005","tract",2023,"food_score",99.79
"01081042006","tract",2023,"food_score",87.39
"01081042007","tract",2023,"food_score",104.61
"01081042008","tract",2023,"food_score",112.93
"01081042009","tract",2023,"food_score",98.08
"01081042101","tract",2023,"food_score",88.62
"01081042103","tract",2023,"food_score",87.57
"01081042104","tract",2023,"food_score",107.9
"01083020101","tract",2023,"food_score",102.78
"01083020103","tract",2023,"food_score",101.99
"01083020104","tract",2023,"food_score",92.53
"01083020201","tract",2023,"food_score",101.78
"01083020202","tract",2023,"food_score",117.44
"01083020300","tract",2023,"food_score",90.24
"01083020402","tract",2023,"food_score",111.35
"01083020403","tract",2023,"food_score",109.35
"01083020404","tract",2023,"food_score",102.57
"01083020500","tract",2023,"food_score",81.1
"01083020600","tract",2023,"food_score",102.33
"01083020700","tract",2023,"food_score",77.49
"01083020803","tract",2023,"food_score",116.41
"01083020804","tract",2023,"food_score",116.21
"01083020805","tract",2023,"food_score",NA
"01083020806","tract",2023,"food_score",122.78
"01083020900","tract",2023,"food_score",118.86
"01083021000","tract",2023,"food_score",103.56
"01083021101","tract",2023,"food_score",99.17
"01083021102","tract",2023,"food_score",104.21
"01083021201","tract",2023,"food_score",127.87
"01083021202","tract",2023,"food_score",118.23
"01083021203","tract",2023,"food_score",124.89
"01085780800","tract",2023,"food_score",81.01
"01085781000","tract",2023,"food_score",67.3
"01085781100","tract",2023,"food_score",35.93
"01085781200","tract",2023,"food_score",74.7
"01087231400","tract",2023,"food_score",99.29
"01087231500","tract",2023,"food_score",80.81
"01087231601","tract",2023,"food_score",93.54
"01087231602","tract",2023,"food_score",44.65
"01087231603","tract",2023,"food_score",91.96
"01087231700","tract",2023,"food_score",NA
"01087231800","tract",2023,"food_score",75.02
"01087231900","tract",2023,"food_score",64.39
"01087232000","tract",2023,"food_score",92.82
"01087232100","tract",2023,"food_score",69.44
"01087232200","tract",2023,"food_score",90.18
"01087232300","tract",2023,"food_score",102.04
"01089000203","tract",2023,"food_score",NA
"01089000301","tract",2023,"food_score",67.95
"01089000302","tract",2023,"food_score",62.25
"01089000403","tract",2023,"food_score",93.51
"01089000501","tract",2023,"food_score",69.32
"01089000502","tract",2023,"food_score",92.93
"01089000503","tract",2023,"food_score",112.35
"01089000601","tract",2023,"food_score",104.54
"01089000602","tract",2023,"food_score",92.47
"01089000701","tract",2023,"food_score",59.02
"01089000702","tract",2023,"food_score",77.03
"01089000901","tract",2023,"food_score",117.52
"01089000902","tract",2023,"food_score",114.15
"01089001000","tract",2023,"food_score",105.79
"01089001200","tract",2023,"food_score",45.07
"01089001301","tract",2023,"food_score",85.51
"01089001302","tract",2023,"food_score",107.98
"01089001401","tract",2023,"food_score",116.08
"01089001403","tract",2023,"food_score",79.34
"01089001404","tract",2023,"food_score",121.58
"01089001500","tract",2023,"food_score",NA
"01089001700","tract",2023,"food_score",122.3
"01089001801","tract",2023,"food_score",120.12
"01089001901","tract",2023,"food_score",126.43
"01089001902","tract",2023,"food_score",125.02
"01089001903","tract",2023,"food_score",122.87
"01089002000","tract",2023,"food_score",121.16
"01089002100","tract",2023,"food_score",76.72
"01089002200","tract",2023,"food_score",89.07
"01089002300","tract",2023,"food_score",65.81
"01089002400","tract",2023,"food_score",68.26
"01089002501","tract",2023,"food_score",59.63
"01089002502","tract",2023,"food_score",63.79
"01089002600","tract",2023,"food_score",116.83
"01089002701","tract",2023,"food_score",118.66
"01089002721","tract",2023,"food_score",121.4
"01089002722","tract",2023,"food_score",110.03
"01089002801","tract",2023,"food_score",108.74
"01089002803","tract",2023,"food_score",109.92
"01089002804","tract",2023,"food_score",115.15
"01089002911","tract",2023,"food_score",115.67
"01089002912","tract",2023,"food_score",121.67
"01089002922","tract",2023,"food_score",121.51
"01089002923","tract",2023,"food_score",122.5
"01089002924","tract",2023,"food_score",121.75
"01089003000","tract",2023,"food_score",70.25
"01089003100","tract",2023,"food_score",NA
"01089010101","tract",2023,"food_score",94.29
"01089010102","tract",2023,"food_score",123.07
"01089010200","tract",2023,"food_score",117.33
"01089010302","tract",2023,"food_score",111.81
"01089010303","tract",2023,"food_score",115.67
"01089010304","tract",2023,"food_score",114.08
"01089010403","tract",2023,"food_score",116.59
"01089010404","tract",2023,"food_score",95.98
"01089010405","tract",2023,"food_score",98.54
"01089010406","tract",2023,"food_score",104.32
"01089010502","tract",2023,"food_score",110.6
"01089010503","tract",2023,"food_score",104.08
"01089010504","tract",2023,"food_score",120.96
"01089010612","tract",2023,"food_score",125.33
"01089010623","tract",2023,"food_score",116.56
"01089010625","tract",2023,"food_score",74.06
"01089010626","tract",2023,"food_score",88.91
"01089010627","tract",2023,"food_score",112.05
"01089010628","tract",2023,"food_score",117.81
"01089010629","tract",2023,"food_score",122.62
"01089010630","tract",2023,"food_score",125.04
"01089010631","tract",2023,"food_score",125.1
"01089010703","tract",2023,"food_score",120.52
"01089010704","tract",2023,"food_score",110.46
"01089010705","tract",2023,"food_score",97.46
"01089010706","tract",2023,"food_score",104.43
"01089010801","tract",2023,"food_score",119.28
"01089010802","tract",2023,"food_score",110.28
"01089010902","tract",2023,"food_score",107.42
"01089010903","tract",2023,"food_score",123.79
"01089010904","tract",2023,"food_score",123.27
"01089010905","tract",2023,"food_score",126.87
"01089011012","tract",2023,"food_score",123.69
"01089011013","tract",2023,"food_score",118.29
"01089011021","tract",2023,"food_score",91.57
"01089011023","tract",2023,"food_score",117.4
"01089011024","tract",2023,"food_score",123.26
"01089011025","tract",2023,"food_score",124.29
"01089011026","tract",2023,"food_score",117.83
"01089011027","tract",2023,"food_score",102.05
"01089011028","tract",2023,"food_score",92.86
"01089011100","tract",2023,"food_score",116.35
"01089011201","tract",2023,"food_score",121.01
"01089011202","tract",2023,"food_score",120.57
"01089011203","tract",2023,"food_score",118.75
"01089011301","tract",2023,"food_score",106.33
"01089011302","tract",2023,"food_score",118.34
"01089011400","tract",2023,"food_score",111.46
"01091972901","tract",2023,"food_score",62.42
"01091972902","tract",2023,"food_score",68.72
"01091973001","tract",2023,"food_score",43.96
"01091973002","tract",2023,"food_score",105.05
"01091973100","tract",2023,"food_score",58.59
"01091973200","tract",2023,"food_score",83.29
"01091973300","tract",2023,"food_score",105.13
"01091973400","tract",2023,"food_score",118.74
"01093964001","tract",2023,"food_score",75.58
"01093964002","tract",2023,"food_score",55.81
"01093964100","tract",2023,"food_score",89.99
"01093964200","tract",2023,"food_score",94.93
"01093964300","tract",2023,"food_score",100.73
"01093964401","tract",2023,"food_score",99.73
"01093964402","tract",2023,"food_score",111.7
"01093964500","tract",2023,"food_score",82.8
"01093964600","tract",2023,"food_score",91.15
"01093964701","tract",2023,"food_score",100.29
"01093964702","tract",2023,"food_score",103.13
"01095030101","tract",2023,"food_score",103.59
"01095030102","tract",2023,"food_score",105.33
"01095030203","tract",2023,"food_score",110.81
"01095030204","tract",2023,"food_score",109.18
"01095030205","tract",2023,"food_score",121.31
"01095030206","tract",2023,"food_score",120.91
"01095030301","tract",2023,"food_score",112.19
"01095030302","tract",2023,"food_score",118.87
"01095030401","tract",2023,"food_score",99.52
"01095030402","tract",2023,"food_score",117.16
"01095030501","tract",2023,"food_score",113.64
"01095030502","tract",2023,"food_score",107.66
"01095030601","tract",2023,"food_score",108.01
"01095030602","tract",2023,"food_score",95.21
"01095030701","tract",2023,"food_score",90.63
"01095030702","tract",2023,"food_score",95.4
"01095030801","tract",2023,"food_score",102.14
"01095030803","tract",2023,"food_score",97.51
"01095030804","tract",2023,"food_score",103.43
"01095030902","tract",2023,"food_score",102.65
"01095030903","tract",2023,"food_score",103.6
"01095030904","tract",2023,"food_score",102.05
"01095031001","tract",2023,"food_score",99.7
"01095031002","tract",2023,"food_score",95.68
"01095031100","tract",2023,"food_score",96.81
"01095031200","tract",2023,"food_score",91.85
"01097000200","tract",2023,"food_score",72.17
"01097000401","tract",2023,"food_score",83.77
"01097000402","tract",2023,"food_score",7.79
"01097000500","tract",2023,"food_score",60.48
"01097000600","tract",2023,"food_score",61.74
"01097000701","tract",2023,"food_score",42.83
"01097000702","tract",2023,"food_score",51.73
"01097000801","tract",2023,"food_score",65.76
"01097000802","tract",2023,"food_score",56.64
"01097000901","tract",2023,"food_score",90.79
"01097000902","tract",2023,"food_score",102.95
"01097000903","tract",2023,"food_score",71.11
"01097001001","tract",2023,"food_score",102.27
"01097001002","tract",2023,"food_score",82.15
"01097001100","tract",2023,"food_score",55.69
"01097001200","tract",2023,"food_score",NA
"01097001302","tract",2023,"food_score",49.47
"01097001400","tract",2023,"food_score",51.89
"01097001501","tract",2023,"food_score",30.47
"01097001502","tract",2023,"food_score",37.79
"01097001800","tract",2023,"food_score",86.8
"01097001901","tract",2023,"food_score",90.32
"01097001902","tract",2023,"food_score",69.84
"01097002000","tract",2023,"food_score",93.74
"01097002100","tract",2023,"food_score",43.22
"01097002200","tract",2023,"food_score",91.83
"01097002301","tract",2023,"food_score",66.33
"01097002302","tract",2023,"food_score",61.82
"01097002400","tract",2023,"food_score",58.35
"01097002501","tract",2023,"food_score",120.44
"01097002502","tract",2023,"food_score",111.49
"01097002600","tract",2023,"food_score",83.76
"01097002700","tract",2023,"food_score",47.64
"01097002800","tract",2023,"food_score",70.79
"01097002900","tract",2023,"food_score",66.25
"01097003000","tract",2023,"food_score",77.4
"01097003100","tract",2023,"food_score",109.48
"01097003202","tract",2023,"food_score",55.31
"01097003203","tract",2023,"food_score",77.99
"01097003205","tract",2023,"food_score",65.54
"01097003206","tract",2023,"food_score",97.92
"01097003207","tract",2023,"food_score",86.95
"01097003301","tract",2023,"food_score",94.95
"01097003302","tract",2023,"food_score",110.54
"01097003402","tract",2023,"food_score",68.96
"01097003404","tract",2023,"food_score",42.91
"01097003405","tract",2023,"food_score",105.07
"01097003406","tract",2023,"food_score",57.18
"01097003408","tract",2023,"food_score",77.89
"01097003409","tract",2023,"food_score",96.47
"01097003410","tract",2023,"food_score",116.7
"01097003501","tract",2023,"food_score",113.34
"01097003502","tract",2023,"food_score",121.86
"01097003602","tract",2023,"food_score",63.24
"01097003606","tract",2023,"food_score",96.29
"01097003607","tract",2023,"food_score",91.61
"01097003608","tract",2023,"food_score",108.92
"01097003703","tract",2023,"food_score",91.27
"01097003704","tract",2023,"food_score",114.01
"01097003705","tract",2023,"food_score",107.03
"01097003706","tract",2023,"food_score",94.3
"01097003707","tract",2023,"food_score",98.49
"01097003708","tract",2023,"food_score",94.8
"01097003710","tract",2023,"food_score",92.5
"01097003711","tract",2023,"food_score",97.78
"01097003712","tract",2023,"food_score",94.75
"01097003800","tract",2023,"food_score",107.27
"01097003901","tract",2023,"food_score",80.56
"01097003902","tract",2023,"food_score",72.87
"01097004000","tract",2023,"food_score",44.01
"01097004100","tract",2023,"food_score",47.38
"01097004800","tract",2023,"food_score",7.76
"01097004900","tract",2023,"food_score",71.79
"01097005000","tract",2023,"food_score",44.29
"01097005100","tract",2023,"food_score",75.83
"01097005200","tract",2023,"food_score",69.24
"01097005300","tract",2023,"food_score",81.5
"01097005400","tract",2023,"food_score",111.35
"01097005500","tract",2023,"food_score",92.09
"01097005601","tract",2023,"food_score",100.81
"01097005602","tract",2023,"food_score",109.31
"01097005701","tract",2023,"food_score",117.47
"01097005702","tract",2023,"food_score",107.71
"01097005800","tract",2023,"food_score",102.2
"01097005900","tract",2023,"food_score",88.15
"01097006000","tract",2023,"food_score",105.98
"01097006102","tract",2023,"food_score",99.55
"01097006103","tract",2023,"food_score",83.96
"01097006104","tract",2023,"food_score",109.63
"01097006106","tract",2023,"food_score",121.14
"01097006107","tract",2023,"food_score",95.66
"01097006201","tract",2023,"food_score",95.71
"01097006202","tract",2023,"food_score",91.33
"01097006303","tract",2023,"food_score",111.2
"01097006304","tract",2023,"food_score",89.99
"01097006305","tract",2023,"food_score",74.67
"01097006306","tract",2023,"food_score",94.92
"01097006307","tract",2023,"food_score",112.3
"01097006402","tract",2023,"food_score",88.98
"01097006403","tract",2023,"food_score",98.37
"01097006407","tract",2023,"food_score",98.95
"01097006408","tract",2023,"food_score",118.21
"01097006409","tract",2023,"food_score",102.89
"01097006410","tract",2023,"food_score",102.63
"01097006411","tract",2023,"food_score",93.79
"01097006412","tract",2023,"food_score",115.01
"01097006413","tract",2023,"food_score",118.55
"01097006501","tract",2023,"food_score",86.59
"01097006503","tract",2023,"food_score",104.21
"01097006504","tract",2023,"food_score",95.79
"01097006505","tract",2023,"food_score",117.96
"01097006600","tract",2023,"food_score",122.61
"01097006702","tract",2023,"food_score",104.22
"01097006703","tract",2023,"food_score",95.91
"01097006704","tract",2023,"food_score",95.04
"01097006802","tract",2023,"food_score",102.08
"01097006803","tract",2023,"food_score",110.32
"01097006804","tract",2023,"food_score",95.94
"01097006902","tract",2023,"food_score",94.76
"01097006903","tract",2023,"food_score",71.91
"01097006904","tract",2023,"food_score",72.5
"01097007000","tract",2023,"food_score",113.04
"01097007101","tract",2023,"food_score",79.79
"01097007102","tract",2023,"food_score",102.26
"01097007103","tract",2023,"food_score",102.38
"01097007201","tract",2023,"food_score",88.89
"01097007203","tract",2023,"food_score",118.69
"01097007204","tract",2023,"food_score",91.07
"01097007300","tract",2023,"food_score",67.74
"01097007400","tract",2023,"food_score",69.36
"01097007500","tract",2023,"food_score",55.08
"01097007600","tract",2023,"food_score",69.02
"01097007700","tract",2023,"food_score",54.09
"01097980000","tract",2023,"food_score",NA
"01097990000","tract",2023,"food_score",NA
"01099075600","tract",2023,"food_score",78.1
"01099075700","tract",2023,"food_score",85.23
"01099075800","tract",2023,"food_score",93.8
"01099075901","tract",2023,"food_score",111.14
"01099075902","tract",2023,"food_score",92.96
"01099076000","tract",2023,"food_score",91.27
"01099076101","tract",2023,"food_score",99.68
"01099076102","tract",2023,"food_score",103.08
"01099076200","tract",2023,"food_score",101.84
"01101000100","tract",2023,"food_score",74.22
"01101000200","tract",2023,"food_score",NA
"01101000300","tract",2023,"food_score",64.99
"01101000400","tract",2023,"food_score",53.33
"01101000500","tract",2023,"food_score",106.25
"01101000600","tract",2023,"food_score",46.34
"01101000700","tract",2023,"food_score",33.69
"01101000900","tract",2023,"food_score",NA
"01101001000","tract",2023,"food_score",58.11
"01101001100","tract",2023,"food_score",58.1
"01101001200","tract",2023,"food_score",46.96
"01101001300","tract",2023,"food_score",79.95
"01101001400","tract",2023,"food_score",121.5
"01101001500","tract",2023,"food_score",NA
"01101001600","tract",2023,"food_score",54.77
"01101001700","tract",2023,"food_score",86.42
"01101001800","tract",2023,"food_score",81.87
"01101001900","tract",2023,"food_score",89.38
"01101002000","tract",2023,"food_score",93.04
"01101002100","tract",2023,"food_score",76.23
"01101002201","tract",2023,"food_score",45.85
"01101002202","tract",2023,"food_score",78.32
"01101002300","tract",2023,"food_score",84.23
"01101002400","tract",2023,"food_score",45.83
"01101002500","tract",2023,"food_score",52.58
"01101002600","tract",2023,"food_score",109.24
"01101002700","tract",2023,"food_score",77.17
"01101002800","tract",2023,"food_score",88.72
"01101002901","tract",2023,"food_score",43.63
"01101002902","tract",2023,"food_score",81.81
"01101003000","tract",2023,"food_score",50.06
"01101003100","tract",2023,"food_score",65.14
"01101003200","tract",2023,"food_score",76.15
"01101003301","tract",2023,"food_score",99.03
"01101003303","tract",2023,"food_score",87.73
"01101003304","tract",2023,"food_score",93.34
"01101005101","tract",2023,"food_score",93.18
"01101005102","tract",2023,"food_score",50.77
"01101005301","tract",2023,"food_score",122.79
"01101005302","tract",2023,"food_score",74.44
"01101005402","tract",2023,"food_score",64.22
"01101005403","tract",2023,"food_score",87.77
"01101005407","tract",2023,"food_score",119.26
"01101005409","tract",2023,"food_score",80.95
"01101005410","tract",2023,"food_score",88.01
"01101005411","tract",2023,"food_score",98.13
"01101005412","tract",2023,"food_score",97.17
"01101005413","tract",2023,"food_score",125.73
"01101005414","tract",2023,"food_score",116.19
"01101005501","tract",2023,"food_score",NA
"01101005502","tract",2023,"food_score",106.71
"01101005503","tract",2023,"food_score",123.13
"01101005504","tract",2023,"food_score",121.72
"01101005604","tract",2023,"food_score",108.64
"01101005605","tract",2023,"food_score",101.2
"01101005606","tract",2023,"food_score",70.51
"01101005607","tract",2023,"food_score",120.67
"01101005608","tract",2023,"food_score",120.63
"01101005609","tract",2023,"food_score",113.71
"01101005610","tract",2023,"food_score",75.38
"01101005611","tract",2023,"food_score",113.86
"01101005612","tract",2023,"food_score",114.8
"01101005613","tract",2023,"food_score",49.57
"01101005614","tract",2023,"food_score",31.56
"01101005700","tract",2023,"food_score",77.25
"01101005800","tract",2023,"food_score",92.52
"01101005902","tract",2023,"food_score",51.33
"01101005903","tract",2023,"food_score",119.6
"01101005904","tract",2023,"food_score",98.05
"01101006000","tract",2023,"food_score",83.98
"01101006100","tract",2023,"food_score",65.87
"01103000100","tract",2023,"food_score",97.13
"01103000200","tract",2023,"food_score",117.61
"01103000300","tract",2023,"food_score",100.18
"01103000400","tract",2023,"food_score",97.3
"01103000600","tract",2023,"food_score",56.06
"01103000700","tract",2023,"food_score",69.46
"01103000800","tract",2023,"food_score",94.91
"01103000900","tract",2023,"food_score",67.2
"01103001000","tract",2023,"food_score",103.59
"01103005101","tract",2023,"food_score",100.69
"01103005103","tract",2023,"food_score",90.07
"01103005105","tract",2023,"food_score",116.75
"01103005106","tract",2023,"food_score",112.44
"01103005107","tract",2023,"food_score",120.22
"01103005108","tract",2023,"food_score",105.86
"01103005109","tract",2023,"food_score",98.02
"01103005201","tract",2023,"food_score",116.88
"01103005202","tract",2023,"food_score",86.4
"01103005302","tract",2023,"food_score",113.28
"01103005303","tract",2023,"food_score",104.08
"01103005304","tract",2023,"food_score",110.49
"01103005305","tract",2023,"food_score",96
"01103005306","tract",2023,"food_score",115.88
"01103005404","tract",2023,"food_score",118.85
"01103005405","tract",2023,"food_score",83.69
"01103005500","tract",2023,"food_score",118.49
"01103005601","tract",2023,"food_score",103.92
"01103005602","tract",2023,"food_score",81.24
"01103005701","tract",2023,"food_score",88.65
"01103005703","tract",2023,"food_score",110.94
"01103005704","tract",2023,"food_score",110.17
"01105686800","tract",2023,"food_score",94.2
"01105687001","tract",2023,"food_score",54.44
"01105687002","tract",2023,"food_score",73.41
"01105687100","tract",2023,"food_score",33.97
"01107050000","tract",2023,"food_score",96.69
"01107050100","tract",2023,"food_score",84.9
"01107050200","tract",2023,"food_score",107.28
"01107050300","tract",2023,"food_score",NA
"01107050401","tract",2023,"food_score",60.29
"01107050402","tract",2023,"food_score",87.38
"01109188600","tract",2023,"food_score",105.28
"01109188700","tract",2023,"food_score",81.92
"01109188800","tract",2023,"food_score",96.9
"01109188900","tract",2023,"food_score",79.5
"01109189001","tract",2023,"food_score",110.95
"01109189002","tract",2023,"food_score",115.36
"01109189003","tract",2023,"food_score",100.27
"01109189101","tract",2023,"food_score",NA
"01109189102","tract",2023,"food_score",86.72
"01109189200","tract",2023,"food_score",84.22
"01109189300","tract",2023,"food_score",79.98
"01111000100","tract",2023,"food_score",102.05
"01111000200","tract",2023,"food_score",97.98
"01111000300","tract",2023,"food_score",102.91
"01111000400","tract",2023,"food_score",80.6
"01111000500","tract",2023,"food_score",72.78
"01111000600","tract",2023,"food_score",86.99
"01113030200","tract",2023,"food_score",39.49
"01113030300","tract",2023,"food_score",88.63
"01113030402","tract",2023,"food_score",86.67
"01113030403","tract",2023,"food_score",77.31
"01113030404","tract",2023,"food_score",82.71
"01113030500","tract",2023,"food_score",88.56
"01113030601","tract",2023,"food_score",95.08
"01113030602","tract",2023,"food_score",92.24
"01113030700","tract",2023,"food_score",59.05
"01113030800","tract",2023,"food_score",62.13
"01113030903","tract",2023,"food_score",84.54
"01113030904","tract",2023,"food_score",104.03
"01113030905","tract",2023,"food_score",111.23
"01113030906","tract",2023,"food_score",76.23
"01113030907","tract",2023,"food_score",108.28
"01113031000","tract",2023,"food_score",115.24
"01113031100","tract",2023,"food_score",93.41
"01113031200","tract",2023,"food_score",106.65
"01115040104","tract",2023,"food_score",125.72
"01115040105","tract",2023,"food_score",103.33
"01115040107","tract",2023,"food_score",104.26
"01115040108","tract",2023,"food_score",121.26
"01115040109","tract",2023,"food_score",100.35
"01115040110","tract",2023,"food_score",96.02
"01115040206","tract",2023,"food_score",91.96
"01115040207","tract",2023,"food_score",102.16
"01115040208","tract",2023,"food_score",93.19
"01115040209","tract",2023,"food_score",106.3
"01115040210","tract",2023,"food_score",112.22
"01115040211","tract",2023,"food_score",76.17
"01115040212","tract",2023,"food_score",92.41
"01115040213","tract",2023,"food_score",123.84
"01115040301","tract",2023,"food_score",99.47
"01115040302","tract",2023,"food_score",65.94
"01115040401","tract",2023,"food_score",87.08
"01115040402","tract",2023,"food_score",106.01
"01115040503","tract",2023,"food_score",103.66
"01115040504","tract",2023,"food_score",124.31
"01115040505","tract",2023,"food_score",115.72
"01115040506","tract",2023,"food_score",99.42
"01115040507","tract",2023,"food_score",NA
"01115040508","tract",2023,"food_score",75.67
"01117030102","tract",2023,"food_score",97.31
"01117030103","tract",2023,"food_score",114.4
"01117030211","tract",2023,"food_score",121.61
"01117030212","tract",2023,"food_score",114.41
"01117030215","tract",2023,"food_score",100.5
"01117030216","tract",2023,"food_score",121.14
"01117030218","tract",2023,"food_score",119.89
"01117030219","tract",2023,"food_score",122.82
"01117030220","tract",2023,"food_score",119.87
"01117030221","tract",2023,"food_score",125.62
"01117030304","tract",2023,"food_score",123.91
"01117030305","tract",2023,"food_score",124.45
"01117030306","tract",2023,"food_score",108.01
"01117030314","tract",2023,"food_score",107.01
"01117030315","tract",2023,"food_score",123.03
"01117030316","tract",2023,"food_score",104.79
"01117030317","tract",2023,"food_score",113.49
"01117030319","tract",2023,"food_score",111.89
"01117030320","tract",2023,"food_score",109.91
"01117030330","tract",2023,"food_score",119.9
"01117030331","tract",2023,"food_score",116.47
"01117030336","tract",2023,"food_score",127.3
"01117030337","tract",2023,"food_score",107.41
"01117030340","tract",2023,"food_score",115.11
"01117030341","tract",2023,"food_score",113.91
"01117030345","tract",2023,"food_score",116.46
"01117030346","tract",2023,"food_score",123.51
"01117030347","tract",2023,"food_score",122.57
"01117030348","tract",2023,"food_score",118.58
"01117030349","tract",2023,"food_score",122.24
"01117030350","tract",2023,"food_score",124.32
"01117030351","tract",2023,"food_score",118.43
"01117030352","tract",2023,"food_score",125.29
"01117030405","tract",2023,"food_score",97.66
"01117030406","tract",2023,"food_score",119.02
"01117030407","tract",2023,"food_score",NA
"01117030408","tract",2023,"food_score",79.47
"01117030502","tract",2023,"food_score",113.7
"01117030503","tract",2023,"food_score",101.4
"01117030504","tract",2023,"food_score",96.07
"01117030607","tract",2023,"food_score",119.27
"01117030610","tract",2023,"food_score",109.53
"01117030611","tract",2023,"food_score",111.01
"01117030612","tract",2023,"food_score",103.97
"01117030613","tract",2023,"food_score",105.31
"01117030614","tract",2023,"food_score",111.07
"01117030615","tract",2023,"food_score",118.88
"01117030616","tract",2023,"food_score",122.57
"01117030701","tract",2023,"food_score",110.75
"01117030703","tract",2023,"food_score",90.48
"01117030704","tract",2023,"food_score",117.94
"01117030800","tract",2023,"food_score",105.88
"01117030900","tract",2023,"food_score",103.27
"01117980000","tract",2023,"food_score",NA
"01117980100","tract",2023,"food_score",NA
"01119011301","tract",2023,"food_score",NA
"01119011302","tract",2023,"food_score",77.46
"01119011400","tract",2023,"food_score",57.32
"01119011500","tract",2023,"food_score",70.87
"01119011600","tract",2023,"food_score",90.35
"01121010101","tract",2023,"food_score",115.21
"01121010102","tract",2023,"food_score",94.85
"01121010201","tract",2023,"food_score",98.77
"01121010202","tract",2023,"food_score",99.06
"01121010301","tract",2023,"food_score",105.98
"01121010302","tract",2023,"food_score",92.56
"01121010400","tract",2023,"food_score",77
"01121010500","tract",2023,"food_score",75.64
"01121010600","tract",2023,"food_score",61.32
"01121010700","tract",2023,"food_score",NA
"01121010900","tract",2023,"food_score",89.17
"01121011000","tract",2023,"food_score",83.28
"01121011100","tract",2023,"food_score",84.27
"01121011200","tract",2023,"food_score",115.76
"01121011301","tract",2023,"food_score",80.9
"01121011302","tract",2023,"food_score",101.85
"01121011400","tract",2023,"food_score",75.26
"01121011501","tract",2023,"food_score",116.9
"01121011502","tract",2023,"food_score",108.68
"01121011600","tract",2023,"food_score",77.53
"01121011700","tract",2023,"food_score",90.59
"01121011800","tract",2023,"food_score",85.27
"01121011900","tract",2023,"food_score",94.74
"01121012000","tract",2023,"food_score",65.14
"01123961900","tract",2023,"food_score",98.93
"01123962000","tract",2023,"food_score",90.63
"01123962100","tract",2023,"food_score",67.36
"01123962200","tract",2023,"food_score",87.37
"01123962301","tract",2023,"food_score",85.51
"01123962302","tract",2023,"food_score",104.74
"01123962400","tract",2023,"food_score",91.23
"01123962501","tract",2023,"food_score",99.99
"01123962502","tract",2023,"food_score",117.46
"01123962600","tract",2023,"food_score",81.09
"01123962701","tract",2023,"food_score",112.7
"01123962702","tract",2023,"food_score",75.97
"01125010101","tract",2023,"food_score",126.13
"01125010102","tract",2023,"food_score",117.55
"01125010104","tract",2023,"food_score",100.62
"01125010105","tract",2023,"food_score",118.97
"01125010201","tract",2023,"food_score",116.29
"01125010203","tract",2023,"food_score",122.65
"01125010204","tract",2023,"food_score",110.75
"01125010205","tract",2023,"food_score",104.17
"01125010206","tract",2023,"food_score",114.88
"01125010302","tract",2023,"food_score",104.27
"01125010303","tract",2023,"food_score",114.69
"01125010304","tract",2023,"food_score",70.06
"01125010305","tract",2023,"food_score",122.64
"01125010403","tract",2023,"food_score",101.45
"01125010404","tract",2023,"food_score",76.16
"01125010405","tract",2023,"food_score",111.32
"01125010406","tract",2023,"food_score",117.42
"01125010407","tract",2023,"food_score",90.75
"01125010500","tract",2023,"food_score",70.83
"01125010601","tract",2023,"food_score",113.62
"01125010603","tract",2023,"food_score",113.09
"01125010604","tract",2023,"food_score",123.3
"01125010703","tract",2023,"food_score",111.86
"01125010704","tract",2023,"food_score",113.56
"01125010705","tract",2023,"food_score",113.52
"01125010706","tract",2023,"food_score",103.2
"01125010707","tract",2023,"food_score",96.23
"01125010802","tract",2023,"food_score",115
"01125010803","tract",2023,"food_score",63.96
"01125010804","tract",2023,"food_score",105.57
"01125011200","tract",2023,"food_score",NA
"01125011401","tract",2023,"food_score",NA
"01125011402","tract",2023,"food_score",106.83
"01125011600","tract",2023,"food_score",104.22
"01125011701","tract",2023,"food_score",60.28
"01125011703","tract",2023,"food_score",67.66
"01125011800","tract",2023,"food_score",35.16
"01125011901","tract",2023,"food_score",107.02
"01125011902","tract",2023,"food_score",51.74
"01125012001","tract",2023,"food_score",85.91
"01125012002","tract",2023,"food_score",104.25
"01125012101","tract",2023,"food_score",54.94
"01125012102","tract",2023,"food_score",79.06
"01125012304","tract",2023,"food_score",85.06
"01125012305","tract",2023,"food_score",94.16
"01125012306","tract",2023,"food_score",83.04
"01125012307","tract",2023,"food_score",117.15
"01125012403","tract",2023,"food_score",117.95
"01125012404","tract",2023,"food_score",95.62
"01125012406","tract",2023,"food_score",81.79
"01125012407","tract",2023,"food_score",33.39
"01125012408","tract",2023,"food_score",75.29
"01125012501","tract",2023,"food_score",70.53
"01125012503","tract",2023,"food_score",109.07
"01125012504","tract",2023,"food_score",110.38
"01125012505","tract",2023,"food_score",110.26
"01125012600","tract",2023,"food_score",108.12
"01125012700","tract",2023,"food_score",100.27
"01125012800","tract",2023,"food_score",67.3
"01127020100","tract",2023,"food_score",87.99
"01127020200","tract",2023,"food_score",102.7
"01127020301","tract",2023,"food_score",86.44
"01127020302","tract",2023,"food_score",93.07
"01127020400","tract",2023,"food_score",71.94
"01127020600","tract",2023,"food_score",84.02
"01127020700","tract",2023,"food_score",98.77
"01127020801","tract",2023,"food_score",82.71
"01127020802","tract",2023,"food_score",86.61
"01127020900","tract",2023,"food_score",111.87
"01127021000","tract",2023,"food_score",114.76
"01127021100","tract",2023,"food_score",97.03
"01127021200","tract",2023,"food_score",106.24
"01127021300","tract",2023,"food_score",113.04
"01127021400","tract",2023,"food_score",92.45
"01127021500","tract",2023,"food_score",88.01
"01127021600","tract",2023,"food_score",103.32
"01127021700","tract",2023,"food_score",100.52
"01127021800","tract",2023,"food_score",97.03
"01127021900","tract",2023,"food_score",73.61
"01129043900","tract",2023,"food_score",90.46
"01129044000","tract",2023,"food_score",102.29
"01129044100","tract",2023,"food_score",92.8
"01129044200","tract",2023,"food_score",101.09
"01129044300","tract",2023,"food_score",107.88
"01131034700","tract",2023,"food_score",34.96
"01131034801","tract",2023,"food_score",42.83
"01131034802","tract",2023,"food_score",56
"01131035100","tract",2023,"food_score",64.16
"01131035200","tract",2023,"food_score",95.95
"01133965501","tract",2023,"food_score",104.05
"01133965502","tract",2023,"food_score",103.86
"01133965503","tract",2023,"food_score",98.57
"01133965601","tract",2023,"food_score",96.18
"01133965602","tract",2023,"food_score",74.77
"01133965700","tract",2023,"food_score",95.57
"01133965800","tract",2023,"food_score",83.06
"01133965900","tract",2023,"food_score",94.53
"01001020100","tract",2023,"food_rnk",15.794
"01001020200","tract",2023,"food_rnk",22.6148
"01001020300","tract",2023,"food_rnk",28.791
"01001020400","tract",2023,"food_rnk",71.9073
"01001020501","tract",2023,"food_rnk",89.8683
"01001020502","tract",2023,"food_rnk",95.1313
"01001020503","tract",2023,"food_rnk",47.5309
"01001020600","tract",2023,"food_rnk",29.7127
"01001020700","tract",2023,"food_rnk",32.7343
"01001020801","tract",2023,"food_rnk",25.3189
"01001020803","tract",2023,"food_rnk",37.3417
"01001020804","tract",2023,"food_rnk",99.3212
"01001020805","tract",2023,"food_rnk",84.6406
"01001020901","tract",2023,"food_rnk",56.9313
"01001020902","tract",2023,"food_rnk",48.709
"01001021000","tract",2023,"food_rnk",68.1984
"01001021100","tract",2023,"food_rnk",8.5227
"01003010100","tract",2023,"food_rnk",30.007
"01003010200","tract",2023,"food_rnk",59.5366
"01003010300","tract",2023,"food_rnk",85.7919
"01003010400","tract",2023,"food_rnk",51.1189
"01003010500","tract",2023,"food_rnk",59.5622
"01003010600","tract",2023,"food_rnk",4.0922
"01003010704","tract",2023,"food_rnk",81.2943
"01003010706","tract",2023,"food_rnk",91.3357
"01003010707","tract",2023,"food_rnk",95.9908
"01003010708","tract",2023,"food_rnk",94.1119
"01003010709","tract",2023,"food_rnk",99.9756
"01003010710","tract",2023,"food_rnk",80.8402
"01003010711","tract",2023,"food_rnk",60.4485
"01003010800","tract",2023,"food_rnk",91.4871
"01003010903","tract",2023,"food_rnk",24.0053
"01003010904","tract",2023,"food_rnk",61.1493
"01003010906","tract",2023,"food_rnk",14.4828
"01003010907","tract",2023,"food_rnk",63.9853
"01003010908","tract",2023,"food_rnk",64.6433
"01003011000","tract",2023,"food_rnk",26.8926
"01003011102","tract",2023,"food_rnk",63.9389
"01003011103","tract",2023,"food_rnk",73.6629
"01003011104","tract",2023,"food_rnk",76.7357
"01003011201","tract",2023,"food_rnk",67.6283
"01003011202","tract",2023,"food_rnk",83.6847
"01003011300","tract",2023,"food_rnk",94.3439
"01003011409","tract",2023,"food_rnk",79.8977
"01003011410","tract",2023,"food_rnk",98.4263
"01003011411","tract",2023,"food_rnk",57.1425
"01003011412","tract",2023,"food_rnk",69.5303
"01003011413","tract",2023,"food_rnk",91.8399
"01003011414","tract",2023,"food_rnk",66.0375
"01003011415","tract",2023,"food_rnk",88.7732
"01003011416","tract",2023,"food_rnk",82.2209
"01003011417","tract",2023,"food_rnk",94.7602
"01003011418","tract",2023,"food_rnk",58.3426
"01003011419","tract",2023,"food_rnk",60.6219
"01003011501","tract",2023,"food_rnk",93.2756
"01003011503","tract",2023,"food_rnk",92.7629
"01003011504","tract",2023,"food_rnk",92.0072
"01003011601","tract",2023,"food_rnk",38.1255
"01003011603","tract",2023,"food_rnk",43.8903
"01003011604","tract",2023,"food_rnk",58.4537
"01003990000","tract",2023,"food_rnk",NA
"01005950100","tract",2023,"food_rnk",19.3942
"01005950200","tract",2023,"food_rnk",NA
"01005950300","tract",2023,"food_rnk",22.533
"01005950400","tract",2023,"food_rnk",NA
"01005950500","tract",2023,"food_rnk",41.1581
"01005950600","tract",2023,"food_rnk",7.2835
"01005950700","tract",2023,"food_rnk",30.2804
"01005950800","tract",2023,"food_rnk",21.1522
"01005950900","tract",2023,"food_rnk",5.0909
"01007010001","tract",2023,"food_rnk",52.6108
"01007010005","tract",2023,"food_rnk",34.6498
"01007010006","tract",2023,"food_rnk",17.5385
"01007010007","tract",2023,"food_rnk",61.3593
"01007010008","tract",2023,"food_rnk",28.8911
"01007010009","tract",2023,"food_rnk",1.9375
"01007010010","tract",2023,"food_rnk",16.7316
"01007010011","tract",2023,"food_rnk",53.1772
"01009050103","tract",2023,"food_rnk",61.6584
"01009050104","tract",2023,"food_rnk",52.7731
"01009050105","tract",2023,"food_rnk",44.2102
"01009050106","tract",2023,"food_rnk",17.7168
"01009050107","tract",2023,"food_rnk",27.5018
"01009050200","tract",2023,"food_rnk",27.0428
"01009050301","tract",2023,"food_rnk",24.4741
"01009050302","tract",2023,"food_rnk",31.8077
"01009050400","tract",2023,"food_rnk",64.7703
"01009050501","tract",2023,"food_rnk",52.3825
"01009050502","tract",2023,"food_rnk",32.8381
"01009050601","tract",2023,"food_rnk",48.8384
"01009050603","tract",2023,"food_rnk",67.8615
"01009050604","tract",2023,"food_rnk",60.5743
"01009050701","tract",2023,"food_rnk",56.537
"01009050702","tract",2023,"food_rnk",30.477
"01011952100","tract",2023,"food_rnk",6.96
"01011952201","tract",2023,"food_rnk",4.0984
"01011952202","tract",2023,"food_rnk",3.4159
"01011952500","tract",2023,"food_rnk",17.016
"01013952700","tract",2023,"food_rnk",23.7502
"01013952800","tract",2023,"food_rnk",38.7152
"01013952900","tract",2023,"food_rnk",18.4176
"01013953000","tract",2023,"food_rnk",45.8656
"01013953100","tract",2023,"food_rnk",15.3618
"01013953200","tract",2023,"food_rnk",35.5898
"01013953300","tract",2023,"food_rnk",21.7883
"01013953400","tract",2023,"food_rnk",9.2747
"01013953500","tract",2023,"food_rnk",47.3575
"01015000200","tract",2023,"food_rnk",15.4155
"01015000300","tract",2023,"food_rnk",2.3733
"01015000400","tract",2023,"food_rnk",4.7527
"01015000500","tract",2023,"food_rnk",5.6464
"01015000600","tract",2023,"food_rnk",3.0216
"01015000700","tract",2023,"food_rnk",10.9009
"01015000800","tract",2023,"food_rnk",12.9482
"01015000900","tract",2023,"food_rnk",39.6821
"01015001000","tract",2023,"food_rnk",68.2289
"01015001101","tract",2023,"food_rnk",85.0692
"01015001102","tract",2023,"food_rnk",5.528
"01015001103","tract",2023,"food_rnk",27.1331
"01015001201","tract",2023,"food_rnk",18.6141
"01015001202","tract",2023,"food_rnk",35.2321
"01015001300","tract",2023,"food_rnk",10.9167
"01015001400","tract",2023,"food_rnk",20.333
"01015001501","tract",2023,"food_rnk",28.6616
"01015001502","tract",2023,"food_rnk",44.4006
"01015001600","tract",2023,"food_rnk",48.1303
"01015001700","tract",2023,"food_rnk",17.0649
"01015001801","tract",2023,"food_rnk",20.9947
"01015001802","tract",2023,"food_rnk",56.0035
"01015002001","tract",2023,"food_rnk",49.2303
"01015002002","tract",2023,"food_rnk",58.8468
"01015002101","tract",2023,"food_rnk",NA
"01015002102","tract",2023,"food_rnk",83.4735
"01015002104","tract",2023,"food_rnk",32.821
"01015002105","tract",2023,"food_rnk",4.6758
"01015002200","tract",2023,"food_rnk",38.952
"01015002300","tract",2023,"food_rnk",35.5898
"01015002400","tract",2023,"food_rnk",29.7823
"01015002502","tract",2023,"food_rnk",31.8455
"01015002503","tract",2023,"food_rnk",80.1284
"01015002504","tract",2023,"food_rnk",14.1349
"01015002600","tract",2023,"food_rnk",34.4105
"01015981901","tract",2023,"food_rnk",NA
"01015981902","tract",2023,"food_rnk",NA
"01015981903","tract",2023,"food_rnk",NA
"01017953800","tract",2023,"food_rnk",22.511
"01017953900","tract",2023,"food_rnk",9.785
"01017954001","tract",2023,"food_rnk",70.9465
"01017954002","tract",2023,"food_rnk",16.7999
"01017954200","tract",2023,"food_rnk",75.0058
"01017954300","tract",2023,"food_rnk",29.5797
"01017954600","tract",2023,"food_rnk",50.7893
"01017954700","tract",2023,"food_rnk",25.2371
"01017954800","tract",2023,"food_rnk",26.6887
"01019955701","tract",2023,"food_rnk",12.8554
"01019955702","tract",2023,"food_rnk",68.1044
"01019955801","tract",2023,"food_rnk",47.4881
"01019955802","tract",2023,"food_rnk",49.3768
"01019955900","tract",2023,"food_rnk",51.0017
"01019956000","tract",2023,"food_rnk",74.2818
"01019956101","tract",2023,"food_rnk",34.3715
"01019956102","tract",2023,"food_rnk",36.9584
"01021060101","tract",2023,"food_rnk",21.1083
"01021060103","tract",2023,"food_rnk",56.7995
"01021060104","tract",2023,"food_rnk",54.0892
"01021060200","tract",2023,"food_rnk",66.3305
"01021060300","tract",2023,"food_rnk",27.7911
"01021060401","tract",2023,"food_rnk",68.1044
"01021060403","tract",2023,"food_rnk",49.9481
"01021060404","tract",2023,"food_rnk",44.6594
"01021060500","tract",2023,"food_rnk",24.4619
"01021060600","tract",2023,"food_rnk",44.9439
"01021060701","tract",2023,"food_rnk",13.9615
"01021060702","tract",2023,"food_rnk",18.5531
"01023956700","tract",2023,"food_rnk",33.6817
"01023956800","tract",2023,"food_rnk",23.4889
"01023956900","tract",2023,"food_rnk",20.366
"01023957000","tract",2023,"food_rnk",36.6337
"01025957500","tract",2023,"food_rnk",20.5467
"01025957601","tract",2023,"food_rnk",10.4235
"01025957603","tract",2023,"food_rnk",7.5374
"01025957604","tract",2023,"food_rnk",20.6187
"01025957700","tract",2023,"food_rnk",8.9561
"01025957800","tract",2023,"food_rnk",41.9968
"01025957901","tract",2023,"food_rnk",19.5786
"01025957902","tract",2023,"food_rnk",26.9683
"01025958003","tract",2023,"food_rnk",6.0138
"01027958900","tract",2023,"food_rnk",38.764
"01027959000","tract",2023,"food_rnk",28.1928
"01027959100","tract",2023,"food_rnk",27.1685
"01027959200","tract",2023,"food_rnk",38.2232
"01029959500","tract",2023,"food_rnk",22.8443
"01029959600","tract",2023,"food_rnk",32.3839
"01029959700","tract",2023,"food_rnk",19.4052
"01029959800","tract",2023,"food_rnk",36.7606
"01031010100","tract",2023,"food_rnk",25.5314
"01031010200","tract",2023,"food_rnk",35.8706
"01031010300","tract",2023,"food_rnk",63.171
"01031010400","tract",2023,"food_rnk",23.1178
"01031010500","tract",2023,"food_rnk",16.7621
"01031010600","tract",2023,"food_rnk",44.375
"01031010700","tract",2023,"food_rnk",35.8548
"01031010800","tract",2023,"food_rnk",56.5211
"01031010900","tract",2023,"food_rnk",10.8313
"01031011000","tract",2023,"food_rnk",27.9962
"01031011100","tract",2023,"food_rnk",32.1153
"01031011203","tract",2023,"food_rnk",64.0354
"01031011204","tract",2023,"food_rnk",94.3854
"01031011205","tract",2023,"food_rnk",56.5016
"01031011206","tract",2023,"food_rnk",41.9541
"01031011300","tract",2023,"food_rnk",5.9748
"01033020100","tract",2023,"food_rnk",12.3195
"01033020200","tract",2023,"food_rnk",22.2681
"01033020300","tract",2023,"food_rnk",9.879
"01033020400","tract",2023,"food_rnk",74.62
"01033020500","tract",2023,"food_rnk",25.0113
"01033020600","tract",2023,"food_rnk",41.1361
"01033020703","tract",2023,"food_rnk",48.687
"01033020704","tract",2023,"food_rnk",38.5748
"01033020705","tract",2023,"food_rnk",46.9119
"01033020706","tract",2023,"food_rnk",37.6347
"01033020801","tract",2023,"food_rnk",71.6387
"01033020802","tract",2023,"food_rnk",44.1333
"01033020901","tract",2023,"food_rnk",25.5765
"01033020902","tract",2023,"food_rnk",64.4736
"01033021000","tract",2023,"food_rnk",12.3549
"01035960200","tract",2023,"food_rnk",55.404
"01035960300","tract",2023,"food_rnk",26.3042
"01035960400","tract",2023,"food_rnk",18.6446
"01035960500","tract",2023,"food_rnk",14.5866
"01035960600","tract",2023,"food_rnk",9.8363
"01037961000","tract",2023,"food_rnk",26.0185
"01037961100","tract",2023,"food_rnk",26.8572
"01037961200","tract",2023,"food_rnk",49.3523
"01039961600","tract",2023,"food_rnk",67.0435
"01039961700","tract",2023,"food_rnk",38.8263
"01039961800","tract",2023,"food_rnk",27.492
"01039961900","tract",2023,"food_rnk",19.6176
"01039962000","tract",2023,"food_rnk",25.4679
"01039962100","tract",2023,"food_rnk",22.721
"01039962300","tract",2023,"food_rnk",57.228
"01039962400","tract",2023,"food_rnk",69.7415
"01039962500","tract",2023,"food_rnk",39.6613
"01039962600","tract",2023,"food_rnk",4.8211
"01039962700","tract",2023,"food_rnk",12.9299
"01039962800","tract",2023,"food_rnk",49.5623
"01039962900","tract",2023,"food_rnk",23.8674
"01039963000","tract",2023,"food_rnk",22.019
"01041963400","tract",2023,"food_rnk",37.3637
"01041963500","tract",2023,"food_rnk",33.3606
"01041963600","tract",2023,"food_rnk",51.805
"01041963700","tract",2023,"food_rnk",18.6568
"01041963800","tract",2023,"food_rnk",8.1259
"01041963900","tract",2023,"food_rnk",21.4648
"01043964100","tract",2023,"food_rnk",43.4728
"01043964201","tract",2023,"food_rnk",58.4793
"01043964202","tract",2023,"food_rnk",32.1837
"01043964300","tract",2023,"food_rnk",51.0908
"01043964400","tract",2023,"food_rnk",49.3768
"01043964500","tract",2023,"food_rnk",56.0499
"01043964600","tract",2023,"food_rnk",50.3168
"01043964700","tract",2023,"food_rnk",58.1216
"01043964800","tract",2023,"food_rnk",67.3609
"01043964901","tract",2023,"food_rnk",89.7267
"01043964902","tract",2023,"food_rnk",64.8912
"01043965001","tract",2023,"food_rnk",73.7923
"01043965002","tract",2023,"food_rnk",16.6363
"01043965100","tract",2023,"food_rnk",60.4205
"01043965200","tract",2023,"food_rnk",47.7604
"01043965300","tract",2023,"food_rnk",57.0302
"01043965401","tract",2023,"food_rnk",18.3235
"01043965402","tract",2023,"food_rnk",40.9872
"01043965501","tract",2023,"food_rnk",65.421
"01043965502","tract",2023,"food_rnk",26.5715
"01043965600","tract",2023,"food_rnk",68.8674
"01043965700","tract",2023,"food_rnk",61.9612
"01045020000","tract",2023,"food_rnk",88.0053
"01045020100","tract",2023,"food_rnk",40.5269
"01045020200","tract",2023,"food_rnk",25.3861
"01045020300","tract",2023,"food_rnk",32.058
"01045020400","tract",2023,"food_rnk",27.984
"01045020500","tract",2023,"food_rnk",15.3618
"01045020700","tract",2023,"food_rnk",1.161
"01045020801","tract",2023,"food_rnk",16.3299
"01045020802","tract",2023,"food_rnk",20.145
"01045021101","tract",2023,"food_rnk",70.2274
"01045021102","tract",2023,"food_rnk",19.802
"01045021200","tract",2023,"food_rnk",12.7516
"01045021300","tract",2023,"food_rnk",37.3051
"01045021400","tract",2023,"food_rnk",8.9207
"01047956101","tract",2023,"food_rnk",28.6775
"01047956102","tract",2023,"food_rnk",13.5696
"01047956201","tract",2023,"food_rnk",4.6001
"01047956202","tract",2023,"food_rnk",43.8451
"01047956300","tract",2023,"food_rnk",5.0872
"01047956400","tract",2023,"food_rnk",2.416
"01047956500","tract",2023,"food_rnk",1.8545
"01047956600","tract",2023,"food_rnk",6.7366
"01047956701","tract",2023,"food_rnk",21.9336
"01047956702","tract",2023,"food_rnk",25.8622
"01047956800","tract",2023,"food_rnk",5.9906
"01047956900","tract",2023,"food_rnk",2.9019
"01047957000","tract",2023,"food_rnk",3.1815
"01047957100","tract",2023,"food_rnk",3.4232
"01047957200","tract",2023,"food_rnk",4.7881
"01047957301","tract",2023,"food_rnk",1.2111
"01047957302","tract",2023,"food_rnk",7.9208
"01049960101","tract",2023,"food_rnk",19.5322
"01049960102","tract",2023,"food_rnk",30.1596
"01049960200","tract",2023,"food_rnk",12.1681
"01049960301","tract",2023,"food_rnk",27.2332
"01049960302","tract",2023,"food_rnk",56.4124
"01049960303","tract",2023,"food_rnk",15.2983
"01049960401","tract",2023,"food_rnk",33.8758
"01049960402","tract",2023,"food_rnk",48.1474
"01049960500","tract",2023,"food_rnk",38.8434
"01049960601","tract",2023,"food_rnk",13.9725
"01049960602","tract",2023,"food_rnk",48.991
"01049960701","tract",2023,"food_rnk",25.0748
"01049960702","tract",2023,"food_rnk",20.9483
"01049960703","tract",2023,"food_rnk",21.7053
"01049960800","tract",2023,"food_rnk",14.8991
"01049960900","tract",2023,"food_rnk",37.1769
"01049961000","tract",2023,"food_rnk",34.1651
"01049961100","tract",2023,"food_rnk",35.5898
"01049961200","tract",2023,"food_rnk",57.3659
"01049961300","tract",2023,"food_rnk",36.9901
"01049961400","tract",2023,"food_rnk",32.8735
"01051030101","tract",2023,"food_rnk",34.6583
"01051030102","tract",2023,"food_rnk",45.6312
"01051030103","tract",2023,"food_rnk",NA
"01051030200","tract",2023,"food_rnk",32.9541
"01051030300","tract",2023,"food_rnk",64.3259
"01051030401","tract",2023,"food_rnk",11.8421
"01051030402","tract",2023,"food_rnk",67.9054
"01051030500","tract",2023,"food_rnk",62.1467
"01051030600","tract",2023,"food_rnk",20.399
"01051030701","tract",2023,"food_rnk",93.554
"01051030702","tract",2023,"food_rnk",68.7869
"01051030801","tract",2023,"food_rnk",25.3189
"01051030802","tract",2023,"food_rnk",69.7098
"01051030901","tract",2023,"food_rnk",64.9314
"01051030902","tract",2023,"food_rnk",24.993
"01051031001","tract",2023,"food_rnk",32.7343
"01051031002","tract",2023,"food_rnk",39.1327
"01051031100","tract",2023,"food_rnk",61.2518
"01051031200","tract",2023,"food_rnk",23.6342
"01051031300","tract",2023,"food_rnk",36.1697
"01053969801","tract",2023,"food_rnk",33.2104
"01053969802","tract",2023,"food_rnk",21.0509
"01053969900","tract",2023,"food_rnk",46.4956
"01053970100","tract",2023,"food_rnk",75.25
"01053970200","tract",2023,"food_rnk",17.8108
"01053970300","tract",2023,"food_rnk",17.2346
"01053970400","tract",2023,"food_rnk",NA
"01053970500","tract",2023,"food_rnk",20.8373
"01053970600","tract",2023,"food_rnk",10.907
"01053970700","tract",2023,"food_rnk",29.5638
"01055000200","tract",2023,"food_rnk",8.1076
"01055000300","tract",2023,"food_rnk",0.5823
"01055000400","tract",2023,"food_rnk",23.7721
"01055000500","tract",2023,"food_rnk",11.3721
"01055000600","tract",2023,"food_rnk",13.9945
"01055000700","tract",2023,"food_rnk",0.5237
"01055000800","tract",2023,"food_rnk",40.1045
"01055000900","tract",2023,"food_rnk",5.9784
"01055001000","tract",2023,"food_rnk",3.455
"01055001100","tract",2023,"food_rnk",52.9147
"01055001200","tract",2023,"food_rnk",44.5068
"01055001300","tract",2023,"food_rnk",43.1761
"01055001600","tract",2023,"food_rnk",12.56
"01055001700","tract",2023,"food_rnk",11.9288
"01055010100","tract",2023,"food_rnk",67.6002
"01055010201","tract",2023,"food_rnk",12.2609
"01055010202","tract",2023,"food_rnk",57.7834
"01055010300","tract",2023,"food_rnk",14.1458
"01055010401","tract",2023,"food_rnk",3.6808
"01055010402","tract",2023,"food_rnk",59.362
"01055010503","tract",2023,"food_rnk",79.0236
"01055010504","tract",2023,"food_rnk",65.7665
"01055010505","tract",2023,"food_rnk",69.0408
"01055010506","tract",2023,"food_rnk",74.5223
"01055010601","tract",2023,"food_rnk",71.0527
"01055010602","tract",2023,"food_rnk",29.659
"01055010700","tract",2023,"food_rnk",75.9886
"01055010800","tract",2023,"food_rnk",34.7365
"01055010900","tract",2023,"food_rnk",71.336
"01055011001","tract",2023,"food_rnk",66.079
"01055011002","tract",2023,"food_rnk",29.7262
"01055011100","tract",2023,"food_rnk",29.421
"01055011200","tract",2023,"food_rnk",3.3683
"01057020000","tract",2023,"food_rnk",67.2498
"01057020100","tract",2023,"food_rnk",29.4063
"01057020200","tract",2023,"food_rnk",32.1019
"01057020300","tract",2023,"food_rnk",10.0035
"01057020400","tract",2023,"food_rnk",45.8412
"01059972900","tract",2023,"food_rnk",22.6771
"01059973000","tract",2023,"food_rnk",12.9104
"01059973100","tract",2023,"food_rnk",47.3074
"01059973200","tract",2023,"food_rnk",9.4993
"01059973300","tract",2023,"food_rnk",18.0904
"01059973400","tract",2023,"food_rnk",28.957
"01059973500","tract",2023,"food_rnk",32.9138
"01059973600","tract",2023,"food_rnk",13.837
"01059973701","tract",2023,"food_rnk",19.3515
"01059973702","tract",2023,"food_rnk",11.6614
"01059973703","tract",2023,"food_rnk",56.775
"01061050100","tract",2023,"food_rnk",19.3246
"01061050200","tract",2023,"food_rnk",28.2758
"01061050300","tract",2023,"food_rnk",18.0147
"01061050400","tract",2023,"food_rnk",24.3972
"01061050500","tract",2023,"food_rnk",33.4351
"01061050600","tract",2023,"food_rnk",57.7248
"01063060000","tract",2023,"food_rnk",1.7824
"01063060101","tract",2023,"food_rnk",2.5039
"01063060102","tract",2023,"food_rnk",18.0379
"01063060200","tract",2023,"food_rnk",8.5923
"01065040000","tract",2023,"food_rnk",54.641
"01065040100","tract",2023,"food_rnk",70.9465
"01065040200","tract",2023,"food_rnk",79.1334
"01065040300","tract",2023,"food_rnk",1.2855
"01065040401","tract",2023,"food_rnk",3.9702
"01065040402","tract",2023,"food_rnk",2.5882
"01065040500","tract",2023,"food_rnk",14.4181
"01067030100","tract",2023,"food_rnk",18.6446
"01067030200","tract",2023,"food_rnk",17.4201
"01067030300","tract",2023,"food_rnk",14.611
"01067030400","tract",2023,"food_rnk",31.8309
"01067030500","tract",2023,"food_rnk",63.5507
"01067030600","tract",2023,"food_rnk",52.756
"01069040100","tract",2023,"food_rnk",86.2412
"01069040203","tract",2023,"food_rnk",78.7721
"01069040204","tract",2023,"food_rnk",50.9284
"01069040205","tract",2023,"food_rnk",95.3987
"01069040206","tract",2023,"food_rnk",61.7231
"01069040301","tract",2023,"food_rnk",35.8084
"01069040302","tract",2023,"food_rnk",13.6917
"01069040400","tract",2023,"food_rnk",49.5062
"01069040500","tract",2023,"food_rnk",36.1893
"01069040600","tract",2023,"food_rnk",1.7311
"01069040700","tract",2023,"food_rnk",7.5228
"01069040801","tract",2023,"food_rnk",54.9267
"01069040802","tract",2023,"food_rnk",21.842
"01069040900","tract",2023,"food_rnk",41.0922
"01069041000","tract",2023,"food_rnk",5.4877
"01069041100","tract",2023,"food_rnk",16.6864
"01069041200","tract",2023,"food_rnk",1.3271
"01069041400","tract",2023,"food_rnk",2.4575
"01069041500","tract",2023,"food_rnk",10.078
"01069041600","tract",2023,"food_rnk",42.8135
"01069041700","tract",2023,"food_rnk",45.1612
"01069041800","tract",2023,"food_rnk",31.3767
"01069041901","tract",2023,"food_rnk",33.8758
"01069041902","tract",2023,"food_rnk",29.9313
"01069042000","tract",2023,"food_rnk",32.8015
"01069042100","tract",2023,"food_rnk",61.4252
"01071950101","tract",2023,"food_rnk",28.1147
"01071950102","tract",2023,"food_rnk",43.6046
"01071950200","tract",2023,"food_rnk",16.7023
"01071950301","tract",2023,"food_rnk",22.0093
"01071950302","tract",2023,"food_rnk",40.732
"01071950400","tract",2023,"food_rnk",45.1173
"01071950500","tract",2023,"food_rnk",56.6444
"01071950601","tract",2023,"food_rnk",28.6775
"01071950602","tract",2023,"food_rnk",11.9679
"01071950700","tract",2023,"food_rnk",49.5941
"01071950800","tract",2023,"food_rnk",27.2332
"01071950901","tract",2023,"food_rnk",14.8002
"01071950902","tract",2023,"food_rnk",75.4661
"01071951000","tract",2023,"food_rnk",23.13
"01071951101","tract",2023,"food_rnk",54.1148
"01071951102","tract",2023,"food_rnk",39.1132
"01073000100","tract",2023,"food_rnk",7.3201
"01073000300","tract",2023,"food_rnk",1.4516
"01073000400","tract",2023,"food_rnk",2.2549
"01073000500","tract",2023,"food_rnk",0.0501
"01073000700","tract",2023,"food_rnk",0.9584
"01073000800","tract",2023,"food_rnk",9.3003
"01073001100","tract",2023,"food_rnk",13.262
"01073001200","tract",2023,"food_rnk",10.0573
"01073001400","tract",2023,"food_rnk",2.8824
"01073001500","tract",2023,"food_rnk",4.6123
"01073001600","tract",2023,"food_rnk",10.1207
"01073001902","tract",2023,"food_rnk",2.7042
"01073002000","tract",2023,"food_rnk",3.7309
"01073002100","tract",2023,"food_rnk",5.0689
"01073002200","tract",2023,"food_rnk",4.0019
"01073002303","tract",2023,"food_rnk",3.0728
"01073002305","tract",2023,"food_rnk",41.2619
"01073002306","tract",2023,"food_rnk",83.8288
"01073002401","tract",2023,"food_rnk",30.9177
"01073002402","tract",2023,"food_rnk",0.6336
"01073002701","tract",2023,"food_rnk",84.4929
"01073002702","tract",2023,"food_rnk",NA
"01073002900","tract",2023,"food_rnk",0.199
"01073003001","tract",2023,"food_rnk",NA
"01073003002","tract",2023,"food_rnk",9.4798
"01073003100","tract",2023,"food_rnk",13.9615
"01073003200","tract",2023,"food_rnk",2.1865
"01073003300","tract",2023,"food_rnk",12.383
"01073003400","tract",2023,"food_rnk",3.6259
"01073003500","tract",2023,"food_rnk",2.8494
"01073003600","tract",2023,"food_rnk",13.0459
"01073003700","tract",2023,"food_rnk",1.4113
"01073003802","tract",2023,"food_rnk",16.9916
"01073003803","tract",2023,"food_rnk",9.7264
"01073003900","tract",2023,"food_rnk",23.4108
"01073004000","tract",2023,"food_rnk",4.5623
"01073004200","tract",2023,"food_rnk",4.6306
"01073004501","tract",2023,"food_rnk",NA
"01073004502","tract",2023,"food_rnk",15.0615
"01073004701","tract",2023,"food_rnk",89.7267
"01073004702","tract",2023,"food_rnk",89.8292
"01073004800","tract",2023,"food_rnk",78.9955
"01073004901","tract",2023,"food_rnk",71.2066
"01073004902","tract",2023,"food_rnk",84.7395
"01073005000","tract",2023,"food_rnk",50.3595
"01073005101","tract",2023,"food_rnk",1.0377
"01073005103","tract",2023,"food_rnk",25.4813
"01073005104","tract",2023,"food_rnk",34.3849
"01073005200","tract",2023,"food_rnk",4.8467
"01073005302","tract",2023,"food_rnk",79.457
"01073005500","tract",2023,"food_rnk",3.5954
"01073005600","tract",2023,"food_rnk",89.4068
"01073005701","tract",2023,"food_rnk",6.4472
"01073005702","tract",2023,"food_rnk",24.7574
"01073005800","tract",2023,"food_rnk",22.5708
"01073005903","tract",2023,"food_rnk",28.6616
"01073005905","tract",2023,"food_rnk",30.3329
"01073005907","tract",2023,"food_rnk",8.4934
"01073005908","tract",2023,"food_rnk",5.9943
"01073005909","tract",2023,"food_rnk",30.5197
"01073005910","tract",2023,"food_rnk",26.4275
"01073010001","tract",2023,"food_rnk",38.5577
"01073010002","tract",2023,"food_rnk",47.1915
"01073010100","tract",2023,"food_rnk",1.3771
"01073010200","tract",2023,"food_rnk",2.3562
"01073010301","tract",2023,"food_rnk",26.2565
"01073010302","tract",2023,"food_rnk",1.1928
"01073010401","tract",2023,"food_rnk",4.3413
"01073010402","tract",2023,"food_rnk",8.2077
"01073010500","tract",2023,"food_rnk",4.395
"01073010603","tract",2023,"food_rnk",17.3054
"01073010604","tract",2023,"food_rnk",1.9802
"01073010605","tract",2023,"food_rnk",12.4928
"01073010701","tract",2023,"food_rnk",40.2937
"01073010702","tract",2023,"food_rnk",86.9944
"01073010703","tract",2023,"food_rnk",83.6066
"01073010704","tract",2023,"food_rnk",NA
"01073010705","tract",2023,"food_rnk",75.1193
"01073010706","tract",2023,"food_rnk",57.3403
"01073010801","tract",2023,"food_rnk",98.3116
"01073010802","tract",2023,"food_rnk",97.667
"01073010803","tract",2023,"food_rnk",73.4602
"01073010804","tract",2023,"food_rnk",96.064
"01073010806","tract",2023,"food_rnk",98.5838
"01073010807","tract",2023,"food_rnk",85.201
"01073010900","tract",2023,"food_rnk",10.0914
"01073011002","tract",2023,"food_rnk",7.5118
"01073011003","tract",2023,"food_rnk",34.9819
"01073011004","tract",2023,"food_rnk",70.4997
"01073011108","tract",2023,"food_rnk",83.6066
"01073011109","tract",2023,"food_rnk",71.0527
"01073011110","tract",2023,"food_rnk",43.1078
"01073011112","tract",2023,"food_rnk",8.6838
"01073011113","tract",2023,"food_rnk",35.5898
"01073011114","tract",2023,"food_rnk",98.8109
"01073011115","tract",2023,"food_rnk",91.1733
"01073011116","tract",2023,"food_rnk",89.5264
"01073011117","tract",2023,"food_rnk",62.9122
"01073011205","tract",2023,"food_rnk",37.5774
"01073011206","tract",2023,"food_rnk",40.9518
"01073011207","tract",2023,"food_rnk",30.4111
"01073011208","tract",2023,"food_rnk",22.4365
"01073011209","tract",2023,"food_rnk",17.8999
"01073011210","tract",2023,"food_rnk",26.8731
"01073011301","tract",2023,"food_rnk",44.9683
"01073011303","tract",2023,"food_rnk",77.6172
"01073011304","tract",2023,"food_rnk",67.6283
"01073011401","tract",2023,"food_rnk",29.294
"01073011402","tract",2023,"food_rnk",60.3509
"01073011500","tract",2023,"food_rnk",55.1355
"01073011600","tract",2023,"food_rnk",25.1346
"01073011704","tract",2023,"food_rnk",42.346
"01073011706","tract",2023,"food_rnk",38.8434
"01073011707","tract",2023,"food_rnk",90.4128
"01073011708","tract",2023,"food_rnk",84.7859
"01073011709","tract",2023,"food_rnk",37.4419
"01073011710","tract",2023,"food_rnk",58.1863
"01073011803","tract",2023,"food_rnk",16.3775
"01073011804","tract",2023,"food_rnk",12.1351
"01073011805","tract",2023,"food_rnk",17.2602
"01073011806","tract",2023,"food_rnk",43.695
"01073011901","tract",2023,"food_rnk",46.4065
"01073011904","tract",2023,"food_rnk",6.6707
"01073012001","tract",2023,"food_rnk",41.3119
"01073012003","tract",2023,"food_rnk",19.686
"01073012004","tract",2023,"food_rnk",38.6151
"01073012103","tract",2023,"food_rnk",36.0648
"01073012104","tract",2023,"food_rnk",49.0545
"01073012200","tract",2023,"food_rnk",33.5584
"01073012302","tract",2023,"food_rnk",70.341
"01073012304","tract",2023,"food_rnk",24.1054
"01073012306","tract",2023,"food_rnk",71.5093
"01073012307","tract",2023,"food_rnk",39.0241
"01073012401","tract",2023,"food_rnk",32.0384
"01073012402","tract",2023,"food_rnk",9.2198
"01073012403","tract",2023,"food_rnk",46.7532
"01073012500","tract",2023,"food_rnk",22.4463
"01073012602","tract",2023,"food_rnk",9.0098
"01073012701","tract",2023,"food_rnk",61.4032
"01073012703","tract",2023,"food_rnk",99.7851
"01073012704","tract",2023,"food_rnk",87.5353
"01073012802","tract",2023,"food_rnk",66.2866
"01073012804","tract",2023,"food_rnk",86.8662
"01073012805","tract",2023,"food_rnk",11.1145
"01073012905","tract",2023,"food_rnk",NA
"01073012907","tract",2023,"food_rnk",85.1424
"01073012908","tract",2023,"food_rnk",22.019
"01073012910","tract",2023,"food_rnk",51.479
"01073012911","tract",2023,"food_rnk",86.2412
"01073012913","tract",2023,"food_rnk",26.2175
"01073012914","tract",2023,"food_rnk",89.1968
"01073012916","tract",2023,"food_rnk",72.5519
"01073012917","tract",2023,"food_rnk",37.8936
"01073012918","tract",2023,"food_rnk",14.3839
"01073012919","tract",2023,"food_rnk",18.4737
"01073012920","tract",2023,"food_rnk",91.6336
"01073012921","tract",2023,"food_rnk",87.5523
"01073013002","tract",2023,"food_rnk",5.0848
"01073013100","tract",2023,"food_rnk",1.2037
"01073013200","tract",2023,"food_rnk",10.7714
"01073013300","tract",2023,"food_rnk",7.8231
"01073013400","tract",2023,"food_rnk",19.1281
"01073013601","tract",2023,"food_rnk",16.7938
"01073013801","tract",2023,"food_rnk",30.5917
"01073013901","tract",2023,"food_rnk",5.147
"01073013902","tract",2023,"food_rnk",22.0788
"01073014001","tract",2023,"food_rnk",59.5146
"01073014002","tract",2023,"food_rnk",34.9672
"01073014104","tract",2023,"food_rnk",31.1008
"01073014105","tract",2023,"food_rnk",41.3498
"01073014106","tract",2023,"food_rnk",88.1713
"01073014107","tract",2023,"food_rnk",50.8698
"01073014205","tract",2023,"food_rnk",96.3705
"01073014206","tract",2023,"food_rnk",39.6442
"01073014207","tract",2023,"food_rnk",44.0893
"01073014208","tract",2023,"food_rnk",90.2296
"01073014209","tract",2023,"food_rnk",86.7197
"01073014301","tract",2023,"food_rnk",51.6573
"01073014303","tract",2023,"food_rnk",86.7405
"01073014304","tract",2023,"food_rnk",39.1327
"01073014404","tract",2023,"food_rnk",57.8347
"01073014405","tract",2023,"food_rnk",55.3088
"01073014406","tract",2023,"food_rnk",99.2345
"01073014408","tract",2023,"food_rnk",66.5332
"01073014409","tract",2023,"food_rnk",89.0296
"01073014410","tract",2023,"food_rnk",76.8432
"01073014412","tract",2023,"food_rnk",92.7348
"01073014414","tract",2023,"food_rnk",99.7168
"01073014415","tract",2023,"food_rnk",97.2421
"01075030000","tract",2023,"food_rnk",15.1665
"01075030101","tract",2023,"food_rnk",12.0155
"01075030102","tract",2023,"food_rnk",29.9923
"01075030200","tract",2023,"food_rnk",59.9626
"01077010100","tract",2023,"food_rnk",NA
"01077010200","tract",2023,"food_rnk",3.6845
"01077010300","tract",2023,"food_rnk",0.6654
"01077010400","tract",2023,"food_rnk",51.0017
"01077010600","tract",2023,"food_rnk",20.9056
"01077010700","tract",2023,"food_rnk",13.4756
"01077010800","tract",2023,"food_rnk",13.6099
"01077010901","tract",2023,"food_rnk",75.9031
"01077010902","tract",2023,"food_rnk",17.0649
"01077011000","tract",2023,"food_rnk",23.6305
"01077011101","tract",2023,"food_rnk",70.2274
"01077011102","tract",2023,"food_rnk",66.3305
"01077011200","tract",2023,"food_rnk",58.9371
"01077011300","tract",2023,"food_rnk",48.1474
"01077011401","tract",2023,"food_rnk",44.7022
"01077011402","tract",2023,"food_rnk",77.4035
"01077011502","tract",2023,"food_rnk",60.1067
"01077011503","tract",2023,"food_rnk",73.7923
"01077011504","tract",2023,"food_rnk",87.694
"01077011602","tract",2023,"food_rnk",41.2838
"01077011603","tract",2023,"food_rnk",87.9906
"01077011605","tract",2023,"food_rnk",57.3012
"01077011606","tract",2023,"food_rnk",76.4842
"01077011700","tract",2023,"food_rnk",48.3684
"01077011801","tract",2023,"food_rnk",55.9791
"01077011802","tract",2023,"food_rnk",68.0812
"01079979100","tract",2023,"food_rnk",22.0349
"01079979201","tract",2023,"food_rnk",27.2772
"01079979202","tract",2023,"food_rnk",17.2602
"01079979300","tract",2023,"food_rnk",35.2614
"01079979400","tract",2023,"food_rnk",13.5073
"01079979501","tract",2023,"food_rnk",50.5793
"01079979502","tract",2023,"food_rnk",24.5901
"01079979600","tract",2023,"food_rnk",37.6177
"01079979700","tract",2023,"food_rnk",53.3433
"01079979800","tract",2023,"food_rnk",63.9096
"01079979900","tract",2023,"food_rnk",40.8846
"01081040201","tract",2023,"food_rnk",56.4344
"01081040202","tract",2023,"food_rnk",53.6619
"01081040300","tract",2023,"food_rnk",43.3995
"01081040401","tract",2023,"food_rnk",72.4884
"01081040402","tract",2023,"food_rnk",86.0251
"01081040403","tract",2023,"food_rnk",87.1751
"01081040501","tract",2023,"food_rnk",67.6844
"01081040502","tract",2023,"food_rnk",84.0376
"01081040602","tract",2023,"food_rnk",47.8031
"01081040603","tract",2023,"food_rnk",5.8087
"01081040605","tract",2023,"food_rnk",67.8834
"01081040606","tract",2023,"food_rnk",24.4851
"01081040607","tract",2023,"food_rnk",29.8544
"01081040700","tract",2023,"food_rnk",NA
"01081040801","tract",2023,"food_rnk",54.873
"01081040802","tract",2023,"food_rnk",4.384
"01081040901","tract",2023,"food_rnk",90.6166
"01081040903","tract",2023,"food_rnk",28.3576
"01081040904","tract",2023,"food_rnk",50.1727
"01081041001","tract",2023,"food_rnk",97.5461
"01081041002","tract",2023,"food_rnk",23.3534
"01081041101","tract",2023,"food_rnk",6.3325
"01081041102","tract",2023,"food_rnk",49.2876
"01081041103","tract",2023,"food_rnk",16.1346
"01081041104","tract",2023,"food_rnk",64.6885
"01081041200","tract",2023,"food_rnk",44.2236
"01081041300","tract",2023,"food_rnk",15.8745
"01081041400","tract",2023,"food_rnk",16.8512
"01081041600","tract",2023,"food_rnk",24.3557
"01081041701","tract",2023,"food_rnk",67.7992
"01081041702","tract",2023,"food_rnk",29.8043
"01081041703","tract",2023,"food_rnk",81.5715
"01081041801","tract",2023,"food_rnk",38.8263
"01081041802","tract",2023,"food_rnk",43.3519
"01081041803","tract",2023,"food_rnk",83.3331
"01081041901","tract",2023,"food_rnk",31.1204
"01081041902","tract",2023,"food_rnk",51.0383
"01081041903","tract",2023,"food_rnk",92.1073
"01081042002","tract",2023,"food_rnk",72.1539
"01081042003","tract",2023,"food_rnk",55.7349
"01081042005","tract",2023,"food_rnk",40.4891
"01081042006","tract",2023,"food_rnk",22.533
"01081042007","tract",2023,"food_rnk",49.7955
"01081042008","tract",2023,"food_rnk",69.1238
"01081042009","tract",2023,"food_rnk",37.5322
"01081042101","tract",2023,"food_rnk",23.9296
"01081042103","tract",2023,"food_rnk",22.743
"01081042104","tract",2023,"food_rnk",57.0058
"01083020101","tract",2023,"food_rnk",45.9462
"01083020103","tract",2023,"food_rnk",44.4385
"01083020104","tract",2023,"food_rnk",29.1304
"01083020201","tract",2023,"food_rnk",44.06
"01083020202","tract",2023,"food_rnk",80.9452
"01083020300","tract",2023,"food_rnk",26.0063
"01083020402","tract",2023,"food_rnk",65.1695
"01083020403","tract",2023,"food_rnk",60.3509
"01083020404","tract",2023,"food_rnk",45.5348
"01083020500","tract",2023,"food_rnk",16.3983
"01083020600","tract",2023,"food_rnk",45.1173
"01083020700","tract",2023,"food_rnk",13.5379
"01083020803","tract",2023,"food_rnk",78.2813
"01083020804","tract",2023,"food_rnk",77.793
"01083020805","tract",2023,"food_rnk",NA
"01083020806","tract",2023,"food_rnk",93.554
"01083020900","tract",2023,"food_rnk",84.532
"01083021000","tract",2023,"food_rnk",47.5089
"01083021101","tract",2023,"food_rnk",39.3879
"01083021102","tract",2023,"food_rnk",48.9165
"01083021201","tract",2023,"food_rnk",99.6655
"01083021202","tract",2023,"food_rnk",82.9425
"01083021203","tract",2023,"food_rnk",97.2592
"01085780800","tract",2023,"food_rnk",16.3018
"01085781000","tract",2023,"food_rnk",7.7877
"01085781100","tract",2023,"food_rnk",0.8448
"01085781200","tract",2023,"food_rnk",11.6285
"01087231400","tract",2023,"food_rnk",39.6235
"01087231500","tract",2023,"food_rnk",16.1346
"01087231601","tract",2023,"food_rnk",30.4587
"01087231602","tract",2023,"food_rnk",1.7946
"01087231603","tract",2023,"food_rnk",28.3283
"01087231700","tract",2023,"food_rnk",NA
"01087231800","tract",2023,"food_rnk",11.8311
"01087231900","tract",2023,"food_rnk",6.5266
"01087232000","tract",2023,"food_rnk",29.5076
"01087232100","tract",2023,"food_rnk",8.7778
"01087232200","tract",2023,"food_rnk",25.9208
"01087232300","tract",2023,"food_rnk",44.541
"01089000203","tract",2023,"food_rnk",NA
"01089000301","tract",2023,"food_rnk",8.0807
"01089000302","tract",2023,"food_rnk",5.755
"01089000403","tract",2023,"food_rnk",30.4111
"01089000501","tract",2023,"food_rnk",8.7168
"01089000502","tract",2023,"food_rnk",29.6712
"01089000503","tract",2023,"food_rnk",67.6576
"01089000601","tract",2023,"food_rnk",49.616
"01089000602","tract",2023,"food_rnk",29.0425
"01089000701","tract",2023,"food_rnk",4.7246
"01089000702","tract",2023,"food_rnk",13.2339
"01089000901","tract",2023,"food_rnk",81.1466
"01089000902","tract",2023,"food_rnk",72.2943
"01089001000","tract",2023,"food_rnk",52.2445
"01089001200","tract",2023,"food_rnk",1.852
"01089001301","tract",2023,"food_rnk",20.5467
"01089001302","tract",2023,"food_rnk",57.1852
"01089001401","tract",2023,"food_rnk",77.4902
"01089001403","tract",2023,"food_rnk",14.9369
"01089001404","tract",2023,"food_rnk",90.9646
"01089001500","tract",2023,"food_rnk",NA
"01089001700","tract",2023,"food_rnk",92.5163
"01089001801","tract",2023,"food_rnk",87.5682
"01089001901","tract",2023,"food_rnk",98.9965
"01089001902","tract",2023,"food_rnk",97.4399
"01089001903","tract",2023,"food_rnk",93.709
"01089002000","tract",2023,"food_rnk",89.9488
"01089002100","tract",2023,"food_rnk",13.0215
"01089002200","tract",2023,"food_rnk",24.4985
"01089002300","tract",2023,"food_rnk",7.0918
"01089002400","tract",2023,"food_rnk",8.226
"01089002501","tract",2023,"food_rnk",4.9102
"01089002502","tract",2023,"food_rnk",6.3227
"01089002600","tract",2023,"food_rnk",79.4179
"01089002701","tract",2023,"food_rnk",84.0376
"01089002721","tract",2023,"food_rnk",90.5129
"01089002722","tract",2023,"food_rnk",61.9856
"01089002801","tract",2023,"food_rnk",58.9371
"01089002803","tract",2023,"food_rnk",61.6889
"01089002804","tract",2023,"food_rnk",74.9606
"01089002911","tract",2023,"food_rnk",76.4085
"01089002912","tract",2023,"food_rnk",91.1453
"01089002922","tract",2023,"food_rnk",90.7717
"01089002923","tract",2023,"food_rnk",92.9436
"01089002924","tract",2023,"food_rnk",91.3357
"01089003000","tract",2023,"food_rnk",9.1758
"01089003100","tract",2023,"food_rnk",NA
"01089010101","tract",2023,"food_rnk",31.5818
"01089010102","tract",2023,"food_rnk",94.1119
"01089010200","tract",2023,"food_rnk",80.6522
"01089010302","tract",2023,"food_rnk",66.2866
"01089010303","tract",2023,"food_rnk",76.4085
"01089010304","tract",2023,"food_rnk",72.1173
"01089010403","tract",2023,"food_rnk",78.7721
"01089010404","tract",2023,"food_rnk",34.1517
"01089010405","tract",2023,"food_rnk",38.3282
"01089010406","tract",2023,"food_rnk",49.1533
"01089010502","tract",2023,"food_rnk",63.3199
"01089010503","tract",2023,"food_rnk",48.6113
"01089010504","tract",2023,"food_rnk",89.48
"01089010612","tract",2023,"food_rnk",97.8623
"01089010623","tract",2023,"food_rnk",78.6878
"01089010625","tract",2023,"food_rnk",11.2439
"01089010626","tract",2023,"food_rnk",24.3203
"01089010627","tract",2023,"food_rnk",66.8921
"01089010628","tract",2023,"food_rnk",81.8669
"01089010629","tract",2023,"food_rnk",93.2231
"01089010630","tract",2023,"food_rnk",97.4655
"01089010631","tract",2023,"food_rnk",97.5461
"01089010703","tract",2023,"food_rnk",88.5192
"01089010704","tract",2023,"food_rnk",62.9976
"01089010705","tract",2023,"food_rnk",36.5104
"01089010706","tract",2023,"food_rnk",49.4024
"01089010801","tract",2023,"food_rnk",85.5538
"01089010802","tract",2023,"food_rnk",62.5728
"01089010902","tract",2023,"food_rnk",55.9143
"01089010903","tract",2023,"food_rnk",95.4841
"01089010904","tract",2023,"food_rnk",94.4647
"01089010905","tract",2023,"food_rnk",99.3139
"01089011012","tract",2023,"food_rnk",95.2961
"01089011013","tract",2023,"food_rnk",83.0853
"01089011021","tract",2023,"food_rnk",27.774
"01089011023","tract",2023,"food_rnk",80.8402
"01089011024","tract",2023,"food_rnk",94.4452
"01089011025","tract",2023,"food_rnk",96.3253
"01089011026","tract",2023,"food_rnk",81.9255
"01089011027","tract",2023,"food_rnk",44.5593
"01089011028","tract",2023,"food_rnk",29.5638
"01089011100","tract",2023,"food_rnk",78.1311
"01089011201","tract",2023,"food_rnk",89.607
"01089011202","tract",2023,"food_rnk",88.6462
"01089011203","tract",2023,"food_rnk",84.2756
"01089011301","tract",2023,"food_rnk",53.4495
"01089011302","tract",2023,"food_rnk",83.233
"01089011400","tract",2023,"food_rnk",65.421
"01091972901","tract",2023,"food_rnk",5.8271
"01091972902","tract",2023,"food_rnk",8.4189
"01091973001","tract",2023,"food_rnk",1.697
"01091973002","tract",2023,"food_rnk",50.7465
"01091973100","tract",2023,"food_rnk",4.6001
"01091973200","tract",2023,"food_rnk",18.3895
"01091973300","tract",2023,"food_rnk",50.915
"01091973400","tract",2023,"food_rnk",84.2365
"01093964001","tract",2023,"food_rnk",12.1962
"01093964002","tract",2023,"food_rnk",3.8603
"01093964100","tract",2023,"food_rnk",25.6608
"01093964200","tract",2023,"food_rnk",32.5194
"01093964300","tract",2023,"food_rnk",42.1421
"01093964401","tract",2023,"food_rnk",40.4012
"01093964402","tract",2023,"food_rnk",66.0021
"01093964500","tract",2023,"food_rnk",17.9487
"01093964600","tract",2023,"food_rnk",27.2222
"01093964701","tract",2023,"food_rnk",41.3498
"01093964702","tract",2023,"food_rnk",46.6152
"01095030101","tract",2023,"food_rnk",47.5748
"01095030102","tract",2023,"food_rnk",51.3399
"01095030203","tract",2023,"food_rnk",63.8657
"01095030204","tract",2023,"food_rnk",59.9626
"01095030205","tract",2023,"food_rnk",90.2675
"01095030206","tract",2023,"food_rnk",89.3677
"01095030301","tract",2023,"food_rnk",67.2303
"01095030302","tract",2023,"food_rnk",84.5564
"01095030401","tract",2023,"food_rnk",40.0435
"01095030402","tract",2023,"food_rnk",80.2481
"01095030501","tract",2023,"food_rnk",70.9758
"01095030502","tract",2023,"food_rnk",56.4698
"01095030601","tract",2023,"food_rnk",57.256
"01095030602","tract",2023,"food_rnk",32.9687
"01095030701","tract",2023,"food_rnk",26.5264
"01095030702","tract",2023,"food_rnk",33.2532
"01095030801","tract",2023,"food_rnk",44.7388
"01095030803","tract",2023,"food_rnk",36.5946
"01095030804","tract",2023,"food_rnk",47.2354
"01095030902","tract",2023,"food_rnk",45.6972
"01095030903","tract",2023,"food_rnk",47.5919
"01095030904","tract",2023,"food_rnk",44.5593
"01095031001","tract",2023,"food_rnk",40.3536
"01095031002","tract",2023,"food_rnk",33.7085
"01095031100","tract",2023,"food_rnk",35.4519
"01095031200","tract",2023,"food_rnk",28.1769
"01097000200","tract",2023,"food_rnk",10.1232
"01097000401","tract",2023,"food_rnk",18.8375
"01097000402","tract",2023,"food_rnk",0.0147
"01097000500","tract",2023,"food_rnk",5.1678
"01097000600","tract",2023,"food_rnk",5.5853
"01097000701","tract",2023,"food_rnk",1.5407
"01097000702","tract",2023,"food_rnk",2.941
"01097000801","tract",2023,"food_rnk",7.0674
"01097000802","tract",2023,"food_rnk",4.0861
"01097000901","tract",2023,"food_rnk",26.7534
"01097000902","tract",2023,"food_rnk",46.2697
"01097000903","tract",2023,"food_rnk",9.6141
"01097001001","tract",2023,"food_rnk",44.9891
"01097001002","tract",2023,"food_rnk",17.3347
"01097001100","tract",2023,"food_rnk",3.8115
"01097001200","tract",2023,"food_rnk",NA
"01097001302","tract",2023,"food_rnk",2.532
"01097001400","tract",2023,"food_rnk",2.974
"01097001501","tract",2023,"food_rnk",0.4688
"01097001502","tract",2023,"food_rnk",0.9974
"01097001800","tract",2023,"food_rnk",21.9458
"01097001901","tract",2023,"food_rnk",26.1125
"01097001902","tract",2023,"food_rnk",8.9878
"01097002000","tract",2023,"food_rnk",30.7541
"01097002100","tract",2023,"food_rnk",1.5859
"01097002200","tract",2023,"food_rnk",28.1427
"01097002301","tract",2023,"food_rnk",7.3311
"01097002302","tract",2023,"food_rnk",5.6085
"01097002400","tract",2023,"food_rnk",4.5159
"01097002501","tract",2023,"food_rnk",88.3203
"01097002502","tract",2023,"food_rnk",65.4943
"01097002600","tract",2023,"food_rnk",18.8265
"01097002700","tract",2023,"food_rnk",2.2317
"01097002800","tract",2023,"food_rnk",9.4627
"01097002900","tract",2023,"food_rnk",7.2933
"01097003000","tract",2023,"food_rnk",13.4756
"01097003100","tract",2023,"food_rnk",60.6878
"01097003202","tract",2023,"food_rnk",3.7174
"01097003203","tract",2023,"food_rnk",13.8882
"01097003205","tract",2023,"food_rnk",6.9771
"01097003206","tract",2023,"food_rnk",37.2514
"01097003207","tract",2023,"food_rnk",22.0862
"01097003301","tract",2023,"food_rnk",32.5524
"01097003302","tract",2023,"food_rnk",63.1893
"01097003402","tract",2023,"food_rnk",8.5288
"01097003404","tract",2023,"food_rnk",1.5529
"01097003405","tract",2023,"food_rnk",50.7893
"01097003406","tract",2023,"food_rnk",4.2131
"01097003408","tract",2023,"food_rnk",13.826
"01097003409","tract",2023,"food_rnk",34.9098
"01097003410","tract",2023,"food_rnk",79.0748
"01097003501","tract",2023,"food_rnk",70.2006
"01097003502","tract",2023,"food_rnk",91.5848
"01097003602","tract",2023,"food_rnk",6.1127
"01097003606","tract",2023,"food_rnk",34.6303
"01097003607","tract",2023,"food_rnk",27.8339
"01097003608","tract",2023,"food_rnk",59.3351
"01097003703","tract",2023,"food_rnk",27.3809
"01097003704","tract",2023,"food_rnk",71.9378
"01097003705","tract",2023,"food_rnk",55.0512
"01097003706","tract",2023,"food_rnk",31.5965
"01097003707","tract",2023,"food_rnk",38.2452
"01097003708","tract",2023,"food_rnk",32.3314
"01097003710","tract",2023,"food_rnk",29.084
"01097003711","tract",2023,"food_rnk",37.0243
"01097003712","tract",2023,"food_rnk",32.2533
"01097003800","tract",2023,"food_rnk",55.5664
"01097003901","tract",2023,"food_rnk",15.9051
"01097003902","tract",2023,"food_rnk",10.5248
"01097004000","tract",2023,"food_rnk",1.7043
"01097004100","tract",2023,"food_rnk",2.1816
"01097004800","tract",2023,"food_rnk",0.0134
"01097004900","tract",2023,"food_rnk",9.9437
"01097005000","tract",2023,"food_rnk",1.7434
"01097005100","tract",2023,"food_rnk",12.3891
"01097005200","tract",2023,"food_rnk",8.6716
"01097005300","tract",2023,"food_rnk",16.7719
"01097005400","tract",2023,"food_rnk",65.1695
"01097005500","tract",2023,"food_rnk",28.4943
"01097005601","tract",2023,"food_rnk",42.2764
"01097005602","tract",2023,"food_rnk",60.2569
"01097005701","tract",2023,"food_rnk",81.016
"01097005702","tract",2023,"food_rnk",56.5809
"01097005800","tract",2023,"food_rnk",44.8536
"01097005900","tract",2023,"food_rnk",23.3827
"01097006000","tract",2023,"food_rnk",52.6633
"01097006102","tract",2023,"food_rnk",40.1045
"01097006103","tract",2023,"food_rnk",19.0255
"01097006104","tract",2023,"food_rnk",61.0309
"01097006106","tract",2023,"food_rnk",89.8988
"01097006107","tract",2023,"food_rnk",33.6817
"01097006201","tract",2023,"food_rnk",33.7525
"01097006202","tract",2023,"food_rnk",27.4444
"01097006303","tract",2023,"food_rnk",64.7703
"01097006304","tract",2023,"food_rnk",25.6608
"01097006305","tract",2023,"food_rnk",11.6065
"01097006306","tract",2023,"food_rnk",32.5036
"01097006307","tract",2023,"food_rnk",67.5123
"01097006402","tract",2023,"food_rnk",24.3972
"01097006403","tract",2023,"food_rnk",38.0315
"01097006407","tract",2023,"food_rnk",39.0094
"01097006408","tract",2023,"food_rnk",82.8729
"01097006409","tract",2023,"food_rnk",46.1489
"01097006410","tract",2023,"food_rnk",45.6557
"01097006411","tract",2023,"food_rnk",30.8139
"01097006412","tract",2023,"food_rnk",74.5761
"01097006413","tract",2023,"food_rnk",83.7824
"01097006501","tract",2023,"food_rnk",21.7358
"01097006503","tract",2023,"food_rnk",48.9165
"01097006504","tract",2023,"food_rnk",33.8758
"01097006505","tract",2023,"food_rnk",82.2454
"01097006600","tract",2023,"food_rnk",93.1999
"01097006702","tract",2023,"food_rnk",48.9373
"01097006703","tract",2023,"food_rnk",34.0492
"01097006704","tract",2023,"food_rnk",32.7099
"01097006802","tract",2023,"food_rnk",44.6167
"01097006803","tract",2023,"food_rnk",62.6717
"01097006804","tract",2023,"food_rnk",34.0931
"01097006902","tract",2023,"food_rnk",32.2692
"01097006903","tract",2023,"food_rnk",9.9938
"01097006904","tract",2023,"food_rnk",10.3295
"01097007000","tract",2023,"food_rnk",69.3936
"01097007101","tract",2023,"food_rnk",15.2763
"01097007102","tract",2023,"food_rnk",44.9683
"01097007103","tract",2023,"food_rnk",45.221
"01097007201","tract",2023,"food_rnk",24.2971
"01097007203","tract",2023,"food_rnk",84.1071
"01097007204","tract",2023,"food_rnk",27.1221
"01097007300","tract",2023,"food_rnk",7.9916
"01097007400","tract",2023,"food_rnk",8.74
"01097007500","tract",2023,"food_rnk",3.6491
"01097007600","tract",2023,"food_rnk",8.5642
"01097007700","tract",2023,"food_rnk",3.4342
"01097980000","tract",2023,"food_rnk",NA
"01097990000","tract",2023,"food_rnk",NA
"01099075600","tract",2023,"food_rnk",13.9725
"01099075700","tract",2023,"food_rnk",20.2732
"01099075800","tract",2023,"food_rnk",30.8261
"01099075901","tract",2023,"food_rnk",64.6189
"01099075902","tract",2023,"food_rnk",29.7127
"01099076000","tract",2023,"food_rnk",27.3809
"01099076101","tract",2023,"food_rnk",40.3182
"01099076102","tract",2023,"food_rnk",46.5163
"01099076200","tract",2023,"food_rnk",44.1711
"01101000100","tract",2023,"food_rnk",11.3404
"01101000200","tract",2023,"food_rnk",NA
"01101000300","tract",2023,"food_rnk",6.7634
"01101000400","tract",2023,"food_rnk",3.2645
"01101000500","tract",2023,"food_rnk",53.2517
"01101000600","tract",2023,"food_rnk",2.0461
"01101000700","tract",2023,"food_rnk",0.6727
"01101000900","tract",2023,"food_rnk",NA
"01101001000","tract",2023,"food_rnk",4.4548
"01101001100","tract",2023,"food_rnk",4.4487
"01101001200","tract",2023,"food_rnk",2.1169
"01101001300","tract",2023,"food_rnk",15.4009
"01101001400","tract",2023,"food_rnk",90.7485
"01101001500","tract",2023,"food_rnk",NA
"01101001600","tract",2023,"food_rnk",3.5954
"01101001700","tract",2023,"food_rnk",21.56
"01101001800","tract",2023,"food_rnk",17.0905
"01101001900","tract",2023,"food_rnk",24.8941
"01101002000","tract",2023,"food_rnk",29.8043
"01101002100","tract",2023,"food_rnk",12.6918
"01101002201","tract",2023,"food_rnk",1.968
"01101002202","tract",2023,"food_rnk",14.1458
"01101002300","tract",2023,"food_rnk",19.2917
"01101002400","tract",2023,"food_rnk",1.9643
"01101002500","tract",2023,"food_rnk",3.1107
"01101002600","tract",2023,"food_rnk",60.1067
"01101002700","tract",2023,"food_rnk",13.3303
"01101002800","tract",2023,"food_rnk",24.0542
"01101002901","tract",2023,"food_rnk",1.6445
"01101002902","tract",2023,"food_rnk",17.0356
"01101003000","tract",2023,"food_rnk",2.6333
"01101003100","tract",2023,"food_rnk",6.822
"01101003200","tract",2023,"food_rnk",12.6222
"01101003301","tract",2023,"food_rnk",39.1535
"01101003303","tract",2023,"food_rnk",22.9029
"01101003304","tract",2023,"food_rnk",30.1803
"01101005101","tract",2023,"food_rnk",29.9777
"01101005102","tract",2023,"food_rnk",2.7493
"01101005301","tract",2023,"food_rnk",93.5711
"01101005302","tract",2023,"food_rnk",11.4637
"01101005402","tract",2023,"food_rnk",6.4582
"01101005403","tract",2023,"food_rnk",22.9517
"01101005407","tract",2023,"food_rnk",85.5062
"01101005409","tract",2023,"food_rnk",16.2396
"01101005410","tract",2023,"food_rnk",23.2118
"01101005411","tract",2023,"food_rnk",37.6347
"01101005412","tract",2023,"food_rnk",36.044
"01101005413","tract",2023,"food_rnk",98.3433
"01101005414","tract",2023,"food_rnk",77.7466
"01101005501","tract",2023,"food_rnk",NA
"01101005502","tract",2023,"food_rnk",54.3724
"01101005503","tract",2023,"food_rnk",94.212
"01101005504","tract",2023,"food_rnk",91.271
"01101005604","tract",2023,"food_rnk",58.6942
"01101005605","tract",2023,"food_rnk",42.9466
"01101005606","tract",2023,"food_rnk",9.3211
"01101005607","tract",2023,"food_rnk",88.8574
"01101005608","tract",2023,"food_rnk",88.7732
"01101005609","tract",2023,"food_rnk",71.1602
"01101005610","tract",2023,"food_rnk",12.0521
"01101005611","tract",2023,"food_rnk",71.5301
"01101005612","tract",2023,"food_rnk",74.0072
"01101005613","tract",2023,"food_rnk",2.5491
"01101005614","tract",2023,"food_rnk",0.5225
"01101005700","tract",2023,"food_rnk",13.3804
"01101005800","tract",2023,"food_rnk",29.117
"01101005902","tract",2023,"food_rnk",2.8629
"01101005903","tract",2023,"food_rnk",86.2985
"01101005904","tract",2023,"food_rnk",37.4797
"01101006000","tract",2023,"food_rnk",19.0426
"01101006100","tract",2023,"food_rnk",7.1199
"01103000100","tract",2023,"food_rnk",35.9659
"01103000200","tract",2023,"food_rnk",81.3725
"01103000300","tract",2023,"food_rnk",41.1361
"01103000400","tract",2023,"food_rnk",36.2723
"01103000600","tract",2023,"food_rnk",3.9348
"01103000700","tract",2023,"food_rnk",8.7937
"01103000800","tract",2023,"food_rnk",32.4877
"01103000900","tract",2023,"food_rnk",7.7487
"01103001000","tract",2023,"food_rnk",47.5748
"01103005101","tract",2023,"food_rnk",42.0713
"01103005103","tract",2023,"food_rnk",25.7743
"01103005105","tract",2023,"food_rnk",79.214
"01103005106","tract",2023,"food_rnk",67.9054
"01103005107","tract",2023,"food_rnk",87.7928
"01103005108","tract",2023,"food_rnk",52.3825
"01103005109","tract",2023,"food_rnk",37.4419
"01103005201","tract",2023,"food_rnk",79.5351
"01103005202","tract",2023,"food_rnk",21.5478
"01103005302","tract",2023,"food_rnk",70.0248
"01103005303","tract",2023,"food_rnk",48.6113
"01103005304","tract",2023,"food_rnk",63.0831
"01103005305","tract",2023,"food_rnk",34.1786
"01103005306","tract",2023,"food_rnk",76.9762
"01103005404","tract",2023,"food_rnk",84.5112
"01103005405","tract",2023,"food_rnk",18.7545
"01103005500","tract",2023,"food_rnk",83.631
"01103005601","tract",2023,"food_rnk",48.2682
"01103005602","tract",2023,"food_rnk",16.5204
"01103005701","tract",2023,"food_rnk",23.9626
"01103005703","tract",2023,"food_rnk",64.1684
"01103005704","tract",2023,"food_rnk",62.3189
"01105686800","tract",2023,"food_rnk",31.4488
"01105687001","tract",2023,"food_rnk",3.5246
"01105687002","tract",2023,"food_rnk",10.8471
"01105687100","tract",2023,"food_rnk",0.691
"01107050000","tract",2023,"food_rnk",35.2614
"01107050100","tract",2023,"food_rnk",19.979
"01107050200","tract",2023,"food_rnk",55.5835
"01107050300","tract",2023,"food_rnk",NA
"01107050401","tract",2023,"food_rnk",5.1129
"01107050402","tract",2023,"food_rnk",22.5208
"01109188600","tract",2023,"food_rnk",51.2349
"01109188700","tract",2023,"food_rnk",17.1308
"01109188800","tract",2023,"food_rnk",35.5898
"01109188900","tract",2023,"food_rnk",15.0407
"01109189001","tract",2023,"food_rnk",64.1819
"01109189002","tract",2023,"food_rnk",75.5393
"01109189003","tract",2023,"food_rnk",41.3119
"01109189101","tract",2023,"food_rnk",NA
"01109189102","tract",2023,"food_rnk",21.8603
"01109189200","tract",2023,"food_rnk",19.2758
"01109189300","tract",2023,"food_rnk",15.4338
"01111000100","tract",2023,"food_rnk",44.5593
"01111000200","tract",2023,"food_rnk",37.3637
"01111000300","tract",2023,"food_rnk",46.1904
"01111000400","tract",2023,"food_rnk",15.9393
"01111000500","tract",2023,"food_rnk",10.4699
"01111000600","tract",2023,"food_rnk",22.1081
"01113030200","tract",2023,"food_rnk",1.161
"01113030300","tract",2023,"food_rnk",23.9418
"01113030402","tract",2023,"food_rnk",21.8042
"01113030403","tract",2023,"food_rnk",13.4231
"01113030404","tract",2023,"food_rnk",17.8572
"01113030500","tract",2023,"food_rnk",23.8515
"01113030601","tract",2023,"food_rnk",32.7685
"01113030602","tract",2023,"food_rnk",28.7178
"01113030700","tract",2023,"food_rnk",4.7332
"01113030800","tract",2023,"food_rnk",5.7147
"01113030903","tract",2023,"food_rnk",19.6176
"01113030904","tract",2023,"food_rnk",48.5124
"01113030905","tract",2023,"food_rnk",64.8423
"01113030906","tract",2023,"food_rnk",12.6918
"01113030907","tract",2023,"food_rnk",57.8823
"01113031000","tract",2023,"food_rnk",75.1999
"01113031100","tract",2023,"food_rnk",30.2804
"01113031200","tract",2023,"food_rnk",54.2284
"01115040104","tract",2023,"food_rnk",98.3348
"01115040105","tract",2023,"food_rnk",47.0279
"01115040107","tract",2023,"food_rnk",49.0105
"01115040108","tract",2023,"food_rnk",90.1674
"01115040109","tract",2023,"food_rnk",41.4633
"01115040110","tract",2023,"food_rnk",34.2005
"01115040206","tract",2023,"food_rnk",28.3283
"01115040207","tract",2023,"food_rnk",44.7791
"01115040208","tract",2023,"food_rnk",29.9923
"01115040209","tract",2023,"food_rnk",53.3689
"01115040210","tract",2023,"food_rnk",67.2889
"01115040211","tract",2023,"food_rnk",12.6405
"01115040212","tract",2023,"food_rnk",28.9399
"01115040213","tract",2023,"food_rnk",95.5793
"01115040301","tract",2023,"food_rnk",39.9348
"01115040302","tract",2023,"food_rnk",7.1553
"01115040401","tract",2023,"food_rnk",22.1948
"01115040402","tract",2023,"food_rnk",52.7096
"01115040503","tract",2023,"food_rnk",47.7054
"01115040504","tract",2023,"food_rnk",96.357
"01115040505","tract",2023,"food_rnk",76.5465
"01115040506","tract",2023,"food_rnk",39.853
"01115040507","tract",2023,"food_rnk",NA
"01115040508","tract",2023,"food_rnk",12.2719
"01117030102","tract",2023,"food_rnk",36.2833
"01117030103","tract",2023,"food_rnk",72.9145
"01117030211","tract",2023,"food_rnk",91.0342
"01117030212","tract",2023,"food_rnk",72.9414
"01117030215","tract",2023,"food_rnk",41.7185
"01117030216","tract",2023,"food_rnk",89.8988
"01117030218","tract",2023,"food_rnk",87.0262
"01117030219","tract",2023,"food_rnk",93.6199
"01117030220","tract",2023,"food_rnk",86.9676
"01117030221","tract",2023,"food_rnk",98.2286
"01117030304","tract",2023,"food_rnk",95.6795
"01117030305","tract",2023,"food_rnk",96.5878
"01117030306","tract",2023,"food_rnk",57.256
"01117030314","tract",2023,"food_rnk",55.0085
"01117030315","tract",2023,"food_rnk",94.0325
"01117030316","tract",2023,"food_rnk",50.1727
"01117030317","tract",2023,"food_rnk",70.6071
"01117030319","tract",2023,"food_rnk",66.5039
"01117030320","tract",2023,"food_rnk",61.6584
"01117030330","tract",2023,"food_rnk",87.0542
"01117030331","tract",2023,"food_rnk",78.44
"01117030336","tract",2023,"food_rnk",99.4836
"01117030337","tract",2023,"food_rnk",55.896
"01117030340","tract",2023,"food_rnk",74.8605
"01117030341","tract",2023,"food_rnk",71.6619
"01117030345","tract",2023,"food_rnk",78.4156
"01117030346","tract",2023,"food_rnk",94.9518
"01117030347","tract",2023,"food_rnk",93.1084
"01117030348","tract",2023,"food_rnk",83.8544
"01117030349","tract",2023,"food_rnk",92.3893
"01117030350","tract",2023,"food_rnk",96.3705
"01117030351","tract",2023,"food_rnk",83.4735
"01117030352","tract",2023,"food_rnk",97.8013
"01117030405","tract",2023,"food_rnk",36.8217
"01117030406","tract",2023,"food_rnk",84.9361
"01117030407","tract",2023,"food_rnk",NA
"01117030408","tract",2023,"food_rnk",15.0212
"01117030502","tract",2023,"food_rnk",71.137
"01117030503","tract",2023,"food_rnk",43.3519
"01117030504","tract",2023,"food_rnk",34.2701
"01117030607","tract",2023,"food_rnk",85.5319
"01117030610","tract",2023,"food_rnk",60.8111
"01117030611","tract",2023,"food_rnk",64.2978
"01117030612","tract",2023,"food_rnk",48.3879
"01117030613","tract",2023,"food_rnk",51.3045
"01117030614","tract",2023,"food_rnk",64.4504
"01117030615","tract",2023,"food_rnk",84.5857
"01117030616","tract",2023,"food_rnk",93.1084
"01117030701","tract",2023,"food_rnk",63.7167
"01117030703","tract",2023,"food_rnk",26.3225
"01117030704","tract",2023,"food_rnk",82.1929
"01117030800","tract",2023,"food_rnk",52.4301
"01117030900","tract",2023,"food_rnk",46.8899
"01117980000","tract",2023,"food_rnk",NA
"01117980100","tract",2023,"food_rnk",NA
"01119011301","tract",2023,"food_rnk",NA
"01119011302","tract",2023,"food_rnk",13.5208
"01119011400","tract",2023,"food_rnk",4.2485
"01119011500","tract",2023,"food_rnk",9.5067
"01119011600","tract",2023,"food_rnk",26.1503
"01121010101","tract",2023,"food_rnk",75.1193
"01121010102","tract",2023,"food_rnk",32.4022
"01121010201","tract",2023,"food_rnk",38.7152
"01121010202","tract",2023,"food_rnk",39.2072
"01121010301","tract",2023,"food_rnk",52.6633
"01121010302","tract",2023,"food_rnk",29.1853
"01121010400","tract",2023,"food_rnk",13.2168
"01121010500","tract",2023,"food_rnk",12.2413
"01121010600","tract",2023,"food_rnk",5.4339
"01121010700","tract",2023,"food_rnk",NA
"01121010900","tract",2023,"food_rnk",24.6048
"01121011000","tract",2023,"food_rnk",18.3834
"01121011100","tract",2023,"food_rnk",19.3393
"01121011200","tract",2023,"food_rnk",76.649
"01121011301","tract",2023,"food_rnk",16.1968
"01121011302","tract",2023,"food_rnk",44.1931
"01121011400","tract",2023,"food_rnk",11.9874
"01121011501","tract",2023,"food_rnk",79.5827
"01121011502","tract",2023,"food_rnk",58.7845
"01121011600","tract",2023,"food_rnk",13.5696
"01121011700","tract",2023,"food_rnk",26.4665
"01121011800","tract",2023,"food_rnk",20.3135
"01121011900","tract",2023,"food_rnk",32.246
"01121012000","tract",2023,"food_rnk",6.822
"01123961900","tract",2023,"food_rnk",38.9703
"01123962000","tract",2023,"food_rnk",26.5264
"01123962100","tract",2023,"food_rnk",7.8121
"01123962200","tract",2023,"food_rnk",22.511
"01123962301","tract",2023,"food_rnk",20.5467
"01123962302","tract",2023,"food_rnk",50.0604
"01123962400","tract",2023,"food_rnk",27.3187
"01123962501","tract",2023,"food_rnk",40.815
"01123962502","tract",2023,"food_rnk",80.994
"01123962600","tract",2023,"food_rnk",16.3873
"01123962701","tract",2023,"food_rnk",68.5683
"01123962702","tract",2023,"food_rnk",12.4843
"01125010101","tract",2023,"food_rnk",98.7157
"01125010102","tract",2023,"food_rnk",81.2211
"01125010104","tract",2023,"food_rnk",41.9541
"01125010105","tract",2023,"food_rnk",84.8128
"01125010201","tract",2023,"food_rnk",77.992
"01125010203","tract",2023,"food_rnk",93.2756
"01125010204","tract",2023,"food_rnk",63.7167
"01125010205","tract",2023,"food_rnk",48.814
"01125010206","tract",2023,"food_rnk",74.222
"01125010302","tract",2023,"food_rnk",49.0325
"01125010303","tract",2023,"food_rnk",73.6934
"01125010304","tract",2023,"food_rnk",9.0867
"01125010305","tract",2023,"food_rnk",93.2585
"01125010403","tract",2023,"food_rnk",43.4557
"01125010404","tract",2023,"food_rnk",12.6308
"01125010405","tract",2023,"food_rnk",65.0865
"01125010406","tract",2023,"food_rnk",80.8963
"01125010407","tract",2023,"food_rnk",26.7046
"01125010500","tract",2023,"food_rnk",9.4908
"01125010601","tract",2023,"food_rnk",70.9209
"01125010603","tract",2023,"food_rnk",69.5303
"01125010604","tract",2023,"food_rnk",94.5233
"01125010703","tract",2023,"food_rnk",66.4245
"01125010704","tract",2023,"food_rnk",70.7793
"01125010705","tract",2023,"food_rnk",70.6767
"01125010706","tract",2023,"food_rnk",46.7532
"01125010707","tract",2023,"food_rnk",34.5143
"01125010802","tract",2023,"food_rnk",74.548
"01125010803","tract",2023,"food_rnk",6.3813
"01125010804","tract",2023,"food_rnk",51.805
"01125011200","tract",2023,"food_rnk",NA
"01125011401","tract",2023,"food_rnk",NA
"01125011402","tract",2023,"food_rnk",54.641
"01125011600","tract",2023,"food_rnk",48.9373
"01125011701","tract",2023,"food_rnk",5.1116
"01125011703","tract",2023,"food_rnk",7.9525
"01125011800","tract",2023,"food_rnk",0.7887
"01125011901","tract",2023,"food_rnk",55.0329
"01125011902","tract",2023,"food_rnk",2.9434
"01125012001","tract",2023,"food_rnk",20.9947
"01125012002","tract",2023,"food_rnk",48.991
"01125012101","tract",2023,"food_rnk",3.6283
"01125012102","tract",2023,"food_rnk",14.7221
"01125012304","tract",2023,"food_rnk",20.1133
"01125012305","tract",2023,"food_rnk",31.3877
"01125012306","tract",2023,"food_rnk",18.1465
"01125012307","tract",2023,"food_rnk",80.22
"01125012403","tract",2023,"food_rnk",82.2209
"01125012404","tract",2023,"food_rnk",33.6121
"01125012406","tract",2023,"food_rnk",17.0209
"01125012407","tract",2023,"food_rnk",0.6519
"01125012408","tract",2023,"food_rnk",12.0118
"01125012501","tract",2023,"food_rnk",9.3345
"01125012503","tract",2023,"food_rnk",59.7014
"01125012504","tract",2023,"food_rnk",62.8109
"01125012505","tract",2023,"food_rnk",62.5325
"01125012600","tract",2023,"food_rnk",57.5039
"01125012700","tract",2023,"food_rnk",41.3119
"01125012800","tract",2023,"food_rnk",7.7877
"01127020100","tract",2023,"food_rnk",23.1898
"01127020200","tract",2023,"food_rnk",45.7985
"01127020301","tract",2023,"food_rnk",21.5795
"01127020302","tract",2023,"food_rnk",29.8544
"01127020400","tract",2023,"food_rnk",10.0096
"01127020600","tract",2023,"food_rnk",19.0841
"01127020700","tract",2023,"food_rnk",38.7152
"01127020801","tract",2023,"food_rnk",17.8572
"01127020802","tract",2023,"food_rnk",21.7492
"01127020900","tract",2023,"food_rnk",66.449
"01127021000","tract",2023,"food_rnk",73.8838
"01127021100","tract",2023,"food_rnk",35.7888
"01127021200","tract",2023,"food_rnk",53.2248
"01127021300","tract",2023,"food_rnk",69.3936
"01127021400","tract",2023,"food_rnk",29.0095
"01127021500","tract",2023,"food_rnk",23.2118
"01127021600","tract",2023,"food_rnk",47.001
"01127021700","tract",2023,"food_rnk",41.7636
"01127021800","tract",2023,"food_rnk",35.7888
"01127021900","tract",2023,"food_rnk",10.9607
"01129043900","tract",2023,"food_rnk",26.3042
"01129044000","tract",2023,"food_rnk",45.0367
"01129044100","tract",2023,"food_rnk",29.482
"01129044200","tract",2023,"food_rnk",42.7537
"01129044300","tract",2023,"food_rnk",56.9521
"01131034700","tract",2023,"food_rnk",0.7703
"01131034801","tract",2023,"food_rnk",1.5407
"01131034802","tract",2023,"food_rnk",3.9116
"01131035100","tract",2023,"food_rnk",6.4424
"01131035200","tract",2023,"food_rnk",34.1078
"01133965501","tract",2023,"food_rnk",48.5527
"01133965502","tract",2023,"food_rnk",48.1474
"01133965503","tract",2023,"food_rnk",38.3831
"01133965601","tract",2023,"food_rnk",34.441
"01133965602","tract",2023,"food_rnk",11.6688
"01133965700","tract",2023,"food_rnk",33.5291
"01133965800","tract",2023,"food_rnk",18.1709
"01133965900","tract",2023,"food_rnk",31.9359
"01001020100","tract",2023,"food_state_rnk",23.1044
"01001020200","tract",2023,"food_state_rnk",32.3319
"01001020300","tract",2023,"food_state_rnk",40.3433
"01001020400","tract",2023,"food_state_rnk",82.2604
"01001020501","tract",2023,"food_state_rnk",93.4907
"01001020502","tract",2023,"food_state_rnk",97.2818
"01001020503","tract",2023,"food_state_rnk",61.9456
"01001020600","tract",2023,"food_state_rnk",41.8097
"01001020700","tract",2023,"food_state_rnk",45.7439
"01001020801","tract",2023,"food_state_rnk",35.6581
"01001020803","tract",2023,"food_state_rnk",51.1445
"01001020804","tract",2023,"food_state_rnk",99.6423
"01001020805","tract",2023,"food_state_rnk",90.0572
"01001020901","tract",2023,"food_state_rnk",70.3863
"01001020902","tract",2023,"food_state_rnk",63.3047
"01001021000","tract",2023,"food_state_rnk",79.6853
"01001021100","tract",2023,"food_state_rnk",13.1617
"01003010100","tract",2023,"food_state_rnk",42.6323
"01003010200","tract",2023,"food_state_rnk",72.5322
"01003010300","tract",2023,"food_state_rnk",90.8441
"01003010400","tract",2023,"food_state_rnk",66.2375
"01003010500","tract",2023,"food_state_rnk",72.6037
"01003010600","tract",2023,"food_state_rnk",6.9385
"01003010704","tract",2023,"food_state_rnk",87.6967
"01003010706","tract",2023,"food_state_rnk",94.7425
"01003010707","tract",2023,"food_state_rnk",97.711
"01003010708","tract",2023,"food_state_rnk",96.6023
"01003010709","tract",2023,"food_state_rnk",100
"01003010710","tract",2023,"food_state_rnk",87.1602
"01003010711","tract",2023,"food_state_rnk",73.319
"01003010800","tract",2023,"food_state_rnk",94.8498
"01003010903","tract",2023,"food_state_rnk",34.1202
"01003010904","tract",2023,"food_state_rnk",73.7482
"01003010906","tract",2023,"food_state_rnk",21.8169
"01003010907","tract",2023,"food_state_rnk",75.8226
"01003010908","tract",2023,"food_state_rnk",76.4664
"01003011000","tract",2023,"food_state_rnk",37.8398
"01003011102","tract",2023,"food_state_rnk",75.7511
"01003011103","tract",2023,"food_state_rnk",82.9757
"01003011104","tract",2023,"food_state_rnk",84.9785
"01003011201","tract",2023,"food_state_rnk",78.8627
"01003011202","tract",2023,"food_state_rnk",89.0558
"01003011300","tract",2023,"food_state_rnk",96.7811
"01003011409","tract",2023,"food_state_rnk",86.7668
"01003011410","tract",2023,"food_state_rnk",99.1416
"01003011411","tract",2023,"food_state_rnk",70.6724
"01003011412","tract",2023,"food_state_rnk",80.3648
"01003011413","tract",2023,"food_state_rnk",95.0644
"01003011414","tract",2023,"food_state_rnk",77.5393
"01003011415","tract",2023,"food_state_rnk",92.5966
"01003011416","tract",2023,"food_state_rnk",88.1617
"01003011417","tract",2023,"food_state_rnk",97.1388
"01003011418","tract",2023,"food_state_rnk",71.7454
"01003011419","tract",2023,"food_state_rnk",73.4621
"01003011501","tract",2023,"food_state_rnk",96.03
"01003011503","tract",2023,"food_state_rnk",95.4936
"01003011504","tract",2023,"food_state_rnk",95.1359
"01003011601","tract",2023,"food_state_rnk",52.0744
"01003011603","tract",2023,"food_state_rnk",57.7969
"01003011604","tract",2023,"food_state_rnk",71.8169
"01003990000","tract",2023,"food_state_rnk",NA
"01005950100","tract",2023,"food_state_rnk",28.1831
"01005950200","tract",2023,"food_state_rnk",NA
"01005950300","tract",2023,"food_state_rnk",32.1531
"01005950400","tract",2023,"food_state_rnk",NA
"01005950500","tract",2023,"food_state_rnk",55.5794
"01005950600","tract",2023,"food_state_rnk",11.588
"01005950700","tract",2023,"food_state_rnk",42.8827
"01005950800","tract",2023,"food_state_rnk",30.1144
"01005950900","tract",2023,"food_state_rnk",8.7983
"01007010001","tract",2023,"food_state_rnk",67.0959
"01007010005","tract",2023,"food_state_rnk",48.4263
"01007010006","tract",2023,"food_state_rnk",25.7511
"01007010007","tract",2023,"food_state_rnk",73.8913
"01007010008","tract",2023,"food_state_rnk",40.4149
"01007010009","tract",2023,"food_state_rnk",3.0043
"01007010010","tract",2023,"food_state_rnk",24.3205
"01007010011","tract",2023,"food_state_rnk",67.5966
"01009050103","tract",2023,"food_state_rnk",74.1416
"01009050104","tract",2023,"food_state_rnk",67.4535
"01009050105","tract",2023,"food_state_rnk",58.226
"01009050106","tract",2023,"food_state_rnk",25.8226
"01009050107","tract",2023,"food_state_rnk",38.9127
"01009050200","tract",2023,"food_state_rnk",37.9828
"01009050301","tract",2023,"food_state_rnk",34.7639
"01009050302","tract",2023,"food_state_rnk",44.2775
"01009050400","tract",2023,"food_state_rnk",76.6452
"01009050501","tract",2023,"food_state_rnk",66.917
"01009050502","tract",2023,"food_state_rnk",46.0658
"01009050601","tract",2023,"food_state_rnk",63.4478
"01009050603","tract",2023,"food_state_rnk",79.1845
"01009050604","tract",2023,"food_state_rnk",73.3906
"01009050701","tract",2023,"food_state_rnk",70.0286
"01009050702","tract",2023,"food_state_rnk",43.2761
"01011952100","tract",2023,"food_state_rnk",11.1588
"01011952201","tract",2023,"food_state_rnk",7.01
"01011952202","tract",2023,"food_state_rnk",5.4363
"01011952500","tract",2023,"food_state_rnk",24.8212
"01013952700","tract",2023,"food_state_rnk",33.6195
"01013952800","tract",2023,"food_state_rnk",52.7182
"01013952900","tract",2023,"food_state_rnk",26.824
"01013953000","tract",2023,"food_state_rnk",60.4435
"01013953100","tract",2023,"food_state_rnk",22.7825
"01013953200","tract",2023,"food_state_rnk",49.2847
"01013953300","tract",2023,"food_state_rnk",30.6867
"01013953400","tract",2023,"food_state_rnk",14.3777
"01013953500","tract",2023,"food_state_rnk",61.731
"01015000200","tract",2023,"food_state_rnk",22.9614
"01015000300","tract",2023,"food_state_rnk",3.7911
"01015000400","tract",2023,"food_state_rnk",8.226
"01015000500","tract",2023,"food_state_rnk",9.5136
"01015000600","tract",2023,"food_state_rnk",5.0072
"01015000700","tract",2023,"food_state_rnk",16.5236
"01015000800","tract",2023,"food_state_rnk",19.5994
"01015000900","tract",2023,"food_state_rnk",54.1488
"01015001000","tract",2023,"food_state_rnk",79.7568
"01015001101","tract",2023,"food_state_rnk",90.4149
"01015001102","tract",2023,"food_state_rnk",9.299
"01015001103","tract",2023,"food_state_rnk",38.1259
"01015001201","tract",2023,"food_state_rnk",27.0386
"01015001202","tract",2023,"food_state_rnk",48.8555
"01015001300","tract",2023,"food_state_rnk",16.6667
"01015001400","tract",2023,"food_state_rnk",29.113
"01015001501","tract",2023,"food_state_rnk",40.0215
"01015001502","tract",2023,"food_state_rnk",58.4406
"01015001600","tract",2023,"food_state_rnk",62.4464
"01015001700","tract",2023,"food_state_rnk",25.0715
"01015001801","tract",2023,"food_state_rnk",29.8641
"01015001802","tract",2023,"food_state_rnk",69.5279
"01015002001","tract",2023,"food_state_rnk",64.2346
"01015002002","tract",2023,"food_state_rnk",72.103
"01015002101","tract",2023,"food_state_rnk",NA
"01015002102","tract",2023,"food_state_rnk",88.7339
"01015002104","tract",2023,"food_state_rnk",45.9943
"01015002105","tract",2023,"food_state_rnk",8.0114
"01015002200","tract",2023,"food_state_rnk",53.2189
"01015002300","tract",2023,"food_state_rnk",49.2847
"01015002400","tract",2023,"food_state_rnk",41.9886
"01015002502","tract",2023,"food_state_rnk",44.4206
"01015002503","tract",2023,"food_state_rnk",86.8383
"01015002504","tract",2023,"food_state_rnk",21.4592
"01015002600","tract",2023,"food_state_rnk",48.1402
"01015981901","tract",2023,"food_state_rnk",NA
"01015981902","tract",2023,"food_state_rnk",NA
"01015981903","tract",2023,"food_state_rnk",NA
"01017953800","tract",2023,"food_state_rnk",31.9385
"01017953900","tract",2023,"food_state_rnk",15.1645
"01017954001","tract",2023,"food_state_rnk",81.3662
"01017954002","tract",2023,"food_state_rnk",24.6066
"01017954200","tract",2023,"food_state_rnk",83.9771
"01017954300","tract",2023,"food_state_rnk",41.5594
"01017954600","tract",2023,"food_state_rnk",65.6295
"01017954700","tract",2023,"food_state_rnk",35.5508
"01017954800","tract",2023,"food_state_rnk",37.4821
"01019955701","tract",2023,"food_state_rnk",19.3848
"01019955702","tract",2023,"food_state_rnk",79.578
"01019955801","tract",2023,"food_state_rnk",61.8026
"01019955802","tract",2023,"food_state_rnk",64.485
"01019955900","tract",2023,"food_state_rnk",65.9871
"01019956000","tract",2023,"food_state_rnk",83.4764
"01019956101","tract",2023,"food_state_rnk",47.9971
"01019956102","tract",2023,"food_state_rnk",50.7153
"01021060101","tract",2023,"food_state_rnk",30.0429
"01021060103","tract",2023,"food_state_rnk",70.3147
"01021060104","tract",2023,"food_state_rnk",68.0973
"01021060200","tract",2023,"food_state_rnk",77.8612
"01021060300","tract",2023,"food_state_rnk",39.0558
"01021060401","tract",2023,"food_state_rnk",79.578
"01021060403","tract",2023,"food_state_rnk",65.0215
"01021060404","tract",2023,"food_state_rnk",59.0129
"01021060500","tract",2023,"food_state_rnk",34.6924
"01021060600","tract",2023,"food_state_rnk",59.3705
"01021060701","tract",2023,"food_state_rnk",21.1373
"01021060702","tract",2023,"food_state_rnk",26.9671
"01023956700","tract",2023,"food_state_rnk",46.9599
"01023956800","tract",2023,"food_state_rnk",33.4049
"01023956900","tract",2023,"food_state_rnk",29.1845
"01023957000","tract",2023,"food_state_rnk",50.5007
"01025957500","tract",2023,"food_state_rnk",29.3991
"01025957601","tract",2023,"food_state_rnk",16.0944
"01025957603","tract",2023,"food_state_rnk",12.0172
"01025957604","tract",2023,"food_state_rnk",29.5422
"01025957700","tract",2023,"food_state_rnk",13.9485
"01025957800","tract",2023,"food_state_rnk",56.5093
"01025957901","tract",2023,"food_state_rnk",28.3977
"01025957902","tract",2023,"food_state_rnk",37.9113
"01025958003","tract",2023,"food_state_rnk",10.1574
"01027958900","tract",2023,"food_state_rnk",52.8612
"01027959000","tract",2023,"food_state_rnk",39.5565
"01027959100","tract",2023,"food_state_rnk",38.1974
"01027959200","tract",2023,"food_state_rnk",52.1459
"01029959500","tract",2023,"food_state_rnk",32.618
"01029959600","tract",2023,"food_state_rnk",45.2074
"01029959700","tract",2023,"food_state_rnk",28.2546
"01029959800","tract",2023,"food_state_rnk",50.5722
"01031010100","tract",2023,"food_state_rnk",35.98
"01031010200","tract",2023,"food_state_rnk",49.7854
"01031010300","tract",2023,"food_state_rnk",75.1788
"01031010400","tract",2023,"food_state_rnk",32.8326
"01031010500","tract",2023,"food_state_rnk",24.392
"01031010600","tract",2023,"food_state_rnk",58.3691
"01031010700","tract",2023,"food_state_rnk",49.7139
"01031010800","tract",2023,"food_state_rnk",69.9571
"01031010900","tract",2023,"food_state_rnk",16.3805
"01031011000","tract",2023,"food_state_rnk",39.2704
"01031011100","tract",2023,"food_state_rnk",44.7783
"01031011203","tract",2023,"food_state_rnk",75.8941
"01031011204","tract",2023,"food_state_rnk",96.8526
"01031011205","tract",2023,"food_state_rnk",69.8856
"01031011206","tract",2023,"food_state_rnk",56.402
"01031011300","tract",2023,"food_state_rnk",9.8712
"01033020100","tract",2023,"food_state_rnk",18.4549
"01033020200","tract",2023,"food_state_rnk",31.6881
"01033020300","tract",2023,"food_state_rnk",15.3076
"01033020400","tract",2023,"food_state_rnk",83.7625
"01033020500","tract",2023,"food_state_rnk",35.3362
"01033020600","tract",2023,"food_state_rnk",55.4721
"01033020703","tract",2023,"food_state_rnk",63.2332
"01033020704","tract",2023,"food_state_rnk",52.5036
"01033020705","tract",2023,"food_state_rnk",61.3019
"01033020706","tract",2023,"food_state_rnk",51.824
"01033020801","tract",2023,"food_state_rnk",82.1173
"01033020802","tract",2023,"food_state_rnk",58.0114
"01033020901","tract",2023,"food_state_rnk",36.0515
"01033020902","tract",2023,"food_state_rnk",76.3233
"01033021000","tract",2023,"food_state_rnk",18.5265
"01035960200","tract",2023,"food_state_rnk",69.0272
"01035960300","tract",2023,"food_state_rnk",36.9456
"01035960400","tract",2023,"food_state_rnk",27.1459
"01035960500","tract",2023,"food_state_rnk",21.8884
"01035960600","tract",2023,"food_state_rnk",15.2361
"01037961000","tract",2023,"food_state_rnk",36.5522
"01037961100","tract",2023,"food_state_rnk",37.6967
"01037961200","tract",2023,"food_state_rnk",64.3777
"01039961600","tract",2023,"food_state_rnk",78.3262
"01039961700","tract",2023,"food_state_rnk",52.9685
"01039961800","tract",2023,"food_state_rnk",38.8412
"01039961900","tract",2023,"food_state_rnk",28.505
"01039962000","tract",2023,"food_state_rnk",35.8369
"01039962100","tract",2023,"food_state_rnk",32.475
"01039962300","tract",2023,"food_state_rnk",70.8155
"01039962400","tract",2023,"food_state_rnk",80.5436
"01039962500","tract",2023,"food_state_rnk",54.0773
"01039962600","tract",2023,"food_state_rnk",8.3691
"01039962700","tract",2023,"food_state_rnk",19.5279
"01039962800","tract",2023,"food_state_rnk",64.7353
"01039962900","tract",2023,"food_state_rnk",33.834
"01039963000","tract",2023,"food_state_rnk",31.2232
"01041963400","tract",2023,"food_state_rnk",51.2518
"01041963500","tract",2023,"food_state_rnk",46.5665
"01041963600","tract",2023,"food_state_rnk",66.7024
"01041963700","tract",2023,"food_state_rnk",27.2532
"01041963800","tract",2023,"food_state_rnk",12.804
"01041963900","tract",2023,"food_state_rnk",30.186
"01043964100","tract",2023,"food_state_rnk",57.5107
"01043964201","tract",2023,"food_state_rnk",71.8884
"01043964202","tract",2023,"food_state_rnk",44.8498
"01043964300","tract",2023,"food_state_rnk",66.166
"01043964400","tract",2023,"food_state_rnk",64.485
"01043964500","tract",2023,"food_state_rnk",69.5994
"01043964600","tract",2023,"food_state_rnk",65.3076
"01043964700","tract",2023,"food_state_rnk",71.6023
"01043964800","tract",2023,"food_state_rnk",78.6123
"01043964901","tract",2023,"food_state_rnk",93.3119
"01043964902","tract",2023,"food_state_rnk",76.824
"01043965001","tract",2023,"food_state_rnk",83.1545
"01043965002","tract",2023,"food_state_rnk",24.1059
"01043965100","tract",2023,"food_state_rnk",73.2475
"01043965200","tract",2023,"food_state_rnk",62.3033
"01043965300","tract",2023,"food_state_rnk",70.6009
"01043965401","tract",2023,"food_state_rnk",26.6094
"01043965402","tract",2023,"food_state_rnk",55.2933
"01043965501","tract",2023,"food_state_rnk",77.2175
"01043965502","tract",2023,"food_state_rnk",37.4106
"01043965600","tract",2023,"food_state_rnk",79.9714
"01043965700","tract",2023,"food_state_rnk",74.392
"01045020000","tract",2023,"food_state_rnk",92.2031
"01045020100","tract",2023,"food_state_rnk",54.9356
"01045020200","tract",2023,"food_state_rnk",35.7654
"01045020300","tract",2023,"food_state_rnk",44.6352
"01045020400","tract",2023,"food_state_rnk",39.1989
"01045020500","tract",2023,"food_state_rnk",22.7825
"01045020700","tract",2023,"food_state_rnk",1.3948
"01045020801","tract",2023,"food_state_rnk",23.7482
"01045020802","tract",2023,"food_state_rnk",28.8984
"01045021101","tract",2023,"food_state_rnk",80.794
"01045021102","tract",2023,"food_state_rnk",28.6838
"01045021200","tract",2023,"food_state_rnk",19.3133
"01045021300","tract",2023,"food_state_rnk",51.073
"01045021400","tract",2023,"food_state_rnk",13.877
"01047956101","tract",2023,"food_state_rnk",40.1645
"01047956102","tract",2023,"food_state_rnk",20.6366
"01047956201","tract",2023,"food_state_rnk",7.7611
"01047956202","tract",2023,"food_state_rnk",57.7253
"01047956300","tract",2023,"food_state_rnk",8.7268
"01047956400","tract",2023,"food_state_rnk",3.8627
"01047956500","tract",2023,"food_state_rnk",2.9328
"01047956600","tract",2023,"food_state_rnk",10.8727
"01047956701","tract",2023,"food_state_rnk",30.9728
"01047956702","tract",2023,"food_state_rnk",36.3376
"01047956800","tract",2023,"food_state_rnk",10.0143
"01047956900","tract",2023,"food_state_rnk",4.721
"01047957000","tract",2023,"food_state_rnk",5.2217
"01047957100","tract",2023,"food_state_rnk",5.5079
"01047957200","tract",2023,"food_state_rnk",8.2976
"01047957301","tract",2023,"food_state_rnk",1.6452
"01047957302","tract",2023,"food_state_rnk",12.4464
"01049960101","tract",2023,"food_state_rnk",28.3262
"01049960102","tract",2023,"food_state_rnk",42.7039
"01049960200","tract",2023,"food_state_rnk",18.0973
"01049960301","tract",2023,"food_state_rnk",38.3763
"01049960302","tract",2023,"food_state_rnk",69.671
"01049960303","tract",2023,"food_state_rnk",22.6753
"01049960401","tract",2023,"food_state_rnk",47.2818
"01049960402","tract",2023,"food_state_rnk",62.5894
"01049960500","tract",2023,"food_state_rnk",53.1116
"01049960601","tract",2023,"food_state_rnk",21.2804
"01049960602","tract",2023,"food_state_rnk",63.8412
"01049960701","tract",2023,"food_state_rnk",35.4077
"01049960702","tract",2023,"food_state_rnk",29.7568
"01049960703","tract",2023,"food_state_rnk",30.4721
"01049960800","tract",2023,"food_state_rnk",22.1745
"01049960900","tract",2023,"food_state_rnk",50.9299
"01049961000","tract",2023,"food_state_rnk",47.711
"01049961100","tract",2023,"food_state_rnk",49.2847
"01049961200","tract",2023,"food_state_rnk",71.1731
"01049961300","tract",2023,"food_state_rnk",50.7868
"01049961400","tract",2023,"food_state_rnk",46.1373
"01051030101","tract",2023,"food_state_rnk",48.4979
"01051030102","tract",2023,"food_state_rnk",60.0858
"01051030103","tract",2023,"food_state_rnk",NA
"01051030200","tract",2023,"food_state_rnk",46.2804
"01051030300","tract",2023,"food_state_rnk",76.1803
"01051030401","tract",2023,"food_state_rnk",17.525
"01051030402","tract",2023,"food_state_rnk",79.3634
"01051030500","tract",2023,"food_state_rnk",74.5351
"01051030600","tract",2023,"food_state_rnk",29.2561
"01051030701","tract",2023,"food_state_rnk",96.1731
"01051030702","tract",2023,"food_state_rnk",79.8999
"01051030801","tract",2023,"food_state_rnk",35.6581
"01051030802","tract",2023,"food_state_rnk",80.4721
"01051030901","tract",2023,"food_state_rnk",76.8956
"01051030902","tract",2023,"food_state_rnk",35.2647
"01051031001","tract",2023,"food_state_rnk",45.7439
"01051031002","tract",2023,"food_state_rnk",53.6123
"01051031100","tract",2023,"food_state_rnk",73.8197
"01051031200","tract",2023,"food_state_rnk",33.5479
"01051031300","tract",2023,"food_state_rnk",50.0715
"01053969801","tract",2023,"food_state_rnk",46.4235
"01053969802","tract",2023,"food_state_rnk",29.9714
"01053969900","tract",2023,"food_state_rnk",60.8727
"01053970100","tract",2023,"food_state_rnk",84.2632
"01053970200","tract",2023,"food_state_rnk",25.8941
"01053970300","tract",2023,"food_state_rnk",25.3219
"01053970400","tract",2023,"food_state_rnk",NA
"01053970500","tract",2023,"food_state_rnk",29.6137
"01053970600","tract",2023,"food_state_rnk",16.5951
"01053970700","tract",2023,"food_state_rnk",41.4521
"01055000200","tract",2023,"food_state_rnk",12.7325
"01055000300","tract",2023,"food_state_rnk",0.5007
"01055000400","tract",2023,"food_state_rnk",33.691
"01055000500","tract",2023,"food_state_rnk",17.0243
"01055000600","tract",2023,"food_state_rnk",21.3877
"01055000700","tract",2023,"food_state_rnk",0.4292
"01055000800","tract",2023,"food_state_rnk",54.4707
"01055000900","tract",2023,"food_state_rnk",9.9428
"01055001000","tract",2023,"food_state_rnk",5.6509
"01055001100","tract",2023,"food_state_rnk",67.525
"01055001200","tract",2023,"food_state_rnk",58.5837
"01055001300","tract",2023,"food_state_rnk",57.1531
"01055001600","tract",2023,"food_state_rnk",18.8841
"01055001700","tract",2023,"food_state_rnk",17.5966
"01055010100","tract",2023,"food_state_rnk",78.7554
"01055010201","tract",2023,"food_state_rnk",18.3119
"01055010202","tract",2023,"food_state_rnk",71.3877
"01055010300","tract",2023,"food_state_rnk",21.5665
"01055010401","tract",2023,"food_state_rnk",6.1516
"01055010402","tract",2023,"food_state_rnk",72.3891
"01055010503","tract",2023,"food_state_rnk",86.1946
"01055010504","tract",2023,"food_state_rnk",77.3963
"01055010505","tract",2023,"food_state_rnk",80.0429
"01055010506","tract",2023,"food_state_rnk",83.5479
"01055010601","tract",2023,"food_state_rnk",81.5808
"01055010602","tract",2023,"food_state_rnk",41.6309
"01055010700","tract",2023,"food_state_rnk",84.5494
"01055010800","tract",2023,"food_state_rnk",48.5694
"01055010900","tract",2023,"food_state_rnk",81.9027
"01055011001","tract",2023,"food_state_rnk",77.6109
"01055011002","tract",2023,"food_state_rnk",41.917
"01055011100","tract",2023,"food_state_rnk",41.2017
"01055011200","tract",2023,"food_state_rnk",5.3648
"01057020000","tract",2023,"food_state_rnk",78.4692
"01057020100","tract",2023,"food_state_rnk",41.1302
"01057020200","tract",2023,"food_state_rnk",44.7067
"01057020300","tract",2023,"food_state_rnk",15.5222
"01057020400","tract",2023,"food_state_rnk",60.372
"01059972900","tract",2023,"food_state_rnk",32.4034
"01059973000","tract",2023,"food_state_rnk",19.4564
"01059973100","tract",2023,"food_state_rnk",61.6595
"01059973200","tract",2023,"food_state_rnk",14.8784
"01059973300","tract",2023,"food_state_rnk",26.3948
"01059973400","tract",2023,"food_state_rnk",40.5579
"01059973500","tract",2023,"food_state_rnk",46.2089
"01059973600","tract",2023,"food_state_rnk",20.9585
"01059973701","tract",2023,"food_state_rnk",28.1116
"01059973702","tract",2023,"food_state_rnk",17.3104
"01059973703","tract",2023,"food_state_rnk",70.2432
"01061050100","tract",2023,"food_state_rnk",27.9685
"01061050200","tract",2023,"food_state_rnk",39.628
"01061050300","tract",2023,"food_state_rnk",26.2518
"01061050400","tract",2023,"food_state_rnk",34.5851
"01061050500","tract",2023,"food_state_rnk",46.6381
"01061050600","tract",2023,"food_state_rnk",71.3162
"01063060000","tract",2023,"food_state_rnk",2.7182
"01063060101","tract",2023,"food_state_rnk",4.0057
"01063060102","tract",2023,"food_state_rnk",26.3233
"01063060200","tract",2023,"food_state_rnk",13.3763
"01065040000","tract",2023,"food_state_rnk",68.4192
"01065040100","tract",2023,"food_state_rnk",81.3662
"01065040200","tract",2023,"food_state_rnk",86.3376
"01065040300","tract",2023,"food_state_rnk",1.7167
"01065040401","tract",2023,"food_state_rnk",6.7239
"01065040402","tract",2023,"food_state_rnk",4.2203
"01065040500","tract",2023,"food_state_rnk",21.7454
"01067030100","tract",2023,"food_state_rnk",27.1459
"01067030200","tract",2023,"food_state_rnk",25.6795
"01067030300","tract",2023,"food_state_rnk",21.9599
"01067030400","tract",2023,"food_state_rnk",44.3491
"01067030500","tract",2023,"food_state_rnk",75.3934
"01067030600","tract",2023,"food_state_rnk",67.382
"01069040100","tract",2023,"food_state_rnk",91.0229
"01069040203","tract",2023,"food_state_rnk",86.0157
"01069040204","tract",2023,"food_state_rnk",65.8798
"01069040205","tract",2023,"food_state_rnk",97.4249
"01069040206","tract",2023,"food_state_rnk",74.3205
"01069040301","tract",2023,"food_state_rnk",49.6423
"01069040302","tract",2023,"food_state_rnk",20.8155
"01069040400","tract",2023,"food_state_rnk",64.6638
"01069040500","tract",2023,"food_state_rnk",50.1431
"01069040600","tract",2023,"food_state_rnk",2.5751
"01069040700","tract",2023,"food_state_rnk",11.9456
"01069040801","tract",2023,"food_state_rnk",68.598
"01069040802","tract",2023,"food_state_rnk",30.8298
"01069040900","tract",2023,"food_state_rnk",55.3648
"01069041000","tract",2023,"food_state_rnk",9.2275
"01069041100","tract",2023,"food_state_rnk",24.1774
"01069041200","tract",2023,"food_state_rnk",1.7883
"01069041400","tract",2023,"food_state_rnk",3.9342
"01069041500","tract",2023,"food_state_rnk",15.7368
"01069041600","tract",2023,"food_state_rnk",56.9385
"01069041700","tract",2023,"food_state_rnk",59.8712
"01069041800","tract",2023,"food_state_rnk",43.9199
"01069041901","tract",2023,"food_state_rnk",47.2818
"01069041902","tract",2023,"food_state_rnk",42.3462
"01069042000","tract",2023,"food_state_rnk",45.9227
"01069042100","tract",2023,"food_state_rnk",74.0343
"01071950101","tract",2023,"food_state_rnk",39.3419
"01071950102","tract",2023,"food_state_rnk",57.5823
"01071950200","tract",2023,"food_state_rnk",24.2489
"01071950301","tract",2023,"food_state_rnk",31.1159
"01071950302","tract",2023,"food_state_rnk",55.0072
"01071950400","tract",2023,"food_state_rnk",59.7639
"01071950500","tract",2023,"food_state_rnk",70.1717
"01071950601","tract",2023,"food_state_rnk",40.1645
"01071950602","tract",2023,"food_state_rnk",17.6681
"01071950700","tract",2023,"food_state_rnk",64.8069
"01071950800","tract",2023,"food_state_rnk",38.3763
"01071950901","tract",2023,"food_state_rnk",22.103
"01071950902","tract",2023,"food_state_rnk",84.3348
"01071951000","tract",2023,"food_state_rnk",32.9041
"01071951101","tract",2023,"food_state_rnk",68.1688
"01071951102","tract",2023,"food_state_rnk",53.505
"01073000100","tract",2023,"food_state_rnk",11.731
"01073000300","tract",2023,"food_state_rnk",2.0029
"01073000400","tract",2023,"food_state_rnk",3.6481
"01073000500","tract",2023,"food_state_rnk",0.1431
"01073000700","tract",2023,"food_state_rnk",1.1445
"01073000800","tract",2023,"food_state_rnk",14.4492
"01073001100","tract",2023,"food_state_rnk",19.9571
"01073001200","tract",2023,"food_state_rnk",15.6652
"01073001400","tract",2023,"food_state_rnk",4.6495
"01073001500","tract",2023,"food_state_rnk",7.8684
"01073001600","tract",2023,"food_state_rnk",15.8798
"01073001902","tract",2023,"food_state_rnk",4.3634
"01073002000","tract",2023,"food_state_rnk",6.3662
"01073002100","tract",2023,"food_state_rnk",8.5837
"01073002200","tract",2023,"food_state_rnk",6.7954
"01073002303","tract",2023,"food_state_rnk",5.0787
"01073002305","tract",2023,"food_state_rnk",55.6509
"01073002306","tract",2023,"food_state_rnk",89.1989
"01073002401","tract",2023,"food_state_rnk",43.7053
"01073002402","tract",2023,"food_state_rnk",0.5722
"01073002701","tract",2023,"food_state_rnk",89.6996
"01073002702","tract",2023,"food_state_rnk",NA
"01073002900","tract",2023,"food_state_rnk",0.2146
"01073003001","tract",2023,"food_state_rnk",NA
"01073003002","tract",2023,"food_state_rnk",14.7353
"01073003100","tract",2023,"food_state_rnk",21.1373
"01073003200","tract",2023,"food_state_rnk",3.505
"01073003300","tract",2023,"food_state_rnk",18.598
"01073003400","tract",2023,"food_state_rnk",5.9371
"01073003500","tract",2023,"food_state_rnk",4.5064
"01073003600","tract",2023,"food_state_rnk",19.7425
"01073003700","tract",2023,"food_state_rnk",1.9313
"01073003802","tract",2023,"food_state_rnk",24.7496
"01073003803","tract",2023,"food_state_rnk",15.093
"01073003900","tract",2023,"food_state_rnk",33.3333
"01073004000","tract",2023,"food_state_rnk",7.6538
"01073004200","tract",2023,"food_state_rnk",7.9399
"01073004501","tract",2023,"food_state_rnk",NA
"01073004502","tract",2023,"food_state_rnk",22.4607
"01073004701","tract",2023,"food_state_rnk",93.3119
"01073004702","tract",2023,"food_state_rnk",93.4192
"01073004800","tract",2023,"food_state_rnk",86.123
"01073004901","tract",2023,"food_state_rnk",81.8312
"01073004902","tract",2023,"food_state_rnk",90.1288
"01073005000","tract",2023,"food_state_rnk",65.3791
"01073005101","tract",2023,"food_state_rnk",1.2876
"01073005103","tract",2023,"food_state_rnk",35.9084
"01073005104","tract",2023,"food_state_rnk",48.0687
"01073005200","tract",2023,"food_state_rnk",8.4406
"01073005302","tract",2023,"food_state_rnk",86.5522
"01073005500","tract",2023,"food_state_rnk",5.8298
"01073005600","tract",2023,"food_state_rnk",92.99
"01073005701","tract",2023,"food_state_rnk",10.5866
"01073005702","tract",2023,"food_state_rnk",35.1216
"01073005800","tract",2023,"food_state_rnk",32.2604
"01073005903","tract",2023,"food_state_rnk",40.0215
"01073005905","tract",2023,"food_state_rnk",42.99
"01073005907","tract",2023,"food_state_rnk",13.0901
"01073005908","tract",2023,"food_state_rnk",10.0858
"01073005909","tract",2023,"food_state_rnk",43.3476
"01073005910","tract",2023,"food_state_rnk",37.1245
"01073010001","tract",2023,"food_state_rnk",52.432
"01073010002","tract",2023,"food_state_rnk",61.5165
"01073010100","tract",2023,"food_state_rnk",1.8598
"01073010200","tract",2023,"food_state_rnk",3.7196
"01073010301","tract",2023,"food_state_rnk",36.8383
"01073010302","tract",2023,"food_state_rnk",1.5021
"01073010401","tract",2023,"food_state_rnk",7.2246
"01073010402","tract",2023,"food_state_rnk",12.8755
"01073010500","tract",2023,"food_state_rnk",7.3677
"01073010603","tract",2023,"food_state_rnk",25.5365
"01073010604","tract",2023,"food_state_rnk",3.2189
"01073010605","tract",2023,"food_state_rnk",18.8126
"01073010701","tract",2023,"food_state_rnk",54.578
"01073010702","tract",2023,"food_state_rnk",91.4878
"01073010703","tract",2023,"food_state_rnk",88.877
"01073010704","tract",2023,"food_state_rnk",NA
"01073010705","tract",2023,"food_state_rnk",84.0844
"01073010706","tract",2023,"food_state_rnk",71.1016
"01073010801","tract",2023,"food_state_rnk",98.927
"01073010802","tract",2023,"food_state_rnk",98.6409
"01073010803","tract",2023,"food_state_rnk",82.9041
"01073010804","tract",2023,"food_state_rnk",97.7825
"01073010806","tract",2023,"food_state_rnk",99.2132
"01073010807","tract",2023,"food_state_rnk",90.5579
"01073010900","tract",2023,"food_state_rnk",15.8083
"01073011002","tract",2023,"food_state_rnk",11.8741
"01073011003","tract",2023,"food_state_rnk",48.784
"01073011004","tract",2023,"food_state_rnk",80.9728
"01073011108","tract",2023,"food_state_rnk",88.877
"01073011109","tract",2023,"food_state_rnk",81.5808
"01073011110","tract",2023,"food_state_rnk",57.0815
"01073011112","tract",2023,"food_state_rnk",13.5193
"01073011113","tract",2023,"food_state_rnk",49.2847
"01073011114","tract",2023,"food_state_rnk",99.3562
"01073011115","tract",2023,"food_state_rnk",94.5637
"01073011116","tract",2023,"food_state_rnk",93.133
"01073011117","tract",2023,"food_state_rnk",74.9642
"01073011205","tract",2023,"food_state_rnk",51.6452
"01073011206","tract",2023,"food_state_rnk",55.2217
"01073011207","tract",2023,"food_state_rnk",43.0973
"01073011208","tract",2023,"food_state_rnk",31.7597
"01073011209","tract",2023,"food_state_rnk",26.1087
"01073011210","tract",2023,"food_state_rnk",37.7682
"01073011301","tract",2023,"food_state_rnk",59.4778
"01073011303","tract",2023,"food_state_rnk",85.3362
"01073011304","tract",2023,"food_state_rnk",78.8627
"01073011401","tract",2023,"food_state_rnk",41.0587
"01073011402","tract",2023,"food_state_rnk",73.1402
"01073011500","tract",2023,"food_state_rnk",68.8841
"01073011600","tract",2023,"food_state_rnk",35.4793
"01073011704","tract",2023,"food_state_rnk",56.7954
"01073011706","tract",2023,"food_state_rnk",53.1116
"01073011707","tract",2023,"food_state_rnk",93.9914
"01073011708","tract",2023,"food_state_rnk",90.2003
"01073011709","tract",2023,"food_state_rnk",51.3948
"01073011710","tract",2023,"food_state_rnk",71.6738
"01073011803","tract",2023,"food_state_rnk",23.8197
"01073011804","tract",2023,"food_state_rnk",18.0258
"01073011805","tract",2023,"food_state_rnk",25.4292
"01073011806","tract",2023,"food_state_rnk",57.6538
"01073011901","tract",2023,"food_state_rnk",60.8011
"01073011904","tract",2023,"food_state_rnk",10.8011
"01073012001","tract",2023,"food_state_rnk",55.8655
"01073012003","tract",2023,"food_state_rnk",28.6123
"01073012004","tract",2023,"food_state_rnk",52.5751
"01073012103","tract",2023,"food_state_rnk",50
"01073012104","tract",2023,"food_state_rnk",64.0916
"01073012200","tract",2023,"food_state_rnk",46.7811
"01073012302","tract",2023,"food_state_rnk",80.9013
"01073012304","tract",2023,"food_state_rnk",34.2632
"01073012306","tract",2023,"food_state_rnk",81.9742
"01073012307","tract",2023,"food_state_rnk",53.4335
"01073012401","tract",2023,"food_state_rnk",44.5637
"01073012402","tract",2023,"food_state_rnk",14.3062
"01073012403","tract",2023,"food_state_rnk",61.123
"01073012500","tract",2023,"food_state_rnk",31.8312
"01073012602","tract",2023,"food_state_rnk",14.0916
"01073012701","tract",2023,"food_state_rnk",73.9628
"01073012703","tract",2023,"food_state_rnk",99.9285
"01073012704","tract",2023,"food_state_rnk",91.774
"01073012802","tract",2023,"food_state_rnk",77.7182
"01073012804","tract",2023,"food_state_rnk",91.3448
"01073012805","tract",2023,"food_state_rnk",16.8097
"01073012905","tract",2023,"food_state_rnk",NA
"01073012907","tract",2023,"food_state_rnk",90.4864
"01073012908","tract",2023,"food_state_rnk",31.2232
"01073012910","tract",2023,"food_state_rnk",66.5236
"01073012911","tract",2023,"food_state_rnk",91.0229
"01073012913","tract",2023,"food_state_rnk",36.7668
"01073012914","tract",2023,"food_state_rnk",92.8469
"01073012916","tract",2023,"food_state_rnk",82.6896
"01073012917","tract",2023,"food_state_rnk",51.9313
"01073012918","tract",2023,"food_state_rnk",21.6738
"01073012919","tract",2023,"food_state_rnk",26.8956
"01073012920","tract",2023,"food_state_rnk",94.9928
"01073012921","tract",2023,"food_state_rnk",91.8455
"01073013002","tract",2023,"food_state_rnk",8.6552
"01073013100","tract",2023,"food_state_rnk",1.5737
"01073013200","tract",2023,"food_state_rnk",16.309
"01073013300","tract",2023,"food_state_rnk",12.3748
"01073013400","tract",2023,"food_state_rnk",27.7539
"01073013601","tract",2023,"food_state_rnk",24.5351
"01073013801","tract",2023,"food_state_rnk",43.4192
"01073013901","tract",2023,"food_state_rnk",9.0129
"01073013902","tract",2023,"food_state_rnk",31.402
"01073014001","tract",2023,"food_state_rnk",72.4607
"01073014002","tract",2023,"food_state_rnk",48.7124
"01073014104","tract",2023,"food_state_rnk",43.7768
"01073014105","tract",2023,"food_state_rnk",56.0443
"01073014106","tract",2023,"food_state_rnk",92.2747
"01073014107","tract",2023,"food_state_rnk",65.7368
"01073014205","tract",2023,"food_state_rnk",98.0329
"01073014206","tract",2023,"food_state_rnk",54.0057
"01073014207","tract",2023,"food_state_rnk",57.9399
"01073014208","tract",2023,"food_state_rnk",93.8484
"01073014209","tract",2023,"food_state_rnk",91.2017
"01073014301","tract",2023,"food_state_rnk",66.5951
"01073014303","tract",2023,"food_state_rnk",91.2732
"01073014304","tract",2023,"food_state_rnk",53.6123
"01073014404","tract",2023,"food_state_rnk",71.4592
"01073014405","tract",2023,"food_state_rnk",68.9557
"01073014406","tract",2023,"food_state_rnk",99.4993
"01073014408","tract",2023,"food_state_rnk",78.1831
"01073014409","tract",2023,"food_state_rnk",92.7754
"01073014410","tract",2023,"food_state_rnk",85.0501
"01073014412","tract",2023,"food_state_rnk",95.422
"01073014414","tract",2023,"food_state_rnk",99.8569
"01073014415","tract",2023,"food_state_rnk",98.2117
"01075030000","tract",2023,"food_state_rnk",22.5322
"01075030101","tract",2023,"food_state_rnk",17.8827
"01075030102","tract",2023,"food_state_rnk",42.525
"01075030200","tract",2023,"food_state_rnk",72.7825
"01077010100","tract",2023,"food_state_rnk",NA
"01077010200","tract",2023,"food_state_rnk",6.2232
"01077010300","tract",2023,"food_state_rnk",0.7153
"01077010400","tract",2023,"food_state_rnk",65.9871
"01077010600","tract",2023,"food_state_rnk",29.6853
"01077010700","tract",2023,"food_state_rnk",20.279
"01077010800","tract",2023,"food_state_rnk",20.7439
"01077010901","tract",2023,"food_state_rnk",84.4778
"01077010902","tract",2023,"food_state_rnk",25.0715
"01077011000","tract",2023,"food_state_rnk",33.4764
"01077011101","tract",2023,"food_state_rnk",80.794
"01077011102","tract",2023,"food_state_rnk",77.8612
"01077011200","tract",2023,"food_state_rnk",72.2103
"01077011300","tract",2023,"food_state_rnk",62.5894
"01077011401","tract",2023,"food_state_rnk",59.0844
"01077011402","tract",2023,"food_state_rnk",85.1931
"01077011502","tract",2023,"food_state_rnk",72.9256
"01077011503","tract",2023,"food_state_rnk",83.1545
"01077011504","tract",2023,"food_state_rnk",91.9886
"01077011602","tract",2023,"food_state_rnk",55.7225
"01077011603","tract",2023,"food_state_rnk",92.1316
"01077011605","tract",2023,"food_state_rnk",71.03
"01077011606","tract",2023,"food_state_rnk",84.7639
"01077011700","tract",2023,"food_state_rnk",62.804
"01077011801","tract",2023,"food_state_rnk",69.4564
"01077011802","tract",2023,"food_state_rnk",79.4707
"01079979100","tract",2023,"food_state_rnk",31.3305
"01079979201","tract",2023,"food_state_rnk",38.4835
"01079979202","tract",2023,"food_state_rnk",25.4292
"01079979300","tract",2023,"food_state_rnk",48.9628
"01079979400","tract",2023,"food_state_rnk",20.3863
"01079979501","tract",2023,"food_state_rnk",65.4506
"01079979502","tract",2023,"food_state_rnk",34.9785
"01079979600","tract",2023,"food_state_rnk",51.7167
"01079979700","tract",2023,"food_state_rnk",67.8112
"01079979800","tract",2023,"food_state_rnk",75.6795
"01079979900","tract",2023,"food_state_rnk",55.1502
"01081040201","tract",2023,"food_state_rnk",69.7425
"01081040202","tract",2023,"food_state_rnk",68.0258
"01081040300","tract",2023,"food_state_rnk",57.3677
"01081040401","tract",2023,"food_state_rnk",82.618
"01081040402","tract",2023,"food_state_rnk",90.9156
"01081040403","tract",2023,"food_state_rnk",91.7024
"01081040501","tract",2023,"food_state_rnk",79.0415
"01081040502","tract",2023,"food_state_rnk",89.3777
"01081040602","tract",2023,"food_state_rnk",62.3748
"01081040603","tract",2023,"food_state_rnk",9.7282
"01081040605","tract",2023,"food_state_rnk",79.2561
"01081040606","tract",2023,"food_state_rnk",34.8355
"01081040607","tract",2023,"food_state_rnk",42.2389
"01081040700","tract",2023,"food_state_rnk",NA
"01081040801","tract",2023,"food_state_rnk",68.5265
"01081040802","tract",2023,"food_state_rnk",7.2961
"01081040901","tract",2023,"food_state_rnk",94.1345
"01081040903","tract",2023,"food_state_rnk",39.8426
"01081040904","tract",2023,"food_state_rnk",65.2003
"01081041001","tract",2023,"food_state_rnk",98.5336
"01081041002","tract",2023,"food_state_rnk",33.1903
"01081041101","tract",2023,"food_state_rnk",10.372
"01081041102","tract",2023,"food_state_rnk",64.3062
"01081041103","tract",2023,"food_state_rnk",23.4263
"01081041104","tract",2023,"food_state_rnk",76.5379
"01081041200","tract",2023,"food_state_rnk",58.2976
"01081041300","tract",2023,"food_state_rnk",23.176
"01081041400","tract",2023,"food_state_rnk",24.6781
"01081041600","tract",2023,"food_state_rnk",34.4778
"01081041701","tract",2023,"food_state_rnk",79.113
"01081041702","tract",2023,"food_state_rnk",42.0959
"01081041703","tract",2023,"food_state_rnk",87.8398
"01081041801","tract",2023,"food_state_rnk",52.9685
"01081041802","tract",2023,"food_state_rnk",57.2604
"01081041803","tract",2023,"food_state_rnk",88.6266
"01081041901","tract",2023,"food_state_rnk",43.8484
"01081041902","tract",2023,"food_state_rnk",66.0944
"01081041903","tract",2023,"food_state_rnk",95.2074
"01081042002","tract",2023,"food_state_rnk",82.475
"01081042003","tract",2023,"food_state_rnk",69.2418
"01081042005","tract",2023,"food_state_rnk",54.8641
"01081042006","tract",2023,"food_state_rnk",32.1531
"01081042007","tract",2023,"food_state_rnk",64.9499
"01081042008","tract",2023,"food_state_rnk",80.1144
"01081042009","tract",2023,"food_state_rnk",51.5737
"01081042101","tract",2023,"food_state_rnk",33.9056
"01081042103","tract",2023,"food_state_rnk",32.5465
"01081042104","tract",2023,"food_state_rnk",70.5293
"01083020101","tract",2023,"food_state_rnk",60.515
"01083020103","tract",2023,"food_state_rnk",58.5122
"01083020104","tract",2023,"food_state_rnk",40.9156
"01083020201","tract",2023,"food_state_rnk",57.8684
"01083020202","tract",2023,"food_state_rnk",87.3391
"01083020300","tract",2023,"food_state_rnk",36.4807
"01083020402","tract",2023,"food_state_rnk",77.0744
"01083020403","tract",2023,"food_state_rnk",73.1402
"01083020404","tract",2023,"food_state_rnk",60.0143
"01083020500","tract",2023,"food_state_rnk",23.9628
"01083020600","tract",2023,"food_state_rnk",59.7639
"01083020700","tract",2023,"food_state_rnk",20.5293
"01083020803","tract",2023,"food_state_rnk",85.6938
"01083020804","tract",2023,"food_state_rnk",85.4793
"01083020805","tract",2023,"food_state_rnk",NA
"01083020806","tract",2023,"food_state_rnk",96.1731
"01083020900","tract",2023,"food_state_rnk",89.8426
"01083021000","tract",2023,"food_state_rnk",61.8741
"01083021101","tract",2023,"food_state_rnk",53.8627
"01083021102","tract",2023,"food_state_rnk",63.5551
"01083021201","tract",2023,"food_state_rnk",99.7854
"01083021202","tract",2023,"food_state_rnk",88.412
"01083021203","tract",2023,"food_state_rnk",98.2833
"01085780800","tract",2023,"food_state_rnk",23.6767
"01085781000","tract",2023,"food_state_rnk",12.196
"01085781100","tract",2023,"food_state_rnk",1.073
"01085781200","tract",2023,"food_state_rnk",17.2389
"01087231400","tract",2023,"food_state_rnk",53.9342
"01087231500","tract",2023,"food_state_rnk",23.4263
"01087231601","tract",2023,"food_state_rnk",43.2046
"01087231602","tract",2023,"food_state_rnk",2.7897
"01087231603","tract",2023,"food_state_rnk",39.7353
"01087231700","tract",2023,"food_state_rnk",NA
"01087231800","tract",2023,"food_state_rnk",17.4535
"01087231900","tract",2023,"food_state_rnk",10.7296
"01087232000","tract",2023,"food_state_rnk",41.3448
"01087232100","tract",2023,"food_state_rnk",13.7339
"01087232200","tract",2023,"food_state_rnk",36.4092
"01087232300","tract",2023,"food_state_rnk",58.6552
"01089000203","tract",2023,"food_state_rnk",NA
"01089000301","tract",2023,"food_state_rnk",12.6609
"01089000302","tract",2023,"food_state_rnk",9.6567
"01089000403","tract",2023,"food_state_rnk",43.0973
"01089000501","tract",2023,"food_state_rnk",13.5908
"01089000502","tract",2023,"food_state_rnk",41.7024
"01089000503","tract",2023,"food_state_rnk",78.97
"01089000601","tract",2023,"food_state_rnk",64.8784
"01089000602","tract",2023,"food_state_rnk",40.701
"01089000701","tract",2023,"food_state_rnk",8.083
"01089000702","tract",2023,"food_state_rnk",19.8856
"01089000901","tract",2023,"food_state_rnk",87.5536
"01089000902","tract",2023,"food_state_rnk",82.5465
"01089001000","tract",2023,"food_state_rnk",66.8097
"01089001200","tract",2023,"food_state_rnk",2.8612
"01089001301","tract",2023,"food_state_rnk",29.3991
"01089001302","tract",2023,"food_state_rnk",70.7439
"01089001401","tract",2023,"food_state_rnk",85.2647
"01089001403","tract",2023,"food_state_rnk",22.2461
"01089001404","tract",2023,"food_state_rnk",94.3491
"01089001500","tract",2023,"food_state_rnk",NA
"01089001700","tract",2023,"food_state_rnk",95.3505
"01089001801","tract",2023,"food_state_rnk",91.917
"01089001901","tract",2023,"food_state_rnk",99.4278
"01089001902","tract",2023,"food_state_rnk",98.3548
"01089001903","tract",2023,"food_state_rnk",96.4235
"01089002000","tract",2023,"food_state_rnk",93.7053
"01089002100","tract",2023,"food_state_rnk",19.671
"01089002200","tract",2023,"food_state_rnk",34.907
"01089002300","tract",2023,"food_state_rnk",11.3734
"01089002400","tract",2023,"food_state_rnk",12.9471
"01089002501","tract",2023,"food_state_rnk",8.5122
"01089002502","tract",2023,"food_state_rnk",10.3004
"01089002600","tract",2023,"food_state_rnk",86.4807
"01089002701","tract",2023,"food_state_rnk",89.3777
"01089002721","tract",2023,"food_state_rnk",94.0629
"01089002722","tract",2023,"food_state_rnk",74.4635
"01089002801","tract",2023,"food_state_rnk",72.2103
"01089002803","tract",2023,"food_state_rnk",74.2489
"01089002804","tract",2023,"food_state_rnk",83.9056
"01089002911","tract",2023,"food_state_rnk",84.6567
"01089002912","tract",2023,"food_state_rnk",94.4921
"01089002922","tract",2023,"food_state_rnk",94.2775
"01089002923","tract",2023,"food_state_rnk",95.5651
"01089002924","tract",2023,"food_state_rnk",94.7425
"01089003000","tract",2023,"food_state_rnk",14.2346
"01089003100","tract",2023,"food_state_rnk",NA
"01089010101","tract",2023,"food_state_rnk",44.1345
"01089010102","tract",2023,"food_state_rnk",96.6023
"01089010200","tract",2023,"food_state_rnk",87.0529
"01089010302","tract",2023,"food_state_rnk",77.7182
"01089010303","tract",2023,"food_state_rnk",84.6567
"01089010304","tract",2023,"food_state_rnk",82.4034
"01089010403","tract",2023,"food_state_rnk",86.0157
"01089010404","tract",2023,"food_state_rnk",47.6395
"01089010405","tract",2023,"food_state_rnk",52.289
"01089010406","tract",2023,"food_state_rnk",64.1631
"01089010502","tract",2023,"food_state_rnk",75.3219
"01089010503","tract",2023,"food_state_rnk",63.1259
"01089010504","tract",2023,"food_state_rnk",93.0615
"01089010612","tract",2023,"food_state_rnk",98.784
"01089010623","tract",2023,"food_state_rnk",85.9084
"01089010625","tract",2023,"food_state_rnk",16.8813
"01089010626","tract",2023,"food_state_rnk",34.4063
"01089010627","tract",2023,"food_state_rnk",78.2546
"01089010628","tract",2023,"food_state_rnk",87.9113
"01089010629","tract",2023,"food_state_rnk",95.8512
"01089010630","tract",2023,"food_state_rnk",98.4263
"01089010631","tract",2023,"food_state_rnk",98.5336
"01089010703","tract",2023,"food_state_rnk",92.4177
"01089010704","tract",2023,"food_state_rnk",75.0358
"01089010705","tract",2023,"food_state_rnk",50.3577
"01089010706","tract",2023,"food_state_rnk",64.5923
"01089010801","tract",2023,"food_state_rnk",90.7725
"01089010802","tract",2023,"food_state_rnk",74.7496
"01089010902","tract",2023,"food_state_rnk",69.3848
"01089010903","tract",2023,"food_state_rnk",97.4964
"01089010904","tract",2023,"food_state_rnk",96.9957
"01089010905","tract",2023,"food_state_rnk",99.5708
"01089011012","tract",2023,"food_state_rnk",97.3534
"01089011013","tract",2023,"food_state_rnk",88.4835
"01089011021","tract",2023,"food_state_rnk",38.9843
"01089011023","tract",2023,"food_state_rnk",87.1602
"01089011024","tract",2023,"food_state_rnk",96.9242
"01089011025","tract",2023,"food_state_rnk",97.8541
"01089011026","tract",2023,"food_state_rnk",87.9828
"01089011027","tract",2023,"food_state_rnk",58.7983
"01089011028","tract",2023,"food_state_rnk",41.4521
"01089011100","tract",2023,"food_state_rnk",85.6223
"01089011201","tract",2023,"food_state_rnk",93.2046
"01089011202","tract",2023,"food_state_rnk",92.4893
"01089011203","tract",2023,"food_state_rnk",89.628
"01089011301","tract",2023,"food_state_rnk",67.9542
"01089011302","tract",2023,"food_state_rnk",88.5551
"01089011400","tract",2023,"food_state_rnk",77.2175
"01091972901","tract",2023,"food_state_rnk",9.7997
"01091972902","tract",2023,"food_state_rnk",13.0186
"01091973001","tract",2023,"food_state_rnk",2.432
"01091973002","tract",2023,"food_state_rnk",65.5222
"01091973100","tract",2023,"food_state_rnk",7.7611
"01091973200","tract",2023,"food_state_rnk",26.7525
"01091973300","tract",2023,"food_state_rnk",65.8083
"01091973400","tract",2023,"food_state_rnk",89.5565
"01093964001","tract",2023,"food_state_rnk",18.1688
"01093964002","tract",2023,"food_state_rnk",6.5093
"01093964100","tract",2023,"food_state_rnk",36.1588
"01093964200","tract",2023,"food_state_rnk",45.4936
"01093964300","tract",2023,"food_state_rnk",56.6524
"01093964401","tract",2023,"food_state_rnk",54.7926
"01093964402","tract",2023,"food_state_rnk",77.4678
"01093964500","tract",2023,"food_state_rnk",26.1803
"01093964600","tract",2023,"food_state_rnk",38.269
"01093964701","tract",2023,"food_state_rnk",56.0443
"01093964702","tract",2023,"food_state_rnk",61.0157
"01095030101","tract",2023,"food_state_rnk",62.0529
"01095030102","tract",2023,"food_state_rnk",66.4521
"01095030203","tract",2023,"food_state_rnk",75.608
"01095030204","tract",2023,"food_state_rnk",72.7825
"01095030205","tract",2023,"food_state_rnk",93.9199
"01095030206","tract",2023,"food_state_rnk",92.9185
"01095030301","tract",2023,"food_state_rnk",78.3977
"01095030302","tract",2023,"food_state_rnk",89.9142
"01095030401","tract",2023,"food_state_rnk",54.3634
"01095030402","tract",2023,"food_state_rnk",86.9814
"01095030501","tract",2023,"food_state_rnk",81.4735
"01095030502","tract",2023,"food_state_rnk",69.814
"01095030601","tract",2023,"food_state_rnk",70.9227
"01095030602","tract",2023,"food_state_rnk",46.3519
"01095030701","tract",2023,"food_state_rnk",37.3033
"01095030702","tract",2023,"food_state_rnk",46.495
"01095030801","tract",2023,"food_state_rnk",59.1559
"01095030803","tract",2023,"food_state_rnk",50.4292
"01095030804","tract",2023,"food_state_rnk",61.588
"01095030902","tract",2023,"food_state_rnk",60.2289
"01095030903","tract",2023,"food_state_rnk",62.1602
"01095030904","tract",2023,"food_state_rnk",58.7983
"01095031001","tract",2023,"food_state_rnk",54.721
"01095031002","tract",2023,"food_state_rnk",47.0672
"01095031100","tract",2023,"food_state_rnk",49.0701
"01095031200","tract",2023,"food_state_rnk",39.485
"01097000200","tract",2023,"food_state_rnk",15.9514
"01097000401","tract",2023,"food_state_rnk",27.4678
"01097000402","tract",2023,"food_state_rnk",0.0715
"01097000500","tract",2023,"food_state_rnk",9.0844
"01097000600","tract",2023,"food_state_rnk",9.3705
"01097000701","tract",2023,"food_state_rnk",2.1102
"01097000702","tract",2023,"food_state_rnk",4.7926
"01097000801","tract",2023,"food_state_rnk",11.3019
"01097000802","tract",2023,"food_state_rnk",6.867
"01097000901","tract",2023,"food_state_rnk",37.6252
"01097000902","tract",2023,"food_state_rnk",60.7296
"01097000903","tract",2023,"food_state_rnk",15.0215
"01097001001","tract",2023,"food_state_rnk",59.5851
"01097001002","tract",2023,"food_state_rnk",25.608
"01097001100","tract",2023,"food_state_rnk",6.4378
"01097001200","tract",2023,"food_state_rnk",NA
"01097001302","tract",2023,"food_state_rnk",4.0773
"01097001400","tract",2023,"food_state_rnk",4.9356
"01097001501","tract",2023,"food_state_rnk",0.2861
"01097001502","tract",2023,"food_state_rnk",1.216
"01097001800","tract",2023,"food_state_rnk",31.0443
"01097001901","tract",2023,"food_state_rnk",36.6237
"01097001902","tract",2023,"food_state_rnk",14.02
"01097002000","tract",2023,"food_state_rnk",43.4907
"01097002100","tract",2023,"food_state_rnk",2.289
"01097002200","tract",2023,"food_state_rnk",39.4134
"01097002301","tract",2023,"food_state_rnk",11.8026
"01097002302","tract",2023,"food_state_rnk",9.4421
"01097002400","tract",2023,"food_state_rnk",7.5823
"01097002501","tract",2023,"food_state_rnk",92.3462
"01097002502","tract",2023,"food_state_rnk",77.3247
"01097002600","tract",2023,"food_state_rnk",27.3963
"01097002700","tract",2023,"food_state_rnk",3.5765
"01097002800","tract",2023,"food_state_rnk",14.6638
"01097002900","tract",2023,"food_state_rnk",11.6595
"01097003000","tract",2023,"food_state_rnk",20.279
"01097003100","tract",2023,"food_state_rnk",73.5336
"01097003202","tract",2023,"food_state_rnk",6.2947
"01097003203","tract",2023,"food_state_rnk",21.03
"01097003205","tract",2023,"food_state_rnk",11.2303
"01097003206","tract",2023,"food_state_rnk",51.0014
"01097003207","tract",2023,"food_state_rnk",31.4735
"01097003301","tract",2023,"food_state_rnk",45.5651
"01097003302","tract",2023,"food_state_rnk",75.2504
"01097003402","tract",2023,"food_state_rnk",13.2332
"01097003404","tract",2023,"food_state_rnk",2.2175
"01097003405","tract",2023,"food_state_rnk",65.6295
"01097003406","tract",2023,"food_state_rnk",7.0815
"01097003408","tract",2023,"food_state_rnk",20.887
"01097003409","tract",2023,"food_state_rnk",48.6409
"01097003410","tract",2023,"food_state_rnk",86.2661
"01097003501","tract",2023,"food_state_rnk",80.6867
"01097003502","tract",2023,"food_state_rnk",94.9213
"01097003602","tract",2023,"food_state_rnk",10.2289
"01097003606","tract",2023,"food_state_rnk",48.3548
"01097003607","tract",2023,"food_state_rnk",39.1273
"01097003608","tract",2023,"food_state_rnk",72.3176
"01097003703","tract",2023,"food_state_rnk",38.6624
"01097003704","tract",2023,"food_state_rnk",82.3319
"01097003705","tract",2023,"food_state_rnk",68.8126
"01097003706","tract",2023,"food_state_rnk",44.206
"01097003707","tract",2023,"food_state_rnk",52.2175
"01097003708","tract",2023,"food_state_rnk",45.1359
"01097003710","tract",2023,"food_state_rnk",40.7725
"01097003711","tract",2023,"food_state_rnk",50.8584
"01097003712","tract",2023,"food_state_rnk",44.9928
"01097003800","tract",2023,"food_state_rnk",69.0987
"01097003901","tract",2023,"food_state_rnk",23.2475
"01097003902","tract",2023,"food_state_rnk",16.2375
"01097004000","tract",2023,"food_state_rnk",2.5036
"01097004100","tract",2023,"food_state_rnk",3.4335
"01097004800","tract",2023,"food_state_rnk",0
"01097004900","tract",2023,"food_state_rnk",15.3791
"01097005000","tract",2023,"food_state_rnk",2.6466
"01097005100","tract",2023,"food_state_rnk",18.6695
"01097005200","tract",2023,"food_state_rnk",13.4478
"01097005300","tract",2023,"food_state_rnk",24.4635
"01097005400","tract",2023,"food_state_rnk",77.0744
"01097005500","tract",2023,"food_state_rnk",39.9142
"01097005601","tract",2023,"food_state_rnk",56.7239
"01097005602","tract",2023,"food_state_rnk",73.0329
"01097005701","tract",2023,"food_state_rnk",87.4821
"01097005702","tract",2023,"food_state_rnk",70.1001
"01097005800","tract",2023,"food_state_rnk",59.299
"01097005900","tract",2023,"food_state_rnk",33.2618
"01097006000","tract",2023,"food_state_rnk",67.2031
"01097006102","tract",2023,"food_state_rnk",54.4707
"01097006103","tract",2023,"food_state_rnk",27.5393
"01097006104","tract",2023,"food_state_rnk",73.6767
"01097006106","tract",2023,"food_state_rnk",93.598
"01097006107","tract",2023,"food_state_rnk",46.9599
"01097006201","tract",2023,"food_state_rnk",47.1388
"01097006202","tract",2023,"food_state_rnk",38.7697
"01097006303","tract",2023,"food_state_rnk",76.6452
"01097006304","tract",2023,"food_state_rnk",36.1588
"01097006305","tract",2023,"food_state_rnk",17.1674
"01097006306","tract",2023,"food_state_rnk",45.422
"01097006307","tract",2023,"food_state_rnk",78.6838
"01097006402","tract",2023,"food_state_rnk",34.5851
"01097006403","tract",2023,"food_state_rnk",52.0029
"01097006407","tract",2023,"food_state_rnk",53.3619
"01097006408","tract",2023,"food_state_rnk",88.3405
"01097006409","tract",2023,"food_state_rnk",60.5866
"01097006410","tract",2023,"food_state_rnk",60.1574
"01097006411","tract",2023,"food_state_rnk",43.5622
"01097006412","tract",2023,"food_state_rnk",83.691
"01097006413","tract",2023,"food_state_rnk",89.1273
"01097006501","tract",2023,"food_state_rnk",30.5436
"01097006503","tract",2023,"food_state_rnk",63.5551
"01097006504","tract",2023,"food_state_rnk",47.2818
"01097006505","tract",2023,"food_state_rnk",88.269
"01097006600","tract",2023,"food_state_rnk",95.7797
"01097006702","tract",2023,"food_state_rnk",63.6981
"01097006703","tract",2023,"food_state_rnk",47.4249
"01097006704","tract",2023,"food_state_rnk",45.6366
"01097006802","tract",2023,"food_state_rnk",58.9413
"01097006803","tract",2023,"food_state_rnk",74.8212
"01097006804","tract",2023,"food_state_rnk",47.4964
"01097006902","tract",2023,"food_state_rnk",45.0644
"01097006903","tract",2023,"food_state_rnk",15.4506
"01097006904","tract",2023,"food_state_rnk",16.0229
"01097007000","tract",2023,"food_state_rnk",80.2217
"01097007101","tract",2023,"food_state_rnk",22.6037
"01097007102","tract",2023,"food_state_rnk",59.4778
"01097007103","tract",2023,"food_state_rnk",59.9428
"01097007201","tract",2023,"food_state_rnk",34.3348
"01097007203","tract",2023,"food_state_rnk",89.485
"01097007204","tract",2023,"food_state_rnk",38.0544
"01097007300","tract",2023,"food_state_rnk",12.5894
"01097007400","tract",2023,"food_state_rnk",13.6624
"01097007500","tract",2023,"food_state_rnk",6.0801
"01097007600","tract",2023,"food_state_rnk",13.3047
"01097007700","tract",2023,"food_state_rnk",5.5794
"01097980000","tract",2023,"food_state_rnk",NA
"01097990000","tract",2023,"food_state_rnk",NA
"01099075600","tract",2023,"food_state_rnk",21.2804
"01099075700","tract",2023,"food_state_rnk",28.97
"01099075800","tract",2023,"food_state_rnk",43.6338
"01099075901","tract",2023,"food_state_rnk",76.3948
"01099075902","tract",2023,"food_state_rnk",41.8097
"01099076000","tract",2023,"food_state_rnk",38.6624
"01099076101","tract",2023,"food_state_rnk",54.6495
"01099076102","tract",2023,"food_state_rnk",60.9442
"01099076200","tract",2023,"food_state_rnk",58.083
"01101000100","tract",2023,"food_state_rnk",16.9528
"01101000200","tract",2023,"food_state_rnk",NA
"01101000300","tract",2023,"food_state_rnk",10.9442
"01101000400","tract",2023,"food_state_rnk",5.2933
"01101000500","tract",2023,"food_state_rnk",67.7396
"01101000600","tract",2023,"food_state_rnk",3.2904
"01101000700","tract",2023,"food_state_rnk",0.7868
"01101000900","tract",2023,"food_state_rnk",NA
"01101001000","tract",2023,"food_state_rnk",7.5107
"01101001100","tract",2023,"food_state_rnk",7.4392
"01101001200","tract",2023,"food_state_rnk",3.3619
"01101001300","tract",2023,"food_state_rnk",22.8898
"01101001400","tract",2023,"food_state_rnk",94.206
"01101001500","tract",2023,"food_state_rnk",NA
"01101001600","tract",2023,"food_state_rnk",5.8298
"01101001700","tract",2023,"food_state_rnk",30.329
"01101001800","tract",2023,"food_state_rnk",25.1788
"01101001900","tract",2023,"food_state_rnk",35.1931
"01101002000","tract",2023,"food_state_rnk",42.0959
"01101002100","tract",2023,"food_state_rnk",19.206
"01101002201","tract",2023,"food_state_rnk",3.1474
"01101002202","tract",2023,"food_state_rnk",21.5665
"01101002300","tract",2023,"food_state_rnk",27.897
"01101002400","tract",2023,"food_state_rnk",3.0758
"01101002500","tract",2023,"food_state_rnk",5.1502
"01101002600","tract",2023,"food_state_rnk",72.9256
"01101002700","tract",2023,"food_state_rnk",20.0286
"01101002800","tract",2023,"food_state_rnk",34.1917
"01101002901","tract",2023,"food_state_rnk",2.3605
"01101002902","tract",2023,"food_state_rnk",24.9642
"01101003000","tract",2023,"food_state_rnk",4.2918
"01101003100","tract",2023,"food_state_rnk",11.0515
"01101003200","tract",2023,"food_state_rnk",18.9557
"01101003301","tract",2023,"food_state_rnk",53.7196
"01101003303","tract",2023,"food_state_rnk",32.6896
"01101003304","tract",2023,"food_state_rnk",42.7754
"01101005101","tract",2023,"food_state_rnk",42.4177
"01101005102","tract",2023,"food_state_rnk",4.4349
"01101005301","tract",2023,"food_state_rnk",96.2804
"01101005302","tract",2023,"food_state_rnk",17.0959
"01101005402","tract",2023,"food_state_rnk",10.6581
"01101005403","tract",2023,"food_state_rnk",32.7611
"01101005407","tract",2023,"food_state_rnk",90.6295
"01101005409","tract",2023,"food_state_rnk",23.6052
"01101005410","tract",2023,"food_state_rnk",33.083
"01101005411","tract",2023,"food_state_rnk",51.824
"01101005412","tract",2023,"food_state_rnk",49.9285
"01101005413","tract",2023,"food_state_rnk",99.0701
"01101005414","tract",2023,"food_state_rnk",85.4077
"01101005501","tract",2023,"food_state_rnk",NA
"01101005502","tract",2023,"food_state_rnk",68.3119
"01101005503","tract",2023,"food_state_rnk",96.7096
"01101005504","tract",2023,"food_state_rnk",94.6352
"01101005604","tract",2023,"food_state_rnk",71.9599
"01101005605","tract",2023,"food_state_rnk",57.01
"01101005606","tract",2023,"food_state_rnk",14.5207
"01101005607","tract",2023,"food_state_rnk",92.7039
"01101005608","tract",2023,"food_state_rnk",92.5966
"01101005609","tract",2023,"food_state_rnk",81.7597
"01101005610","tract",2023,"food_state_rnk",17.9542
"01101005611","tract",2023,"food_state_rnk",82.0458
"01101005612","tract",2023,"food_state_rnk",83.3333
"01101005613","tract",2023,"food_state_rnk",4.1488
"01101005614","tract",2023,"food_state_rnk",0.3577
"01101005700","tract",2023,"food_state_rnk",20.1001
"01101005800","tract",2023,"food_state_rnk",40.8441
"01101005902","tract",2023,"food_state_rnk",4.578
"01101005903","tract",2023,"food_state_rnk",91.1302
"01101005904","tract",2023,"food_state_rnk",51.5021
"01101006000","tract",2023,"food_state_rnk",27.6109
"01101006100","tract",2023,"food_state_rnk",11.4449
"01103000100","tract",2023,"food_state_rnk",49.8569
"01103000200","tract",2023,"food_state_rnk",87.7682
"01103000300","tract",2023,"food_state_rnk",55.4721
"01103000400","tract",2023,"food_state_rnk",50.2146
"01103000600","tract",2023,"food_state_rnk",6.6524
"01103000700","tract",2023,"food_state_rnk",13.8054
"01103000800","tract",2023,"food_state_rnk",45.3505
"01103000900","tract",2023,"food_state_rnk",12.0887
"01103001000","tract",2023,"food_state_rnk",62.0529
"01103005101","tract",2023,"food_state_rnk",56.5808
"01103005103","tract",2023,"food_state_rnk",36.2661
"01103005105","tract",2023,"food_state_rnk",86.4092
"01103005106","tract",2023,"food_state_rnk",79.3634
"01103005107","tract",2023,"food_state_rnk",92.0601
"01103005108","tract",2023,"food_state_rnk",66.917
"01103005109","tract",2023,"food_state_rnk",51.3948
"01103005201","tract",2023,"food_state_rnk",86.6237
"01103005202","tract",2023,"food_state_rnk",30.2575
"01103005302","tract",2023,"food_state_rnk",80.6152
"01103005303","tract",2023,"food_state_rnk",63.1259
"01103005304","tract",2023,"food_state_rnk",75.1073
"01103005305","tract",2023,"food_state_rnk",47.7825
"01103005306","tract",2023,"food_state_rnk",85.1216
"01103005404","tract",2023,"food_state_rnk",89.7711
"01103005405","tract",2023,"food_state_rnk",27.3247
"01103005500","tract",2023,"food_state_rnk",88.9843
"01103005601","tract",2023,"food_state_rnk",62.7325
"01103005602","tract",2023,"food_state_rnk",24.0343
"01103005701","tract",2023,"food_state_rnk",34.0486
"01103005703","tract",2023,"food_state_rnk",75.9657
"01103005704","tract",2023,"food_state_rnk",74.6066
"01105686800","tract",2023,"food_state_rnk",44.0629
"01105687001","tract",2023,"food_state_rnk",5.7225
"01105687002","tract",2023,"food_state_rnk",16.4521
"01105687100","tract",2023,"food_state_rnk",0.8584
"01107050000","tract",2023,"food_state_rnk",48.9628
"01107050100","tract",2023,"food_state_rnk",28.7554
"01107050200","tract",2023,"food_state_rnk",69.1702
"01107050300","tract",2023,"food_state_rnk",NA
"01107050401","tract",2023,"food_state_rnk",8.9413
"01107050402","tract",2023,"food_state_rnk",32.0458
"01109188600","tract",2023,"food_state_rnk",66.309
"01109188700","tract",2023,"food_state_rnk",25.2504
"01109188800","tract",2023,"food_state_rnk",49.2847
"01109188900","tract",2023,"food_state_rnk",22.3891
"01109189001","tract",2023,"food_state_rnk",76.0372
"01109189002","tract",2023,"food_state_rnk",84.4063
"01109189003","tract",2023,"food_state_rnk",55.8655
"01109189101","tract",2023,"food_state_rnk",NA
"01109189102","tract",2023,"food_state_rnk",30.9013
"01109189200","tract",2023,"food_state_rnk",27.8255
"01109189300","tract",2023,"food_state_rnk",23.0329
"01111000100","tract",2023,"food_state_rnk",58.7983
"01111000200","tract",2023,"food_state_rnk",51.2518
"01111000300","tract",2023,"food_state_rnk",60.6581
"01111000400","tract",2023,"food_state_rnk",23.319
"01111000500","tract",2023,"food_state_rnk",16.166
"01111000600","tract",2023,"food_state_rnk",31.5451
"01113030200","tract",2023,"food_state_rnk",1.3948
"01113030300","tract",2023,"food_state_rnk",33.9771
"01113030402","tract",2023,"food_state_rnk",30.7582
"01113030403","tract",2023,"food_state_rnk",20.1717
"01113030404","tract",2023,"food_state_rnk",26.0014
"01113030500","tract",2023,"food_state_rnk",33.7625
"01113030601","tract",2023,"food_state_rnk",45.8512
"01113030602","tract",2023,"food_state_rnk",40.2718
"01113030700","tract",2023,"food_state_rnk",8.1545
"01113030800","tract",2023,"food_state_rnk",9.5851
"01113030903","tract",2023,"food_state_rnk",28.505
"01113030904","tract",2023,"food_state_rnk",62.9471
"01113030905","tract",2023,"food_state_rnk",76.7525
"01113030906","tract",2023,"food_state_rnk",19.206
"01113030907","tract",2023,"food_state_rnk",71.5308
"01113031000","tract",2023,"food_state_rnk",84.1917
"01113031100","tract",2023,"food_state_rnk",42.8827
"01113031200","tract",2023,"food_state_rnk",68.2403
"01115040104","tract",2023,"food_state_rnk",98.9986
"01115040105","tract",2023,"food_state_rnk",61.4449
"01115040107","tract",2023,"food_state_rnk",63.9485
"01115040108","tract",2023,"food_state_rnk",93.7768
"01115040109","tract",2023,"food_state_rnk",56.1516
"01115040110","tract",2023,"food_state_rnk",47.8541
"01115040206","tract",2023,"food_state_rnk",39.7353
"01115040207","tract",2023,"food_state_rnk",59.2275
"01115040208","tract",2023,"food_state_rnk",42.525
"01115040209","tract",2023,"food_state_rnk",67.8827
"01115040210","tract",2023,"food_state_rnk",78.5408
"01115040211","tract",2023,"food_state_rnk",19.0987
"01115040212","tract",2023,"food_state_rnk",40.4864
"01115040213","tract",2023,"food_state_rnk",97.568
"01115040301","tract",2023,"food_state_rnk",54.2918
"01115040302","tract",2023,"food_state_rnk",11.5165
"01115040401","tract",2023,"food_state_rnk",31.6166
"01115040402","tract",2023,"food_state_rnk",67.3104
"01115040503","tract",2023,"food_state_rnk",62.2318
"01115040504","tract",2023,"food_state_rnk",97.9256
"01115040505","tract",2023,"food_state_rnk",84.8355
"01115040506","tract",2023,"food_state_rnk",54.2203
"01115040507","tract",2023,"food_state_rnk",NA
"01115040508","tract",2023,"food_state_rnk",18.3834
"01117030102","tract",2023,"food_state_rnk",50.2861
"01117030103","tract",2023,"food_state_rnk",82.7611
"01117030211","tract",2023,"food_state_rnk",94.4206
"01117030212","tract",2023,"food_state_rnk",82.8326
"01117030215","tract",2023,"food_state_rnk",56.2232
"01117030216","tract",2023,"food_state_rnk",93.598
"01117030218","tract",2023,"food_state_rnk",91.5594
"01117030219","tract",2023,"food_state_rnk",96.3519
"01117030220","tract",2023,"food_state_rnk",91.4163
"01117030221","tract",2023,"food_state_rnk",98.8555
"01117030304","tract",2023,"food_state_rnk",97.6395
"01117030305","tract",2023,"food_state_rnk",98.1402
"01117030306","tract",2023,"food_state_rnk",70.9227
"01117030314","tract",2023,"food_state_rnk",68.6695
"01117030315","tract",2023,"food_state_rnk",96.495
"01117030316","tract",2023,"food_state_rnk",65.2003
"01117030317","tract",2023,"food_state_rnk",81.0443
"01117030319","tract",2023,"food_state_rnk",78.1116
"01117030320","tract",2023,"food_state_rnk",74.1416
"01117030330","tract",2023,"food_state_rnk",91.6309
"01117030331","tract",2023,"food_state_rnk",85.8369
"01117030336","tract",2023,"food_state_rnk",99.7139
"01117030337","tract",2023,"food_state_rnk",69.3133
"01117030340","tract",2023,"food_state_rnk",83.834
"01117030341","tract",2023,"food_state_rnk",82.1888
"01117030345","tract",2023,"food_state_rnk",85.7654
"01117030346","tract",2023,"food_state_rnk",97.2103
"01117030347","tract",2023,"food_state_rnk",95.6724
"01117030348","tract",2023,"food_state_rnk",89.2704
"01117030349","tract",2023,"food_state_rnk",95.279
"01117030350","tract",2023,"food_state_rnk",98.0329
"01117030351","tract",2023,"food_state_rnk",88.7339
"01117030352","tract",2023,"food_state_rnk",98.7124
"01117030405","tract",2023,"food_state_rnk",50.6438
"01117030406","tract",2023,"food_state_rnk",90.3433
"01117030407","tract",2023,"food_state_rnk",NA
"01117030408","tract",2023,"food_state_rnk",22.3176
"01117030502","tract",2023,"food_state_rnk",81.6881
"01117030503","tract",2023,"food_state_rnk",57.2604
"01117030504","tract",2023,"food_state_rnk",47.9256
"01117030607","tract",2023,"food_state_rnk",90.701
"01117030610","tract",2023,"food_state_rnk",73.6052
"01117030611","tract",2023,"food_state_rnk",76.1087
"01117030612","tract",2023,"food_state_rnk",62.8755
"01117030613","tract",2023,"food_state_rnk",66.3805
"01117030614","tract",2023,"food_state_rnk",76.2518
"01117030615","tract",2023,"food_state_rnk",89.9857
"01117030616","tract",2023,"food_state_rnk",95.6724
"01117030701","tract",2023,"food_state_rnk",75.5007
"01117030703","tract",2023,"food_state_rnk",37.0529
"01117030704","tract",2023,"food_state_rnk",88.0544
"01117030800","tract",2023,"food_state_rnk",67.0243
"01117030900","tract",2023,"food_state_rnk",61.2303
"01117980000","tract",2023,"food_state_rnk",NA
"01117980100","tract",2023,"food_state_rnk",NA
"01119011301","tract",2023,"food_state_rnk",NA
"01119011302","tract",2023,"food_state_rnk",20.4578
"01119011400","tract",2023,"food_state_rnk",7.1531
"01119011500","tract",2023,"food_state_rnk",14.9499
"01119011600","tract",2023,"food_state_rnk",36.6953
"01121010101","tract",2023,"food_state_rnk",84.0844
"01121010102","tract",2023,"food_state_rnk",45.279
"01121010201","tract",2023,"food_state_rnk",52.7182
"01121010202","tract",2023,"food_state_rnk",53.7911
"01121010301","tract",2023,"food_state_rnk",67.2031
"01121010302","tract",2023,"food_state_rnk",40.9871
"01121010400","tract",2023,"food_state_rnk",19.814
"01121010500","tract",2023,"food_state_rnk",18.2403
"01121010600","tract",2023,"food_state_rnk",9.1559
"01121010700","tract",2023,"food_state_rnk",NA
"01121010900","tract",2023,"food_state_rnk",35.0501
"01121011000","tract",2023,"food_state_rnk",26.681
"01121011100","tract",2023,"food_state_rnk",28.0401
"01121011200","tract",2023,"food_state_rnk",84.907
"01121011301","tract",2023,"food_state_rnk",23.5336
"01121011302","tract",2023,"food_state_rnk",58.1545
"01121011400","tract",2023,"food_state_rnk",17.7396
"01121011501","tract",2023,"food_state_rnk",86.6953
"01121011502","tract",2023,"food_state_rnk",72.0315
"01121011600","tract",2023,"food_state_rnk",20.6366
"01121011700","tract",2023,"food_state_rnk",37.196
"01121011800","tract",2023,"food_state_rnk",29.0415
"01121011900","tract",2023,"food_state_rnk",44.9213
"01121012000","tract",2023,"food_state_rnk",11.0515
"01123961900","tract",2023,"food_state_rnk",53.2904
"01123962000","tract",2023,"food_state_rnk",37.3033
"01123962100","tract",2023,"food_state_rnk",12.3033
"01123962200","tract",2023,"food_state_rnk",31.9385
"01123962301","tract",2023,"food_state_rnk",29.3991
"01123962302","tract",2023,"food_state_rnk",65.093
"01123962400","tract",2023,"food_state_rnk",38.5551
"01123962501","tract",2023,"food_state_rnk",55.0787
"01123962502","tract",2023,"food_state_rnk",87.4106
"01123962600","tract",2023,"food_state_rnk",23.8913
"01123962701","tract",2023,"food_state_rnk",79.8283
"01123962702","tract",2023,"food_state_rnk",18.7411
"01125010101","tract",2023,"food_state_rnk",99.2847
"01125010102","tract",2023,"food_state_rnk",87.6252
"01125010104","tract",2023,"food_state_rnk",56.402
"01125010105","tract",2023,"food_state_rnk",90.2718
"01125010201","tract",2023,"food_state_rnk",85.5508
"01125010203","tract",2023,"food_state_rnk",96.03
"01125010204","tract",2023,"food_state_rnk",75.5007
"01125010205","tract",2023,"food_state_rnk",63.3763
"01125010206","tract",2023,"food_state_rnk",83.4049
"01125010302","tract",2023,"food_state_rnk",64.02
"01125010303","tract",2023,"food_state_rnk",83.0472
"01125010304","tract",2023,"food_state_rnk",14.1631
"01125010305","tract",2023,"food_state_rnk",95.9227
"01125010403","tract",2023,"food_state_rnk",57.4392
"01125010404","tract",2023,"food_state_rnk",19.0272
"01125010405","tract",2023,"food_state_rnk",76.9671
"01125010406","tract",2023,"food_state_rnk",87.2675
"01125010407","tract",2023,"food_state_rnk",37.5536
"01125010500","tract",2023,"food_state_rnk",14.8069
"01125010601","tract",2023,"food_state_rnk",81.2589
"01125010603","tract",2023,"food_state_rnk",80.3648
"01125010604","tract",2023,"food_state_rnk",97.0672
"01125010703","tract",2023,"food_state_rnk",77.9685
"01125010704","tract",2023,"food_state_rnk",81.1874
"01125010705","tract",2023,"food_state_rnk",81.1159
"01125010706","tract",2023,"food_state_rnk",61.123
"01125010707","tract",2023,"food_state_rnk",48.2833
"01125010802","tract",2023,"food_state_rnk",83.6195
"01125010803","tract",2023,"food_state_rnk",10.4435
"01125010804","tract",2023,"food_state_rnk",66.7024
"01125011200","tract",2023,"food_state_rnk",NA
"01125011401","tract",2023,"food_state_rnk",NA
"01125011402","tract",2023,"food_state_rnk",68.4192
"01125011600","tract",2023,"food_state_rnk",63.6981
"01125011701","tract",2023,"food_state_rnk",8.8698
"01125011703","tract",2023,"food_state_rnk",12.5179
"01125011800","tract",2023,"food_state_rnk",1.0014
"01125011901","tract",2023,"food_state_rnk",68.7411
"01125011902","tract",2023,"food_state_rnk",4.8641
"01125012001","tract",2023,"food_state_rnk",29.8641
"01125012002","tract",2023,"food_state_rnk",63.8412
"01125012101","tract",2023,"food_state_rnk",6.0086
"01125012102","tract",2023,"food_state_rnk",22.0315
"01125012304","tract",2023,"food_state_rnk",28.8269
"01125012305","tract",2023,"food_state_rnk",43.9914
"01125012306","tract",2023,"food_state_rnk",26.4664
"01125012307","tract",2023,"food_state_rnk",86.9099
"01125012403","tract",2023,"food_state_rnk",88.1617
"01125012404","tract",2023,"food_state_rnk",46.8526
"01125012406","tract",2023,"food_state_rnk",24.8927
"01125012407","tract",2023,"food_state_rnk",0.6438
"01125012408","tract",2023,"food_state_rnk",17.8112
"01125012501","tract",2023,"food_state_rnk",14.5923
"01125012503","tract",2023,"food_state_rnk",72.6753
"01125012504","tract",2023,"food_state_rnk",74.8927
"01125012505","tract",2023,"food_state_rnk",74.6781
"01125012600","tract",2023,"food_state_rnk",71.2446
"01125012700","tract",2023,"food_state_rnk",55.8655
"01125012800","tract",2023,"food_state_rnk",12.196
"01127020100","tract",2023,"food_state_rnk",32.9757
"01127020200","tract",2023,"food_state_rnk",60.3004
"01127020301","tract",2023,"food_state_rnk",30.4006
"01127020302","tract",2023,"food_state_rnk",42.2389
"01127020400","tract",2023,"food_state_rnk",15.5937
"01127020600","tract",2023,"food_state_rnk",27.6824
"01127020700","tract",2023,"food_state_rnk",52.7182
"01127020801","tract",2023,"food_state_rnk",26.0014
"01127020802","tract",2023,"food_state_rnk",30.6152
"01127020900","tract",2023,"food_state_rnk",78.0401
"01127021000","tract",2023,"food_state_rnk",83.2618
"01127021100","tract",2023,"food_state_rnk",49.5351
"01127021200","tract",2023,"food_state_rnk",67.6681
"01127021300","tract",2023,"food_state_rnk",80.2217
"01127021400","tract",2023,"food_state_rnk",40.6295
"01127021500","tract",2023,"food_state_rnk",33.083
"01127021600","tract",2023,"food_state_rnk",61.3734
"01127021700","tract",2023,"food_state_rnk",56.2947
"01127021800","tract",2023,"food_state_rnk",49.5351
"01127021900","tract",2023,"food_state_rnk",16.7382
"01129043900","tract",2023,"food_state_rnk",36.9456
"01129044000","tract",2023,"food_state_rnk",59.6567
"01129044100","tract",2023,"food_state_rnk",41.2732
"01129044200","tract",2023,"food_state_rnk",56.867
"01129044300","tract",2023,"food_state_rnk",70.4578
"01131034700","tract",2023,"food_state_rnk",0.9299
"01131034801","tract",2023,"food_state_rnk",2.1102
"01131034802","tract",2023,"food_state_rnk",6.5808
"01131035100","tract",2023,"food_state_rnk",10.515
"01131035200","tract",2023,"food_state_rnk",47.568
"01133965501","tract",2023,"food_state_rnk",63.0186
"01133965502","tract",2023,"food_state_rnk",62.5894
"01133965503","tract",2023,"food_state_rnk",52.3605
"01133965601","tract",2023,"food_state_rnk",48.2117
"01133965602","tract",2023,"food_state_rnk",17.382
"01133965700","tract",2023,"food_state_rnk",46.7096
"01133965800","tract",2023,"food_state_rnk",26.5379
"01133965900","tract",2023,"food_state_rnk",44.4921
