"geoid","geolevel","year","level","value"
"32001950100","tract",2023,"food_score",117.27
"32001950301","tract",2023,"food_score",78.74
"32001950302","tract",2023,"food_score",100.87
"32001950400","tract",2023,"food_score",124.81
"32001950500","tract",2023,"food_score",81.93
"32001950600","tract",2023,"food_score",108.46
"32001950700","tract",2023,"food_score",124.87
"32003000101","tract",2023,"food_score",96.42
"32003000103","tract",2023,"food_score",78
"32003000105","tract",2023,"food_score",94.84
"32003000106","tract",2023,"food_score",99.67
"32003000107","tract",2023,"food_score",82.62
"32003000108","tract",2023,"food_score",79.89
"32003000109","tract",2023,"food_score",69.48
"32003000201","tract",2023,"food_score",66.44
"32003000203","tract",2023,"food_score",82.73
"32003000204","tract",2023,"food_score",85.59
"32003000301","tract",2023,"food_score",69.03
"32003000302","tract",2023,"food_score",50.49
"32003000401","tract",2023,"food_score",NA
"32003000402","tract",2023,"food_score",52.99
"32003000403","tract",2023,"food_score",61.28
"32003000510","tract",2023,"food_score",72.8
"32003000513","tract",2023,"food_score",88.8
"32003000514","tract",2023,"food_score",78.97
"32003000515","tract",2023,"food_score",73.96
"32003000516","tract",2023,"food_score",78.81
"32003000517","tract",2023,"food_score",83.52
"32003000518","tract",2023,"food_score",80.05
"32003000519","tract",2023,"food_score",70.97
"32003000520","tract",2023,"food_score",90.34
"32003000521","tract",2023,"food_score",84.76
"32003000522","tract",2023,"food_score",51.26
"32003000523","tract",2023,"food_score",62.15
"32003000524","tract",2023,"food_score",61.54
"32003000525","tract",2023,"food_score",80.01
"32003000526","tract",2023,"food_score",101.41
"32003000527","tract",2023,"food_score",100.9
"32003000528","tract",2023,"food_score",89.09
"32003000600","tract",2023,"food_score",64.66
"32003000700","tract",2023,"food_score",NA
"32003001003","tract",2023,"food_score",108.69
"32003001004","tract",2023,"food_score",86.04
"32003001005","tract",2023,"food_score",104
"32003001006","tract",2023,"food_score",113.99
"32003001100","tract",2023,"food_score",61.69
"32003001200","tract",2023,"food_score",92.81
"32003001300","tract",2023,"food_score",105.63
"32003001401","tract",2023,"food_score",72.99
"32003001402","tract",2023,"food_score",88.48
"32003001501","tract",2023,"food_score",59.68
"32003001502","tract",2023,"food_score",73.63
"32003001607","tract",2023,"food_score",55.84
"32003001608","tract",2023,"food_score",55.65
"32003001609","tract",2023,"food_score",96.26
"32003001610","tract",2023,"food_score",109.62
"32003001611","tract",2023,"food_score",86.25
"32003001613","tract",2023,"food_score",108.45
"32003001614","tract",2023,"food_score",56.94
"32003001615","tract",2023,"food_score",66.21
"32003001706","tract",2023,"food_score",79.06
"32003001707","tract",2023,"food_score",107.6
"32003001708","tract",2023,"food_score",96.06
"32003001709","tract",2023,"food_score",94.93
"32003001710","tract",2023,"food_score",79.98
"32003001711","tract",2023,"food_score",95.63
"32003001712","tract",2023,"food_score",103.62
"32003001713","tract",2023,"food_score",95.06
"32003001714","tract",2023,"food_score",73.15
"32003001715","tract",2023,"food_score",92.05
"32003001716","tract",2023,"food_score",105.71
"32003001717","tract",2023,"food_score",104.81
"32003001718","tract",2023,"food_score",77.81
"32003001801","tract",2023,"food_score",81.01
"32003001803","tract",2023,"food_score",93.14
"32003001804","tract",2023,"food_score",98.52
"32003001901","tract",2023,"food_score",69.89
"32003001902","tract",2023,"food_score",70.42
"32003002000","tract",2023,"food_score",82.6
"32003002201","tract",2023,"food_score",85.68
"32003002203","tract",2023,"food_score",84.54
"32003002204","tract",2023,"food_score",56.57
"32003002206","tract",2023,"food_score",68.96
"32003002207","tract",2023,"food_score",72.79
"32003002302","tract",2023,"food_score",80.87
"32003002303","tract",2023,"food_score",124.39
"32003002403","tract",2023,"food_score",94.54
"32003002404","tract",2023,"food_score",37.21
"32003002405","tract",2023,"food_score",63.87
"32003002406","tract",2023,"food_score",63.18
"32003002501","tract",2023,"food_score",86.94
"32003002504","tract",2023,"food_score",73.07
"32003002505","tract",2023,"food_score",83.71
"32003002506","tract",2023,"food_score",78.72
"32003002603","tract",2023,"food_score",NA
"32003002604","tract",2023,"food_score",101.04
"32003002605","tract",2023,"food_score",42.01
"32003002706","tract",2023,"food_score",81.47
"32003002707","tract",2023,"food_score",91.7
"32003002708","tract",2023,"food_score",80.96
"32003002808","tract",2023,"food_score",98.4
"32003002810","tract",2023,"food_score",87.49
"32003002811","tract",2023,"food_score",108.69
"32003002814","tract",2023,"food_score",112.62
"32003002821","tract",2023,"food_score",79.2
"32003002822","tract",2023,"food_score",86.05
"32003002823","tract",2023,"food_score",99.12
"32003002824","tract",2023,"food_score",112.98
"32003002825","tract",2023,"food_score",90.05
"32003002826","tract",2023,"food_score",103.6
"32003002827","tract",2023,"food_score",108.2
"32003002828","tract",2023,"food_score",106.91
"32003002829","tract",2023,"food_score",107.83
"32003002830","tract",2023,"food_score",118.31
"32003002831","tract",2023,"food_score",92.89
"32003002833","tract",2023,"food_score",108.45
"32003002834","tract",2023,"food_score",107.28
"32003002835","tract",2023,"food_score",98.07
"32003002836","tract",2023,"food_score",102.38
"32003002837","tract",2023,"food_score",116.64
"32003002838","tract",2023,"food_score",103.7
"32003002841","tract",2023,"food_score",123.26
"32003002842","tract",2023,"food_score",107.52
"32003002844","tract",2023,"food_score",81.32
"32003002845","tract",2023,"food_score",101.46
"32003002846","tract",2023,"food_score",102.18
"32003002847","tract",2023,"food_score",80.07
"32003002848","tract",2023,"food_score",86.71
"32003002849","tract",2023,"food_score",121.87
"32003002850","tract",2023,"food_score",101.37
"32003002851","tract",2023,"food_score",103.1
"32003002852","tract",2023,"food_score",117.48
"32003002853","tract",2023,"food_score",107.84
"32003002901","tract",2023,"food_score",107.76
"32003002902","tract",2023,"food_score",112.11
"32003002905","tract",2023,"food_score",84.11
"32003002915","tract",2023,"food_score",73.85
"32003002916","tract",2023,"food_score",105.62
"32003002919","tract",2023,"food_score",93.42
"32003002935","tract",2023,"food_score",99.55
"32003002936","tract",2023,"food_score",100.6
"32003002937","tract",2023,"food_score",82.78
"32003002938","tract",2023,"food_score",94.76
"32003002939","tract",2023,"food_score",115.56
"32003002940","tract",2023,"food_score",105.47
"32003002941","tract",2023,"food_score",91.54
"32003002942","tract",2023,"food_score",100.95
"32003002944","tract",2023,"food_score",119.06
"32003002946","tract",2023,"food_score",103.13
"32003002947","tract",2023,"food_score",120.83
"32003002948","tract",2023,"food_score",92.93
"32003002949","tract",2023,"food_score",81.27
"32003002950","tract",2023,"food_score",99.95
"32003002952","tract",2023,"food_score",93.16
"32003002953","tract",2023,"food_score",118.21
"32003002954","tract",2023,"food_score",84.66
"32003002956","tract",2023,"food_score",90.89
"32003002957","tract",2023,"food_score",96.79
"32003002958","tract",2023,"food_score",92.14
"32003002961","tract",2023,"food_score",96.89
"32003002962","tract",2023,"food_score",72.7
"32003002964","tract",2023,"food_score",94.79
"32003002965","tract",2023,"food_score",90.64
"32003002966","tract",2023,"food_score",71.84
"32003002967","tract",2023,"food_score",85.01
"32003002968","tract",2023,"food_score",89.72
"32003002969","tract",2023,"food_score",86.19
"32003002970","tract",2023,"food_score",104.18
"32003002974","tract",2023,"food_score",98.14
"32003002975","tract",2023,"food_score",100.39
"32003002976","tract",2023,"food_score",97.82
"32003002977","tract",2023,"food_score",107.38
"32003002978","tract",2023,"food_score",116.54
"32003002979","tract",2023,"food_score",100.31
"32003002980","tract",2023,"food_score",102.84
"32003002981","tract",2023,"food_score",114.15
"32003002982","tract",2023,"food_score",97.44
"32003002983","tract",2023,"food_score",92.24
"32003002985","tract",2023,"food_score",89.25
"32003002995","tract",2023,"food_score",92.5
"32003002996","tract",2023,"food_score",88.97
"32003002997","tract",2023,"food_score",114.9
"32003002998","tract",2023,"food_score",112.11
"32003003001","tract",2023,"food_score",100.86
"32003003003","tract",2023,"food_score",113.83
"32003003004","tract",2023,"food_score",99.56
"32003003005","tract",2023,"food_score",107.06
"32003003006","tract",2023,"food_score",99.85
"32003003102","tract",2023,"food_score",85.75
"32003003103","tract",2023,"food_score",109.35
"32003003104","tract",2023,"food_score",93.79
"32003003204","tract",2023,"food_score",128.13
"32003003208","tract",2023,"food_score",117.19
"32003003210","tract",2023,"food_score",125.2
"32003003211","tract",2023,"food_score",105
"32003003213","tract",2023,"food_score",115.51
"32003003214","tract",2023,"food_score",112.45
"32003003215","tract",2023,"food_score",103.33
"32003003218","tract",2023,"food_score",100.76
"32003003219","tract",2023,"food_score",109.41
"32003003220","tract",2023,"food_score",104.38
"32003003222","tract",2023,"food_score",116.02
"32003003223","tract",2023,"food_score",115.27
"32003003226","tract",2023,"food_score",121.15
"32003003227","tract",2023,"food_score",109.01
"32003003228","tract",2023,"food_score",107.93
"32003003229","tract",2023,"food_score",116.04
"32003003233","tract",2023,"food_score",102.69
"32003003234","tract",2023,"food_score",99.14
"32003003235","tract",2023,"food_score",103.72
"32003003236","tract",2023,"food_score",117.2
"32003003237","tract",2023,"food_score",116.33
"32003003239","tract",2023,"food_score",120.08
"32003003240","tract",2023,"food_score",92.74
"32003003241","tract",2023,"food_score",105.23
"32003003242","tract",2023,"food_score",120.83
"32003003243","tract",2023,"food_score",106.15
"32003003244","tract",2023,"food_score",115.46
"32003003245","tract",2023,"food_score",110.37
"32003003246","tract",2023,"food_score",111.6
"32003003247","tract",2023,"food_score",113.46
"32003003248","tract",2023,"food_score",105.69
"32003003249","tract",2023,"food_score",113.53
"32003003250","tract",2023,"food_score",106.28
"32003003251","tract",2023,"food_score",119.32
"32003003252","tract",2023,"food_score",105.26
"32003003253","tract",2023,"food_score",97.75
"32003003254","tract",2023,"food_score",101.34
"32003003260","tract",2023,"food_score",79.96
"32003003261","tract",2023,"food_score",101.77
"32003003262","tract",2023,"food_score",117.35
"32003003263","tract",2023,"food_score",116.01
"32003003264","tract",2023,"food_score",112.42
"32003003265","tract",2023,"food_score",96.84
"32003003266","tract",2023,"food_score",101.86
"32003003267","tract",2023,"food_score",109.36
"32003003268","tract",2023,"food_score",115.09
"32003003269","tract",2023,"food_score",116.18
"32003003270","tract",2023,"food_score",101.27
"32003003303","tract",2023,"food_score",98.71
"32003003305","tract",2023,"food_score",115.03
"32003003306","tract",2023,"food_score",117.72
"32003003307","tract",2023,"food_score",110.32
"32003003308","tract",2023,"food_score",116.16
"32003003309","tract",2023,"food_score",114.14
"32003003311","tract",2023,"food_score",110.56
"32003003312","tract",2023,"food_score",122.5
"32003003313","tract",2023,"food_score",109.55
"32003003314","tract",2023,"food_score",122.51
"32003003315","tract",2023,"food_score",100.62
"32003003316","tract",2023,"food_score",115.46
"32003003317","tract",2023,"food_score",102.64
"32003003318","tract",2023,"food_score",114.47
"32003003319","tract",2023,"food_score",105.98
"32003003320","tract",2023,"food_score",98.72
"32003003321","tract",2023,"food_score",117.37
"32003003322","tract",2023,"food_score",121.37
"32003003323","tract",2023,"food_score",113.64
"32003003408","tract",2023,"food_score",104.21
"32003003409","tract",2023,"food_score",88.82
"32003003410","tract",2023,"food_score",108.5
"32003003411","tract",2023,"food_score",99.1
"32003003412","tract",2023,"food_score",93.69
"32003003413","tract",2023,"food_score",92.36
"32003003414","tract",2023,"food_score",96
"32003003415","tract",2023,"food_score",98.64
"32003003416","tract",2023,"food_score",101.07
"32003003418","tract",2023,"food_score",78.09
"32003003419","tract",2023,"food_score",77.8
"32003003420","tract",2023,"food_score",99.8
"32003003421","tract",2023,"food_score",91.36
"32003003422","tract",2023,"food_score",82.65
"32003003423","tract",2023,"food_score",82.04
"32003003426","tract",2023,"food_score",82.75
"32003003427","tract",2023,"food_score",73.88
"32003003428","tract",2023,"food_score",93.7
"32003003429","tract",2023,"food_score",99.29
"32003003430","tract",2023,"food_score",68.64
"32003003431","tract",2023,"food_score",84.74
"32003003500","tract",2023,"food_score",71.27
"32003003609","tract",2023,"food_score",98.87
"32003003610","tract",2023,"food_score",98.23
"32003003613","tract",2023,"food_score",83.16
"32003003615","tract",2023,"food_score",96.63
"32003003616","tract",2023,"food_score",94.68
"32003003617","tract",2023,"food_score",76.14
"32003003619","tract",2023,"food_score",99.94
"32003003620","tract",2023,"food_score",111.09
"32003003621","tract",2023,"food_score",114.44
"32003003626","tract",2023,"food_score",102.52
"32003003627","tract",2023,"food_score",93.39
"32003003630","tract",2023,"food_score",111.43
"32003003631","tract",2023,"food_score",98.89
"32003003632","tract",2023,"food_score",100.75
"32003003633","tract",2023,"food_score",96.22
"32003003634","tract",2023,"food_score",96.03
"32003003635","tract",2023,"food_score",105.98
"32003003636","tract",2023,"food_score",102.08
"32003003637","tract",2023,"food_score",100.61
"32003003638","tract",2023,"food_score",96.36
"32003003639","tract",2023,"food_score",93.82
"32003003640","tract",2023,"food_score",92.43
"32003003641","tract",2023,"food_score",97.28
"32003003642","tract",2023,"food_score",102.69
"32003003643","tract",2023,"food_score",100.63
"32003003644","tract",2023,"food_score",84.18
"32003003645","tract",2023,"food_score",116.09
"32003003646","tract",2023,"food_score",107.13
"32003003647","tract",2023,"food_score",112.51
"32003003648","tract",2023,"food_score",89.32
"32003003649","tract",2023,"food_score",108.7
"32003003650","tract",2023,"food_score",88.62
"32003003651","tract",2023,"food_score",90.57
"32003003652","tract",2023,"food_score",100.24
"32003003653","tract",2023,"food_score",96.7
"32003003654","tract",2023,"food_score",102.88
"32003003655","tract",2023,"food_score",109.02
"32003003656","tract",2023,"food_score",84.83
"32003003657","tract",2023,"food_score",79.36
"32003003658","tract",2023,"food_score",97.8
"32003003659","tract",2023,"food_score",117.21
"32003003660","tract",2023,"food_score",121.8
"32003003661","tract",2023,"food_score",74.45
"32003003662","tract",2023,"food_score",113.16
"32003003663","tract",2023,"food_score",123.08
"32003003664","tract",2023,"food_score",109.38
"32003003665","tract",2023,"food_score",101.47
"32003003666","tract",2023,"food_score",118.48
"32003003700","tract",2023,"food_score",64.81
"32003003800","tract",2023,"food_score",46.91
"32003004000","tract",2023,"food_score",67.91
"32003004100","tract",2023,"food_score",97.2
"32003004200","tract",2023,"food_score",86.74
"32003004301","tract",2023,"food_score",66.08
"32003004302","tract",2023,"food_score",69.07
"32003004401","tract",2023,"food_score",77.86
"32003004402","tract",2023,"food_score",67.99
"32003004500","tract",2023,"food_score",91.7
"32003004601","tract",2023,"food_score",76
"32003004602","tract",2023,"food_score",56.05
"32003004703","tract",2023,"food_score",67.45
"32003004707","tract",2023,"food_score",56.1
"32003004709","tract",2023,"food_score",63.58
"32003004710","tract",2023,"food_score",85.86
"32003004712","tract",2023,"food_score",45.15
"32003004713","tract",2023,"food_score",81.45
"32003004714","tract",2023,"food_score",75.36
"32003004715","tract",2023,"food_score",74.79
"32003004716","tract",2023,"food_score",81.16
"32003004717","tract",2023,"food_score",109.83
"32003004907","tract",2023,"food_score",102.59
"32003004910","tract",2023,"food_score",85.41
"32003004911","tract",2023,"food_score",95.4
"32003004912","tract",2023,"food_score",82.79
"32003004914","tract",2023,"food_score",102.51
"32003004915","tract",2023,"food_score",87.02
"32003004916","tract",2023,"food_score",81.08
"32003004917","tract",2023,"food_score",81.03
"32003004918","tract",2023,"food_score",112.68
"32003004919","tract",2023,"food_score",80.43
"32003004920","tract",2023,"food_score",86.65
"32003004921","tract",2023,"food_score",84.35
"32003004923","tract",2023,"food_score",96.7
"32003004924","tract",2023,"food_score",82.98
"32003004925","tract",2023,"food_score",80.31
"32003004926","tract",2023,"food_score",91.36
"32003005005","tract",2023,"food_score",47.89
"32003005006","tract",2023,"food_score",63.36
"32003005007","tract",2023,"food_score",88.88
"32003005010","tract",2023,"food_score",74.86
"32003005011","tract",2023,"food_score",73.21
"32003005012","tract",2023,"food_score",89.34
"32003005013","tract",2023,"food_score",100.64
"32003005014","tract",2023,"food_score",84.21
"32003005015","tract",2023,"food_score",108.09
"32003005016","tract",2023,"food_score",82.97
"32003005017","tract",2023,"food_score",102.34
"32003005102","tract",2023,"food_score",105.36
"32003005103","tract",2023,"food_score",101.07
"32003005104","tract",2023,"food_score",105.57
"32003005106","tract",2023,"food_score",106.19
"32003005107","tract",2023,"food_score",103.35
"32003005108","tract",2023,"food_score",102.62
"32003005110","tract",2023,"food_score",114.12
"32003005111","tract",2023,"food_score",108.94
"32003005112","tract",2023,"food_score",89.73
"32003005113","tract",2023,"food_score",97.63
"32003005114","tract",2023,"food_score",92.45
"32003005115","tract",2023,"food_score",109.64
"32003005116","tract",2023,"food_score",107.49
"32003005200","tract",2023,"food_score",83.82
"32003005311","tract",2023,"food_score",108.13
"32003005312","tract",2023,"food_score",117.35
"32003005313","tract",2023,"food_score",109.11
"32003005314","tract",2023,"food_score",122.34
"32003005316","tract",2023,"food_score",112.3
"32003005317","tract",2023,"food_score",96.74
"32003005318","tract",2023,"food_score",118.8
"32003005319","tract",2023,"food_score",111.93
"32003005320","tract",2023,"food_score",101.98
"32003005321","tract",2023,"food_score",112.46
"32003005322","tract",2023,"food_score",121.43
"32003005333","tract",2023,"food_score",115.44
"32003005335","tract",2023,"food_score",105.88
"32003005336","tract",2023,"food_score",73.23
"32003005337","tract",2023,"food_score",102.27
"32003005338","tract",2023,"food_score",119.52
"32003005341","tract",2023,"food_score",98.4
"32003005342","tract",2023,"food_score",117.95
"32003005343","tract",2023,"food_score",107.57
"32003005346","tract",2023,"food_score",119.16
"32003005347","tract",2023,"food_score",104.73
"32003005348","tract",2023,"food_score",126.62
"32003005349","tract",2023,"food_score",103.7
"32003005350","tract",2023,"food_score",109.29
"32003005351","tract",2023,"food_score",108.44
"32003005352","tract",2023,"food_score",112.65
"32003005353","tract",2023,"food_score",102.74
"32003005354","tract",2023,"food_score",113.34
"32003005355","tract",2023,"food_score",108.81
"32003005356","tract",2023,"food_score",115.98
"32003005358","tract",2023,"food_score",118.68
"32003005360","tract",2023,"food_score",95.49
"32003005361","tract",2023,"food_score",118.55
"32003005362","tract",2023,"food_score",112.79
"32003005363","tract",2023,"food_score",117.36
"32003005364","tract",2023,"food_score",119.82
"32003005365","tract",2023,"food_score",116.35
"32003005366","tract",2023,"food_score",116.76
"32003005421","tract",2023,"food_score",49.16
"32003005422","tract",2023,"food_score",72.8
"32003005423","tract",2023,"food_score",80.06
"32003005432","tract",2023,"food_score",111.95
"32003005433","tract",2023,"food_score",117.4
"32003005434","tract",2023,"food_score",108.47
"32003005435","tract",2023,"food_score",98.32
"32003005437","tract",2023,"food_score",125.98
"32003005438","tract",2023,"food_score",81.35
"32003005439","tract",2023,"food_score",96.12
"32003005440","tract",2023,"food_score",112.69
"32003005441","tract",2023,"food_score",117
"32003005442","tract",2023,"food_score",122.97
"32003005501","tract",2023,"food_score",127.26
"32003005502","tract",2023,"food_score",94.81
"32003005503","tract",2023,"food_score",103.37
"32003005504","tract",2023,"food_score",102.59
"32003005607","tract",2023,"food_score",93.38
"32003005612","tract",2023,"food_score",94.1
"32003005613","tract",2023,"food_score",123.22
"32003005614","tract",2023,"food_score",89.52
"32003005615","tract",2023,"food_score",103.77
"32003005702","tract",2023,"food_score",73.15
"32003005703","tract",2023,"food_score",105.52
"32003005704","tract",2023,"food_score",63.96
"32003005705","tract",2023,"food_score",105.14
"32003005711","tract",2023,"food_score",120.98
"32003005713","tract",2023,"food_score",123.22
"32003005715","tract",2023,"food_score",118.14
"32003005716","tract",2023,"food_score",99.89
"32003005717","tract",2023,"food_score",103.7
"32003005718","tract",2023,"food_score",116.16
"32003005719","tract",2023,"food_score",119.93
"32003005720","tract",2023,"food_score",119.98
"32003005721","tract",2023,"food_score",126.79
"32003005722","tract",2023,"food_score",113.17
"32003005803","tract",2023,"food_score",96.36
"32003005804","tract",2023,"food_score",107.64
"32003005805","tract",2023,"food_score",112.11
"32003005806","tract",2023,"food_score",108.37
"32003005807","tract",2023,"food_score",108.62
"32003005808","tract",2023,"food_score",99.23
"32003005809","tract",2023,"food_score",101.49
"32003005813","tract",2023,"food_score",106.83
"32003005818","tract",2023,"food_score",NA
"32003005822","tract",2023,"food_score",115.1
"32003005824","tract",2023,"food_score",123.31
"32003005825","tract",2023,"food_score",113.42
"32003005826","tract",2023,"food_score",93.56
"32003005828","tract",2023,"food_score",121.97
"32003005829","tract",2023,"food_score",114.52
"32003005830","tract",2023,"food_score",106.41
"32003005831","tract",2023,"food_score",116.73
"32003005834","tract",2023,"food_score",108.18
"32003005835","tract",2023,"food_score",120.29
"32003005836","tract",2023,"food_score",117.43
"32003005837","tract",2023,"food_score",120.05
"32003005839","tract",2023,"food_score",119.36
"32003005841","tract",2023,"food_score",120.65
"32003005842","tract",2023,"food_score",124.79
"32003005843","tract",2023,"food_score",116.54
"32003005844","tract",2023,"food_score",119.77
"32003005845","tract",2023,"food_score",121.96
"32003005846","tract",2023,"food_score",121.56
"32003005847","tract",2023,"food_score",115.76
"32003005848","tract",2023,"food_score",94.28
"32003005849","tract",2023,"food_score",105.78
"32003005850","tract",2023,"food_score",106.68
"32003005852","tract",2023,"food_score",109.94
"32003005855","tract",2023,"food_score",91.25
"32003005856","tract",2023,"food_score",114.37
"32003005857","tract",2023,"food_score",106.31
"32003005858","tract",2023,"food_score",121.08
"32003005859","tract",2023,"food_score",103.05
"32003005860","tract",2023,"food_score",114.89
"32003005861","tract",2023,"food_score",95.36
"32003005862","tract",2023,"food_score",109.87
"32003005863","tract",2023,"food_score",117
"32003005864","tract",2023,"food_score",110.54
"32003005865","tract",2023,"food_score",112.56
"32003005866","tract",2023,"food_score",116.89
"32003005867","tract",2023,"food_score",124.45
"32003005868","tract",2023,"food_score",109.2
"32003005869","tract",2023,"food_score",99.24
"32003005870","tract",2023,"food_score",99.29
"32003005871","tract",2023,"food_score",123.27
"32003005872","tract",2023,"food_score",120.2
"32003005873","tract",2023,"food_score",117.9
"32003005874","tract",2023,"food_score",114.52
"32003005875","tract",2023,"food_score",95.89
"32003005876","tract",2023,"food_score",119.46
"32003005877","tract",2023,"food_score",124
"32003005902","tract",2023,"food_score",108.7
"32003005903","tract",2023,"food_score",119.7
"32003005904","tract",2023,"food_score",124.74
"32003005905","tract",2023,"food_score",100.7
"32003006001","tract",2023,"food_score",86.46
"32003006103","tract",2023,"food_score",97.72
"32003006104","tract",2023,"food_score",110.39
"32003006201","tract",2023,"food_score",86.72
"32003006202","tract",2023,"food_score",92.37
"32003006203","tract",2023,"food_score",86.31
"32003006204","tract",2023,"food_score",97.67
"32003006700","tract",2023,"food_score",103.68
"32003006800","tract",2023,"food_score",73.83
"32003006900","tract",2023,"food_score",92.61
"32003007100","tract",2023,"food_score",63.28
"32003007200","tract",2023,"food_score",94.96
"32003007500","tract",2023,"food_score",120.72
"32003007600","tract",2023,"food_score",115.97
"32003007801","tract",2023,"food_score",95.94
"32003007802","tract",2023,"food_score",NA
"32003007900","tract",2023,"food_score",66.89
"32005001000","tract",2023,"food_score",121.49
"32005001100","tract",2023,"food_score",100.27
"32005001200","tract",2023,"food_score",116.1
"32005001300","tract",2023,"food_score",89.46
"32005001400","tract",2023,"food_score",110.49
"32005001500","tract",2023,"food_score",112.74
"32005001600","tract",2023,"food_score",121.95
"32005001700","tract",2023,"food_score",115.7
"32005001800","tract",2023,"food_score",124.27
"32005001900","tract",2023,"food_score",119.67
"32005002000","tract",2023,"food_score",94.01
"32005002100","tract",2023,"food_score",122.17
"32005002200","tract",2023,"food_score",123.32
"32005002300","tract",2023,"food_score",127.55
"32005002400","tract",2023,"food_score",110.16
"32005002500","tract",2023,"food_score",98.55
"32005990000","tract",2023,"food_score",NA
"32007950200","tract",2023,"food_score",122.57
"32007950701","tract",2023,"food_score",114.88
"32007950702","tract",2023,"food_score",111.62
"32007950800","tract",2023,"food_score",102.79
"32007950900","tract",2023,"food_score",99.75
"32007951000","tract",2023,"food_score",108.64
"32007951201","tract",2023,"food_score",120.38
"32007951202","tract",2023,"food_score",109.12
"32007951300","tract",2023,"food_score",101.22
"32007951401","tract",2023,"food_score",114.48
"32007951403","tract",2023,"food_score",114.02
"32007951404","tract",2023,"food_score",112.74
"32007951500","tract",2023,"food_score",88.82
"32007951600","tract",2023,"food_score",99.48
"32007951700","tract",2023,"food_score",113.08
"32009950100","tract",2023,"food_score",92.87
"32011000100","tract",2023,"food_score",94.96
"32013010501","tract",2023,"food_score",108.54
"32013010502","tract",2023,"food_score",101.27
"32013010600","tract",2023,"food_score",114.86
"32013010701","tract",2023,"food_score",97.82
"32013010702","tract",2023,"food_score",113.32
"32015000301","tract",2023,"food_score",89.5
"32015000302","tract",2023,"food_score",95.39
"32017950100","tract",2023,"food_score",117.96
"32017950200","tract",2023,"food_score",103.37
"32019960103","tract",2023,"food_score",104.27
"32019960104","tract",2023,"food_score",89.7
"32019960105","tract",2023,"food_score",103.24
"32019960106","tract",2023,"food_score",107.52
"32019960107","tract",2023,"food_score",103.75
"32019960108","tract",2023,"food_score",114.17
"32019960203","tract",2023,"food_score",100.93
"32019960204","tract",2023,"food_score",80.44
"32019960205","tract",2023,"food_score",102.61
"32019960206","tract",2023,"food_score",109.42
"32019960301","tract",2023,"food_score",113.43
"32019960303","tract",2023,"food_score",117.18
"32019960304","tract",2023,"food_score",110.85
"32019960305","tract",2023,"food_score",112.35
"32019960801","tract",2023,"food_score",101.37
"32019960802","tract",2023,"food_score",113.52
"32019960901","tract",2023,"food_score",89.99
"32019960902","tract",2023,"food_score",90.85
"32021970700","tract",2023,"food_score",99.05
"32021970800","tract",2023,"food_score",98.87
"32023960100","tract",2023,"food_score",122.72
"32023960200","tract",2023,"food_score",121.22
"32023960300","tract",2023,"food_score",88.6
"32023960405","tract",2023,"food_score",72.34
"32023960407","tract",2023,"food_score",74.19
"32023960408","tract",2023,"food_score",87.18
"32023960409","tract",2023,"food_score",97.85
"32023960410","tract",2023,"food_score",116.31
"32023960411","tract",2023,"food_score",92.7
"32023960412","tract",2023,"food_score",107.08
"32023960413","tract",2023,"food_score",86.22
"32023960414","tract",2023,"food_score",72
"32023960415","tract",2023,"food_score",103.43
"32023960416","tract",2023,"food_score",90.54
"32023980500","tract",2023,"food_score",NA
"32027960100","tract",2023,"food_score",113.53
"32029970200","tract",2023,"food_score",118.76
"32031000103","tract",2023,"food_score",89.61
"32031000104","tract",2023,"food_score",90.3
"32031000105","tract",2023,"food_score",57.21
"32031000106","tract",2023,"food_score",NA
"32031000201","tract",2023,"food_score",89.1
"32031000202","tract",2023,"food_score",106.68
"32031000301","tract",2023,"food_score",115.58
"32031000302","tract",2023,"food_score",119.12
"32031000401","tract",2023,"food_score",111.9
"32031000402","tract",2023,"food_score",118.9
"32031000701","tract",2023,"food_score",109.28
"32031000702","tract",2023,"food_score",84.66
"32031000900","tract",2023,"food_score",73.92
"32031001005","tract",2023,"food_score",112.39
"32031001010","tract",2023,"food_score",116.43
"32031001011","tract",2023,"food_score",125.57
"32031001012","tract",2023,"food_score",125.61
"32031001013","tract",2023,"food_score",128.54
"32031001014","tract",2023,"food_score",120.01
"32031001015","tract",2023,"food_score",126.57
"32031001016","tract",2023,"food_score",55.5
"32031001017","tract",2023,"food_score",116.12
"32031001018","tract",2023,"food_score",68.31
"32031001019","tract",2023,"food_score",65.02
"32031001101","tract",2023,"food_score",111.34
"32031001103","tract",2023,"food_score",126.55
"32031001104","tract",2023,"food_score",122.84
"32031001105","tract",2023,"food_score",119.04
"32031001201","tract",2023,"food_score",109.57
"32031001203","tract",2023,"food_score",117.33
"32031001204","tract",2023,"food_score",88.02
"32031001300","tract",2023,"food_score",92.07
"32031001400","tract",2023,"food_score",99.67
"32031001501","tract",2023,"food_score",82.67
"32031001503","tract",2023,"food_score",71.2
"32031001504","tract",2023,"food_score",NA
"32031001701","tract",2023,"food_score",55.79
"32031001703","tract",2023,"food_score",99.47
"32031001704","tract",2023,"food_score",102.96
"32031001801","tract",2023,"food_score",70.17
"32031001802","tract",2023,"food_score",68.27
"32031001901","tract",2023,"food_score",83.19
"32031001903","tract",2023,"food_score",95.76
"32031001904","tract",2023,"food_score",78.73
"32031002103","tract",2023,"food_score",118.94
"32031002104","tract",2023,"food_score",115.67
"32031002105","tract",2023,"food_score",94.98
"32031002106","tract",2023,"food_score",110.73
"32031002107","tract",2023,"food_score",78.41
"32031002204","tract",2023,"food_score",90.61
"32031002207","tract",2023,"food_score",116.67
"32031002208","tract",2023,"food_score",104.95
"32031002210","tract",2023,"food_score",126.85
"32031002211","tract",2023,"food_score",87.25
"32031002212","tract",2023,"food_score",75.51
"32031002213","tract",2023,"food_score",122.13
"32031002214","tract",2023,"food_score",97.69
"32031002215","tract",2023,"food_score",104.61
"32031002216","tract",2023,"food_score",88.32
"32031002217","tract",2023,"food_score",102.94
"32031002218","tract",2023,"food_score",110.07
"32031002219","tract",2023,"food_score",126.78
"32031002302","tract",2023,"food_score",121.37
"32031002303","tract",2023,"food_score",126.58
"32031002304","tract",2023,"food_score",125.75
"32031002401","tract",2023,"food_score",122.14
"32031002406","tract",2023,"food_score",78.92
"32031002407","tract",2023,"food_score",105.59
"32031002408","tract",2023,"food_score",121.01
"32031002409","tract",2023,"food_score",114.9
"32031002411","tract",2023,"food_score",102.74
"32031002412","tract",2023,"food_score",118.53
"32031002413","tract",2023,"food_score",103.02
"32031002414","tract",2023,"food_score",98.35
"32031002500","tract",2023,"food_score",104.13
"32031002603","tract",2023,"food_score",112.93
"32031002610","tract",2023,"food_score",117.61
"32031002611","tract",2023,"food_score",99.78
"32031002612","tract",2023,"food_score",107.08
"32031002613","tract",2023,"food_score",103.45
"32031002614","tract",2023,"food_score",110.68
"32031002615","tract",2023,"food_score",114.31
"32031002616","tract",2023,"food_score",97.7
"32031002618","tract",2023,"food_score",120.81
"32031002620","tract",2023,"food_score",86.51
"32031002621","tract",2023,"food_score",98.18
"32031002622","tract",2023,"food_score",77.66
"32031002623","tract",2023,"food_score",116.2
"32031002703","tract",2023,"food_score",82.86
"32031002704","tract",2023,"food_score",71.56
"32031002705","tract",2023,"food_score",96.25
"32031002706","tract",2023,"food_score",94.56
"32031002707","tract",2023,"food_score",92.65
"32031002801","tract",2023,"food_score",101.04
"32031002802","tract",2023,"food_score",94.11
"32031002901","tract",2023,"food_score",105.38
"32031002902","tract",2023,"food_score",82.26
"32031003001","tract",2023,"food_score",99.87
"32031003002","tract",2023,"food_score",89.51
"32031003105","tract",2023,"food_score",113.02
"32031003106","tract",2023,"food_score",110.11
"32031003108","tract",2023,"food_score",114.79
"32031003109","tract",2023,"food_score",122.91
"32031003110","tract",2023,"food_score",115.55
"32031003111","tract",2023,"food_score",81.1
"32031003112","tract",2023,"food_score",106.75
"32031003203","tract",2023,"food_score",117.65
"32031003205","tract",2023,"food_score",116.5
"32031003206","tract",2023,"food_score",126.52
"32031003207","tract",2023,"food_score",92.59
"32031003305","tract",2023,"food_score",121.41
"32031003306","tract",2023,"food_score",109.94
"32031003307","tract",2023,"food_score",123.77
"32031003308","tract",2023,"food_score",124.55
"32031003310","tract",2023,"food_score",113.1
"32031003311","tract",2023,"food_score",120.05
"32031003501","tract",2023,"food_score",113.64
"32031003503","tract",2023,"food_score",121.03
"32031003507","tract",2023,"food_score",123.35
"32031003508","tract",2023,"food_score",122.69
"32031003510","tract",2023,"food_score",117.97
"32031003511","tract",2023,"food_score",124.27
"32031003512","tract",2023,"food_score",114.13
"32031003513","tract",2023,"food_score",121.88
"32031003514","tract",2023,"food_score",124.6
"32031003516","tract",2023,"food_score",116.76
"32031003517","tract",2023,"food_score",120.58
"32031003518","tract",2023,"food_score",125.1
"32031003519","tract",2023,"food_score",122.9
"32031003520","tract",2023,"food_score",115.83
"32031003521","tract",2023,"food_score",115.78
"32031003522","tract",2023,"food_score",93.34
"32031940200","tract",2023,"food_score",100.15
"32031980000","tract",2023,"food_score",NA
"32031980100","tract",2023,"food_score",NA
"32031980200","tract",2023,"food_score",NA
"32031980300","tract",2023,"food_score",NA
"32031990000","tract",2023,"food_score",NA
"32031990100","tract",2023,"food_score",NA
"32033970100","tract",2023,"food_score",80.67
"32033970200","tract",2023,"food_score",119.02
"32033970300","tract",2023,"food_score",103.5
"32510000100","tract",2023,"food_score",111.02
"32510000200","tract",2023,"food_score",119.48
"32510000300","tract",2023,"food_score",116.94
"32510000400","tract",2023,"food_score",107.83
"32510000501","tract",2023,"food_score",100.19
"32510000502","tract",2023,"food_score",82.75
"32510000601","tract",2023,"food_score",118.23
"32510000602","tract",2023,"food_score",89.28
"32510000701","tract",2023,"food_score",118.71
"32510000702","tract",2023,"food_score",111.49
"32510000800","tract",2023,"food_score",111.82
"32510000900","tract",2023,"food_score",105.47
"32510001001","tract",2023,"food_score",90.46
"32510001002","tract",2023,"food_score",115.74
"32510990000","tract",2023,"food_score",NA
"32001950100","tract",2023,"food_rnk",80.4996
"32001950301","tract",2023,"food_rnk",14.4584
"32001950302","tract",2023,"food_rnk",42.3582
"32001950400","tract",2023,"food_rnk",97.1408
"32001950500","tract",2023,"food_rnk",17.143
"32001950600","tract",2023,"food_rnk",58.2718
"32001950700","tract",2023,"food_rnk",97.2336
"32003000101","tract",2023,"food_rnk",34.8305
"32003000103","tract",2023,"food_rnk",13.8943
"32003000105","tract",2023,"food_rnk",32.3839
"32003000106","tract",2023,"food_rnk",40.2937
"32003000107","tract",2023,"food_rnk",17.7681
"32003000108","tract",2023,"food_rnk",15.3618
"32003000109","tract",2023,"food_rnk",8.8035
"32003000201","tract",2023,"food_rnk",7.3787
"32003000203","tract",2023,"food_rnk",17.8779
"32003000204","tract",2023,"food_rnk",20.6346
"32003000301","tract",2023,"food_rnk",8.5678
"32003000302","tract",2023,"food_rnk",2.7151
"32003000401","tract",2023,"food_rnk",NA
"32003000402","tract",2023,"food_rnk",3.1876
"32003000403","tract",2023,"food_rnk",5.4144
"32003000510","tract",2023,"food_rnk",10.4882
"32003000513","tract",2023,"food_rnk",24.1701
"32003000514","tract",2023,"food_rnk",14.6378
"32003000515","tract",2023,"food_rnk",11.1951
"32003000516","tract",2023,"food_rnk",14.5121
"32003000517","tract",2023,"food_rnk",18.6239
"32003000518","tract",2023,"food_rnk",15.4912
"32003000519","tract",2023,"food_rnk",9.5531
"32003000520","tract",2023,"food_rnk",26.1393
"32003000521","tract",2023,"food_rnk",19.8374
"32003000522","tract",2023,"food_rnk",2.8458
"32003000523","tract",2023,"food_rnk",5.7208
"32003000524","tract",2023,"food_rnk",5.5084
"32003000525","tract",2023,"food_rnk",15.4558
"32003000526","tract",2023,"food_rnk",43.3715
"32003000527","tract",2023,"food_rnk",42.4107
"32003000528","tract",2023,"food_rnk",24.5291
"32003000600","tract",2023,"food_rnk",6.6255
"32003000700","tract",2023,"food_rnk",NA
"32003001003","tract",2023,"food_rnk",58.8065
"32003001004","tract",2023,"food_rnk",21.1412
"32003001005","tract",2023,"food_rnk",48.4416
"32003001006","tract",2023,"food_rnk",71.8792
"32003001100","tract",2023,"food_rnk",5.5658
"32003001200","tract",2023,"food_rnk",29.4918
"32003001300","tract",2023,"food_rnk",51.9308
"32003001401","tract",2023,"food_rnk",10.6115
"32003001402","tract",2023,"food_rnk",23.7721
"32003001501","tract",2023,"food_rnk",4.931
"32003001502","tract",2023,"food_rnk",10.9753
"32003001607","tract",2023,"food_rnk",3.8627
"32003001608","tract",2023,"food_rnk",3.8041
"32003001609","tract",2023,"food_rnk",34.5802
"32003001610","tract",2023,"food_rnk",61.0052
"32003001611","tract",2023,"food_rnk",21.3915
"32003001613","tract",2023,"food_rnk",58.2584
"32003001614","tract",2023,"food_rnk",4.1643
"32003001615","tract",2023,"food_rnk",7.2762
"32003001706","tract",2023,"food_rnk",14.7221
"32003001707","tract",2023,"food_rnk",56.3148
"32003001708","tract",2023,"food_rnk",34.2445
"32003001709","tract",2023,"food_rnk",32.5194
"32003001710","tract",2023,"food_rnk",15.4338
"32003001711","tract",2023,"food_rnk",33.6341
"32003001712","tract",2023,"food_rnk",47.6188
"32003001713","tract",2023,"food_rnk",32.7343
"32003001714","tract",2023,"food_rnk",10.7043
"32003001715","tract",2023,"food_rnk",28.4333
"32003001716","tract",2023,"food_rnk",52.0858
"32003001717","tract",2023,"food_rnk",50.2082
"32003001718","tract",2023,"food_rnk",13.7735
"32003001801","tract",2023,"food_rnk",16.3018
"32003001803","tract",2023,"food_rnk",29.9313
"32003001804","tract",2023,"food_rnk",38.3025
"32003001901","tract",2023,"food_rnk",9.0195
"32003001902","tract",2023,"food_rnk",9.2662
"32003002000","tract",2023,"food_rnk",17.7461
"32003002201","tract",2023,"food_rnk",20.7152
"32003002203","tract",2023,"food_rnk",19.6176
"32003002204","tract",2023,"food_rnk",4.0715
"32003002206","tract",2023,"food_rnk",8.5288
"32003002207","tract",2023,"food_rnk",10.4784
"32003002302","tract",2023,"food_rnk",16.1773
"32003002303","tract",2023,"food_rnk",96.495
"32003002403","tract",2023,"food_rnk",31.9518
"32003002404","tract",2023,"food_rnk",0.9571
"32003002405","tract",2023,"food_rnk",6.3459
"32003002406","tract",2023,"food_rnk",6.0847
"32003002501","tract",2023,"food_rnk",22.0788
"32003002504","tract",2023,"food_rnk",10.6628
"32003002505","tract",2023,"food_rnk",18.7716
"32003002506","tract",2023,"food_rnk",14.4425
"32003002603","tract",2023,"food_rnk",NA
"32003002604","tract",2023,"food_rnk",42.6658
"32003002605","tract",2023,"food_rnk",1.4345
"32003002706","tract",2023,"food_rnk",16.7413
"32003002707","tract",2023,"food_rnk",27.9682
"32003002708","tract",2023,"food_rnk",16.2554
"32003002808","tract",2023,"food_rnk",38.0804
"32003002810","tract",2023,"food_rnk",22.6539
"32003002811","tract",2023,"food_rnk",58.8065
"32003002814","tract",2023,"food_rnk",68.3681
"32003002821","tract",2023,"food_rnk",14.8356
"32003002822","tract",2023,"food_rnk",21.1522
"32003002823","tract",2023,"food_rnk",39.3061
"32003002824","tract",2023,"food_rnk",69.2569
"32003002825","tract",2023,"food_rnk",25.7462
"32003002826","tract",2023,"food_rnk",47.5919
"32003002827","tract",2023,"food_rnk",57.6894
"32003002828","tract",2023,"food_rnk",54.818
"32003002829","tract",2023,"food_rnk",56.8568
"32003002830","tract",2023,"food_rnk",83.1427
"32003002831","tract",2023,"food_rnk",29.6114
"32003002833","tract",2023,"food_rnk",58.2584
"32003002834","tract",2023,"food_rnk",55.5835
"32003002835","tract",2023,"food_rnk",37.5151
"32003002836","tract",2023,"food_rnk",45.221
"32003002837","tract",2023,"food_rnk",78.9345
"32003002838","tract",2023,"food_rnk",47.7848
"32003002841","tract",2023,"food_rnk",94.4452
"32003002842","tract",2023,"food_rnk",56.1463
"32003002844","tract",2023,"food_rnk",16.5961
"32003002845","tract",2023,"food_rnk",43.4728
"32003002846","tract",2023,"food_rnk",44.823
"32003002847","tract",2023,"food_rnk",15.5071
"32003002848","tract",2023,"food_rnk",21.8505
"32003002849","tract",2023,"food_rnk",91.608
"32003002850","tract",2023,"food_rnk",43.2799
"32003002851","tract",2023,"food_rnk",46.5603
"32003002852","tract",2023,"food_rnk",81.0404
"32003002853","tract",2023,"food_rnk",56.8849
"32003002901","tract",2023,"food_rnk",56.6957
"32003002902","tract",2023,"food_rnk",67.0435
"32003002905","tract",2023,"food_rnk",19.1586
"32003002915","tract",2023,"food_rnk",11.1206
"32003002916","tract",2023,"food_rnk",51.9112
"32003002919","tract",2023,"food_rnk",30.2902
"32003002935","tract",2023,"food_rnk",40.1045
"32003002936","tract",2023,"food_rnk",41.9089
"32003002937","tract",2023,"food_rnk",17.9304
"32003002938","tract",2023,"food_rnk",32.2692
"32003002939","tract",2023,"food_rnk",76.0972
"32003002940","tract",2023,"food_rnk",51.5999
"32003002941","tract",2023,"food_rnk",27.7264
"32003002942","tract",2023,"food_rnk",42.5059
"32003002944","tract",2023,"food_rnk",85.0252
"32003002946","tract",2023,"food_rnk",46.6152
"32003002947","tract",2023,"food_rnk",89.2224
"32003002948","tract",2023,"food_rnk",29.6712
"32003002949","tract",2023,"food_rnk",16.5448
"32003002950","tract",2023,"food_rnk",40.7638
"32003002952","tract",2023,"food_rnk",29.9496
"32003002953","tract",2023,"food_rnk",82.8729
"32003002954","tract",2023,"food_rnk",19.7507
"32003002956","tract",2023,"food_rnk",26.8926
"32003002957","tract",2023,"food_rnk",35.414
"32003002958","tract",2023,"food_rnk",28.5615
"32003002961","tract",2023,"food_rnk",35.5642
"32003002962","tract",2023,"food_rnk",10.443
"32003002964","tract",2023,"food_rnk",32.3143
"32003002965","tract",2023,"food_rnk",26.541
"32003002966","tract",2023,"food_rnk",9.973
"32003002967","tract",2023,"food_rnk",20.0669
"32003002968","tract",2023,"food_rnk",25.3031
"32003002969","tract",2023,"food_rnk",21.3231
"32003002970","tract",2023,"food_rnk",48.8384
"32003002974","tract",2023,"food_rnk",37.6579
"32003002975","tract",2023,"food_rnk",41.5341
"32003002976","tract",2023,"food_rnk",37.0854
"32003002977","tract",2023,"food_rnk",55.8106
"32003002978","tract",2023,"food_rnk",78.6329
"32003002979","tract",2023,"food_rnk",41.3803
"32003002980","tract",2023,"food_rnk",46.0561
"32003002981","tract",2023,"food_rnk",72.2943
"32003002982","tract",2023,"food_rnk",36.4872
"32003002983","tract",2023,"food_rnk",28.7178
"32003002985","tract",2023,"food_rnk",24.7183
"32003002995","tract",2023,"food_rnk",29.084
"32003002996","tract",2023,"food_rnk",24.3862
"32003002997","tract",2023,"food_rnk",74.2818
"32003002998","tract",2023,"food_rnk",67.0435
"32003003001","tract",2023,"food_rnk",42.346
"32003003003","tract",2023,"food_rnk",71.4507
"32003003004","tract",2023,"food_rnk",40.1253
"32003003005","tract",2023,"food_rnk",55.1184
"32003003006","tract",2023,"food_rnk",40.6002
"32003003102","tract",2023,"food_rnk",20.7982
"32003003103","tract",2023,"food_rnk",60.3509
"32003003104","tract",2023,"food_rnk",30.8139
"32003003204","tract",2023,"food_rnk",99.7351
"32003003208","tract",2023,"food_rnk",80.3018
"32003003210","tract",2023,"food_rnk",97.6853
"32003003211","tract",2023,"food_rnk",50.6196
"32003003213","tract",2023,"food_rnk",75.9678
"32003003214","tract",2023,"food_rnk",67.9274
"32003003215","tract",2023,"food_rnk",47.0279
"32003003218","tract",2023,"food_rnk",42.1873
"32003003219","tract",2023,"food_rnk",60.4949
"32003003220","tract",2023,"food_rnk",49.2876
"32003003222","tract",2023,"food_rnk",77.3437
"32003003223","tract",2023,"food_rnk",75.278
"32003003226","tract",2023,"food_rnk",89.9257
"32003003227","tract",2023,"food_rnk",59.5622
"32003003228","tract",2023,"food_rnk",57.0802
"32003003229","tract",2023,"food_rnk",77.4035
"32003003233","tract",2023,"food_rnk",45.7802
"32003003234","tract",2023,"food_rnk",39.3366
"32003003235","tract",2023,"food_rnk",47.8287
"32003003236","tract",2023,"food_rnk",80.3225
"32003003237","tract",2023,"food_rnk",78.0945
"32003003239","tract",2023,"food_rnk",87.4852
"32003003240","tract",2023,"food_rnk",29.4063
"32003003241","tract",2023,"food_rnk",51.136
"32003003242","tract",2023,"food_rnk",89.2224
"32003003243","tract",2023,"food_rnk",53.0124
"32003003244","tract",2023,"food_rnk",75.8164
"32003003245","tract",2023,"food_rnk",62.7816
"32003003246","tract",2023,"food_rnk",65.7457
"32003003247","tract",2023,"food_rnk",70.529
"32003003248","tract",2023,"food_rnk",52.0467
"32003003249","tract",2023,"food_rnk",70.706
"32003003250","tract",2023,"food_rnk",53.3152
"32003003251","tract",2023,"food_rnk",85.6613
"32003003252","tract",2023,"food_rnk",51.1995
"32003003253","tract",2023,"food_rnk",36.9682
"32003003254","tract",2023,"food_rnk",43.2311
"32003003260","tract",2023,"food_rnk",15.4155
"32003003261","tract",2023,"food_rnk",44.0368
"32003003262","tract",2023,"food_rnk",80.7047
"32003003263","tract",2023,"food_rnk",77.3095
"32003003264","tract",2023,"food_rnk",67.8615
"32003003265","tract",2023,"food_rnk",35.491
"32003003266","tract",2023,"food_rnk",44.2102
"32003003267","tract",2023,"food_rnk",60.3777
"32003003268","tract",2023,"food_rnk",74.786
"32003003269","tract",2023,"food_rnk",77.7234
"32003003270","tract",2023,"food_rnk",43.1078
"32003003303","tract",2023,"food_rnk",38.6248
"32003003305","tract",2023,"food_rnk",74.62
"32003003306","tract",2023,"food_rnk",81.6337
"32003003307","tract",2023,"food_rnk",62.6717
"32003003308","tract",2023,"food_rnk",77.6855
"32003003309","tract",2023,"food_rnk",72.2699
"32003003311","tract",2023,"food_rnk",63.2345
"32003003312","tract",2023,"food_rnk",92.9436
"32003003313","tract",2023,"food_rnk",60.8502
"32003003314","tract",2023,"food_rnk",92.9643
"32003003315","tract",2023,"food_rnk",41.9541
"32003003316","tract",2023,"food_rnk",75.8164
"32003003317","tract",2023,"food_rnk",45.6801
"32003003318","tract",2023,"food_rnk",73.1025
"32003003319","tract",2023,"food_rnk",52.6633
"32003003320","tract",2023,"food_rnk",38.6419
"32003003321","tract",2023,"food_rnk",80.745
"32003003322","tract",2023,"food_rnk",90.4372
"32003003323","tract",2023,"food_rnk",70.9758
"32003003408","tract",2023,"food_rnk",48.9165
"32003003409","tract",2023,"food_rnk",24.2007
"32003003410","tract",2023,"food_rnk",58.3646
"32003003411","tract",2023,"food_rnk",39.2707
"32003003412","tract",2023,"food_rnk",30.6809
"32003003413","tract",2023,"food_rnk",28.8716
"32003003414","tract",2023,"food_rnk",34.1786
"32003003415","tract",2023,"food_rnk",38.5308
"32003003416","tract",2023,"food_rnk",42.7208
"32003003418","tract",2023,"food_rnk",13.9615
"32003003419","tract",2023,"food_rnk",13.7698
"32003003420","tract",2023,"food_rnk",40.5098
"32003003421","tract",2023,"food_rnk",27.492
"32003003422","tract",2023,"food_rnk",17.7974
"32003003423","tract",2023,"food_rnk",17.2272
"32003003426","tract",2023,"food_rnk",17.8999
"32003003427","tract",2023,"food_rnk",11.1414
"32003003428","tract",2023,"food_rnk",30.6955
"32003003429","tract",2023,"food_rnk",39.6235
"32003003430","tract",2023,"food_rnk",8.3847
"32003003431","tract",2023,"food_rnk",19.824
"32003003500","tract",2023,"food_rnk",9.6996
"32003003609","tract",2023,"food_rnk",38.8776
"32003003610","tract",2023,"food_rnk",37.8203
"32003003613","tract",2023,"food_rnk",18.2735
"32003003615","tract",2023,"food_rnk",35.1601
"32003003616","tract",2023,"food_rnk",32.1532
"32003003617","tract",2023,"food_rnk",12.6161
"32003003619","tract",2023,"food_rnk",40.7491
"32003003620","tract",2023,"food_rnk",64.5005
"32003003621","tract",2023,"food_rnk",73.0317
"32003003626","tract",2023,"food_rnk",45.453
"32003003627","tract",2023,"food_rnk",30.2523
"32003003630","tract",2023,"food_rnk",65.3648
"32003003631","tract",2023,"food_rnk",38.9093
"32003003632","tract",2023,"food_rnk",42.1714
"32003003633","tract",2023,"food_rnk",34.4984
"32003003634","tract",2023,"food_rnk",34.2176
"32003003635","tract",2023,"food_rnk",52.6633
"32003003636","tract",2023,"food_rnk",44.6167
"32003003637","tract",2023,"food_rnk",41.9309
"32003003638","tract",2023,"food_rnk",34.7365
"32003003639","tract",2023,"food_rnk",30.8493
"32003003640","tract",2023,"food_rnk",28.9692
"32003003641","tract",2023,"food_rnk",36.2454
"32003003642","tract",2023,"food_rnk",45.7802
"32003003643","tract",2023,"food_rnk",41.9675
"32003003644","tract",2023,"food_rnk",19.2245
"32003003645","tract",2023,"food_rnk",77.5146
"32003003646","tract",2023,"food_rnk",55.2673
"32003003647","tract",2023,"food_rnk",68.0812
"32003003648","tract",2023,"food_rnk",24.8221
"32003003649","tract",2023,"food_rnk",58.8273
"32003003650","tract",2023,"food_rnk",23.9296
"32003003651","tract",2023,"food_rnk",26.4458
"32003003652","tract",2023,"food_rnk",41.2619
"32003003653","tract",2023,"food_rnk",35.2773
"32003003654","tract",2023,"food_rnk",46.1342
"32003003655","tract",2023,"food_rnk",59.5915
"32003003656","tract",2023,"food_rnk",19.8972
"32003003657","tract",2023,"food_rnk",14.9504
"32003003658","tract",2023,"food_rnk",37.0512
"32003003659","tract",2023,"food_rnk",80.3421
"32003003660","tract",2023,"food_rnk",91.4444
"32003003661","tract",2023,"food_rnk",11.4661
"32003003662","tract",2023,"food_rnk",69.7098
"32003003663","tract",2023,"food_rnk",94.1424
"32003003664","tract",2023,"food_rnk",60.4205
"32003003665","tract",2023,"food_rnk",43.4911
"32003003666","tract",2023,"food_rnk",83.6066
"32003003700","tract",2023,"food_rnk",6.6853
"32003003800","tract",2023,"food_rnk",2.1096
"32003004000","tract",2023,"food_rnk",8.0575
"32003004100","tract",2023,"food_rnk",36.1111
"32003004200","tract",2023,"food_rnk",21.8823
"32003004301","tract",2023,"food_rnk",7.2213
"32003004302","tract",2023,"food_rnk",8.5861
"32003004401","tract",2023,"food_rnk",13.8016
"32003004402","tract",2023,"food_rnk",8.0954
"32003004500","tract",2023,"food_rnk",27.9682
"32003004601","tract",2023,"food_rnk",12.5136
"32003004602","tract",2023,"food_rnk",3.9323
"32003004703","tract",2023,"food_rnk",7.8463
"32003004707","tract",2023,"food_rnk",3.9457
"32003004709","tract",2023,"food_rnk",6.2373
"32003004710","tract",2023,"food_rnk",20.9227
"32003004712","tract",2023,"food_rnk",1.8679
"32003004713","tract",2023,"food_rnk",16.7133
"32003004714","tract",2023,"food_rnk",12.0399
"32003004715","tract",2023,"food_rnk",11.6834
"32003004716","tract",2023,"food_rnk",16.4557
"32003004717","tract",2023,"food_rnk",61.4655
"32003004907","tract",2023,"food_rnk",45.5702
"32003004910","tract",2023,"food_rnk",20.4393
"32003004911","tract",2023,"food_rnk",33.2532
"32003004912","tract",2023,"food_rnk",17.9426
"32003004914","tract",2023,"food_rnk",45.4359
"32003004915","tract",2023,"food_rnk",22.135
"32003004916","tract",2023,"food_rnk",16.3775
"32003004917","tract",2023,"food_rnk",16.3202
"32003004918","tract",2023,"food_rnk",68.5183
"32003004919","tract",2023,"food_rnk",15.8062
"32003004920","tract",2023,"food_rnk",21.7883
"32003004921","tract",2023,"food_rnk",19.4272
"32003004923","tract",2023,"food_rnk",35.2773
"32003004924","tract",2023,"food_rnk",18.1123
"32003004925","tract",2023,"food_rnk",15.6902
"32003004926","tract",2023,"food_rnk",27.492
"32003005005","tract",2023,"food_rnk",2.2695
"32003005006","tract",2023,"food_rnk",6.1469
"32003005007","tract",2023,"food_rnk",24.2849
"32003005010","tract",2023,"food_rnk",11.731
"32003005011","tract",2023,"food_rnk",10.7421
"32003005012","tract",2023,"food_rnk",24.8514
"32003005013","tract",2023,"food_rnk",41.9748
"32003005014","tract",2023,"food_rnk",19.2587
"32003005015","tract",2023,"food_rnk",57.4428
"32003005016","tract",2023,"food_rnk",18.1014
"32003005017","tract",2023,"food_rnk",45.1417
"32003005102","tract",2023,"food_rnk",51.396
"32003005103","tract",2023,"food_rnk",42.7208
"32003005104","tract",2023,"food_rnk",51.805
"32003005106","tract",2023,"food_rnk",53.0905
"32003005107","tract",2023,"food_rnk",47.0682
"32003005108","tract",2023,"food_rnk",45.6312
"32003005110","tract",2023,"food_rnk",72.2247
"32003005111","tract",2023,"food_rnk",59.3803
"32003005112","tract",2023,"food_rnk",25.3189
"32003005113","tract",2023,"food_rnk",36.7863
"32003005114","tract",2023,"food_rnk",29.0095
"32003005115","tract",2023,"food_rnk",61.0651
"32003005116","tract",2023,"food_rnk",56.0804
"32003005200","tract",2023,"food_rnk",18.8973
"32003005311","tract",2023,"food_rnk",57.5222
"32003005312","tract",2023,"food_rnk",80.7047
"32003005313","tract",2023,"food_rnk",59.8015
"32003005314","tract",2023,"food_rnk",92.6091
"32003005316","tract",2023,"food_rnk",67.5123
"32003005317","tract",2023,"food_rnk",35.3335
"32003005318","tract",2023,"food_rnk",84.3928
"32003005319","tract",2023,"food_rnk",66.6089
"32003005320","tract",2023,"food_rnk",44.4189
"32003005321","tract",2023,"food_rnk",67.953
"32003005322","tract",2023,"food_rnk",90.5837
"32003005333","tract",2023,"food_rnk",75.7639
"32003005335","tract",2023,"food_rnk",52.4301
"32003005336","tract",2023,"food_rnk",10.7531
"32003005337","tract",2023,"food_rnk",44.9891
"32003005338","tract",2023,"food_rnk",86.0886
"32003005341","tract",2023,"food_rnk",38.0804
"32003005342","tract",2023,"food_rnk",82.2209
"32003005343","tract",2023,"food_rnk",56.2537
"32003005346","tract",2023,"food_rnk",85.2706
"32003005347","tract",2023,"food_rnk",50.0348
"32003005348","tract",2023,"food_rnk",99.1552
"32003005349","tract",2023,"food_rnk",47.7848
"32003005350","tract",2023,"food_rnk",60.2239
"32003005351","tract",2023,"food_rnk",58.2327
"32003005352","tract",2023,"food_rnk",68.4389
"32003005353","tract",2023,"food_rnk",45.8656
"32003005354","tract",2023,"food_rnk",70.2006
"32003005355","tract",2023,"food_rnk",59.102
"32003005356","tract",2023,"food_rnk",77.2314
"32003005358","tract",2023,"food_rnk",84.0864
"32003005360","tract",2023,"food_rnk",33.3814
"32003005361","tract",2023,"food_rnk",83.7824
"32003005362","tract",2023,"food_rnk",68.8174
"32003005363","tract",2023,"food_rnk",80.7218
"32003005364","tract",2023,"food_rnk",86.843
"32003005365","tract",2023,"food_rnk",78.1311
"32003005366","tract",2023,"food_rnk",79.2372
"32003005421","tract",2023,"food_rnk",2.4832
"32003005422","tract",2023,"food_rnk",10.4882
"32003005423","tract",2023,"food_rnk",15.4997
"32003005432","tract",2023,"food_rnk",66.6467
"32003005433","tract",2023,"food_rnk",80.8402
"32003005434","tract",2023,"food_rnk",58.2962
"32003005435","tract",2023,"food_rnk",37.9632
"32003005437","tract",2023,"food_rnk",98.5899
"32003005438","tract",2023,"food_rnk",16.618
"32003005439","tract",2023,"food_rnk",34.3458
"32003005440","tract",2023,"food_rnk",68.5463
"32003005441","tract",2023,"food_rnk",79.8696
"32003005442","tract",2023,"food_rnk",93.8983
"32003005501","tract",2023,"food_rnk",99.4628
"32003005502","tract",2023,"food_rnk",32.351
"32003005503","tract",2023,"food_rnk",47.1072
"32003005504","tract",2023,"food_rnk",45.5702
"32003005607","tract",2023,"food_rnk",30.2328
"32003005612","tract",2023,"food_rnk",31.3023
"32003005613","tract",2023,"food_rnk",94.361
"32003005614","tract",2023,"food_rnk",25.0577
"32003005615","tract",2023,"food_rnk",47.9508
"32003005702","tract",2023,"food_rnk",10.7043
"32003005703","tract",2023,"food_rnk",51.6976
"32003005704","tract",2023,"food_rnk",6.3813
"32003005705","tract",2023,"food_rnk",50.9284
"32003005711","tract",2023,"food_rnk",89.5264
"32003005713","tract",2023,"food_rnk",94.361
"32003005715","tract",2023,"food_rnk",82.7044
"32003005716","tract",2023,"food_rnk",40.6685
"32003005717","tract",2023,"food_rnk",47.7848
"32003005718","tract",2023,"food_rnk",77.6855
"32003005719","tract",2023,"food_rnk",87.1336
"32003005720","tract",2023,"food_rnk",87.2471
"32003005721","tract",2023,"food_rnk",99.2651
"32003005722","tract",2023,"food_rnk",69.7415
"32003005803","tract",2023,"food_rnk",34.7365
"32003005804","tract",2023,"food_rnk",56.4124
"32003005805","tract",2023,"food_rnk",67.0435
"32003005806","tract",2023,"food_rnk",58.0899
"32003005807","tract",2023,"food_rnk",58.6539
"32003005808","tract",2023,"food_rnk",39.5075
"32003005809","tract",2023,"food_rnk",43.5387
"32003005813","tract",2023,"food_rnk",54.641
"32003005818","tract",2023,"food_rnk",NA
"32003005822","tract",2023,"food_rnk",74.8141
"32003005824","tract",2023,"food_rnk",94.5404
"32003005825","tract",2023,"food_rnk",70.424
"32003005826","tract",2023,"food_rnk",30.4867
"32003005828","tract",2023,"food_rnk",91.8106
"32003005829","tract",2023,"food_rnk",73.238
"32003005830","tract",2023,"food_rnk",53.6619
"32003005831","tract",2023,"food_rnk",79.1627
"32003005834","tract",2023,"food_rnk",57.6272
"32003005835","tract",2023,"food_rnk",87.9906
"32003005836","tract",2023,"food_rnk",80.922
"32003005837","tract",2023,"food_rnk",87.4083
"32003005839","tract",2023,"food_rnk",85.7528
"32003005841","tract",2023,"food_rnk",88.8159
"32003005842","tract",2023,"food_rnk",97.1225
"32003005843","tract",2023,"food_rnk",78.6329
"32003005844","tract",2023,"food_rnk",86.7405
"32003005845","tract",2023,"food_rnk",91.7838
"32003005846","tract",2023,"food_rnk",90.9158
"32003005847","tract",2023,"food_rnk",76.649
"32003005848","tract",2023,"food_rnk",31.5623
"32003005849","tract",2023,"food_rnk",52.2262
"32003005850","tract",2023,"food_rnk",54.3016
"32003005852","tract",2023,"food_rnk",61.7512
"32003005855","tract",2023,"food_rnk",27.3516
"32003005856","tract",2023,"food_rnk",72.8352
"32003005857","tract",2023,"food_rnk",53.3982
"32003005858","tract",2023,"food_rnk",89.7621
"32003005859","tract",2023,"food_rnk",46.4602
"32003005860","tract",2023,"food_rnk",74.2574
"32003005861","tract",2023,"food_rnk",33.1701
"32003005862","tract",2023,"food_rnk",61.5717
"32003005863","tract",2023,"food_rnk",79.8696
"32003005864","tract",2023,"food_rnk",63.1893
"32003005865","tract",2023,"food_rnk",68.1984
"32003005866","tract",2023,"food_rnk",79.551
"32003005867","tract",2023,"food_rnk",96.5878
"32003005868","tract",2023,"food_rnk",60.0078
"32003005869","tract",2023,"food_rnk",39.527
"32003005870","tract",2023,"food_rnk",39.6235
"32003005871","tract",2023,"food_rnk",94.4647
"32003005872","tract",2023,"food_rnk",87.7379
"32003005873","tract",2023,"food_rnk",82.094
"32003005874","tract",2023,"food_rnk",73.238
"32003005875","tract",2023,"food_rnk",34.0223
"32003005876","tract",2023,"food_rnk",85.9555
"32003005877","tract",2023,"food_rnk",95.843
"32003005902","tract",2023,"food_rnk",58.8273
"32003005903","tract",2023,"food_rnk",86.5537
"32003005904","tract",2023,"food_rnk",97.0627
"32003005905","tract",2023,"food_rnk",42.0859
"32003006001","tract",2023,"food_rnk",21.6052
"32003006103","tract",2023,"food_rnk",36.9291
"32003006104","tract",2023,"food_rnk",62.8365
"32003006201","tract",2023,"food_rnk",21.8603
"32003006202","tract",2023,"food_rnk",28.8911
"32003006203","tract",2023,"food_rnk",21.4574
"32003006204","tract",2023,"food_rnk",36.8351
"32003006700","tract",2023,"food_rnk",47.7421
"32003006800","tract",2023,"food_rnk",11.106
"32003006900","tract",2023,"food_rnk",29.2403
"32003007100","tract",2023,"food_rnk",6.1249
"32003007200","tract",2023,"food_rnk",32.5719
"32003007500","tract",2023,"food_rnk",88.9771
"32003007600","tract",2023,"food_rnk",77.207
"32003007801","tract",2023,"food_rnk",34.0931
"32003007802","tract",2023,"food_rnk",NA
"32003007900","tract",2023,"food_rnk",7.5729
"32005001000","tract",2023,"food_rnk",90.7229
"32005001100","tract",2023,"food_rnk",41.3119
"32005001200","tract",2023,"food_rnk",77.539
"32005001300","tract",2023,"food_rnk",24.9673
"32005001400","tract",2023,"food_rnk",63.0831
"32005001500","tract",2023,"food_rnk",68.6819
"32005001600","tract",2023,"food_rnk",91.7642
"32005001700","tract",2023,"food_rnk",76.4842
"32005001800","tract",2023,"food_rnk",96.2899
"32005001900","tract",2023,"food_rnk",86.4768
"32005002000","tract",2023,"food_rnk",31.1619
"32005002100","tract",2023,"food_rnk",92.2404
"32005002200","tract",2023,"food_rnk",94.5673
"32005002300","tract",2023,"food_rnk",99.5776
"32005002400","tract",2023,"food_rnk",62.2871
"32005002500","tract",2023,"food_rnk",38.3453
"32005990000","tract",2023,"food_rnk",NA
"32007950200","tract",2023,"food_rnk",93.1084
"32007950701","tract",2023,"food_rnk",74.222
"32007950702","tract",2023,"food_rnk",65.7909
"32007950800","tract",2023,"food_rnk",45.9657
"32007950900","tract",2023,"food_rnk",40.428
"32007951000","tract",2023,"food_rnk",58.6942
"32007951201","tract",2023,"food_rnk",88.1969
"32007951202","tract",2023,"food_rnk",59.8186
"32007951300","tract",2023,"food_rnk",43.0052
"32007951401","tract",2023,"food_rnk",73.1269
"32007951403","tract",2023,"food_rnk",71.9635
"32007951404","tract",2023,"food_rnk",68.6819
"32007951500","tract",2023,"food_rnk",24.2007
"32007951600","tract",2023,"food_rnk",39.9482
"32007951700","tract",2023,"food_rnk",69.4913
"32009950100","tract",2023,"food_rnk",29.5797
"32011000100","tract",2023,"food_rnk",32.5719
"32013010501","tract",2023,"food_rnk",58.4537
"32013010502","tract",2023,"food_rnk",43.1078
"32013010600","tract",2023,"food_rnk",74.1671
"32013010701","tract",2023,"food_rnk",37.0854
"32013010702","tract",2023,"food_rnk",70.1493
"32015000301","tract",2023,"food_rnk",25.0247
"32015000302","tract",2023,"food_rnk",33.2336
"32017950100","tract",2023,"food_rnk",82.2454
"32017950200","tract",2023,"food_rnk",47.1072
"32019960103","tract",2023,"food_rnk",49.0325
"32019960104","tract",2023,"food_rnk",25.2762
"32019960105","tract",2023,"food_rnk",46.8289
"32019960106","tract",2023,"food_rnk",56.1463
"32019960107","tract",2023,"food_rnk",47.9081
"32019960108","tract",2023,"food_rnk",72.3517
"32019960203","tract",2023,"food_rnk",42.4607
"32019960204","tract",2023,"food_rnk",15.8159
"32019960205","tract",2023,"food_rnk",45.6154
"32019960206","tract",2023,"food_rnk",60.5254
"32019960301","tract",2023,"food_rnk",70.4509
"32019960303","tract",2023,"food_rnk",80.2823
"32019960304","tract",2023,"food_rnk",63.9645
"32019960305","tract",2023,"food_rnk",67.6576
"32019960801","tract",2023,"food_rnk",43.2799
"32019960802","tract",2023,"food_rnk",70.6767
"32019960901","tract",2023,"food_rnk",25.6608
"32019960902","tract",2023,"food_rnk",26.8316
"32021970700","tract",2023,"food_rnk",39.1889
"32021970800","tract",2023,"food_rnk",38.8776
"32023960100","tract",2023,"food_rnk",93.4368
"32023960200","tract",2023,"food_rnk",90.0807
"32023960300","tract",2023,"food_rnk",23.9064
"32023960405","tract",2023,"food_rnk",10.227
"32023960407","tract",2023,"food_rnk",11.3208
"32023960408","tract",2023,"food_rnk",22.3023
"32023960409","tract",2023,"food_rnk",37.1281
"32023960410","tract",2023,"food_rnk",78.0506
"32023960411","tract",2023,"food_rnk",29.3477
"32023960412","tract",2023,"food_rnk",55.1513
"32023960413","tract",2023,"food_rnk",21.3549
"32023960414","tract",2023,"food_rnk",10.0414
"32023960415","tract",2023,"food_rnk",47.2354
"32023960416","tract",2023,"food_rnk",26.3982
"32023980500","tract",2023,"food_rnk",NA
"32027960100","tract",2023,"food_rnk",70.706
"32029970200","tract",2023,"food_rnk",84.2915
"32031000103","tract",2023,"food_rnk",25.1773
"32031000104","tract",2023,"food_rnk",26.082
"32031000105","tract",2023,"food_rnk",4.2204
"32031000106","tract",2023,"food_rnk",NA
"32031000201","tract",2023,"food_rnk",24.5425
"32031000202","tract",2023,"food_rnk",54.3016
"32031000301","tract",2023,"food_rnk",76.1461
"32031000302","tract",2023,"food_rnk",85.1729
"32031000401","tract",2023,"food_rnk",66.5332
"32031000402","tract",2023,"food_rnk",84.6406
"32031000701","tract",2023,"food_rnk",60.1958
"32031000702","tract",2023,"food_rnk",19.7507
"32031000900","tract",2023,"food_rnk",11.1694
"32031001005","tract",2023,"food_rnk",67.7699
"32031001010","tract",2023,"food_rnk",78.3411
"32031001011","tract",2023,"food_rnk",98.1748
"32031001012","tract",2023,"food_rnk",98.2164
"32031001013","tract",2023,"food_rnk",99.8083
"32031001014","tract",2023,"food_rnk",87.3106
"32031001015","tract",2023,"food_rnk",99.1137
"32031001016","tract",2023,"food_rnk",3.7614
"32031001017","tract",2023,"food_rnk",77.5818
"32031001018","tract",2023,"food_rnk",8.2504
"32031001019","tract",2023,"food_rnk",6.7708
"32031001101","tract",2023,"food_rnk",65.1463
"32031001103","tract",2023,"food_rnk",99.0941
"32031001104","tract",2023,"food_rnk",93.6578
"32031001105","tract",2023,"food_rnk",84.9874
"32031001201","tract",2023,"food_rnk",60.8929
"32031001203","tract",2023,"food_rnk",80.6522
"32031001204","tract",2023,"food_rnk",23.224
"32031001300","tract",2023,"food_rnk",28.4675
"32031001400","tract",2023,"food_rnk",40.2937
"32031001501","tract",2023,"food_rnk",17.823
"32031001503","tract",2023,"food_rnk",9.6715
"32031001504","tract",2023,"food_rnk",NA
"32031001701","tract",2023,"food_rnk",3.853
"32031001703","tract",2023,"food_rnk",39.9348
"32031001704","tract",2023,"food_rnk",46.2917
"32031001801","tract",2023,"food_rnk",9.1331
"32031001802","tract",2023,"food_rnk",8.2284
"32031001901","tract",2023,"food_rnk",18.3028
"32031001903","tract",2023,"food_rnk",33.8245
"32031001904","tract",2023,"food_rnk",14.4511
"32031002103","tract",2023,"food_rnk",84.7395
"32031002104","tract",2023,"food_rnk",76.4085
"32031002105","tract",2023,"food_rnk",32.6012
"32031002106","tract",2023,"food_rnk",63.652
"32031002107","tract",2023,"food_rnk",14.2313
"32031002204","tract",2023,"food_rnk",26.4958
"32031002207","tract",2023,"food_rnk",78.9955
"32031002208","tract",2023,"food_rnk",50.4963
"32031002210","tract",2023,"food_rnk",99.2956
"32031002211","tract",2023,"food_rnk",22.3779
"32031002212","tract",2023,"food_rnk",12.14
"32031002213","tract",2023,"food_rnk",92.1525
"32031002214","tract",2023,"food_rnk",36.8729
"32031002215","tract",2023,"food_rnk",49.7955
"32031002216","tract",2023,"food_rnk",23.5988
"32031002217","tract",2023,"food_rnk",46.2441
"32031002218","tract",2023,"food_rnk",62.0735
"32031002219","tract",2023,"food_rnk",99.2577
"32031002302","tract",2023,"food_rnk",90.4372
"32031002303","tract",2023,"food_rnk",99.121
"32031002304","tract",2023,"food_rnk",98.3738
"32031002401","tract",2023,"food_rnk",92.1744
"32031002406","tract",2023,"food_rnk",14.611
"32031002407","tract",2023,"food_rnk",51.8429
"32031002408","tract",2023,"food_rnk",89.607
"32031002409","tract",2023,"food_rnk",74.2818
"32031002411","tract",2023,"food_rnk",45.8656
"32031002412","tract",2023,"food_rnk",83.7262
"32031002413","tract",2023,"food_rnk",46.4065
"32031002414","tract",2023,"food_rnk",38.0022
"32031002500","tract",2023,"food_rnk",48.7236
"32031002603","tract",2023,"food_rnk",69.1238
"32031002610","tract",2023,"food_rnk",81.3725
"32031002611","tract",2023,"food_rnk",40.4671
"32031002612","tract",2023,"food_rnk",55.1513
"32031002613","tract",2023,"food_rnk",47.2794
"32031002614","tract",2023,"food_rnk",63.5238
"32031002615","tract",2023,"food_rnk",72.6752
"32031002616","tract",2023,"food_rnk",36.8937
"32031002618","tract",2023,"food_rnk",89.1712
"32031002620","tract",2023,"food_rnk",21.6528
"32031002621","tract",2023,"food_rnk",37.7275
"32031002622","tract",2023,"food_rnk",13.6697
"32031002623","tract",2023,"food_rnk",77.771
"32031002703","tract",2023,"food_rnk",18.0025
"32031002704","tract",2023,"food_rnk",9.8277
"32031002705","tract",2023,"food_rnk",34.5582
"32031002706","tract",2023,"food_rnk",31.9749
"32031002707","tract",2023,"food_rnk",29.294
"32031002801","tract",2023,"food_rnk",42.6658
"32031002802","tract",2023,"food_rnk",31.3157
"32031002901","tract",2023,"food_rnk",51.4278
"32031002902","tract",2023,"food_rnk",17.4445
"32031003001","tract",2023,"food_rnk",40.6343
"32031003002","tract",2023,"food_rnk",25.0418
"32031003105","tract",2023,"food_rnk",69.3533
"32031003106","tract",2023,"food_rnk",62.165
"32031003108","tract",2023,"food_rnk",73.9754
"32031003109","tract",2023,"food_rnk",93.7933
"32031003110","tract",2023,"food_rnk",76.0716
"32031003111","tract",2023,"food_rnk",16.3983
"32031003112","tract",2023,"food_rnk",54.4738
"32031003203","tract",2023,"food_rnk",81.4738
"32031003205","tract",2023,"food_rnk",78.523
"32031003206","tract",2023,"food_rnk",99.0697
"32031003207","tract",2023,"food_rnk",29.2195
"32031003305","tract",2023,"food_rnk",90.5361
"32031003306","tract",2023,"food_rnk",61.7512
"32031003307","tract",2023,"food_rnk",95.4414
"32031003308","tract",2023,"food_rnk",96.7489
"32031003310","tract",2023,"food_rnk",69.5621
"32031003311","tract",2023,"food_rnk",87.4083
"32031003501","tract",2023,"food_rnk",70.9758
"32031003503","tract",2023,"food_rnk",89.6546
"32031003507","tract",2023,"food_rnk",94.6259
"32031003508","tract",2023,"food_rnk",93.3623
"32031003510","tract",2023,"food_rnk",82.2649
"32031003511","tract",2023,"food_rnk",96.2899
"32031003512","tract",2023,"food_rnk",72.2455
"32031003513","tract",2023,"food_rnk",91.6336
"32031003514","tract",2023,"food_rnk",96.8502
"32031003516","tract",2023,"food_rnk",79.2372
"32031003517","tract",2023,"food_rnk",88.6731
"32031003518","tract",2023,"food_rnk",97.5461
"32031003519","tract",2023,"food_rnk",93.775
"32031003520","tract",2023,"food_rnk",76.8432
"32031003521","tract",2023,"food_rnk",76.7076
"32031003522","tract",2023,"food_rnk",30.1803
"32031940200","tract",2023,"food_rnk",41.0763
"32031980000","tract",2023,"food_rnk",NA
"32031980100","tract",2023,"food_rnk",NA
"32031980200","tract",2023,"food_rnk",NA
"32031980300","tract",2023,"food_rnk",NA
"32031990000","tract",2023,"food_rnk",NA
"32031990100","tract",2023,"food_rnk",NA
"32033970100","tract",2023,"food_rnk",16.0113
"32033970200","tract",2023,"food_rnk",84.9361
"32033970300","tract",2023,"food_rnk",47.3917
"32510000100","tract",2023,"food_rnk",64.3259
"32510000200","tract",2023,"food_rnk",86.0116
"32510000300","tract",2023,"food_rnk",79.6902
"32510000400","tract",2023,"food_rnk",56.8568
"32510000501","tract",2023,"food_rnk",41.1581
"32510000502","tract",2023,"food_rnk",17.8999
"32510000601","tract",2023,"food_rnk",82.9425
"32510000602","tract",2023,"food_rnk",24.7745
"32510000701","tract",2023,"food_rnk",84.1584
"32510000702","tract",2023,"food_rnk",65.4943
"32510000800","tract",2023,"food_rnk",66.3122
"32510000900","tract",2023,"food_rnk",51.5999
"32510001001","tract",2023,"food_rnk",26.3042
"32510001002","tract",2023,"food_rnk",76.5978
"32510990000","tract",2023,"food_rnk",NA
"32001950100","tract",2023,"food_state_rnk",83.4646
"32001950301","tract",2023,"food_state_rnk",11.6798
"32001950302","tract",2023,"food_state_rnk",45.8005
"32001950400","tract",2023,"food_state_rnk",97.5066
"32001950500","tract",2023,"food_state_rnk",15.6168
"32001950600","tract",2023,"food_state_rnk",62.4672
"32001950700","tract",2023,"food_state_rnk",97.6378
"32003000101","tract",2023,"food_state_rnk",36.0892
"32003000103","tract",2023,"food_state_rnk",11.0236
"32003000105","tract",2023,"food_state_rnk",33.0709
"32003000106","tract",2023,"food_state_rnk",42.5853
"32003000107","tract",2023,"food_state_rnk",16.1417
"32003000108","tract",2023,"food_state_rnk",12.5984
"32003000109","tract",2023,"food_state_rnk",5.9055
"32003000201","tract",2023,"food_state_rnk",4.4619
"32003000203","tract",2023,"food_state_rnk",16.5354
"32003000204","tract",2023,"food_state_rnk",19.8163
"32003000301","tract",2023,"food_state_rnk",5.643
"32003000302","tract",2023,"food_state_rnk",0.7874
"32003000401","tract",2023,"food_state_rnk",NA
"32003000402","tract",2023,"food_state_rnk",1.0499
"32003000403","tract",2023,"food_state_rnk",2.4934
"32003000510","tract",2023,"food_state_rnk",7.6772
"32003000513","tract",2023,"food_state_rnk",23.2283
"32003000514","tract",2023,"food_state_rnk",12.0735
"32003000515","tract",2023,"food_state_rnk",9.3176
"32003000516","tract",2023,"food_state_rnk",11.811
"32003000517","tract",2023,"food_state_rnk",17.8478
"32003000518","tract",2023,"food_state_rnk",13.1234
"32003000519","tract",2023,"food_state_rnk",6.4304
"32003000520","tract",2023,"food_state_rnk",26.1155
"32003000521","tract",2023,"food_state_rnk",19.2913
"32003000522","tract",2023,"food_state_rnk",0.9186
"32003000523","tract",2023,"food_state_rnk",2.8871
"32003000524","tract",2023,"food_state_rnk",2.6247
"32003000525","tract",2023,"food_state_rnk",12.9921
"32003000526","tract",2023,"food_state_rnk",47.6378
"32003000527","tract",2023,"food_state_rnk",45.9318
"32003000528","tract",2023,"food_state_rnk",23.8845
"32003000600","tract",2023,"food_state_rnk",3.8058
"32003000700","tract",2023,"food_state_rnk",NA
"32003001003","tract",2023,"food_state_rnk",63.3202
"32003001004","tract",2023,"food_state_rnk",20.3412
"32003001005","tract",2023,"food_state_rnk",54.0682
"32003001006","tract",2023,"food_state_rnk",74.4094
"32003001100","tract",2023,"food_state_rnk",2.7559
"32003001200","tract",2023,"food_state_rnk",29.79
"32003001300","tract",2023,"food_state_rnk",56.9554
"32003001401","tract",2023,"food_state_rnk",7.874
"32003001402","tract",2023,"food_state_rnk",22.8346
"32003001501","tract",2023,"food_state_rnk",2.3622
"32003001502","tract",2023,"food_state_rnk",8.6614
"32003001607","tract",2023,"food_state_rnk",1.5748
"32003001608","tract",2023,"food_state_rnk",1.3123
"32003001609","tract",2023,"food_state_rnk",35.6955
"32003001610","tract",2023,"food_state_rnk",65.8793
"32003001611","tract",2023,"food_state_rnk",20.8661
"32003001613","tract",2023,"food_state_rnk",62.2703
"32003001614","tract",2023,"food_state_rnk",2.0997
"32003001615","tract",2023,"food_state_rnk",4.3307
"32003001706","tract",2023,"food_state_rnk",12.2047
"32003001707","tract",2023,"food_state_rnk",60.4987
"32003001708","tract",2023,"food_state_rnk",35.1706
"32003001709","tract",2023,"food_state_rnk",33.2021
"32003001710","tract",2023,"food_state_rnk",12.8609
"32003001711","tract",2023,"food_state_rnk",34.3832
"32003001712","tract",2023,"food_state_rnk",53.0184
"32003001713","tract",2023,"food_state_rnk",33.727
"32003001714","tract",2023,"food_state_rnk",8.2021
"32003001715","tract",2023,"food_state_rnk",27.9528
"32003001716","tract",2023,"food_state_rnk",57.2178
"32003001717","tract",2023,"food_state_rnk",55.1181
"32003001718","tract",2023,"food_state_rnk",10.7612
"32003001801","tract",2023,"food_state_rnk",14.3045
"32003001803","tract",2023,"food_state_rnk",30.315
"32003001804","tract",2023,"food_state_rnk",39.895
"32003001901","tract",2023,"food_state_rnk",6.0367
"32003001902","tract",2023,"food_state_rnk",6.2992
"32003002000","tract",2023,"food_state_rnk",16.0105
"32003002201","tract",2023,"food_state_rnk",19.9475
"32003002203","tract",2023,"food_state_rnk",18.7664
"32003002204","tract",2023,"food_state_rnk",1.9685
"32003002206","tract",2023,"food_state_rnk",5.5118
"32003002207","tract",2023,"food_state_rnk",7.4803
"32003002302","tract",2023,"food_state_rnk",14.042
"32003002303","tract",2023,"food_state_rnk",96.7192
"32003002403","tract",2023,"food_state_rnk",32.2835
"32003002404","tract",2023,"food_state_rnk",0
"32003002405","tract",2023,"food_state_rnk",3.5433
"32003002406","tract",2023,"food_state_rnk",3.0184
"32003002501","tract",2023,"food_state_rnk",21.916
"32003002504","tract",2023,"food_state_rnk",8.0052
"32003002505","tract",2023,"food_state_rnk",17.979
"32003002506","tract",2023,"food_state_rnk",11.4173
"32003002603","tract",2023,"food_state_rnk",NA
"32003002604","tract",2023,"food_state_rnk",46.3911
"32003002605","tract",2023,"food_state_rnk",0.1312
"32003002706","tract",2023,"food_state_rnk",15.4856
"32003002707","tract",2023,"food_state_rnk",27.7559
"32003002708","tract",2023,"food_state_rnk",14.1732
"32003002808","tract",2023,"food_state_rnk",39.6982
"32003002810","tract",2023,"food_state_rnk",22.4409
"32003002811","tract",2023,"food_state_rnk",63.3202
"32003002814","tract",2023,"food_state_rnk",71.1286
"32003002821","tract",2023,"food_state_rnk",12.336
"32003002822","tract",2023,"food_state_rnk",20.4724
"32003002823","tract",2023,"food_state_rnk",41.2073
"32003002824","tract",2023,"food_state_rnk",72.1785
"32003002825","tract",2023,"food_state_rnk",25.853
"32003002826","tract",2023,"food_state_rnk",52.8871
"32003002827","tract",2023,"food_state_rnk",61.811
"32003002828","tract",2023,"food_state_rnk",59.0551
"32003002829","tract",2023,"food_state_rnk",60.958
"32003002830","tract",2023,"food_state_rnk",85.958
"32003002831","tract",2023,"food_state_rnk",30.0525
"32003002833","tract",2023,"food_state_rnk",62.2703
"32003002834","tract",2023,"food_state_rnk",59.7113
"32003002835","tract",2023,"food_state_rnk",38.8451
"32003002836","tract",2023,"food_state_rnk",49.0814
"32003002837","tract",2023,"food_state_rnk",81.7585
"32003002838","tract",2023,"food_state_rnk",53.4121
"32003002841","tract",2023,"food_state_rnk",95.5381
"32003002842","tract",2023,"food_state_rnk",60.1706
"32003002844","tract",2023,"food_state_rnk",15.0919
"32003002845","tract",2023,"food_state_rnk",47.769
"32003002846","tract",2023,"food_state_rnk",48.6877
"32003002847","tract",2023,"food_state_rnk",13.3858
"32003002848","tract",2023,"food_state_rnk",21.5223
"32003002849","tract",2023,"food_state_rnk",92.7822
"32003002850","tract",2023,"food_state_rnk",47.4409
"32003002851","tract",2023,"food_state_rnk",51.5748
"32003002852","tract",2023,"food_state_rnk",84.5144
"32003002853","tract",2023,"food_state_rnk",61.1549
"32003002901","tract",2023,"food_state_rnk",60.7612
"32003002902","tract",2023,"food_state_rnk",69.8163
"32003002905","tract",2023,"food_state_rnk",18.2415
"32003002915","tract",2023,"food_state_rnk",8.9239
"32003002916","tract",2023,"food_state_rnk",56.8241
"32003002919","tract",2023,"food_state_rnk",30.9711
"32003002935","tract",2023,"food_state_rnk",42.2572
"32003002936","tract",2023,"food_state_rnk",44.6194
"32003002937","tract",2023,"food_state_rnk",16.9291
"32003002938","tract",2023,"food_state_rnk",32.6772
"32003002939","tract",2023,"food_state_rnk",78.2152
"32003002940","tract",2023,"food_state_rnk",56.2336
"32003002941","tract",2023,"food_state_rnk",27.5591
"32003002942","tract",2023,"food_state_rnk",46.1942
"32003002944","tract",2023,"food_state_rnk",87.5328
"32003002946","tract",2023,"food_state_rnk",51.706
"32003002947","tract",2023,"food_state_rnk",90.8793
"32003002948","tract",2023,"food_state_rnk",30.1837
"32003002949","tract",2023,"food_state_rnk",14.9606
"32003002950","tract",2023,"food_state_rnk",43.7008
"32003002952","tract",2023,"food_state_rnk",30.4462
"32003002953","tract",2023,"food_state_rnk",85.6955
"32003002954","tract",2023,"food_state_rnk",18.9633
"32003002956","tract",2023,"food_state_rnk",27.0341
"32003002957","tract",2023,"food_state_rnk",36.7454
"32003002958","tract",2023,"food_state_rnk",28.2152
"32003002961","tract",2023,"food_state_rnk",37.0079
"32003002962","tract",2023,"food_state_rnk",7.3491
"32003002964","tract",2023,"food_state_rnk",32.8084
"32003002965","tract",2023,"food_state_rnk",26.7717
"32003002966","tract",2023,"food_state_rnk",6.9554
"32003002967","tract",2023,"food_state_rnk",19.5538
"32003002968","tract",2023,"food_state_rnk",25.4593
"32003002969","tract",2023,"food_state_rnk",20.6037
"32003002970","tract",2023,"food_state_rnk",54.3307
"32003002974","tract",2023,"food_state_rnk",38.9764
"32003002975","tract",2023,"food_state_rnk",44.4882
"32003002976","tract",2023,"food_state_rnk",38.5171
"32003002977","tract",2023,"food_state_rnk",59.8425
"32003002978","tract",2023,"food_state_rnk",81.5617
"32003002979","tract",2023,"food_state_rnk",44.357
"32003002980","tract",2023,"food_state_rnk",50.7874
"32003002981","tract",2023,"food_state_rnk",75.0656
"32003002982","tract",2023,"food_state_rnk",37.4016
"32003002983","tract",2023,"food_state_rnk",28.3465
"32003002985","tract",2023,"food_state_rnk",24.147
"32003002995","tract",2023,"food_state_rnk",29.0026
"32003002996","tract",2023,"food_state_rnk",23.7533
"32003002997","tract",2023,"food_state_rnk",76.8373
"32003002998","tract",2023,"food_state_rnk",69.8163
"32003003001","tract",2023,"food_state_rnk",45.6693
"32003003003","tract",2023,"food_state_rnk",74.2782
"32003003004","tract",2023,"food_state_rnk",42.3885
"32003003005","tract",2023,"food_state_rnk",59.1864
"32003003006","tract",2023,"food_state_rnk",43.1759
"32003003102","tract",2023,"food_state_rnk",20.0787
"32003003103","tract",2023,"food_state_rnk",64.9606
"32003003104","tract",2023,"food_state_rnk",31.4961
"32003003204","tract",2023,"food_state_rnk",99.8688
"32003003208","tract",2023,"food_state_rnk",83.0709
"32003003210","tract",2023,"food_state_rnk",97.9003
"32003003211","tract",2023,"food_state_rnk",55.3806
"32003003213","tract",2023,"food_state_rnk",77.9528
"32003003214","tract",2023,"food_state_rnk",70.6037
"32003003215","tract",2023,"food_state_rnk",51.9685
"32003003218","tract",2023,"food_state_rnk",45.5381
"32003003219","tract",2023,"food_state_rnk",65.3543
"32003003220","tract",2023,"food_state_rnk",54.7244
"32003003222","tract",2023,"food_state_rnk",79.6588
"32003003223","tract",2023,"food_state_rnk",77.4278
"32003003226","tract",2023,"food_state_rnk",91.601
"32003003227","tract",2023,"food_state_rnk",64.042
"32003003228","tract",2023,"food_state_rnk",61.2861
"32003003229","tract",2023,"food_state_rnk",79.79
"32003003233","tract",2023,"food_state_rnk",50.1969
"32003003234","tract",2023,"food_state_rnk",41.3386
"32003003235","tract",2023,"food_state_rnk",53.6745
"32003003236","tract",2023,"food_state_rnk",83.2021
"32003003237","tract",2023,"food_state_rnk",80.9711
"32003003239","tract",2023,"food_state_rnk",89.7638
"32003003240","tract",2023,"food_state_rnk",29.6588
"32003003241","tract",2023,"food_state_rnk",55.643
"32003003242","tract",2023,"food_state_rnk",90.8793
"32003003243","tract",2023,"food_state_rnk",57.874
"32003003244","tract",2023,"food_state_rnk",77.7559
"32003003245","tract",2023,"food_state_rnk",67.1916
"32003003246","tract",2023,"food_state_rnk",68.8976
"32003003247","tract",2023,"food_state_rnk",73.4908
"32003003248","tract",2023,"food_state_rnk",57.0866
"32003003249","tract",2023,"food_state_rnk",73.8189
"32003003250","tract",2023,"food_state_rnk",58.1365
"32003003251","tract",2023,"food_state_rnk",87.9265
"32003003252","tract",2023,"food_state_rnk",55.7743
"32003003253","tract",2023,"food_state_rnk",38.189
"32003003254","tract",2023,"food_state_rnk",47.2441
"32003003260","tract",2023,"food_state_rnk",12.7297
"32003003261","tract",2023,"food_state_rnk",48.1627
"32003003262","tract",2023,"food_state_rnk",83.7927
"32003003263","tract",2023,"food_state_rnk",79.5276
"32003003264","tract",2023,"food_state_rnk",70.4724
"32003003265","tract",2023,"food_state_rnk",36.8766
"32003003266","tract",2023,"food_state_rnk",48.294
"32003003267","tract",2023,"food_state_rnk",65.0919
"32003003268","tract",2023,"food_state_rnk",77.1654
"32003003269","tract",2023,"food_state_rnk",80.5774
"32003003270","tract",2023,"food_state_rnk",47.0472
"32003003303","tract",2023,"food_state_rnk",40.2887
"32003003305","tract",2023,"food_state_rnk",77.0341
"32003003306","tract",2023,"food_state_rnk",84.9081
"32003003307","tract",2023,"food_state_rnk",67.0604
"32003003308","tract",2023,"food_state_rnk",80.3806
"32003003309","tract",2023,"food_state_rnk",74.9344
"32003003311","tract",2023,"food_state_rnk",67.7165
"32003003312","tract",2023,"food_state_rnk",93.9633
"32003003313","tract",2023,"food_state_rnk",65.6168
"32003003314","tract",2023,"food_state_rnk",94.0945
"32003003315","tract",2023,"food_state_rnk",44.8819
"32003003316","tract",2023,"food_state_rnk",77.7559
"32003003317","tract",2023,"food_state_rnk",50
"32003003318","tract",2023,"food_state_rnk",75.7218
"32003003319","tract",2023,"food_state_rnk",57.6772
"32003003320","tract",2023,"food_state_rnk",40.4199
"32003003321","tract",2023,"food_state_rnk",84.1207
"32003003322","tract",2023,"food_state_rnk",91.9291
"32003003323","tract",2023,"food_state_rnk",74.0814
"32003003408","tract",2023,"food_state_rnk",54.4619
"32003003409","tract",2023,"food_state_rnk",23.4252
"32003003410","tract",2023,"food_state_rnk",62.7297
"32003003411","tract",2023,"food_state_rnk",41.0761
"32003003412","tract",2023,"food_state_rnk",31.2336
"32003003413","tract",2023,"food_state_rnk",28.4777
"32003003414","tract",2023,"food_state_rnk",34.9081
"32003003415","tract",2023,"food_state_rnk",40.1575
"32003003416","tract",2023,"food_state_rnk",46.6535
"32003003418","tract",2023,"food_state_rnk",11.1549
"32003003419","tract",2023,"food_state_rnk",10.6299
"32003003420","tract",2023,"food_state_rnk",43.0446
"32003003421","tract",2023,"food_state_rnk",27.3622
"32003003422","tract",2023,"food_state_rnk",16.273
"32003003423","tract",2023,"food_state_rnk",15.748
"32003003426","tract",2023,"food_state_rnk",16.7323
"32003003427","tract",2023,"food_state_rnk",9.0551
"32003003428","tract",2023,"food_state_rnk",31.3648
"32003003429","tract",2023,"food_state_rnk",41.7979
"32003003430","tract",2023,"food_state_rnk",5.3806
"32003003431","tract",2023,"food_state_rnk",19.1601
"32003003500","tract",2023,"food_state_rnk",6.6929
"32003003609","tract",2023,"food_state_rnk",40.6168
"32003003610","tract",2023,"food_state_rnk",39.2388
"32003003613","tract",2023,"food_state_rnk",17.5853
"32003003615","tract",2023,"food_state_rnk",36.2205
"32003003616","tract",2023,"food_state_rnk",32.5459
"32003003617","tract",2023,"food_state_rnk",10.3675
"32003003619","tract",2023,"food_state_rnk",43.5696
"32003003620","tract",2023,"food_state_rnk",68.3727
"32003003621","tract",2023,"food_state_rnk",75.5906
"32003003626","tract",2023,"food_state_rnk",49.3438
"32003003627","tract",2023,"food_state_rnk",30.8399
"32003003630","tract",2023,"food_state_rnk",68.6352
"32003003631","tract",2023,"food_state_rnk",40.8136
"32003003632","tract",2023,"food_state_rnk",45.4068
"32003003633","tract",2023,"food_state_rnk",35.4331
"32003003634","tract",2023,"food_state_rnk",35.0394
"32003003635","tract",2023,"food_state_rnk",57.6772
"32003003636","tract",2023,"food_state_rnk",48.5564
"32003003637","tract",2023,"food_state_rnk",44.7507
"32003003638","tract",2023,"food_state_rnk",35.8924
"32003003639","tract",2023,"food_state_rnk",31.6273
"32003003640","tract",2023,"food_state_rnk",28.7402
"32003003641","tract",2023,"food_state_rnk",37.2703
"32003003642","tract",2023,"food_state_rnk",50.1969
"32003003643","tract",2023,"food_state_rnk",45.0131
"32003003644","tract",2023,"food_state_rnk",18.3727
"32003003645","tract",2023,"food_state_rnk",79.9213
"32003003646","tract",2023,"food_state_rnk",59.5801
"32003003647","tract",2023,"food_state_rnk",70.8661
"32003003648","tract",2023,"food_state_rnk",24.4094
"32003003649","tract",2023,"food_state_rnk",63.5827
"32003003650","tract",2023,"food_state_rnk",23.0971
"32003003651","tract",2023,"food_state_rnk",26.5092
"32003003652","tract",2023,"food_state_rnk",44.0945
"32003003653","tract",2023,"food_state_rnk",36.4173
"32003003654","tract",2023,"food_state_rnk",50.9186
"32003003655","tract",2023,"food_state_rnk",64.1732
"32003003656","tract",2023,"food_state_rnk",19.4226
"32003003657","tract",2023,"food_state_rnk",12.4672
"32003003658","tract",2023,"food_state_rnk",38.3202
"32003003659","tract",2023,"food_state_rnk",83.3333
"32003003660","tract",2023,"food_state_rnk",92.6509
"32003003661","tract",2023,"food_state_rnk",9.5801
"32003003662","tract",2023,"food_state_rnk",72.7034
"32003003663","tract",2023,"food_state_rnk",95.1444
"32003003664","tract",2023,"food_state_rnk",65.2231
"32003003665","tract",2023,"food_state_rnk",47.9003
"32003003666","tract",2023,"food_state_rnk",86.0892
"32003003700","tract",2023,"food_state_rnk",3.937
"32003003800","tract",2023,"food_state_rnk",0.3937
"32003004000","tract",2023,"food_state_rnk",4.8556
"32003004100","tract",2023,"food_state_rnk",37.1391
"32003004200","tract",2023,"food_state_rnk",21.7848
"32003004301","tract",2023,"food_state_rnk",4.1995
"32003004302","tract",2023,"food_state_rnk",5.7743
"32003004401","tract",2023,"food_state_rnk",10.8924
"32003004402","tract",2023,"food_state_rnk",4.9869
"32003004500","tract",2023,"food_state_rnk",27.7559
"32003004601","tract",2023,"food_state_rnk",10.2362
"32003004602","tract",2023,"food_state_rnk",1.706
"32003004703","tract",2023,"food_state_rnk",4.7244
"32003004707","tract",2023,"food_state_rnk",1.8373
"32003004709","tract",2023,"food_state_rnk",3.4121
"32003004710","tract",2023,"food_state_rnk",20.21
"32003004712","tract",2023,"food_state_rnk",0.2625
"32003004713","tract",2023,"food_state_rnk",15.3543
"32003004714","tract",2023,"food_state_rnk",9.9738
"32003004715","tract",2023,"food_state_rnk",9.7113
"32003004716","tract",2023,"food_state_rnk",14.8294
"32003004717","tract",2023,"food_state_rnk",66.1417
"32003004907","tract",2023,"food_state_rnk",49.5407
"32003004910","tract",2023,"food_state_rnk",19.685
"32003004911","tract",2023,"food_state_rnk",34.1207
"32003004912","tract",2023,"food_state_rnk",17.0604
"32003004914","tract",2023,"food_state_rnk",49.2126
"32003004915","tract",2023,"food_state_rnk",22.0472
"32003004916","tract",2023,"food_state_rnk",14.5669
"32003004917","tract",2023,"food_state_rnk",14.4357
"32003004918","tract",2023,"food_state_rnk",71.3911
"32003004919","tract",2023,"food_state_rnk",13.6483
"32003004920","tract",2023,"food_state_rnk",21.3911
"32003004921","tract",2023,"food_state_rnk",18.6352
"32003004923","tract",2023,"food_state_rnk",36.4173
"32003004924","tract",2023,"food_state_rnk",17.4541
"32003004925","tract",2023,"food_state_rnk",13.5171
"32003004926","tract",2023,"food_state_rnk",27.3622
"32003005005","tract",2023,"food_state_rnk",0.5249
"32003005006","tract",2023,"food_state_rnk",3.2808
"32003005007","tract",2023,"food_state_rnk",23.622
"32003005010","tract",2023,"food_state_rnk",9.8425
"32003005011","tract",2023,"food_state_rnk",8.399
"32003005012","tract",2023,"food_state_rnk",24.5407
"32003005013","tract",2023,"food_state_rnk",45.1444
"32003005014","tract",2023,"food_state_rnk",18.5039
"32003005015","tract",2023,"food_state_rnk",61.4173
"32003005016","tract",2023,"food_state_rnk",17.3228
"32003005017","tract",2023,"food_state_rnk",48.9501
"32003005102","tract",2023,"food_state_rnk",55.9055
"32003005103","tract",2023,"food_state_rnk",46.6535
"32003005104","tract",2023,"food_state_rnk",56.5617
"32003005106","tract",2023,"food_state_rnk",58.0052
"32003005107","tract",2023,"food_state_rnk",52.0997
"32003005108","tract",2023,"food_state_rnk",49.8688
"32003005110","tract",2023,"food_state_rnk",74.6719
"32003005111","tract",2023,"food_state_rnk",63.9108
"32003005112","tract",2023,"food_state_rnk",25.5906
"32003005113","tract",2023,"food_state_rnk",37.5328
"32003005114","tract",2023,"food_state_rnk",28.8714
"32003005115","tract",2023,"food_state_rnk",66.0105
"32003005116","tract",2023,"food_state_rnk",59.9738
"32003005200","tract",2023,"food_state_rnk",18.1102
"32003005311","tract",2023,"food_state_rnk",61.5486
"32003005312","tract",2023,"food_state_rnk",83.7927
"32003005313","tract",2023,"food_state_rnk",64.3045
"32003005314","tract",2023,"food_state_rnk",93.832
"32003005316","tract",2023,"food_state_rnk",70.0787
"32003005317","tract",2023,"food_state_rnk",36.6142
"32003005318","tract",2023,"food_state_rnk",86.8766
"32003005319","tract",2023,"food_state_rnk",69.4226
"32003005320","tract",2023,"food_state_rnk",48.4252
"32003005321","tract",2023,"food_state_rnk",70.7349
"32003005322","tract",2023,"food_state_rnk",92.2572
"32003005333","tract",2023,"food_state_rnk",77.5591
"32003005335","tract",2023,"food_state_rnk",57.4803
"32003005336","tract",2023,"food_state_rnk",8.5302
"32003005337","tract",2023,"food_state_rnk",48.8189
"32003005338","tract",2023,"food_state_rnk",88.4514
"32003005341","tract",2023,"food_state_rnk",39.6982
"32003005342","tract",2023,"food_state_rnk",85.1706
"32003005343","tract",2023,"food_state_rnk",60.3675
"32003005346","tract",2023,"food_state_rnk",87.7953
"32003005347","tract",2023,"food_state_rnk",54.9869
"32003005348","tract",2023,"food_state_rnk",99.0814
"32003005349","tract",2023,"food_state_rnk",53.4121
"32003005350","tract",2023,"food_state_rnk",64.8294
"32003005351","tract",2023,"food_state_rnk",62.0735
"32003005352","tract",2023,"food_state_rnk",71.2598
"32003005353","tract",2023,"food_state_rnk",50.4593
"32003005354","tract",2023,"food_state_rnk",73.0971
"32003005355","tract",2023,"food_state_rnk",63.7795
"32003005356","tract",2023,"food_state_rnk",79.3963
"32003005358","tract",2023,"food_state_rnk",86.4829
"32003005360","tract",2023,"food_state_rnk",34.252
"32003005361","tract",2023,"food_state_rnk",86.3517
"32003005362","tract",2023,"food_state_rnk",71.916
"32003005363","tract",2023,"food_state_rnk",83.9895
"32003005364","tract",2023,"food_state_rnk",88.9764
"32003005365","tract",2023,"food_state_rnk",81.1024
"32003005366","tract",2023,"food_state_rnk",82.2178
"32003005421","tract",2023,"food_state_rnk",0.6562
"32003005422","tract",2023,"food_state_rnk",7.6772
"32003005423","tract",2023,"food_state_rnk",13.2546
"32003005432","tract",2023,"food_state_rnk",69.5538
"32003005433","tract",2023,"food_state_rnk",84.252
"32003005434","tract",2023,"food_state_rnk",62.5984
"32003005435","tract",2023,"food_state_rnk",39.3701
"32003005437","tract",2023,"food_state_rnk",98.4252
"32003005438","tract",2023,"food_state_rnk",15.2231
"32003005439","tract",2023,"food_state_rnk",35.3018
"32003005440","tract",2023,"food_state_rnk",71.5223
"32003005441","tract",2023,"food_state_rnk",82.7428
"32003005442","tract",2023,"food_state_rnk",95.0131
"32003005501","tract",2023,"food_state_rnk",99.6063
"32003005502","tract",2023,"food_state_rnk",32.9396
"32003005503","tract",2023,"food_state_rnk",52.2966
"32003005504","tract",2023,"food_state_rnk",49.5407
"32003005607","tract",2023,"food_state_rnk",30.7087
"32003005612","tract",2023,"food_state_rnk",31.8898
"32003005613","tract",2023,"food_state_rnk",95.3412
"32003005614","tract",2023,"food_state_rnk",25.0656
"32003005615","tract",2023,"food_state_rnk",53.937
"32003005702","tract",2023,"food_state_rnk",8.2021
"32003005703","tract",2023,"food_state_rnk",56.4304
"32003005704","tract",2023,"food_state_rnk",3.6745
"32003005705","tract",2023,"food_state_rnk",55.5118
"32003005711","tract",2023,"food_state_rnk",91.0761
"32003005713","tract",2023,"food_state_rnk",95.3412
"32003005715","tract",2023,"food_state_rnk",85.5643
"32003005716","tract",2023,"food_state_rnk",43.4383
"32003005717","tract",2023,"food_state_rnk",53.4121
"32003005718","tract",2023,"food_state_rnk",80.3806
"32003005719","tract",2023,"food_state_rnk",89.1076
"32003005720","tract",2023,"food_state_rnk",89.2388
"32003005721","tract",2023,"food_state_rnk",99.3438
"32003005722","tract",2023,"food_state_rnk",72.8346
"32003005803","tract",2023,"food_state_rnk",35.8924
"32003005804","tract",2023,"food_state_rnk",60.6299
"32003005805","tract",2023,"food_state_rnk",69.8163
"32003005806","tract",2023,"food_state_rnk",61.9423
"32003005807","tract",2023,"food_state_rnk",62.9921
"32003005808","tract",2023,"food_state_rnk",41.4698
"32003005809","tract",2023,"food_state_rnk",48.0315
"32003005813","tract",2023,"food_state_rnk",58.9239
"32003005818","tract",2023,"food_state_rnk",NA
"32003005822","tract",2023,"food_state_rnk",77.2966
"32003005824","tract",2023,"food_state_rnk",95.8005
"32003005825","tract",2023,"food_state_rnk",73.2283
"32003005826","tract",2023,"food_state_rnk",31.1024
"32003005828","tract",2023,"food_state_rnk",93.3071
"32003005829","tract",2023,"food_state_rnk",76.0499
"32003005830","tract",2023,"food_state_rnk",58.399
"32003005831","tract",2023,"food_state_rnk",82.021
"32003005834","tract",2023,"food_state_rnk",61.6798
"32003005835","tract",2023,"food_state_rnk",90.0262
"32003005836","tract",2023,"food_state_rnk",84.3832
"32003005837","tract",2023,"food_state_rnk",89.5669
"32003005839","tract",2023,"food_state_rnk",88.0577
"32003005841","tract",2023,"food_state_rnk",90.4199
"32003005842","tract",2023,"food_state_rnk",97.3753
"32003005843","tract",2023,"food_state_rnk",81.5617
"32003005844","tract",2023,"food_state_rnk",88.8451
"32003005845","tract",2023,"food_state_rnk",93.1759
"32003005846","tract",2023,"food_state_rnk",92.5197
"32003005847","tract",2023,"food_state_rnk",78.8714
"32003005848","tract",2023,"food_state_rnk",32.1522
"32003005849","tract",2023,"food_state_rnk",57.3491
"32003005850","tract",2023,"food_state_rnk",58.5958
"32003005852","tract",2023,"food_state_rnk",66.4698
"32003005855","tract",2023,"food_state_rnk",27.1654
"32003005856","tract",2023,"food_state_rnk",75.4593
"32003005857","tract",2023,"food_state_rnk",58.2677
"32003005858","tract",2023,"food_state_rnk",91.4698
"32003005859","tract",2023,"food_state_rnk",51.4436
"32003005860","tract",2023,"food_state_rnk",76.6404
"32003005861","tract",2023,"food_state_rnk",33.8583
"32003005862","tract",2023,"food_state_rnk",66.273
"32003005863","tract",2023,"food_state_rnk",82.7428
"32003005864","tract",2023,"food_state_rnk",67.5853
"32003005865","tract",2023,"food_state_rnk",70.9974
"32003005866","tract",2023,"food_state_rnk",82.4147
"32003005867","tract",2023,"food_state_rnk",96.8504
"32003005868","tract",2023,"food_state_rnk",64.5669
"32003005869","tract",2023,"food_state_rnk",41.601
"32003005870","tract",2023,"food_state_rnk",41.7979
"32003005871","tract",2023,"food_state_rnk",95.6693
"32003005872","tract",2023,"food_state_rnk",89.895
"32003005873","tract",2023,"food_state_rnk",85.0394
"32003005874","tract",2023,"food_state_rnk",76.0499
"32003005875","tract",2023,"food_state_rnk",34.6457
"32003005876","tract",2023,"food_state_rnk",88.189
"32003005877","tract",2023,"food_state_rnk",96.3255
"32003005902","tract",2023,"food_state_rnk",63.5827
"32003005903","tract",2023,"food_state_rnk",88.7139
"32003005904","tract",2023,"food_state_rnk",97.2441
"32003005905","tract",2023,"food_state_rnk",45.2756
"32003006001","tract",2023,"food_state_rnk",21.1286
"32003006103","tract",2023,"food_state_rnk",38.0577
"32003006104","tract",2023,"food_state_rnk",67.3228
"32003006201","tract",2023,"food_state_rnk",21.6535
"32003006202","tract",2023,"food_state_rnk",28.6089
"32003006203","tract",2023,"food_state_rnk",20.9974
"32003006204","tract",2023,"food_state_rnk",37.664
"32003006700","tract",2023,"food_state_rnk",53.1496
"32003006800","tract",2023,"food_state_rnk",8.7927
"32003006900","tract",2023,"food_state_rnk",29.2651
"32003007100","tract",2023,"food_state_rnk",3.1496
"32003007200","tract",2023,"food_state_rnk",33.399
"32003007500","tract",2023,"food_state_rnk",90.5512
"32003007600","tract",2023,"food_state_rnk",79.2651
"32003007801","tract",2023,"food_state_rnk",34.7769
"32003007802","tract",2023,"food_state_rnk",NA
"32003007900","tract",2023,"food_state_rnk",4.5932
"32005001000","tract",2023,"food_state_rnk",92.3885
"32005001100","tract",2023,"food_state_rnk",44.2257
"32005001200","tract",2023,"food_state_rnk",80.0525
"32005001300","tract",2023,"food_state_rnk",24.6719
"32005001400","tract",2023,"food_state_rnk",67.4541
"32005001500","tract",2023,"food_state_rnk",71.7192
"32005001600","tract",2023,"food_state_rnk",93.0446
"32005001700","tract",2023,"food_state_rnk",78.6089
"32005001800","tract",2023,"food_state_rnk",96.5223
"32005001900","tract",2023,"food_state_rnk",88.5827
"32005002000","tract",2023,"food_state_rnk",31.7585
"32005002100","tract",2023,"food_state_rnk",93.7008
"32005002200","tract",2023,"food_state_rnk",95.9318
"32005002300","tract",2023,"food_state_rnk",99.7375
"32005002400","tract",2023,"food_state_rnk",66.9291
"32005002500","tract",2023,"food_state_rnk",40.0262
"32005990000","tract",2023,"food_state_rnk",NA
"32007950200","tract",2023,"food_state_rnk",94.2257
"32007950701","tract",2023,"food_state_rnk",76.5092
"32007950702","tract",2023,"food_state_rnk",69.0289
"32007950800","tract",2023,"food_state_rnk",50.6562
"32007950900","tract",2023,"food_state_rnk",42.7822
"32007951000","tract",2023,"food_state_rnk",63.1234
"32007951201","tract",2023,"food_state_rnk",90.1575
"32007951202","tract",2023,"food_state_rnk",64.4357
"32007951300","tract",2023,"food_state_rnk",46.8504
"32007951401","tract",2023,"food_state_rnk",75.853
"32007951403","tract",2023,"food_state_rnk",74.5407
"32007951404","tract",2023,"food_state_rnk",71.7192
"32007951500","tract",2023,"food_state_rnk",23.4252
"32007951600","tract",2023,"food_state_rnk",42.126
"32007951700","tract",2023,"food_state_rnk",72.4409
"32009950100","tract",2023,"food_state_rnk",29.9213
"32011000100","tract",2023,"food_state_rnk",33.399
"32013010501","tract",2023,"food_state_rnk",62.8609
"32013010502","tract",2023,"food_state_rnk",47.0472
"32013010600","tract",2023,"food_state_rnk",76.378
"32013010701","tract",2023,"food_state_rnk",38.5171
"32013010702","tract",2023,"food_state_rnk",72.9659
"32015000301","tract",2023,"food_state_rnk",24.8031
"32015000302","tract",2023,"food_state_rnk",33.9895
"32017950100","tract",2023,"food_state_rnk",85.3018
"32017950200","tract",2023,"food_state_rnk",52.2966
"32019960103","tract",2023,"food_state_rnk",54.5932
"32019960104","tract",2023,"food_state_rnk",25.3281
"32019960105","tract",2023,"food_state_rnk",51.8373
"32019960106","tract",2023,"food_state_rnk",60.1706
"32019960107","tract",2023,"food_state_rnk",53.8058
"32019960108","tract",2023,"food_state_rnk",75.1969
"32019960203","tract",2023,"food_state_rnk",46.063
"32019960204","tract",2023,"food_state_rnk",13.7795
"32019960205","tract",2023,"food_state_rnk",49.7375
"32019960206","tract",2023,"food_state_rnk",65.4856
"32019960301","tract",2023,"food_state_rnk",73.3596
"32019960303","tract",2023,"food_state_rnk",82.9396
"32019960304","tract",2023,"food_state_rnk",68.1102
"32019960305","tract",2023,"food_state_rnk",70.21
"32019960801","tract",2023,"food_state_rnk",47.4409
"32019960802","tract",2023,"food_state_rnk",73.622
"32019960901","tract",2023,"food_state_rnk",25.7218
"32019960902","tract",2023,"food_state_rnk",26.9029
"32021970700","tract",2023,"food_state_rnk",40.9449
"32021970800","tract",2023,"food_state_rnk",40.6168
"32023960100","tract",2023,"food_state_rnk",94.4882
"32023960200","tract",2023,"food_state_rnk",91.7323
"32023960300","tract",2023,"food_state_rnk",22.9659
"32023960405","tract",2023,"food_state_rnk",7.2178
"32023960407","tract",2023,"food_state_rnk",9.4488
"32023960408","tract",2023,"food_state_rnk",22.1785
"32023960409","tract",2023,"food_state_rnk",38.7139
"32023960410","tract",2023,"food_state_rnk",80.8399
"32023960411","tract",2023,"food_state_rnk",29.5276
"32023960412","tract",2023,"food_state_rnk",59.3832
"32023960413","tract",2023,"food_state_rnk",20.7349
"32023960414","tract",2023,"food_state_rnk",7.0866
"32023960415","tract",2023,"food_state_rnk",52.4934
"32023960416","tract",2023,"food_state_rnk",26.378
"32023980500","tract",2023,"food_state_rnk",NA
"32027960100","tract",2023,"food_state_rnk",73.8189
"32029970200","tract",2023,"food_state_rnk",86.7454
"32031000103","tract",2023,"food_state_rnk",25.1969
"32031000104","tract",2023,"food_state_rnk",25.9843
"32031000105","tract",2023,"food_state_rnk",2.231
"32031000106","tract",2023,"food_state_rnk",NA
"32031000201","tract",2023,"food_state_rnk",24.0157
"32031000202","tract",2023,"food_state_rnk",58.5958
"32031000301","tract",2023,"food_state_rnk",78.3465
"32031000302","tract",2023,"food_state_rnk",87.664
"32031000401","tract",2023,"food_state_rnk",69.2913
"32031000402","tract",2023,"food_state_rnk",87.0079
"32031000701","tract",2023,"food_state_rnk",64.6982
"32031000702","tract",2023,"food_state_rnk",18.9633
"32031000900","tract",2023,"food_state_rnk",9.1864
"32031001005","tract",2023,"food_state_rnk",70.3412
"32031001010","tract",2023,"food_state_rnk",81.2336
"32031001011","tract",2023,"food_state_rnk",98.0315
"32031001012","tract",2023,"food_state_rnk",98.1627
"32031001013","tract",2023,"food_state_rnk",100
"32031001014","tract",2023,"food_state_rnk",89.3701
"32031001015","tract",2023,"food_state_rnk",98.8189
"32031001016","tract",2023,"food_state_rnk",1.1811
"32031001017","tract",2023,"food_state_rnk",80.1837
"32031001018","tract",2023,"food_state_rnk",5.2493
"32031001019","tract",2023,"food_state_rnk",4.0682
"32031001101","tract",2023,"food_state_rnk",68.5039
"32031001103","tract",2023,"food_state_rnk",98.6877
"32031001104","tract",2023,"food_state_rnk",94.6194
"32031001105","tract",2023,"food_state_rnk",87.4016
"32031001201","tract",2023,"food_state_rnk",65.748
"32031001203","tract",2023,"food_state_rnk",83.5958
"32031001204","tract",2023,"food_state_rnk",22.5722
"32031001300","tract",2023,"food_state_rnk",28.084
"32031001400","tract",2023,"food_state_rnk",42.5853
"32031001501","tract",2023,"food_state_rnk",16.4042
"32031001503","tract",2023,"food_state_rnk",6.5617
"32031001504","tract",2023,"food_state_rnk",NA
"32031001701","tract",2023,"food_state_rnk",1.4436
"32031001703","tract",2023,"food_state_rnk",41.9948
"32031001704","tract",2023,"food_state_rnk",51.1811
"32031001801","tract",2023,"food_state_rnk",6.168
"32031001802","tract",2023,"food_state_rnk",5.1181
"32031001901","tract",2023,"food_state_rnk",17.7165
"32031001903","tract",2023,"food_state_rnk",34.5144
"32031001904","tract",2023,"food_state_rnk",11.5486
"32031002103","tract",2023,"food_state_rnk",87.1391
"32031002104","tract",2023,"food_state_rnk",78.4777
"32031002105","tract",2023,"food_state_rnk",33.5958
"32031002106","tract",2023,"food_state_rnk",67.979
"32031002107","tract",2023,"food_state_rnk",11.2861
"32031002204","tract",2023,"food_state_rnk",26.6404
"32031002207","tract",2023,"food_state_rnk",81.8898
"32031002208","tract",2023,"food_state_rnk",55.2493
"32031002210","tract",2023,"food_state_rnk",99.4751
"32031002211","tract",2023,"food_state_rnk",22.3097
"32031002212","tract",2023,"food_state_rnk",10.105
"32031002213","tract",2023,"food_state_rnk",93.4383
"32031002214","tract",2023,"food_state_rnk",37.7953
"32031002215","tract",2023,"food_state_rnk",54.8556
"32031002216","tract",2023,"food_state_rnk",22.7034
"32031002217","tract",2023,"food_state_rnk",51.0499
"32031002218","tract",2023,"food_state_rnk",66.6667
"32031002219","tract",2023,"food_state_rnk",99.2126
"32031002302","tract",2023,"food_state_rnk",91.9291
"32031002303","tract",2023,"food_state_rnk",98.9501
"32031002304","tract",2023,"food_state_rnk",98.294
"32031002401","tract",2023,"food_state_rnk",93.5696
"32031002406","tract",2023,"food_state_rnk",11.9423
"32031002407","tract",2023,"food_state_rnk",56.6929
"32031002408","tract",2023,"food_state_rnk",91.2073
"32031002409","tract",2023,"food_state_rnk",76.8373
"32031002411","tract",2023,"food_state_rnk",50.4593
"32031002412","tract",2023,"food_state_rnk",86.2205
"32031002413","tract",2023,"food_state_rnk",51.3123
"32031002414","tract",2023,"food_state_rnk",39.5013
"32031002500","tract",2023,"food_state_rnk",54.1995
"32031002603","tract",2023,"food_state_rnk",72.0472
"32031002610","tract",2023,"food_state_rnk",84.6457
"32031002611","tract",2023,"food_state_rnk",42.9134
"32031002612","tract",2023,"food_state_rnk",59.3832
"32031002613","tract",2023,"food_state_rnk",52.6247
"32031002614","tract",2023,"food_state_rnk",67.8478
"32031002615","tract",2023,"food_state_rnk",75.3281
"32031002616","tract",2023,"food_state_rnk",37.9265
"32031002618","tract",2023,"food_state_rnk",90.6824
"32031002620","tract",2023,"food_state_rnk",21.2598
"32031002621","tract",2023,"food_state_rnk",39.1076
"32031002622","tract",2023,"food_state_rnk",10.4987
"32031002623","tract",2023,"food_state_rnk",80.7087
"32031002703","tract",2023,"food_state_rnk",17.1916
"32031002704","tract",2023,"food_state_rnk",6.8241
"32031002705","tract",2023,"food_state_rnk",35.5643
"32031002706","tract",2023,"food_state_rnk",32.4147
"32031002707","tract",2023,"food_state_rnk",29.3963
"32031002801","tract",2023,"food_state_rnk",46.3911
"32031002802","tract",2023,"food_state_rnk",32.021
"32031002901","tract",2023,"food_state_rnk",56.0367
"32031002902","tract",2023,"food_state_rnk",15.8793
"32031003001","tract",2023,"food_state_rnk",43.3071
"32031003002","tract",2023,"food_state_rnk",24.9344
"32031003105","tract",2023,"food_state_rnk",72.3097
"32031003106","tract",2023,"food_state_rnk",66.7979
"32031003108","tract",2023,"food_state_rnk",76.2467
"32031003109","tract",2023,"food_state_rnk",94.8819
"32031003110","tract",2023,"food_state_rnk",78.084
"32031003111","tract",2023,"food_state_rnk",14.6982
"32031003112","tract",2023,"food_state_rnk",58.7927
"32031003203","tract",2023,"food_state_rnk",84.7769
"32031003205","tract",2023,"food_state_rnk",81.3648
"32031003206","tract",2023,"food_state_rnk",98.5564
"32031003207","tract",2023,"food_state_rnk",29.1339
"32031003305","tract",2023,"food_state_rnk",92.126
"32031003306","tract",2023,"food_state_rnk",66.4698
"32031003307","tract",2023,"food_state_rnk",96.1942
"32031003308","tract",2023,"food_state_rnk",96.9816
"32031003310","tract",2023,"food_state_rnk",72.5722
"32031003311","tract",2023,"food_state_rnk",89.5669
"32031003501","tract",2023,"food_state_rnk",74.0814
"32031003503","tract",2023,"food_state_rnk",91.3386
"32031003507","tract",2023,"food_state_rnk",96.063
"32031003508","tract",2023,"food_state_rnk",94.357
"32031003510","tract",2023,"food_state_rnk",85.4331
"32031003511","tract",2023,"food_state_rnk",96.5223
"32031003512","tract",2023,"food_state_rnk",74.8031
"32031003513","tract",2023,"food_state_rnk",92.9134
"32031003514","tract",2023,"food_state_rnk",97.1129
"32031003516","tract",2023,"food_state_rnk",82.2178
"32031003517","tract",2023,"food_state_rnk",90.2887
"32031003518","tract",2023,"food_state_rnk",97.769
"32031003519","tract",2023,"food_state_rnk",94.7507
"32031003520","tract",2023,"food_state_rnk",79.1339
"32031003521","tract",2023,"food_state_rnk",79.0026
"32031003522","tract",2023,"food_state_rnk",30.5774
"32031940200","tract",2023,"food_state_rnk",43.832
"32031980000","tract",2023,"food_state_rnk",NA
"32031980100","tract",2023,"food_state_rnk",NA
"32031980200","tract",2023,"food_state_rnk",NA
"32031980300","tract",2023,"food_state_rnk",NA
"32031990000","tract",2023,"food_state_rnk",NA
"32031990100","tract",2023,"food_state_rnk",NA
"32033970100","tract",2023,"food_state_rnk",13.9108
"32033970200","tract",2023,"food_state_rnk",87.2703
"32033970300","tract",2023,"food_state_rnk",52.7559
"32510000100","tract",2023,"food_state_rnk",68.2415
"32510000200","tract",2023,"food_state_rnk",88.3202
"32510000300","tract",2023,"food_state_rnk",82.5459
"32510000400","tract",2023,"food_state_rnk",60.958
"32510000501","tract",2023,"food_state_rnk",43.9633
"32510000502","tract",2023,"food_state_rnk",16.7323
"32510000601","tract",2023,"food_state_rnk",85.8268
"32510000602","tract",2023,"food_state_rnk",24.2782
"32510000701","tract",2023,"food_state_rnk",86.6142
"32510000702","tract",2023,"food_state_rnk",68.7664
"32510000800","tract",2023,"food_state_rnk",69.1601
"32510000900","tract",2023,"food_state_rnk",56.2336
"32510001001","tract",2023,"food_state_rnk",26.2467
"32510001002","tract",2023,"food_state_rnk",78.7402
"32510990000","tract",2023,"food_state_rnk",NA
