"geoid","geolevel","year","level","value"
"24001000100","tract",2023,"food_score",113.06
"24001000200","tract",2023,"food_score",80.29
"24001000500","tract",2023,"food_score",60.75
"24001000600","tract",2023,"food_score",74.96
"24001000700","tract",2023,"food_score",62.81
"24001000800","tract",2023,"food_score",57.91
"24001001000","tract",2023,"food_score",54.18
"24001001100","tract",2023,"food_score",73.68
"24001001200","tract",2023,"food_score",111.05
"24001001300","tract",2023,"food_score",NA
"24001001401","tract",2023,"food_score",112.92
"24001001402","tract",2023,"food_score",108.36
"24001001502","tract",2023,"food_score",71.17
"24001001503","tract",2023,"food_score",92.46
"24001001600","tract",2023,"food_score",102.25
"24001001700","tract",2023,"food_score",87.87
"24001001800","tract",2023,"food_score",NA
"24001001900","tract",2023,"food_score",87.18
"24001002000","tract",2023,"food_score",99.43
"24001002100","tract",2023,"food_score",90.04
"24001002200","tract",2023,"food_score",88.85
"24001002300","tract",2023,"food_score",102.3
"24003701101","tract",2023,"food_score",125.85
"24003701103","tract",2023,"food_score",118.98
"24003701104","tract",2023,"food_score",115.47
"24003701201","tract",2023,"food_score",113.76
"24003701202","tract",2023,"food_score",111.7
"24003701301","tract",2023,"food_score",114.67
"24003701302","tract",2023,"food_score",99.65
"24003701400","tract",2023,"food_score",118.8
"24003702100","tract",2023,"food_score",127.14
"24003702204","tract",2023,"food_score",119.75
"24003702205","tract",2023,"food_score",120.47
"24003702206","tract",2023,"food_score",128.94
"24003702208","tract",2023,"food_score",128.13
"24003702209","tract",2023,"food_score",116.66
"24003702300","tract",2023,"food_score",121.68
"24003702402","tract",2023,"food_score",125.79
"24003702500","tract",2023,"food_score",81.75
"24003702601","tract",2023,"food_score",111.98
"24003702602","tract",2023,"food_score",119.93
"24003702702","tract",2023,"food_score",125.49
"24003702703","tract",2023,"food_score",106.19
"24003702704","tract",2023,"food_score",106.38
"24003706102","tract",2023,"food_score",91.29
"24003706103","tract",2023,"food_score",112.28
"24003706302","tract",2023,"food_score",123.58
"24003706303","tract",2023,"food_score",110.16
"24003706304","tract",2023,"food_score",125.27
"24003706402","tract",2023,"food_score",109.13
"24003706403","tract",2023,"food_score",106.51
"24003706404","tract",2023,"food_score",122.13
"24003706500","tract",2023,"food_score",112.62
"24003706600","tract",2023,"food_score",112.56
"24003706700","tract",2023,"food_score",NA
"24003707001","tract",2023,"food_score",120.33
"24003707002","tract",2023,"food_score",125.16
"24003708001","tract",2023,"food_score",111.32
"24003708004","tract",2023,"food_score",103.2
"24003730101","tract",2023,"food_score",110.38
"24003730102","tract",2023,"food_score",118.13
"24003730204","tract",2023,"food_score",97.28
"24003730205","tract",2023,"food_score",90.89
"24003730206","tract",2023,"food_score",78.95
"24003730300","tract",2023,"food_score",94.92
"24003730401","tract",2023,"food_score",97.36
"24003730403","tract",2023,"food_score",84.1
"24003730404","tract",2023,"food_score",83.15
"24003730507","tract",2023,"food_score",120.74
"24003730508","tract",2023,"food_score",97.81
"24003730509","tract",2023,"food_score",109.07
"24003730510","tract",2023,"food_score",99.26
"24003730511","tract",2023,"food_score",71.86
"24003730512","tract",2023,"food_score",93.8
"24003730513","tract",2023,"food_score",81.06
"24003730514","tract",2023,"food_score",85.52
"24003730601","tract",2023,"food_score",120.23
"24003730603","tract",2023,"food_score",114.5
"24003730605","tract",2023,"food_score",107.89
"24003730606","tract",2023,"food_score",123.25
"24003730701","tract",2023,"food_score",123.08
"24003730702","tract",2023,"food_score",124.9
"24003730800","tract",2023,"food_score",123.65
"24003730901","tract",2023,"food_score",120.96
"24003730902","tract",2023,"food_score",121.85
"24003731002","tract",2023,"food_score",111.2
"24003731003","tract",2023,"food_score",119.14
"24003731004","tract",2023,"food_score",110.24
"24003731103","tract",2023,"food_score",118.02
"24003731104","tract",2023,"food_score",109.64
"24003731105","tract",2023,"food_score",117.26
"24003731106","tract",2023,"food_score",117.86
"24003731107","tract",2023,"food_score",124.18
"24003731201","tract",2023,"food_score",114.55
"24003731205","tract",2023,"food_score",122.68
"24003731206","tract",2023,"food_score",117.71
"24003731207","tract",2023,"food_score",121.41
"24003731208","tract",2023,"food_score",117.57
"24003731209","tract",2023,"food_score",109.31
"24003731210","tract",2023,"food_score",103.28
"24003731303","tract",2023,"food_score",124.38
"24003731306","tract",2023,"food_score",119.56
"24003731307","tract",2023,"food_score",109.97
"24003731308","tract",2023,"food_score",112.13
"24003731309","tract",2023,"food_score",114.68
"24003731310","tract",2023,"food_score",101.59
"24003731312","tract",2023,"food_score",92.5
"24003731313","tract",2023,"food_score",119.13
"24003740103","tract",2023,"food_score",116.51
"24003740104","tract",2023,"food_score",113.84
"24003740105","tract",2023,"food_score",98.18
"24003740106","tract",2023,"food_score",123.89
"24003740107","tract",2023,"food_score",116.46
"24003740108","tract",2023,"food_score",120.68
"24003740203","tract",2023,"food_score",120.08
"24003740204","tract",2023,"food_score",96.29
"24003740205","tract",2023,"food_score",117
"24003740303","tract",2023,"food_score",108.88
"24003740304","tract",2023,"food_score",117.88
"24003740305","tract",2023,"food_score",104.53
"24003740400","tract",2023,"food_score",NA
"24003740501","tract",2023,"food_score",102.39
"24003740502","tract",2023,"food_score",114.14
"24003740601","tract",2023,"food_score",121.19
"24003740602","tract",2023,"food_score",111.81
"24003740603","tract",2023,"food_score",124.07
"24003740701","tract",2023,"food_score",116.56
"24003740703","tract",2023,"food_score",121.92
"24003740704","tract",2023,"food_score",126.83
"24003740800","tract",2023,"food_score",118.2
"24003740900","tract",2023,"food_score",116.21
"24003741000","tract",2023,"food_score",114.96
"24003750101","tract",2023,"food_score",104.73
"24003750102","tract",2023,"food_score",101.16
"24003750201","tract",2023,"food_score",99.38
"24003750204","tract",2023,"food_score",115.86
"24003750300","tract",2023,"food_score",110.12
"24003750400","tract",2023,"food_score",118.38
"24003750801","tract",2023,"food_score",95.99
"24003750803","tract",2023,"food_score",83.31
"24003750804","tract",2023,"food_score",99.21
"24003750900","tract",2023,"food_score",98.37
"24003751000","tract",2023,"food_score",94.49
"24003751102","tract",2023,"food_score",112.99
"24003751103","tract",2023,"food_score",96.44
"24003751200","tract",2023,"food_score",125.68
"24003751400","tract",2023,"food_score",124.91
"24003751500","tract",2023,"food_score",107.29
"24003751600","tract",2023,"food_score",127.96
"24003751700","tract",2023,"food_score",127.29
"24003980000","tract",2023,"food_score",NA
"24003990000","tract",2023,"food_score",NA
"24005400100","tract",2023,"food_score",121.98
"24005400200","tract",2023,"food_score",95.55
"24005400400","tract",2023,"food_score",119.27
"24005400500","tract",2023,"food_score",124.91
"24005400600","tract",2023,"food_score",115.68
"24005400701","tract",2023,"food_score",82.21
"24005400702","tract",2023,"food_score",82.16
"24005400800","tract",2023,"food_score",91.99
"24005400900","tract",2023,"food_score",114.99
"24005401000","tract",2023,"food_score",119.73
"24005401101","tract",2023,"food_score",72.6
"24005401102","tract",2023,"food_score",96.58
"24005401200","tract",2023,"food_score",85.52
"24005401301","tract",2023,"food_score",81.05
"24005401302","tract",2023,"food_score",88.32
"24005401400","tract",2023,"food_score",123.59
"24005401503","tract",2023,"food_score",100.13
"24005401504","tract",2023,"food_score",113.98
"24005401505","tract",2023,"food_score",86.15
"24005401506","tract",2023,"food_score",92.99
"24005401507","tract",2023,"food_score",99.18
"24005402201","tract",2023,"food_score",117.52
"24005402202","tract",2023,"food_score",112.45
"24005402302","tract",2023,"food_score",95.46
"24005402303","tract",2023,"food_score",102.08
"24005402304","tract",2023,"food_score",80.46
"24005402305","tract",2023,"food_score",76.08
"24005402306","tract",2023,"food_score",91.7
"24005402307","tract",2023,"food_score",82.53
"24005402403","tract",2023,"food_score",82.39
"24005402404","tract",2023,"food_score",100.44
"24005402405","tract",2023,"food_score",80.21
"24005402407","tract",2023,"food_score",105.97
"24005402408","tract",2023,"food_score",99.93
"24005402409","tract",2023,"food_score",73.6
"24005402503","tract",2023,"food_score",96.15
"24005402504","tract",2023,"food_score",112.35
"24005402505","tract",2023,"food_score",97.24
"24005402506","tract",2023,"food_score",102.86
"24005402510","tract",2023,"food_score",74.19
"24005402511","tract",2023,"food_score",104.12
"24005402602","tract",2023,"food_score",90.75
"24005402603","tract",2023,"food_score",91.11
"24005402604","tract",2023,"food_score",100.65
"24005403100","tract",2023,"food_score",94.94
"24005403201","tract",2023,"food_score",94.72
"24005403202","tract",2023,"food_score",89.16
"24005403300","tract",2023,"food_score",106.44
"24005403401","tract",2023,"food_score",94.22
"24005403402","tract",2023,"food_score",87.39
"24005403500","tract",2023,"food_score",116.08
"24005403601","tract",2023,"food_score",123.79
"24005403602","tract",2023,"food_score",104.1
"24005403702","tract",2023,"food_score",97.45
"24005403703","tract",2023,"food_score",117.03
"24005403704","tract",2023,"food_score",94.42
"24005403801","tract",2023,"food_score",117.14
"24005403802","tract",2023,"food_score",124.25
"24005403803","tract",2023,"food_score",123.23
"24005404101","tract",2023,"food_score",118.18
"24005404102","tract",2023,"food_score",105.1
"24005404201","tract",2023,"food_score",104.91
"24005404202","tract",2023,"food_score",100.46
"24005404402","tract",2023,"food_score",111.52
"24005404403","tract",2023,"food_score",94.89
"24005404404","tract",2023,"food_score",114.27
"24005404501","tract",2023,"food_score",103.84
"24005404502","tract",2023,"food_score",81.38
"24005404600","tract",2023,"food_score",103.68
"24005404800","tract",2023,"food_score",116.74
"24005404900","tract",2023,"food_score",119.97
"24005405000","tract",2023,"food_score",119.71
"24005406000","tract",2023,"food_score",123.98
"24005407001","tract",2023,"food_score",123.63
"24005407002","tract",2023,"food_score",119.7
"24005408100","tract",2023,"food_score",122.71
"24005408200","tract",2023,"food_score",121.95
"24005408302","tract",2023,"food_score",125.45
"24005408303","tract",2023,"food_score",121.39
"24005408304","tract",2023,"food_score",124.02
"24005408400","tract",2023,"food_score",121
"24005408502","tract",2023,"food_score",116.88
"24005408503","tract",2023,"food_score",75.21
"24005408505","tract",2023,"food_score",116.53
"24005408506","tract",2023,"food_score",89.72
"24005408507","tract",2023,"food_score",82.97
"24005408601","tract",2023,"food_score",121.32
"24005408602","tract",2023,"food_score",118.45
"24005408702","tract",2023,"food_score",117.76
"24005408703","tract",2023,"food_score",122.8
"24005408704","tract",2023,"food_score",126.56
"24005408800","tract",2023,"food_score",119.84
"24005408900","tract",2023,"food_score",124.64
"24005410100","tract",2023,"food_score",126.96
"24005410200","tract",2023,"food_score",116.08
"24005411101","tract",2023,"food_score",122.64
"24005411102","tract",2023,"food_score",120.46
"24005411201","tract",2023,"food_score",116.63
"24005411202","tract",2023,"food_score",126.82
"24005411302","tract",2023,"food_score",121.95
"24005411303","tract",2023,"food_score",116.45
"24005411306","tract",2023,"food_score",107.71
"24005411307","tract",2023,"food_score",95.59
"24005411308","tract",2023,"food_score",123.65
"24005411309","tract",2023,"food_score",115.23
"24005411404","tract",2023,"food_score",114.37
"24005411406","tract",2023,"food_score",117.04
"24005411408","tract",2023,"food_score",93.41
"24005411409","tract",2023,"food_score",109.48
"24005411410","tract",2023,"food_score",120.71
"24005411411","tract",2023,"food_score",86.08
"24005411412","tract",2023,"food_score",78.02
"24005411413","tract",2023,"food_score",121.32
"24005420100","tract",2023,"food_score",84.8
"24005420200","tract",2023,"food_score",109.19
"24005420301","tract",2023,"food_score",50.12
"24005420302","tract",2023,"food_score",73.87
"24005420303","tract",2023,"food_score",84.88
"24005420401","tract",2023,"food_score",73.16
"24005420402","tract",2023,"food_score",75.72
"24005420500","tract",2023,"food_score",91.42
"24005420600","tract",2023,"food_score",86.19
"24005420701","tract",2023,"food_score",69.15
"24005420702","tract",2023,"food_score",104.45
"24005420800","tract",2023,"food_score",84.77
"24005420900","tract",2023,"food_score",82.85
"24005421000","tract",2023,"food_score",36.17
"24005421101","tract",2023,"food_score",90.07
"24005421102","tract",2023,"food_score",74.25
"24005421200","tract",2023,"food_score",85.68
"24005430101","tract",2023,"food_score",104.21
"24005430104","tract",2023,"food_score",107.39
"24005430200","tract",2023,"food_score",81.83
"24005430300","tract",2023,"food_score",73.32
"24005430400","tract",2023,"food_score",106.86
"24005430600","tract",2023,"food_score",117.63
"24005430700","tract",2023,"food_score",99.66
"24005430800","tract",2023,"food_score",96.07
"24005430900","tract",2023,"food_score",91.91
"24005440100","tract",2023,"food_score",118.51
"24005440200","tract",2023,"food_score",106.88
"24005440300","tract",2023,"food_score",115.09
"24005440400","tract",2023,"food_score",98.11
"24005440500","tract",2023,"food_score",116.35
"24005440600","tract",2023,"food_score",116.9
"24005440701","tract",2023,"food_score",82.66
"24005440702","tract",2023,"food_score",100.46
"24005440800","tract",2023,"food_score",96.46
"24005440900","tract",2023,"food_score",99.33
"24005441000","tract",2023,"food_score",76.91
"24005441101","tract",2023,"food_score",113.07
"24005441102","tract",2023,"food_score",78.84
"24005450100","tract",2023,"food_score",105.33
"24005450200","tract",2023,"food_score",92.06
"24005450300","tract",2023,"food_score",96.97
"24005450400","tract",2023,"food_score",91.67
"24005450501","tract",2023,"food_score",107.46
"24005450503","tract",2023,"food_score",72.37
"24005450504","tract",2023,"food_score",71.21
"24005450800","tract",2023,"food_score",102.51
"24005450900","tract",2023,"food_score",108.58
"24005451000","tract",2023,"food_score",107.96
"24005451100","tract",2023,"food_score",99.03
"24005451200","tract",2023,"food_score",99.86
"24005451300","tract",2023,"food_score",103.36
"24005451401","tract",2023,"food_score",101.18
"24005451402","tract",2023,"food_score",75.08
"24005451500","tract",2023,"food_score",47.55
"24005451600","tract",2023,"food_score",110.98
"24005451701","tract",2023,"food_score",127.62
"24005451702","tract",2023,"food_score",114.65
"24005451801","tract",2023,"food_score",85.55
"24005451802","tract",2023,"food_score",96.13
"24005451803","tract",2023,"food_score",97.23
"24005451900","tract",2023,"food_score",106.1
"24005452000","tract",2023,"food_score",110.49
"24005452100","tract",2023,"food_score",107.77
"24005452300","tract",2023,"food_score",76.71
"24005452400","tract",2023,"food_score",95.35
"24005452500","tract",2023,"food_score",98.42
"24005490100","tract",2023,"food_score",126.33
"24005490200","tract",2023,"food_score",109.33
"24005490302","tract",2023,"food_score",124.28
"24005490303","tract",2023,"food_score",85.73
"24005490304","tract",2023,"food_score",111.02
"24005490400","tract",2023,"food_score",123.5
"24005490500","tract",2023,"food_score",114.43
"24005490601","tract",2023,"food_score",114.97
"24005490602","tract",2023,"food_score",117.08
"24005490603","tract",2023,"food_score",112.94
"24005490605","tract",2023,"food_score",NA
"24005490701","tract",2023,"food_score",121.34
"24005490703","tract",2023,"food_score",121.88
"24005490800","tract",2023,"food_score",122.27
"24005490900","tract",2023,"food_score",114.59
"24005491000","tract",2023,"food_score",115.99
"24005491100","tract",2023,"food_score",116.52
"24005491201","tract",2023,"food_score",83.18
"24005491202","tract",2023,"food_score",100.33
"24005491300","tract",2023,"food_score",103.74
"24005491401","tract",2023,"food_score",107.31
"24005491402","tract",2023,"food_score",100.96
"24005491500","tract",2023,"food_score",101.4
"24005491600","tract",2023,"food_score",72.42
"24005491701","tract",2023,"food_score",104.73
"24005491900","tract",2023,"food_score",108.07
"24005492001","tract",2023,"food_score",76.96
"24005492002","tract",2023,"food_score",110.43
"24005492101","tract",2023,"food_score",109.94
"24005492102","tract",2023,"food_score",112.63
"24005492200","tract",2023,"food_score",126.86
"24005492300","tract",2023,"food_score",90.35
"24005492401","tract",2023,"food_score",95.38
"24005492402","tract",2023,"food_score",113.45
"24005492500","tract",2023,"food_score",NA
"24005492600","tract",2023,"food_score",105.79
"24005492700","tract",2023,"food_score",51.88
"24005980100","tract",2023,"food_score",NA
"24005980200","tract",2023,"food_score",NA
"24009860103","tract",2023,"food_score",122.86
"24009860200","tract",2023,"food_score",120.13
"24009860300","tract",2023,"food_score",112.77
"24009860402","tract",2023,"food_score",112.19
"24009860403","tract",2023,"food_score",112.72
"24009860404","tract",2023,"food_score",101.5
"24009860501","tract",2023,"food_score",120.04
"24009860502","tract",2023,"food_score",116.62
"24009860600","tract",2023,"food_score",120.4
"24009860701","tract",2023,"food_score",120.13
"24009860702","tract",2023,"food_score",110.61
"24009860703","tract",2023,"food_score",105.75
"24009860801","tract",2023,"food_score",121.28
"24009860901","tract",2023,"food_score",125.61
"24009860902","tract",2023,"food_score",101.43
"24009861003","tract",2023,"food_score",116.82
"24009861004","tract",2023,"food_score",108
"24009861100","tract",2023,"food_score",111.16
"24009990100","tract",2023,"food_score",NA
"24011955000","tract",2023,"food_score",105.2
"24011955100","tract",2023,"food_score",101.26
"24011955201","tract",2023,"food_score",104.76
"24011955202","tract",2023,"food_score",92.62
"24011955301","tract",2023,"food_score",104.31
"24011955302","tract",2023,"food_score",61.91
"24011955400","tract",2023,"food_score",107
"24011955500","tract",2023,"food_score",106.3
"24011955600","tract",2023,"food_score",69.22
"24013501001","tract",2023,"food_score",95.15
"24013501002","tract",2023,"food_score",101.95
"24013502000","tract",2023,"food_score",115.74
"24013503000","tract",2023,"food_score",119.26
"24013504100","tract",2023,"food_score",112
"24013504201","tract",2023,"food_score",121.72
"24013504202","tract",2023,"food_score",119.06
"24013505101","tract",2023,"food_score",117.11
"24013505102","tract",2023,"food_score",119.5
"24013505203","tract",2023,"food_score",119.04
"24013505205","tract",2023,"food_score",110.31
"24013505206","tract",2023,"food_score",121.88
"24013505207","tract",2023,"food_score",115.12
"24013505208","tract",2023,"food_score",126.2
"24013506101","tract",2023,"food_score",121.35
"24013506102","tract",2023,"food_score",112.84
"24013506200","tract",2023,"food_score",110.39
"24013507500","tract",2023,"food_score",120.29
"24013507601","tract",2023,"food_score",96.27
"24013507602","tract",2023,"food_score",105.53
"24013507702","tract",2023,"food_score",121.18
"24013507703","tract",2023,"food_score",125.12
"24013507704","tract",2023,"food_score",120.09
"24013507801","tract",2023,"food_score",97.78
"24013507802","tract",2023,"food_score",120.82
"24013508103","tract",2023,"food_score",121.34
"24013508200","tract",2023,"food_score",126.23
"24013509001","tract",2023,"food_score",123.72
"24013509002","tract",2023,"food_score",124.62
"24013510000","tract",2023,"food_score",107.6
"24013511000","tract",2023,"food_score",106.53
"24013512000","tract",2023,"food_score",88.57
"24013513001","tract",2023,"food_score",115.26
"24013513002","tract",2023,"food_score",124.56
"24013514100","tract",2023,"food_score",121.89
"24013514201","tract",2023,"food_score",106.61
"24013514202","tract",2023,"food_score",126.07
"24015030100","tract",2023,"food_score",112.58
"24015030200","tract",2023,"food_score",109.87
"24015030400","tract",2023,"food_score",62.2
"24015030501","tract",2023,"food_score",120.38
"24015030503","tract",2023,"food_score",84.55
"24015030505","tract",2023,"food_score",95.78
"24015030507","tract",2023,"food_score",82.75
"24015030508","tract",2023,"food_score",68.25
"24015030601","tract",2023,"food_score",118.65
"24015030602","tract",2023,"food_score",98.98
"24015030700","tract",2023,"food_score",114.07
"24015030903","tract",2023,"food_score",93.24
"24015030904","tract",2023,"food_score",110.58
"24015030905","tract",2023,"food_score",94.68
"24015030907","tract",2023,"food_score",109.01
"24015030908","tract",2023,"food_score",104.37
"24015031201","tract",2023,"food_score",101.48
"24015031202","tract",2023,"food_score",98.17
"24015031301","tract",2023,"food_score",110.56
"24015031302","tract",2023,"food_score",112.49
"24015031400","tract",2023,"food_score",112.44
"24017850101","tract",2023,"food_score",111.72
"24017850102","tract",2023,"food_score",84.8
"24017850201","tract",2023,"food_score",120.76
"24017850202","tract",2023,"food_score",98.64
"24017850300","tract",2023,"food_score",112.86
"24017850400","tract",2023,"food_score",107.47
"24017850500","tract",2023,"food_score",117.54
"24017850600","tract",2023,"food_score",117.62
"24017850706","tract",2023,"food_score",113.4
"24017850708","tract",2023,"food_score",118.47
"24017850709","tract",2023,"food_score",100.55
"24017850710","tract",2023,"food_score",108.47
"24017850711","tract",2023,"food_score",100.7
"24017850712","tract",2023,"food_score",110.15
"24017850713","tract",2023,"food_score",109.53
"24017850801","tract",2023,"food_score",119.93
"24017850802","tract",2023,"food_score",104.1
"24017850901","tract",2023,"food_score",85.24
"24017850902","tract",2023,"food_score",97.61
"24017850904","tract",2023,"food_score",115.59
"24017850905","tract",2023,"food_score",104.85
"24017850906","tract",2023,"food_score",65.4
"24017851001","tract",2023,"food_score",117.36
"24017851003","tract",2023,"food_score",119.32
"24017851004","tract",2023,"food_score",105.58
"24017851100","tract",2023,"food_score",112.32
"24017851200","tract",2023,"food_score",112.58
"24017851301","tract",2023,"food_score",114.54
"24017851302","tract",2023,"food_score",122.43
"24017851401","tract",2023,"food_score",109.29
"24017851402","tract",2023,"food_score",113.38
"24017851403","tract",2023,"food_score",117.84
"24017851501","tract",2023,"food_score",104.32
"24017851502","tract",2023,"food_score",104.61
"24017990000","tract",2023,"food_score",NA
"24019970100","tract",2023,"food_score",107.24
"24019970200","tract",2023,"food_score",92.46
"24019970300","tract",2023,"food_score",102.72
"24019970400","tract",2023,"food_score",76.02
"24019970500","tract",2023,"food_score",46.34
"24019970600","tract",2023,"food_score",80.28
"24019970702","tract",2023,"food_score",98.2
"24019970804","tract",2023,"food_score",101.77
"24019970900","tract",2023,"food_score",106.44
"24019990000","tract",2023,"food_score",NA
"24021740200","tract",2023,"food_score",117.17
"24021750100","tract",2023,"food_score",102.98
"24021750200","tract",2023,"food_score",108.58
"24021750300","tract",2023,"food_score",96.53
"24021750504","tract",2023,"food_score",97.49
"24021750505","tract",2023,"food_score",104.47
"24021750506","tract",2023,"food_score",109.58
"24021750507","tract",2023,"food_score",62.78
"24021750508","tract",2023,"food_score",82.27
"24021750600","tract",2023,"food_score",100.92
"24021750701","tract",2023,"food_score",106.73
"24021750702","tract",2023,"food_score",77.01
"24021750801","tract",2023,"food_score",110.15
"24021750802","tract",2023,"food_score",111.6
"24021750804","tract",2023,"food_score",105.3
"24021750805","tract",2023,"food_score",118.97
"24021751001","tract",2023,"food_score",100.89
"24021751002","tract",2023,"food_score",85.1
"24021751003","tract",2023,"food_score",97.79
"24021751004","tract",2023,"food_score",120.21
"24021751201","tract",2023,"food_score",122.35
"24021751202","tract",2023,"food_score",102.28
"24021751203","tract",2023,"food_score",119.81
"24021751301","tract",2023,"food_score",121.1
"24021751302","tract",2023,"food_score",103.14
"24021751600","tract",2023,"food_score",105.72
"24021751701","tract",2023,"food_score",119.16
"24021751702","tract",2023,"food_score",120.31
"24021751801","tract",2023,"food_score",118.4
"24021751802","tract",2023,"food_score",123.1
"24021751902","tract",2023,"food_score",118.47
"24021751903","tract",2023,"food_score",118.6
"24021751904","tract",2023,"food_score",116.54
"24021751905","tract",2023,"food_score",121.47
"24021751906","tract",2023,"food_score",124.58
"24021752001","tract",2023,"food_score",121.46
"24021752101","tract",2023,"food_score",120.87
"24021752102","tract",2023,"food_score",115.7
"24021752201","tract",2023,"food_score",114.11
"24021752202","tract",2023,"food_score",120.23
"24021752205","tract",2023,"food_score",120.11
"24021752206","tract",2023,"food_score",118.14
"24021752301","tract",2023,"food_score",109.68
"24021752302","tract",2023,"food_score",121.86
"24021752303","tract",2023,"food_score",123.73
"24021752501","tract",2023,"food_score",109.42
"24021752502","tract",2023,"food_score",118.62
"24021752601","tract",2023,"food_score",109.88
"24021752602","tract",2023,"food_score",124.6
"24021752603","tract",2023,"food_score",117.9
"24021752801","tract",2023,"food_score",118.13
"24021752802","tract",2023,"food_score",120.95
"24021752900","tract",2023,"food_score",116.41
"24021753001","tract",2023,"food_score",100.56
"24021753002","tract",2023,"food_score",117.26
"24021765100","tract",2023,"food_score",103.5
"24021766800","tract",2023,"food_score",NA
"24021767500","tract",2023,"food_score",117.61
"24021767600","tract",2023,"food_score",115.63
"24021770700","tract",2023,"food_score",114.14
"24021772200","tract",2023,"food_score",63.46
"24021773500","tract",2023,"food_score",109.96
"24021775302","tract",2023,"food_score",118.78
"24021775400","tract",2023,"food_score",99.15
"24021775600","tract",2023,"food_score",118.22
"24023000100","tract",2023,"food_score",102.56
"24023000200","tract",2023,"food_score",108.23
"24023000300","tract",2023,"food_score",112.21
"24023000400","tract",2023,"food_score",87.88
"24023000501","tract",2023,"food_score",87.82
"24023000502","tract",2023,"food_score",120.36
"24023000601","tract",2023,"food_score",103.38
"24023000602","tract",2023,"food_score",109.25
"24023000700","tract",2023,"food_score",85.31
"24025301102","tract",2023,"food_score",126.45
"24025301105","tract",2023,"food_score",104.45
"24025301106","tract",2023,"food_score",122.12
"24025301107","tract",2023,"food_score",102.14
"24025301108","tract",2023,"food_score",102.85
"24025301201","tract",2023,"food_score",115.87
"24025301202","tract",2023,"food_score",111.57
"24025301204","tract",2023,"food_score",109.09
"24025301205","tract",2023,"food_score",114.92
"24025301301","tract",2023,"food_score",118.27
"24025301302","tract",2023,"food_score",76.22
"24025301401","tract",2023,"food_score",104.82
"24025301402","tract",2023,"food_score",117.89
"24025301601","tract",2023,"food_score",97.44
"24025301602","tract",2023,"food_score",99.36
"24025301703","tract",2023,"food_score",115.4
"24025301704","tract",2023,"food_score",116.62
"24025301705","tract",2023,"food_score",122.56
"24025301706","tract",2023,"food_score",122.34
"24025301707","tract",2023,"food_score",87.14
"24025302100","tract",2023,"food_score",117.11
"24025302200","tract",2023,"food_score",116.73
"24025302400","tract",2023,"food_score",93.4
"24025302801","tract",2023,"food_score",111.03
"24025302802","tract",2023,"food_score",109.56
"24025302901","tract",2023,"food_score",47.72
"24025302902","tract",2023,"food_score",100.03
"24025303101","tract",2023,"food_score",123.27
"24025303102","tract",2023,"food_score",118.8
"24025303201","tract",2023,"food_score",114.38
"24025303203","tract",2023,"food_score",121.43
"24025303204","tract",2023,"food_score",112.01
"24025303205","tract",2023,"food_score",123.75
"24025303206","tract",2023,"food_score",119
"24025303300","tract",2023,"food_score",126.01
"24025303400","tract",2023,"food_score",124.18
"24025303501","tract",2023,"food_score",112.91
"24025303502","tract",2023,"food_score",126.58
"24025303602","tract",2023,"food_score",121.13
"24025303603","tract",2023,"food_score",119.48
"24025303605","tract",2023,"food_score",92.35
"24025303606","tract",2023,"food_score",122.51
"24025303700","tract",2023,"food_score",115.27
"24025303801","tract",2023,"food_score",99.5
"24025303802","tract",2023,"food_score",116.49
"24025303803","tract",2023,"food_score",110.42
"24025303900","tract",2023,"food_score",102.12
"24025304101","tract",2023,"food_score",100.85
"24025304102","tract",2023,"food_score",120.01
"24025304201","tract",2023,"food_score",125.16
"24025304202","tract",2023,"food_score",126.6
"24025305100","tract",2023,"food_score",116.04
"24025305200","tract",2023,"food_score",86.54
"24025305300","tract",2023,"food_score",102.16
"24025306100","tract",2023,"food_score",75.79
"24025306200","tract",2023,"food_score",109.55
"24025306300","tract",2023,"food_score",99.97
"24025306400","tract",2023,"food_score",125.12
"24025306500","tract",2023,"food_score",115.42
"24027601103","tract",2023,"food_score",117.45
"24027601104","tract",2023,"food_score",127.66
"24027601105","tract",2023,"food_score",117.8
"24027601107","tract",2023,"food_score",104.44
"24027601108","tract",2023,"food_score",121.54
"24027601203","tract",2023,"food_score",109.95
"24027601204","tract",2023,"food_score",97.42
"24027601205","tract",2023,"food_score",104.72
"24027601206","tract",2023,"food_score",117.84
"24027602100","tract",2023,"food_score",111.81
"24027602201","tract",2023,"food_score",125.23
"24027602202","tract",2023,"food_score",118.74
"24027602302","tract",2023,"food_score",120.09
"24027602303","tract",2023,"food_score",118.86
"24027602304","tract",2023,"food_score",127.26
"24027602305","tract",2023,"food_score",115.5
"24027602306","tract",2023,"food_score",124.65
"24027602600","tract",2023,"food_score",113.88
"24027602700","tract",2023,"food_score",121.94
"24027602800","tract",2023,"food_score",114.19
"24027602900","tract",2023,"food_score",114.3
"24027603001","tract",2023,"food_score",123.7
"24027603003","tract",2023,"food_score",123.31
"24027603004","tract",2023,"food_score",126.01
"24027604001","tract",2023,"food_score",126.98
"24027604003","tract",2023,"food_score",117.24
"24027604004","tract",2023,"food_score",125.93
"24027605103","tract",2023,"food_score",124.15
"24027605104","tract",2023,"food_score",122.16
"24027605105","tract",2023,"food_score",122.91
"24027605106","tract",2023,"food_score",125.98
"24027605401","tract",2023,"food_score",94.2
"24027605403","tract",2023,"food_score",106.52
"24027605404","tract",2023,"food_score",107.38
"24027605502","tract",2023,"food_score",113.21
"24027605503","tract",2023,"food_score",94.44
"24027605504","tract",2023,"food_score",118.45
"24027605505","tract",2023,"food_score",121.31
"24027605601","tract",2023,"food_score",101.48
"24027605602","tract",2023,"food_score",117.97
"24027606601","tract",2023,"food_score",118.94
"24027606603","tract",2023,"food_score",107.12
"24027606604","tract",2023,"food_score",105.78
"24027606606","tract",2023,"food_score",102.2
"24027606607","tract",2023,"food_score",105.85
"24027606701","tract",2023,"food_score",98.15
"24027606704","tract",2023,"food_score",97.12
"24027606706","tract",2023,"food_score",118.33
"24027606708","tract",2023,"food_score",105.56
"24027606803","tract",2023,"food_score",103.59
"24027606804","tract",2023,"food_score",124.84
"24027606805","tract",2023,"food_score",125.5
"24027606807","tract",2023,"food_score",120.38
"24027606808","tract",2023,"food_score",122.01
"24027606901","tract",2023,"food_score",105.1
"24027606904","tract",2023,"food_score",113.93
"24027606905","tract",2023,"food_score",124.03
"24027606906","tract",2023,"food_score",115.8
"24027606907","tract",2023,"food_score",107.8
"24029950100","tract",2023,"food_score",114.95
"24029950200","tract",2023,"food_score",102.73
"24029950300","tract",2023,"food_score",84.31
"24029950400","tract",2023,"food_score",95.12
"24029950500","tract",2023,"food_score",98.98
"24029990000","tract",2023,"food_score",NA
"24031700101","tract",2023,"food_score",124.37
"24031700103","tract",2023,"food_score",124.28
"24031700104","tract",2023,"food_score",106.11
"24031700105","tract",2023,"food_score",104.63
"24031700204","tract",2023,"food_score",122.53
"24031700206","tract",2023,"food_score",100.58
"24031700207","tract",2023,"food_score",112.47
"24031700208","tract",2023,"food_score",114.76
"24031700209","tract",2023,"food_score",124.15
"24031700210","tract",2023,"food_score",113.38
"24031700306","tract",2023,"food_score",112.57
"24031700308","tract",2023,"food_score",109.62
"24031700309","tract",2023,"food_score",94.26
"24031700310","tract",2023,"food_score",113.5
"24031700313","tract",2023,"food_score",120.05
"24031700314","tract",2023,"food_score",117.36
"24031700315","tract",2023,"food_score",115.38
"24031700316","tract",2023,"food_score",112.86
"24031700317","tract",2023,"food_score",118.4
"24031700318","tract",2023,"food_score",110.14
"24031700400","tract",2023,"food_score",104.57
"24031700500","tract",2023,"food_score",117.46
"24031700604","tract",2023,"food_score",126.51
"24031700606","tract",2023,"food_score",115.35
"24031700608","tract",2023,"food_score",125.38
"24031700610","tract",2023,"food_score",124.85
"24031700611","tract",2023,"food_score",109.29
"24031700613","tract",2023,"food_score",105.04
"24031700614","tract",2023,"food_score",97.5
"24031700615","tract",2023,"food_score",112.98
"24031700616","tract",2023,"food_score",124.61
"24031700617","tract",2023,"food_score",117.9
"24031700618","tract",2023,"food_score",120.65
"24031700706","tract",2023,"food_score",94.85
"24031700710","tract",2023,"food_score",108.29
"24031700711","tract",2023,"food_score",104.34
"24031700713","tract",2023,"food_score",81.3
"24031700715","tract",2023,"food_score",91.84
"24031700718","tract",2023,"food_score",109.7
"24031700720","tract",2023,"food_score",96.58
"24031700721","tract",2023,"food_score",101.43
"24031700723","tract",2023,"food_score",87.05
"24031700724","tract",2023,"food_score",53.24
"24031700725","tract",2023,"food_score",69.91
"24031700726","tract",2023,"food_score",103.65
"24031700727","tract",2023,"food_score",91.49
"24031700728","tract",2023,"food_score",91.41
"24031700729","tract",2023,"food_score",101.71
"24031700730","tract",2023,"food_score",109.79
"24031700731","tract",2023,"food_score",71.74
"24031700732","tract",2023,"food_score",102
"24031700733","tract",2023,"food_score",97.31
"24031700810","tract",2023,"food_score",108.77
"24031700811","tract",2023,"food_score",99.59
"24031700812","tract",2023,"food_score",91.82
"24031700813","tract",2023,"food_score",111.75
"24031700815","tract",2023,"food_score",96.42
"24031700818","tract",2023,"food_score",89.11
"24031700819","tract",2023,"food_score",110.68
"24031700820","tract",2023,"food_score",84.09
"24031700822","tract",2023,"food_score",84.27
"24031700823","tract",2023,"food_score",103.82
"24031700824","tract",2023,"food_score",111.93
"24031700826","tract",2023,"food_score",122.58
"24031700828","tract",2023,"food_score",119.2
"24031700829","tract",2023,"food_score",120.56
"24031700830","tract",2023,"food_score",93.85
"24031700832","tract",2023,"food_score",98.45
"24031700833","tract",2023,"food_score",99.02
"24031700834","tract",2023,"food_score",79.16
"24031700835","tract",2023,"food_score",108.79
"24031700836","tract",2023,"food_score",114.7
"24031700837","tract",2023,"food_score",108.14
"24031700838","tract",2023,"food_score",122.01
"24031700839","tract",2023,"food_score",96.38
"24031700901","tract",2023,"food_score",108.11
"24031700902","tract",2023,"food_score",115.72
"24031700903","tract",2023,"food_score",88.57
"24031700904","tract",2023,"food_score",93.6
"24031700905","tract",2023,"food_score",109.88
"24031701001","tract",2023,"food_score",105.55
"24031701002","tract",2023,"food_score",123.44
"24031701004","tract",2023,"food_score",109.62
"24031701005","tract",2023,"food_score",118.5
"24031701006","tract",2023,"food_score",120.05
"24031701007","tract",2023,"food_score",114.31
"24031701101","tract",2023,"food_score",111.94
"24031701102","tract",2023,"food_score",112.33
"24031701201","tract",2023,"food_score",101.97
"24031701202","tract",2023,"food_score",122.82
"24031701205","tract",2023,"food_score",127.5
"24031701206","tract",2023,"food_score",126.06
"24031701210","tract",2023,"food_score",125.4
"24031701211","tract",2023,"food_score",108.09
"24031701212","tract",2023,"food_score",115.24
"24031701214","tract",2023,"food_score",115.19
"24031701215","tract",2023,"food_score",114.62
"24031701216","tract",2023,"food_score",113.7
"24031701218","tract",2023,"food_score",98.1
"24031701219","tract",2023,"food_score",73.53
"24031701220","tract",2023,"food_score",121.81
"24031701221","tract",2023,"food_score",118.14
"24031701222","tract",2023,"food_score",120.84
"24031701223","tract",2023,"food_score",121.63
"24031701303","tract",2023,"food_score",122
"24031701304","tract",2023,"food_score",125.39
"24031701306","tract",2023,"food_score",118.4
"24031701307","tract",2023,"food_score",117.24
"24031701308","tract",2023,"food_score",121.01
"24031701312","tract",2023,"food_score",111.88
"24031701313","tract",2023,"food_score",105.53
"24031701314","tract",2023,"food_score",117.86
"24031701315","tract",2023,"food_score",115.07
"24031701316","tract",2023,"food_score",120.22
"24031701317","tract",2023,"food_score",118.22
"24031701407","tract",2023,"food_score",112.24
"24031701408","tract",2023,"food_score",114.57
"24031701409","tract",2023,"food_score",117.23
"24031701414","tract",2023,"food_score",112.78
"24031701415","tract",2023,"food_score",85.31
"24031701417","tract",2023,"food_score",89.26
"24031701418","tract",2023,"food_score",109.21
"24031701422","tract",2023,"food_score",94.81
"24031701423","tract",2023,"food_score",86.77
"24031701424","tract",2023,"food_score",115.62
"24031701425","tract",2023,"food_score",102.47
"24031701426","tract",2023,"food_score",95.42
"24031701427","tract",2023,"food_score",118.56
"24031701503","tract",2023,"food_score",108.84
"24031701505","tract",2023,"food_score",90.54
"24031701506","tract",2023,"food_score",114.61
"24031701507","tract",2023,"food_score",104.69
"24031701508","tract",2023,"food_score",82.1
"24031701509","tract",2023,"food_score",83.87
"24031701601","tract",2023,"food_score",95.56
"24031701602","tract",2023,"food_score",103.69
"24031701701","tract",2023,"food_score",110.65
"24031701702","tract",2023,"food_score",95.94
"24031701703","tract",2023,"food_score",109.33
"24031701704","tract",2023,"food_score",108.02
"24031701800","tract",2023,"food_score",108.61
"24031701900","tract",2023,"food_score",93.78
"24031702000","tract",2023,"food_score",97.9
"24031702101","tract",2023,"food_score",95.17
"24031702102","tract",2023,"food_score",120.59
"24031702200","tract",2023,"food_score",116.97
"24031702301","tract",2023,"food_score",96.46
"24031702302","tract",2023,"food_score",97.78
"24031702401","tract",2023,"food_score",111
"24031702402","tract",2023,"food_score",108.61
"24031702501","tract",2023,"food_score",118.37
"24031702502","tract",2023,"food_score",90.16
"24031702503","tract",2023,"food_score",94.82
"24031702602","tract",2023,"food_score",99.5
"24031702603","tract",2023,"food_score",90.22
"24031702604","tract",2023,"food_score",96.24
"24031702700","tract",2023,"food_score",113.8
"24031702800","tract",2023,"food_score",111.54
"24031702900","tract",2023,"food_score",114.99
"24031703000","tract",2023,"food_score",120.51
"24031703100","tract",2023,"food_score",114.58
"24031703201","tract",2023,"food_score",119.74
"24031703202","tract",2023,"food_score",113.18
"24031703206","tract",2023,"food_score",104.01
"24031703207","tract",2023,"food_score",101.48
"24031703208","tract",2023,"food_score",117.29
"24031703209","tract",2023,"food_score",118.25
"24031703210","tract",2023,"food_score",117.41
"24031703213","tract",2023,"food_score",97.77
"24031703214","tract",2023,"food_score",91.77
"24031703215","tract",2023,"food_score",106.76
"24031703216","tract",2023,"food_score",92.89
"24031703218","tract",2023,"food_score",109.13
"24031703219","tract",2023,"food_score",107.83
"24031703220","tract",2023,"food_score",111.31
"24031703221","tract",2023,"food_score",109.69
"24031703222","tract",2023,"food_score",97.74
"24031703223","tract",2023,"food_score",109.52
"24031703301","tract",2023,"food_score",86.11
"24031703302","tract",2023,"food_score",113.12
"24031703401","tract",2023,"food_score",104.29
"24031703402","tract",2023,"food_score",91.84
"24031703403","tract",2023,"food_score",102.53
"24031703404","tract",2023,"food_score",111.03
"24031703501","tract",2023,"food_score",108.05
"24031703502","tract",2023,"food_score",111.37
"24031703601","tract",2023,"food_score",110.54
"24031703602","tract",2023,"food_score",120.93
"24031703701","tract",2023,"food_score",108.64
"24031703702","tract",2023,"food_score",103.67
"24031703800","tract",2023,"food_score",105.13
"24031703901","tract",2023,"food_score",120.99
"24031703902","tract",2023,"food_score",110.07
"24031704000","tract",2023,"food_score",95.87
"24031704100","tract",2023,"food_score",126.53
"24031704200","tract",2023,"food_score",110.85
"24031704300","tract",2023,"food_score",115.19
"24031704401","tract",2023,"food_score",119.35
"24031704403","tract",2023,"food_score",120.45
"24031704404","tract",2023,"food_score",116.76
"24031704501","tract",2023,"food_score",116.77
"24031704502","tract",2023,"food_score",125.21
"24031704503","tract",2023,"food_score",120.48
"24031704600","tract",2023,"food_score",117.39
"24031704700","tract",2023,"food_score",122.19
"24031704803","tract",2023,"food_score",92.09
"24031704804","tract",2023,"food_score",121.25
"24031704805","tract",2023,"food_score",101.35
"24031704806","tract",2023,"food_score",105.64
"24031705000","tract",2023,"food_score",125.77
"24031705100","tract",2023,"food_score",122.62
"24031705200","tract",2023,"food_score",123.65
"24031705300","tract",2023,"food_score",120.55
"24031705400","tract",2023,"food_score",117.32
"24031705501","tract",2023,"food_score",118.66
"24031705502","tract",2023,"food_score",113.75
"24031705601","tract",2023,"food_score",122.01
"24031705602","tract",2023,"food_score",120.43
"24031705701","tract",2023,"food_score",116.69
"24031705702","tract",2023,"food_score",116.31
"24031705800","tract",2023,"food_score",118.98
"24031705901","tract",2023,"food_score",125.84
"24031705902","tract",2023,"food_score",125.75
"24031705903","tract",2023,"food_score",124.84
"24031706005","tract",2023,"food_score",123.35
"24031706007","tract",2023,"food_score",123.74
"24031706008","tract",2023,"food_score",119.37
"24031706009","tract",2023,"food_score",121.09
"24031706010","tract",2023,"food_score",120.01
"24031706011","tract",2023,"food_score",123.97
"24031706012","tract",2023,"food_score",112.51
"24031706013","tract",2023,"food_score",123.5
"24033800102","tract",2023,"food_score",102.11
"24033800103","tract",2023,"food_score",99.25
"24033800105","tract",2023,"food_score",113.99
"24033800106","tract",2023,"food_score",104.87
"24033800108","tract",2023,"food_score",102.78
"24033800109","tract",2023,"food_score",83.78
"24033800203","tract",2023,"food_score",122.64
"24033800206","tract",2023,"food_score",102.48
"24033800209","tract",2023,"food_score",84.37
"24033800210","tract",2023,"food_score",94.02
"24033800211","tract",2023,"food_score",106.63
"24033800212","tract",2023,"food_score",105.91
"24033800213","tract",2023,"food_score",108.35
"24033800216","tract",2023,"food_score",107
"24033800217","tract",2023,"food_score",103.86
"24033800218","tract",2023,"food_score",78.39
"24033800401","tract",2023,"food_score",113.27
"24033800402","tract",2023,"food_score",104.06
"24033800403","tract",2023,"food_score",107.46
"24033800408","tract",2023,"food_score",118.13
"24033800409","tract",2023,"food_score",120.69
"24033800410","tract",2023,"food_score",116.08
"24033800411","tract",2023,"food_score",100.07
"24033800412","tract",2023,"food_score",105.08
"24033800413","tract",2023,"food_score",94.65
"24033800504","tract",2023,"food_score",114.74
"24033800505","tract",2023,"food_score",103.22
"24033800507","tract",2023,"food_score",104.02
"24033800511","tract",2023,"food_score",112.62
"24033800513","tract",2023,"food_score",99.16
"24033800514","tract",2023,"food_score",117.24
"24033800515","tract",2023,"food_score",100.87
"24033800516","tract",2023,"food_score",115.86
"24033800517","tract",2023,"food_score",115.03
"24033800518","tract",2023,"food_score",118.47
"24033800519","tract",2023,"food_score",122.99
"24033800520","tract",2023,"food_score",100.21
"24033800521","tract",2023,"food_score",113.4
"24033800522","tract",2023,"food_score",116.81
"24033800605","tract",2023,"food_score",114.76
"24033800606","tract",2023,"food_score",106.18
"24033800607","tract",2023,"food_score",99.76
"24033800608","tract",2023,"food_score",112.3
"24033800609","tract",2023,"food_score",83.41
"24033800701","tract",2023,"food_score",120.63
"24033800704","tract",2023,"food_score",100.41
"24033800705","tract",2023,"food_score",110.48
"24033800706","tract",2023,"food_score",99.85
"24033800707","tract",2023,"food_score",116.97
"24033800800","tract",2023,"food_score",121.03
"24033800900","tract",2023,"food_score",109.38
"24033801003","tract",2023,"food_score",112.85
"24033801004","tract",2023,"food_score",103.98
"24033801005","tract",2023,"food_score",109.6
"24033801006","tract",2023,"food_score",84.44
"24033801105","tract",2023,"food_score",115.85
"24033801106","tract",2023,"food_score",116.31
"24033801207","tract",2023,"food_score",103.16
"24033801208","tract",2023,"food_score",111.85
"24033801209","tract",2023,"food_score",108.72
"24033801210","tract",2023,"food_score",101.25
"24033801211","tract",2023,"food_score",99.42
"24033801212","tract",2023,"food_score",110.92
"24033801213","tract",2023,"food_score",99.41
"24033801214","tract",2023,"food_score",101.81
"24033801215","tract",2023,"food_score",112.28
"24033801216","tract",2023,"food_score",93.96
"24033801217","tract",2023,"food_score",98.02
"24033801302","tract",2023,"food_score",81.07
"24033801305","tract",2023,"food_score",104.03
"24033801307","tract",2023,"food_score",114.67
"24033801308","tract",2023,"food_score",106.73
"24033801309","tract",2023,"food_score",116.26
"24033801310","tract",2023,"food_score",108.05
"24033801311","tract",2023,"food_score",102.34
"24033801312","tract",2023,"food_score",112
"24033801313","tract",2023,"food_score",108.43
"24033801404","tract",2023,"food_score",113.23
"24033801405","tract",2023,"food_score",91.64
"24033801406","tract",2023,"food_score",107.67
"24033801407","tract",2023,"food_score",109.72
"24033801408","tract",2023,"food_score",108.99
"24033801409","tract",2023,"food_score",100.98
"24033801410","tract",2023,"food_score",102.37
"24033801411","tract",2023,"food_score",103.37
"24033801500","tract",2023,"food_score",95.92
"24033801600","tract",2023,"food_score",78.86
"24033801701","tract",2023,"food_score",94.59
"24033801702","tract",2023,"food_score",87.33
"24033801704","tract",2023,"food_score",67.5
"24033801707","tract",2023,"food_score",106.95
"24033801709","tract",2023,"food_score",90.48
"24033801801","tract",2023,"food_score",83.08
"24033801802","tract",2023,"food_score",106.12
"24033801807","tract",2023,"food_score",99.3
"24033801808","tract",2023,"food_score",82.01
"24033801809","tract",2023,"food_score",96.61
"24033801901","tract",2023,"food_score",111.27
"24033801904","tract",2023,"food_score",88.25
"24033801905","tract",2023,"food_score",94.69
"24033801906","tract",2023,"food_score",82.98
"24033801907","tract",2023,"food_score",92.15
"24033801908","tract",2023,"food_score",77.66
"24033802001","tract",2023,"food_score",57.47
"24033802002","tract",2023,"food_score",108.82
"24033802103","tract",2023,"food_score",71.4
"24033802104","tract",2023,"food_score",82.25
"24033802106","tract",2023,"food_score",77.34
"24033802107","tract",2023,"food_score",101.25
"24033802201","tract",2023,"food_score",111.29
"24033802203","tract",2023,"food_score",101.1
"24033802204","tract",2023,"food_score",109.66
"24033802301","tract",2023,"food_score",100.31
"24033802404","tract",2023,"food_score",55.34
"24033802405","tract",2023,"food_score",95.4
"24033802406","tract",2023,"food_score",90.04
"24033802407","tract",2023,"food_score",78.28
"24033802408","tract",2023,"food_score",94.7
"24033802501","tract",2023,"food_score",80.46
"24033802502","tract",2023,"food_score",109.94
"24033802600","tract",2023,"food_score",105.77
"24033802700","tract",2023,"food_score",79.79
"24033802803","tract",2023,"food_score",89.98
"24033802804","tract",2023,"food_score",79.43
"24033802805","tract",2023,"food_score",83.99
"24033802901","tract",2023,"food_score",90.74
"24033803001","tract",2023,"food_score",92.36
"24033803002","tract",2023,"food_score",101.5
"24033803100","tract",2023,"food_score",96.19
"24033803200","tract",2023,"food_score",97.74
"24033803300","tract",2023,"food_score",100.62
"24033803403","tract",2023,"food_score",85.87
"24033803508","tract",2023,"food_score",76.68
"24033803509","tract",2023,"food_score",75.95
"24033803512","tract",2023,"food_score",112.05
"24033803513","tract",2023,"food_score",106.27
"24033803514","tract",2023,"food_score",106.52
"24033803516","tract",2023,"food_score",86.02
"24033803519","tract",2023,"food_score",95.4
"24033803520","tract",2023,"food_score",108.42
"24033803521","tract",2023,"food_score",119.71
"24033803524","tract",2023,"food_score",93.85
"24033803525","tract",2023,"food_score",93.72
"24033803526","tract",2023,"food_score",101.57
"24033803527","tract",2023,"food_score",87.96
"24033803528","tract",2023,"food_score",114.16
"24033803601","tract",2023,"food_score",89.7
"24033803602","tract",2023,"food_score",89.09
"24033803605","tract",2023,"food_score",105.03
"24033803606","tract",2023,"food_score",99.52
"24033803607","tract",2023,"food_score",111.03
"24033803608","tract",2023,"food_score",103.35
"24033803610","tract",2023,"food_score",89.73
"24033803612","tract",2023,"food_score",97.6
"24033803613","tract",2023,"food_score",94.11
"24033803700","tract",2023,"food_score",86.66
"24033803801","tract",2023,"food_score",105
"24033803803","tract",2023,"food_score",101.48
"24033803900","tract",2023,"food_score",102.96
"24033804001","tract",2023,"food_score",95.16
"24033804002","tract",2023,"food_score",93.25
"24033804101","tract",2023,"food_score",104.77
"24033804102","tract",2023,"food_score",74.82
"24033804200","tract",2023,"food_score",111.62
"24033804300","tract",2023,"food_score",85.23
"24033804400","tract",2023,"food_score",104.01
"24033804600","tract",2023,"food_score",89.13
"24033804700","tract",2023,"food_score",110.64
"24033804801","tract",2023,"food_score",85.37
"24033804802","tract",2023,"food_score",96.34
"24033804900","tract",2023,"food_score",98.13
"24033805000","tract",2023,"food_score",106.39
"24033805101","tract",2023,"food_score",95.49
"24033805201","tract",2023,"food_score",106.77
"24033805202","tract",2023,"food_score",80.66
"24033805500","tract",2023,"food_score",102.27
"24033805601","tract",2023,"food_score",99.54
"24033805602","tract",2023,"food_score",91.7
"24033805700","tract",2023,"food_score",90.31
"24033805801","tract",2023,"food_score",110.31
"24033805802","tract",2023,"food_score",99.07
"24033805904","tract",2023,"food_score",102.37
"24033805906","tract",2023,"food_score",104.01
"24033805907","tract",2023,"food_score",79.81
"24033805908","tract",2023,"food_score",97.81
"24033805909","tract",2023,"food_score",96.79
"24033806000","tract",2023,"food_score",108.64
"24033806100","tract",2023,"food_score",99.55
"24033806400","tract",2023,"food_score",111.43
"24033806501","tract",2023,"food_score",87.09
"24033806601","tract",2023,"food_score",104.28
"24033806602","tract",2023,"food_score",96.49
"24033806706","tract",2023,"food_score",117.8
"24033806708","tract",2023,"food_score",100.12
"24033806710","tract",2023,"food_score",106.58
"24033806711","tract",2023,"food_score",107.32
"24033806712","tract",2023,"food_score",108.24
"24033806713","tract",2023,"food_score",84.86
"24033806714","tract",2023,"food_score",73.54
"24033806800","tract",2023,"food_score",118.51
"24033806900","tract",2023,"food_score",91.45
"24033807000","tract",2023,"food_score",113.93
"24033807102","tract",2023,"food_score",123.29
"24033807301","tract",2023,"food_score",88.78
"24033807304","tract",2023,"food_score",108.3
"24033807305","tract",2023,"food_score",91.11
"24033807404","tract",2023,"food_score",106.89
"24033807405","tract",2023,"food_score",96.52
"24033807407","tract",2023,"food_score",108.25
"24033807408","tract",2023,"food_score",110.45
"24033807409","tract",2023,"food_score",89.66
"24033807410","tract",2023,"food_score",120.01
"24033807500","tract",2023,"food_score",104.73
"24033980000","tract",2023,"food_score",NA
"24035810100","tract",2023,"food_score",110.8
"24035810200","tract",2023,"food_score",90.97
"24035810300","tract",2023,"food_score",115.42
"24035810400","tract",2023,"food_score",104.74
"24035810500","tract",2023,"food_score",107.76
"24035810600","tract",2023,"food_score",116.57
"24035810700","tract",2023,"food_score",111.42
"24035810800","tract",2023,"food_score",110.85
"24035810901","tract",2023,"food_score",113.77
"24035810902","tract",2023,"food_score",118.85
"24035811000","tract",2023,"food_score",96.15
"24035990000","tract",2023,"food_score",NA
"24035990100","tract",2023,"food_score",NA
"24035990200","tract",2023,"food_score",NA
"24037875000","tract",2023,"food_score",111.03
"24037875100","tract",2023,"food_score",114.44
"24037875201","tract",2023,"food_score",122.3
"24037875202","tract",2023,"food_score",116.31
"24037875300","tract",2023,"food_score",108.99
"24037875400","tract",2023,"food_score",104.46
"24037875501","tract",2023,"food_score",103.64
"24037875502","tract",2023,"food_score",118.18
"24037875601","tract",2023,"food_score",113.7
"24037875602","tract",2023,"food_score",114.6
"24037875700","tract",2023,"food_score",102.39
"24037875803","tract",2023,"food_score",114.52
"24037875903","tract",2023,"food_score",72.66
"24037875904","tract",2023,"food_score",87.97
"24037875905","tract",2023,"food_score",102.39
"24037875906","tract",2023,"food_score",114.67
"24037876001","tract",2023,"food_score",63.08
"24037876003","tract",2023,"food_score",101.21
"24037876004","tract",2023,"food_score",118.72
"24037876101","tract",2023,"food_score",111.47
"24037876102","tract",2023,"food_score",116.43
"24037876200","tract",2023,"food_score",108.81
"24037990000","tract",2023,"food_score",NA
"24039930101","tract",2023,"food_score",37.19
"24039930102","tract",2023,"food_score",95.55
"24039930200","tract",2023,"food_score",98.09
"24039930500","tract",2023,"food_score",90.68
"24039930600","tract",2023,"food_score",52.02
"24039930800","tract",2023,"food_score",NA
"24039990100","tract",2023,"food_score",NA
"24041960100","tract",2023,"food_score",100.5
"24041960201","tract",2023,"food_score",108.6
"24041960300","tract",2023,"food_score",73.59
"24041960400","tract",2023,"food_score",99.47
"24041960501","tract",2023,"food_score",110.98
"24041960502","tract",2023,"food_score",110.94
"24041960600","tract",2023,"food_score",115.82
"24041960700","tract",2023,"food_score",104.28
"24041960800","tract",2023,"food_score",113.55
"24041960900","tract",2023,"food_score",107.5
"24041990000","tract",2023,"food_score",NA
"24043000100","tract",2023,"food_score",100.14
"24043000200","tract",2023,"food_score",107.84
"24043000301","tract",2023,"food_score",67.29
"24043000302","tract",2023,"food_score",49.13
"24043000400","tract",2023,"food_score",39.7
"24043000500","tract",2023,"food_score",58.19
"24043000601","tract",2023,"food_score",76.14
"24043000602","tract",2023,"food_score",102.43
"24043000700","tract",2023,"food_score",58.9
"24043000800","tract",2023,"food_score",63.35
"24043000900","tract",2023,"food_score",57.31
"24043001001","tract",2023,"food_score",75.58
"24043001002","tract",2023,"food_score",94.1
"24043010100","tract",2023,"food_score",109.57
"24043010200","tract",2023,"food_score",118
"24043010300","tract",2023,"food_score",106.58
"24043010401","tract",2023,"food_score",98.88
"24043010402","tract",2023,"food_score",93.73
"24043010600","tract",2023,"food_score",114.98
"24043010700","tract",2023,"food_score",89.07
"24043010802","tract",2023,"food_score",101.39
"24043010803","tract",2023,"food_score",114.83
"24043010901","tract",2023,"food_score",112.7
"24043010902","tract",2023,"food_score",107.29
"24043011000","tract",2023,"food_score",NA
"24043011100","tract",2023,"food_score",117.96
"24043011202","tract",2023,"food_score",99.82
"24043011203","tract",2023,"food_score",97.76
"24043011204","tract",2023,"food_score",89.51
"24043011301","tract",2023,"food_score",105.56
"24043011302","tract",2023,"food_score",119.26
"24043011400","tract",2023,"food_score",114.52
"24043011501","tract",2023,"food_score",116.38
"24043011502","tract",2023,"food_score",107.45
"24043011600","tract",2023,"food_score",110.18
"24043011700","tract",2023,"food_score",109.12
"24045000100","tract",2023,"food_score",71.48
"24045000200","tract",2023,"food_score",80.66
"24045000300","tract",2023,"food_score",28.57
"24045000400","tract",2023,"food_score",82.13
"24045000500","tract",2023,"food_score",74.41
"24045010101","tract",2023,"food_score",103.73
"24045010102","tract",2023,"food_score",74.44
"24045010200","tract",2023,"food_score",69.96
"24045010300","tract",2023,"food_score",101.22
"24045010400","tract",2023,"food_score",82.54
"24045010501","tract",2023,"food_score",98.82
"24045010503","tract",2023,"food_score",73.97
"24045010504","tract",2023,"food_score",105.93
"24045010603","tract",2023,"food_score",119.35
"24045010604","tract",2023,"food_score",86.96
"24045010605","tract",2023,"food_score",111.22
"24045010606","tract",2023,"food_score",111.61
"24045010701","tract",2023,"food_score",102.66
"24045010703","tract",2023,"food_score",105.27
"24045010704","tract",2023,"food_score",84.11
"24045010800","tract",2023,"food_score",101.33
"24047950000","tract",2023,"food_score",122
"24047950100","tract",2023,"food_score",102.11
"24047950300","tract",2023,"food_score",120.43
"24047950400","tract",2023,"food_score",114.75
"24047950600","tract",2023,"food_score",115.76
"24047950700","tract",2023,"food_score",115.18
"24047950800","tract",2023,"food_score",123.58
"24047950900","tract",2023,"food_score",113.69
"24047951000","tract",2023,"food_score",96.89
"24047951101","tract",2023,"food_score",123.17
"24047951102","tract",2023,"food_score",127.58
"24047951200","tract",2023,"food_score",106.34
"24047951300","tract",2023,"food_score",97.42
"24047951400","tract",2023,"food_score",96.91
"24047951500","tract",2023,"food_score",91.57
"24047951700","tract",2023,"food_score",124.16
"24047980000","tract",2023,"food_score",NA
"24047990000","tract",2023,"food_score",NA
"24510010100","tract",2023,"food_score",103.94
"24510010200","tract",2023,"food_score",118.86
"24510010300","tract",2023,"food_score",109.83
"24510010400","tract",2023,"food_score",87.5
"24510010500","tract",2023,"food_score",112.45
"24510020100","tract",2023,"food_score",111.95
"24510020200","tract",2023,"food_score",105.73
"24510020300","tract",2023,"food_score",123.07
"24510030100","tract",2023,"food_score",41.18
"24510030200","tract",2023,"food_score",117.84
"24510040100","tract",2023,"food_score",64.86
"24510040200","tract",2023,"food_score",NA
"24510060100","tract",2023,"food_score",101.66
"24510060200","tract",2023,"food_score",96.94
"24510060300","tract",2023,"food_score",88.24
"24510060400","tract",2023,"food_score",55.74
"24510070100","tract",2023,"food_score",43.58
"24510070200","tract",2023,"food_score",72.9
"24510070300","tract",2023,"food_score",65.93
"24510070400","tract",2023,"food_score",57.4
"24510080101","tract",2023,"food_score",51.76
"24510080102","tract",2023,"food_score",61.18
"24510080200","tract",2023,"food_score",31.22
"24510080301","tract",2023,"food_score",51.44
"24510080302","tract",2023,"food_score",74.41
"24510080400","tract",2023,"food_score",66.44
"24510080500","tract",2023,"food_score",23.05
"24510080600","tract",2023,"food_score",42.32
"24510080700","tract",2023,"food_score",67.02
"24510080800","tract",2023,"food_score",48.74
"24510090100","tract",2023,"food_score",57.21
"24510090200","tract",2023,"food_score",96.6
"24510090300","tract",2023,"food_score",70.7
"24510090400","tract",2023,"food_score",45.62
"24510090500","tract",2023,"food_score",78.76
"24510090600","tract",2023,"food_score",63.76
"24510090700","tract",2023,"food_score",44.09
"24510090800","tract",2023,"food_score",50.07
"24510090900","tract",2023,"food_score",35.18
"24510100100","tract",2023,"food_score",34.28
"24510100200","tract",2023,"food_score",29.09
"24510100300","tract",2023,"food_score",NA
"24510110100","tract",2023,"food_score",112.98
"24510110200","tract",2023,"food_score",107.98
"24510120100","tract",2023,"food_score",120.54
"24510120201","tract",2023,"food_score",110.76
"24510120202","tract",2023,"food_score",NA
"24510120300","tract",2023,"food_score",70.24
"24510120400","tract",2023,"food_score",52.22
"24510120500","tract",2023,"food_score",78.18
"24510120600","tract",2023,"food_score",72.47
"24510120700","tract",2023,"food_score",103.44
"24510130100","tract",2023,"food_score",71.66
"24510130200","tract",2023,"food_score",89.89
"24510130300","tract",2023,"food_score",49.62
"24510130400","tract",2023,"food_score",80.66
"24510130600","tract",2023,"food_score",108.44
"24510130700","tract",2023,"food_score",120.83
"24510130803","tract",2023,"food_score",115.14
"24510130804","tract",2023,"food_score",87.46
"24510130805","tract",2023,"food_score",83.93
"24510130806","tract",2023,"food_score",107.33
"24510140100","tract",2023,"food_score",113.69
"24510140200","tract",2023,"food_score",46.56
"24510140300","tract",2023,"food_score",63.1
"24510150100","tract",2023,"food_score",51.92
"24510150200","tract",2023,"food_score",39.39
"24510150300","tract",2023,"food_score",33.98
"24510150400","tract",2023,"food_score",46.32
"24510150500","tract",2023,"food_score",59.61
"24510150600","tract",2023,"food_score",37.05
"24510150701","tract",2023,"food_score",72.94
"24510150702","tract",2023,"food_score",50.35
"24510150800","tract",2023,"food_score",75.1
"24510150900","tract",2023,"food_score",103.28
"24510151000","tract",2023,"food_score",61.18
"24510151100","tract",2023,"food_score",94.71
"24510151200","tract",2023,"food_score",88.67
"24510151300","tract",2023,"food_score",43.07
"24510160100","tract",2023,"food_score",22.81
"24510160200","tract",2023,"food_score",38.88
"24510160300","tract",2023,"food_score",38.53
"24510160400","tract",2023,"food_score",42.4
"24510160500","tract",2023,"food_score",81.63
"24510160600","tract",2023,"food_score",46.42
"24510160700","tract",2023,"food_score",42.95
"24510160801","tract",2023,"food_score",57.99
"24510160802","tract",2023,"food_score",68.68
"24510170100","tract",2023,"food_score",56.65
"24510170200","tract",2023,"food_score",36.82
"24510170300","tract",2023,"food_score",41.98
"24510180300","tract",2023,"food_score",67.32
"24510190100","tract",2023,"food_score",41.49
"24510190200","tract",2023,"food_score",50.71
"24510190300","tract",2023,"food_score",43.47
"24510200100","tract",2023,"food_score",62.5
"24510200200","tract",2023,"food_score",40.94
"24510200300","tract",2023,"food_score",25.62
"24510200400","tract",2023,"food_score",32.46
"24510200500","tract",2023,"food_score",39.04
"24510200600","tract",2023,"food_score",55.79
"24510200701","tract",2023,"food_score",72.12
"24510200702","tract",2023,"food_score",41.85
"24510200800","tract",2023,"food_score",53.36
"24510210100","tract",2023,"food_score",84.58
"24510210200","tract",2023,"food_score",75.46
"24510220100","tract",2023,"food_score",104.15
"24510230100","tract",2023,"food_score",110.59
"24510230200","tract",2023,"food_score",119.47
"24510230300","tract",2023,"food_score",89.39
"24510240100","tract",2023,"food_score",123.96
"24510240200","tract",2023,"food_score",120.78
"24510240300","tract",2023,"food_score",118.61
"24510240400","tract",2023,"food_score",112.4
"24510250101","tract",2023,"food_score",104.54
"24510250102","tract",2023,"food_score",70.49
"24510250103","tract",2023,"food_score",71.43
"24510250203","tract",2023,"food_score",57.48
"24510250204","tract",2023,"food_score",21.08
"24510250205","tract",2023,"food_score",68.83
"24510250206","tract",2023,"food_score",82.71
"24510250207","tract",2023,"food_score",44.23
"24510250301","tract",2023,"food_score",33.78
"24510250303","tract",2023,"food_score",50.18
"24510250401","tract",2023,"food_score",62.85
"24510250402","tract",2023,"food_score",69.66
"24510250500","tract",2023,"food_score",76.37
"24510250600","tract",2023,"food_score",NA
"24510260101","tract",2023,"food_score",99.19
"24510260102","tract",2023,"food_score",81.08
"24510260201","tract",2023,"food_score",83.36
"24510260202","tract",2023,"food_score",42.47
"24510260203","tract",2023,"food_score",82.01
"24510260301","tract",2023,"food_score",63.03
"24510260302","tract",2023,"food_score",75.7
"24510260303","tract",2023,"food_score",56.58
"24510260401","tract",2023,"food_score",86.11
"24510260402","tract",2023,"food_score",48.85
"24510260403","tract",2023,"food_score",53.26
"24510260404","tract",2023,"food_score",32.91
"24510260501","tract",2023,"food_score",82.34
"24510260604","tract",2023,"food_score",33.51
"24510260605","tract",2023,"food_score",94.02
"24510260700","tract",2023,"food_score",76.8
"24510260800","tract",2023,"food_score",103.17
"24510260900","tract",2023,"food_score",113.43
"24510261000","tract",2023,"food_score",62.25
"24510261100","tract",2023,"food_score",109.03
"24510270101","tract",2023,"food_score",89.68
"24510270102","tract",2023,"food_score",69.43
"24510270200","tract",2023,"food_score",103.31
"24510270301","tract",2023,"food_score",96.94
"24510270302","tract",2023,"food_score",89
"24510270401","tract",2023,"food_score",88.28
"24510270402","tract",2023,"food_score",77.04
"24510270501","tract",2023,"food_score",100.95
"24510270502","tract",2023,"food_score",94.74
"24510270600","tract",2023,"food_score",94.87
"24510270701","tract",2023,"food_score",103.61
"24510270702","tract",2023,"food_score",82.66
"24510270703","tract",2023,"food_score",104.66
"24510270801","tract",2023,"food_score",71.92
"24510270802","tract",2023,"food_score",104.36
"24510270803","tract",2023,"food_score",67.07
"24510270804","tract",2023,"food_score",94.8
"24510270805","tract",2023,"food_score",82.19
"24510270901","tract",2023,"food_score",87.38
"24510270902","tract",2023,"food_score",103.22
"24510270903","tract",2023,"food_score",NA
"24510271001","tract",2023,"food_score",45.19
"24510271002","tract",2023,"food_score",74.92
"24510271101","tract",2023,"food_score",99.55
"24510271102","tract",2023,"food_score",NA
"24510271200","tract",2023,"food_score",111.61
"24510271300","tract",2023,"food_score",118.24
"24510271400","tract",2023,"food_score",124.33
"24510271501","tract",2023,"food_score",117
"24510271503","tract",2023,"food_score",117.83
"24510271600","tract",2023,"food_score",52.21
"24510271700","tract",2023,"food_score",75
"24510271801","tract",2023,"food_score",30.19
"24510271802","tract",2023,"food_score",32.01
"24510271900","tract",2023,"food_score",96.69
"24510272003","tract",2023,"food_score",101.58
"24510272004","tract",2023,"food_score",106.7
"24510272005","tract",2023,"food_score",95.07
"24510272006","tract",2023,"food_score",58.16
"24510272007","tract",2023,"food_score",97.49
"24510280101","tract",2023,"food_score",72.94
"24510280102","tract",2023,"food_score",65.33
"24510280200","tract",2023,"food_score",85.3
"24510280301","tract",2023,"food_score",85.34
"24510280302","tract",2023,"food_score",55.72
"24510280401","tract",2023,"food_score",76.47
"24510280402","tract",2023,"food_score",92.41
"24510280403","tract",2023,"food_score",98.86
"24510280404","tract",2023,"food_score",46.39
"24510280500","tract",2023,"food_score",31.4
"24510280600","tract",2023,"food_score",21.12
"24001000100","tract",2023,"food_rnk",69.4363
"24001000200","tract",2023,"food_rnk",15.6731
"24001000500","tract",2023,"food_rnk",5.2398
"24001000600","tract",2023,"food_rnk",11.7921
"24001000700","tract",2023,"food_rnk",5.9601
"24001000800","tract",2023,"food_rnk",4.3938
"24001001000","tract",2023,"food_rnk",3.4586
"24001001100","tract",2023,"food_rnk",11.0107
"24001001200","tract",2023,"food_rnk",64.4065
"24001001300","tract",2023,"food_rnk",NA
"24001001401","tract",2023,"food_rnk",69.0994
"24001001402","tract",2023,"food_rnk",58.0691
"24001001502","tract",2023,"food_rnk",9.6532
"24001001503","tract",2023,"food_rnk",29.0303
"24001001600","tract",2023,"food_rnk",44.9439
"24001001700","tract",2023,"food_rnk",23.0616
"24001001800","tract",2023,"food_rnk",NA
"24001001900","tract",2023,"food_rnk",22.3023
"24001002000","tract",2023,"food_rnk",39.8701
"24001002100","tract",2023,"food_rnk",25.7304
"24001002200","tract",2023,"food_rnk",24.2373
"24001002300","tract",2023,"food_rnk",45.0501
"24003701101","tract",2023,"food_rnk",98.4837
"24003701103","tract",2023,"food_rnk",84.8433
"24003701104","tract",2023,"food_rnk",75.8518
"24003701201","tract",2023,"food_rnk",71.281
"24003701202","tract",2023,"food_rnk",66.0021
"24003701301","tract",2023,"food_rnk",73.6165
"24003701302","tract",2023,"food_rnk",40.2559
"24003701400","tract",2023,"food_rnk",84.3928
"24003702100","tract",2023,"food_rnk",99.4225
"24003702204","tract",2023,"food_rnk",86.6892
"24003702205","tract",2023,"food_rnk",88.4069
"24003702206","tract",2023,"food_rnk",99.8584
"24003702208","tract",2023,"food_rnk",99.7351
"24003702209","tract",2023,"food_rnk",78.9857
"24003702300","tract",2023,"food_rnk",91.1733
"24003702402","tract",2023,"food_rnk",98.4178
"24003702500","tract",2023,"food_rnk",16.9916
"24003702601","tract",2023,"food_rnk",66.72
"24003702602","tract",2023,"food_rnk",87.1336
"24003702702","tract",2023,"food_rnk",98.0723
"24003702703","tract",2023,"food_rnk",53.0905
"24003702704","tract",2023,"food_rnk",53.5838
"24003706102","tract",2023,"food_rnk",27.4029
"24003706103","tract",2023,"food_rnk",67.4513
"24003706302","tract",2023,"food_rnk",95.08
"24003706303","tract",2023,"food_rnk",62.2871
"24003706304","tract",2023,"food_rnk",97.7744
"24003706402","tract",2023,"food_rnk",59.8491
"24003706403","tract",2023,"food_rnk",53.8878
"24003706404","tract",2023,"food_rnk",92.1525
"24003706500","tract",2023,"food_rnk",68.3681
"24003706600","tract",2023,"food_rnk",68.1984
"24003706700","tract",2023,"food_rnk",NA
"24003707001","tract",2023,"food_rnk",88.0858
"24003707002","tract",2023,"food_rnk",97.6377
"24003708001","tract",2023,"food_rnk",65.0865
"24003708004","tract",2023,"food_rnk",46.7532
"24003730101","tract",2023,"food_rnk",62.8109
"24003730102","tract",2023,"food_rnk",82.6812
"24003730204","tract",2023,"food_rnk",36.2454
"24003730205","tract",2023,"food_rnk",26.8926
"24003730206","tract",2023,"food_rnk",14.6244
"24003730300","tract",2023,"food_rnk",32.5036
"24003730401","tract",2023,"food_rnk",36.3468
"24003730403","tract",2023,"food_rnk",19.1501
"24003730404","tract",2023,"food_rnk",18.2601
"24003730507","tract",2023,"food_rnk",89.0296
"24003730508","tract",2023,"food_rnk",37.0707
"24003730509","tract",2023,"food_rnk",59.7014
"24003730510","tract",2023,"food_rnk",39.5625
"24003730511","tract",2023,"food_rnk",9.9816
"24003730512","tract",2023,"food_rnk",30.8261
"24003730513","tract",2023,"food_rnk",16.3507
"24003730514","tract",2023,"food_rnk",20.5626
"24003730601","tract",2023,"food_rnk",87.8209
"24003730603","tract",2023,"food_rnk",73.1868
"24003730605","tract",2023,"food_rnk",56.9777
"24003730606","tract",2023,"food_rnk",94.4232
"24003730701","tract",2023,"food_rnk",94.1424
"24003730702","tract",2023,"food_rnk",97.2702
"24003730800","tract",2023,"food_rnk",95.2241
"24003730901","tract",2023,"food_rnk",89.48
"24003730902","tract",2023,"food_rnk",91.5567
"24003731002","tract",2023,"food_rnk",64.7703
"24003731003","tract",2023,"food_rnk",85.2218
"24003731004","tract",2023,"food_rnk",62.4739
"24003731103","tract",2023,"food_rnk",82.4029
"24003731104","tract",2023,"food_rnk",61.0651
"24003731105","tract",2023,"food_rnk",80.4788
"24003731106","tract",2023,"food_rnk",82
"24003731107","tract",2023,"food_rnk",96.1617
"24003731201","tract",2023,"food_rnk",73.3198
"24003731205","tract",2023,"food_rnk",93.3318
"24003731206","tract",2023,"food_rnk",81.6166
"24003731207","tract",2023,"food_rnk",90.5361
"24003731208","tract",2023,"food_rnk",81.2638
"24003731209","tract",2023,"food_rnk",60.2569
"24003731210","tract",2023,"food_rnk",46.9119
"24003731303","tract",2023,"food_rnk",96.4779
"24003731306","tract",2023,"food_rnk",86.1777
"24003731307","tract",2023,"food_rnk",61.8354
"24003731308","tract",2023,"food_rnk",67.0862
"24003731309","tract",2023,"food_rnk",73.6629
"24003731310","tract",2023,"food_rnk",43.7121
"24003731312","tract",2023,"food_rnk",29.084
"24003731313","tract",2023,"food_rnk",85.201
"24003740103","tract",2023,"food_rnk",78.5536
"24003740104","tract",2023,"food_rnk",71.4788
"24003740105","tract",2023,"food_rnk",37.7275
"24003740106","tract",2023,"food_rnk",95.6587
"24003740107","tract",2023,"food_rnk",78.4156
"24003740108","tract",2023,"food_rnk",88.8818
"24003740203","tract",2023,"food_rnk",87.4852
"24003740204","tract",2023,"food_rnk",34.6303
"24003740205","tract",2023,"food_rnk",79.8696
"24003740303","tract",2023,"food_rnk",59.2546
"24003740304","tract",2023,"food_rnk",82.0513
"24003740305","tract",2023,"food_rnk",49.5941
"24003740400","tract",2023,"food_rnk",NA
"24003740501","tract",2023,"food_rnk",45.2418
"24003740502","tract",2023,"food_rnk",72.2699
"24003740601","tract",2023,"food_rnk",90.0197
"24003740602","tract",2023,"food_rnk",66.2866
"24003740603","tract",2023,"food_rnk",95.9908
"24003740701","tract",2023,"food_rnk",78.6878
"24003740703","tract",2023,"food_rnk",91.7056
"24003740704","tract",2023,"food_rnk",99.2834
"24003740800","tract",2023,"food_rnk",82.8558
"24003740900","tract",2023,"food_rnk",77.793
"24003741000","tract",2023,"food_rnk",74.4491
"24003750101","tract",2023,"food_rnk",50.0348
"24003750102","tract",2023,"food_rnk",42.8782
"24003750201","tract",2023,"food_rnk",39.7737
"24003750204","tract",2023,"food_rnk",76.9225
"24003750300","tract",2023,"food_rnk",62.1858
"24003750400","tract",2023,"food_rnk",83.3331
"24003750801","tract",2023,"food_rnk",34.1651
"24003750803","tract",2023,"food_rnk",18.4176
"24003750804","tract",2023,"food_rnk",39.4721
"24003750900","tract",2023,"food_rnk",38.0315
"24003751000","tract",2023,"food_rnk",31.8748
"24003751102","tract",2023,"food_rnk",69.2789
"24003751103","tract",2023,"food_rnk",34.8696
"24003751200","tract",2023,"food_rnk",98.2933
"24003751400","tract",2023,"food_rnk",97.2812
"24003751500","tract",2023,"food_rnk",55.6067
"24003751600","tract",2023,"food_rnk",99.6875
"24003751700","tract",2023,"food_rnk",99.4787
"24003980000","tract",2023,"food_rnk",NA
"24003990000","tract",2023,"food_rnk",NA
"24005400100","tract",2023,"food_rnk",91.8399
"24005400200","tract",2023,"food_rnk",33.4863
"24005400400","tract",2023,"food_rnk",85.5319
"24005400500","tract",2023,"food_rnk",97.2812
"24005400600","tract",2023,"food_rnk",76.4342
"24005400701","tract",2023,"food_rnk",17.4055
"24005400702","tract",2023,"food_rnk",17.3432
"24005400800","tract",2023,"food_rnk",28.3698
"24005400900","tract",2023,"food_rnk",74.5223
"24005401000","tract",2023,"food_rnk",86.6343
"24005401101","tract",2023,"food_rnk",10.3942
"24005401102","tract",2023,"food_rnk",35.0869
"24005401200","tract",2023,"food_rnk",20.5626
"24005401301","tract",2023,"food_rnk",16.3409
"24005401302","tract",2023,"food_rnk",23.5988
"24005401400","tract",2023,"food_rnk",95.1032
"24005401503","tract",2023,"food_rnk",41.0311
"24005401504","tract",2023,"food_rnk",71.8487
"24005401505","tract",2023,"food_rnk",21.2816
"24005401506","tract",2023,"food_rnk",29.7555
"24005401507","tract",2023,"food_rnk",39.4037
"24005402201","tract",2023,"food_rnk",81.1466
"24005402202","tract",2023,"food_rnk",67.9274
"24005402302","tract",2023,"food_rnk",33.3423
"24005402303","tract",2023,"food_rnk",44.6167
"24005402304","tract",2023,"food_rnk",15.8318
"24005402305","tract",2023,"food_rnk",12.5771
"24005402306","tract",2023,"food_rnk",27.9682
"24005402307","tract",2023,"food_rnk",17.6741
"24005402403","tract",2023,"food_rnk",17.5508
"24005402404","tract",2023,"food_rnk",41.6061
"24005402405","tract",2023,"food_rnk",15.6157
"24005402407","tract",2023,"food_rnk",52.6413
"24005402408","tract",2023,"food_rnk",40.732
"24005402409","tract",2023,"food_rnk",10.9509
"24005402503","tract",2023,"food_rnk",34.3971
"24005402504","tract",2023,"food_rnk",67.6576
"24005402505","tract",2023,"food_rnk",36.1697
"24005402506","tract",2023,"food_rnk",46.1
"24005402510","tract",2023,"food_rnk",11.3208
"24005402511","tract",2023,"food_rnk",48.709
"24005402602","tract",2023,"food_rnk",26.7046
"24005402603","tract",2023,"food_rnk",27.1685
"24005402604","tract",2023,"food_rnk",41.9968
"24005403100","tract",2023,"food_rnk",32.5365
"24005403201","tract",2023,"food_rnk",32.2191
"24005403202","tract",2023,"food_rnk",24.5986
"24005403300","tract",2023,"food_rnk",53.7388
"24005403401","tract",2023,"food_rnk",31.4781
"24005403402","tract",2023,"food_rnk",22.533
"24005403500","tract",2023,"food_rnk",77.4902
"24005403601","tract",2023,"food_rnk",95.4841
"24005403602","tract",2023,"food_rnk",48.6614
"24005403702","tract",2023,"food_rnk",36.5018
"24005403703","tract",2023,"food_rnk",79.9526
"24005403704","tract",2023,"food_rnk",31.7686
"24005403801","tract",2023,"food_rnk",80.1907
"24005403802","tract",2023,"food_rnk",96.2594
"24005403803","tract",2023,"food_rnk",94.3854
"24005404101","tract",2023,"food_rnk",82.8057
"24005404102","tract",2023,"food_rnk",50.8576
"24005404201","tract",2023,"food_rnk",50.4133
"24005404202","tract",2023,"food_rnk",41.6415
"24005404402","tract",2023,"food_rnk",65.5565
"24005404403","tract",2023,"food_rnk",32.4523
"24005404404","tract",2023,"food_rnk",72.5812
"24005404501","tract",2023,"food_rnk",48.101
"24005404502","tract",2023,"food_rnk",16.6473
"24005404600","tract",2023,"food_rnk",47.7421
"24005404800","tract",2023,"food_rnk",79.192
"24005404900","tract",2023,"food_rnk",87.2252
"24005405000","tract",2023,"food_rnk",86.5842
"24005406000","tract",2023,"food_rnk",95.8089
"24005407001","tract",2023,"food_rnk",95.1838
"24005407002","tract",2023,"food_rnk",86.5537
"24005408100","tract",2023,"food_rnk",93.4148
"24005408200","tract",2023,"food_rnk",91.7642
"24005408302","tract",2023,"food_rnk",98.0235
"24005408303","tract",2023,"food_rnk",90.4824
"24005408304","tract",2023,"food_rnk",95.8968
"24005408400","tract",2023,"food_rnk",89.5753
"24005408502","tract",2023,"food_rnk",79.5351
"24005408503","tract",2023,"food_rnk",11.952
"24005408505","tract",2023,"food_rnk",78.6024
"24005408506","tract",2023,"food_rnk",25.3031
"24005408507","tract",2023,"food_rnk",18.1014
"24005408601","tract",2023,"food_rnk",90.2992
"24005408602","tract",2023,"food_rnk",83.5285
"24005408702","tract",2023,"food_rnk",81.7314
"24005408703","tract",2023,"food_rnk",93.5857
"24005408704","tract",2023,"food_rnk",99.1039
"24005408800","tract",2023,"food_rnk",86.8906
"24005408900","tract",2023,"food_rnk",96.9113
"24005410100","tract",2023,"food_rnk",99.3542
"24005410200","tract",2023,"food_rnk",77.4902
"24005411101","tract",2023,"food_rnk",93.2585
"24005411102","tract",2023,"food_rnk",88.3825
"24005411201","tract",2023,"food_rnk",78.9027
"24005411202","tract",2023,"food_rnk",99.2785
"24005411302","tract",2023,"food_rnk",91.7642
"24005411303","tract",2023,"food_rnk",78.3875
"24005411306","tract",2023,"food_rnk",56.5809
"24005411307","tract",2023,"food_rnk",33.5584
"24005411308","tract",2023,"food_rnk",95.2241
"24005411309","tract",2023,"food_rnk",75.1792
"24005411404","tract",2023,"food_rnk",72.8352
"24005411406","tract",2023,"food_rnk",79.9697
"24005411408","tract",2023,"food_rnk",30.2804
"24005411409","tract",2023,"food_rnk",60.6878
"24005411410","tract",2023,"food_rnk",88.949
"24005411411","tract",2023,"food_rnk",21.195
"24005411412","tract",2023,"food_rnk",13.9139
"24005411413","tract",2023,"food_rnk",90.2992
"24005420100","tract",2023,"food_rnk",19.8777
"24005420200","tract",2023,"food_rnk",59.9858
"24005420301","tract",2023,"food_rnk",2.6395
"24005420302","tract",2023,"food_rnk",11.1353
"24005420303","tract",2023,"food_rnk",19.9509
"24005420401","tract",2023,"food_rnk",10.7104
"24005420402","tract",2023,"food_rnk",12.3134
"24005420500","tract",2023,"food_rnk",27.5738
"24005420600","tract",2023,"food_rnk",21.3231
"24005420701","tract",2023,"food_rnk",8.6277
"24005420702","tract",2023,"food_rnk",49.4354
"24005420800","tract",2023,"food_rnk",19.8447
"24005420900","tract",2023,"food_rnk",17.9988
"24005421000","tract",2023,"food_rnk",0.8644
"24005421101","tract",2023,"food_rnk",25.7743
"24005421102","tract",2023,"food_rnk",11.355
"24005421200","tract",2023,"food_rnk",20.7152
"24005430101","tract",2023,"food_rnk",48.9165
"24005430104","tract",2023,"food_rnk",55.8301
"24005430200","tract",2023,"food_rnk",17.0527
"24005430300","tract",2023,"food_rnk",10.8044
"24005430400","tract",2023,"food_rnk",54.7265
"24005430600","tract",2023,"food_rnk",81.4213
"24005430700","tract",2023,"food_rnk",40.2705
"24005430800","tract",2023,"food_rnk",34.2701
"24005430900","tract",2023,"food_rnk",28.2697
"24005440100","tract",2023,"food_rnk",83.6847
"24005440200","tract",2023,"food_rnk",54.7692
"24005440300","tract",2023,"food_rnk",74.786
"24005440400","tract",2023,"food_rnk",37.5981
"24005440500","tract",2023,"food_rnk",78.1311
"24005440600","tract",2023,"food_rnk",79.5827
"24005440701","tract",2023,"food_rnk",17.8108
"24005440702","tract",2023,"food_rnk",41.6415
"24005440800","tract",2023,"food_rnk",34.8989
"24005440900","tract",2023,"food_rnk",39.7028
"24005441000","tract",2023,"food_rnk",13.1594
"24005441101","tract",2023,"food_rnk",69.4669
"24005441102","tract",2023,"food_rnk",14.5402
"24005450100","tract",2023,"food_rnk",51.3399
"24005450200","tract",2023,"food_rnk",28.4528
"24005450300","tract",2023,"food_rnk",35.6985
"24005450400","tract",2023,"food_rnk",27.9242
"24005450501","tract",2023,"food_rnk",56.0035
"24005450503","tract",2023,"food_rnk",10.255
"24005450504","tract",2023,"food_rnk",9.6788
"24005450800","tract",2023,"food_rnk",45.4359
"24005450900","tract",2023,"food_rnk",58.5514
"24005451000","tract",2023,"food_rnk",57.1425
"24005451100","tract",2023,"food_rnk",39.1535
"24005451200","tract",2023,"food_rnk",40.6173
"24005451300","tract",2023,"food_rnk",47.0865
"24005451401","tract",2023,"food_rnk",42.9088
"24005451402","tract",2023,"food_rnk",11.8702
"24005451500","tract",2023,"food_rnk",2.2085
"24005451600","tract",2023,"food_rnk",64.238
"24005451701","tract",2023,"food_rnk",99.602
"24005451702","tract",2023,"food_rnk",73.5567
"24005451801","tract",2023,"food_rnk",20.5943
"24005451802","tract",2023,"food_rnk",34.3715
"24005451803","tract",2023,"food_rnk",36.1612
"24005451900","tract",2023,"food_rnk",52.8952
"24005452000","tract",2023,"food_rnk",63.0831
"24005452100","tract",2023,"food_rnk",56.7177
"24005452300","tract",2023,"food_rnk",13.0117
"24005452400","tract",2023,"food_rnk",33.1604
"24005452500","tract",2023,"food_rnk",38.1121
"24005490100","tract",2023,"food_rnk",98.9025
"24005490200","tract",2023,"food_rnk",60.3045
"24005490302","tract",2023,"food_rnk",96.3131
"24005490303","tract",2023,"food_rnk",20.7762
"24005490304","tract",2023,"food_rnk",64.3259
"24005490400","tract",2023,"food_rnk",94.9225
"24005490500","tract",2023,"food_rnk",73.0024
"24005490601","tract",2023,"food_rnk",74.4735
"24005490602","tract",2023,"food_rnk",80.0576
"24005490603","tract",2023,"food_rnk",69.1519
"24005490605","tract",2023,"food_rnk",NA
"24005490701","tract",2023,"food_rnk",90.3456
"24005490703","tract",2023,"food_rnk",91.6336
"24005490800","tract",2023,"food_rnk",92.4418
"24005490900","tract",2023,"food_rnk",73.4114
"24005491000","tract",2023,"food_rnk",77.268
"24005491100","tract",2023,"food_rnk",78.5792
"24005491201","tract",2023,"food_rnk",18.293
"24005491202","tract",2023,"food_rnk",41.4169
"24005491300","tract",2023,"food_rnk",47.8825
"24005491401","tract",2023,"food_rnk",55.6604
"24005491402","tract",2023,"food_rnk",42.5193
"24005491500","tract",2023,"food_rnk",43.3519
"24005491600","tract",2023,"food_rnk",10.2917
"24005491701","tract",2023,"food_rnk",50.0348
"24005491900","tract",2023,"food_rnk",57.3952
"24005492001","tract",2023,"food_rnk",13.1911
"24005492002","tract",2023,"food_rnk",62.939
"24005492101","tract",2023,"food_rnk",61.7512
"24005492102","tract",2023,"food_rnk",68.3852
"24005492200","tract",2023,"food_rnk",99.3041
"24005492300","tract",2023,"food_rnk",26.1503
"24005492401","tract",2023,"food_rnk",33.2104
"24005492402","tract",2023,"food_rnk",70.4997
"24005492500","tract",2023,"food_rnk",NA
"24005492600","tract",2023,"food_rnk",52.2445
"24005492700","tract",2023,"food_rnk",2.9727
"24005980100","tract",2023,"food_rnk",NA
"24005980200","tract",2023,"food_rnk",NA
"24009860103","tract",2023,"food_rnk",93.6895
"24009860200","tract",2023,"food_rnk",87.5951
"24009860300","tract",2023,"food_rnk",68.7637
"24009860402","tract",2023,"food_rnk",67.2303
"24009860403","tract",2023,"food_rnk",68.6184
"24009860404","tract",2023,"food_rnk",43.5583
"24009860501","tract",2023,"food_rnk",87.3814
"24009860502","tract",2023,"food_rnk",78.8783
"24009860600","tract",2023,"food_rnk",88.2287
"24009860701","tract",2023,"food_rnk",87.5951
"24009860702","tract",2023,"food_rnk",63.3541
"24009860703","tract",2023,"food_rnk",52.17
"24009860801","tract",2023,"food_rnk",90.2101
"24009860901","tract",2023,"food_rnk",98.2164
"24009860902","tract",2023,"food_rnk",43.4203
"24009861003","tract",2023,"food_rnk",79.3947
"24009861004","tract",2023,"food_rnk",57.228
"24009861100","tract",2023,"food_rnk",64.6714
"24009990100","tract",2023,"food_rnk",NA
"24011955000","tract",2023,"food_rnk",51.0688
"24011955100","tract",2023,"food_rnk",43.0748
"24011955201","tract",2023,"food_rnk",50.1105
"24011955202","tract",2023,"food_rnk",29.2549
"24011955301","tract",2023,"food_rnk",49.1289
"24011955302","tract",2023,"food_rnk",5.6354
"24011955400","tract",2023,"food_rnk",54.9951
"24011955500","tract",2023,"food_rnk",53.3689
"24011955600","tract",2023,"food_rnk",8.6594
"24013501001","tract",2023,"food_rnk",32.8857
"24013501002","tract",2023,"food_rnk",44.3518
"24013502000","tract",2023,"food_rnk",76.5978
"24013503000","tract",2023,"food_rnk",85.5062
"24013504100","tract",2023,"food_rnk",66.7688
"24013504201","tract",2023,"food_rnk",91.271
"24013504202","tract",2023,"food_rnk",85.0252
"24013505101","tract",2023,"food_rnk",80.1284
"24013505102","tract",2023,"food_rnk",86.0532
"24013505203","tract",2023,"food_rnk",84.9874
"24013505205","tract",2023,"food_rnk",62.6399
"24013505206","tract",2023,"food_rnk",91.6336
"24013505207","tract",2023,"food_rnk",74.8886
"24013505208","tract",2023,"food_rnk",98.7792
"24013506101","tract",2023,"food_rnk",90.381
"24013506102","tract",2023,"food_rnk",68.926
"24013506200","tract",2023,"food_rnk",62.8365
"24013507500","tract",2023,"food_rnk",87.9906
"24013507601","tract",2023,"food_rnk",34.5912
"24013507602","tract",2023,"food_rnk",51.7159
"24013507702","tract",2023,"food_rnk",89.9952
"24013507703","tract",2023,"food_rnk",97.5779
"24013507704","tract",2023,"food_rnk",87.5108
"24013507801","tract",2023,"food_rnk",37.0243
"24013507802","tract",2023,"food_rnk",89.1968
"24013508103","tract",2023,"food_rnk",90.3456
"24013508200","tract",2023,"food_rnk",98.7999
"24013509001","tract",2023,"food_rnk",95.3486
"24013509002","tract",2023,"food_rnk",96.8893
"24013510000","tract",2023,"food_rnk",56.3148
"24013511000","tract",2023,"food_rnk",53.9537
"24013512000","tract",2023,"food_rnk",23.8674
"24013513001","tract",2023,"food_rnk",75.25
"24013513002","tract",2023,"food_rnk",96.7697
"24013514100","tract",2023,"food_rnk",91.6544
"24013514201","tract",2023,"food_rnk",54.1331
"24013514202","tract",2023,"food_rnk",98.6607
"24015030100","tract",2023,"food_rnk",68.257
"24015030200","tract",2023,"food_rnk",61.5717
"24015030400","tract",2023,"food_rnk",5.7404
"24015030501","tract",2023,"food_rnk",88.1969
"24015030503","tract",2023,"food_rnk",19.625
"24015030505","tract",2023,"food_rnk",33.8648
"24015030507","tract",2023,"food_rnk",17.8999
"24015030508","tract",2023,"food_rnk",8.2223
"24015030601","tract",2023,"food_rnk",84.0192
"24015030602","tract",2023,"food_rnk",39.0509
"24015030700","tract",2023,"food_rnk",72.088
"24015030903","tract",2023,"food_rnk",30.0558
"24015030904","tract",2023,"food_rnk",63.2748
"24015030905","tract",2023,"food_rnk",32.1532
"24015030907","tract",2023,"food_rnk",59.5622
"24015030908","tract",2023,"food_rnk",49.2596
"24015031201","tract",2023,"food_rnk",43.5216
"24015031202","tract",2023,"food_rnk",37.7117
"24015031301","tract",2023,"food_rnk",63.2345
"24015031302","tract",2023,"food_rnk",68.036
"24015031400","tract",2023,"food_rnk",67.9054
"24017850101","tract",2023,"food_rnk",66.0534
"24017850102","tract",2023,"food_rnk",19.8777
"24017850201","tract",2023,"food_rnk",89.0674
"24017850202","tract",2023,"food_rnk",38.5308
"24017850300","tract",2023,"food_rnk",68.9724
"24017850400","tract",2023,"food_rnk",56.0218
"24017850500","tract",2023,"food_rnk",81.193
"24017850600","tract",2023,"food_rnk",81.403
"24017850706","tract",2023,"food_rnk",70.3703
"24017850708","tract",2023,"food_rnk",83.5773
"24017850709","tract",2023,"food_rnk",41.8247
"24017850710","tract",2023,"food_rnk",58.2962
"24017850711","tract",2023,"food_rnk",42.0859
"24017850712","tract",2023,"food_rnk",62.2566
"24017850713","tract",2023,"food_rnk",60.8111
"24017850801","tract",2023,"food_rnk",87.1336
"24017850802","tract",2023,"food_rnk",48.6614
"24017850901","tract",2023,"food_rnk",20.2867
"24017850902","tract",2023,"food_rnk",36.7606
"24017850904","tract",2023,"food_rnk",76.1705
"24017850905","tract",2023,"food_rnk",50.3058
"24017850906","tract",2023,"food_rnk",6.9209
"24017851001","tract",2023,"food_rnk",80.7218
"24017851003","tract",2023,"food_rnk",85.6613
"24017851004","tract",2023,"food_rnk",51.8258
"24017851100","tract",2023,"food_rnk",67.5697
"24017851200","tract",2023,"food_rnk",68.257
"24017851301","tract",2023,"food_rnk",73.3052
"24017851302","tract",2023,"food_rnk",92.8129
"24017851401","tract",2023,"food_rnk",60.2239
"24017851402","tract",2023,"food_rnk",70.3044
"24017851403","tract",2023,"food_rnk",81.9499
"24017851501","tract",2023,"food_rnk",49.1533
"24017851502","tract",2023,"food_rnk",49.7955
"24017990000","tract",2023,"food_rnk",NA
"24019970100","tract",2023,"food_rnk",55.5164
"24019970200","tract",2023,"food_rnk",29.0303
"24019970300","tract",2023,"food_rnk",45.8253
"24019970400","tract",2023,"food_rnk",12.5258
"24019970500","tract",2023,"food_rnk",2.0461
"24019970600","tract",2023,"food_rnk",15.6646
"24019970702","tract",2023,"food_rnk",37.7703
"24019970804","tract",2023,"food_rnk",44.0368
"24019970900","tract",2023,"food_rnk",53.7388
"24019990000","tract",2023,"food_rnk",NA
"24021740200","tract",2023,"food_rnk",80.2664
"24021750100","tract",2023,"food_rnk",46.3308
"24021750200","tract",2023,"food_rnk",58.5514
"24021750300","tract",2023,"food_rnk",35.0173
"24021750504","tract",2023,"food_rnk",36.5531
"24021750505","tract",2023,"food_rnk",49.4891
"24021750506","tract",2023,"food_rnk",60.91
"24021750507","tract",2023,"food_rnk",5.9504
"24021750508","tract",2023,"food_rnk",17.4494
"24021750600","tract",2023,"food_rnk",42.44
"24021750701","tract",2023,"food_rnk",54.4274
"24021750702","tract",2023,"food_rnk",13.2192
"24021750801","tract",2023,"food_rnk",62.2566
"24021750802","tract",2023,"food_rnk",65.7457
"24021750804","tract",2023,"food_rnk",51.28
"24021750805","tract",2023,"food_rnk",84.8128
"24021751001","tract",2023,"food_rnk",42.3887
"24021751002","tract",2023,"food_rnk",20.1585
"24021751003","tract",2023,"food_rnk",37.0341
"24021751004","tract",2023,"food_rnk",87.7648
"24021751201","tract",2023,"food_rnk",92.6261
"24021751202","tract",2023,"food_rnk",45.0098
"24021751203","tract",2023,"food_rnk",86.8162
"24021751301","tract",2023,"food_rnk",89.8133
"24021751302","tract",2023,"food_rnk",46.6311
"24021751600","tract",2023,"food_rnk",52.1041
"24021751701","tract",2023,"food_rnk",85.2706
"24021751702","tract",2023,"food_rnk",88.037
"24021751801","tract",2023,"food_rnk",83.3905
"24021751802","tract",2023,"food_rnk",94.1778
"24021751902","tract",2023,"food_rnk",83.5773
"24021751903","tract",2023,"food_rnk",83.902
"24021751904","tract",2023,"food_rnk",78.6329
"24021751905","tract",2023,"food_rnk",90.6752
"24021751906","tract",2023,"food_rnk",96.81
"24021752001","tract",2023,"food_rnk",90.6508
"24021752101","tract",2023,"food_rnk",89.2896
"24021752102","tract",2023,"food_rnk",76.4842
"24021752201","tract",2023,"food_rnk",72.2003
"24021752202","tract",2023,"food_rnk",87.8209
"24021752205","tract",2023,"food_rnk",87.5523
"24021752206","tract",2023,"food_rnk",82.7044
"24021752301","tract",2023,"food_rnk",61.1493
"24021752302","tract",2023,"food_rnk",91.5848
"24021752303","tract",2023,"food_rnk",95.362
"24021752501","tract",2023,"food_rnk",60.5254
"24021752502","tract",2023,"food_rnk",83.9497
"24021752601","tract",2023,"food_rnk",61.5912
"24021752602","tract",2023,"food_rnk",96.8502
"24021752603","tract",2023,"food_rnk",82.094
"24021752801","tract",2023,"food_rnk",82.6812
"24021752802","tract",2023,"food_rnk",89.4605
"24021752900","tract",2023,"food_rnk",78.2813
"24021753001","tract",2023,"food_rnk",41.8479
"24021753002","tract",2023,"food_rnk",80.4788
"24021765100","tract",2023,"food_rnk",47.3917
"24021766800","tract",2023,"food_rnk",NA
"24021767500","tract",2023,"food_rnk",81.3725
"24021767600","tract",2023,"food_rnk",76.2938
"24021770700","tract",2023,"food_rnk",72.2699
"24021772200","tract",2023,"food_rnk",6.1909
"24021773500","tract",2023,"food_rnk",61.8012
"24021775302","tract",2023,"food_rnk",84.3391
"24021775400","tract",2023,"food_rnk",39.3525
"24021775600","tract",2023,"food_rnk",82.901
"24023000100","tract",2023,"food_rnk",45.5177
"24023000200","tract",2023,"food_rnk",57.7493
"24023000300","tract",2023,"food_rnk",67.2694
"24023000400","tract",2023,"food_rnk",23.0726
"24023000501","tract",2023,"food_rnk",23.0055
"24023000502","tract",2023,"food_rnk",88.1554
"24023000601","tract",2023,"food_rnk",47.128
"24023000602","tract",2023,"food_rnk",60.1238
"24023000700","tract",2023,"food_rnk",20.3538
"24025301102","tract",2023,"food_rnk",99.0111
"24025301105","tract",2023,"food_rnk",49.4354
"24025301106","tract",2023,"food_rnk",92.1268
"24025301107","tract",2023,"food_rnk",44.7388
"24025301108","tract",2023,"food_rnk",46.0805
"24025301201","tract",2023,"food_rnk",76.9482
"24025301202","tract",2023,"food_rnk",65.6786
"24025301204","tract",2023,"food_rnk",59.7478
"24025301205","tract",2023,"food_rnk",74.3417
"24025301301","tract",2023,"food_rnk",83.0413
"24025301302","tract",2023,"food_rnk",12.6833
"24025301401","tract",2023,"food_rnk",50.2265
"24025301402","tract",2023,"food_rnk",82.0744
"24025301601","tract",2023,"food_rnk",36.4872
"24025301602","tract",2023,"food_rnk",39.7468
"24025301703","tract",2023,"food_rnk",75.6504
"24025301704","tract",2023,"food_rnk",78.8783
"24025301705","tract",2023,"food_rnk",93.0791
"24025301706","tract",2023,"food_rnk",92.6091
"24025301707","tract",2023,"food_rnk",22.2681
"24025302100","tract",2023,"food_rnk",80.1284
"24025302200","tract",2023,"food_rnk",79.1627
"24025302400","tract",2023,"food_rnk",30.2658
"24025302801","tract",2023,"food_rnk",64.3601
"24025302802","tract",2023,"food_rnk",60.8758
"24025302901","tract",2023,"food_rnk",2.2463
"24025302902","tract",2023,"food_rnk",40.8846
"24025303101","tract",2023,"food_rnk",94.4647
"24025303102","tract",2023,"food_rnk",84.3928
"24025303201","tract",2023,"food_rnk",72.8632
"24025303203","tract",2023,"food_rnk",90.5837
"24025303204","tract",2023,"food_rnk",66.7908
"24025303205","tract",2023,"food_rnk",95.3987
"24025303206","tract",2023,"food_rnk",84.8873
"24025303300","tract",2023,"food_rnk",98.6058
"24025303400","tract",2023,"food_rnk",96.1617
"24025303501","tract",2023,"food_rnk",69.0774
"24025303502","tract",2023,"food_rnk",99.121
"24025303602","tract",2023,"food_rnk",89.8683
"24025303603","tract",2023,"food_rnk",86.0116
"24025303605","tract",2023,"food_rnk",28.8557
"24025303606","tract",2023,"food_rnk",92.9643
"24025303700","tract",2023,"food_rnk",75.278
"24025303801","tract",2023,"food_rnk",39.9934
"24025303802","tract",2023,"food_rnk",78.4974
"24025303803","tract",2023,"food_rnk",62.9122
"24025303900","tract",2023,"food_rnk",44.7022
"24025304101","tract",2023,"food_rnk",42.3325
"24025304102","tract",2023,"food_rnk",87.3106
"24025304201","tract",2023,"food_rnk",97.6377
"24025304202","tract",2023,"food_rnk",99.1393
"24025305100","tract",2023,"food_rnk",77.4035
"24025305200","tract",2023,"food_rnk",21.676
"24025305300","tract",2023,"food_rnk",44.7791
"24025306100","tract",2023,"food_rnk",12.3634
"24025306200","tract",2023,"food_rnk",60.8502
"24025306300","tract",2023,"food_rnk",40.7882
"24025306400","tract",2023,"food_rnk",97.5779
"24025306500","tract",2023,"food_rnk",75.7139
"24027601103","tract",2023,"food_rnk",80.9671
"24027601104","tract",2023,"food_rnk",99.6142
"24027601105","tract",2023,"food_rnk",81.8486
"24027601107","tract",2023,"food_rnk",49.4183
"24027601108","tract",2023,"food_rnk",90.8645
"24027601203","tract",2023,"food_rnk",61.778
"24027601204","tract",2023,"food_rnk",36.4469
"24027601205","tract",2023,"food_rnk",50.0092
"24027601206","tract",2023,"food_rnk",81.9499
"24027602100","tract",2023,"food_rnk",66.2866
"24027602201","tract",2023,"food_rnk",97.7244
"24027602202","tract",2023,"food_rnk",84.2365
"24027602302","tract",2023,"food_rnk",87.5108
"24027602303","tract",2023,"food_rnk",84.532
"24027602304","tract",2023,"food_rnk",99.4628
"24027602305","tract",2023,"food_rnk",75.9361
"24027602306","tract",2023,"food_rnk",96.932
"24027602600","tract",2023,"food_rnk",71.5936
"24027602700","tract",2023,"food_rnk",91.7484
"24027602800","tract",2023,"food_rnk",72.4005
"24027602900","tract",2023,"food_rnk",72.6508
"24027603001","tract",2023,"food_rnk",95.3095
"24027603003","tract",2023,"food_rnk",94.5404
"24027603004","tract",2023,"food_rnk",98.6058
"24027604001","tract",2023,"food_rnk",99.3652
"24027604003","tract",2023,"food_rnk",80.4227
"24027604004","tract",2023,"food_rnk",98.5521
"24027605103","tract",2023,"food_rnk",96.1238
"24027605104","tract",2023,"food_rnk",92.222
"24027605105","tract",2023,"food_rnk",93.7933
"24027605106","tract",2023,"food_rnk",98.5899
"24027605401","tract",2023,"food_rnk",31.4488
"24027605403","tract",2023,"food_rnk",53.9195
"24027605404","tract",2023,"food_rnk",55.8106
"24027605502","tract",2023,"food_rnk",69.8429
"24027605503","tract",2023,"food_rnk",31.7894
"24027605504","tract",2023,"food_rnk",83.5285
"24027605505","tract",2023,"food_rnk",90.2675
"24027605601","tract",2023,"food_rnk",43.5216
"24027605602","tract",2023,"food_rnk",82.2649
"24027606601","tract",2023,"food_rnk",84.7395
"24027606603","tract",2023,"food_rnk",55.249
"24027606604","tract",2023,"food_rnk",52.2262
"24027606606","tract",2023,"food_rnk",44.8536
"24027606607","tract",2023,"food_rnk",52.3605
"24027606701","tract",2023,"food_rnk",37.675
"24027606704","tract",2023,"food_rnk",35.95
"24027606706","tract",2023,"food_rnk",83.2013
"24027606708","tract",2023,"food_rnk",51.7781
"24027606803","tract",2023,"food_rnk",47.5748
"24027606804","tract",2023,"food_rnk",97.1896
"24027606805","tract",2023,"food_rnk",98.0869
"24027606807","tract",2023,"food_rnk",88.1969
"24027606808","tract",2023,"food_rnk",91.9132
"24027606901","tract",2023,"food_rnk",50.8576
"24027606904","tract",2023,"food_rnk",71.7217
"24027606905","tract",2023,"food_rnk",95.92
"24027606906","tract",2023,"food_rnk",76.765
"24027606907","tract",2023,"food_rnk",56.775
"24029950100","tract",2023,"food_rnk",74.4283
"24029950200","tract",2023,"food_rnk",45.8412
"24029950300","tract",2023,"food_rnk",19.3857
"24029950400","tract",2023,"food_rnk",32.8381
"24029950500","tract",2023,"food_rnk",39.0509
"24029990000","tract",2023,"food_rnk",NA
"24031700101","tract",2023,"food_rnk",96.4681
"24031700103","tract",2023,"food_rnk",96.3131
"24031700104","tract",2023,"food_rnk",52.9147
"24031700105","tract",2023,"food_rnk",49.8273
"24031700204","tract",2023,"food_rnk",93.0083
"24031700206","tract",2023,"food_rnk",41.882
"24031700207","tract",2023,"food_rnk",67.9799
"24031700208","tract",2023,"food_rnk",73.8838
"24031700209","tract",2023,"food_rnk",96.1238
"24031700210","tract",2023,"food_rnk",70.3044
"24031700306","tract",2023,"food_rnk",68.2289
"24031700308","tract",2023,"food_rnk",61.0052
"24031700309","tract",2023,"food_rnk",31.5293
"24031700310","tract",2023,"food_rnk",70.6291
"24031700313","tract",2023,"food_rnk",87.4083
"24031700314","tract",2023,"food_rnk",80.7218
"24031700315","tract",2023,"food_rnk",75.6028
"24031700316","tract",2023,"food_rnk",68.9724
"24031700317","tract",2023,"food_rnk",83.3905
"24031700318","tract",2023,"food_rnk",62.2334
"24031700400","tract",2023,"food_rnk",49.6893
"24031700500","tract",2023,"food_rnk",80.994
"24031700604","tract",2023,"food_rnk",99.0661
"24031700606","tract",2023,"food_rnk",75.5039
"24031700608","tract",2023,"food_rnk",97.9234
"24031700610","tract",2023,"food_rnk",97.2006
"24031700611","tract",2023,"food_rnk",60.2239
"24031700613","tract",2023,"food_rnk",50.7148
"24031700614","tract",2023,"food_rnk",36.5787
"24031700615","tract",2023,"food_rnk",69.2569
"24031700616","tract",2023,"food_rnk",96.8734
"24031700617","tract",2023,"food_rnk",82.094
"24031700618","tract",2023,"food_rnk",88.8159
"24031700706","tract",2023,"food_rnk",32.4022
"24031700710","tract",2023,"food_rnk",57.9055
"24031700711","tract",2023,"food_rnk",49.1863
"24031700713","tract",2023,"food_rnk",16.579
"24031700715","tract",2023,"food_rnk",28.1598
"24031700718","tract",2023,"food_rnk",61.1908
"24031700720","tract",2023,"food_rnk",35.0869
"24031700721","tract",2023,"food_rnk",43.4203
"24031700723","tract",2023,"food_rnk",22.1619
"24031700724","tract",2023,"food_rnk",3.2413
"24031700725","tract",2023,"food_rnk",9.0281
"24031700726","tract",2023,"food_rnk",47.6761
"24031700727","tract",2023,"food_rnk",27.6593
"24031700728","tract",2023,"food_rnk",27.5604
"24031700729","tract",2023,"food_rnk",43.933
"24031700730","tract",2023,"food_rnk",61.3849
"24031700731","tract",2023,"food_rnk",9.9193
"24031700732","tract",2023,"food_rnk",44.4617
"24031700733","tract",2023,"food_rnk",36.2833
"24031700810","tract",2023,"food_rnk",59.0189
"24031700811","tract",2023,"food_rnk",40.1765
"24031700812","tract",2023,"food_rnk",28.133
"24031700813","tract",2023,"food_rnk",66.1401
"24031700815","tract",2023,"food_rnk",34.8305
"24031700818","tract",2023,"food_rnk",24.5571
"24031700819","tract",2023,"food_rnk",63.5238
"24031700820","tract",2023,"food_rnk",19.1464
"24031700822","tract",2023,"food_rnk",19.3393
"24031700823","tract",2023,"food_rnk",48.0644
"24031700824","tract",2023,"food_rnk",66.6089
"24031700826","tract",2023,"food_rnk",93.1279
"24031700828","tract",2023,"food_rnk",85.3597
"24031700829","tract",2023,"food_rnk",88.6133
"24031700830","tract",2023,"food_rnk",30.9031
"24031700832","tract",2023,"food_rnk",38.167
"24031700833","tract",2023,"food_rnk",39.1327
"24031700834","tract",2023,"food_rnk",14.8173
"24031700835","tract",2023,"food_rnk",59.0592
"24031700836","tract",2023,"food_rnk",73.719
"24031700837","tract",2023,"food_rnk",57.5405
"24031700838","tract",2023,"food_rnk",91.9132
"24031700839","tract",2023,"food_rnk",34.7682
"24031700901","tract",2023,"food_rnk",57.4831
"24031700902","tract",2023,"food_rnk",76.5465
"24031700903","tract",2023,"food_rnk",23.8674
"24031700904","tract",2023,"food_rnk",30.5551
"24031700905","tract",2023,"food_rnk",61.5912
"24031701001","tract",2023,"food_rnk",51.7623
"24031701002","tract",2023,"food_rnk",94.8224
"24031701004","tract",2023,"food_rnk",61.0052
"24031701005","tract",2023,"food_rnk",83.6481
"24031701006","tract",2023,"food_rnk",87.4083
"24031701007","tract",2023,"food_rnk",72.6752
"24031701101","tract",2023,"food_rnk",66.6272
"24031701102","tract",2023,"food_rnk",67.6002
"24031701201","tract",2023,"food_rnk",44.4006
"24031701202","tract",2023,"food_rnk",93.6199
"24031701205","tract",2023,"food_rnk",99.5556
"24031701206","tract",2023,"food_rnk",98.6498
"24031701210","tract",2023,"food_rnk",97.9551
"24031701211","tract",2023,"food_rnk",57.4428
"24031701212","tract",2023,"food_rnk",75.1999
"24031701214","tract",2023,"food_rnk",75.0632
"24031701215","tract",2023,"food_rnk",73.4834
"24031701216","tract",2023,"food_rnk",71.137
"24031701218","tract",2023,"food_rnk",37.5774
"24031701219","tract",2023,"food_rnk",10.9167
"24031701220","tract",2023,"food_rnk",91.4688
"24031701221","tract",2023,"food_rnk",82.7044
"24031701222","tract",2023,"food_rnk",89.2408
"24031701223","tract",2023,"food_rnk",91.0793
"24031701303","tract",2023,"food_rnk",91.8863
"24031701304","tract",2023,"food_rnk",97.9417
"24031701306","tract",2023,"food_rnk",83.3905
"24031701307","tract",2023,"food_rnk",80.4227
"24031701308","tract",2023,"food_rnk",89.607
"24031701312","tract",2023,"food_rnk",66.477
"24031701313","tract",2023,"food_rnk",51.7159
"24031701314","tract",2023,"food_rnk",82
"24031701315","tract",2023,"food_rnk",74.7201
"24031701316","tract",2023,"food_rnk",87.7928
"24031701317","tract",2023,"food_rnk",82.901
"24031701407","tract",2023,"food_rnk",67.3402
"24031701408","tract",2023,"food_rnk",73.3674
"24031701409","tract",2023,"food_rnk",80.4031
"24031701414","tract",2023,"food_rnk",68.7869
"24031701415","tract",2023,"food_rnk",20.3538
"24031701417","tract",2023,"food_rnk",24.7378
"24031701418","tract",2023,"food_rnk",60.0322
"24031701422","tract",2023,"food_rnk",32.351
"24031701423","tract",2023,"food_rnk",21.9165
"24031701424","tract",2023,"food_rnk",76.2633
"24031701425","tract",2023,"food_rnk",45.3639
"24031701426","tract",2023,"food_rnk",33.2812
"24031701427","tract",2023,"food_rnk",83.8068
"24031701503","tract",2023,"food_rnk",59.163
"24031701505","tract",2023,"food_rnk",26.3982
"24031701506","tract",2023,"food_rnk",73.4602
"24031701507","tract",2023,"food_rnk",49.9481
"24031701508","tract",2023,"food_rnk",17.2919
"24031701509","tract",2023,"food_rnk",18.9413
"24031701601","tract",2023,"food_rnk",33.5108
"24031701602","tract",2023,"food_rnk",47.7604
"24031701701","tract",2023,"food_rnk",63.4457
"24031701702","tract",2023,"food_rnk",34.0931
"24031701703","tract",2023,"food_rnk",60.3045
"24031701704","tract",2023,"food_rnk",57.2756
"24031701800","tract",2023,"food_rnk",58.6356
"24031701900","tract",2023,"food_rnk",30.8005
"24031702000","tract",2023,"food_rnk",37.216
"24031702101","tract",2023,"food_rnk",32.9138
"24031702102","tract",2023,"food_rnk",88.6963
"24031702200","tract",2023,"food_rnk",79.7805
"24031702301","tract",2023,"food_rnk",34.8989
"24031702302","tract",2023,"food_rnk",37.0243
"24031702401","tract",2023,"food_rnk",64.2832
"24031702402","tract",2023,"food_rnk",58.6356
"24031702501","tract",2023,"food_rnk",83.2965
"24031702502","tract",2023,"food_rnk",25.8903
"24031702503","tract",2023,"food_rnk",32.3607
"24031702602","tract",2023,"food_rnk",39.9934
"24031702603","tract",2023,"food_rnk",25.9782
"24031702604","tract",2023,"food_rnk",34.5387
"24031702700","tract",2023,"food_rnk",71.3824
"24031702800","tract",2023,"food_rnk",65.6054
"24031702900","tract",2023,"food_rnk",74.5223
"24031703000","tract",2023,"food_rnk",88.4948
"24031703100","tract",2023,"food_rnk",73.3882
"24031703201","tract",2023,"food_rnk",86.666
"24031703202","tract",2023,"food_rnk",69.7672
"24031703206","tract",2023,"food_rnk",48.4746
"24031703207","tract",2023,"food_rnk",43.5216
"24031703208","tract",2023,"food_rnk",80.5484
"24031703209","tract",2023,"food_rnk",82.9925
"24031703210","tract",2023,"food_rnk",80.8695
"24031703213","tract",2023,"food_rnk",37.0072
"24031703214","tract",2023,"food_rnk",28.0548
"24031703215","tract",2023,"food_rnk",54.4994
"24031703216","tract",2023,"food_rnk",29.6114
"24031703218","tract",2023,"food_rnk",59.8491
"24031703219","tract",2023,"food_rnk",56.8568
"24031703220","tract",2023,"food_rnk",65.0548
"24031703221","tract",2023,"food_rnk",61.1639
"24031703222","tract",2023,"food_rnk",36.9584
"24031703223","tract",2023,"food_rnk",60.7818
"24031703301","tract",2023,"food_rnk",21.2279
"24031703302","tract",2023,"food_rnk",69.6085
"24031703401","tract",2023,"food_rnk",49.0764
"24031703402","tract",2023,"food_rnk",28.1598
"24031703403","tract",2023,"food_rnk",45.4725
"24031703404","tract",2023,"food_rnk",64.3601
"24031703501","tract",2023,"food_rnk",57.3403
"24031703502","tract",2023,"food_rnk",65.2269
"24031703601","tract",2023,"food_rnk",63.1893
"24031703602","tract",2023,"food_rnk",89.4068
"24031703701","tract",2023,"food_rnk",58.6942
"24031703702","tract",2023,"food_rnk",47.725
"24031703800","tract",2023,"food_rnk",50.915
"24031703901","tract",2023,"food_rnk",89.5521
"24031703902","tract",2023,"food_rnk",62.0735
"24031704000","tract",2023,"food_rnk",33.9918
"24031704100","tract",2023,"food_rnk",99.077
"24031704200","tract",2023,"food_rnk",63.9645
"24031704300","tract",2023,"food_rnk",75.0632
"24031704401","tract",2023,"food_rnk",85.7284
"24031704403","tract",2023,"food_rnk",88.3557
"24031704404","tract",2023,"food_rnk",79.2372
"24031704501","tract",2023,"food_rnk",79.2604
"24031704502","tract",2023,"food_rnk",97.6902
"24031704503","tract",2023,"food_rnk",88.4301
"24031704600","tract",2023,"food_rnk",80.8023
"24031704700","tract",2023,"food_rnk",92.2892
"24031704803","tract",2023,"food_rnk",28.4943
"24031704804","tract",2023,"food_rnk",90.1478
"24031704805","tract",2023,"food_rnk",43.2494
"24031704806","tract",2023,"food_rnk",51.9478
"24031705000","tract",2023,"food_rnk",98.3983
"24031705100","tract",2023,"food_rnk",93.2231
"24031705200","tract",2023,"food_rnk",95.2241
"24031705300","tract",2023,"food_rnk",88.5901
"24031705400","tract",2023,"food_rnk",80.6241
"24031705501","tract",2023,"food_rnk",84.0376
"24031705502","tract",2023,"food_rnk",71.2578
"24031705601","tract",2023,"food_rnk",91.9132
"24031705602","tract",2023,"food_rnk",88.2934
"24031705701","tract",2023,"food_rnk",79.0541
"24031705702","tract",2023,"food_rnk",78.0506
"24031705800","tract",2023,"food_rnk",84.8433
"24031705901","tract",2023,"food_rnk",98.4764
"24031705902","tract",2023,"food_rnk",98.3738
"24031705903","tract",2023,"food_rnk",97.1896
"24031706005","tract",2023,"food_rnk",94.6259
"24031706007","tract",2023,"food_rnk",95.3791
"24031706008","tract",2023,"food_rnk",85.7663
"24031706009","tract",2023,"food_rnk",89.7816
"24031706010","tract",2023,"food_rnk",87.3106
"24031706011","tract",2023,"food_rnk",95.7918
"24031706012","tract",2023,"food_rnk",68.0812
"24031706013","tract",2023,"food_rnk",94.9225
"24033800102","tract",2023,"food_rnk",44.6765
"24033800103","tract",2023,"food_rnk",39.5429
"24033800105","tract",2023,"food_rnk",71.8792
"24033800106","tract",2023,"food_rnk",50.3412
"24033800108","tract",2023,"food_rnk",45.9462
"24033800109","tract",2023,"food_rnk",18.8509
"24033800203","tract",2023,"food_rnk",93.2585
"24033800206","tract",2023,"food_rnk",45.3797
"24033800209","tract",2023,"food_rnk",19.4479
"24033800210","tract",2023,"food_rnk",31.1814
"24033800211","tract",2023,"food_rnk",54.182
"24033800212","tract",2023,"food_rnk",52.5082
"24033800213","tract",2023,"food_rnk",58.0435
"24033800216","tract",2023,"food_rnk",54.9951
"24033800217","tract",2023,"food_rnk",48.1474
"24033800218","tract",2023,"food_rnk",14.2057
"24033800401","tract",2023,"food_rnk",70.0077
"24033800402","tract",2023,"food_rnk",48.571
"24033800403","tract",2023,"food_rnk",56.0035
"24033800408","tract",2023,"food_rnk",82.6812
"24033800409","tract",2023,"food_rnk",88.9075
"24033800410","tract",2023,"food_rnk",77.4902
"24033800411","tract",2023,"food_rnk",40.9273
"24033800412","tract",2023,"food_rnk",50.8076
"24033800413","tract",2023,"food_rnk",32.1153
"24033800504","tract",2023,"food_rnk",73.8204
"24033800505","tract",2023,"food_rnk",46.7935
"24033800507","tract",2023,"food_rnk",48.4904
"24033800511","tract",2023,"food_rnk",68.3681
"24033800513","tract",2023,"food_rnk",39.3696
"24033800514","tract",2023,"food_rnk",80.4227
"24033800515","tract",2023,"food_rnk",42.3582
"24033800516","tract",2023,"food_rnk",76.9225
"24033800517","tract",2023,"food_rnk",74.62
"24033800518","tract",2023,"food_rnk",83.5773
"24033800519","tract",2023,"food_rnk",93.9422
"24033800520","tract",2023,"food_rnk",41.2008
"24033800521","tract",2023,"food_rnk",70.3703
"24033800522","tract",2023,"food_rnk",79.3642
"24033800605","tract",2023,"food_rnk",73.8838
"24033800606","tract",2023,"food_rnk",53.0759
"24033800607","tract",2023,"food_rnk",40.4366
"24033800608","tract",2023,"food_rnk",67.5123
"24033800609","tract",2023,"food_rnk",18.5164
"24033800701","tract",2023,"food_rnk",88.7732
"24033800704","tract",2023,"food_rnk",41.561
"24033800705","tract",2023,"food_rnk",63.0489
"24033800706","tract",2023,"food_rnk",40.6002
"24033800707","tract",2023,"food_rnk",79.7805
"24033800800","tract",2023,"food_rnk",89.6546
"24033800900","tract",2023,"food_rnk",60.4205
"24033801003","tract",2023,"food_rnk",68.9578
"24033801004","tract",2023,"food_rnk",48.4038
"24033801005","tract",2023,"food_rnk",60.9527
"24033801006","tract",2023,"food_rnk",19.5187
"24033801105","tract",2023,"food_rnk",76.9005
"24033801106","tract",2023,"food_rnk",78.0506
"24033801207","tract",2023,"food_rnk",46.6653
"24033801208","tract",2023,"food_rnk",66.3977
"24033801209","tract",2023,"food_rnk",58.8773
"24033801210","tract",2023,"food_rnk",43.0516
"24033801211","tract",2023,"food_rnk",39.853
"24033801212","tract",2023,"food_rnk",64.1135
"24033801213","tract",2023,"food_rnk",39.8249
"24033801214","tract",2023,"food_rnk",44.1076
"24033801215","tract",2023,"food_rnk",67.4513
"24033801216","tract",2023,"food_rnk",31.0666
"24033801217","tract",2023,"food_rnk",37.4419
"24033801302","tract",2023,"food_rnk",16.3641
"24033801305","tract",2023,"food_rnk",48.5124
"24033801307","tract",2023,"food_rnk",73.6165
"24033801308","tract",2023,"food_rnk",54.4274
"24033801309","tract",2023,"food_rnk",77.9285
"24033801310","tract",2023,"food_rnk",57.3403
"24033801311","tract",2023,"food_rnk",45.1417
"24033801312","tract",2023,"food_rnk",66.7688
"24033801313","tract",2023,"food_rnk",58.2132
"24033801404","tract",2023,"food_rnk",69.9064
"24033801405","tract",2023,"food_rnk",27.8827
"24033801406","tract",2023,"food_rnk",56.5016
"24033801407","tract",2023,"food_rnk",61.2311
"24033801408","tract",2023,"food_rnk",59.5146
"24033801409","tract",2023,"food_rnk",42.5559
"24033801410","tract",2023,"food_rnk",45.1991
"24033801411","tract",2023,"food_rnk",47.1072
"24033801500","tract",2023,"food_rnk",34.0626
"24033801600","tract",2023,"food_rnk",14.5621
"24033801701","tract",2023,"food_rnk",32.0226
"24033801702","tract",2023,"food_rnk",22.4646
"24033801704","tract",2023,"food_rnk",7.8659
"24033801707","tract",2023,"food_rnk",54.8901
"24033801709","tract",2023,"food_rnk",26.3225
"24033801801","tract",2023,"food_rnk",18.1856
"24033801802","tract",2023,"food_rnk",52.9465
"24033801807","tract",2023,"food_rnk",39.6442
"24033801808","tract",2023,"food_rnk",17.2089
"24033801809","tract",2023,"food_rnk",35.1369
"24033801901","tract",2023,"food_rnk",64.9314
"24033801904","tract",2023,"food_rnk",23.5023
"24033801905","tract",2023,"food_rnk",32.1691
"24033801906","tract",2023,"food_rnk",18.1123
"24033801907","tract",2023,"food_rnk",28.5761
"24033801908","tract",2023,"food_rnk",13.6697
"24033802001","tract",2023,"food_rnk",4.2888
"24033802002","tract",2023,"food_rnk",59.1251
"24033802103","tract",2023,"food_rnk",9.7545
"24033802104","tract",2023,"food_rnk",17.4323
"24033802106","tract",2023,"food_rnk",13.4402
"24033802107","tract",2023,"food_rnk",43.0516
"24033802201","tract",2023,"food_rnk",64.9913
"24033802203","tract",2023,"food_rnk",42.7794
"24033802204","tract",2023,"food_rnk",61.1139
"24033802301","tract",2023,"food_rnk",41.3803
"24033802404","tract",2023,"food_rnk",3.7272
"24033802405","tract",2023,"food_rnk",33.2532
"24033802406","tract",2023,"food_rnk",25.7304
"24033802407","tract",2023,"food_rnk",14.108
"24033802408","tract",2023,"food_rnk",32.1837
"24033802501","tract",2023,"food_rnk",15.8318
"24033802502","tract",2023,"food_rnk",61.7512
"24033802600","tract",2023,"food_rnk",52.2018
"24033802700","tract",2023,"food_rnk",15.2763
"24033802803","tract",2023,"food_rnk",25.6535
"24033802804","tract",2023,"food_rnk",15.0041
"24033802805","tract",2023,"food_rnk",19.0524
"24033802901","tract",2023,"food_rnk",26.6887
"24033803001","tract",2023,"food_rnk",28.8716
"24033803002","tract",2023,"food_rnk",43.5583
"24033803100","tract",2023,"food_rnk",34.4545
"24033803200","tract",2023,"food_rnk",36.9584
"24033803300","tract",2023,"food_rnk",41.9541
"24033803403","tract",2023,"food_rnk",20.9361
"24033803508","tract",2023,"food_rnk",12.9836
"24033803509","tract",2023,"food_rnk",12.466
"24033803512","tract",2023,"food_rnk",66.8921
"24033803513","tract",2023,"food_rnk",53.2871
"24033803514","tract",2023,"food_rnk",53.9195
"24033803516","tract",2023,"food_rnk",21.1266
"24033803519","tract",2023,"food_rnk",33.2532
"24033803520","tract",2023,"food_rnk",58.1863
"24033803521","tract",2023,"food_rnk",86.5842
"24033803524","tract",2023,"food_rnk",30.9031
"24033803525","tract",2023,"food_rnk",30.7199
"24033803526","tract",2023,"food_rnk",43.6706
"24033803527","tract",2023,"food_rnk",23.1532
"24033803528","tract",2023,"food_rnk",72.3212
"24033803601","tract",2023,"food_rnk",25.2762
"24033803602","tract",2023,"food_rnk",24.5291
"24033803605","tract",2023,"food_rnk",50.6855
"24033803606","tract",2023,"food_rnk",40.0435
"24033803607","tract",2023,"food_rnk",64.3601
"24033803608","tract",2023,"food_rnk",47.0682
"24033803610","tract",2023,"food_rnk",25.3189
"24033803612","tract",2023,"food_rnk",36.7472
"24033803613","tract",2023,"food_rnk",31.3157
"24033803700","tract",2023,"food_rnk",21.7956
"24033803801","tract",2023,"food_rnk",50.6196
"24033803803","tract",2023,"food_rnk",43.5216
"24033803900","tract",2023,"food_rnk",46.2917
"24033804001","tract",2023,"food_rnk",32.9028
"24033804002","tract",2023,"food_rnk",30.068
"24033804101","tract",2023,"food_rnk",50.13
"24033804102","tract",2023,"food_rnk",11.6968
"24033804200","tract",2023,"food_rnk",65.7909
"24033804300","tract",2023,"food_rnk",20.2732
"24033804400","tract",2023,"food_rnk",48.4746
"24033804600","tract",2023,"food_rnk",24.5791
"24033804700","tract",2023,"food_rnk",63.4262
"24033804801","tract",2023,"food_rnk",20.4063
"24033804802","tract",2023,"food_rnk",34.7047
"24033804900","tract",2023,"food_rnk",37.6347
"24033805000","tract",2023,"food_rnk",53.6131
"24033805101","tract",2023,"food_rnk",33.3814
"24033805201","tract",2023,"food_rnk",54.525
"24033805202","tract",2023,"food_rnk",15.9954
"24033805500","tract",2023,"food_rnk",44.9891
"24033805601","tract",2023,"food_rnk",40.0837
"24033805602","tract",2023,"food_rnk",27.9682
"24033805700","tract",2023,"food_rnk",26.0978
"24033805801","tract",2023,"food_rnk",62.6399
"24033805802","tract",2023,"food_rnk",39.2255
"24033805904","tract",2023,"food_rnk",45.1991
"24033805906","tract",2023,"food_rnk",48.4746
"24033805907","tract",2023,"food_rnk",15.291
"24033805908","tract",2023,"food_rnk",37.0707
"24033805909","tract",2023,"food_rnk",35.414
"24033806000","tract",2023,"food_rnk",58.6942
"24033806100","tract",2023,"food_rnk",40.1045
"24033806400","tract",2023,"food_rnk",65.3648
"24033806501","tract",2023,"food_rnk",22.207
"24033806601","tract",2023,"food_rnk",49.0545
"24033806602","tract",2023,"food_rnk",34.9428
"24033806706","tract",2023,"food_rnk",81.8486
"24033806708","tract",2023,"food_rnk",41.0079
"24033806710","tract",2023,"food_rnk",54.0599
"24033806711","tract",2023,"food_rnk",55.6738
"24033806712","tract",2023,"food_rnk",57.7834
"24033806713","tract",2023,"food_rnk",19.9302
"24033806714","tract",2023,"food_rnk",10.9192
"24033806800","tract",2023,"food_rnk",83.6847
"24033806900","tract",2023,"food_rnk",27.6068
"24033807000","tract",2023,"food_rnk",71.7217
"24033807102","tract",2023,"food_rnk",94.5062
"24033807301","tract",2023,"food_rnk",24.1372
"24033807304","tract",2023,"food_rnk",57.9299
"24033807305","tract",2023,"food_rnk",27.1685
"24033807404","tract",2023,"food_rnk",54.7875
"24033807405","tract",2023,"food_rnk",34.999
"24033807407","tract",2023,"food_rnk",57.8091
"24033807408","tract",2023,"food_rnk",62.9769
"24033807409","tract",2023,"food_rnk",25.2371
"24033807410","tract",2023,"food_rnk",87.3106
"24033807500","tract",2023,"food_rnk",50.0348
"24033980000","tract",2023,"food_rnk",NA
"24035810100","tract",2023,"food_rnk",63.8351
"24035810200","tract",2023,"food_rnk",26.9805
"24035810300","tract",2023,"food_rnk",75.7139
"24035810400","tract",2023,"food_rnk",50.0604
"24035810500","tract",2023,"food_rnk",56.6957
"24035810600","tract",2023,"food_rnk",78.7086
"24035810700","tract",2023,"food_rnk",65.3392
"24035810800","tract",2023,"food_rnk",63.9645
"24035810901","tract",2023,"food_rnk",71.3091
"24035810902","tract",2023,"food_rnk",84.5112
"24035811000","tract",2023,"food_rnk",34.3971
"24035990000","tract",2023,"food_rnk",NA
"24035990100","tract",2023,"food_rnk",NA
"24035990200","tract",2023,"food_rnk",NA
"24037875000","tract",2023,"food_rnk",64.3601
"24037875100","tract",2023,"food_rnk",73.0317
"24037875201","tract",2023,"food_rnk",92.5163
"24037875202","tract",2023,"food_rnk",78.0506
"24037875300","tract",2023,"food_rnk",59.5146
"24037875400","tract",2023,"food_rnk",49.4586
"24037875501","tract",2023,"food_rnk",47.6578
"24037875502","tract",2023,"food_rnk",82.8057
"24037875601","tract",2023,"food_rnk",71.137
"24037875602","tract",2023,"food_rnk",73.4431
"24037875700","tract",2023,"food_rnk",45.2418
"24037875803","tract",2023,"food_rnk",73.238
"24037875903","tract",2023,"food_rnk",10.4235
"24037875904","tract",2023,"food_rnk",23.1642
"24037875905","tract",2023,"food_rnk",45.2418
"24037875906","tract",2023,"food_rnk",73.6165
"24037876001","tract",2023,"food_rnk",6.0541
"24037876003","tract",2023,"food_rnk",42.971
"24037876004","tract",2023,"food_rnk",84.1926
"24037876101","tract",2023,"food_rnk",65.4527
"24037876102","tract",2023,"food_rnk",78.3411
"24037876200","tract",2023,"food_rnk",59.102
"24037990000","tract",2023,"food_rnk",NA
"24039930101","tract",2023,"food_rnk",0.9559
"24039930102","tract",2023,"food_rnk",33.4863
"24039930200","tract",2023,"food_rnk",37.5505
"24039930500","tract",2023,"food_rnk",26.602
"24039930600","tract",2023,"food_rnk",2.9996
"24039930800","tract",2023,"food_rnk",NA
"24039990100","tract",2023,"food_rnk",NA
"24041960100","tract",2023,"food_rnk",41.7185
"24041960201","tract",2023,"food_rnk",58.6051
"24041960300","tract",2023,"food_rnk",10.9448
"24041960400","tract",2023,"food_rnk",39.9348
"24041960501","tract",2023,"food_rnk",64.238
"24041960502","tract",2023,"food_rnk",64.1684
"24041960600","tract",2023,"food_rnk",76.8224
"24041960700","tract",2023,"food_rnk",49.0545
"24041960800","tract",2023,"food_rnk",70.7536
"24041960900","tract",2023,"food_rnk",56.0975
"24041990000","tract",2023,"food_rnk",NA
"24043000100","tract",2023,"food_rnk",41.0507
"24043000200","tract",2023,"food_rnk",56.8849
"24043000301","tract",2023,"food_rnk",7.7828
"24043000302","tract",2023,"food_rnk",2.4734
"24043000400","tract",2023,"food_rnk",1.1757
"24043000500","tract",2023,"food_rnk",4.4805
"24043000601","tract",2023,"food_rnk",12.6161
"24043000602","tract",2023,"food_rnk",45.3016
"24043000700","tract",2023,"food_rnk",4.6856
"24043000800","tract",2023,"food_rnk",6.1457
"24043000900","tract",2023,"food_rnk",4.2449
"24043001001","tract",2023,"food_rnk",12.1962
"24043001002","tract",2023,"food_rnk",31.3023
"24043010100","tract",2023,"food_rnk",60.8929
"24043010200","tract",2023,"food_rnk",82.3455
"24043010300","tract",2023,"food_rnk",54.0599
"24043010401","tract",2023,"food_rnk",38.8934
"24043010402","tract",2023,"food_rnk",30.7346
"24043010600","tract",2023,"food_rnk",74.4882
"24043010700","tract",2023,"food_rnk",24.4985
"24043010802","tract",2023,"food_rnk",43.3239
"24043010803","tract",2023,"food_rnk",74.0938
"24043010901","tract",2023,"food_rnk",68.5683
"24043010902","tract",2023,"food_rnk",55.6067
"24043011000","tract",2023,"food_rnk",NA
"24043011100","tract",2023,"food_rnk",82.2454
"24043011202","tract",2023,"food_rnk",40.5464
"24043011203","tract",2023,"food_rnk",36.9901
"24043011204","tract",2023,"food_rnk",25.0418
"24043011301","tract",2023,"food_rnk",51.7781
"24043011302","tract",2023,"food_rnk",85.5062
"24043011400","tract",2023,"food_rnk",73.238
"24043011501","tract",2023,"food_rnk",78.1971
"24043011502","tract",2023,"food_rnk",55.9791
"24043011600","tract",2023,"food_rnk",62.3445
"24043011700","tract",2023,"food_rnk",59.8186
"24045000100","tract",2023,"food_rnk",9.7948
"24045000200","tract",2023,"food_rnk",15.9954
"24045000300","tract",2023,"food_rnk",0.3956
"24045000400","tract",2023,"food_rnk",17.3127
"24045000500","tract",2023,"food_rnk",11.4417
"24045010101","tract",2023,"food_rnk",47.8519
"24045010102","tract",2023,"food_rnk",11.4637
"24045010200","tract",2023,"food_rnk",9.0488
"24045010300","tract",2023,"food_rnk",43.0052
"24045010400","tract",2023,"food_rnk",17.6826
"24045010501","tract",2023,"food_rnk",38.7933
"24045010503","tract",2023,"food_rnk",11.2
"24045010504","tract",2023,"food_rnk",52.5583
"24045010603","tract",2023,"food_rnk",85.7284
"24045010604","tract",2023,"food_rnk",22.0911
"24045010605","tract",2023,"food_rnk",64.8118
"24045010606","tract",2023,"food_rnk",65.7665
"24045010701","tract",2023,"food_rnk",45.713
"24045010703","tract",2023,"food_rnk",51.2129
"24045010704","tract",2023,"food_rnk",19.1586
"24045010800","tract",2023,"food_rnk",43.2115
"24047950000","tract",2023,"food_rnk",91.8863
"24047950100","tract",2023,"food_rnk",44.6765
"24047950300","tract",2023,"food_rnk",88.2934
"24047950400","tract",2023,"food_rnk",73.8521
"24047950600","tract",2023,"food_rnk",76.649
"24047950700","tract",2023,"food_rnk",75.0363
"24047950800","tract",2023,"food_rnk",95.08
"24047950900","tract",2023,"food_rnk",71.1101
"24047951000","tract",2023,"food_rnk",35.5642
"24047951101","tract",2023,"food_rnk",94.2828
"24047951102","tract",2023,"food_rnk",99.5886
"24047951200","tract",2023,"food_rnk",53.4837
"24047951300","tract",2023,"food_rnk",36.4469
"24047951400","tract",2023,"food_rnk",35.6069
"24047951500","tract",2023,"food_rnk",27.774
"24047951700","tract",2023,"food_rnk",96.1409
"24047980000","tract",2023,"food_rnk",NA
"24047990000","tract",2023,"food_rnk",NA
"24510010100","tract",2023,"food_rnk",48.3256
"24510010200","tract",2023,"food_rnk",84.532
"24510010300","tract",2023,"food_rnk",61.4655
"24510010400","tract",2023,"food_rnk",22.6697
"24510010500","tract",2023,"food_rnk",67.9274
"24510020100","tract",2023,"food_rnk",66.6467
"24510020200","tract",2023,"food_rnk",52.1261
"24510020300","tract",2023,"food_rnk",94.1119
"24510030100","tract",2023,"food_rnk",1.3454
"24510030200","tract",2023,"food_rnk",81.9499
"24510040100","tract",2023,"food_rnk",6.7085
"24510040200","tract",2023,"food_rnk",NA
"24510060100","tract",2023,"food_rnk",43.8329
"24510060200","tract",2023,"food_rnk",35.6533
"24510060300","tract",2023,"food_rnk",23.4889
"24510060400","tract",2023,"food_rnk",3.8285
"24510070100","tract",2023,"food_rnk",1.6359
"24510070200","tract",2023,"food_rnk",10.5432
"24510070300","tract",2023,"food_rnk",7.148
"24510070400","tract",2023,"food_rnk",4.2693
"24510080101","tract",2023,"food_rnk",2.9459
"24510080102","tract",2023,"food_rnk",5.3863
"24510080200","tract",2023,"food_rnk",0.5005
"24510080301","tract",2023,"food_rnk",2.8909
"24510080302","tract",2023,"food_rnk",11.4417
"24510080400","tract",2023,"food_rnk",7.3787
"24510080500","tract",2023,"food_rnk",0.2002
"24510080600","tract",2023,"food_rnk",1.4626
"24510080700","tract",2023,"food_rnk",7.6388
"24510080800","tract",2023,"food_rnk",2.4112
"24510090100","tract",2023,"food_rnk",4.2204
"24510090200","tract",2023,"food_rnk",35.1149
"24510090300","tract",2023,"food_rnk",9.4188
"24510090400","tract",2023,"food_rnk",1.9277
"24510090500","tract",2023,"food_rnk",14.4779
"24510090600","tract",2023,"food_rnk",6.3105
"24510090700","tract",2023,"food_rnk",1.7189
"24510090800","tract",2023,"food_rnk",2.6346
"24510090900","tract",2023,"food_rnk",0.7911
"24510100100","tract",2023,"food_rnk",0.7154
"24510100200","tract",2023,"food_rnk",0.409
"24510100300","tract",2023,"food_rnk",NA
"24510110100","tract",2023,"food_rnk",69.2569
"24510110200","tract",2023,"food_rnk",57.1852
"24510120100","tract",2023,"food_rnk",88.5644
"24510120201","tract",2023,"food_rnk",63.7387
"24510120202","tract",2023,"food_rnk",NA
"24510120300","tract",2023,"food_rnk",9.1697
"24510120400","tract",2023,"food_rnk",3.0387
"24510120500","tract",2023,"food_rnk",14.0286
"24510120600","tract",2023,"food_rnk",10.3161
"24510120700","tract",2023,"food_rnk",47.2611
"24510130100","tract",2023,"food_rnk",9.8827
"24510130200","tract",2023,"food_rnk",25.5314
"24510130300","tract",2023,"food_rnk",2.5589
"24510130400","tract",2023,"food_rnk",15.9954
"24510130600","tract",2023,"food_rnk",58.2327
"24510130700","tract",2023,"food_rnk",89.2224
"24510130803","tract",2023,"food_rnk",74.9374
"24510130804","tract",2023,"food_rnk",22.6148
"24510130805","tract",2023,"food_rnk",18.9865
"24510130806","tract",2023,"food_rnk",55.6897
"24510140100","tract",2023,"food_rnk",71.1101
"24510140200","tract",2023,"food_rnk",2.0644
"24510140300","tract",2023,"food_rnk",6.0615
"24510150100","tract",2023,"food_rnk",2.9801
"24510150200","tract",2023,"food_rnk",1.1537
"24510150300","tract",2023,"food_rnk",0.6947
"24510150400","tract",2023,"food_rnk",2.04
"24510150500","tract",2023,"food_rnk",4.9053
"24510150600","tract",2023,"food_rnk",0.9413
"24510150701","tract",2023,"food_rnk",10.5786
"24510150702","tract",2023,"food_rnk",2.6822
"24510150800","tract",2023,"food_rnk",11.8836
"24510150900","tract",2023,"food_rnk",46.9119
"24510151000","tract",2023,"food_rnk",5.3863
"24510151100","tract",2023,"food_rnk",32.1984
"24510151200","tract",2023,"food_rnk",23.987
"24510151300","tract",2023,"food_rnk",1.5676
"24510160100","tract",2023,"food_rnk",0.1917
"24510160200","tract",2023,"food_rnk",1.1073
"24510160300","tract",2023,"food_rnk",1.0731
"24510160400","tract",2023,"food_rnk",1.4711
"24510160500","tract",2023,"food_rnk",16.8769
"24510160600","tract",2023,"food_rnk",2.0547
"24510160700","tract",2023,"food_rnk",1.5578
"24510160801","tract",2023,"food_rnk",4.4133
"24510160802","tract",2023,"food_rnk",8.3994
"24510170100","tract",2023,"food_rnk",4.0922
"24510170200","tract",2023,"food_rnk",0.9205
"24510170300","tract",2023,"food_rnk",1.4308
"24510180300","tract",2023,"food_rnk",7.7999
"24510190100","tract",2023,"food_rnk",1.3795
"24510190200","tract",2023,"food_rnk",2.7432
"24510190300","tract",2023,"food_rnk",1.6201
"24510200100","tract",2023,"food_rnk",5.8625
"24510200200","tract",2023,"food_rnk",1.3087
"24510200300","tract",2023,"food_rnk",0.2906
"24510200400","tract",2023,"food_rnk",0.5775
"24510200500","tract",2023,"food_rnk",1.1219
"24510200600","tract",2023,"food_rnk",3.853
"24510200701","tract",2023,"food_rnk",10.0951
"24510200702","tract",2023,"food_rnk",1.4198
"24510200800","tract",2023,"food_rnk",3.2755
"24510210100","tract",2023,"food_rnk",19.653
"24510210200","tract",2023,"food_rnk",12.1107
"24510220100","tract",2023,"food_rnk",48.7639
"24510230100","tract",2023,"food_rnk",63.2931
"24510230200","tract",2023,"food_rnk",85.9726
"24510230300","tract",2023,"food_rnk",24.9075
"24510240100","tract",2023,"food_rnk",95.7698
"24510240200","tract",2023,"food_rnk",89.1065
"24510240300","tract",2023,"food_rnk",83.9228
"24510240400","tract",2023,"food_rnk",67.7992
"24510250101","tract",2023,"food_rnk",49.616
"24510250102","tract",2023,"food_rnk",9.3064
"24510250103","tract",2023,"food_rnk",9.7777
"24510250203","tract",2023,"food_rnk",4.29
"24510250204","tract",2023,"food_rnk",0.1441
"24510250205","tract",2023,"food_rnk",8.4653
"24510250206","tract",2023,"food_rnk",17.8572
"24510250207","tract",2023,"food_rnk",1.7348
"24510250301","tract",2023,"food_rnk",0.6763
"24510250303","tract",2023,"food_rnk",2.6529
"24510250401","tract",2023,"food_rnk",5.9748
"24510250402","tract",2023,"food_rnk",8.9036
"24510250500","tract",2023,"food_rnk",12.7846
"24510250600","tract",2023,"food_rnk",NA
"24510260101","tract",2023,"food_rnk",39.4318
"24510260102","tract",2023,"food_rnk",16.3775
"24510260201","tract",2023,"food_rnk",18.4737
"24510260202","tract",2023,"food_rnk",1.4833
"24510260203","tract",2023,"food_rnk",17.2089
"24510260301","tract",2023,"food_rnk",6.0383
"24510260302","tract",2023,"food_rnk",12.2951
"24510260303","tract",2023,"food_rnk",4.0764
"24510260401","tract",2023,"food_rnk",21.2279
"24510260402","tract",2023,"food_rnk",2.4282
"24510260403","tract",2023,"food_rnk",3.2438
"24510260404","tract",2023,"food_rnk",0.6177
"24510260501","tract",2023,"food_rnk",17.519
"24510260604","tract",2023,"food_rnk",0.6605
"24510260605","tract",2023,"food_rnk",31.1814
"24510260700","tract",2023,"food_rnk",13.0788
"24510260800","tract",2023,"food_rnk",46.6848
"24510260900","tract",2023,"food_rnk",70.4509
"24510261000","tract",2023,"food_rnk",5.755
"24510261100","tract",2023,"food_rnk",59.611
"24510270101","tract",2023,"food_rnk",25.2591
"24510270102","tract",2023,"food_rnk",8.7693
"24510270200","tract",2023,"food_rnk",46.979
"24510270301","tract",2023,"food_rnk",35.6533
"24510270302","tract",2023,"food_rnk",24.4167
"24510270401","tract",2023,"food_rnk",23.5414
"24510270402","tract",2023,"food_rnk",13.2412
"24510270501","tract",2023,"food_rnk",42.5059
"24510270502","tract",2023,"food_rnk",32.246
"24510270600","tract",2023,"food_rnk",32.434
"24510270701","tract",2023,"food_rnk",47.6065
"24510270702","tract",2023,"food_rnk",17.8108
"24510270703","tract",2023,"food_rnk",49.8871
"24510270801","tract",2023,"food_rnk",9.9999
"24510270802","tract",2023,"food_rnk",49.2303
"24510270803","tract",2023,"food_rnk",7.673
"24510270804","tract",2023,"food_rnk",32.3314
"24510270805","tract",2023,"food_rnk",17.3786
"24510270901","tract",2023,"food_rnk",22.5208
"24510270902","tract",2023,"food_rnk",46.7935
"24510270903","tract",2023,"food_rnk",NA
"24510271001","tract",2023,"food_rnk",1.8776
"24510271002","tract",2023,"food_rnk",11.7677
"24510271101","tract",2023,"food_rnk",40.1045
"24510271102","tract",2023,"food_rnk",NA
"24510271200","tract",2023,"food_rnk",65.7665
"24510271300","tract",2023,"food_rnk",82.9693
"24510271400","tract",2023,"food_rnk",96.3985
"24510271501","tract",2023,"food_rnk",79.8696
"24510271503","tract",2023,"food_rnk",81.9255
"24510271600","tract",2023,"food_rnk",3.0362
"24510271700","tract",2023,"food_rnk",11.8153
"24510271801","tract",2023,"food_rnk",0.4542
"24510271802","tract",2023,"food_rnk",0.5482
"24510271900","tract",2023,"food_rnk",35.2614
"24510272003","tract",2023,"food_rnk",43.695
"24510272004","tract",2023,"food_rnk",54.3431
"24510272005","tract",2023,"food_rnk",32.7514
"24510272006","tract",2023,"food_rnk",4.4731
"24510272007","tract",2023,"food_rnk",36.5531
"24510280101","tract",2023,"food_rnk",10.5786
"24510280102","tract",2023,"food_rnk",6.8941
"24510280200","tract",2023,"food_rnk",20.3428
"24510280301","tract",2023,"food_rnk",20.3868
"24510280302","tract",2023,"food_rnk",3.8212
"24510280401","tract",2023,"food_rnk",12.8554
"24510280402","tract",2023,"food_rnk",28.9399
"24510280403","tract",2023,"food_rnk",38.8617
"24510280404","tract",2023,"food_rnk",2.0522
"24510280500","tract",2023,"food_rnk",0.5115
"24510280600","tract",2023,"food_rnk",0.1453
"24001000100","tract",2023,"food_state_rnk",66.5049
"24001000200","tract",2023,"food_state_rnk",13.8003
"24001000500","tract",2023,"food_state_rnk",6.0333
"24001000600","tract",2023,"food_state_rnk",11.0264
"24001000700","tract",2023,"food_state_rnk",6.5881
"24001000800","tract",2023,"food_state_rnk",5.6172
"24001001000","tract",2023,"food_state_rnk",4.785
"24001001100","tract",2023,"food_state_rnk",10.3329
"24001001200","tract",2023,"food_state_rnk",61.5118
"24001001300","tract",2023,"food_state_rnk",NA
"24001001401","tract",2023,"food_state_rnk",66.1581
"24001001402","tract",2023,"food_state_rnk",54.3689
"24001001502","tract",2023,"food_state_rnk",8.6685
"24001001503","tract",2023,"food_state_rnk",24.9307
"24001001600","tract",2023,"food_state_rnk",40.9847
"24001001700","tract",2023,"food_state_rnk",20.2497
"24001001800","tract",2023,"food_state_rnk",NA
"24001001900","tract",2023,"food_state_rnk",19.7642
"24001002000","tract",2023,"food_state_rnk",35.4369
"24001002100","tract",2023,"food_state_rnk",22.2954
"24001002200","tract",2023,"food_state_rnk",21.0818
"24001002300","tract",2023,"food_state_rnk",41.1928
"24003701101","tract",2023,"food_state_rnk",97.9196
"24003701103","tract",2023,"food_state_rnk",82.6283
"24003701104","tract",2023,"food_state_rnk",72.6075
"24003701201","tract",2023,"food_state_rnk",67.8918
"24003701202","tract",2023,"food_state_rnk",62.8294
"24003701301","tract",2023,"food_state_rnk",70.319
"24003701302","tract",2023,"food_state_rnk",36.061
"24003701400","tract",2023,"food_state_rnk",82.1429
"24003702100","tract",2023,"food_state_rnk",99.3759
"24003702204","tract",2023,"food_state_rnk",84.3273
"24003702205","tract",2023,"food_state_rnk",86.6158
"24003702206","tract",2023,"food_state_rnk",100
"24003702208","tract",2023,"food_state_rnk",99.9307
"24003702209","tract",2023,"food_state_rnk",75.5201
"24003702300","tract",2023,"food_state_rnk",89.8058
"24003702402","tract",2023,"food_state_rnk",97.7809
"24003702500","tract",2023,"food_state_rnk",14.7018
"24003702601","tract",2023,"food_state_rnk",63.5229
"24003702602","tract",2023,"food_state_rnk",84.57
"24003702702","tract",2023,"food_state_rnk",97.3648
"24003702703","tract",2023,"food_state_rnk",49.792
"24003702704","tract",2023,"food_state_rnk",50.0693
"24003706102","tract",2023,"food_state_rnk",23.3703
"24003706103","tract",2023,"food_state_rnk",64.1817
"24003706302","tract",2023,"food_state_rnk",93.5853
"24003706303","tract",2023,"food_state_rnk",59.154
"24003706304","tract",2023,"food_state_rnk",97.018
"24003706402","tract",2023,"food_state_rnk",56.2067
"24003706403","tract",2023,"food_state_rnk",50.3467
"24003706404","tract",2023,"food_state_rnk",91.1234
"24003706500","tract",2023,"food_state_rnk",65.3606
"24003706600","tract",2023,"food_state_rnk",65.0485
"24003706700","tract",2023,"food_state_rnk",NA
"24003707001","tract",2023,"food_state_rnk",85.9917
"24003707002","tract",2023,"food_state_rnk",96.7753
"24003708001","tract",2023,"food_state_rnk",61.9972
"24003708004","tract",2023,"food_state_rnk",42.8571
"24003730101","tract",2023,"food_state_rnk",59.5007
"24003730102","tract",2023,"food_state_rnk",79.681
"24003730204","tract",2023,"food_state_rnk",31.5534
"24003730205","tract",2023,"food_state_rnk",23.0929
"24003730206","tract",2023,"food_state_rnk",13.3148
"24003730300","tract",2023,"food_state_rnk",27.8086
"24003730401","tract",2023,"food_state_rnk",31.6921
"24003730403","tract",2023,"food_state_rnk",16.9903
"24003730404","tract",2023,"food_state_rnk",16.2968
"24003730507","tract",2023,"food_state_rnk",87.448
"24003730508","tract",2023,"food_state_rnk",32.9057
"24003730509","tract",2023,"food_state_rnk",55.9639
"24003730510","tract",2023,"food_state_rnk",34.9515
"24003730511","tract",2023,"food_state_rnk",9.154
"24003730512","tract",2023,"food_state_rnk",25.8669
"24003730513","tract",2023,"food_state_rnk",14.2857
"24003730514","tract",2023,"food_state_rnk",18.4813
"24003730601","tract",2023,"food_state_rnk",85.749
"24003730603","tract",2023,"food_state_rnk",69.4175
"24003730605","tract",2023,"food_state_rnk",53.19
"24003730606","tract",2023,"food_state_rnk",92.9958
"24003730701","tract",2023,"food_state_rnk",92.7184
"24003730702","tract",2023,"food_state_rnk",96.3939
"24003730800","tract",2023,"food_state_rnk",93.8974
"24003730901","tract",2023,"food_state_rnk",88.0721
"24003730902","tract",2023,"food_state_rnk",90.0139
"24003731002","tract",2023,"food_state_rnk",61.6505
"24003731003","tract",2023,"food_state_rnk",83.0097
"24003731004","tract",2023,"food_state_rnk",59.2926
"24003731103","tract",2023,"food_state_rnk",79.5423
"24003731104","tract",2023,"food_state_rnk",57.6976
"24003731105","tract",2023,"food_state_rnk",77.2885
"24003731106","tract",2023,"food_state_rnk",78.9528
"24003731107","tract",2023,"food_state_rnk",95.1803
"24003731201","tract",2023,"food_state_rnk",69.6949
"24003731205","tract",2023,"food_state_rnk",92.1637
"24003731206","tract",2023,"food_state_rnk",78.3634
"24003731207","tract",2023,"food_state_rnk",89.3897
"24003731208","tract",2023,"food_state_rnk",78.086
"24003731209","tract",2023,"food_state_rnk",56.6574
"24003731210","tract",2023,"food_state_rnk",43.0999
"24003731303","tract",2023,"food_state_rnk",95.6311
"24003731306","tract",2023,"food_state_rnk",83.9112
"24003731307","tract",2023,"food_state_rnk",58.7379
"24003731308","tract",2023,"food_state_rnk",63.8696
"24003731309","tract",2023,"food_state_rnk",70.4577
"24003731310","tract",2023,"food_state_rnk",39.9445
"24003731312","tract",2023,"food_state_rnk",25.0347
"24003731313","tract",2023,"food_state_rnk",82.9404
"24003740103","tract",2023,"food_state_rnk",74.896
"24003740104","tract",2023,"food_state_rnk",68.0999
"24003740105","tract",2023,"food_state_rnk",33.5645
"24003740106","tract",2023,"food_state_rnk",94.4521
"24003740107","tract",2023,"food_state_rnk",74.7573
"24003740108","tract",2023,"food_state_rnk",87.2399
"24003740203","tract",2023,"food_state_rnk",85.1595
"24003740204","tract",2023,"food_state_rnk",29.889
"24003740205","tract",2023,"food_state_rnk",76.387
"24003740303","tract",2023,"food_state_rnk",55.6172
"24003740304","tract",2023,"food_state_rnk",79.0569
"24003740305","tract",2023,"food_state_rnk",46.3245
"24003740400","tract",2023,"food_state_rnk",NA
"24003740501","tract",2023,"food_state_rnk",41.5395
"24003740502","tract",2023,"food_state_rnk",68.6893
"24003740601","tract",2023,"food_state_rnk",88.6963
"24003740602","tract",2023,"food_state_rnk",63.0721
"24003740603","tract",2023,"food_state_rnk",94.8682
"24003740701","tract",2023,"food_state_rnk",75.1734
"24003740703","tract",2023,"food_state_rnk",90.3606
"24003740704","tract",2023,"food_state_rnk",99.0985
"24003740800","tract",2023,"food_state_rnk",80.0971
"24003740900","tract",2023,"food_state_rnk",74.0638
"24003741000","tract",2023,"food_state_rnk",71.0818
"24003750101","tract",2023,"food_state_rnk",46.9487
"24003750102","tract",2023,"food_state_rnk",38.4882
"24003750201","tract",2023,"food_state_rnk",35.2288
"24003750204","tract",2023,"food_state_rnk",73.5437
"24003750300","tract",2023,"food_state_rnk",58.8766
"24003750400","tract",2023,"food_state_rnk",80.6519
"24003750801","tract",2023,"food_state_rnk",29.3343
"24003750803","tract",2023,"food_state_rnk",16.4355
"24003750804","tract",2023,"food_state_rnk",34.8128
"24003750900","tract",2023,"food_state_rnk",33.7032
"24003751000","tract",2023,"food_state_rnk",26.7684
"24003751102","tract",2023,"food_state_rnk",66.4355
"24003751103","tract",2023,"food_state_rnk",30.1664
"24003751200","tract",2023,"food_state_rnk",97.5728
"24003751400","tract",2023,"food_state_rnk",96.4979
"24003751500","tract",2023,"food_state_rnk",51.8377
"24003751600","tract",2023,"food_state_rnk",99.8613
"24003751700","tract",2023,"food_state_rnk",99.5146
"24003980000","tract",2023,"food_state_rnk",NA
"24003990000","tract",2023,"food_state_rnk",NA
"24005400100","tract",2023,"food_state_rnk",90.638
"24005400200","tract",2023,"food_state_rnk",28.8141
"24005400400","tract",2023,"food_state_rnk",83.3564
"24005400500","tract",2023,"food_state_rnk",96.4979
"24005400600","tract",2023,"food_state_rnk",72.9542
"24005400701","tract",2023,"food_state_rnk",15.2566
"24005400702","tract",2023,"food_state_rnk",15.1179
"24005400800","tract",2023,"food_state_rnk",24.4105
"24005400900","tract",2023,"food_state_rnk",71.3245
"24005401000","tract",2023,"food_state_rnk",84.1886
"24005401101","tract",2023,"food_state_rnk",9.57
"24005401102","tract",2023,"food_state_rnk",30.6172
"24005401200","tract",2023,"food_state_rnk",18.4813
"24005401301","tract",2023,"food_state_rnk",14.2164
"24005401302","tract",2023,"food_state_rnk",20.7351
"24005401400","tract",2023,"food_state_rnk",93.6893
"24005401503","tract",2023,"food_state_rnk",36.8239
"24005401504","tract",2023,"food_state_rnk",68.3773
"24005401505","tract",2023,"food_state_rnk",19.1401
"24005401506","tract",2023,"food_state_rnk",25.2427
"24005401507","tract",2023,"food_state_rnk",34.6741
"24005402201","tract",2023,"food_state_rnk",77.9473
"24005402202","tract",2023,"food_state_rnk",64.7365
"24005402302","tract",2023,"food_state_rnk",28.6408
"24005402303","tract",2023,"food_state_rnk",40.4993
"24005402304","tract",2023,"food_state_rnk",13.9043
"24005402305","tract",2023,"food_state_rnk",11.8585
"24005402306","tract",2023,"food_state_rnk",23.9598
"24005402307","tract",2023,"food_state_rnk",15.6033
"24005402403","tract",2023,"food_state_rnk",15.534
"24005402404","tract",2023,"food_state_rnk",37.2399
"24005402405","tract",2023,"food_state_rnk",13.6616
"24005402407","tract",2023,"food_state_rnk",49.4452
"24005402408","tract",2023,"food_state_rnk",36.4771
"24005402409","tract",2023,"food_state_rnk",10.2635
"24005402503","tract",2023,"food_state_rnk",29.577
"24005402504","tract",2023,"food_state_rnk",64.4938
"24005402505","tract",2023,"food_state_rnk",31.484
"24005402506","tract",2023,"food_state_rnk",42.4411
"24005402510","tract",2023,"food_state_rnk",10.5409
"24005402511","tract",2023,"food_state_rnk",45.215
"24005402602","tract",2023,"food_state_rnk",23.0236
"24005402603","tract",2023,"food_state_rnk",23.2663
"24005402604","tract",2023,"food_state_rnk",37.7947
"24005403100","tract",2023,"food_state_rnk",27.8779
"24005403201","tract",2023,"food_state_rnk",27.2538
"24005403202","tract",2023,"food_state_rnk",21.4979
"24005403300","tract",2023,"food_state_rnk",50.2427
"24005403401","tract",2023,"food_state_rnk",26.491
"24005403402","tract",2023,"food_state_rnk",19.9723
"24005403500","tract",2023,"food_state_rnk",73.9251
"24005403601","tract",2023,"food_state_rnk",94.3828
"24005403602","tract",2023,"food_state_rnk",45.111
"24005403702","tract",2023,"food_state_rnk",31.9695
"24005403703","tract",2023,"food_state_rnk",76.491
"24005403704","tract",2023,"food_state_rnk",26.6297
"24005403801","tract",2023,"food_state_rnk",76.8377
"24005403802","tract",2023,"food_state_rnk",95.2843
"24005403803","tract",2023,"food_state_rnk",92.9265
"24005404101","tract",2023,"food_state_rnk",79.9931
"24005404102","tract",2023,"food_state_rnk",47.8849
"24005404201","tract",2023,"food_state_rnk",47.5035
"24005404202","tract",2023,"food_state_rnk",37.344
"24005404402","tract",2023,"food_state_rnk",62.344
"24005404403","tract",2023,"food_state_rnk",27.7393
"24005404404","tract",2023,"food_state_rnk",68.932
"24005404501","tract",2023,"food_state_rnk",44.3828
"24005404502","tract",2023,"food_state_rnk",14.5631
"24005404600","tract",2023,"food_state_rnk",44.0361
"24005404800","tract",2023,"food_state_rnk",75.7282
"24005404900","tract",2023,"food_state_rnk",84.6741
"24005405000","tract",2023,"food_state_rnk",84.0846
"24005406000","tract",2023,"food_state_rnk",94.6602
"24005407001","tract",2023,"food_state_rnk",93.7587
"24005407002","tract",2023,"food_state_rnk",83.9806
"24005408100","tract",2023,"food_state_rnk",92.233
"24005408200","tract",2023,"food_state_rnk",90.534
"24005408302","tract",2023,"food_state_rnk",97.2954
"24005408303","tract",2023,"food_state_rnk",89.3204
"24005408304","tract",2023,"food_state_rnk",94.7295
"24005408400","tract",2023,"food_state_rnk",88.2108
"24005408502","tract",2023,"food_state_rnk",76.0749
"24005408503","tract",2023,"food_state_rnk",11.3037
"24005408505","tract",2023,"food_state_rnk",75.0347
"24005408506","tract",2023,"food_state_rnk",21.9834
"24005408507","tract",2023,"food_state_rnk",16.0888
"24005408601","tract",2023,"food_state_rnk",89.0083
"24005408602","tract",2023,"food_state_rnk",80.9639
"24005408702","tract",2023,"food_state_rnk",78.4327
"24005408703","tract",2023,"food_state_rnk",92.3024
"24005408704","tract",2023,"food_state_rnk",98.8211
"24005408800","tract",2023,"food_state_rnk",84.466
"24005408900","tract",2023,"food_state_rnk",96.0472
"24005410100","tract",2023,"food_state_rnk",99.2372
"24005410200","tract",2023,"food_state_rnk",73.9251
"24005411101","tract",2023,"food_state_rnk",92.0596
"24005411102","tract",2023,"food_state_rnk",86.5465
"24005411201","tract",2023,"food_state_rnk",75.4508
"24005411202","tract",2023,"food_state_rnk",99.0291
"24005411302","tract",2023,"food_state_rnk",90.534
"24005411303","tract",2023,"food_state_rnk",74.6879
"24005411306","tract",2023,"food_state_rnk",52.7739
"24005411307","tract",2023,"food_state_rnk",28.9875
"24005411308","tract",2023,"food_state_rnk",93.8974
"24005411309","tract",2023,"food_state_rnk",71.9834
"24005411404","tract",2023,"food_state_rnk",69.1401
"24005411406","tract",2023,"food_state_rnk",76.5603
"24005411408","tract",2023,"food_state_rnk",25.5201
"24005411409","tract",2023,"food_state_rnk",57.0042
"24005411410","tract",2023,"food_state_rnk",87.3786
"24005411411","tract",2023,"food_state_rnk",18.932
"24005411412","tract",2023,"food_state_rnk",12.8294
"24005411413","tract",2023,"food_state_rnk",89.0083
"24005420100","tract",2023,"food_state_rnk",17.6491
"24005420200","tract",2023,"food_state_rnk",56.3107
"24005420301","tract",2023,"food_state_rnk",3.8141
"24005420302","tract",2023,"food_state_rnk",10.4022
"24005420303","tract",2023,"food_state_rnk",17.8225
"24005420401","tract",2023,"food_state_rnk",9.9168
"24005420402","tract",2023,"food_state_rnk",11.5811
"24005420500","tract",2023,"food_state_rnk",23.509
"24005420600","tract",2023,"food_state_rnk",19.2094
"24005420701","tract",2023,"food_state_rnk",8.0444
"24005420702","tract",2023,"food_state_rnk",46.0818
"24005420800","tract",2023,"food_state_rnk",17.5451
"24005420900","tract",2023,"food_state_rnk",16.0194
"24005421000","tract",2023,"food_state_rnk",1.2483
"24005421101","tract",2023,"food_state_rnk",22.3994
"24005421102","tract",2023,"food_state_rnk",10.6103
"24005421200","tract",2023,"food_state_rnk",18.6546
"24005430101","tract",2023,"food_state_rnk",45.3537
"24005430104","tract",2023,"food_state_rnk",52.2191
"24005430200","tract",2023,"food_state_rnk",14.7712
"24005430300","tract",2023,"food_state_rnk",9.9861
"24005430400","tract",2023,"food_state_rnk",51.2483
"24005430600","tract",2023,"food_state_rnk",78.294
"24005430700","tract",2023,"food_state_rnk",36.1304
"24005430800","tract",2023,"food_state_rnk",29.4036
"24005430900","tract",2023,"food_state_rnk",24.3412
"24005440100","tract",2023,"food_state_rnk",81.38
"24005440200","tract",2023,"food_state_rnk",51.3176
"24005440300","tract",2023,"food_state_rnk",71.5673
"24005440400","tract",2023,"food_state_rnk",33.2871
"24005440500","tract",2023,"food_state_rnk",74.4105
"24005440600","tract",2023,"food_state_rnk",76.1442
"24005440701","tract",2023,"food_state_rnk",15.7767
"24005440702","tract",2023,"food_state_rnk",37.344
"24005440800","tract",2023,"food_state_rnk",30.2705
"24005440900","tract",2023,"food_state_rnk",35.0902
"24005441000","tract",2023,"food_state_rnk",12.4133
"24005441101","tract",2023,"food_state_rnk",66.5742
"24005441102","tract",2023,"food_state_rnk",13.1761
"24005450100","tract",2023,"food_state_rnk",48.2663
"24005450200","tract",2023,"food_state_rnk",24.4799
"24005450300","tract",2023,"food_state_rnk",31.276
"24005450400","tract",2023,"food_state_rnk",23.8558
"24005450501","tract",2023,"food_state_rnk",52.3925
"24005450503","tract",2023,"food_state_rnk",9.362
"24005450504","tract",2023,"food_state_rnk",8.7379
"24005450800","tract",2023,"food_state_rnk",41.8863
"24005450900","tract",2023,"food_state_rnk",54.7503
"24005451000","tract",2023,"food_state_rnk",53.2594
"24005451100","tract",2023,"food_state_rnk",34.3967
"24005451200","tract",2023,"food_state_rnk",36.4078
"24005451300","tract",2023,"food_state_rnk",43.3426
"24005451401","tract",2023,"food_state_rnk",38.5576
"24005451402","tract",2023,"food_state_rnk",11.165
"24005451500","tract",2023,"food_state_rnk",3.3287
"24005451600","tract",2023,"food_state_rnk",60.9917
"24005451701","tract",2023,"food_state_rnk",99.7226
"24005451702","tract",2023,"food_state_rnk",70.1803
"24005451801","tract",2023,"food_state_rnk",18.5853
"24005451802","tract",2023,"food_state_rnk",29.473
"24005451803","tract",2023,"food_state_rnk",31.4147
"24005451900","tract",2023,"food_state_rnk",49.5146
"24005452000","tract",2023,"food_state_rnk",59.9168
"24005452100","tract",2023,"food_state_rnk",52.9126
"24005452300","tract",2023,"food_state_rnk",12.2746
"24005452400","tract",2023,"food_state_rnk",28.294
"24005452500","tract",2023,"food_state_rnk",33.7725
"24005490100","tract",2023,"food_state_rnk",98.5437
"24005490200","tract",2023,"food_state_rnk",56.7614
"24005490302","tract",2023,"food_state_rnk",95.3883
"24005490303","tract",2023,"food_state_rnk",18.724
"24005490304","tract",2023,"food_state_rnk",61.165
"24005490400","tract",2023,"food_state_rnk",93.4466
"24005490500","tract",2023,"food_state_rnk",69.2788
"24005490601","tract",2023,"food_state_rnk",71.1512
"24005490602","tract",2023,"food_state_rnk",76.6297
"24005490603","tract",2023,"food_state_rnk",66.2275
"24005490605","tract",2023,"food_state_rnk",NA
"24005490701","tract",2023,"food_state_rnk",89.147
"24005490703","tract",2023,"food_state_rnk",90.1872
"24005490800","tract",2023,"food_state_rnk",91.3315
"24005490900","tract",2023,"food_state_rnk",69.9029
"24005491000","tract",2023,"food_state_rnk",73.7171
"24005491100","tract",2023,"food_state_rnk",74.9653
"24005491201","tract",2023,"food_state_rnk",16.3662
"24005491202","tract",2023,"food_state_rnk",37.1012
"24005491300","tract",2023,"food_state_rnk",44.2441
"24005491401","tract",2023,"food_state_rnk",51.9417
"24005491402","tract",2023,"food_state_rnk",38.2802
"24005491500","tract",2023,"food_state_rnk",39.1817
"24005491600","tract",2023,"food_state_rnk",9.4313
"24005491701","tract",2023,"food_state_rnk",46.9487
"24005491900","tract",2023,"food_state_rnk",53.6755
"24005492001","tract",2023,"food_state_rnk",12.4827
"24005492002","tract",2023,"food_state_rnk",59.7087
"24005492101","tract",2023,"food_state_rnk",58.4951
"24005492102","tract",2023,"food_state_rnk",65.4646
"24005492200","tract",2023,"food_state_rnk",99.1678
"24005492300","tract",2023,"food_state_rnk",22.6768
"24005492401","tract",2023,"food_state_rnk",28.3634
"24005492402","tract",2023,"food_state_rnk",67.337
"24005492500","tract",2023,"food_state_rnk",NA
"24005492600","tract",2023,"food_state_rnk",49.1678
"24005492700","tract",2023,"food_state_rnk",4.2302
"24005980100","tract",2023,"food_state_rnk",NA
"24005980200","tract",2023,"food_state_rnk",NA
"24009860103","tract",2023,"food_state_rnk",92.4411
"24009860200","tract",2023,"food_state_rnk",85.4716
"24009860300","tract",2023,"food_state_rnk",65.6727
"24009860402","tract",2023,"food_state_rnk",63.939
"24009860403","tract",2023,"food_state_rnk",65.6033
"24009860404","tract",2023,"food_state_rnk",39.7018
"24009860501","tract",2023,"food_state_rnk",84.9515
"24009860502","tract",2023,"food_state_rnk",75.3467
"24009860600","tract",2023,"food_state_rnk",86.2691
"24009860701","tract",2023,"food_state_rnk",85.4716
"24009860702","tract",2023,"food_state_rnk",60.2635
"24009860703","tract",2023,"food_state_rnk",48.9598
"24009860801","tract",2023,"food_state_rnk",88.835
"24009860901","tract",2023,"food_state_rnk",97.5035
"24009860902","tract",2023,"food_state_rnk",39.2857
"24009861003","tract",2023,"food_state_rnk",76.0055
"24009861004","tract",2023,"food_state_rnk",53.3981
"24009861100","tract",2023,"food_state_rnk",61.5811
"24009990100","tract",2023,"food_state_rnk",NA
"24011955000","tract",2023,"food_state_rnk",48.0583
"24011955100","tract",2023,"food_state_rnk",38.9043
"24011955201","tract",2023,"food_state_rnk",47.1567
"24011955202","tract",2023,"food_state_rnk",25.104
"24011955301","tract",2023,"food_state_rnk",45.6311
"24011955302","tract",2023,"food_state_rnk",6.2413
"24011955400","tract",2023,"food_state_rnk",51.5603
"24011955500","tract",2023,"food_state_rnk",49.9307
"24011955600","tract",2023,"food_state_rnk",8.1137
"24013501001","tract",2023,"food_state_rnk",28.086
"24013501002","tract",2023,"food_state_rnk",40.2913
"24013502000","tract",2023,"food_state_rnk",73.1623
"24013503000","tract",2023,"food_state_rnk",83.2524
"24013504100","tract",2023,"food_state_rnk",63.6269
"24013504201","tract",2023,"food_state_rnk",89.8752
"24013504202","tract",2023,"food_state_rnk",82.871
"24013505101","tract",2023,"food_state_rnk",76.7337
"24013505102","tract",2023,"food_state_rnk",83.8419
"24013505203","tract",2023,"food_state_rnk",82.8017
"24013505205","tract",2023,"food_state_rnk",59.3967
"24013505206","tract",2023,"food_state_rnk",90.1872
"24013505207","tract",2023,"food_state_rnk",71.6366
"24013505208","tract",2023,"food_state_rnk",98.405
"24013506101","tract",2023,"food_state_rnk",89.251
"24013506102","tract",2023,"food_state_rnk",65.8114
"24013506200","tract",2023,"food_state_rnk",59.57
"24013507500","tract",2023,"food_state_rnk",85.853
"24013507601","tract",2023,"food_state_rnk",29.8197
"24013507602","tract",2023,"food_state_rnk",48.3703
"24013507702","tract",2023,"food_state_rnk",88.6269
"24013507703","tract",2023,"food_state_rnk",96.6366
"24013507704","tract",2023,"food_state_rnk",85.2635
"24013507801","tract",2023,"food_state_rnk",32.6976
"24013507802","tract",2023,"food_state_rnk",87.656
"24013508103","tract",2023,"food_state_rnk",89.147
"24013508200","tract",2023,"food_state_rnk",98.4743
"24013509001","tract",2023,"food_state_rnk",94.1054
"24013509002","tract",2023,"food_state_rnk",95.9778
"24013510000","tract",2023,"food_state_rnk",52.6352
"24013511000","tract",2023,"food_state_rnk",50.5548
"24013512000","tract",2023,"food_state_rnk",20.8391
"24013513001","tract",2023,"food_state_rnk",72.1221
"24013513002","tract",2023,"food_state_rnk",95.7004
"24013514100","tract",2023,"food_state_rnk",90.2913
"24013514201","tract",2023,"food_state_rnk",50.7628
"24013514202","tract",2023,"food_state_rnk",98.3356
"24015030100","tract",2023,"food_state_rnk",65.2219
"24015030200","tract",2023,"food_state_rnk",58.2524
"24015030400","tract",2023,"food_state_rnk",6.3107
"24015030501","tract",2023,"food_state_rnk",86.165
"24015030503","tract",2023,"food_state_rnk",17.4064
"24015030505","tract",2023,"food_state_rnk",29.0569
"24015030507","tract",2023,"food_state_rnk",15.9501
"24015030508","tract",2023,"food_state_rnk",7.8363
"24015030601","tract",2023,"food_state_rnk",81.7614
"24015030602","tract",2023,"food_state_rnk",34.2233
"24015030700","tract",2023,"food_state_rnk",68.516
"24015030903","tract",2023,"food_state_rnk",25.3121
"24015030904","tract",2023,"food_state_rnk",60.1248
"24015030905","tract",2023,"food_state_rnk",26.9764
"24015030907","tract",2023,"food_state_rnk",55.8252
"24015030908","tract",2023,"food_state_rnk",45.9085
"24015031201","tract",2023,"food_state_rnk",39.4938
"24015031202","tract",2023,"food_state_rnk",33.4951
"24015031301","tract",2023,"food_state_rnk",60.0555
"24015031302","tract",2023,"food_state_rnk",64.9098
"24015031400","tract",2023,"food_state_rnk",64.6325
"24017850101","tract",2023,"food_state_rnk",62.8988
"24017850102","tract",2023,"food_state_rnk",17.6491
"24017850201","tract",2023,"food_state_rnk",87.5173
"24017850202","tract",2023,"food_state_rnk",33.9112
"24017850300","tract",2023,"food_state_rnk",65.9847
"24017850400","tract",2023,"food_state_rnk",52.4965
"24017850500","tract",2023,"food_state_rnk",78.0166
"24017850600","tract",2023,"food_state_rnk",78.2247
"24017850706","tract",2023,"food_state_rnk",67.1637
"24017850708","tract",2023,"food_state_rnk",81.1373
"24017850709","tract",2023,"food_state_rnk",37.5173
"24017850710","tract",2023,"food_state_rnk",54.6463
"24017850711","tract",2023,"food_state_rnk",37.8641
"24017850712","tract",2023,"food_state_rnk",59.0499
"24017850713","tract",2023,"food_state_rnk",57.1429
"24017850801","tract",2023,"food_state_rnk",84.57
"24017850802","tract",2023,"food_state_rnk",45.111
"24017850901","tract",2023,"food_state_rnk",18.0305
"24017850902","tract",2023,"food_state_rnk",32.3162
"24017850904","tract",2023,"food_state_rnk",72.7462
"24017850905","tract",2023,"food_state_rnk",47.3648
"24017850906","tract",2023,"food_state_rnk",7.2816
"24017851001","tract",2023,"food_state_rnk",77.5659
"24017851003","tract",2023,"food_state_rnk",83.4258
"24017851004","tract",2023,"food_state_rnk",48.6824
"24017851100","tract",2023,"food_state_rnk",64.3551
"24017851200","tract",2023,"food_state_rnk",65.2219
"24017851301","tract",2023,"food_state_rnk",69.6255
"24017851302","tract",2023,"food_state_rnk",91.6089
"24017851401","tract",2023,"food_state_rnk",56.5534
"24017851402","tract",2023,"food_state_rnk",67.025
"24017851403","tract",2023,"food_state_rnk",78.7795
"24017851501","tract",2023,"food_state_rnk",45.7004
"24017851502","tract",2023,"food_state_rnk",46.5326
"24017990000","tract",2023,"food_state_rnk",NA
"24019970100","tract",2023,"food_state_rnk",51.7337
"24019970200","tract",2023,"food_state_rnk",24.9307
"24019970300","tract",2023,"food_state_rnk",42.1637
"24019970400","tract",2023,"food_state_rnk",11.7892
"24019970500","tract",2023,"food_state_rnk",3.0513
"24019970600","tract",2023,"food_state_rnk",13.7309
"24019970702","tract",2023,"food_state_rnk",33.6338
"24019970804","tract",2023,"food_state_rnk",40.1526
"24019970900","tract",2023,"food_state_rnk",50.2427
"24019990000","tract",2023,"food_state_rnk",NA
"24021740200","tract",2023,"food_state_rnk",76.9071
"24021750100","tract",2023,"food_state_rnk",42.5798
"24021750200","tract",2023,"food_state_rnk",54.7503
"24021750300","tract",2023,"food_state_rnk",30.5132
"24021750504","tract",2023,"food_state_rnk",32.0735
"24021750505","tract",2023,"food_state_rnk",46.2552
"24021750506","tract",2023,"food_state_rnk",57.4202
"24021750507","tract",2023,"food_state_rnk",6.5187
"24021750508","tract",2023,"food_state_rnk",15.3953
"24021750600","tract",2023,"food_state_rnk",38.1415
"24021750701","tract",2023,"food_state_rnk",51.0055
"24021750702","tract",2023,"food_state_rnk",12.552
"24021750801","tract",2023,"food_state_rnk",59.0499
"24021750802","tract",2023,"food_state_rnk",62.552
"24021750804","tract",2023,"food_state_rnk",48.1969
"24021750805","tract",2023,"food_state_rnk",82.5243
"24021751001","tract",2023,"food_state_rnk",38.0721
"24021751002","tract",2023,"food_state_rnk",17.8918
"24021751003","tract",2023,"food_state_rnk",32.8017
"24021751004","tract",2023,"food_state_rnk",85.5756
"24021751201","tract",2023,"food_state_rnk",91.5395
"24021751202","tract",2023,"food_state_rnk",41.1234
"24021751203","tract",2023,"food_state_rnk",84.3967
"24021751301","tract",2023,"food_state_rnk",88.4882
"24021751302","tract",2023,"food_state_rnk",42.6491
"24021751600","tract",2023,"food_state_rnk",48.8211
"24021751701","tract",2023,"food_state_rnk",83.0791
"24021751702","tract",2023,"food_state_rnk",85.9223
"24021751801","tract",2023,"food_state_rnk",80.7906
"24021751802","tract",2023,"food_state_rnk",92.7878
"24021751902","tract",2023,"food_state_rnk",81.1373
"24021751903","tract",2023,"food_state_rnk",81.5534
"24021751904","tract",2023,"food_state_rnk",75.104
"24021751905","tract",2023,"food_state_rnk",89.5978
"24021751906","tract",2023,"food_state_rnk",95.7698
"24021752001","tract",2023,"food_state_rnk",89.5284
"24021752101","tract",2023,"food_state_rnk",87.8641
"24021752102","tract",2023,"food_state_rnk",73.0236
"24021752201","tract",2023,"food_state_rnk",68.5853
"24021752202","tract",2023,"food_state_rnk",85.749
"24021752205","tract",2023,"food_state_rnk",85.3675
"24021752206","tract",2023,"food_state_rnk",79.8544
"24021752301","tract",2023,"food_state_rnk",57.8363
"24021752302","tract",2023,"food_state_rnk",90.0832
"24021752303","tract",2023,"food_state_rnk",94.1748
"24021752501","tract",2023,"food_state_rnk",56.9348
"24021752502","tract",2023,"food_state_rnk",81.6921
"24021752601","tract",2023,"food_state_rnk",58.3564
"24021752602","tract",2023,"food_state_rnk",95.8391
"24021752603","tract",2023,"food_state_rnk",79.2302
"24021752801","tract",2023,"food_state_rnk",79.681
"24021752802","tract",2023,"food_state_rnk",88.0028
"24021752900","tract",2023,"food_state_rnk",74.5492
"24021753001","tract",2023,"food_state_rnk",37.5867
"24021753002","tract",2023,"food_state_rnk",77.2885
"24021765100","tract",2023,"food_state_rnk",43.62
"24021766800","tract",2023,"food_state_rnk",NA
"24021767500","tract",2023,"food_state_rnk",78.1553
"24021767600","tract",2023,"food_state_rnk",72.8849
"24021770700","tract",2023,"food_state_rnk",68.6893
"24021772200","tract",2023,"food_state_rnk",7.0042
"24021773500","tract",2023,"food_state_rnk",58.6685
"24021775302","tract",2023,"food_state_rnk",82.0388
"24021775400","tract",2023,"food_state_rnk",34.5354
"24021775600","tract",2023,"food_state_rnk",80.2011
"24023000100","tract",2023,"food_state_rnk",42.025
"24023000200","tract",2023,"food_state_rnk",53.9528
"24023000300","tract",2023,"food_state_rnk",64.0083
"24023000400","tract",2023,"food_state_rnk",20.319
"24023000501","tract",2023,"food_state_rnk",20.1803
"24023000502","tract",2023,"food_state_rnk",86.061
"24023000601","tract",2023,"food_state_rnk",43.4813
"24023000602","tract",2023,"food_state_rnk",56.4494
"24023000700","tract",2023,"food_state_rnk",18.2039
"24025301102","tract",2023,"food_state_rnk",98.613
"24025301105","tract",2023,"food_state_rnk",46.0818
"24025301106","tract",2023,"food_state_rnk",91.0541
"24025301107","tract",2023,"food_state_rnk",40.7767
"24025301108","tract",2023,"food_state_rnk",42.3717
"24025301201","tract",2023,"food_state_rnk",73.6477
"24025301202","tract",2023,"food_state_rnk",62.4827
"24025301204","tract",2023,"food_state_rnk",56.0333
"24025301205","tract",2023,"food_state_rnk",70.9431
"24025301301","tract",2023,"food_state_rnk",80.4438
"24025301302","tract",2023,"food_state_rnk",11.9972
"24025301401","tract",2023,"food_state_rnk",47.2954
"24025301402","tract",2023,"food_state_rnk",79.1262
"24025301601","tract",2023,"food_state_rnk",31.9001
"24025301602","tract",2023,"food_state_rnk",35.1595
"24025301703","tract",2023,"food_state_rnk",72.3994
"24025301704","tract",2023,"food_state_rnk",75.3467
"24025301705","tract",2023,"food_state_rnk",91.8169
"24025301706","tract",2023,"food_state_rnk",91.4702
"24025301707","tract",2023,"food_state_rnk",19.6949
"24025302100","tract",2023,"food_state_rnk",76.7337
"24025302200","tract",2023,"food_state_rnk",75.6588
"24025302400","tract",2023,"food_state_rnk",25.4508
"24025302801","tract",2023,"food_state_rnk",61.3384
"24025302802","tract",2023,"food_state_rnk",57.2816
"24025302901","tract",2023,"food_state_rnk",3.3981
"24025302902","tract",2023,"food_state_rnk",36.6158
"24025303101","tract",2023,"food_state_rnk",93.0652
"24025303102","tract",2023,"food_state_rnk",82.1429
"24025303201","tract",2023,"food_state_rnk",69.2094
"24025303203","tract",2023,"food_state_rnk",89.4591
"24025303204","tract",2023,"food_state_rnk",63.7309
"24025303205","tract",2023,"food_state_rnk",94.3135
"24025303206","tract",2023,"food_state_rnk",82.7323
"24025303300","tract",2023,"food_state_rnk",98.1623
"24025303400","tract",2023,"food_state_rnk",95.1803
"24025303501","tract",2023,"food_state_rnk",66.0888
"24025303502","tract",2023,"food_state_rnk",98.8904
"24025303602","tract",2023,"food_state_rnk",88.5576
"24025303603","tract",2023,"food_state_rnk",83.7725
"24025303605","tract",2023,"food_state_rnk",24.6879
"24025303606","tract",2023,"food_state_rnk",91.6782
"24025303700","tract",2023,"food_state_rnk",72.1914
"24025303801","tract",2023,"food_state_rnk",35.6103
"24025303802","tract",2023,"food_state_rnk",74.8266
"24025303803","tract",2023,"food_state_rnk",59.6394
"24025303900","tract",2023,"food_state_rnk",40.7074
"24025304101","tract",2023,"food_state_rnk",37.9334
"24025304102","tract",2023,"food_state_rnk",84.8128
"24025304201","tract",2023,"food_state_rnk",96.7753
"24025304202","tract",2023,"food_state_rnk",98.9598
"24025305100","tract",2023,"food_state_rnk",73.7864
"24025305200","tract",2023,"food_state_rnk",19.2788
"24025305300","tract",2023,"food_state_rnk",40.846
"24025306100","tract",2023,"food_state_rnk",11.6505
"24025306200","tract",2023,"food_state_rnk",57.2122
"24025306300","tract",2023,"food_state_rnk",36.5465
"24025306400","tract",2023,"food_state_rnk",96.6366
"24025306500","tract",2023,"food_state_rnk",72.5035
"24027601103","tract",2023,"food_state_rnk",77.8086
"24027601104","tract",2023,"food_state_rnk",99.792
"24027601105","tract",2023,"food_state_rnk",78.5368
"24027601107","tract",2023,"food_state_rnk",45.9778
"24027601108","tract",2023,"food_state_rnk",89.6671
"24027601203","tract",2023,"food_state_rnk",58.5992
"24027601204","tract",2023,"food_state_rnk",31.7961
"24027601205","tract",2023,"food_state_rnk",46.81
"24027601206","tract",2023,"food_state_rnk",78.7795
"24027602100","tract",2023,"food_state_rnk",63.0721
"24027602201","tract",2023,"food_state_rnk",96.9487
"24027602202","tract",2023,"food_state_rnk",81.9695
"24027602302","tract",2023,"food_state_rnk",85.2635
"24027602303","tract",2023,"food_state_rnk",82.3509
"24027602304","tract",2023,"food_state_rnk",99.4452
"24027602305","tract",2023,"food_state_rnk",72.6768
"24027602306","tract",2023,"food_state_rnk",96.1165
"24027602600","tract",2023,"food_state_rnk",68.1692
"24027602700","tract",2023,"food_state_rnk",90.43
"24027602800","tract",2023,"food_state_rnk",68.8627
"24027602900","tract",2023,"food_state_rnk",69.0014
"24027603001","tract",2023,"food_state_rnk",94.0361
"24027603003","tract",2023,"food_state_rnk",93.2039
"24027603004","tract",2023,"food_state_rnk",98.1623
"24027604001","tract",2023,"food_state_rnk",99.3065
"24027604003","tract",2023,"food_state_rnk",77.1151
"24027604004","tract",2023,"food_state_rnk",97.9889
"24027605103","tract",2023,"food_state_rnk",94.9723
"24027605104","tract",2023,"food_state_rnk",91.1928
"24027605105","tract",2023,"food_state_rnk",92.5104
"24027605106","tract",2023,"food_state_rnk",98.0583
"24027605401","tract",2023,"food_state_rnk",26.4216
"24027605403","tract",2023,"food_state_rnk",50.4508
"24027605404","tract",2023,"food_state_rnk",52.1498
"24027605502","tract",2023,"food_state_rnk",66.7822
"24027605503","tract",2023,"food_state_rnk",26.699
"24027605504","tract",2023,"food_state_rnk",80.9639
"24027605505","tract",2023,"food_state_rnk",88.9043
"24027605601","tract",2023,"food_state_rnk",39.4938
"24027605602","tract",2023,"food_state_rnk",79.4036
"24027606601","tract",2023,"food_state_rnk",82.4549
"24027606603","tract",2023,"food_state_rnk",51.6644
"24027606604","tract",2023,"food_state_rnk",49.0985
"24027606606","tract",2023,"food_state_rnk",40.9154
"24027606607","tract",2023,"food_state_rnk",49.2372
"24027606701","tract",2023,"food_state_rnk",33.4258
"24027606704","tract",2023,"food_state_rnk",31.3454
"24027606706","tract",2023,"food_state_rnk",80.5132
"24027606708","tract",2023,"food_state_rnk",48.5784
"24027606803","tract",2023,"food_state_rnk",43.6893
"24027606804","tract",2023,"food_state_rnk",96.2205
"24027606805","tract",2023,"food_state_rnk",97.4341
"24027606807","tract",2023,"food_state_rnk",86.165
"24027606808","tract",2023,"food_state_rnk",90.9154
"24027606901","tract",2023,"food_state_rnk",47.8849
"24027606904","tract",2023,"food_state_rnk",68.2732
"24027606905","tract",2023,"food_state_rnk",94.7989
"24027606906","tract",2023,"food_state_rnk",73.301
"24027606907","tract",2023,"food_state_rnk",52.982
"24029950100","tract",2023,"food_state_rnk",71.0125
"24029950200","tract",2023,"food_state_rnk",42.233
"24029950300","tract",2023,"food_state_rnk",17.1983
"24029950400","tract",2023,"food_state_rnk",28.0166
"24029950500","tract",2023,"food_state_rnk",34.2233
"24029990000","tract",2023,"food_state_rnk",NA
"24031700101","tract",2023,"food_state_rnk",95.5617
"24031700103","tract",2023,"food_state_rnk",95.3883
"24031700104","tract",2023,"food_state_rnk",49.5839
"24031700105","tract",2023,"food_state_rnk",46.6019
"24031700204","tract",2023,"food_state_rnk",91.7476
"24031700206","tract",2023,"food_state_rnk",37.656
"24031700207","tract",2023,"food_state_rnk",64.8405
"24031700208","tract",2023,"food_state_rnk",70.7698
"24031700209","tract",2023,"food_state_rnk",94.9723
"24031700210","tract",2023,"food_state_rnk",67.025
"24031700306","tract",2023,"food_state_rnk",65.1179
"24031700308","tract",2023,"food_state_rnk",57.5936
"24031700309","tract",2023,"food_state_rnk",26.5603
"24031700310","tract",2023,"food_state_rnk",67.4064
"24031700313","tract",2023,"food_state_rnk",85.0555
"24031700314","tract",2023,"food_state_rnk",77.5659
"24031700315","tract",2023,"food_state_rnk",72.3301
"24031700316","tract",2023,"food_state_rnk",65.9847
"24031700317","tract",2023,"food_state_rnk",80.7906
"24031700318","tract",2023,"food_state_rnk",58.9459
"24031700400","tract",2023,"food_state_rnk",46.4632
"24031700500","tract",2023,"food_state_rnk",77.8779
"24031700604","tract",2023,"food_state_rnk",98.6824
"24031700606","tract",2023,"food_state_rnk",72.2607
"24031700608","tract",2023,"food_state_rnk",97.0874
"24031700610","tract",2023,"food_state_rnk",96.3245
"24031700611","tract",2023,"food_state_rnk",56.5534
"24031700613","tract",2023,"food_state_rnk",47.7115
"24031700614","tract",2023,"food_state_rnk",32.1775
"24031700615","tract",2023,"food_state_rnk",66.3315
"24031700616","tract",2023,"food_state_rnk",95.9085
"24031700617","tract",2023,"food_state_rnk",79.2302
"24031700618","tract",2023,"food_state_rnk",87.1706
"24031700706","tract",2023,"food_state_rnk",27.6006
"24031700710","tract",2023,"food_state_rnk",54.1609
"24031700711","tract",2023,"food_state_rnk",45.7698
"24031700713","tract",2023,"food_state_rnk",14.4938
"24031700715","tract",2023,"food_state_rnk",24.2372
"24031700718","tract",2023,"food_state_rnk",57.975
"24031700720","tract",2023,"food_state_rnk",30.6172
"24031700721","tract",2023,"food_state_rnk",39.2857
"24031700723","tract",2023,"food_state_rnk",19.5562
"24031700724","tract",2023,"food_state_rnk",4.577
"24031700725","tract",2023,"food_state_rnk",8.3218
"24031700726","tract",2023,"food_state_rnk",43.8974
"24031700727","tract",2023,"food_state_rnk",23.6477
"24031700728","tract",2023,"food_state_rnk",23.4397
"24031700729","tract",2023,"food_state_rnk",40.0832
"24031700730","tract",2023,"food_state_rnk",58.1137
"24031700731","tract",2023,"food_state_rnk",9.0846
"24031700732","tract",2023,"food_state_rnk",40.43
"24031700733","tract",2023,"food_state_rnk",31.6227
"24031700810","tract",2023,"food_state_rnk",55.2705
"24031700811","tract",2023,"food_state_rnk",35.9917
"24031700812","tract",2023,"food_state_rnk",24.1331
"24031700813","tract",2023,"food_state_rnk",62.9681
"24031700815","tract",2023,"food_state_rnk",30.0971
"24031700818","tract",2023,"food_state_rnk",21.3592
"24031700819","tract",2023,"food_state_rnk",60.4716
"24031700820","tract",2023,"food_state_rnk",16.9209
"24031700822","tract",2023,"food_state_rnk",17.129
"24031700823","tract",2023,"food_state_rnk",44.3135
"24031700824","tract",2023,"food_state_rnk",63.3148
"24031700826","tract",2023,"food_state_rnk",91.8863
"24031700828","tract",2023,"food_state_rnk",83.1484
"24031700829","tract",2023,"food_state_rnk",86.9626
"24031700830","tract",2023,"food_state_rnk",25.9709
"24031700832","tract",2023,"food_state_rnk",33.8419
"24031700833","tract",2023,"food_state_rnk",34.3273
"24031700834","tract",2023,"food_state_rnk",13.3842
"24031700835","tract",2023,"food_state_rnk",55.3398
"24031700836","tract",2023,"food_state_rnk",70.527
"24031700837","tract",2023,"food_state_rnk",53.8835
"24031700838","tract",2023,"food_state_rnk",90.9154
"24031700839","tract",2023,"food_state_rnk",30.0277
"24031700901","tract",2023,"food_state_rnk",53.8141
"24031700902","tract",2023,"food_state_rnk",73.0929
"24031700903","tract",2023,"food_state_rnk",20.8391
"24031700904","tract",2023,"food_state_rnk",25.5895
"24031700905","tract",2023,"food_state_rnk",58.3564
"24031701001","tract",2023,"food_state_rnk",48.4743
"24031701002","tract",2023,"food_state_rnk",93.3426
"24031701004","tract",2023,"food_state_rnk",57.5936
"24031701005","tract",2023,"food_state_rnk",81.276
"24031701006","tract",2023,"food_state_rnk",85.0555
"24031701007","tract",2023,"food_state_rnk",69.0707
"24031701101","tract",2023,"food_state_rnk",63.3842
"24031701102","tract",2023,"food_state_rnk",64.4244
"24031701201","tract",2023,"food_state_rnk",40.3606
"24031701202","tract",2023,"food_state_rnk",92.3717
"24031701205","tract",2023,"food_state_rnk",99.5839
"24031701206","tract",2023,"food_state_rnk",98.2663
"24031701210","tract",2023,"food_state_rnk",97.2261
"24031701211","tract",2023,"food_state_rnk",53.7448
"24031701212","tract",2023,"food_state_rnk",72.0527
"24031701214","tract",2023,"food_state_rnk",71.8793
"24031701215","tract",2023,"food_state_rnk",70.111
"24031701216","tract",2023,"food_state_rnk",67.7184
"24031701218","tract",2023,"food_state_rnk",33.2178
"24031701219","tract",2023,"food_state_rnk",10.0555
"24031701220","tract",2023,"food_state_rnk",89.9445
"24031701221","tract",2023,"food_state_rnk",79.8544
"24031701222","tract",2023,"food_state_rnk",87.7947
"24031701223","tract",2023,"food_state_rnk",89.7365
"24031701303","tract",2023,"food_state_rnk",90.742
"24031701304","tract",2023,"food_state_rnk",97.1567
"24031701306","tract",2023,"food_state_rnk",80.7906
"24031701307","tract",2023,"food_state_rnk",77.1151
"24031701308","tract",2023,"food_state_rnk",88.2802
"24031701312","tract",2023,"food_state_rnk",63.2455
"24031701313","tract",2023,"food_state_rnk",48.3703
"24031701314","tract",2023,"food_state_rnk",78.9528
"24031701315","tract",2023,"food_state_rnk",71.4979
"24031701316","tract",2023,"food_state_rnk",85.6449
"24031701317","tract",2023,"food_state_rnk",80.2011
"24031701407","tract",2023,"food_state_rnk",64.0777
"24031701408","tract",2023,"food_state_rnk",69.7642
"24031701409","tract",2023,"food_state_rnk",76.9764
"24031701414","tract",2023,"food_state_rnk",65.742
"24031701415","tract",2023,"food_state_rnk",18.2039
"24031701417","tract",2023,"food_state_rnk",21.5673
"24031701418","tract",2023,"food_state_rnk",56.38
"24031701422","tract",2023,"food_state_rnk",27.4619
"24031701423","tract",2023,"food_state_rnk",19.4175
"24031701424","tract",2023,"food_state_rnk",72.8155
"24031701425","tract",2023,"food_state_rnk",41.7476
"24031701426","tract",2023,"food_state_rnk",28.5714
"24031701427","tract",2023,"food_state_rnk",81.484
"24031701503","tract",2023,"food_state_rnk",55.5479
"24031701505","tract",2023,"food_state_rnk",22.8155
"24031701506","tract",2023,"food_state_rnk",70.0416
"24031701507","tract",2023,"food_state_rnk",46.7406
"24031701508","tract",2023,"food_state_rnk",14.9792
"24031701509","tract",2023,"food_state_rnk",16.7129
"24031701601","tract",2023,"food_state_rnk",28.9182
"24031701602","tract",2023,"food_state_rnk",44.1054
"24031701701","tract",2023,"food_state_rnk",60.4022
"24031701702","tract",2023,"food_state_rnk",29.2649
"24031701703","tract",2023,"food_state_rnk",56.7614
"24031701704","tract",2023,"food_state_rnk",53.4674
"24031701800","tract",2023,"food_state_rnk",54.9584
"24031701900","tract",2023,"food_state_rnk",25.7975
"24031702000","tract",2023,"food_state_rnk",33.0097
"24031702101","tract",2023,"food_state_rnk",28.2247
"24031702102","tract",2023,"food_state_rnk",87.0319
"24031702200","tract",2023,"food_state_rnk",76.2483
"24031702301","tract",2023,"food_state_rnk",30.2705
"24031702302","tract",2023,"food_state_rnk",32.6976
"24031702401","tract",2023,"food_state_rnk",61.0957
"24031702402","tract",2023,"food_state_rnk",54.9584
"24031702501","tract",2023,"food_state_rnk",80.5825
"24031702502","tract",2023,"food_state_rnk",22.4688
"24031702503","tract",2023,"food_state_rnk",27.5312
"24031702602","tract",2023,"food_state_rnk",35.6103
"24031702603","tract",2023,"food_state_rnk",22.5381
"24031702604","tract",2023,"food_state_rnk",29.7503
"24031702700","tract",2023,"food_state_rnk",68.0305
"24031702800","tract",2023,"food_state_rnk",62.4133
"24031702900","tract",2023,"food_state_rnk",71.3245
"24031703000","tract",2023,"food_state_rnk",86.7545
"24031703100","tract",2023,"food_state_rnk",69.8336
"24031703201","tract",2023,"food_state_rnk",84.258
"24031703202","tract",2023,"food_state_rnk",66.7129
"24031703206","tract",2023,"food_state_rnk",44.7295
"24031703207","tract",2023,"food_state_rnk",39.4938
"24031703208","tract",2023,"food_state_rnk",77.3925
"24031703209","tract",2023,"food_state_rnk",80.3745
"24031703210","tract",2023,"food_state_rnk",77.7393
"24031703213","tract",2023,"food_state_rnk",32.5936
"24031703214","tract",2023,"food_state_rnk",24.0638
"24031703215","tract",2023,"food_state_rnk",51.1096
"24031703216","tract",2023,"food_state_rnk",25.1734
"24031703218","tract",2023,"food_state_rnk",56.2067
"24031703219","tract",2023,"food_state_rnk",53.0513
"24031703220","tract",2023,"food_state_rnk",61.9279
"24031703221","tract",2023,"food_state_rnk",57.9057
"24031703222","tract",2023,"food_state_rnk",32.4202
"24031703223","tract",2023,"food_state_rnk",57.0735
"24031703301","tract",2023,"food_state_rnk",19.0361
"24031703302","tract",2023,"food_state_rnk",66.6436
"24031703401","tract",2023,"food_state_rnk",45.5617
"24031703402","tract",2023,"food_state_rnk",24.2372
"24031703403","tract",2023,"food_state_rnk",41.9556
"24031703404","tract",2023,"food_state_rnk",61.3384
"24031703501","tract",2023,"food_state_rnk",53.5714
"24031703502","tract",2023,"food_state_rnk",62.0666
"24031703601","tract",2023,"food_state_rnk",59.9861
"24031703602","tract",2023,"food_state_rnk",87.9334
"24031703701","tract",2023,"food_state_rnk",55.0971
"24031703702","tract",2023,"food_state_rnk",43.9667
"24031703800","tract",2023,"food_state_rnk",47.9889
"24031703901","tract",2023,"food_state_rnk",88.1415
"24031703902","tract",2023,"food_state_rnk",58.8072
"24031704000","tract",2023,"food_state_rnk",29.1262
"24031704100","tract",2023,"food_state_rnk",98.7517
"24031704200","tract",2023,"food_state_rnk",60.7143
"24031704300","tract",2023,"food_state_rnk",71.8793
"24031704401","tract",2023,"food_state_rnk",83.5298
"24031704403","tract",2023,"food_state_rnk",86.4771
"24031704404","tract",2023,"food_state_rnk",75.7975
"24031704501","tract",2023,"food_state_rnk",75.8669
"24031704502","tract",2023,"food_state_rnk",96.8793
"24031704503","tract",2023,"food_state_rnk",86.6852
"24031704600","tract",2023,"food_state_rnk",77.6699
"24031704700","tract",2023,"food_state_rnk",91.2621
"24031704803","tract",2023,"food_state_rnk",24.5492
"24031704804","tract",2023,"food_state_rnk",88.7656
"24031704805","tract",2023,"food_state_rnk",39.043
"24031704806","tract",2023,"food_state_rnk",48.7517
"24031705000","tract",2023,"food_state_rnk",97.7115
"24031705100","tract",2023,"food_state_rnk",91.9556
"24031705200","tract",2023,"food_state_rnk",93.8974
"24031705300","tract",2023,"food_state_rnk",86.8932
"24031705400","tract",2023,"food_state_rnk",77.4619
"24031705501","tract",2023,"food_state_rnk",81.8308
"24031705502","tract",2023,"food_state_rnk",67.8225
"24031705601","tract",2023,"food_state_rnk",90.9154
"24031705602","tract",2023,"food_state_rnk",86.3731
"24031705701","tract",2023,"food_state_rnk",75.5895
"24031705702","tract",2023,"food_state_rnk",74.2718
"24031705800","tract",2023,"food_state_rnk",82.6283
"24031705901","tract",2023,"food_state_rnk",97.8502
"24031705902","tract",2023,"food_state_rnk",97.6422
"24031705903","tract",2023,"food_state_rnk",96.2205
"24031706005","tract",2023,"food_state_rnk",93.2732
"24031706007","tract",2023,"food_state_rnk",94.2441
"24031706008","tract",2023,"food_state_rnk",83.6338
"24031706009","tract",2023,"food_state_rnk",88.4189
"24031706010","tract",2023,"food_state_rnk",84.8128
"24031706011","tract",2023,"food_state_rnk",94.5908
"24031706012","tract",2023,"food_state_rnk",64.9792
"24031706013","tract",2023,"food_state_rnk",93.4466
"24033800102","tract",2023,"food_state_rnk",40.6033
"24033800103","tract",2023,"food_state_rnk",34.8821
"24033800105","tract",2023,"food_state_rnk",68.4466
"24033800106","tract",2023,"food_state_rnk",47.4341
"24033800108","tract",2023,"food_state_rnk",42.3024
"24033800109","tract",2023,"food_state_rnk",16.6436
"24033800203","tract",2023,"food_state_rnk",92.0596
"24033800206","tract",2023,"food_state_rnk",41.8169
"24033800209","tract",2023,"food_state_rnk",17.2677
"24033800210","tract",2023,"food_state_rnk",26.1789
"24033800211","tract",2023,"food_state_rnk",50.8322
"24033800212","tract",2023,"food_state_rnk",49.3065
"24033800213","tract",2023,"food_state_rnk",54.2996
"24033800216","tract",2023,"food_state_rnk",51.5603
"24033800217","tract",2023,"food_state_rnk",44.4521
"24033800218","tract",2023,"food_state_rnk",13.0374
"24033800401","tract",2023,"food_state_rnk",66.9209
"24033800402","tract",2023,"food_state_rnk",45.0069
"24033800403","tract",2023,"food_state_rnk",52.3925
"24033800408","tract",2023,"food_state_rnk",79.681
"24033800409","tract",2023,"food_state_rnk",87.3093
"24033800410","tract",2023,"food_state_rnk",73.9251
"24033800411","tract",2023,"food_state_rnk",36.6852
"24033800412","tract",2023,"food_state_rnk",47.7809
"24033800413","tract",2023,"food_state_rnk",26.9071
"24033800504","tract",2023,"food_state_rnk",70.5964
"24033800505","tract",2023,"food_state_rnk",42.9612
"24033800507","tract",2023,"food_state_rnk",44.8682
"24033800511","tract",2023,"food_state_rnk",65.3606
"24033800513","tract",2023,"food_state_rnk",34.6047
"24033800514","tract",2023,"food_state_rnk",77.1151
"24033800515","tract",2023,"food_state_rnk",38.0028
"24033800516","tract",2023,"food_state_rnk",73.5437
"24033800517","tract",2023,"food_state_rnk",71.4286
"24033800518","tract",2023,"food_state_rnk",81.1373
"24033800519","tract",2023,"food_state_rnk",92.5798
"24033800520","tract",2023,"food_state_rnk",36.9626
"24033800521","tract",2023,"food_state_rnk",67.1637
"24033800522","tract",2023,"food_state_rnk",75.9362
"24033800605","tract",2023,"food_state_rnk",70.7698
"24033800606","tract",2023,"food_state_rnk",49.7226
"24033800607","tract",2023,"food_state_rnk",36.1997
"24033800608","tract",2023,"food_state_rnk",64.2857
"24033800609","tract",2023,"food_state_rnk",16.5742
"24033800701","tract",2023,"food_state_rnk",87.1012
"24033800704","tract",2023,"food_state_rnk",37.1706
"24033800705","tract",2023,"food_state_rnk",59.8474
"24033800706","tract",2023,"food_state_rnk",36.3384
"24033800707","tract",2023,"food_state_rnk",76.2483
"24033800800","tract",2023,"food_state_rnk",88.3495
"24033800900","tract",2023,"food_state_rnk",56.8655
"24033801003","tract",2023,"food_state_rnk",65.8807
"24033801004","tract",2023,"food_state_rnk",44.5908
"24033801005","tract",2023,"food_state_rnk",57.4896
"24033801006","tract",2023,"food_state_rnk",17.337
"24033801105","tract",2023,"food_state_rnk",73.4397
"24033801106","tract",2023,"food_state_rnk",74.2718
"24033801207","tract",2023,"food_state_rnk",42.7184
"24033801208","tract",2023,"food_state_rnk",63.1761
"24033801209","tract",2023,"food_state_rnk",55.2011
"24033801210","tract",2023,"food_state_rnk",38.8003
"24033801211","tract",2023,"food_state_rnk",35.3675
"24033801212","tract",2023,"food_state_rnk",60.8183
"24033801213","tract",2023,"food_state_rnk",35.2982
"24033801214","tract",2023,"food_state_rnk",40.2219
"24033801215","tract",2023,"food_state_rnk",64.1817
"24033801216","tract",2023,"food_state_rnk",26.0749
"24033801217","tract",2023,"food_state_rnk",33.0791
"24033801302","tract",2023,"food_state_rnk",14.3551
"24033801305","tract",2023,"food_state_rnk",44.9376
"24033801307","tract",2023,"food_state_rnk",70.319
"24033801308","tract",2023,"food_state_rnk",51.0055
"24033801309","tract",2023,"food_state_rnk",74.1331
"24033801310","tract",2023,"food_state_rnk",53.5714
"24033801311","tract",2023,"food_state_rnk",41.2621
"24033801312","tract",2023,"food_state_rnk",63.6269
"24033801313","tract",2023,"food_state_rnk",54.5076
"24033801404","tract",2023,"food_state_rnk",66.8516
"24033801405","tract",2023,"food_state_rnk",23.7864
"24033801406","tract",2023,"food_state_rnk",52.7046
"24033801407","tract",2023,"food_state_rnk",58.0444
"24033801408","tract",2023,"food_state_rnk",55.7212
"24033801409","tract",2023,"food_state_rnk",38.3495
"24033801410","tract",2023,"food_state_rnk",41.3662
"24033801411","tract",2023,"food_state_rnk",43.4119
"24033801500","tract",2023,"food_state_rnk",29.1956
"24033801600","tract",2023,"food_state_rnk",13.2455
"24033801701","tract",2023,"food_state_rnk",26.8377
"24033801702","tract",2023,"food_state_rnk",19.8336
"24033801704","tract",2023,"food_state_rnk",7.767
"24033801707","tract",2023,"food_state_rnk",51.4563
"24033801709","tract",2023,"food_state_rnk",22.7462
"24033801801","tract",2023,"food_state_rnk",16.2275
"24033801802","tract",2023,"food_state_rnk",49.6533
"24033801807","tract",2023,"food_state_rnk",35.0208
"24033801808","tract",2023,"food_state_rnk",14.8752
"24033801809","tract",2023,"food_state_rnk",30.7906
"24033801901","tract",2023,"food_state_rnk",61.7892
"24033801904","tract",2023,"food_state_rnk",20.5964
"24033801905","tract",2023,"food_state_rnk",27.0458
"24033801906","tract",2023,"food_state_rnk",16.1581
"24033801907","tract",2023,"food_state_rnk",24.6186
"24033801908","tract",2023,"food_state_rnk",12.7601
"24033802001","tract",2023,"food_state_rnk",5.4785
"24033802002","tract",2023,"food_state_rnk",55.4785
"24033802103","tract",2023,"food_state_rnk",8.8072
"24033802104","tract",2023,"food_state_rnk",15.3259
"24033802106","tract",2023,"food_state_rnk",12.6907
"24033802107","tract",2023,"food_state_rnk",38.8003
"24033802201","tract",2023,"food_state_rnk",61.8585
"24033802203","tract",2023,"food_state_rnk",38.4189
"24033802204","tract",2023,"food_state_rnk",57.767
"24033802301","tract",2023,"food_state_rnk",37.0319
"24033802404","tract",2023,"food_state_rnk",4.8544
"24033802405","tract",2023,"food_state_rnk",28.4674
"24033802406","tract",2023,"food_state_rnk",22.2954
"24033802407","tract",2023,"food_state_rnk",12.9681
"24033802408","tract",2023,"food_state_rnk",27.1151
"24033802501","tract",2023,"food_state_rnk",13.9043
"24033802502","tract",2023,"food_state_rnk",58.4951
"24033802600","tract",2023,"food_state_rnk",49.0291
"24033802700","tract",2023,"food_state_rnk",13.5229
"24033802803","tract",2023,"food_state_rnk",22.1914
"24033802804","tract",2023,"food_state_rnk",13.4535
"24033802805","tract",2023,"food_state_rnk",16.8516
"24033802901","tract",2023,"food_state_rnk",22.9542
"24033803001","tract",2023,"food_state_rnk",24.7573
"24033803002","tract",2023,"food_state_rnk",39.7018
"24033803100","tract",2023,"food_state_rnk",29.681
"24033803200","tract",2023,"food_state_rnk",32.4202
"24033803300","tract",2023,"food_state_rnk",37.7254
"24033803403","tract",2023,"food_state_rnk",18.7933
"24033803508","tract",2023,"food_state_rnk",12.2053
"24033803509","tract",2023,"food_state_rnk",11.7198
"24033803512","tract",2023,"food_state_rnk",63.8003
"24033803513","tract",2023,"food_state_rnk",49.8613
"24033803514","tract",2023,"food_state_rnk",50.4508
"24033803516","tract",2023,"food_state_rnk",18.8627
"24033803519","tract",2023,"food_state_rnk",28.4674
"24033803520","tract",2023,"food_state_rnk",54.4383
"24033803521","tract",2023,"food_state_rnk",84.0846
"24033803524","tract",2023,"food_state_rnk",25.9709
"24033803525","tract",2023,"food_state_rnk",25.6588
"24033803526","tract",2023,"food_state_rnk",39.8058
"24033803527","tract",2023,"food_state_rnk",20.3883
"24033803528","tract",2023,"food_state_rnk",68.7933
"24033803601","tract",2023,"food_state_rnk",21.914
"24033803602","tract",2023,"food_state_rnk",21.2899
"24033803605","tract",2023,"food_state_rnk",47.6422
"24033803606","tract",2023,"food_state_rnk",35.7143
"24033803607","tract",2023,"food_state_rnk",61.3384
"24033803608","tract",2023,"food_state_rnk",43.2732
"24033803610","tract",2023,"food_state_rnk",22.0527
"24033803612","tract",2023,"food_state_rnk",32.2469
"24033803613","tract",2023,"food_state_rnk",26.3523
"24033803700","tract",2023,"food_state_rnk",19.3481
"24033803801","tract",2023,"food_state_rnk",47.5728
"24033803803","tract",2023,"food_state_rnk",39.4938
"24033803900","tract",2023,"food_state_rnk",42.5104
"24033804001","tract",2023,"food_state_rnk",28.1553
"24033804002","tract",2023,"food_state_rnk",25.3814
"24033804101","tract",2023,"food_state_rnk",47.2261
"24033804102","tract",2023,"food_state_rnk",10.8877
"24033804200","tract",2023,"food_state_rnk",62.7601
"24033804300","tract",2023,"food_state_rnk",17.9612
"24033804400","tract",2023,"food_state_rnk",44.7295
"24033804600","tract",2023,"food_state_rnk",21.4286
"24033804700","tract",2023,"food_state_rnk",60.3329
"24033804801","tract",2023,"food_state_rnk",18.3773
"24033804802","tract",2023,"food_state_rnk",29.9584
"24033804900","tract",2023,"food_state_rnk",33.3564
"24033805000","tract",2023,"food_state_rnk",50.1387
"24033805101","tract",2023,"food_state_rnk",28.7101
"24033805201","tract",2023,"food_state_rnk",51.1789
"24033805202","tract",2023,"food_state_rnk",14.0777
"24033805500","tract",2023,"food_state_rnk",41.0541
"24033805601","tract",2023,"food_state_rnk",35.7836
"24033805602","tract",2023,"food_state_rnk",23.9598
"24033805700","tract",2023,"food_state_rnk",22.6075
"24033805801","tract",2023,"food_state_rnk",59.3967
"24033805802","tract",2023,"food_state_rnk",34.466
"24033805904","tract",2023,"food_state_rnk",41.3662
"24033805906","tract",2023,"food_state_rnk",44.7295
"24033805907","tract",2023,"food_state_rnk",13.5922
"24033805908","tract",2023,"food_state_rnk",32.9057
"24033805909","tract",2023,"food_state_rnk",30.9293
"24033806000","tract",2023,"food_state_rnk",55.0971
"24033806100","tract",2023,"food_state_rnk",35.8877
"24033806400","tract",2023,"food_state_rnk",62.2053
"24033806501","tract",2023,"food_state_rnk",19.6255
"24033806601","tract",2023,"food_state_rnk",45.4577
"24033806602","tract",2023,"food_state_rnk",30.3745
"24033806706","tract",2023,"food_state_rnk",78.5368
"24033806708","tract",2023,"food_state_rnk",36.7545
"24033806710","tract",2023,"food_state_rnk",50.6588
"24033806711","tract",2023,"food_state_rnk",52.0111
"24033806712","tract",2023,"food_state_rnk",54.0222
"24033806713","tract",2023,"food_state_rnk",17.7531
"24033806714","tract",2023,"food_state_rnk",10.1248
"24033806800","tract",2023,"food_state_rnk",81.38
"24033806900","tract",2023,"food_state_rnk",23.5784
"24033807000","tract",2023,"food_state_rnk",68.2732
"24033807102","tract",2023,"food_state_rnk",93.1345
"24033807301","tract",2023,"food_state_rnk",21.0125
"24033807304","tract",2023,"food_state_rnk",54.2302
"24033807305","tract",2023,"food_state_rnk",23.2663
"24033807404","tract",2023,"food_state_rnk",51.387
"24033807405","tract",2023,"food_state_rnk",30.4438
"24033807407","tract",2023,"food_state_rnk",54.0915
"24033807408","tract",2023,"food_state_rnk",59.7781
"24033807409","tract",2023,"food_state_rnk",21.7753
"24033807410","tract",2023,"food_state_rnk",84.8128
"24033807500","tract",2023,"food_state_rnk",46.9487
"24033980000","tract",2023,"food_state_rnk",NA
"24035810100","tract",2023,"food_state_rnk",60.6103
"24035810200","tract",2023,"food_state_rnk",23.1623
"24035810300","tract",2023,"food_state_rnk",72.5035
"24035810400","tract",2023,"food_state_rnk",47.0874
"24035810500","tract",2023,"food_state_rnk",52.8433
"24035810600","tract",2023,"food_state_rnk",75.2427
"24035810700","tract",2023,"food_state_rnk",62.1359
"24035810800","tract",2023,"food_state_rnk",60.7143
"24035810901","tract",2023,"food_state_rnk",67.9612
"24035810902","tract",2023,"food_state_rnk",82.2469
"24035811000","tract",2023,"food_state_rnk",29.577
"24035990000","tract",2023,"food_state_rnk",NA
"24035990100","tract",2023,"food_state_rnk",NA
"24035990200","tract",2023,"food_state_rnk",NA
"24037875000","tract",2023,"food_state_rnk",61.3384
"24037875100","tract",2023,"food_state_rnk",69.3481
"24037875201","tract",2023,"food_state_rnk",91.4008
"24037875202","tract",2023,"food_state_rnk",74.2718
"24037875300","tract",2023,"food_state_rnk",55.7212
"24037875400","tract",2023,"food_state_rnk",46.1859
"24037875501","tract",2023,"food_state_rnk",43.828
"24037875502","tract",2023,"food_state_rnk",79.9931
"24037875601","tract",2023,"food_state_rnk",67.7184
"24037875602","tract",2023,"food_state_rnk",69.9723
"24037875700","tract",2023,"food_state_rnk",41.5395
"24037875803","tract",2023,"food_state_rnk",69.5215
"24037875903","tract",2023,"food_state_rnk",9.6394
"24037875904","tract",2023,"food_state_rnk",20.4577
"24037875905","tract",2023,"food_state_rnk",41.5395
"24037875906","tract",2023,"food_state_rnk",70.319
"24037876001","tract",2023,"food_state_rnk",6.7961
"24037876003","tract",2023,"food_state_rnk",38.6269
"24037876004","tract",2023,"food_state_rnk",81.9001
"24037876101","tract",2023,"food_state_rnk",62.2746
"24037876102","tract",2023,"food_state_rnk",74.6186
"24037876200","tract",2023,"food_state_rnk",55.4092
"24037990000","tract",2023,"food_state_rnk",NA
"24039930101","tract",2023,"food_state_rnk",1.4563
"24039930102","tract",2023,"food_state_rnk",28.8141
"24039930200","tract",2023,"food_state_rnk",33.1484
"24039930500","tract",2023,"food_state_rnk",22.8849
"24039930600","tract",2023,"food_state_rnk",4.3689
"24039930800","tract",2023,"food_state_rnk",NA
"24039990100","tract",2023,"food_state_rnk",NA
"24041960100","tract",2023,"food_state_rnk",37.448
"24041960201","tract",2023,"food_state_rnk",54.8544
"24041960300","tract",2023,"food_state_rnk",10.1942
"24041960400","tract",2023,"food_state_rnk",35.5062
"24041960501","tract",2023,"food_state_rnk",60.9917
"24041960502","tract",2023,"food_state_rnk",60.8877
"24041960600","tract",2023,"food_state_rnk",73.3703
"24041960700","tract",2023,"food_state_rnk",45.4577
"24041960800","tract",2023,"food_state_rnk",67.4757
"24041960900","tract",2023,"food_state_rnk",52.5659
"24041990000","tract",2023,"food_state_rnk",NA
"24043000100","tract",2023,"food_state_rnk",36.8932
"24043000200","tract",2023,"food_state_rnk",53.1207
"24043000301","tract",2023,"food_state_rnk",7.6283
"24043000302","tract",2023,"food_state_rnk",3.6061
"24043000400","tract",2023,"food_state_rnk",1.8031
"24043000500","tract",2023,"food_state_rnk",5.8252
"24043000601","tract",2023,"food_state_rnk",11.9279
"24043000602","tract",2023,"food_state_rnk",41.6782
"24043000700","tract",2023,"food_state_rnk",5.8946
"24043000800","tract",2023,"food_state_rnk",6.9348
"24043000900","tract",2023,"food_state_rnk",5.3398
"24043001001","tract",2023,"food_state_rnk",11.4424
"24043001002","tract",2023,"food_state_rnk",26.2829
"24043010100","tract",2023,"food_state_rnk",57.3509
"24043010200","tract",2023,"food_state_rnk",79.473
"24043010300","tract",2023,"food_state_rnk",50.6588
"24043010401","tract",2023,"food_state_rnk",34.1193
"24043010402","tract",2023,"food_state_rnk",25.7282
"24043010600","tract",2023,"food_state_rnk",71.2205
"24043010700","tract",2023,"food_state_rnk",21.2205
"24043010802","tract",2023,"food_state_rnk",39.1123
"24043010803","tract",2023,"food_state_rnk",70.8738
"24043010901","tract",2023,"food_state_rnk",65.534
"24043010902","tract",2023,"food_state_rnk",51.8377
"24043011000","tract",2023,"food_state_rnk",NA
"24043011100","tract",2023,"food_state_rnk",79.3343
"24043011202","tract",2023,"food_state_rnk",36.2691
"24043011203","tract",2023,"food_state_rnk",32.5243
"24043011204","tract",2023,"food_state_rnk",21.706
"24043011301","tract",2023,"food_state_rnk",48.5784
"24043011302","tract",2023,"food_state_rnk",83.2524
"24043011400","tract",2023,"food_state_rnk",69.5215
"24043011501","tract",2023,"food_state_rnk",74.4799
"24043011502","tract",2023,"food_state_rnk",52.2885
"24043011600","tract",2023,"food_state_rnk",59.2233
"24043011700","tract",2023,"food_state_rnk",56.1026
"24045000100","tract",2023,"food_state_rnk",8.9459
"24045000200","tract",2023,"food_state_rnk",14.0777
"24045000300","tract",2023,"food_state_rnk",0.3467
"24045000400","tract",2023,"food_state_rnk",15.0485
"24045000500","tract",2023,"food_state_rnk",10.7143
"24045010101","tract",2023,"food_state_rnk",44.1748
"24045010102","tract",2023,"food_state_rnk",10.8183
"24045010200","tract",2023,"food_state_rnk",8.3911
"24045010300","tract",2023,"food_state_rnk",38.6963
"24045010400","tract",2023,"food_state_rnk",15.6727
"24045010501","tract",2023,"food_state_rnk",33.9806
"24045010503","tract",2023,"food_state_rnk",10.4716
"24045010504","tract",2023,"food_state_rnk",49.3759
"24045010603","tract",2023,"food_state_rnk",83.5298
"24045010604","tract",2023,"food_state_rnk",19.4868
"24045010605","tract",2023,"food_state_rnk",61.7198
"24045010606","tract",2023,"food_state_rnk",62.656
"24045010701","tract",2023,"food_state_rnk",42.0943
"24045010703","tract",2023,"food_state_rnk",48.1276
"24045010704","tract",2023,"food_state_rnk",17.0596
"24045010800","tract",2023,"food_state_rnk",38.9736
"24047950000","tract",2023,"food_state_rnk",90.742
"24047950100","tract",2023,"food_state_rnk",40.6033
"24047950300","tract",2023,"food_state_rnk",86.3731
"24047950400","tract",2023,"food_state_rnk",70.6657
"24047950600","tract",2023,"food_state_rnk",73.2316
"24047950700","tract",2023,"food_state_rnk",71.7753
"24047950800","tract",2023,"food_state_rnk",93.5853
"24047950900","tract",2023,"food_state_rnk",67.5798
"24047951000","tract",2023,"food_state_rnk",30.9986
"24047951101","tract",2023,"food_state_rnk",92.8571
"24047951102","tract",2023,"food_state_rnk",99.6533
"24047951200","tract",2023,"food_state_rnk",50
"24047951300","tract",2023,"food_state_rnk",31.7961
"24047951400","tract",2023,"food_state_rnk",31.068
"24047951500","tract",2023,"food_state_rnk",23.7171
"24047951700","tract",2023,"food_state_rnk",95.0763
"24047980000","tract",2023,"food_state_rnk",NA
"24047990000","tract",2023,"food_state_rnk",NA
"24510010100","tract",2023,"food_state_rnk",44.5215
"24510010200","tract",2023,"food_state_rnk",82.3509
"24510010300","tract",2023,"food_state_rnk",58.1831
"24510010400","tract",2023,"food_state_rnk",20.111
"24510010500","tract",2023,"food_state_rnk",64.7365
"24510020100","tract",2023,"food_state_rnk",63.4535
"24510020200","tract",2023,"food_state_rnk",48.8904
"24510020300","tract",2023,"food_state_rnk",92.6491
"24510030100","tract",2023,"food_state_rnk",1.9417
"24510030200","tract",2023,"food_state_rnk",78.7795
"24510040100","tract",2023,"food_state_rnk",7.1429
"24510040200","tract",2023,"food_state_rnk",NA
"24510060100","tract",2023,"food_state_rnk",40.0139
"24510060200","tract",2023,"food_state_rnk",31.172
"24510060300","tract",2023,"food_state_rnk",20.527
"24510060400","tract",2023,"food_state_rnk",4.9931
"24510070100","tract",2023,"food_state_rnk",2.6352
"24510070200","tract",2023,"food_state_rnk",9.7087
"24510070300","tract",2023,"food_state_rnk",7.3509
"24510070400","tract",2023,"food_state_rnk",5.4092
"24510080101","tract",2023,"food_state_rnk",4.1609
"24510080102","tract",2023,"food_state_rnk",6.1373
"24510080200","tract",2023,"food_state_rnk",0.5548
"24510080301","tract",2023,"food_state_rnk",4.0915
"24510080302","tract",2023,"food_state_rnk",10.7143
"24510080400","tract",2023,"food_state_rnk",7.4202
"24510080500","tract",2023,"food_state_rnk",0.208
"24510080600","tract",2023,"food_state_rnk",2.2191
"24510080700","tract",2023,"food_state_rnk",7.4896
"24510080800","tract",2023,"food_state_rnk",3.4674
"24510090100","tract",2023,"food_state_rnk",5.2705
"24510090200","tract",2023,"food_state_rnk",30.7212
"24510090300","tract",2023,"food_state_rnk",8.5992
"24510090400","tract",2023,"food_state_rnk",2.9126
"24510090500","tract",2023,"food_state_rnk",13.1068
"24510090600","tract",2023,"food_state_rnk",7.0735
"24510090700","tract",2023,"food_state_rnk",2.7046
"24510090800","tract",2023,"food_state_rnk",3.7448
"24510090900","tract",2023,"food_state_rnk",1.1789
"24510100100","tract",2023,"food_state_rnk",1.1096
"24510100200","tract",2023,"food_state_rnk",0.4161
"24510100300","tract",2023,"food_state_rnk",NA
"24510110100","tract",2023,"food_state_rnk",66.3315
"24510110200","tract",2023,"food_state_rnk",53.3287
"24510120100","tract",2023,"food_state_rnk",86.8239
"24510120201","tract",2023,"food_state_rnk",60.5409
"24510120202","tract",2023,"food_state_rnk",NA
"24510120300","tract",2023,"food_state_rnk",8.4605
"24510120400","tract",2023,"food_state_rnk",4.5076
"24510120500","tract",2023,"food_state_rnk",12.8988
"24510120600","tract",2023,"food_state_rnk",9.5007
"24510120700","tract",2023,"food_state_rnk",43.5506
"24510130100","tract",2023,"food_state_rnk",9.0153
"24510130200","tract",2023,"food_state_rnk",22.1221
"24510130300","tract",2023,"food_state_rnk",3.6755
"24510130400","tract",2023,"food_state_rnk",14.0777
"24510130600","tract",2023,"food_state_rnk",54.577
"24510130700","tract",2023,"food_state_rnk",87.7254
"24510130803","tract",2023,"food_state_rnk",71.706
"24510130804","tract",2023,"food_state_rnk",20.0416
"24510130805","tract",2023,"food_state_rnk",16.7822
"24510130806","tract",2023,"food_state_rnk",52.0804
"24510140100","tract",2023,"food_state_rnk",67.5798
"24510140200","tract",2023,"food_state_rnk",3.2594
"24510140300","tract",2023,"food_state_rnk",6.8655
"24510150100","tract",2023,"food_state_rnk",4.2996
"24510150200","tract",2023,"food_state_rnk",1.7337
"24510150300","tract",2023,"food_state_rnk",1.0402
"24510150400","tract",2023,"food_state_rnk",2.982
"24510150500","tract",2023,"food_state_rnk",5.9639
"24510150600","tract",2023,"food_state_rnk",1.387
"24510150701","tract",2023,"food_state_rnk",9.8128
"24510150702","tract",2023,"food_state_rnk",3.9528
"24510150800","tract",2023,"food_state_rnk",11.2344
"24510150900","tract",2023,"food_state_rnk",43.0999
"24510151000","tract",2023,"food_state_rnk",6.1373
"24510151100","tract",2023,"food_state_rnk",27.1845
"24510151200","tract",2023,"food_state_rnk",20.9431
"24510151300","tract",2023,"food_state_rnk",2.4965
"24510160100","tract",2023,"food_state_rnk",0.1387
"24510160200","tract",2023,"food_state_rnk",1.595
"24510160300","tract",2023,"food_state_rnk",1.5257
"24510160400","tract",2023,"food_state_rnk",2.2885
"24510160500","tract",2023,"food_state_rnk",14.6325
"24510160600","tract",2023,"food_state_rnk",3.19
"24510160700","tract",2023,"food_state_rnk",2.4272
"24510160801","tract",2023,"food_state_rnk",5.6865
"24510160802","tract",2023,"food_state_rnk",7.9057
"24510170100","tract",2023,"food_state_rnk",5.2011
"24510170200","tract",2023,"food_state_rnk",1.3176
"24510170300","tract",2023,"food_state_rnk",2.1498
"24510180300","tract",2023,"food_state_rnk",7.6976
"24510190100","tract",2023,"food_state_rnk",2.0111
"24510190200","tract",2023,"food_state_rnk",4.0222
"24510190300","tract",2023,"food_state_rnk",2.5659
"24510200100","tract",2023,"food_state_rnk",6.4494
"24510200200","tract",2023,"food_state_rnk",1.8724
"24510200300","tract",2023,"food_state_rnk",0.2774
"24510200400","tract",2023,"food_state_rnk",0.7628
"24510200500","tract",2023,"food_state_rnk",1.6644
"24510200600","tract",2023,"food_state_rnk",5.0624
"24510200701","tract",2023,"food_state_rnk",9.2926
"24510200702","tract",2023,"food_state_rnk",2.0804
"24510200800","tract",2023,"food_state_rnk",4.7157
"24510210100","tract",2023,"food_state_rnk",17.4757
"24510210200","tract",2023,"food_state_rnk",11.3731
"24510220100","tract",2023,"food_state_rnk",45.2843
"24510230100","tract",2023,"food_state_rnk",60.1942
"24510230200","tract",2023,"food_state_rnk",83.7032
"24510230300","tract",2023,"food_state_rnk",21.6366
"24510240100","tract",2023,"food_state_rnk",94.5215
"24510240200","tract",2023,"food_state_rnk",87.5867
"24510240300","tract",2023,"food_state_rnk",81.6227
"24510240400","tract",2023,"food_state_rnk",64.5631
"24510250101","tract",2023,"food_state_rnk",46.3939
"24510250102","tract",2023,"food_state_rnk",8.5298
"24510250103","tract",2023,"food_state_rnk",8.8766
"24510250203","tract",2023,"food_state_rnk",5.5479
"24510250204","tract",2023,"food_state_rnk",0
"24510250205","tract",2023,"food_state_rnk",7.975
"24510250206","tract",2023,"food_state_rnk",15.8807
"24510250207","tract",2023,"food_state_rnk",2.7739
"24510250301","tract",2023,"food_state_rnk",0.9709
"24510250303","tract",2023,"food_state_rnk",3.8835
"24510250401","tract",2023,"food_state_rnk",6.6574
"24510250402","tract",2023,"food_state_rnk",8.2524
"24510250500","tract",2023,"food_state_rnk",12.0666
"24510250600","tract",2023,"food_state_rnk",NA
"24510260101","tract",2023,"food_state_rnk",34.7434
"24510260102","tract",2023,"food_state_rnk",14.4244
"24510260201","tract",2023,"food_state_rnk",16.5049
"24510260202","tract",2023,"food_state_rnk",2.3578
"24510260203","tract",2023,"food_state_rnk",14.8752
"24510260301","tract",2023,"food_state_rnk",6.7268
"24510260302","tract",2023,"food_state_rnk",11.5118
"24510260303","tract",2023,"food_state_rnk",5.1318
"24510260401","tract",2023,"food_state_rnk",19.0361
"24510260402","tract",2023,"food_state_rnk",3.5368
"24510260403","tract",2023,"food_state_rnk",4.6463
"24510260404","tract",2023,"food_state_rnk",0.8322
"24510260501","tract",2023,"food_state_rnk",15.4646
"24510260604","tract",2023,"food_state_rnk",0.9015
"24510260605","tract",2023,"food_state_rnk",26.1789
"24510260700","tract",2023,"food_state_rnk",12.344
"24510260800","tract",2023,"food_state_rnk",42.7878
"24510260900","tract",2023,"food_state_rnk",67.2677
"24510261000","tract",2023,"food_state_rnk",6.38
"24510261100","tract",2023,"food_state_rnk",55.8946
"24510270101","tract",2023,"food_state_rnk",21.8447
"24510270102","tract",2023,"food_state_rnk",8.1831
"24510270200","tract",2023,"food_state_rnk",43.2039
"24510270301","tract",2023,"food_state_rnk",31.172
"24510270302","tract",2023,"food_state_rnk",21.1512
"24510270401","tract",2023,"food_state_rnk",20.6657
"24510270402","tract",2023,"food_state_rnk",12.6214
"24510270501","tract",2023,"food_state_rnk",38.2108
"24510270502","tract",2023,"food_state_rnk",27.3232
"24510270600","tract",2023,"food_state_rnk",27.6699
"24510270701","tract",2023,"food_state_rnk",43.7587
"24510270702","tract",2023,"food_state_rnk",15.7767
"24510270703","tract",2023,"food_state_rnk",46.6713
"24510270801","tract",2023,"food_state_rnk",9.2233
"24510270802","tract",2023,"food_state_rnk",45.8391
"24510270803","tract",2023,"food_state_rnk",7.5589
"24510270804","tract",2023,"food_state_rnk",27.3925
"24510270805","tract",2023,"food_state_rnk",15.1872
"24510270901","tract",2023,"food_state_rnk",19.9029
"24510270902","tract",2023,"food_state_rnk",42.9612
"24510270903","tract",2023,"food_state_rnk",NA
"24510271001","tract",2023,"food_state_rnk",2.8433
"24510271002","tract",2023,"food_state_rnk",10.957
"24510271101","tract",2023,"food_state_rnk",35.8877
"24510271102","tract",2023,"food_state_rnk",NA
"24510271200","tract",2023,"food_state_rnk",62.656
"24510271300","tract",2023,"food_state_rnk",80.3051
"24510271400","tract",2023,"food_state_rnk",95.4924
"24510271501","tract",2023,"food_state_rnk",76.387
"24510271503","tract",2023,"food_state_rnk",78.6408
"24510271600","tract",2023,"food_state_rnk",4.4383
"24510271700","tract",2023,"food_state_rnk",11.0957
"24510271801","tract",2023,"food_state_rnk",0.4854
"24510271802","tract",2023,"food_state_rnk",0.6935
"24510271900","tract",2023,"food_state_rnk",30.8599
"24510272003","tract",2023,"food_state_rnk",39.8752
"24510272004","tract",2023,"food_state_rnk",50.9015
"24510272005","tract",2023,"food_state_rnk",27.9473
"24510272006","tract",2023,"food_state_rnk",5.7559
"24510272007","tract",2023,"food_state_rnk",32.0735
"24510280101","tract",2023,"food_state_rnk",9.8128
"24510280102","tract",2023,"food_state_rnk",7.2122
"24510280200","tract",2023,"food_state_rnk",18.0999
"24510280301","tract",2023,"food_state_rnk",18.3079
"24510280302","tract",2023,"food_state_rnk",4.9237
"24510280401","tract",2023,"food_state_rnk",12.1359
"24510280402","tract",2023,"food_state_rnk",24.8266
"24510280403","tract",2023,"food_state_rnk",34.0499
"24510280404","tract",2023,"food_state_rnk",3.1207
"24510280500","tract",2023,"food_state_rnk",0.6241
"24510280600","tract",2023,"food_state_rnk",0.0693
