"geoid","geolevel","year","level","value"
"45001950100","tract",2023,"food_score",114.82
"45001950200","tract",2023,"food_score",93.04
"45001950300","tract",2023,"food_score",90
"45001950401","tract",2023,"food_score",85.34
"45001950402","tract",2023,"food_score",119.02
"45001950500","tract",2023,"food_score",64.65
"45001950600","tract",2023,"food_score",102.36
"45003020100","tract",2023,"food_score",82.82
"45003020200","tract",2023,"food_score",110.68
"45003020301","tract",2023,"food_score",105.18
"45003020303","tract",2023,"food_score",56.43
"45003020304","tract",2023,"food_score",101.85
"45003020401","tract",2023,"food_score",98.32
"45003020402","tract",2023,"food_score",59.64
"45003020500","tract",2023,"food_score",118.49
"45003020601","tract",2023,"food_score",108.11
"45003020603","tract",2023,"food_score",90.85
"45003020604","tract",2023,"food_score",111.9
"45003020701","tract",2023,"food_score",107.88
"45003020702","tract",2023,"food_score",98.79
"45003020801","tract",2023,"food_score",111.39
"45003020802","tract",2023,"food_score",115.34
"45003020901","tract",2023,"food_score",110.99
"45003020903","tract",2023,"food_score",98.76
"45003020904","tract",2023,"food_score",94.18
"45003021001","tract",2023,"food_score",98.06
"45003021003","tract",2023,"food_score",88.2
"45003021004","tract",2023,"food_score",74.47
"45003021101","tract",2023,"food_score",89.98
"45003021102","tract",2023,"food_score",92.5
"45003021201","tract",2023,"food_score",107.22
"45003021202","tract",2023,"food_score",119.6
"45003021204","tract",2023,"food_score",111.88
"45003021205","tract",2023,"food_score",127.91
"45003021300","tract",2023,"food_score",105.75
"45003021401","tract",2023,"food_score",56.95
"45003021402","tract",2023,"food_score",57.04
"45003021500","tract",2023,"food_score",116.28
"45003021601","tract",2023,"food_score",91.08
"45003021603","tract",2023,"food_score",109.74
"45003021604","tract",2023,"food_score",126.59
"45003021700","tract",2023,"food_score",101.77
"45003021800","tract",2023,"food_score",87.59
"45003021901","tract",2023,"food_score",100.16
"45003021902","tract",2023,"food_score",109.9
"45003022001","tract",2023,"food_score",94.51
"45003022003","tract",2023,"food_score",104.01
"45003022004","tract",2023,"food_score",93.66
"45003022100","tract",2023,"food_score",103.06
"45003980100","tract",2023,"food_score",NA
"45005970201","tract",2023,"food_score",91.43
"45005970202","tract",2023,"food_score",69.13
"45005970500","tract",2023,"food_score",85.69
"45007000200","tract",2023,"food_score",98.61
"45007000300","tract",2023,"food_score",91.44
"45007000500","tract",2023,"food_score",71.03
"45007000600","tract",2023,"food_score",52.82
"45007000701","tract",2023,"food_score",52.64
"45007000702","tract",2023,"food_score",80.04
"45007000800","tract",2023,"food_score",74.96
"45007000900","tract",2023,"food_score",90.49
"45007001000","tract",2023,"food_score",116.91
"45007001100","tract",2023,"food_score",112.5
"45007010103","tract",2023,"food_score",119.5
"45007010105","tract",2023,"food_score",117.23
"45007010106","tract",2023,"food_score",119.6
"45007010107","tract",2023,"food_score",114.36
"45007010108","tract",2023,"food_score",111.75
"45007010200","tract",2023,"food_score",102.09
"45007010300","tract",2023,"food_score",92.79
"45007010403","tract",2023,"food_score",95.57
"45007010404","tract",2023,"food_score",112.33
"45007010405","tract",2023,"food_score",110.09
"45007010406","tract",2023,"food_score",101.58
"45007010501","tract",2023,"food_score",112.41
"45007010502","tract",2023,"food_score",111.4
"45007010601","tract",2023,"food_score",115.35
"45007010602","tract",2023,"food_score",95.51
"45007010701","tract",2023,"food_score",88.21
"45007010702","tract",2023,"food_score",112.07
"45007010800","tract",2023,"food_score",102.23
"45007010900","tract",2023,"food_score",109.26
"45007011001","tract",2023,"food_score",104.98
"45007011002","tract",2023,"food_score",118.41
"45007011100","tract",2023,"food_score",104.34
"45007011201","tract",2023,"food_score",128.49
"45007011203","tract",2023,"food_score",126.32
"45007011204","tract",2023,"food_score",124.97
"45007011301","tract",2023,"food_score",97.04
"45007011302","tract",2023,"food_score",126.54
"45007011401","tract",2023,"food_score",103.88
"45007011402","tract",2023,"food_score",102.11
"45007011501","tract",2023,"food_score",103.33
"45007011502","tract",2023,"food_score",81.2
"45007011600","tract",2023,"food_score",111.62
"45007011701","tract",2023,"food_score",110.09
"45007011702","tract",2023,"food_score",85.56
"45007011800","tract",2023,"food_score",93.7
"45007011901","tract",2023,"food_score",69.81
"45007011902","tract",2023,"food_score",59.47
"45007012001","tract",2023,"food_score",97.68
"45007012002","tract",2023,"food_score",106.21
"45007012200","tract",2023,"food_score",91.61
"45007012300","tract",2023,"food_score",83
"45009960101","tract",2023,"food_score",79.09
"45009960102","tract",2023,"food_score",67.45
"45009960201","tract",2023,"food_score",94.59
"45009960202","tract",2023,"food_score",85.38
"45009960300","tract",2023,"food_score",72.16
"45009960400","tract",2023,"food_score",97.72
"45011970101","tract",2023,"food_score",56.65
"45011970102","tract",2023,"food_score",84.37
"45011970200","tract",2023,"food_score",76.16
"45011970300","tract",2023,"food_score",61.37
"45011970401","tract",2023,"food_score",85.17
"45011970402","tract",2023,"food_score",84.49
"45011970500","tract",2023,"food_score",76.15
"45011980100","tract",2023,"food_score",NA
"45013000100","tract",2023,"food_score",98.69
"45013000200","tract",2023,"food_score",69.57
"45013000300","tract",2023,"food_score",119.64
"45013000400","tract",2023,"food_score",NA
"45013000501","tract",2023,"food_score",115.49
"45013000502","tract",2023,"food_score",118.9
"45013000503","tract",2023,"food_score",112
"45013000600","tract",2023,"food_score",95.63
"45013000700","tract",2023,"food_score",101.21
"45013000800","tract",2023,"food_score",86.42
"45013000901","tract",2023,"food_score",111.75
"45013000902","tract",2023,"food_score",122.24
"45013000903","tract",2023,"food_score",98.59
"45013001000","tract",2023,"food_score",NA
"45013001101","tract",2023,"food_score",108.02
"45013001103","tract",2023,"food_score",93.17
"45013001104","tract",2023,"food_score",72.67
"45013001200","tract",2023,"food_score",111.92
"45013002101","tract",2023,"food_score",116.62
"45013002102","tract",2023,"food_score",129.88
"45013002103","tract",2023,"food_score",133.02
"45013002105","tract",2023,"food_score",125.44
"45013002106","tract",2023,"food_score",130.3
"45013002107","tract",2023,"food_score",124.31
"45013002108","tract",2023,"food_score",116.52
"45013002109","tract",2023,"food_score",130.1
"45013002110","tract",2023,"food_score",129.6
"45013002201","tract",2023,"food_score",106.37
"45013002202","tract",2023,"food_score",122.89
"45013010100","tract",2023,"food_score",125.3
"45013010200","tract",2023,"food_score",109.84
"45013010300","tract",2023,"food_score",126.14
"45013010400","tract",2023,"food_score",121.98
"45013010500","tract",2023,"food_score",117.6
"45013010600","tract",2023,"food_score",125.47
"45013010700","tract",2023,"food_score",118.1
"45013010800","tract",2023,"food_score",84
"45013010900","tract",2023,"food_score",122.46
"45013011000","tract",2023,"food_score",122.38
"45013011100","tract",2023,"food_score",111.99
"45013011200","tract",2023,"food_score",116.83
"45013011300","tract",2023,"food_score",118.73
"45013990100","tract",2023,"food_score",NA
"45015020101","tract",2023,"food_score",105.93
"45015020102","tract",2023,"food_score",115.71
"45015020201","tract",2023,"food_score",76.96
"45015020202","tract",2023,"food_score",78.68
"45015020301","tract",2023,"food_score",107.2
"45015020303","tract",2023,"food_score",93.74
"45015020304","tract",2023,"food_score",94.54
"45015020401","tract",2023,"food_score",82.19
"45015020404","tract",2023,"food_score",118.52
"45015020405","tract",2023,"food_score",102.91
"45015020406","tract",2023,"food_score",123.83
"45015020407","tract",2023,"food_score",120.33
"45015020503","tract",2023,"food_score",106.72
"45015020504","tract",2023,"food_score",107.69
"45015020505","tract",2023,"food_score",94.65
"45015020506","tract",2023,"food_score",114.25
"45015020601","tract",2023,"food_score",122.96
"45015020602","tract",2023,"food_score",119.54
"45015020707","tract",2023,"food_score",96.71
"45015020710","tract",2023,"food_score",118.26
"45015020711","tract",2023,"food_score",117.77
"45015020712","tract",2023,"food_score",109.47
"45015020713","tract",2023,"food_score",104.39
"45015020714","tract",2023,"food_score",109.66
"45015020715","tract",2023,"food_score",82.47
"45015020716","tract",2023,"food_score",116.6
"45015020717","tract",2023,"food_score",103.44
"45015020718","tract",2023,"food_score",100.93
"45015020719","tract",2023,"food_score",116.15
"45015020720","tract",2023,"food_score",111.95
"45015020721","tract",2023,"food_score",100.18
"45015020722","tract",2023,"food_score",116.26
"45015020723","tract",2023,"food_score",116.41
"45015020724","tract",2023,"food_score",NA
"45015020725","tract",2023,"food_score",116.39
"45015020804","tract",2023,"food_score",114.89
"45015020806","tract",2023,"food_score",101.35
"45015020807","tract",2023,"food_score",121.57
"45015020808","tract",2023,"food_score",94.17
"45015020809","tract",2023,"food_score",99.93
"45015020810","tract",2023,"food_score",119.5
"45015020811","tract",2023,"food_score",104.02
"45015020812","tract",2023,"food_score",118.39
"45015020901","tract",2023,"food_score",92.69
"45015020903","tract",2023,"food_score",111.29
"45015020904","tract",2023,"food_score",116.56
"45015021000","tract",2023,"food_score",89.15
"45015980100","tract",2023,"food_score",NA
"45017950100","tract",2023,"food_score",105.61
"45017950201","tract",2023,"food_score",90.06
"45017950202","tract",2023,"food_score",73.27
"45017950400","tract",2023,"food_score",104.31
"45019000100","tract",2023,"food_score",82.67
"45019000200","tract",2023,"food_score",121.66
"45019000400","tract",2023,"food_score",NA
"45019000500","tract",2023,"food_score",121.51
"45019000600","tract",2023,"food_score",120.96
"45019000700","tract",2023,"food_score",NA
"45019000900","tract",2023,"food_score",63.64
"45019001000","tract",2023,"food_score",117.37
"45019001100","tract",2023,"food_score",83.3
"45019001500","tract",2023,"food_score",102.09
"45019001901","tract",2023,"food_score",111.58
"45019001902","tract",2023,"food_score",115.16
"45019002002","tract",2023,"food_score",125.76
"45019002004","tract",2023,"food_score",95.74
"45019002005","tract",2023,"food_score",128.88
"45019002006","tract",2023,"food_score",114.79
"45019002007","tract",2023,"food_score",123.74
"45019002008","tract",2023,"food_score",103.11
"45019002009","tract",2023,"food_score",115.18
"45019002103","tract",2023,"food_score",119.44
"45019002104","tract",2023,"food_score",124.17
"45019002105","tract",2023,"food_score",126.56
"45019002106","tract",2023,"food_score",88.24
"45019002107","tract",2023,"food_score",123.57
"45019002108","tract",2023,"food_score",121.31
"45019002200","tract",2023,"food_score",102.41
"45019002300","tract",2023,"food_score",106.14
"45019002401","tract",2023,"food_score",112.54
"45019002402","tract",2023,"food_score",99.53
"45019002503","tract",2023,"food_score",93.72
"45019002504","tract",2023,"food_score",119.29
"45019002604","tract",2023,"food_score",114.07
"45019002605","tract",2023,"food_score",113.48
"45019002606","tract",2023,"food_score",124.19
"45019002611","tract",2023,"food_score",108.94
"45019002612","tract",2023,"food_score",109.61
"45019002613","tract",2023,"food_score",101.4
"45019002614","tract",2023,"food_score",106.54
"45019002701","tract",2023,"food_score",82.56
"45019002702","tract",2023,"food_score",101.41
"45019002801","tract",2023,"food_score",125.74
"45019002802","tract",2023,"food_score",122.07
"45019002900","tract",2023,"food_score",122.91
"45019003000","tract",2023,"food_score",125.36
"45019003104","tract",2023,"food_score",79.37
"45019003105","tract",2023,"food_score",100.35
"45019003106","tract",2023,"food_score",98
"45019003107","tract",2023,"food_score",105.61
"45019003108","tract",2023,"food_score",104.27
"45019003109","tract",2023,"food_score",111.57
"45019003110","tract",2023,"food_score",105.07
"45019003111","tract",2023,"food_score",111.28
"45019003113","tract",2023,"food_score",104.56
"45019003115","tract",2023,"food_score",95.54
"45019003116","tract",2023,"food_score",85.55
"45019003117","tract",2023,"food_score",114.12
"45019003200","tract",2023,"food_score",116.32
"45019003300","tract",2023,"food_score",73.04
"45019003400","tract",2023,"food_score",77.23
"45019003500","tract",2023,"food_score",115.29
"45019003600","tract",2023,"food_score",116.95
"45019003700","tract",2023,"food_score",73.17
"45019003800","tract",2023,"food_score",66.72
"45019003900","tract",2023,"food_score",NA
"45019004000","tract",2023,"food_score",83.07
"45019004300","tract",2023,"food_score",91.95
"45019004400","tract",2023,"food_score",64.45
"45019004607","tract",2023,"food_score",127.55
"45019004609","tract",2023,"food_score",116.51
"45019004610","tract",2023,"food_score",125.67
"45019004612","tract",2023,"food_score",122.76
"45019004613","tract",2023,"food_score",125.32
"45019004614","tract",2023,"food_score",128.85
"45019004615","tract",2023,"food_score",128.06
"45019004616","tract",2023,"food_score",122.85
"45019004617","tract",2023,"food_score",132.6
"45019004618","tract",2023,"food_score",122.63
"45019004619","tract",2023,"food_score",125.41
"45019004620","tract",2023,"food_score",126.63
"45019004621","tract",2023,"food_score",127.19
"45019004622","tract",2023,"food_score",120.7
"45019004701","tract",2023,"food_score",126.26
"45019004702","tract",2023,"food_score",116.82
"45019004800","tract",2023,"food_score",126.16
"45019004901","tract",2023,"food_score",113.61
"45019004902","tract",2023,"food_score",126.16
"45019005001","tract",2023,"food_score",119.96
"45019005002","tract",2023,"food_score",97.48
"45019005100","tract",2023,"food_score",106.06
"45019005300","tract",2023,"food_score",87.57
"45019005400","tract",2023,"food_score",37.42
"45019005500","tract",2023,"food_score",72.14
"45019005601","tract",2023,"food_score",127.32
"45019005602","tract",2023,"food_score",110.74
"45019005701","tract",2023,"food_score",125.72
"45019005702","tract",2023,"food_score",121.57
"45019005800","tract",2023,"food_score",119.17
"45019005900","tract",2023,"food_score",NA
"45019990100","tract",2023,"food_score",NA
"45021970101","tract",2023,"food_score",110.03
"45021970102","tract",2023,"food_score",103.39
"45021970201","tract",2023,"food_score",103.14
"45021970203","tract",2023,"food_score",87.97
"45021970204","tract",2023,"food_score",117.32
"45021970301","tract",2023,"food_score",106.84
"45021970302","tract",2023,"food_score",59.21
"45021970401","tract",2023,"food_score",103.85
"45021970403","tract",2023,"food_score",110.8
"45021970404","tract",2023,"food_score",95.19
"45021970501","tract",2023,"food_score",87.97
"45021970502","tract",2023,"food_score",63.92
"45021970503","tract",2023,"food_score",87.62
"45021970601","tract",2023,"food_score",107.76
"45021970602","tract",2023,"food_score",107.4
"45021970700","tract",2023,"food_score",98.93
"45023020100","tract",2023,"food_score",78.98
"45023020200","tract",2023,"food_score",102.7
"45023020300","tract",2023,"food_score",69.51
"45023020400","tract",2023,"food_score",106.25
"45023020500","tract",2023,"food_score",91
"45023020601","tract",2023,"food_score",110.86
"45023020602","tract",2023,"food_score",106.11
"45023020700","tract",2023,"food_score",81.63
"45023020800","tract",2023,"food_score",99.27
"45023020900","tract",2023,"food_score",91.18
"45023021000","tract",2023,"food_score",83.54
"45025950101","tract",2023,"food_score",98.3
"45025950102","tract",2023,"food_score",60.89
"45025950200","tract",2023,"food_score",104.43
"45025950300","tract",2023,"food_score",91.45
"45025950401","tract",2023,"food_score",96.58
"45025950402","tract",2023,"food_score",92.03
"45025950501","tract",2023,"food_score",76.69
"45025950503","tract",2023,"food_score",67.74
"45025950504","tract",2023,"food_score",79.26
"45025950601","tract",2023,"food_score",82.76
"45025950602","tract",2023,"food_score",78.31
"45025950701","tract",2023,"food_score",97.74
"45025950702","tract",2023,"food_score",101.16
"45025950800","tract",2023,"food_score",103.76
"45027960100","tract",2023,"food_score",95.02
"45027960201","tract",2023,"food_score",75.41
"45027960300","tract",2023,"food_score",80.53
"45027960400","tract",2023,"food_score",94.86
"45027960500","tract",2023,"food_score",87.98
"45027960600","tract",2023,"food_score",100.55
"45027960701","tract",2023,"food_score",89.18
"45027960702","tract",2023,"food_score",89.31
"45027960703","tract",2023,"food_score",100.52
"45027960801","tract",2023,"food_score",83.82
"45027960802","tract",2023,"food_score",97.84
"45027980000","tract",2023,"food_score",NA
"45029970100","tract",2023,"food_score",88.04
"45029970200","tract",2023,"food_score",99.43
"45029970301","tract",2023,"food_score",67.69
"45029970302","tract",2023,"food_score",50.98
"45029970401","tract",2023,"food_score",98.84
"45029970402","tract",2023,"food_score",91.13
"45029970501","tract",2023,"food_score",47.65
"45029970502","tract",2023,"food_score",83.81
"45029970601","tract",2023,"food_score",72.63
"45029970602","tract",2023,"food_score",89.67
"45029970701","tract",2023,"food_score",91.51
"45029970702","tract",2023,"food_score",78.86
"45029970800","tract",2023,"food_score",97.69
"45029990100","tract",2023,"food_score",NA
"45031010100","tract",2023,"food_score",87.25
"45031010200","tract",2023,"food_score",88.53
"45031010300","tract",2023,"food_score",91.49
"45031010400","tract",2023,"food_score",110.58
"45031010500","tract",2023,"food_score",92.11
"45031010600","tract",2023,"food_score",71.49
"45031010700","tract",2023,"food_score",57.7
"45031010800","tract",2023,"food_score",90.3
"45031010901","tract",2023,"food_score",103.05
"45031010902","tract",2023,"food_score",105.05
"45031011000","tract",2023,"food_score",85.47
"45031011100","tract",2023,"food_score",76.7
"45031011201","tract",2023,"food_score",80.75
"45031011202","tract",2023,"food_score",65.73
"45031011301","tract",2023,"food_score",60.67
"45031011302","tract",2023,"food_score",106.68
"45031011400","tract",2023,"food_score",73.19
"45031011500","tract",2023,"food_score",80.38
"45031011600","tract",2023,"food_score",80.08
"45033970100","tract",2023,"food_score",91.63
"45033970200","tract",2023,"food_score",74.38
"45033970301","tract",2023,"food_score",71.55
"45033970302","tract",2023,"food_score",81.37
"45033970401","tract",2023,"food_score",68.98
"45033970402","tract",2023,"food_score",80.01
"45033970500","tract",2023,"food_score",82.72
"45033970601","tract",2023,"food_score",96.87
"45033970602","tract",2023,"food_score",72.34
"45035010100","tract",2023,"food_score",88.16
"45035010200","tract",2023,"food_score",89.79
"45035010301","tract",2023,"food_score",109.4
"45035010302","tract",2023,"food_score",105.49
"45035010400","tract",2023,"food_score",101.85
"45035010501","tract",2023,"food_score",109.76
"45035010503","tract",2023,"food_score",122.56
"45035010505","tract",2023,"food_score",115.23
"45035010506","tract",2023,"food_score",106.23
"45035010507","tract",2023,"food_score",112.24
"45035010508","tract",2023,"food_score",120.56
"45035010603","tract",2023,"food_score",110.55
"45035010604","tract",2023,"food_score",104.5
"45035010606","tract",2023,"food_score",108.47
"45035010607","tract",2023,"food_score",89.61
"45035010608","tract",2023,"food_score",98.31
"45035010700","tract",2023,"food_score",93.71
"45035010801","tract",2023,"food_score",124.65
"45035010807","tract",2023,"food_score",106.7
"45035010808","tract",2023,"food_score",105.6
"45035010809","tract",2023,"food_score",114.75
"45035010813","tract",2023,"food_score",89.37
"45035010814","tract",2023,"food_score",114.78
"45035010815","tract",2023,"food_score",84.23
"45035010817","tract",2023,"food_score",115.33
"45035010818","tract",2023,"food_score",84.33
"45035010819","tract",2023,"food_score",117.63
"45035010820","tract",2023,"food_score",106.67
"45035010821","tract",2023,"food_score",109.85
"45035010822","tract",2023,"food_score",104.08
"45035010823","tract",2023,"food_score",105.38
"45037970201","tract",2023,"food_score",114.71
"45037970203","tract",2023,"food_score",101.04
"45037970204","tract",2023,"food_score",NA
"45037970300","tract",2023,"food_score",89.63
"45037970400","tract",2023,"food_score",114.5
"45037970501","tract",2023,"food_score",99.77
"45037970502","tract",2023,"food_score",111.19
"45039960100","tract",2023,"food_score",89.11
"45039960200","tract",2023,"food_score",86.09
"45039960301","tract",2023,"food_score",104.56
"45039960302","tract",2023,"food_score",96.44
"45039960401","tract",2023,"food_score",54.58
"45039960402","tract",2023,"food_score",77.16
"45039960501","tract",2023,"food_score",103.45
"45039960502","tract",2023,"food_score",93.64
"45041000101","tract",2023,"food_score",125.96
"45041000102","tract",2023,"food_score",119.86
"45041000201","tract",2023,"food_score",107.68
"45041000202","tract",2023,"food_score",101.74
"45041000300","tract",2023,"food_score",103.49
"45041000400","tract",2023,"food_score",92.2
"45041000501","tract",2023,"food_score",NA
"45041000502","tract",2023,"food_score",85.25
"45041000600","tract",2023,"food_score",109.8
"45041000700","tract",2023,"food_score",26.24
"45041000800","tract",2023,"food_score",85.15
"45041000900","tract",2023,"food_score",33.51
"45041001000","tract",2023,"food_score",92.92
"45041001100","tract",2023,"food_score",86.55
"45041001200","tract",2023,"food_score",124.54
"45041001300","tract",2023,"food_score",91.59
"45041001400","tract",2023,"food_score",121.54
"45041001503","tract",2023,"food_score",115.52
"45041001504","tract",2023,"food_score",111.9
"45041001505","tract",2023,"food_score",97.92
"45041001506","tract",2023,"food_score",106.1
"45041001601","tract",2023,"food_score",97.63
"45041001602","tract",2023,"food_score",102.29
"45041001700","tract",2023,"food_score",97.49
"45041001800","tract",2023,"food_score",90.97
"45041001901","tract",2023,"food_score",96.68
"45041001902","tract",2023,"food_score",71.44
"45041002000","tract",2023,"food_score",79.24
"45041002202","tract",2023,"food_score",96.27
"45041002203","tract",2023,"food_score",100.72
"45041002204","tract",2023,"food_score",54.54
"45041002300","tract",2023,"food_score",103.79
"45041002400","tract",2023,"food_score",101.4
"45041002500","tract",2023,"food_score",89.23
"45041002600","tract",2023,"food_score",88.59
"45041980100","tract",2023,"food_score",NA
"45043920100","tract",2023,"food_score",80.49
"45043920202","tract",2023,"food_score",60.03
"45043920203","tract",2023,"food_score",98.66
"45043920204","tract",2023,"food_score",47.64
"45043920301","tract",2023,"food_score",111.56
"45043920302","tract",2023,"food_score",114.65
"45043920400","tract",2023,"food_score",92.96
"45043920502","tract",2023,"food_score",116.26
"45043920504","tract",2023,"food_score",114.93
"45043920506","tract",2023,"food_score",126.59
"45043920507","tract",2023,"food_score",103.19
"45043920508","tract",2023,"food_score",115.98
"45043920509","tract",2023,"food_score",116.96
"45043920510","tract",2023,"food_score",111.2
"45043920511","tract",2023,"food_score",120.94
"45043920601","tract",2023,"food_score",92.16
"45043920602","tract",2023,"food_score",103.43
"45043920701","tract",2023,"food_score",89.98
"45043920702","tract",2023,"food_score",110.57
"45043920800","tract",2023,"food_score",74.41
"45043990100","tract",2023,"food_score",NA
"45045000100","tract",2023,"food_score",NA
"45045000200","tract",2023,"food_score",119.31
"45045000400","tract",2023,"food_score",119.59
"45045000500","tract",2023,"food_score",75.64
"45045000700","tract",2023,"food_score",85.49
"45045000800","tract",2023,"food_score",70.23
"45045000900","tract",2023,"food_score",87.74
"45045001000","tract",2023,"food_score",104.67
"45045001101","tract",2023,"food_score",115.57
"45045001102","tract",2023,"food_score",118.82
"45045001203","tract",2023,"food_score",NA
"45045001204","tract",2023,"food_score",103.51
"45045001205","tract",2023,"food_score",87.72
"45045001302","tract",2023,"food_score",110
"45045001400","tract",2023,"food_score",113.2
"45045001501","tract",2023,"food_score",124.3
"45045001502","tract",2023,"food_score",65.23
"45045001600","tract",2023,"food_score",106.52
"45045001700","tract",2023,"food_score",95.66
"45045001803","tract",2023,"food_score",106.47
"45045001804","tract",2023,"food_score",113.54
"45045001805","tract",2023,"food_score",117.91
"45045001807","tract",2023,"food_score",124.61
"45045001808","tract",2023,"food_score",118.69
"45045001809","tract",2023,"food_score",107.36
"45045001810","tract",2023,"food_score",101.8
"45045001900","tract",2023,"food_score",111.66
"45045002001","tract",2023,"food_score",69.21
"45045002003","tract",2023,"food_score",93.05
"45045002005","tract",2023,"food_score",98.51
"45045002103","tract",2023,"food_score",120.58
"45045002104","tract",2023,"food_score",84.35
"45045002105","tract",2023,"food_score",74.34
"45045002106","tract",2023,"food_score",69.54
"45045002107","tract",2023,"food_score",83.83
"45045002108","tract",2023,"food_score",100.85
"45045002202","tract",2023,"food_score",85.29
"45045002203","tract",2023,"food_score",53.29
"45045002204","tract",2023,"food_score",77.99
"45045002301","tract",2023,"food_score",113
"45045002302","tract",2023,"food_score",109.7
"45045002303","tract",2023,"food_score",91.21
"45045002304","tract",2023,"food_score",92.99
"45045002403","tract",2023,"food_score",120.22
"45045002404","tract",2023,"food_score",125.31
"45045002405","tract",2023,"food_score",123.78
"45045002406","tract",2023,"food_score",107.37
"45045002503","tract",2023,"food_score",126.65
"45045002504","tract",2023,"food_score",99.57
"45045002505","tract",2023,"food_score",81.6
"45045002506","tract",2023,"food_score",116.45
"45045002507","tract",2023,"food_score",106.6
"45045002602","tract",2023,"food_score",110.51
"45045002604","tract",2023,"food_score",103.51
"45045002606","tract",2023,"food_score",112.24
"45045002609","tract",2023,"food_score",118.26
"45045002610","tract",2023,"food_score",103.93
"45045002611","tract",2023,"food_score",110.8
"45045002612","tract",2023,"food_score",119.41
"45045002613","tract",2023,"food_score",122.89
"45045002701","tract",2023,"food_score",118.83
"45045002703","tract",2023,"food_score",114.93
"45045002704","tract",2023,"food_score",115.16
"45045002804","tract",2023,"food_score",122.53
"45045002805","tract",2023,"food_score",124.61
"45045002811","tract",2023,"food_score",117.34
"45045002812","tract",2023,"food_score",115.56
"45045002813","tract",2023,"food_score",126.6
"45045002814","tract",2023,"food_score",126.55
"45045002815","tract",2023,"food_score",128.38
"45045002817","tract",2023,"food_score",116.82
"45045002818","tract",2023,"food_score",122
"45045002819","tract",2023,"food_score",121.91
"45045002820","tract",2023,"food_score",114.97
"45045002821","tract",2023,"food_score",120.88
"45045002822","tract",2023,"food_score",121.15
"45045002901","tract",2023,"food_score",110.98
"45045002903","tract",2023,"food_score",118.49
"45045002904","tract",2023,"food_score",112.32
"45045002905","tract",2023,"food_score",109.29
"45045003005","tract",2023,"food_score",112.59
"45045003008","tract",2023,"food_score",126.32
"45045003009","tract",2023,"food_score",118.02
"45045003010","tract",2023,"food_score",123.05
"45045003011","tract",2023,"food_score",124.04
"45045003012","tract",2023,"food_score",115.7
"45045003013","tract",2023,"food_score",111.77
"45045003014","tract",2023,"food_score",120.35
"45045003016","tract",2023,"food_score",118.24
"45045003017","tract",2023,"food_score",120.92
"45045003101","tract",2023,"food_score",105.93
"45045003103","tract",2023,"food_score",103.29
"45045003104","tract",2023,"food_score",113.1
"45045003202","tract",2023,"food_score",106.3
"45045003203","tract",2023,"food_score",120.26
"45045003204","tract",2023,"food_score",111.15
"45045003301","tract",2023,"food_score",103.61
"45045003303","tract",2023,"food_score",103.13
"45045003304","tract",2023,"food_score",115.87
"45045003401","tract",2023,"food_score",68.81
"45045003500","tract",2023,"food_score",83.86
"45045003601","tract",2023,"food_score",101.1
"45045003602","tract",2023,"food_score",83.46
"45045003701","tract",2023,"food_score",118.73
"45045003704","tract",2023,"food_score",79.47
"45045003705","tract",2023,"food_score",93.27
"45045003706","tract",2023,"food_score",79.28
"45045003707","tract",2023,"food_score",103.67
"45045003802","tract",2023,"food_score",106.56
"45045003803","tract",2023,"food_score",NA
"45045003804","tract",2023,"food_score",102.51
"45045003902","tract",2023,"food_score",119.1
"45045003903","tract",2023,"food_score",112.54
"45045003905","tract",2023,"food_score",110.35
"45045003906","tract",2023,"food_score",81.68
"45045004001","tract",2023,"food_score",104.39
"45045004003","tract",2023,"food_score",NA
"45045004004","tract",2023,"food_score",119.13
"45045004101","tract",2023,"food_score",94.03
"45045004102","tract",2023,"food_score",117.44
"45045004200","tract",2023,"food_score",114.23
"45045004300","tract",2023,"food_score",72.18
"45045004400","tract",2023,"food_score",77.1
"45047970101","tract",2023,"food_score",105.85
"45047970102","tract",2023,"food_score",88.06
"45047970201","tract",2023,"food_score",106.38
"45047970202","tract",2023,"food_score",98.13
"45047970301","tract",2023,"food_score",116.31
"45047970303","tract",2023,"food_score",117.84
"45047970304","tract",2023,"food_score",111.58
"45047970401","tract",2023,"food_score",63.69
"45047970402","tract",2023,"food_score",117.47
"45047970500","tract",2023,"food_score",55.26
"45047970601","tract",2023,"food_score",112.14
"45047970602","tract",2023,"food_score",96.85
"45047970701","tract",2023,"food_score",104.22
"45047970702","tract",2023,"food_score",100.56
"45047970801","tract",2023,"food_score",81.84
"45047970802","tract",2023,"food_score",65.33
"45047970900","tract",2023,"food_score",102.39
"45047971000","tract",2023,"food_score",103.19
"45049920100","tract",2023,"food_score",90.67
"45049920201","tract",2023,"food_score",71.57
"45049920202","tract",2023,"food_score",93.93
"45049920300","tract",2023,"food_score",84.66
"45049920401","tract",2023,"food_score",94.4
"45049920402","tract",2023,"food_score",83.83
"45049920500","tract",2023,"food_score",91.22
"45051010100","tract",2023,"food_score",77.62
"45051020100","tract",2023,"food_score",84.04
"45051020201","tract",2023,"food_score",96.22
"45051020202","tract",2023,"food_score",85.47
"45051020301","tract",2023,"food_score",97.7
"45051020302","tract",2023,"food_score",108.61
"45051030102","tract",2023,"food_score",95.7
"45051030104","tract",2023,"food_score",111.5
"45051040101","tract",2023,"food_score",123.05
"45051040102","tract",2023,"food_score",116.29
"45051040103","tract",2023,"food_score",119.66
"45051040104","tract",2023,"food_score",119.77
"45051040105","tract",2023,"food_score",113.66
"45051040200","tract",2023,"food_score",119.51
"45051040300","tract",2023,"food_score",123.36
"45051040400","tract",2023,"food_score",115.6
"45051040500","tract",2023,"food_score",115.18
"45051050102","tract",2023,"food_score",121.42
"45051050200","tract",2023,"food_score",125.23
"45051050303","tract",2023,"food_score",124.08
"45051050401","tract",2023,"food_score",103.18
"45051050402","tract",2023,"food_score",118.14
"45051050500","tract",2023,"food_score",102.59
"45051050600","tract",2023,"food_score",80.58
"45051050700","tract",2023,"food_score",70.04
"45051050901","tract",2023,"food_score",109.87
"45051050902","tract",2023,"food_score",106
"45051051000","tract",2023,"food_score",130
"45051051201","tract",2023,"food_score",119.23
"45051051202","tract",2023,"food_score",76.61
"45051051301","tract",2023,"food_score",87.15
"45051051302","tract",2023,"food_score",122.04
"45051051403","tract",2023,"food_score",125.76
"45051051404","tract",2023,"food_score",106.52
"45051051405","tract",2023,"food_score",108.47
"45051051406","tract",2023,"food_score",117.64
"45051051501","tract",2023,"food_score",102.53
"45051051502","tract",2023,"food_score",113.19
"45051051503","tract",2023,"food_score",92.87
"45051051603","tract",2023,"food_score",115.44
"45051051605","tract",2023,"food_score",127.01
"45051051606","tract",2023,"food_score",121.97
"45051051607","tract",2023,"food_score",118.26
"45051051608","tract",2023,"food_score",130.77
"45051051609","tract",2023,"food_score",124.14
"45051051700","tract",2023,"food_score",123.33
"45051060101","tract",2023,"food_score",NA
"45051060102","tract",2023,"food_score",101.58
"45051060203","tract",2023,"food_score",110.25
"45051060204","tract",2023,"food_score",123.57
"45051060206","tract",2023,"food_score",119.19
"45051060207","tract",2023,"food_score",99.5
"45051060209","tract",2023,"food_score",124.65
"45051060210","tract",2023,"food_score",122.03
"45051060211","tract",2023,"food_score",113.94
"45051060301","tract",2023,"food_score",106.82
"45051060303","tract",2023,"food_score",125.34
"45051060309","tract",2023,"food_score",118.87
"45051060310","tract",2023,"food_score",126.41
"45051060403","tract",2023,"food_score",98.59
"45051060404","tract",2023,"food_score",108.79
"45051060405","tract",2023,"food_score",106.35
"45051060406","tract",2023,"food_score",108.53
"45051070101","tract",2023,"food_score",98.75
"45051070102","tract",2023,"food_score",114.91
"45051070200","tract",2023,"food_score",104.99
"45051070300","tract",2023,"food_score",97.71
"45051070400","tract",2023,"food_score",94.18
"45051070500","tract",2023,"food_score",88.09
"45051070601","tract",2023,"food_score",110.45
"45051070602","tract",2023,"food_score",99.52
"45051070701","tract",2023,"food_score",115.52
"45051070702","tract",2023,"food_score",102.62
"45051080101","tract",2023,"food_score",111.02
"45051080102","tract",2023,"food_score",114.92
"45051080200","tract",2023,"food_score",98.64
"45051980100","tract",2023,"food_score",120.28
"45051990100","tract",2023,"food_score",NA
"45053950100","tract",2023,"food_score",92.03
"45053950201","tract",2023,"food_score",111.33
"45053950203","tract",2023,"food_score",94.87
"45053950204","tract",2023,"food_score",66.73
"45053950301","tract",2023,"food_score",109.89
"45053950302","tract",2023,"food_score",95.81
"45053990100","tract",2023,"food_score",NA
"45055970100","tract",2023,"food_score",85.54
"45055970200","tract",2023,"food_score",88.59
"45055970300","tract",2023,"food_score",110.88
"45055970401","tract",2023,"food_score",107.33
"45055970402","tract",2023,"food_score",88.87
"45055970403","tract",2023,"food_score",115.62
"45055970500","tract",2023,"food_score",97.74
"45055970601","tract",2023,"food_score",96.75
"45055970603","tract",2023,"food_score",91.75
"45055970604","tract",2023,"food_score",93.95
"45055970700","tract",2023,"food_score",57.53
"45055970800","tract",2023,"food_score",93.12
"45055970902","tract",2023,"food_score",110.99
"45055970905","tract",2023,"food_score",116.81
"45055970906","tract",2023,"food_score",108.62
"45055970907","tract",2023,"food_score",108.03
"45055970908","tract",2023,"food_score",118.98
"45055970909","tract",2023,"food_score",112.87
"45057010100","tract",2023,"food_score",112.44
"45057010201","tract",2023,"food_score",NA
"45057010202","tract",2023,"food_score",88.86
"45057010300","tract",2023,"food_score",114.32
"45057010400","tract",2023,"food_score",118.79
"45057010500","tract",2023,"food_score",64.31
"45057010600","tract",2023,"food_score",89.35
"45057010700","tract",2023,"food_score",61.69
"45057010800","tract",2023,"food_score",97.81
"45057010900","tract",2023,"food_score",106
"45057011001","tract",2023,"food_score",104.19
"45057011002","tract",2023,"food_score",96.68
"45057011100","tract",2023,"food_score",103.31
"45057011203","tract",2023,"food_score",121.31
"45057011204","tract",2023,"food_score",121.22
"45057011205","tract",2023,"food_score",124.97
"45057011206","tract",2023,"food_score",107.23
"45057011207","tract",2023,"food_score",125.63
"45057011208","tract",2023,"food_score",126.2
"45057011209","tract",2023,"food_score",120.14
"45057011210","tract",2023,"food_score",126.08
"45057011211","tract",2023,"food_score",110.39
"45059920102","tract",2023,"food_score",90.34
"45059920104","tract",2023,"food_score",100.18
"45059920105","tract",2023,"food_score",98.26
"45059920106","tract",2023,"food_score",90.19
"45059920107","tract",2023,"food_score",84.62
"45059920108","tract",2023,"food_score",92.55
"45059920201","tract",2023,"food_score",95.48
"45059920202","tract",2023,"food_score",94.68
"45059920301","tract",2023,"food_score",100.03
"45059920302","tract",2023,"food_score",82.5
"45059920400","tract",2023,"food_score",91.24
"45059920501","tract",2023,"food_score",115.15
"45059920503","tract",2023,"food_score",50.97
"45059920504","tract",2023,"food_score",74.54
"45059920600","tract",2023,"food_score",88.64
"45059920700","tract",2023,"food_score",70.36
"45059920800","tract",2023,"food_score",90.16
"45059920900","tract",2023,"food_score",101.97
"45059921001","tract",2023,"food_score",89.78
"45059921002","tract",2023,"food_score",94.69
"45061920100","tract",2023,"food_score",113.89
"45061920201","tract",2023,"food_score",75.4
"45061920202","tract",2023,"food_score",88.71
"45061920301","tract",2023,"food_score",NA
"45061920302","tract",2023,"food_score",69.36
"45061920401","tract",2023,"food_score",87.18
"45061920402","tract",2023,"food_score",82.89
"45061920500","tract",2023,"food_score",84.58
"45061920600","tract",2023,"food_score",78.98
"45063020100","tract",2023,"food_score",85.91
"45063020201","tract",2023,"food_score",121.48
"45063020202","tract",2023,"food_score",86.76
"45063020300","tract",2023,"food_score",99.48
"45063020505","tract",2023,"food_score",94.34
"45063020506","tract",2023,"food_score",121.3
"45063020508","tract",2023,"food_score",121.64
"45063020509","tract",2023,"food_score",109.95
"45063020510","tract",2023,"food_score",94.85
"45063020511","tract",2023,"food_score",100.62
"45063020512","tract",2023,"food_score",120.31
"45063020513","tract",2023,"food_score",97.36
"45063020601","tract",2023,"food_score",97.57
"45063020602","tract",2023,"food_score",99.12
"45063020604","tract",2023,"food_score",105.08
"45063020605","tract",2023,"food_score",108.19
"45063020703","tract",2023,"food_score",98.98
"45063020705","tract",2023,"food_score",74.97
"45063020706","tract",2023,"food_score",88.2
"45063020707","tract",2023,"food_score",87.65
"45063020708","tract",2023,"food_score",90.03
"45063020801","tract",2023,"food_score",75.16
"45063020802","tract",2023,"food_score",98.6
"45063020803","tract",2023,"food_score",87.1
"45063020804","tract",2023,"food_score",79.64
"45063020806","tract",2023,"food_score",86.99
"45063020807","tract",2023,"food_score",63.98
"45063020904","tract",2023,"food_score",101.11
"45063020905","tract",2023,"food_score",94.54
"45063020906","tract",2023,"food_score",104.21
"45063020908","tract",2023,"food_score",115.44
"45063020909","tract",2023,"food_score",78.12
"45063020910","tract",2023,"food_score",77.64
"45063020911","tract",2023,"food_score",94.12
"45063020912","tract",2023,"food_score",90.61
"45063020913","tract",2023,"food_score",106.58
"45063021019","tract",2023,"food_score",114.32
"45063021020","tract",2023,"food_score",111.02
"45063021021","tract",2023,"food_score",118.34
"45063021023","tract",2023,"food_score",119.93
"45063021025","tract",2023,"food_score",120.9
"45063021028","tract",2023,"food_score",112.93
"45063021029","tract",2023,"food_score",88.78
"45063021030","tract",2023,"food_score",120.04
"45063021031","tract",2023,"food_score",109.09
"45063021032","tract",2023,"food_score",121.23
"45063021033","tract",2023,"food_score",110.23
"45063021034","tract",2023,"food_score",94.37
"45063021035","tract",2023,"food_score",88.77
"45063021036","tract",2023,"food_score",104.21
"45063021037","tract",2023,"food_score",114.83
"45063021038","tract",2023,"food_score",116.66
"45063021039","tract",2023,"food_score",120.2
"45063021040","tract",2023,"food_score",121.52
"45063021041","tract",2023,"food_score",112.33
"45063021042","tract",2023,"food_score",77.65
"45063021043","tract",2023,"food_score",119.51
"45063021044","tract",2023,"food_score",90.55
"45063021045","tract",2023,"food_score",122.53
"45063021046","tract",2023,"food_score",105.46
"45063021047","tract",2023,"food_score",122.52
"45063021048","tract",2023,"food_score",124.65
"45063021049","tract",2023,"food_score",125.42
"45063021050","tract",2023,"food_score",120.5
"45063021051","tract",2023,"food_score",78.26
"45063021052","tract",2023,"food_score",104.43
"45063021106","tract",2023,"food_score",99.46
"45063021109","tract",2023,"food_score",110.02
"45063021110","tract",2023,"food_score",113.38
"45063021111","tract",2023,"food_score",96.48
"45063021112","tract",2023,"food_score",114.54
"45063021113","tract",2023,"food_score",106.52
"45063021114","tract",2023,"food_score",122.78
"45063021115","tract",2023,"food_score",121.76
"45063021116","tract",2023,"food_score",106.29
"45063021204","tract",2023,"food_score",116.98
"45063021205","tract",2023,"food_score",121.29
"45063021206","tract",2023,"food_score",120.63
"45063021207","tract",2023,"food_score",102.24
"45063021208","tract",2023,"food_score",115.52
"45063021303","tract",2023,"food_score",104.74
"45063021305","tract",2023,"food_score",89.88
"45063021306","tract",2023,"food_score",105.11
"45063021307","tract",2023,"food_score",97.13
"45063021309","tract",2023,"food_score",109.53
"45063021310","tract",2023,"food_score",119.33
"45063021311","tract",2023,"food_score",105.48
"45063021312","tract",2023,"food_score",109.03
"45063021402","tract",2023,"food_score",88.52
"45063021403","tract",2023,"food_score",86.59
"45063021404","tract",2023,"food_score",82.06
"45063980100","tract",2023,"food_score",NA
"45065920100","tract",2023,"food_score",117.13
"45065920200","tract",2023,"food_score",79.61
"45065920300","tract",2023,"food_score",105.01
"45067950100","tract",2023,"food_score",89.81
"45067950200","tract",2023,"food_score",68.63
"45067950300","tract",2023,"food_score",69.04
"45067950400","tract",2023,"food_score",71.99
"45067950500","tract",2023,"food_score",108.78
"45067950600","tract",2023,"food_score",78.41
"45067950700","tract",2023,"food_score",74.54
"45067950800","tract",2023,"food_score",78.22
"45069960100","tract",2023,"food_score",100.79
"45069960201","tract",2023,"food_score",69.65
"45069960202","tract",2023,"food_score",67.36
"45069960301","tract",2023,"food_score",84.36
"45069960302","tract",2023,"food_score",NA
"45069960400","tract",2023,"food_score",81.07
"45069960500","tract",2023,"food_score",69.98
"45069960600","tract",2023,"food_score",100.32
"45071950100","tract",2023,"food_score",114.26
"45071950201","tract",2023,"food_score",94.33
"45071950203","tract",2023,"food_score",88.1
"45071950204","tract",2023,"food_score",92.2
"45071950300","tract",2023,"food_score",101.75
"45071950502","tract",2023,"food_score",78.69
"45071950601","tract",2023,"food_score",101.83
"45071950603","tract",2023,"food_score",114.39
"45071950604","tract",2023,"food_score",107.46
"45071950700","tract",2023,"food_score",101.23
"45073030100","tract",2023,"food_score",102.58
"45073030201","tract",2023,"food_score",108.99
"45073030202","tract",2023,"food_score",123.73
"45073030301","tract",2023,"food_score",119.57
"45073030302","tract",2023,"food_score",120.25
"45073030402","tract",2023,"food_score",115.59
"45073030403","tract",2023,"food_score",87.06
"45073030404","tract",2023,"food_score",82.73
"45073030500","tract",2023,"food_score",114.2
"45073030601","tract",2023,"food_score",93.97
"45073030602","tract",2023,"food_score",102.95
"45073030701","tract",2023,"food_score",90.71
"45073030702","tract",2023,"food_score",105.91
"45073030801","tract",2023,"food_score",79.94
"45073030802","tract",2023,"food_score",102.58
"45073030901","tract",2023,"food_score",115.03
"45073030903","tract",2023,"food_score",99.69
"45073030904","tract",2023,"food_score",92.99
"45073031000","tract",2023,"food_score",89.66
"45073031100","tract",2023,"food_score",93.64
"45075010101","tract",2023,"food_score",88.72
"45075010102","tract",2023,"food_score",43.79
"45075010103","tract",2023,"food_score",82.61
"45075010104","tract",2023,"food_score",66.13
"45075010200","tract",2023,"food_score",82.93
"45075010301","tract",2023,"food_score",99.95
"45075010302","tract",2023,"food_score",97.12
"45075010303","tract",2023,"food_score",78.88
"45075010304","tract",2023,"food_score",65.79
"45075010305","tract",2023,"food_score",121.89
"45075010400","tract",2023,"food_score",104.79
"45075010500","tract",2023,"food_score",105.9
"45075010601","tract",2023,"food_score",85.38
"45075010602","tract",2023,"food_score",59.92
"45075010603","tract",2023,"food_score",113.52
"45075010604","tract",2023,"food_score",37.06
"45075010700","tract",2023,"food_score",63.5
"45075010801","tract",2023,"food_score",NA
"45075010802","tract",2023,"food_score",82.27
"45075010803","tract",2023,"food_score",98.6
"45075010901","tract",2023,"food_score",114.6
"45075010902","tract",2023,"food_score",101.47
"45075011000","tract",2023,"food_score",94.48
"45075011100","tract",2023,"food_score",81.13
"45075011200","tract",2023,"food_score",NA
"45075011300","tract",2023,"food_score",36.26
"45075011400","tract",2023,"food_score",81.05
"45075011500","tract",2023,"food_score",72.27
"45075011600","tract",2023,"food_score",95.19
"45075011701","tract",2023,"food_score",89.65
"45075011702","tract",2023,"food_score",115.25
"45075011703","tract",2023,"food_score",107.15
"45075011704","tract",2023,"food_score",86.74
"45075011801","tract",2023,"food_score",61.04
"45075011802","tract",2023,"food_score",85.87
"45075011803","tract",2023,"food_score",67.02
"45075011804","tract",2023,"food_score",86.56
"45075011900","tract",2023,"food_score",96.67
"45075012000","tract",2023,"food_score",73.17
"45077010100","tract",2023,"food_score",115.51
"45077010201","tract",2023,"food_score",67.95
"45077010202","tract",2023,"food_score",109.96
"45077010301","tract",2023,"food_score",107.96
"45077010302","tract",2023,"food_score",122.18
"45077010401","tract",2023,"food_score",98.09
"45077010403","tract",2023,"food_score",108.11
"45077010404","tract",2023,"food_score",109.92
"45077010405","tract",2023,"food_score",111.34
"45077010501","tract",2023,"food_score",106.66
"45077010502","tract",2023,"food_score",111.42
"45077010601","tract",2023,"food_score",100.03
"45077010603","tract",2023,"food_score",96.18
"45077010604","tract",2023,"food_score",113.23
"45077010700","tract",2023,"food_score",100.06
"45077010802","tract",2023,"food_score",108.89
"45077010803","tract",2023,"food_score",101.53
"45077010804","tract",2023,"food_score",105.57
"45077010805","tract",2023,"food_score",105.99
"45077010806","tract",2023,"food_score",90.66
"45077010901","tract",2023,"food_score",102.12
"45077010903","tract",2023,"food_score",111.82
"45077010904","tract",2023,"food_score",125.48
"45077010905","tract",2023,"food_score",118.9
"45077011001","tract",2023,"food_score",98.88
"45077011003","tract",2023,"food_score",83.06
"45077011004","tract",2023,"food_score",107
"45077011005","tract",2023,"food_score",96.92
"45077011101","tract",2023,"food_score",106.76
"45077011103","tract",2023,"food_score",96.4
"45077011104","tract",2023,"food_score",115.55
"45077011105","tract",2023,"food_score",86.7
"45077011202","tract",2023,"food_score",NA
"45077011204","tract",2023,"food_score",104.78
"45077011205","tract",2023,"food_score",123.94
"45077011206","tract",2023,"food_score",115.93
"45077011207","tract",2023,"food_score",122.69
"45079000100","tract",2023,"food_score",85.27
"45079000200","tract",2023,"food_score",88.97
"45079000300","tract",2023,"food_score",69.77
"45079000400","tract",2023,"food_score",96.82
"45079000500","tract",2023,"food_score",53.76
"45079000600","tract",2023,"food_score",113.01
"45079000700","tract",2023,"food_score",111.71
"45079000900","tract",2023,"food_score",31.87
"45079001000","tract",2023,"food_score",NA
"45079001100","tract",2023,"food_score",91.16
"45079001200","tract",2023,"food_score",119.3
"45079001300","tract",2023,"food_score",80.94
"45079001600","tract",2023,"food_score",111.66
"45079002100","tract",2023,"food_score",109.41
"45079002200","tract",2023,"food_score",120.64
"45079002300","tract",2023,"food_score",121.64
"45079002400","tract",2023,"food_score",118.01
"45079002500","tract",2023,"food_score",119.31
"45079002602","tract",2023,"food_score",89.7
"45079002605","tract",2023,"food_score",79.3
"45079002700","tract",2023,"food_score",119.93
"45079002800","tract",2023,"food_score",NA
"45079002900","tract",2023,"food_score",NA
"45079003000","tract",2023,"food_score",NA
"45079003100","tract",2023,"food_score",100.79
"45079010104","tract",2023,"food_score",116.16
"45079010105","tract",2023,"food_score",116.78
"45079010106","tract",2023,"food_score",116.28
"45079010107","tract",2023,"food_score",120.59
"45079010108","tract",2023,"food_score",93.07
"45079010109","tract",2023,"food_score",107.54
"45079010200","tract",2023,"food_score",97.03
"45079010304","tract",2023,"food_score",76.95
"45079010305","tract",2023,"food_score",112.72
"45079010308","tract",2023,"food_score",114.25
"45079010310","tract",2023,"food_score",124.06
"45079010311","tract",2023,"food_score",126.12
"45079010312","tract",2023,"food_score",124.28
"45079010313","tract",2023,"food_score",114.07
"45079010314","tract",2023,"food_score",112.53
"45079010315","tract",2023,"food_score",99.93
"45079010403","tract",2023,"food_score",101.11
"45079010407","tract",2023,"food_score",98.15
"45079010408","tract",2023,"food_score",NA
"45079010411","tract",2023,"food_score",66.57
"45079010412","tract",2023,"food_score",88.7
"45079010413","tract",2023,"food_score",99.48
"45079010414","tract",2023,"food_score",82.82
"45079010501","tract",2023,"food_score",105.93
"45079010502","tract",2023,"food_score",32.61
"45079010600","tract",2023,"food_score",62.42
"45079010701","tract",2023,"food_score",102.86
"45079010702","tract",2023,"food_score",74.91
"45079010703","tract",2023,"food_score",83.3
"45079010803","tract",2023,"food_score",78.47
"45079010804","tract",2023,"food_score",69.51
"45079010805","tract",2023,"food_score",76.01
"45079010806","tract",2023,"food_score",NA
"45079010900","tract",2023,"food_score",25
"45079011000","tract",2023,"food_score",110.58
"45079011101","tract",2023,"food_score",93.82
"45079011102","tract",2023,"food_score",106.95
"45079011201","tract",2023,"food_score",110.83
"45079011202","tract",2023,"food_score",108.08
"45079011303","tract",2023,"food_score",102.65
"45079011304","tract",2023,"food_score",101.55
"45079011305","tract",2023,"food_score",98.75
"45079011306","tract",2023,"food_score",100.29
"45079011307","tract",2023,"food_score",83.8
"45079011407","tract",2023,"food_score",116.3
"45079011411","tract",2023,"food_score",103.75
"45079011412","tract",2023,"food_score",93.2
"45079011413","tract",2023,"food_score",117.91
"45079011414","tract",2023,"food_score",109.73
"45079011417","tract",2023,"food_score",109.61
"45079011418","tract",2023,"food_score",116.8
"45079011419","tract",2023,"food_score",106.18
"45079011420","tract",2023,"food_score",96.26
"45079011421","tract",2023,"food_score",118.37
"45079011422","tract",2023,"food_score",120.38
"45079011423","tract",2023,"food_score",117.21
"45079011424","tract",2023,"food_score",122.35
"45079011425","tract",2023,"food_score",99.7
"45079011501","tract",2023,"food_score",NA
"45079011502","tract",2023,"food_score",124.34
"45079011603","tract",2023,"food_score",121.16
"45079011604","tract",2023,"food_score",125.3
"45079011606","tract",2023,"food_score",93.86
"45079011607","tract",2023,"food_score",97.52
"45079011608","tract",2023,"food_score",89.38
"45079011701","tract",2023,"food_score",87.23
"45079011702","tract",2023,"food_score",76.8
"45079011801","tract",2023,"food_score",65.97
"45079011802","tract",2023,"food_score",115.89
"45079011901","tract",2023,"food_score",100.03
"45079011902","tract",2023,"food_score",103.26
"45079012000","tract",2023,"food_score",90.24
"45079980100","tract",2023,"food_score",NA
"45081960100","tract",2023,"food_score",80.34
"45081960201","tract",2023,"food_score",89.88
"45081960202","tract",2023,"food_score",88.71
"45081960301","tract",2023,"food_score",113.7
"45081960302","tract",2023,"food_score",119.56
"45081960400","tract",2023,"food_score",89.97
"45083020301","tract",2023,"food_score",NA
"45083020400","tract",2023,"food_score",58.15
"45083020500","tract",2023,"food_score",72.16
"45083020601","tract",2023,"food_score",94.98
"45083020602","tract",2023,"food_score",111.03
"45083020603","tract",2023,"food_score",104.85
"45083020701","tract",2023,"food_score",61.04
"45083020702","tract",2023,"food_score",77.05
"45083020800","tract",2023,"food_score",17.89
"45083020900","tract",2023,"food_score",108.9
"45083021001","tract",2023,"food_score",52.02
"45083021100","tract",2023,"food_score",93.5
"45083021200","tract",2023,"food_score",121.55
"45083021301","tract",2023,"food_score",109.68
"45083021302","tract",2023,"food_score",111.69
"45083021303","tract",2023,"food_score",108.04
"45083021401","tract",2023,"food_score",110.37
"45083021402","tract",2023,"food_score",114.51
"45083021403","tract",2023,"food_score",101.11
"45083021500","tract",2023,"food_score",96
"45083021600","tract",2023,"food_score",79.66
"45083021700","tract",2023,"food_score",71.35
"45083021803","tract",2023,"food_score",112.66
"45083021804","tract",2023,"food_score",94.28
"45083021805","tract",2023,"food_score",92.72
"45083021806","tract",2023,"food_score",80.5
"45083021902","tract",2023,"food_score",113.55
"45083021903","tract",2023,"food_score",100.1
"45083021904","tract",2023,"food_score",105.61
"45083022003","tract",2023,"food_score",100.32
"45083022004","tract",2023,"food_score",97.05
"45083022005","tract",2023,"food_score",99.9
"45083022006","tract",2023,"food_score",105.29
"45083022007","tract",2023,"food_score",111.07
"45083022101","tract",2023,"food_score",117.04
"45083022102","tract",2023,"food_score",114.49
"45083022201","tract",2023,"food_score",85.26
"45083022202","tract",2023,"food_score",106.12
"45083022303","tract",2023,"food_score",64.27
"45083022304","tract",2023,"food_score",111.35
"45083022305","tract",2023,"food_score",71.57
"45083022306","tract",2023,"food_score",100.38
"45083022404","tract",2023,"food_score",112.93
"45083022405","tract",2023,"food_score",122.75
"45083022406","tract",2023,"food_score",112.44
"45083022407","tract",2023,"food_score",114.5
"45083022408","tract",2023,"food_score",111.75
"45083022409","tract",2023,"food_score",107.78
"45083022410","tract",2023,"food_score",112.35
"45083022411","tract",2023,"food_score",118.18
"45083022500","tract",2023,"food_score",98.79
"45083022600","tract",2023,"food_score",106.9
"45083022701","tract",2023,"food_score",103.46
"45083022702","tract",2023,"food_score",119.6
"45083022803","tract",2023,"food_score",125.04
"45083022804","tract",2023,"food_score",115.05
"45083022805","tract",2023,"food_score",112.43
"45083022806","tract",2023,"food_score",117.7
"45083022901","tract",2023,"food_score",107.83
"45083022902","tract",2023,"food_score",105.42
"45083023002","tract",2023,"food_score",106.34
"45083023003","tract",2023,"food_score",108.77
"45083023004","tract",2023,"food_score",109.58
"45083023101","tract",2023,"food_score",95.69
"45083023103","tract",2023,"food_score",106.73
"45083023104","tract",2023,"food_score",80.1
"45083023201","tract",2023,"food_score",109.37
"45083023202","tract",2023,"food_score",112.75
"45083023301","tract",2023,"food_score",93.39
"45083023302","tract",2023,"food_score",93.06
"45083023401","tract",2023,"food_score",107.04
"45083023402","tract",2023,"food_score",114.82
"45083023405","tract",2023,"food_score",122.01
"45083023406","tract",2023,"food_score",119.3
"45083023407","tract",2023,"food_score",110.77
"45083023408","tract",2023,"food_score",119.2
"45083023409","tract",2023,"food_score",117.31
"45083023500","tract",2023,"food_score",107.68
"45083023601","tract",2023,"food_score",103.13
"45083023602","tract",2023,"food_score",82.6
"45083023700","tract",2023,"food_score",112.21
"45083023803","tract",2023,"food_score",114.9
"45083023804","tract",2023,"food_score",109.41
"45083023805","tract",2023,"food_score",113.06
"45083023806","tract",2023,"food_score",NA
"45083023901","tract",2023,"food_score",111.77
"45083023902","tract",2023,"food_score",95.84
"45085000100","tract",2023,"food_score",81.13
"45085000201","tract",2023,"food_score",110.85
"45085000202","tract",2023,"food_score",108.55
"45085000300","tract",2023,"food_score",109.77
"45085000401","tract",2023,"food_score",103.72
"45085000402","tract",2023,"food_score",61
"45085000500","tract",2023,"food_score",107.6
"45085000600","tract",2023,"food_score",98.62
"45085000700","tract",2023,"food_score",72.6
"45085000800","tract",2023,"food_score",59.54
"45085000901","tract",2023,"food_score",108.72
"45085000902","tract",2023,"food_score",109.2
"45085001100","tract",2023,"food_score",69.51
"45085001300","tract",2023,"food_score",68.34
"45085001500","tract",2023,"food_score",52.89
"45085001600","tract",2023,"food_score",72.27
"45085001701","tract",2023,"food_score",120.55
"45085001703","tract",2023,"food_score",115.18
"45085001704","tract",2023,"food_score",100.49
"45085001801","tract",2023,"food_score",64.05
"45085001803","tract",2023,"food_score",82.67
"45085001804","tract",2023,"food_score",72.46
"45085001902","tract",2023,"food_score",101.82
"45085001903","tract",2023,"food_score",106.65
"45085001904","tract",2023,"food_score",80.16
"45085002000","tract",2023,"food_score",90.9
"45087030100","tract",2023,"food_score",94.21
"45087030200","tract",2023,"food_score",47.5
"45087030300","tract",2023,"food_score",79.16
"45087030401","tract",2023,"food_score",92.54
"45087030402","tract",2023,"food_score",51.34
"45087030500","tract",2023,"food_score",90.43
"45087030600","tract",2023,"food_score",105.88
"45087030700","tract",2023,"food_score",86.22
"45087030800","tract",2023,"food_score",104.15
"45087030900","tract",2023,"food_score",86.22
"45089970100","tract",2023,"food_score",90.91
"45089970200","tract",2023,"food_score",78.17
"45089970300","tract",2023,"food_score",66.05
"45089970400","tract",2023,"food_score",100.86
"45089970501","tract",2023,"food_score",80.27
"45089970502","tract",2023,"food_score",72.44
"45089970601","tract",2023,"food_score",78.01
"45089970602","tract",2023,"food_score",112.4
"45089970700","tract",2023,"food_score",96.62
"45089970801","tract",2023,"food_score",94.98
"45089970802","tract",2023,"food_score",NA
"45089970900","tract",2023,"food_score",90.42
"45091060102","tract",2023,"food_score",122.15
"45091060200","tract",2023,"food_score",76.76
"45091060300","tract",2023,"food_score",72.69
"45091060401","tract",2023,"food_score",86.23
"45091060402","tract",2023,"food_score",99.28
"45091060501","tract",2023,"food_score",81.48
"45091060502","tract",2023,"food_score",63.48
"45091060600","tract",2023,"food_score",NA
"45091060700","tract",2023,"food_score",116.81
"45091060802","tract",2023,"food_score",97.01
"45091060803","tract",2023,"food_score",111.58
"45091060804","tract",2023,"food_score",100.01
"45091060901","tract",2023,"food_score",109.24
"45091060904","tract",2023,"food_score",119.83
"45091060908","tract",2023,"food_score",93.66
"45091060909","tract",2023,"food_score",112.68
"45091060910","tract",2023,"food_score",123.18
"45091060911","tract",2023,"food_score",119.43
"45091060912","tract",2023,"food_score",120.26
"45091060913","tract",2023,"food_score",98.59
"45091061004","tract",2023,"food_score",126.11
"45091061006","tract",2023,"food_score",122.66
"45091061007","tract",2023,"food_score",116.56
"45091061008","tract",2023,"food_score",120.94
"45091061009","tract",2023,"food_score",130.04
"45091061010","tract",2023,"food_score",105.36
"45091061011","tract",2023,"food_score",127.55
"45091061012","tract",2023,"food_score",122.81
"45091061101","tract",2023,"food_score",98.44
"45091061103","tract",2023,"food_score",127.39
"45091061104","tract",2023,"food_score",120.19
"45091061202","tract",2023,"food_score",95.4
"45091061203","tract",2023,"food_score",115.53
"45091061204","tract",2023,"food_score",112.97
"45091061205","tract",2023,"food_score",119.57
"45091061301","tract",2023,"food_score",107.16
"45091061302","tract",2023,"food_score",110.08
"45091061401","tract",2023,"food_score",95.25
"45091061403","tract",2023,"food_score",124.4
"45091061404","tract",2023,"food_score",106.24
"45091061503","tract",2023,"food_score",105.96
"45091061504","tract",2023,"food_score",91.81
"45091061505","tract",2023,"food_score",110.41
"45091061506","tract",2023,"food_score",113.63
"45091061601","tract",2023,"food_score",89.86
"45091061602","tract",2023,"food_score",81.09
"45091061701","tract",2023,"food_score",117.16
"45091061705","tract",2023,"food_score",94.88
"45091061706","tract",2023,"food_score",113.81
"45091061708","tract",2023,"food_score",114.68
"45091061709","tract",2023,"food_score",115.31
"45091061710","tract",2023,"food_score",113.55
"45091061801","tract",2023,"food_score",106.33
"45091061802","tract",2023,"food_score",103.6
"45091061900","tract",2023,"food_score",105.65
"45001950100","tract",2023,"food_rnk",74.0609
"45001950200","tract",2023,"food_rnk",29.8043
"45001950300","tract",2023,"food_rnk",25.6742
"45001950401","tract",2023,"food_rnk",20.3868
"45001950402","tract",2023,"food_rnk",84.9361
"45001950500","tract",2023,"food_rnk",6.6194
"45001950600","tract",2023,"food_rnk",45.1759
"45003020100","tract",2023,"food_rnk",17.9793
"45003020200","tract",2023,"food_rnk",63.5238
"45003020301","tract",2023,"food_rnk",51.0212
"45003020303","tract",2023,"food_rnk",4.0227
"45003020304","tract",2023,"food_rnk",44.1931
"45003020401","tract",2023,"food_rnk",37.9632
"45003020402","tract",2023,"food_rnk",4.9188
"45003020500","tract",2023,"food_rnk",83.631
"45003020601","tract",2023,"food_rnk",57.4831
"45003020603","tract",2023,"food_rnk",26.8316
"45003020604","tract",2023,"food_rnk",66.5332
"45003020701","tract",2023,"food_rnk",56.9521
"45003020702","tract",2023,"food_rnk",38.7457
"45003020801","tract",2023,"food_rnk",65.2684
"45003020802","tract",2023,"food_rnk",75.4795
"45003020901","tract",2023,"food_rnk",64.2612
"45003020903","tract",2023,"food_rnk",38.692
"45003020904","tract",2023,"food_rnk",31.4207
"45003021001","tract",2023,"food_rnk",37.498
"45003021003","tract",2023,"food_rnk",23.4389
"45003021004","tract",2023,"food_rnk",11.4746
"45003021101","tract",2023,"food_rnk",25.6535
"45003021102","tract",2023,"food_rnk",29.084
"45003021201","tract",2023,"food_rnk",55.4602
"45003021202","tract",2023,"food_rnk",86.2985
"45003021204","tract",2023,"food_rnk",66.477
"45003021205","tract",2023,"food_rnk",99.6777
"45003021300","tract",2023,"food_rnk",52.17
"45003021401","tract",2023,"food_rnk",4.1667
"45003021402","tract",2023,"food_rnk",4.1838
"45003021500","tract",2023,"food_rnk",77.9712
"45003021601","tract",2023,"food_rnk",27.1331
"45003021603","tract",2023,"food_rnk",61.2738
"45003021604","tract",2023,"food_rnk",99.1283
"45003021700","tract",2023,"food_rnk",44.0368
"45003021800","tract",2023,"food_rnk",22.7588
"45003021901","tract",2023,"food_rnk",41.0922
"45003021902","tract",2023,"food_rnk",61.6364
"45003022001","tract",2023,"food_rnk",31.9017
"45003022003","tract",2023,"food_rnk",48.4746
"45003022004","tract",2023,"food_rnk",30.6369
"45003022100","tract",2023,"food_rnk",46.4797
"45003980100","tract",2023,"food_rnk",NA
"45005970201","tract",2023,"food_rnk",27.5836
"45005970202","tract",2023,"food_rnk",8.6203
"45005970500","tract",2023,"food_rnk",20.7274
"45007000200","tract",2023,"food_rnk",38.46
"45007000300","tract",2023,"food_rnk",27.5958
"45007000500","tract",2023,"food_rnk",9.5848
"45007000600","tract",2023,"food_rnk",3.1559
"45007000701","tract",2023,"food_rnk",3.1217
"45007000702","tract",2023,"food_rnk",15.4888
"45007000800","tract",2023,"food_rnk",11.7921
"45007000900","tract",2023,"food_rnk",26.3322
"45007001000","tract",2023,"food_rnk",79.6096
"45007001100","tract",2023,"food_rnk",68.0568
"45007010103","tract",2023,"food_rnk",86.0532
"45007010105","tract",2023,"food_rnk",80.4031
"45007010106","tract",2023,"food_rnk",86.2985
"45007010107","tract",2023,"food_rnk",72.7985
"45007010108","tract",2023,"food_rnk",66.1401
"45007010200","tract",2023,"food_rnk",44.6399
"45007010300","tract",2023,"food_rnk",29.4722
"45007010403","tract",2023,"food_rnk",33.5291
"45007010404","tract",2023,"food_rnk",67.6002
"45007010405","tract",2023,"food_rnk",62.126
"45007010406","tract",2023,"food_rnk",43.695
"45007010501","tract",2023,"food_rnk",67.8309
"45007010502","tract",2023,"food_rnk",65.2855
"45007010601","tract",2023,"food_rnk",75.5039
"45007010602","tract",2023,"food_rnk",33.4143
"45007010701","tract",2023,"food_rnk",23.4523
"45007010702","tract",2023,"food_rnk",66.9336
"45007010800","tract",2023,"food_rnk",44.9122
"45007010900","tract",2023,"food_rnk",60.1531
"45007011001","tract",2023,"food_rnk",50.5793
"45007011002","tract",2023,"food_rnk",83.4137
"45007011100","tract",2023,"food_rnk",49.1863
"45007011201","tract",2023,"food_rnk",99.801
"45007011203","tract",2023,"food_rnk",98.8866
"45007011204","tract",2023,"food_rnk",97.3581
"45007011301","tract",2023,"food_rnk",35.8084
"45007011302","tract",2023,"food_rnk",99.0832
"45007011401","tract",2023,"food_rnk",48.1901
"45007011402","tract",2023,"food_rnk",44.6765
"45007011501","tract",2023,"food_rnk",47.0279
"45007011502","tract",2023,"food_rnk",16.4886
"45007011600","tract",2023,"food_rnk",65.7909
"45007011701","tract",2023,"food_rnk",62.126
"45007011702","tract",2023,"food_rnk",20.6065
"45007011800","tract",2023,"food_rnk",30.6955
"45007011901","tract",2023,"food_rnk",8.9683
"45007011902","tract",2023,"food_rnk",4.8602
"45007012001","tract",2023,"food_rnk",36.8498
"45007012002","tract",2023,"food_rnk",53.1443
"45007012200","tract",2023,"food_rnk",27.8339
"45007012300","tract",2023,"food_rnk",18.1233
"45009960101","tract",2023,"food_rnk",14.7599
"45009960102","tract",2023,"food_rnk",7.8463
"45009960201","tract",2023,"food_rnk",32.0226
"45009960202","tract",2023,"food_rnk",20.4161
"45009960300","tract",2023,"food_rnk",10.1207
"45009960400","tract",2023,"food_rnk",36.9291
"45011970101","tract",2023,"food_rnk",4.0922
"45011970102","tract",2023,"food_rnk",19.4479
"45011970200","tract",2023,"food_rnk",12.6308
"45011970300","tract",2023,"food_rnk",5.4523
"45011970401","tract",2023,"food_rnk",20.2195
"45011970402","tract",2023,"food_rnk",19.5639
"45011970500","tract",2023,"food_rnk",12.6222
"45011980100","tract",2023,"food_rnk",NA
"45013000100","tract",2023,"food_rnk",38.6017
"45013000200","tract",2023,"food_rnk",8.8523
"45013000300","tract",2023,"food_rnk",86.4121
"45013000400","tract",2023,"food_rnk",NA
"45013000501","tract",2023,"food_rnk",75.9031
"45013000502","tract",2023,"food_rnk",84.6406
"45013000503","tract",2023,"food_rnk",66.7688
"45013000600","tract",2023,"food_rnk",33.6341
"45013000700","tract",2023,"food_rnk",42.971
"45013000800","tract",2023,"food_rnk",21.56
"45013000901","tract",2023,"food_rnk",66.1401
"45013000902","tract",2023,"food_rnk",92.3893
"45013000903","tract",2023,"food_rnk",38.4271
"45013001000","tract",2023,"food_rnk",NA
"45013001101","tract",2023,"food_rnk",57.2756
"45013001103","tract",2023,"food_rnk",29.963
"45013001104","tract",2023,"food_rnk",10.426
"45013001200","tract",2023,"food_rnk",66.5771
"45013002101","tract",2023,"food_rnk",78.8783
"45013002102","tract",2023,"food_rnk",99.9316
"45013002103","tract",2023,"food_rnk",99.989
"45013002105","tract",2023,"food_rnk",98.0149
"45013002106","tract",2023,"food_rnk",99.9597
"45013002107","tract",2023,"food_rnk",96.357
"45013002108","tract",2023,"food_rnk",78.5792
"45013002109","tract",2023,"food_rnk",99.9451
"45013002110","tract",2023,"food_rnk",99.9097
"45013002201","tract",2023,"food_rnk",53.5532
"45013002202","tract",2023,"food_rnk",93.753
"45013010100","tract",2023,"food_rnk",97.8171
"45013010200","tract",2023,"food_rnk",61.4911
"45013010300","tract",2023,"food_rnk",98.7267
"45013010400","tract",2023,"food_rnk",91.8399
"45013010500","tract",2023,"food_rnk",81.3517
"45013010600","tract",2023,"food_rnk",98.043
"45013010700","tract",2023,"food_rnk",82.5994
"45013010800","tract",2023,"food_rnk",19.0622
"45013010900","tract",2023,"food_rnk",92.8764
"45013011000","tract",2023,"food_rnk",92.7067
"45013011100","tract",2023,"food_rnk",66.7444
"45013011200","tract",2023,"food_rnk",79.4179
"45013011300","tract",2023,"food_rnk",84.2158
"45013990100","tract",2023,"food_rnk",NA
"45015020101","tract",2023,"food_rnk",52.5583
"45015020102","tract",2023,"food_rnk",76.5135
"45015020201","tract",2023,"food_rnk",13.1911
"45015020202","tract",2023,"food_rnk",14.4181
"45015020301","tract",2023,"food_rnk",55.4187
"45015020303","tract",2023,"food_rnk",30.7541
"45015020304","tract",2023,"food_rnk",31.9518
"45015020401","tract",2023,"food_rnk",17.3786
"45015020404","tract",2023,"food_rnk",83.7018
"45015020405","tract",2023,"food_rnk",46.1904
"45015020406","tract",2023,"food_rnk",95.55
"45015020407","tract",2023,"food_rnk",88.0858
"45015020503","tract",2023,"food_rnk",54.3981
"45015020504","tract",2023,"food_rnk",56.537
"45015020505","tract",2023,"food_rnk",32.1153
"45015020506","tract",2023,"food_rnk",72.5312
"45015020601","tract",2023,"food_rnk",93.8775
"45015020602","tract",2023,"food_rnk",86.1423
"45015020707","tract",2023,"food_rnk",35.2956
"45015020710","tract",2023,"food_rnk",83.0218
"45015020711","tract",2023,"food_rnk",81.7644
"45015020712","tract",2023,"food_rnk",60.6536
"45015020713","tract",2023,"food_rnk",49.3157
"45015020714","tract",2023,"food_rnk",61.1139
"45015020715","tract",2023,"food_rnk",17.6094
"45015020716","tract",2023,"food_rnk",78.8075
"45015020717","tract",2023,"food_rnk",47.2611
"45015020718","tract",2023,"food_rnk",42.4607
"45015020719","tract",2023,"food_rnk",77.6672
"45015020720","tract",2023,"food_rnk",66.6467
"45015020721","tract",2023,"food_rnk",41.1361
"45015020722","tract",2023,"food_rnk",77.9285
"45015020723","tract",2023,"food_rnk",78.2813
"45015020724","tract",2023,"food_rnk",NA
"45015020725","tract",2023,"food_rnk",78.2313
"45015020804","tract",2023,"food_rnk",74.2574
"45015020806","tract",2023,"food_rnk",43.2494
"45015020807","tract",2023,"food_rnk",90.9402
"45015020808","tract",2023,"food_rnk",31.406
"45015020809","tract",2023,"food_rnk",40.732
"45015020810","tract",2023,"food_rnk",86.0532
"45015020811","tract",2023,"food_rnk",48.4904
"45015020812","tract",2023,"food_rnk",83.3551
"45015020901","tract",2023,"food_rnk",29.3367
"45015020903","tract",2023,"food_rnk",64.9913
"45015020904","tract",2023,"food_rnk",78.6878
"45015021000","tract",2023,"food_rnk",24.5901
"45015980100","tract",2023,"food_rnk",NA
"45017950100","tract",2023,"food_rnk",51.8856
"45017950201","tract",2023,"food_rnk",25.7609
"45017950202","tract",2023,"food_rnk",10.78
"45017950400","tract",2023,"food_rnk",49.1289
"45019000100","tract",2023,"food_rnk",17.823
"45019000200","tract",2023,"food_rnk",91.1282
"45019000400","tract",2023,"food_rnk",NA
"45019000500","tract",2023,"food_rnk",90.7717
"45019000600","tract",2023,"food_rnk",89.48
"45019000700","tract",2023,"food_rnk",NA
"45019000900","tract",2023,"food_rnk",6.2531
"45019001000","tract",2023,"food_rnk",80.745
"45019001100","tract",2023,"food_rnk",18.4041
"45019001500","tract",2023,"food_rnk",44.6399
"45019001901","tract",2023,"food_rnk",65.7091
"45019001902","tract",2023,"food_rnk",74.9887
"45019002002","tract",2023,"food_rnk",98.3897
"45019002004","tract",2023,"food_rnk",33.805
"45019002005","tract",2023,"food_rnk",99.8547
"45019002006","tract",2023,"food_rnk",73.9754
"45019002007","tract",2023,"food_rnk",95.3791
"45019002008","tract",2023,"food_rnk",46.5786
"45019002009","tract",2023,"food_rnk",75.0363
"45019002103","tract",2023,"food_rnk",85.9091
"45019002104","tract",2023,"food_rnk",96.1507
"45019002105","tract",2023,"food_rnk",99.1039
"45019002106","tract",2023,"food_rnk",23.4889
"45019002107","tract",2023,"food_rnk",95.0568
"45019002108","tract",2023,"food_rnk",90.2675
"45019002200","tract",2023,"food_rnk",45.265
"45019002300","tract",2023,"food_rnk",52.9953
"45019002401","tract",2023,"food_rnk",68.1435
"45019002402","tract",2023,"food_rnk",40.0606
"45019002503","tract",2023,"food_rnk",30.7199
"45019002504","tract",2023,"food_rnk",85.5782
"45019002604","tract",2023,"food_rnk",72.088
"45019002605","tract",2023,"food_rnk",70.5766
"45019002606","tract",2023,"food_rnk",96.1739
"45019002611","tract",2023,"food_rnk",59.3803
"45019002612","tract",2023,"food_rnk",60.9747
"45019002613","tract",2023,"food_rnk",43.3519
"45019002614","tract",2023,"food_rnk",53.9854
"45019002701","tract",2023,"food_rnk",17.7046
"45019002702","tract",2023,"food_rnk",43.3715
"45019002801","tract",2023,"food_rnk",98.3653
"45019002802","tract",2023,"food_rnk",92.023
"45019002900","tract",2023,"food_rnk",93.7933
"45019003000","tract",2023,"food_rnk",97.9087
"45019003104","tract",2023,"food_rnk",14.954
"45019003105","tract",2023,"food_rnk",41.4633
"45019003106","tract",2023,"food_rnk",37.4077
"45019003107","tract",2023,"food_rnk",51.8856
"45019003108","tract",2023,"food_rnk",49.0325
"45019003109","tract",2023,"food_rnk",65.6786
"45019003110","tract",2023,"food_rnk",50.7893
"45019003111","tract",2023,"food_rnk",64.962
"45019003113","tract",2023,"food_rnk",49.671
"45019003115","tract",2023,"food_rnk",33.4717
"45019003116","tract",2023,"food_rnk",20.5943
"45019003117","tract",2023,"food_rnk",72.2247
"45019003200","tract",2023,"food_rnk",78.0774
"45019003300","tract",2023,"food_rnk",10.6481
"45019003400","tract",2023,"food_rnk",13.3645
"45019003500","tract",2023,"food_rnk",75.3379
"45019003600","tract",2023,"food_rnk",79.7195
"45019003700","tract",2023,"food_rnk",10.719
"45019003800","tract",2023,"food_rnk",7.4959
"45019003900","tract",2023,"food_rnk",NA
"45019004000","tract",2023,"food_rnk",18.1795
"45019004300","tract",2023,"food_rnk",28.3137
"45019004400","tract",2023,"food_rnk",6.5449
"45019004607","tract",2023,"food_rnk",99.5776
"45019004609","tract",2023,"food_rnk",78.5536
"45019004610","tract",2023,"food_rnk",98.2847
"45019004612","tract",2023,"food_rnk",93.5149
"45019004613","tract",2023,"food_rnk",97.8501
"45019004614","tract",2023,"food_rnk",99.8474
"45019004615","tract",2023,"food_rnk",99.7216
"45019004616","tract",2023,"food_rnk",93.6712
"45019004617","tract",2023,"food_rnk",99.9866
"45019004618","tract",2023,"food_rnk",93.2439
"45019004619","tract",2023,"food_rnk",97.9673
"45019004620","tract",2023,"food_rnk",99.1649
"45019004621","tract",2023,"food_rnk",99.4396
"45019004622","tract",2023,"food_rnk",88.9258
"45019004701","tract",2023,"food_rnk",98.8304
"45019004702","tract",2023,"food_rnk",79.3947
"45019004800","tract",2023,"food_rnk",98.7425
"45019004901","tract",2023,"food_rnk",70.8965
"45019004902","tract",2023,"food_rnk",98.7425
"45019005001","tract",2023,"food_rnk",87.1983
"45019005002","tract",2023,"food_rnk",36.5384
"45019005100","tract",2023,"food_rnk",52.8085
"45019005300","tract",2023,"food_rnk",22.743
"45019005400","tract",2023,"food_rnk",0.9706
"45019005500","tract",2023,"food_rnk",10.1073
"45019005601","tract",2023,"food_rnk",99.4897
"45019005602","tract",2023,"food_rnk",63.6813
"45019005701","tract",2023,"food_rnk",98.3348
"45019005702","tract",2023,"food_rnk",90.9402
"45019005800","tract",2023,"food_rnk",85.2926
"45019005900","tract",2023,"food_rnk",NA
"45019990100","tract",2023,"food_rnk",NA
"45021970101","tract",2023,"food_rnk",61.9856
"45021970102","tract",2023,"food_rnk",47.1609
"45021970201","tract",2023,"food_rnk",46.6311
"45021970203","tract",2023,"food_rnk",23.1642
"45021970204","tract",2023,"food_rnk",80.6241
"45021970301","tract",2023,"food_rnk",54.6691
"45021970302","tract",2023,"food_rnk",4.7759
"45021970401","tract",2023,"food_rnk",48.1303
"45021970403","tract",2023,"food_rnk",63.8351
"45021970404","tract",2023,"food_rnk",32.9382
"45021970501","tract",2023,"food_rnk",23.1642
"45021970502","tract",2023,"food_rnk",6.3654
"45021970503","tract",2023,"food_rnk",22.7991
"45021970601","tract",2023,"food_rnk",56.6957
"45021970602","tract",2023,"food_rnk",55.8533
"45021970700","tract",2023,"food_rnk",38.9703
"45023020100","tract",2023,"food_rnk",14.6452
"45023020200","tract",2023,"food_rnk",45.7985
"45023020300","tract",2023,"food_rnk",8.8218
"45023020400","tract",2023,"food_rnk",53.2517
"45023020500","tract",2023,"food_rnk",27.0183
"45023020601","tract",2023,"food_rnk",63.9853
"45023020602","tract",2023,"food_rnk",52.9147
"45023020700","tract",2023,"food_rnk",16.8769
"45023020800","tract",2023,"food_rnk",39.582
"45023020900","tract",2023,"food_rnk",27.2552
"45023021000","tract",2023,"food_rnk",18.6312
"45025950101","tract",2023,"food_rnk",37.9375
"45025950102","tract",2023,"food_rnk",5.2874
"45025950200","tract",2023,"food_rnk",49.4024
"45025950300","tract",2023,"food_rnk",27.6068
"45025950401","tract",2023,"food_rnk",35.0869
"45025950402","tract",2023,"food_rnk",28.4199
"45025950501","tract",2023,"food_rnk",12.9922
"45025950503","tract",2023,"food_rnk",7.9916
"45025950504","tract",2023,"food_rnk",14.8796
"45025950601","tract",2023,"food_rnk",17.9109
"45025950602","tract",2023,"food_rnk",14.1349
"45025950701","tract",2023,"food_rnk",36.9584
"45025950702","tract",2023,"food_rnk",42.8782
"45025950800","tract",2023,"food_rnk",47.9215
"45027960100","tract",2023,"food_rnk",32.6684
"45027960201","tract",2023,"food_rnk",12.079
"45027960300","tract",2023,"food_rnk",15.8794
"45027960400","tract",2023,"food_rnk",32.4206
"45027960500","tract",2023,"food_rnk",23.1764
"45027960600","tract",2023,"food_rnk",41.8247
"45027960701","tract",2023,"food_rnk",24.617
"45027960702","tract",2023,"food_rnk",24.8099
"45027960703","tract",2023,"food_rnk",41.7636
"45027960801","tract",2023,"food_rnk",18.8973
"45027960802","tract",2023,"food_rnk",37.1159
"45027980000","tract",2023,"food_rnk",NA
"45029970100","tract",2023,"food_rnk",23.2484
"45029970200","tract",2023,"food_rnk",39.8701
"45029970301","tract",2023,"food_rnk",7.9672
"45029970302","tract",2023,"food_rnk",2.7921
"45029970401","tract",2023,"food_rnk",38.8263
"45029970402","tract",2023,"food_rnk",27.1917
"45029970501","tract",2023,"food_rnk",2.2354
"45029970502","tract",2023,"food_rnk",18.8827
"45029970601","tract",2023,"food_rnk",10.4089
"45029970602","tract",2023,"food_rnk",25.2457
"45029970701","tract",2023,"food_rnk",27.68
"45029970702","tract",2023,"food_rnk",14.5621
"45029970800","tract",2023,"food_rnk",36.8729
"45029990100","tract",2023,"food_rnk",NA
"45031010100","tract",2023,"food_rnk",22.3779
"45031010200","tract",2023,"food_rnk",23.8234
"45031010300","tract",2023,"food_rnk",27.6593
"45031010400","tract",2023,"food_rnk",63.2748
"45031010500","tract",2023,"food_rnk",28.52
"45031010600","tract",2023,"food_rnk",9.8021
"45031010700","tract",2023,"food_rnk",4.3498
"45031010800","tract",2023,"food_rnk",26.082
"45031010901","tract",2023,"food_rnk",46.4602
"45031010902","tract",2023,"food_rnk",50.7465
"45031011000","tract",2023,"food_rnk",20.5052
"45031011100","tract",2023,"food_rnk",13.0007
"45031011201","tract",2023,"food_rnk",16.0882
"45031011202","tract",2023,"food_rnk",7.0503
"45031011301","tract",2023,"food_rnk",5.213
"45031011302","tract",2023,"food_rnk",54.3016
"45031011400","tract",2023,"food_rnk",10.7299
"45031011500","tract",2023,"food_rnk",15.7622
"45031011600","tract",2023,"food_rnk",15.5181
"45033970100","tract",2023,"food_rnk",27.8681
"45033970200","tract",2023,"food_rnk",11.4209
"45033970301","tract",2023,"food_rnk",9.8216
"45033970302","tract",2023,"food_rnk",16.6363
"45033970401","tract",2023,"food_rnk",8.5422
"45033970402","tract",2023,"food_rnk",15.4558
"45033970500","tract",2023,"food_rnk",17.8682
"45033970601","tract",2023,"food_rnk",35.5422
"45033970602","tract",2023,"food_rnk",10.227
"45035010100","tract",2023,"food_rnk",23.3912
"45035010200","tract",2023,"food_rnk",25.3861
"45035010301","tract",2023,"food_rnk",60.4656
"45035010302","tract",2023,"food_rnk",51.6414
"45035010400","tract",2023,"food_rnk",44.1931
"45035010501","tract",2023,"food_rnk",61.3092
"45035010503","tract",2023,"food_rnk",93.0791
"45035010505","tract",2023,"food_rnk",75.1792
"45035010506","tract",2023,"food_rnk",53.2004
"45035010507","tract",2023,"food_rnk",67.3402
"45035010508","tract",2023,"food_rnk",88.6133
"45035010603","tract",2023,"food_rnk",63.2174
"45035010604","tract",2023,"food_rnk",49.5367
"45035010606","tract",2023,"food_rnk",58.2962
"45035010607","tract",2023,"food_rnk",25.1773
"45035010608","tract",2023,"food_rnk",37.9485
"45035010700","tract",2023,"food_rnk",30.7114
"45035010801","tract",2023,"food_rnk",96.932
"45035010807","tract",2023,"food_rnk",54.3431
"45035010808","tract",2023,"food_rnk",51.866
"45035010809","tract",2023,"food_rnk",73.8521
"45035010813","tract",2023,"food_rnk",24.8831
"45035010814","tract",2023,"food_rnk",73.9437
"45035010815","tract",2023,"food_rnk",19.2917
"45035010817","tract",2023,"food_rnk",75.4661
"45035010818","tract",2023,"food_rnk",19.4052
"45035010819","tract",2023,"food_rnk",81.4213
"45035010820","tract",2023,"food_rnk",54.2784
"45035010821","tract",2023,"food_rnk",61.5155
"45035010822","tract",2023,"food_rnk",48.6113
"45035010823","tract",2023,"food_rnk",51.4278
"45037970201","tract",2023,"food_rnk",73.7447
"45037970203","tract",2023,"food_rnk",42.6658
"45037970204","tract",2023,"food_rnk",NA
"45037970300","tract",2023,"food_rnk",25.1956
"45037970400","tract",2023,"food_rnk",73.1868
"45037970501","tract",2023,"food_rnk",40.4512
"45037970502","tract",2023,"food_rnk",64.7422
"45039960100","tract",2023,"food_rnk",24.5571
"45039960200","tract",2023,"food_rnk",21.2011
"45039960301","tract",2023,"food_rnk",49.671
"45039960302","tract",2023,"food_rnk",34.8696
"45039960401","tract",2023,"food_rnk",3.5575
"45039960402","tract",2023,"food_rnk",13.3193
"45039960501","tract",2023,"food_rnk",47.2794
"45039960502","tract",2023,"food_rnk",30.6052
"45041000101","tract",2023,"food_rnk",98.5728
"45041000102","tract",2023,"food_rnk",86.9383
"45041000201","tract",2023,"food_rnk",56.5211
"45041000202","tract",2023,"food_rnk",43.9868
"45041000300","tract",2023,"food_rnk",47.3734
"45041000400","tract",2023,"food_rnk",28.6616
"45041000501","tract",2023,"food_rnk",NA
"45041000502","tract",2023,"food_rnk",20.2952
"45041000600","tract",2023,"food_rnk",61.4032
"45041000700","tract",2023,"food_rnk",0.3113
"45041000800","tract",2023,"food_rnk",20.2
"45041000900","tract",2023,"food_rnk",0.6605
"45041001000","tract",2023,"food_rnk",29.659
"45041001100","tract",2023,"food_rnk",21.6906
"45041001200","tract",2023,"food_rnk",96.7294
"45041001300","tract",2023,"food_rnk",27.8046
"45041001400","tract",2023,"food_rnk",90.8645
"45041001503","tract",2023,"food_rnk",75.9886
"45041001504","tract",2023,"food_rnk",66.5332
"45041001505","tract",2023,"food_rnk",37.2514
"45041001506","tract",2023,"food_rnk",52.8952
"45041001601","tract",2023,"food_rnk",36.7863
"45041001602","tract",2023,"food_rnk",45.0367
"45041001700","tract",2023,"food_rnk",36.5531
"45041001800","tract",2023,"food_rnk",26.9805
"45041001901","tract",2023,"food_rnk",35.2321
"45041001902","tract",2023,"food_rnk",9.785
"45041002000","tract",2023,"food_rnk",14.8613
"45041002202","tract",2023,"food_rnk",34.5912
"45041002203","tract",2023,"food_rnk",42.1164
"45041002204","tract",2023,"food_rnk",3.5453
"45041002300","tract",2023,"food_rnk",47.9923
"45041002400","tract",2023,"food_rnk",43.3519
"45041002500","tract",2023,"food_rnk",24.689
"45041002600","tract",2023,"food_rnk",23.8942
"45041980100","tract",2023,"food_rnk",NA
"45043920100","tract",2023,"food_rnk",15.8562
"45043920202","tract",2023,"food_rnk",5.0408
"45043920203","tract",2023,"food_rnk",38.5577
"45043920204","tract",2023,"food_rnk",2.2317
"45043920301","tract",2023,"food_rnk",65.6517
"45043920302","tract",2023,"food_rnk",73.5567
"45043920400","tract",2023,"food_rnk",29.7127
"45043920502","tract",2023,"food_rnk",77.9285
"45043920504","tract",2023,"food_rnk",74.3758
"45043920506","tract",2023,"food_rnk",99.1283
"45043920507","tract",2023,"food_rnk",46.73
"45043920508","tract",2023,"food_rnk",77.2314
"45043920509","tract",2023,"food_rnk",79.7463
"45043920510","tract",2023,"food_rnk",64.7703
"45043920511","tract",2023,"food_rnk",89.4337
"45043920601","tract",2023,"food_rnk",28.5932
"45043920602","tract",2023,"food_rnk",47.2354
"45043920701","tract",2023,"food_rnk",25.6535
"45043920702","tract",2023,"food_rnk",63.2552
"45043920800","tract",2023,"food_rnk",11.4417
"45043990100","tract",2023,"food_rnk",NA
"45045000100","tract",2023,"food_rnk",NA
"45045000200","tract",2023,"food_rnk",85.6356
"45045000400","tract",2023,"food_rnk",86.2607
"45045000500","tract",2023,"food_rnk",12.2413
"45045000700","tract",2023,"food_rnk",20.5235
"45045000800","tract",2023,"food_rnk",9.1648
"45045000900","tract",2023,"food_rnk",22.9212
"45045001000","tract",2023,"food_rnk",49.9078
"45045001101","tract",2023,"food_rnk",76.1253
"45045001102","tract",2023,"food_rnk",84.4392
"45045001203","tract",2023,"food_rnk",NA
"45045001204","tract",2023,"food_rnk",47.4124
"45045001205","tract",2023,"food_rnk",22.898
"45045001302","tract",2023,"food_rnk",61.9172
"45045001400","tract",2023,"food_rnk",69.8258
"45045001501","tract",2023,"food_rnk",96.3473
"45045001502","tract",2023,"food_rnk",6.8526
"45045001600","tract",2023,"food_rnk",53.9195
"45045001700","tract",2023,"food_rnk",33.6817
"45045001803","tract",2023,"food_rnk",53.7962
"45045001804","tract",2023,"food_rnk",70.7353
"45045001805","tract",2023,"food_rnk",82.1135
"45045001807","tract",2023,"food_rnk",96.8734
"45045001808","tract",2023,"food_rnk",84.1071
"45045001809","tract",2023,"food_rnk",55.7581
"45045001810","tract",2023,"food_rnk",44.0893
"45045001900","tract",2023,"food_rnk",65.9106
"45045002001","tract",2023,"food_rnk",8.6582
"45045002003","tract",2023,"food_rnk",29.8251
"45045002005","tract",2023,"food_rnk",38.2855
"45045002103","tract",2023,"food_rnk",88.6731
"45045002104","tract",2023,"food_rnk",19.4272
"45045002105","tract",2023,"food_rnk",11.4038
"45045002106","tract",2023,"food_rnk",8.8376
"45045002107","tract",2023,"food_rnk",18.9071
"45045002108","tract",2023,"food_rnk",42.3325
"45045002202","tract",2023,"food_rnk",20.333
"45045002203","tract",2023,"food_rnk",3.2572
"45045002204","tract",2023,"food_rnk",13.8882
"45045002301","tract",2023,"food_rnk",69.2984
"45045002302","tract",2023,"food_rnk",61.1908
"45045002303","tract",2023,"food_rnk",27.2882
"45045002304","tract",2023,"food_rnk",29.7555
"45045002403","tract",2023,"food_rnk",87.7928
"45045002404","tract",2023,"food_rnk",97.833
"45045002405","tract",2023,"food_rnk",95.4548
"45045002406","tract",2023,"food_rnk",55.7862
"45045002503","tract",2023,"food_rnk",99.1784
"45045002504","tract",2023,"food_rnk",40.1436
"45045002505","tract",2023,"food_rnk",16.8512
"45045002506","tract",2023,"food_rnk",78.3875
"45045002507","tract",2023,"food_rnk",54.1148
"45045002602","tract",2023,"food_rnk",63.1258
"45045002604","tract",2023,"food_rnk",47.4124
"45045002606","tract",2023,"food_rnk",67.3402
"45045002609","tract",2023,"food_rnk",83.0218
"45045002610","tract",2023,"food_rnk",48.2927
"45045002611","tract",2023,"food_rnk",63.8351
"45045002612","tract",2023,"food_rnk",85.8578
"45045002613","tract",2023,"food_rnk",93.753
"45045002701","tract",2023,"food_rnk",84.4624
"45045002703","tract",2023,"food_rnk",74.3758
"45045002704","tract",2023,"food_rnk",74.9887
"45045002804","tract",2023,"food_rnk",93.0083
"45045002805","tract",2023,"food_rnk",96.8734
"45045002811","tract",2023,"food_rnk",80.6778
"45045002812","tract",2023,"food_rnk",76.0972
"45045002813","tract",2023,"food_rnk",99.1393
"45045002814","tract",2023,"food_rnk",99.0941
"45045002815","tract",2023,"food_rnk",99.7851
"45045002817","tract",2023,"food_rnk",79.3947
"45045002818","tract",2023,"food_rnk",91.8863
"45045002819","tract",2023,"food_rnk",91.6885
"45045002820","tract",2023,"food_rnk",74.4735
"45045002821","tract",2023,"food_rnk",89.3103
"45045002822","tract",2023,"food_rnk",89.9257
"45045002901","tract",2023,"food_rnk",64.238
"45045002903","tract",2023,"food_rnk",83.631
"45045002904","tract",2023,"food_rnk",67.5697
"45045002905","tract",2023,"food_rnk",60.2239
"45045003005","tract",2023,"food_rnk",68.2936
"45045003008","tract",2023,"food_rnk",98.8866
"45045003009","tract",2023,"food_rnk",82.4029
"45045003010","tract",2023,"food_rnk",94.0765
"45045003011","tract",2023,"food_rnk",95.9395
"45045003012","tract",2023,"food_rnk",76.4842
"45045003013","tract",2023,"food_rnk",66.1914
"45045003014","tract",2023,"food_rnk",88.1322
"45045003016","tract",2023,"food_rnk",82.9693
"45045003017","tract",2023,"food_rnk",89.3897
"45045003101","tract",2023,"food_rnk",52.5583
"45045003103","tract",2023,"food_rnk",46.9302
"45045003104","tract",2023,"food_rnk",69.5621
"45045003202","tract",2023,"food_rnk",53.3689
"45045003203","tract",2023,"food_rnk",87.9015
"45045003204","tract",2023,"food_rnk",64.6433
"45045003301","tract",2023,"food_rnk",47.6065
"45045003303","tract",2023,"food_rnk",46.6152
"45045003304","tract",2023,"food_rnk",76.9482
"45045003401","tract",2023,"food_rnk",8.4567
"45045003500","tract",2023,"food_rnk",18.9279
"45045003601","tract",2023,"food_rnk",42.7794
"45045003602","tract",2023,"food_rnk",18.5641
"45045003701","tract",2023,"food_rnk",84.2158
"45045003704","tract",2023,"food_rnk",15.0212
"45045003705","tract",2023,"food_rnk",30.0961
"45045003706","tract",2023,"food_rnk",14.893
"45045003707","tract",2023,"food_rnk",47.725
"45045003802","tract",2023,"food_rnk",54.0269
"45045003803","tract",2023,"food_rnk",NA
"45045003804","tract",2023,"food_rnk",45.4359
"45045003902","tract",2023,"food_rnk",85.1131
"45045003903","tract",2023,"food_rnk",68.1435
"45045003905","tract",2023,"food_rnk",62.7339
"45045003906","tract",2023,"food_rnk",16.9232
"45045004001","tract",2023,"food_rnk",49.3157
"45045004003","tract",2023,"food_rnk",NA
"45045004004","tract",2023,"food_rnk",85.201
"45045004101","tract",2023,"food_rnk",31.2022
"45045004102","tract",2023,"food_rnk",80.9452
"45045004200","tract",2023,"food_rnk",72.4884
"45045004300","tract",2023,"food_rnk",10.1366
"45045004400","tract",2023,"food_rnk",13.2742
"45047970101","tract",2023,"food_rnk",52.3605
"45047970102","tract",2023,"food_rnk",23.274
"45047970201","tract",2023,"food_rnk",53.5838
"45047970202","tract",2023,"food_rnk",37.6347
"45047970301","tract",2023,"food_rnk",78.0506
"45047970303","tract",2023,"food_rnk",81.9499
"45047970304","tract",2023,"food_rnk",65.7091
"45047970401","tract",2023,"food_rnk",6.2751
"45047970402","tract",2023,"food_rnk",81.016
"45047970500","tract",2023,"food_rnk",3.6955
"45047970601","tract",2023,"food_rnk",67.1131
"45047970602","tract",2023,"food_rnk",35.5105
"45047970701","tract",2023,"food_rnk",48.9373
"45047970702","tract",2023,"food_rnk",41.8479
"45047970801","tract",2023,"food_rnk",17.0649
"45047970802","tract",2023,"food_rnk",6.8941
"45047970900","tract",2023,"food_rnk",45.2418
"45047971000","tract",2023,"food_rnk",46.73
"45049920100","tract",2023,"food_rnk",26.5837
"45049920201","tract",2023,"food_rnk",9.8363
"45049920202","tract",2023,"food_rnk",31.0312
"45049920300","tract",2023,"food_rnk",19.7507
"45049920401","tract",2023,"food_rnk",31.7479
"45049920402","tract",2023,"food_rnk",18.9071
"45049920500","tract",2023,"food_rnk",27.3052
"45051010100","tract",2023,"food_rnk",13.6368
"45051020100","tract",2023,"food_rnk",19.1049
"45051020201","tract",2023,"food_rnk",34.4984
"45051020202","tract",2023,"food_rnk",20.5052
"45051020301","tract",2023,"food_rnk",36.8937
"45051020302","tract",2023,"food_rnk",58.6356
"45051030102","tract",2023,"food_rnk",33.7391
"45051030104","tract",2023,"food_rnk",65.5126
"45051040101","tract",2023,"food_rnk",94.0765
"45051040102","tract",2023,"food_rnk",77.992
"45051040103","tract",2023,"food_rnk",86.4524
"45051040104","tract",2023,"food_rnk",86.7405
"45051040105","tract",2023,"food_rnk",71.0185
"45051040200","tract",2023,"food_rnk",86.0715
"45051040300","tract",2023,"food_rnk",94.6649
"45051040400","tract",2023,"food_rnk",76.1973
"45051040500","tract",2023,"food_rnk",75.0363
"45051050102","tract",2023,"food_rnk",90.5568
"45051050200","tract",2023,"food_rnk",97.7244
"45051050303","tract",2023,"food_rnk",96.0091
"45051050401","tract",2023,"food_rnk",46.7068
"45051050402","tract",2023,"food_rnk",82.7044
"45051050500","tract",2023,"food_rnk",45.5702
"45051050600","tract",2023,"food_rnk",15.9222
"45051050700","tract",2023,"food_rnk",9.0781
"45051050901","tract",2023,"food_rnk",61.5717
"45051050902","tract",2023,"food_rnk",52.6938
"45051051000","tract",2023,"food_rnk",99.9426
"45051051201","tract",2023,"food_rnk",85.4293
"45051051202","tract",2023,"food_rnk",12.9372
"45051051301","tract",2023,"food_rnk",22.2827
"45051051302","tract",2023,"food_rnk",91.9779
"45051051403","tract",2023,"food_rnk",98.3897
"45051051404","tract",2023,"food_rnk",53.9195
"45051051405","tract",2023,"food_rnk",58.2962
"45051051406","tract",2023,"food_rnk",81.4433
"45051051501","tract",2023,"food_rnk",45.4725
"45051051502","tract",2023,"food_rnk",69.7977
"45051051503","tract",2023,"food_rnk",29.5797
"45051051603","tract",2023,"food_rnk",75.7639
"45051051605","tract",2023,"food_rnk",99.3774
"45051051606","tract",2023,"food_rnk",91.8106
"45051051607","tract",2023,"food_rnk",83.0218
"45051051608","tract",2023,"food_rnk",99.9658
"45051051609","tract",2023,"food_rnk",96.1116
"45051051700","tract",2023,"food_rnk",94.5844
"45051060101","tract",2023,"food_rnk",NA
"45051060102","tract",2023,"food_rnk",43.695
"45051060203","tract",2023,"food_rnk",62.4971
"45051060204","tract",2023,"food_rnk",95.0568
"45051060206","tract",2023,"food_rnk",85.3353
"45051060207","tract",2023,"food_rnk",39.9934
"45051060209","tract",2023,"food_rnk",96.932
"45051060210","tract",2023,"food_rnk",91.9571
"45051060211","tract",2023,"food_rnk",71.7449
"45051060301","tract",2023,"food_rnk",54.6142
"45051060303","tract",2023,"food_rnk",97.877
"45051060309","tract",2023,"food_rnk",84.5564
"45051060310","tract",2023,"food_rnk",98.9769
"45051060403","tract",2023,"food_rnk",38.4271
"45051060404","tract",2023,"food_rnk",59.0592
"45051060405","tract",2023,"food_rnk",53.5044
"45051060406","tract",2023,"food_rnk",58.4256
"45051070101","tract",2023,"food_rnk",38.6786
"45051070102","tract",2023,"food_rnk",74.3136
"45051070200","tract",2023,"food_rnk",50.6013
"45051070300","tract",2023,"food_rnk",36.9108
"45051070400","tract",2023,"food_rnk",31.4207
"45051070500","tract",2023,"food_rnk",23.3046
"45051070601","tract",2023,"food_rnk",62.9769
"45051070602","tract",2023,"food_rnk",40.0435
"45051070701","tract",2023,"food_rnk",75.9886
"45051070702","tract",2023,"food_rnk",45.6312
"45051080101","tract",2023,"food_rnk",64.3259
"45051080102","tract",2023,"food_rnk",74.3417
"45051080200","tract",2023,"food_rnk",38.5308
"45051980100","tract",2023,"food_rnk",87.9577
"45051990100","tract",2023,"food_rnk",NA
"45053950100","tract",2023,"food_rnk",28.4199
"45053950201","tract",2023,"food_rnk",65.1134
"45053950203","tract",2023,"food_rnk",32.434
"45053950204","tract",2023,"food_rnk",7.502
"45053950301","tract",2023,"food_rnk",61.6083
"45053950302","tract",2023,"food_rnk",33.899
"45053990100","tract",2023,"food_rnk",NA
"45055970100","tract",2023,"food_rnk",20.5797
"45055970200","tract",2023,"food_rnk",23.8942
"45055970300","tract",2023,"food_rnk",64.0354
"45055970401","tract",2023,"food_rnk",55.6897
"45055970402","tract",2023,"food_rnk",24.2702
"45055970403","tract",2023,"food_rnk",76.2633
"45055970500","tract",2023,"food_rnk",36.9584
"45055970601","tract",2023,"food_rnk",35.3445
"45055970603","tract",2023,"food_rnk",28.0341
"45055970604","tract",2023,"food_rnk",31.0532
"45055970700","tract",2023,"food_rnk",4.2986
"45055970800","tract",2023,"food_rnk",29.902
"45055970902","tract",2023,"food_rnk",64.2612
"45055970905","tract",2023,"food_rnk",79.3642
"45055970906","tract",2023,"food_rnk",58.6539
"45055970907","tract",2023,"food_rnk",57.3012
"45055970908","tract",2023,"food_rnk",84.8433
"45055970909","tract",2023,"food_rnk",68.9968
"45057010100","tract",2023,"food_rnk",67.9054
"45057010201","tract",2023,"food_rnk",NA
"45057010202","tract",2023,"food_rnk",24.2544
"45057010300","tract",2023,"food_rnk",72.696
"45057010400","tract",2023,"food_rnk",84.3562
"45057010500","tract",2023,"food_rnk",6.5046
"45057010600","tract",2023,"food_rnk",24.8599
"45057010700","tract",2023,"food_rnk",5.5658
"45057010800","tract",2023,"food_rnk",37.0707
"45057010900","tract",2023,"food_rnk",52.6938
"45057011001","tract",2023,"food_rnk",48.8677
"45057011002","tract",2023,"food_rnk",35.2321
"45057011100","tract",2023,"food_rnk",46.979
"45057011203","tract",2023,"food_rnk",90.2675
"45057011204","tract",2023,"food_rnk",90.0807
"45057011205","tract",2023,"food_rnk",97.3581
"45057011206","tract",2023,"food_rnk",55.4907
"45057011207","tract",2023,"food_rnk",98.2359
"45057011208","tract",2023,"food_rnk",98.7792
"45057011209","tract",2023,"food_rnk",87.6134
"45057011210","tract",2023,"food_rnk",98.6754
"45057011211","tract",2023,"food_rnk",62.8365
"45059920102","tract",2023,"food_rnk",26.1393
"45059920104","tract",2023,"food_rnk",41.1361
"45059920105","tract",2023,"food_rnk",37.8814
"45059920106","tract",2023,"food_rnk",25.9367
"45059920107","tract",2023,"food_rnk",19.7019
"45059920108","tract",2023,"food_rnk",29.1695
"45059920201","tract",2023,"food_rnk",33.3704
"45059920202","tract",2023,"food_rnk",32.1532
"45059920301","tract",2023,"food_rnk",40.8846
"45059920302","tract",2023,"food_rnk",17.6399
"45059920400","tract",2023,"food_rnk",27.3309
"45059920501","tract",2023,"food_rnk",74.9606
"45059920503","tract",2023,"food_rnk",2.7896
"45059920504","tract",2023,"food_rnk",11.5125
"45059920600","tract",2023,"food_rnk",23.9492
"45059920700","tract",2023,"food_rnk",9.2308
"45059920800","tract",2023,"food_rnk",25.8903
"45059920900","tract",2023,"food_rnk",44.4006
"45059921001","tract",2023,"food_rnk",25.3678
"45059921002","tract",2023,"food_rnk",32.1691
"45061920100","tract",2023,"food_rnk",71.618
"45061920201","tract",2023,"food_rnk",12.0704
"45061920202","tract",2023,"food_rnk",24.0395
"45061920301","tract",2023,"food_rnk",NA
"45061920302","tract",2023,"food_rnk",8.74
"45061920401","tract",2023,"food_rnk",22.3023
"45061920402","tract",2023,"food_rnk",18.0342
"45061920500","tract",2023,"food_rnk",19.653
"45061920600","tract",2023,"food_rnk",14.6452
"45063020100","tract",2023,"food_rnk",20.9947
"45063020201","tract",2023,"food_rnk",90.6972
"45063020202","tract",2023,"food_rnk",21.9104
"45063020300","tract",2023,"food_rnk",39.9482
"45063020505","tract",2023,"food_rnk",31.6563
"45063020506","tract",2023,"food_rnk",90.2504
"45063020508","tract",2023,"food_rnk",91.0928
"45063020509","tract",2023,"food_rnk",61.778
"45063020510","tract",2023,"food_rnk",32.4022
"45063020511","tract",2023,"food_rnk",41.9541
"45063020512","tract",2023,"food_rnk",88.037
"45063020513","tract",2023,"food_rnk",36.3468
"45063020601","tract",2023,"food_rnk",36.7008
"45063020602","tract",2023,"food_rnk",39.3061
"45063020604","tract",2023,"food_rnk",50.8076
"45063020605","tract",2023,"food_rnk",57.6589
"45063020703","tract",2023,"food_rnk",39.0509
"45063020705","tract",2023,"food_rnk",11.797
"45063020706","tract",2023,"food_rnk",23.4389
"45063020707","tract",2023,"food_rnk",22.8309
"45063020708","tract",2023,"food_rnk",25.7096
"45063020801","tract",2023,"food_rnk",11.9203
"45063020802","tract",2023,"food_rnk",38.4442
"45063020803","tract",2023,"food_rnk",22.2217
"45063020804","tract",2023,"food_rnk",15.1469
"45063020806","tract",2023,"food_rnk",22.1081
"45063020807","tract",2023,"food_rnk",6.3862
"45063020904","tract",2023,"food_rnk",42.7952
"45063020905","tract",2023,"food_rnk",31.9518
"45063020906","tract",2023,"food_rnk",48.9165
"45063020908","tract",2023,"food_rnk",75.7639
"45063020909","tract",2023,"food_rnk",13.9896
"45063020910","tract",2023,"food_rnk",13.6477
"45063020911","tract",2023,"food_rnk",31.334
"45063020912","tract",2023,"food_rnk",26.4958
"45063020913","tract",2023,"food_rnk",54.0599
"45063021019","tract",2023,"food_rnk",72.696
"45063021020","tract",2023,"food_rnk",64.3259
"45063021021","tract",2023,"food_rnk",83.233
"45063021023","tract",2023,"food_rnk",87.1336
"45063021025","tract",2023,"food_rnk",89.3445
"45063021028","tract",2023,"food_rnk",69.1238
"45063021029","tract",2023,"food_rnk",24.1372
"45063021030","tract",2023,"food_rnk",87.3814
"45063021031","tract",2023,"food_rnk",59.7478
"45063021032","tract",2023,"food_rnk",90.099
"45063021033","tract",2023,"food_rnk",62.4568
"45063021034","tract",2023,"food_rnk",31.6954
"45063021035","tract",2023,"food_rnk",24.125
"45063021036","tract",2023,"food_rnk",48.9165
"45063021037","tract",2023,"food_rnk",74.0938
"45063021038","tract",2023,"food_rnk",78.9857
"45063021039","tract",2023,"food_rnk",87.7379
"45063021040","tract",2023,"food_rnk",90.8095
"45063021041","tract",2023,"food_rnk",67.6002
"45063021042","tract",2023,"food_rnk",13.6612
"45063021043","tract",2023,"food_rnk",86.0715
"45063021044","tract",2023,"food_rnk",26.4116
"45063021045","tract",2023,"food_rnk",93.0083
"45063021046","tract",2023,"food_rnk",51.5804
"45063021047","tract",2023,"food_rnk",92.9851
"45063021048","tract",2023,"food_rnk",96.932
"45063021049","tract",2023,"food_rnk",97.9856
"45063021050","tract",2023,"food_rnk",88.4704
"45063021051","tract",2023,"food_rnk",14.0921
"45063021052","tract",2023,"food_rnk",49.4024
"45063021106","tract",2023,"food_rnk",39.9189
"45063021109","tract",2023,"food_rnk",61.9612
"45063021110","tract",2023,"food_rnk",70.3044
"45063021111","tract",2023,"food_rnk",34.9257
"45063021112","tract",2023,"food_rnk",73.3052
"45063021113","tract",2023,"food_rnk",53.9195
"45063021114","tract",2023,"food_rnk",93.554
"45063021115","tract",2023,"food_rnk",91.3614
"45063021116","tract",2023,"food_rnk",53.3433
"45063021204","tract",2023,"food_rnk",79.8049
"45063021205","tract",2023,"food_rnk",90.2296
"45063021206","tract",2023,"food_rnk",88.7732
"45063021207","tract",2023,"food_rnk",44.928
"45063021208","tract",2023,"food_rnk",75.9886
"45063021303","tract",2023,"food_rnk",50.0604
"45063021305","tract",2023,"food_rnk",25.5143
"45063021306","tract",2023,"food_rnk",50.8698
"45063021307","tract",2023,"food_rnk",35.9659
"45063021309","tract",2023,"food_rnk",60.8111
"45063021310","tract",2023,"food_rnk",85.6832
"45063021311","tract",2023,"food_rnk",51.6207
"45063021312","tract",2023,"food_rnk",59.611
"45063021402","tract",2023,"food_rnk",23.8124
"45063021403","tract",2023,"food_rnk",21.7358
"45063021404","tract",2023,"food_rnk",17.2492
"45063980100","tract",2023,"food_rnk",NA
"45065920100","tract",2023,"food_rnk",80.1736
"45065920200","tract",2023,"food_rnk",15.1274
"45065920300","tract",2023,"food_rnk",50.6452
"45067950100","tract",2023,"food_rnk",25.4154
"45067950200","tract",2023,"food_rnk",8.381
"45067950300","tract",2023,"food_rnk",8.5752
"45067950400","tract",2023,"food_rnk",10.0341
"45067950500","tract",2023,"food_rnk",59.0336
"45067950600","tract",2023,"food_rnk",14.2313
"45067950700","tract",2023,"food_rnk",11.5125
"45067950800","tract",2023,"food_rnk",14.0628
"45069960100","tract",2023,"food_rnk",42.2397
"45069960201","tract",2023,"food_rnk",8.8987
"45069960202","tract",2023,"food_rnk",7.8121
"45069960301","tract",2023,"food_rnk",19.4394
"45069960302","tract",2023,"food_rnk",NA
"45069960400","tract",2023,"food_rnk",16.3641
"45069960500","tract",2023,"food_rnk",9.0586
"45069960600","tract",2023,"food_rnk",41.3998
"45071950100","tract",2023,"food_rnk",72.5519
"45071950201","tract",2023,"food_rnk",31.6368
"45071950203","tract",2023,"food_rnk",23.3131
"45071950204","tract",2023,"food_rnk",28.6616
"45071950300","tract",2023,"food_rnk",44.0051
"45071950502","tract",2023,"food_rnk",14.4266
"45071950601","tract",2023,"food_rnk",44.1565
"45071950603","tract",2023,"food_rnk",72.8864
"45071950604","tract",2023,"food_rnk",56.0035
"45071950700","tract",2023,"food_rnk",43.0211
"45073030100","tract",2023,"food_rnk",45.5519
"45073030201","tract",2023,"food_rnk",59.5146
"45073030202","tract",2023,"food_rnk",95.362
"45073030301","tract",2023,"food_rnk",86.2204
"45073030302","tract",2023,"food_rnk",87.8746
"45073030402","tract",2023,"food_rnk",76.1705
"45073030403","tract",2023,"food_rnk",22.1704
"45073030404","tract",2023,"food_rnk",17.8779
"45073030500","tract",2023,"food_rnk",72.4213
"45073030601","tract",2023,"food_rnk",31.0862
"45073030602","tract",2023,"food_rnk",46.2697
"45073030701","tract",2023,"food_rnk",26.6436
"45073030702","tract",2023,"food_rnk",52.5082
"45073030801","tract",2023,"food_rnk",15.3935
"45073030802","tract",2023,"food_rnk",45.5519
"45073030901","tract",2023,"food_rnk",74.62
"45073030903","tract",2023,"food_rnk",40.3291
"45073030904","tract",2023,"food_rnk",29.7555
"45073031000","tract",2023,"food_rnk",25.2371
"45073031100","tract",2023,"food_rnk",30.6052
"45075010101","tract",2023,"food_rnk",24.0542
"45075010102","tract",2023,"food_rnk",1.6677
"45075010103","tract",2023,"food_rnk",17.7571
"45075010104","tract",2023,"food_rnk",7.242
"45075010200","tract",2023,"food_rnk",18.0672
"45075010301","tract",2023,"food_rnk",40.7638
"45075010302","tract",2023,"food_rnk",35.95
"45075010303","tract",2023,"food_rnk",14.5866
"45075010304","tract",2023,"food_rnk",7.0833
"45075010305","tract",2023,"food_rnk",91.6544
"45075010400","tract",2023,"food_rnk",50.1727
"45075010500","tract",2023,"food_rnk",52.485
"45075010601","tract",2023,"food_rnk",20.4161
"45075010602","tract",2023,"food_rnk",5.0054
"45075010603","tract",2023,"food_rnk",70.6767
"45075010604","tract",2023,"food_rnk",0.9425
"45075010700","tract",2023,"food_rnk",6.2031
"45075010801","tract",2023,"food_rnk",NA
"45075010802","tract",2023,"food_rnk",17.4494
"45075010803","tract",2023,"food_rnk",38.4442
"45075010901","tract",2023,"food_rnk",73.4431
"45075010902","tract",2023,"food_rnk",43.4911
"45075011000","tract",2023,"food_rnk",31.8565
"45075011100","tract",2023,"food_rnk",16.4288
"45075011200","tract",2023,"food_rnk",NA
"45075011300","tract",2023,"food_rnk",0.8766
"45075011400","tract",2023,"food_rnk",16.3409
"45075011500","tract",2023,"food_rnk",10.1879
"45075011600","tract",2023,"food_rnk",32.9382
"45075011701","tract",2023,"food_rnk",25.2188
"45075011702","tract",2023,"food_rnk",75.2255
"45075011703","tract",2023,"food_rnk",55.3088
"45075011704","tract",2023,"food_rnk",21.8823
"45075011801","tract",2023,"food_rnk",5.3436
"45075011802","tract",2023,"food_rnk",20.9361
"45075011803","tract",2023,"food_rnk",7.6388
"45075011804","tract",2023,"food_rnk",21.7053
"45075011900","tract",2023,"food_rnk",35.2151
"45075012000","tract",2023,"food_rnk",10.719
"45077010100","tract",2023,"food_rnk",75.9678
"45077010201","tract",2023,"food_rnk",8.0807
"45077010202","tract",2023,"food_rnk",61.8012
"45077010301","tract",2023,"food_rnk",57.1425
"45077010302","tract",2023,"food_rnk",92.2611
"45077010401","tract",2023,"food_rnk",37.5505
"45077010403","tract",2023,"food_rnk",57.4831
"45077010404","tract",2023,"food_rnk",61.6889
"45077010405","tract",2023,"food_rnk",65.1463
"45077010501","tract",2023,"food_rnk",54.2613
"45077010502","tract",2023,"food_rnk",65.3392
"45077010601","tract",2023,"food_rnk",40.8846
"45077010603","tract",2023,"food_rnk",34.441
"45077010604","tract",2023,"food_rnk",69.9064
"45077010700","tract",2023,"food_rnk",40.9212
"45077010802","tract",2023,"food_rnk",59.2729
"45077010803","tract",2023,"food_rnk",43.6046
"45077010804","tract",2023,"food_rnk",51.805
"45077010805","tract",2023,"food_rnk",52.6767
"45077010806","tract",2023,"food_rnk",26.5715
"45077010901","tract",2023,"food_rnk",44.7022
"45077010903","tract",2023,"food_rnk",66.3122
"45077010904","tract",2023,"food_rnk",98.0589
"45077010905","tract",2023,"food_rnk",84.6406
"45077011001","tract",2023,"food_rnk",38.8934
"45077011003","tract",2023,"food_rnk",18.1709
"45077011004","tract",2023,"food_rnk",54.9951
"45077011005","tract",2023,"food_rnk",35.6228
"45077011101","tract",2023,"food_rnk",54.4994
"45077011103","tract",2023,"food_rnk",34.7987
"45077011104","tract",2023,"food_rnk",76.0716
"45077011105","tract",2023,"food_rnk",21.842
"45077011202","tract",2023,"food_rnk",NA
"45077011204","tract",2023,"food_rnk",50.1496
"45077011205","tract",2023,"food_rnk",95.7332
"45077011206","tract",2023,"food_rnk",77.0995
"45077011207","tract",2023,"food_rnk",93.3623
"45079000100","tract",2023,"food_rnk",20.3135
"45079000200","tract",2023,"food_rnk",24.3862
"45079000300","tract",2023,"food_rnk",8.9524
"45079000400","tract",2023,"food_rnk",35.4678
"45079000500","tract",2023,"food_rnk",3.372
"45079000600","tract",2023,"food_rnk",69.3289
"45079000700","tract",2023,"food_rnk",66.0375
"45079000900","tract",2023,"food_rnk",0.5408
"45079001000","tract",2023,"food_rnk",NA
"45079001100","tract",2023,"food_rnk",27.2332
"45079001200","tract",2023,"food_rnk",85.61
"45079001300","tract",2023,"food_rnk",16.231
"45079001600","tract",2023,"food_rnk",65.9106
"45079002100","tract",2023,"food_rnk",60.4949
"45079002200","tract",2023,"food_rnk",88.7964
"45079002300","tract",2023,"food_rnk",91.0928
"45079002400","tract",2023,"food_rnk",82.3723
"45079002500","tract",2023,"food_rnk",85.6356
"45079002602","tract",2023,"food_rnk",25.2762
"45079002605","tract",2023,"food_rnk",14.9076
"45079002700","tract",2023,"food_rnk",87.1336
"45079002800","tract",2023,"food_rnk",NA
"45079002900","tract",2023,"food_rnk",NA
"45079003000","tract",2023,"food_rnk",NA
"45079003100","tract",2023,"food_rnk",42.2397
"45079010104","tract",2023,"food_rnk",77.6855
"45079010105","tract",2023,"food_rnk",79.2848
"45079010106","tract",2023,"food_rnk",77.9712
"45079010107","tract",2023,"food_rnk",88.6963
"45079010108","tract",2023,"food_rnk",29.8544
"45079010109","tract",2023,"food_rnk",56.1927
"45079010200","tract",2023,"food_rnk",35.7888
"45079010304","tract",2023,"food_rnk",13.1826
"45079010305","tract",2023,"food_rnk",68.6184
"45079010308","tract",2023,"food_rnk",72.5312
"45079010310","tract",2023,"food_rnk",95.9688
"45079010311","tract",2023,"food_rnk",98.7071
"45079010312","tract",2023,"food_rnk",96.3131
"45079010313","tract",2023,"food_rnk",72.088
"45079010314","tract",2023,"food_rnk",68.1227
"45079010315","tract",2023,"food_rnk",40.732
"45079010403","tract",2023,"food_rnk",42.7952
"45079010407","tract",2023,"food_rnk",37.675
"45079010408","tract",2023,"food_rnk",NA
"45079010411","tract",2023,"food_rnk",7.4386
"45079010412","tract",2023,"food_rnk",24.031
"45079010413","tract",2023,"food_rnk",39.9482
"45079010414","tract",2023,"food_rnk",17.9793
"45079010501","tract",2023,"food_rnk",52.5583
"45079010502","tract",2023,"food_rnk",0.5921
"45079010600","tract",2023,"food_rnk",5.8271
"45079010701","tract",2023,"food_rnk",46.1
"45079010702","tract",2023,"food_rnk",11.7615
"45079010703","tract",2023,"food_rnk",18.4041
"45079010803","tract",2023,"food_rnk",14.274
"45079010804","tract",2023,"food_rnk",8.8218
"45079010805","tract",2023,"food_rnk",12.5209
"45079010806","tract",2023,"food_rnk",NA
"45079010900","tract",2023,"food_rnk",0.2686
"45079011000","tract",2023,"food_rnk",63.2748
"45079011101","tract",2023,"food_rnk",30.8493
"45079011102","tract",2023,"food_rnk",54.8901
"45079011201","tract",2023,"food_rnk",63.9096
"45079011202","tract",2023,"food_rnk",57.4123
"45079011303","tract",2023,"food_rnk",45.6972
"45079011304","tract",2023,"food_rnk",43.6388
"45079011305","tract",2023,"food_rnk",38.6786
"45079011306","tract",2023,"food_rnk",41.3498
"45079011307","tract",2023,"food_rnk",18.8693
"45079011407","tract",2023,"food_rnk",78.0213
"45079011411","tract",2023,"food_rnk",47.9081
"45079011412","tract",2023,"food_rnk",30.007
"45079011413","tract",2023,"food_rnk",82.1135
"45079011414","tract",2023,"food_rnk",61.2518
"45079011417","tract",2023,"food_rnk",60.9747
"45079011418","tract",2023,"food_rnk",79.3337
"45079011419","tract",2023,"food_rnk",53.0759
"45079011420","tract",2023,"food_rnk",34.5802
"45079011421","tract",2023,"food_rnk",83.2965
"45079011422","tract",2023,"food_rnk",88.1969
"45079011423","tract",2023,"food_rnk",80.3421
"45079011424","tract",2023,"food_rnk",92.6261
"45079011425","tract",2023,"food_rnk",40.3536
"45079011501","tract",2023,"food_rnk",NA
"45079011502","tract",2023,"food_rnk",96.4217
"45079011603","tract",2023,"food_rnk",89.9488
"45079011604","tract",2023,"food_rnk",97.8171
"45079011606","tract",2023,"food_rnk",30.9177
"45079011607","tract",2023,"food_rnk",36.6105
"45079011608","tract",2023,"food_rnk",24.8941
"45079011701","tract",2023,"food_rnk",22.3486
"45079011702","tract",2023,"food_rnk",13.0788
"45079011801","tract",2023,"food_rnk",7.1614
"45079011802","tract",2023,"food_rnk",77.0068
"45079011901","tract",2023,"food_rnk",40.8846
"45079011902","tract",2023,"food_rnk",46.874
"45079012000","tract",2023,"food_rnk",26.0063
"45079980100","tract",2023,"food_rnk",NA
"45081960100","tract",2023,"food_rnk",15.7232
"45081960201","tract",2023,"food_rnk",25.5143
"45081960202","tract",2023,"food_rnk",24.0395
"45081960301","tract",2023,"food_rnk",71.137
"45081960302","tract",2023,"food_rnk",86.1777
"45081960400","tract",2023,"food_rnk",25.6364
"45083020301","tract",2023,"food_rnk",NA
"45083020400","tract",2023,"food_rnk",4.4683
"45083020500","tract",2023,"food_rnk",10.1207
"45083020601","tract",2023,"food_rnk",32.6012
"45083020602","tract",2023,"food_rnk",64.3601
"45083020603","tract",2023,"food_rnk",50.3058
"45083020701","tract",2023,"food_rnk",5.3436
"45083020702","tract",2023,"food_rnk",13.2473
"45083020800","tract",2023,"food_rnk",0.1001
"45083020900","tract",2023,"food_rnk",59.29
"45083021001","tract",2023,"food_rnk",2.9996
"45083021100","tract",2023,"food_rnk",30.3915
"45083021200","tract",2023,"food_rnk",90.8987
"45083021301","tract",2023,"food_rnk",61.1493
"45083021302","tract",2023,"food_rnk",65.9826
"45083021303","tract",2023,"food_rnk",57.3232
"45083021401","tract",2023,"food_rnk",62.7816
"45083021402","tract",2023,"food_rnk",73.2112
"45083021403","tract",2023,"food_rnk",42.7952
"45083021500","tract",2023,"food_rnk",34.1786
"45083021600","tract",2023,"food_rnk",15.1665
"45083021700","tract",2023,"food_rnk",9.735
"45083021803","tract",2023,"food_rnk",68.456
"45083021804","tract",2023,"food_rnk",31.5623
"45083021805","tract",2023,"food_rnk",29.3782
"45083021806","tract",2023,"food_rnk",15.8623
"45083021902","tract",2023,"food_rnk",70.7536
"45083021903","tract",2023,"food_rnk",40.9676
"45083021904","tract",2023,"food_rnk",51.8856
"45083022003","tract",2023,"food_rnk",41.3998
"45083022004","tract",2023,"food_rnk",35.8365
"45083022005","tract",2023,"food_rnk",40.6807
"45083022006","tract",2023,"food_rnk",51.2593
"45083022007","tract",2023,"food_rnk",64.4504
"45083022101","tract",2023,"food_rnk",79.9697
"45083022102","tract",2023,"food_rnk",73.1575
"45083022201","tract",2023,"food_rnk",20.3037
"45083022202","tract",2023,"food_rnk",52.9465
"45083022303","tract",2023,"food_rnk",6.49
"45083022304","tract",2023,"food_rnk",65.1695
"45083022305","tract",2023,"food_rnk",9.8363
"45083022306","tract",2023,"food_rnk",41.5146
"45083022404","tract",2023,"food_rnk",69.1238
"45083022405","tract",2023,"food_rnk",93.4917
"45083022406","tract",2023,"food_rnk",67.9054
"45083022407","tract",2023,"food_rnk",73.1868
"45083022408","tract",2023,"food_rnk",66.1401
"45083022409","tract",2023,"food_rnk",56.7311
"45083022410","tract",2023,"food_rnk",67.6576
"45083022411","tract",2023,"food_rnk",82.8057
"45083022500","tract",2023,"food_rnk",38.7457
"45083022600","tract",2023,"food_rnk",54.7997
"45083022701","tract",2023,"food_rnk",47.3074
"45083022702","tract",2023,"food_rnk",86.2985
"45083022803","tract",2023,"food_rnk",97.4655
"45083022804","tract",2023,"food_rnk",74.675
"45083022805","tract",2023,"food_rnk",67.8834
"45083022806","tract",2023,"food_rnk",81.5934
"45083022901","tract",2023,"food_rnk",56.8568
"45083022902","tract",2023,"food_rnk",51.5035
"45083023002","tract",2023,"food_rnk",53.4837
"45083023003","tract",2023,"food_rnk",59.0189
"45083023004","tract",2023,"food_rnk",60.91
"45083023101","tract",2023,"food_rnk",33.7195
"45083023103","tract",2023,"food_rnk",54.4274
"45083023104","tract",2023,"food_rnk",15.5364
"45083023201","tract",2023,"food_rnk",60.3948
"45083023202","tract",2023,"food_rnk",68.7148
"45083023301","tract",2023,"food_rnk",30.2523
"45083023302","tract",2023,"food_rnk",29.8409
"45083023401","tract",2023,"food_rnk",55.0695
"45083023402","tract",2023,"food_rnk",74.0609
"45083023405","tract",2023,"food_rnk",91.9132
"45083023406","tract",2023,"food_rnk",85.61
"45083023407","tract",2023,"food_rnk",63.7582
"45083023408","tract",2023,"food_rnk",85.3597
"45083023409","tract",2023,"food_rnk",80.5997
"45083023500","tract",2023,"food_rnk",56.5211
"45083023601","tract",2023,"food_rnk",46.6152
"45083023602","tract",2023,"food_rnk",17.7461
"45083023700","tract",2023,"food_rnk",67.2694
"45083023803","tract",2023,"food_rnk",74.2818
"45083023804","tract",2023,"food_rnk",60.4949
"45083023805","tract",2023,"food_rnk",69.4363
"45083023806","tract",2023,"food_rnk",NA
"45083023901","tract",2023,"food_rnk",66.1914
"45083023902","tract",2023,"food_rnk",33.9539
"45085000100","tract",2023,"food_rnk",16.4288
"45085000201","tract",2023,"food_rnk",63.9645
"45085000202","tract",2023,"food_rnk",58.4793
"45085000300","tract",2023,"food_rnk",61.341
"45085000401","tract",2023,"food_rnk",47.8287
"45085000402","tract",2023,"food_rnk",5.3302
"45085000500","tract",2023,"food_rnk",56.3148
"45085000600","tract",2023,"food_rnk",38.4832
"45085000700","tract",2023,"food_rnk",10.3942
"45085000800","tract",2023,"food_rnk",4.8882
"45085000901","tract",2023,"food_rnk",58.8773
"45085000902","tract",2023,"food_rnk",60.0078
"45085001100","tract",2023,"food_rnk",8.8218
"45085001300","tract",2023,"food_rnk",8.2663
"45085001500","tract",2023,"food_rnk",3.1681
"45085001600","tract",2023,"food_rnk",10.1879
"45085001701","tract",2023,"food_rnk",88.5901
"45085001703","tract",2023,"food_rnk",75.0363
"45085001704","tract",2023,"food_rnk",41.6989
"45085001801","tract",2023,"food_rnk",6.4118
"45085001803","tract",2023,"food_rnk",17.823
"45085001804","tract",2023,"food_rnk",10.3124
"45085001902","tract",2023,"food_rnk",44.1333
"45085001903","tract",2023,"food_rnk",54.2284
"45085001904","tract",2023,"food_rnk",15.5852
"45085002000","tract",2023,"food_rnk",26.9048
"45087030100","tract",2023,"food_rnk",31.4622
"45087030200","tract",2023,"food_rnk",2.2012
"45087030300","tract",2023,"food_rnk",14.8173
"45087030401","tract",2023,"food_rnk",29.1548
"45087030402","tract",2023,"food_rnk",2.8665
"45087030500","tract",2023,"food_rnk",26.2565
"45087030600","tract",2023,"food_rnk",52.4301
"45087030700","tract",2023,"food_rnk",21.3549
"45087030800","tract",2023,"food_rnk",48.7639
"45087030900","tract",2023,"food_rnk",21.3549
"45089970100","tract",2023,"food_rnk",26.917
"45089970200","tract",2023,"food_rnk",14.0225
"45089970300","tract",2023,"food_rnk",7.2029
"45089970400","tract",2023,"food_rnk",42.346
"45089970501","tract",2023,"food_rnk",15.6609
"45089970502","tract",2023,"food_rnk",10.3014
"45089970601","tract",2023,"food_rnk",13.9041
"45089970602","tract",2023,"food_rnk",67.7992
"45089970700","tract",2023,"food_rnk",35.1467
"45089970801","tract",2023,"food_rnk",32.6012
"45089970802","tract",2023,"food_rnk",NA
"45089970900","tract",2023,"food_rnk",26.2443
"45091060102","tract",2023,"food_rnk",92.1891
"45091060200","tract",2023,"food_rnk",13.0459
"45091060300","tract",2023,"food_rnk",10.4345
"45091060401","tract",2023,"food_rnk",21.3683
"45091060402","tract",2023,"food_rnk",39.6015
"45091060501","tract",2023,"food_rnk",16.7548
"45091060502","tract",2023,"food_rnk",6.197
"45091060600","tract",2023,"food_rnk",NA
"45091060700","tract",2023,"food_rnk",79.3642
"45091060802","tract",2023,"food_rnk",35.7608
"45091060803","tract",2023,"food_rnk",65.7091
"45091060804","tract",2023,"food_rnk",40.8504
"45091060901","tract",2023,"food_rnk",60.1067
"45091060904","tract",2023,"food_rnk",86.8662
"45091060908","tract",2023,"food_rnk",30.6369
"45091060909","tract",2023,"food_rnk",68.5183
"45091060910","tract",2023,"food_rnk",94.3024
"45091060911","tract",2023,"food_rnk",85.8944
"45091060912","tract",2023,"food_rnk",87.9015
"45091060913","tract",2023,"food_rnk",38.4271
"45091061004","tract",2023,"food_rnk",98.6998
"45091061006","tract",2023,"food_rnk",93.2976
"45091061007","tract",2023,"food_rnk",78.6878
"45091061008","tract",2023,"food_rnk",89.4337
"45091061009","tract",2023,"food_rnk",99.9438
"45091061010","tract",2023,"food_rnk",51.396
"45091061011","tract",2023,"food_rnk",99.5776
"45091061012","tract",2023,"food_rnk",93.6053
"45091061101","tract",2023,"food_rnk",38.1475
"45091061103","tract",2023,"food_rnk",99.5202
"45091061104","tract",2023,"food_rnk",87.7172
"45091061202","tract",2023,"food_rnk",33.2532
"45091061203","tract",2023,"food_rnk",76.0154
"45091061204","tract",2023,"food_rnk",69.2264
"45091061205","tract",2023,"food_rnk",86.2204
"45091061301","tract",2023,"food_rnk",55.3308
"45091061302","tract",2023,"food_rnk",62.0991
"45091061401","tract",2023,"food_rnk",33.0273
"45091061403","tract",2023,"food_rnk",96.5072
"45091061404","tract",2023,"food_rnk",53.2248
"45091061503","tract",2023,"food_rnk",52.6108
"45091061504","tract",2023,"food_rnk",28.1147
"45091061505","tract",2023,"food_rnk",62.8878
"45091061506","tract",2023,"food_rnk",70.9465
"45091061601","tract",2023,"food_rnk",25.4813
"45091061602","tract",2023,"food_rnk",16.3873
"45091061701","tract",2023,"food_rnk",80.2481
"45091061705","tract",2023,"food_rnk",32.445
"45091061706","tract",2023,"food_rnk",71.4019
"45091061708","tract",2023,"food_rnk",73.6629
"45091061709","tract",2023,"food_rnk",75.3977
"45091061710","tract",2023,"food_rnk",70.7536
"45091061801","tract",2023,"food_rnk",53.4495
"45091061802","tract",2023,"food_rnk",47.5919
"45091061900","tract",2023,"food_rnk",51.9723
"45001950100","tract",2023,"food_state_rnk",74.6088
"45001950200","tract",2023,"food_state_rnk",30.5164
"45001950300","tract",2023,"food_state_rnk",26.1346
"45001950401","tract",2023,"food_state_rnk",19.4836
"45001950402","tract",2023,"food_state_rnk",84.0376
"45001950500","tract",2023,"food_state_rnk",4.3818
"45001950600","tract",2023,"food_state_rnk",47.0266
"45003020100","tract",2023,"food_state_rnk",16.8623
"45003020200","tract",2023,"food_state_rnk",65.0235
"45003020301","tract",2023,"food_state_rnk",52.8951
"45003020303","tract",2023,"food_state_rnk",1.9562
"45003020304","tract",2023,"food_state_rnk",46.2833
"45003020401","tract",2023,"food_state_rnk",39.3584
"45003020402","tract",2023,"food_state_rnk",2.7387
"45003020500","tract",2023,"food_state_rnk",83.0595
"45003020601","tract",2023,"food_state_rnk",59.8983
"45003020603","tract",2023,"food_state_rnk",27.3865
"45003020604","tract",2023,"food_state_rnk",68.5837
"45003020701","tract",2023,"food_state_rnk",59.3897
"45003020702","tract",2023,"food_state_rnk",40.6495
"45003020801","tract",2023,"food_state_rnk",66.9014
"45003020802","tract",2023,"food_state_rnk",76.3693
"45003020901","tract",2023,"food_state_rnk",65.8451
"45003020903","tract",2023,"food_state_rnk",40.5321
"45003020904","tract",2023,"food_state_rnk",32.59
"45003021001","tract",2023,"food_state_rnk",38.8106
"45003021003","tract",2023,"food_state_rnk",22.9656
"45003021004","tract",2023,"food_state_rnk",9.5462
"45003021101","tract",2023,"food_state_rnk",26.0172
"45003021102","tract",2023,"food_state_rnk",29.6557
"45003021201","tract",2023,"food_state_rnk",58.216
"45003021202","tract",2023,"food_state_rnk",86.072
"45003021204","tract",2023,"food_state_rnk",68.4664
"45003021205","tract",2023,"food_state_rnk",98.9045
"45003021300","tract",2023,"food_state_rnk",53.9906
"45003021401","tract",2023,"food_state_rnk",2.1127
"45003021402","tract",2023,"food_state_rnk",2.1909
"45003021500","tract",2023,"food_state_rnk",78.4429
"45003021601","tract",2023,"food_state_rnk",27.7778
"45003021603","tract",2023,"food_state_rnk",62.6761
"45003021604","tract",2023,"food_state_rnk",98.0829
"45003021700","tract",2023,"food_state_rnk",45.9311
"45003021800","tract",2023,"food_state_rnk",21.9092
"45003021901","tract",2023,"food_state_rnk",42.9577
"45003021902","tract",2023,"food_state_rnk",63.302
"45003022001","tract",2023,"food_state_rnk",33.2551
"45003022003","tract",2023,"food_state_rnk",50.5477
"45003022004","tract",2023,"food_state_rnk",31.4945
"45003022100","tract",2023,"food_state_rnk",48.2003
"45003980100","tract",2023,"food_state_rnk",NA
"45005970201","tract",2023,"food_state_rnk",28.3255
"45005970202","tract",2023,"food_state_rnk",6.1033
"45005970500","tract",2023,"food_state_rnk",20.1878
"45007000200","tract",2023,"food_state_rnk",39.9844
"45007000300","tract",2023,"food_state_rnk",28.4038
"45007000500","tract",2023,"food_state_rnk",7.277
"45007000600","tract",2023,"food_state_rnk",1.4085
"45007000701","tract",2023,"food_state_rnk",1.3302
"45007000702","tract",2023,"food_state_rnk",13.8498
"45007000800","tract",2023,"food_state_rnk",9.8592
"45007000900","tract",2023,"food_state_rnk",26.9171
"45007001000","tract",2023,"food_state_rnk",80.2034
"45007001100","tract",2023,"food_state_rnk",70.1095
"45007010103","tract",2023,"food_state_rnk",85.3286
"45007010105","tract",2023,"food_state_rnk",80.8294
"45007010106","tract",2023,"food_state_rnk",86.072
"45007010107","tract",2023,"food_state_rnk",73.4742
"45007010108","tract",2023,"food_state_rnk",68.0751
"45007010200","tract",2023,"food_state_rnk",46.518
"45007010300","tract",2023,"food_state_rnk",30.0469
"45007010403","tract",2023,"food_state_rnk",34.8983
"45007010404","tract",2023,"food_state_rnk",69.5227
"45007010405","tract",2023,"food_state_rnk",63.9671
"45007010406","tract",2023,"food_state_rnk",45.6573
"45007010501","tract",2023,"food_state_rnk",69.7966
"45007010502","tract",2023,"food_state_rnk",66.9797
"45007010601","tract",2023,"food_state_rnk",76.4476
"45007010602","tract",2023,"food_state_rnk",34.7418
"45007010701","tract",2023,"food_state_rnk",23.0829
"45007010702","tract",2023,"food_state_rnk",69.0141
"45007010800","tract",2023,"food_state_rnk",46.7919
"45007010900","tract",2023,"food_state_rnk",61.5023
"45007011001","tract",2023,"food_state_rnk",52.3474
"45007011002","tract",2023,"food_state_rnk",82.9421
"45007011100","tract",2023,"food_state_rnk",51.3302
"45007011201","tract",2023,"food_state_rnk",99.1393
"45007011203","tract",2023,"food_state_rnk",97.6135
"45007011204","tract",2023,"food_state_rnk",95.266
"45007011301","tract",2023,"food_state_rnk",37.1674
"45007011302","tract",2023,"food_state_rnk",97.8091
"45007011401","tract",2023,"food_state_rnk",50.3912
"45007011402","tract",2023,"food_state_rnk",46.6354
"45007011501","tract",2023,"food_state_rnk",49.061
"45007011502","tract",2023,"food_state_rnk",15.2582
"45007011600","tract",2023,"food_state_rnk",67.6056
"45007011701","tract",2023,"food_state_rnk",63.9671
"45007011702","tract",2023,"food_state_rnk",20.1095
"45007011800","tract",2023,"food_state_rnk",31.6119
"45007011901","tract",2023,"food_state_rnk",6.8858
"45007011902","tract",2023,"food_state_rnk",2.5822
"45007012001","tract",2023,"food_state_rnk",37.9499
"45007012002","tract",2023,"food_state_rnk",55.3991
"45007012200","tract",2023,"food_state_rnk",28.795
"45007012300","tract",2023,"food_state_rnk",17.1362
"45009960101","tract",2023,"food_state_rnk",12.8326
"45009960102","tract",2023,"food_state_rnk",5.3991
"45009960201","tract",2023,"food_state_rnk",33.4898
"45009960202","tract",2023,"food_state_rnk",19.6009
"45009960300","tract",2023,"food_state_rnk",8.0203
"45009960400","tract",2023,"food_state_rnk",38.2629
"45011970101","tract",2023,"food_state_rnk",2.0344
"45011970102","tract",2023,"food_state_rnk",18.6228
"45011970200","tract",2023,"food_state_rnk",10.4851
"45011970300","tract",2023,"food_state_rnk",3.3646
"45011970401","tract",2023,"food_state_rnk",19.0923
"45011970402","tract",2023,"food_state_rnk",18.7011
"45011970500","tract",2023,"food_state_rnk",10.4069
"45011980100","tract",2023,"food_state_rnk",NA
"45013000100","tract",2023,"food_state_rnk",40.2973
"45013000200","tract",2023,"food_state_rnk",6.651
"45013000300","tract",2023,"food_state_rnk",86.2285
"45013000400","tract",2023,"food_state_rnk",NA
"45013000501","tract",2023,"food_state_rnk",76.6823
"45013000502","tract",2023,"food_state_rnk",83.8419
"45013000503","tract",2023,"food_state_rnk",68.9358
"45013000600","tract",2023,"food_state_rnk",34.9765
"45013000700","tract",2023,"food_state_rnk",44.9139
"45013000800","tract",2023,"food_state_rnk",20.7355
"45013000901","tract",2023,"food_state_rnk",68.0751
"45013000902","tract",2023,"food_state_rnk",91.3928
"45013000903","tract",2023,"food_state_rnk",39.6714
"45013001000","tract",2023,"food_state_rnk",NA
"45013001101","tract",2023,"food_state_rnk",59.5462
"45013001103","tract",2023,"food_state_rnk",30.9077
"45013001104","tract",2023,"food_state_rnk",8.7637
"45013001200","tract",2023,"food_state_rnk",68.7011
"45013002101","tract",2023,"food_state_rnk",79.4992
"45013002102","tract",2023,"food_state_rnk",99.4523
"45013002103","tract",2023,"food_state_rnk",100
"45013002105","tract",2023,"food_state_rnk",96.1659
"45013002106","tract",2023,"food_state_rnk",99.7653
"45013002107","tract",2023,"food_state_rnk",94.5227
"45013002108","tract",2023,"food_state_rnk",79.1862
"45013002109","tract",2023,"food_state_rnk",99.687
"45013002110","tract",2023,"food_state_rnk",99.374
"45013002201","tract",2023,"food_state_rnk",56.1033
"45013002202","tract",2023,"food_state_rnk",92.6839
"45013010100","tract",2023,"food_state_rnk",95.579
"45013010200","tract",2023,"food_state_rnk",62.989
"45013010300","tract",2023,"food_state_rnk",97.1831
"45013010400","tract",2023,"food_state_rnk",90.7668
"45013010500","tract",2023,"food_state_rnk",81.3772
"45013010600","tract",2023,"food_state_rnk",96.2441
"45013010700","tract",2023,"food_state_rnk",82.1596
"45013010800","tract",2023,"food_state_rnk",18.1534
"45013010900","tract",2023,"food_state_rnk",91.6275
"45013011000","tract",2023,"food_state_rnk",91.5493
"45013011100","tract",2023,"food_state_rnk",68.8576
"45013011200","tract",2023,"food_state_rnk",80.1252
"45013011300","tract",2023,"food_state_rnk",83.3725
"45013990100","tract",2023,"food_state_rnk",NA
"45015020101","tract",2023,"food_state_rnk",54.4601
"45015020102","tract",2023,"food_state_rnk",77.6995
"45015020201","tract",2023,"food_state_rnk",11.0329
"45015020202","tract",2023,"food_state_rnk",12.3631
"45015020301","tract",2023,"food_state_rnk",58.1377
"45015020303","tract",2023,"food_state_rnk",31.8466
"45015020304","tract",2023,"food_state_rnk",33.3725
"45015020401","tract",2023,"food_state_rnk",15.8842
"45015020404","tract",2023,"food_state_rnk",83.1768
"45015020405","tract",2023,"food_state_rnk",47.9656
"45015020406","tract",2023,"food_state_rnk",93.7402
"45015020407","tract",2023,"food_state_rnk",87.6369
"45015020503","tract",2023,"food_state_rnk",57.277
"45015020504","tract",2023,"food_state_rnk",59.0767
"45015020505","tract",2023,"food_state_rnk",33.5681
"45015020506","tract",2023,"food_state_rnk",73.1221
"45015020601","tract",2023,"food_state_rnk",92.8795
"45015020602","tract",2023,"food_state_rnk",85.6025
"45015020707","tract",2023,"food_state_rnk",36.5415
"45015020710","tract",2023,"food_state_rnk",82.5509
"45015020711","tract",2023,"food_state_rnk",81.6901
"45015020712","tract",2023,"food_state_rnk",61.9718
"45015020713","tract",2023,"food_state_rnk",51.4476
"45015020714","tract",2023,"food_state_rnk",62.3631
"45015020715","tract",2023,"food_state_rnk",16.0407
"45015020716","tract",2023,"food_state_rnk",79.421
"45015020717","tract",2023,"food_state_rnk",49.2958
"45015020718","tract",2023,"food_state_rnk",44.3662
"45015020719","tract",2023,"food_state_rnk",78.0908
"45015020720","tract",2023,"food_state_rnk",68.7793
"45015020721","tract",2023,"food_state_rnk",43.0751
"45015020722","tract",2023,"food_state_rnk",78.2864
"45015020723","tract",2023,"food_state_rnk",78.9515
"45015020724","tract",2023,"food_state_rnk",NA
"45015020725","tract",2023,"food_state_rnk",78.8732
"45015020804","tract",2023,"food_state_rnk",74.8044
"45015020806","tract",2023,"food_state_rnk",45.0704
"45015020807","tract",2023,"food_state_rnk",90.1017
"45015020808","tract",2023,"food_state_rnk",32.4726
"45015020809","tract",2023,"food_state_rnk",42.2926
"45015020810","tract",2023,"food_state_rnk",85.3286
"45015020811","tract",2023,"food_state_rnk",50.626
"45015020812","tract",2023,"food_state_rnk",82.8638
"45015020901","tract",2023,"food_state_rnk",29.8905
"45015020903","tract",2023,"food_state_rnk",66.5884
"45015020904","tract",2023,"food_state_rnk",79.3036
"45015021000","tract",2023,"food_state_rnk",24.4131
"45015980100","tract",2023,"food_state_rnk",NA
"45017950100","tract",2023,"food_state_rnk",53.7559
"45017950201","tract",2023,"food_state_rnk",26.2911
"45017950202","tract",2023,"food_state_rnk",9.2332
"45017950400","tract",2023,"food_state_rnk",51.252
"45019000100","tract",2023,"food_state_rnk",16.471
"45019000200","tract",2023,"food_state_rnk",90.3756
"45019000400","tract",2023,"food_state_rnk",NA
"45019000500","tract",2023,"food_state_rnk",89.7496
"45019000600","tract",2023,"food_state_rnk",88.8889
"45019000700","tract",2023,"food_state_rnk",NA
"45019000900","tract",2023,"food_state_rnk",3.7559
"45019001000","tract",2023,"food_state_rnk",81.1424
"45019001100","tract",2023,"food_state_rnk",17.41
"45019001500","tract",2023,"food_state_rnk",46.518
"45019001901","tract",2023,"food_state_rnk",67.4491
"45019001902","tract",2023,"food_state_rnk",75.626
"45019002002","tract",2023,"food_state_rnk",96.7527
"45019002004","tract",2023,"food_state_rnk",35.2895
"45019002005","tract",2023,"food_state_rnk",99.2958
"45019002006","tract",2023,"food_state_rnk",74.4914
"45019002007","tract",2023,"food_state_rnk",93.5837
"45019002008","tract",2023,"food_state_rnk",48.2786
"45019002009","tract",2023,"food_state_rnk",75.8216
"45019002103","tract",2023,"food_state_rnk",85.2113
"45019002104","tract",2023,"food_state_rnk",94.2097
"45019002105","tract",2023,"food_state_rnk",97.9656
"45019002106","tract",2023,"food_state_rnk",23.1612
"45019002107","tract",2023,"food_state_rnk",93.3881
"45019002108","tract",2023,"food_state_rnk",89.4757
"45019002200","tract",2023,"food_state_rnk",47.1831
"45019002300","tract",2023,"food_state_rnk",55.2426
"45019002401","tract",2023,"food_state_rnk",70.3052
"45019002402","tract",2023,"food_state_rnk",41.784
"45019002503","tract",2023,"food_state_rnk",31.7684
"45019002504","tract",2023,"food_state_rnk",84.5853
"45019002604","tract",2023,"food_state_rnk",72.7308
"45019002605","tract",2023,"food_state_rnk",71.7527
"45019002606","tract",2023,"food_state_rnk",94.2879
"45019002611","tract",2023,"food_state_rnk",61.0329
"45019002612","tract",2023,"food_state_rnk",62.2457
"45019002613","tract",2023,"food_state_rnk",45.1878
"45019002614","tract",2023,"food_state_rnk",56.5728
"45019002701","tract",2023,"food_state_rnk",16.1972
"45019002702","tract",2023,"food_state_rnk",45.3052
"45019002801","tract",2023,"food_state_rnk",96.6354
"45019002802","tract",2023,"food_state_rnk",91.1581
"45019002900","tract",2023,"food_state_rnk",92.8013
"45019003000","tract",2023,"food_state_rnk",95.9311
"45019003104","tract",2023,"food_state_rnk",13.302
"45019003105","tract",2023,"food_state_rnk",43.4272
"45019003106","tract",2023,"food_state_rnk",38.7324
"45019003107","tract",2023,"food_state_rnk",53.7559
"45019003108","tract",2023,"food_state_rnk",51.1737
"45019003109","tract",2023,"food_state_rnk",67.2926
"45019003110","tract",2023,"food_state_rnk",52.6604
"45019003111","tract",2023,"food_state_rnk",66.5102
"45019003113","tract",2023,"food_state_rnk",51.8388
"45019003115","tract",2023,"food_state_rnk",34.82
"45019003116","tract",2023,"food_state_rnk",20.0313
"45019003117","tract",2023,"food_state_rnk",72.8482
"45019003200","tract",2023,"food_state_rnk",78.795
"45019003300","tract",2023,"food_state_rnk",8.9202
"45019003400","tract",2023,"food_state_rnk",11.3459
"45019003500","tract",2023,"food_state_rnk",76.1346
"45019003600","tract",2023,"food_state_rnk",80.2817
"45019003700","tract",2023,"food_state_rnk",9.0376
"45019003800","tract",2023,"food_state_rnk",5.0861
"45019003900","tract",2023,"food_state_rnk",NA
"45019004000","tract",2023,"food_state_rnk",17.2926
"45019004300","tract",2023,"food_state_rnk",29.108
"45019004400","tract",2023,"food_state_rnk",4.3036
"45019004607","tract",2023,"food_state_rnk",98.7872
"45019004609","tract",2023,"food_state_rnk",79.108
"45019004610","tract",2023,"food_state_rnk",96.4789
"45019004612","tract",2023,"food_state_rnk",92.3318
"45019004613","tract",2023,"food_state_rnk",95.7746
"45019004614","tract",2023,"food_state_rnk",99.2175
"45019004615","tract",2023,"food_state_rnk",98.9828
"45019004616","tract",2023,"food_state_rnk",92.5665
"45019004617","tract",2023,"food_state_rnk",99.9218
"45019004618","tract",2023,"food_state_rnk",92.0188
"45019004619","tract",2023,"food_state_rnk",96.0094
"45019004620","tract",2023,"food_state_rnk",98.2786
"45019004621","tract",2023,"food_state_rnk",98.5133
"45019004622","tract",2023,"food_state_rnk",88.4194
"45019004701","tract",2023,"food_state_rnk",97.4961
"45019004702","tract",2023,"food_state_rnk",80.0078
"45019004800","tract",2023,"food_state_rnk",97.3005
"45019004901","tract",2023,"food_state_rnk",72.144
"45019004902","tract",2023,"food_state_rnk",97.3005
"45019005001","tract",2023,"food_state_rnk",86.7762
"45019005002","tract",2023,"food_state_rnk",37.5587
"45019005100","tract",2023,"food_state_rnk",54.9296
"45019005300","tract",2023,"food_state_rnk",21.831
"45019005400","tract",2023,"food_state_rnk",0.626
"45019005500","tract",2023,"food_state_rnk",7.903
"45019005601","tract",2023,"food_state_rnk",98.5915
"45019005602","tract",2023,"food_state_rnk",65.1017
"45019005701","tract",2023,"food_state_rnk",96.5571
"45019005702","tract",2023,"food_state_rnk",90.1017
"45019005800","tract",2023,"food_state_rnk",84.2723
"45019005900","tract",2023,"food_state_rnk",NA
"45019990100","tract",2023,"food_state_rnk",NA
"45021970101","tract",2023,"food_state_rnk",63.7715
"45021970102","tract",2023,"food_state_rnk",49.1393
"45021970201","tract",2023,"food_state_rnk",48.5133
"45021970203","tract",2023,"food_state_rnk",22.3396
"45021970204","tract",2023,"food_state_rnk",80.9859
"45021970301","tract",2023,"food_state_rnk",57.59
"45021970302","tract",2023,"food_state_rnk",2.5039
"45021970401","tract",2023,"food_state_rnk",50.313
"45021970403","tract",2023,"food_state_rnk",65.2973
"45021970404","tract",2023,"food_state_rnk",34.3897
"45021970501","tract",2023,"food_state_rnk",22.3396
"45021970502","tract",2023,"food_state_rnk",3.9124
"45021970503","tract",2023,"food_state_rnk",21.9875
"45021970601","tract",2023,"food_state_rnk",59.1549
"45021970602","tract",2023,"food_state_rnk",58.6072
"45021970700","tract",2023,"food_state_rnk",40.9233
"45023020100","tract",2023,"food_state_rnk",12.7152
"45023020200","tract",2023,"food_state_rnk",47.8091
"45023020300","tract",2023,"food_state_rnk",6.4163
"45023020400","tract",2023,"food_state_rnk",55.6338
"45023020500","tract",2023,"food_state_rnk",27.6995
"45023020601","tract",2023,"food_state_rnk",65.5712
"45023020602","tract",2023,"food_state_rnk",55.0861
"45023020700","tract",2023,"food_state_rnk",15.5712
"45023020800","tract",2023,"food_state_rnk",41.1581
"45023020900","tract",2023,"food_state_rnk",28.0125
"45023021000","tract",2023,"food_state_rnk",17.6056
"45025950101","tract",2023,"food_state_rnk",39.2019
"45025950102","tract",2023,"food_state_rnk",3.0516
"45025950200","tract",2023,"food_state_rnk",51.6041
"45025950300","tract",2023,"food_state_rnk",28.482
"45025950401","tract",2023,"food_state_rnk",36.1502
"45025950402","tract",2023,"food_state_rnk",29.2254
"45025950501","tract",2023,"food_state_rnk",10.6416
"45025950503","tract",2023,"food_state_rnk",5.5556
"45025950504","tract",2023,"food_state_rnk",13.0673
"45025950601","tract",2023,"food_state_rnk",16.7449
"45025950602","tract",2023,"food_state_rnk",12.1283
"45025950701","tract",2023,"food_state_rnk",38.3803
"45025950702","tract",2023,"food_state_rnk",44.8357
"45025950800","tract",2023,"food_state_rnk",50.1565
"45027960100","tract",2023,"food_state_rnk",34.2723
"45027960201","tract",2023,"food_state_rnk",10.1721
"45027960300","tract",2023,"food_state_rnk",14.554
"45027960400","tract",2023,"food_state_rnk",33.8811
"45027960500","tract",2023,"food_state_rnk",22.457
"45027960600","tract",2023,"food_state_rnk",43.7402
"45027960701","tract",2023,"food_state_rnk",24.4914
"45027960702","tract",2023,"food_state_rnk",24.6479
"45027960703","tract",2023,"food_state_rnk",43.662
"45027960801","tract",2023,"food_state_rnk",17.8404
"45027960802","tract",2023,"food_state_rnk",38.5759
"45027980000","tract",2023,"food_state_rnk",NA
"45029970100","tract",2023,"food_state_rnk",22.5352
"45029970200","tract",2023,"food_state_rnk",41.3146
"45029970301","tract",2023,"food_state_rnk",5.4773
"45029970302","tract",2023,"food_state_rnk",1.0955
"45029970401","tract",2023,"food_state_rnk",40.7668
"45029970402","tract",2023,"food_state_rnk",27.856
"45029970501","tract",2023,"food_state_rnk",0.939
"45029970502","tract",2023,"food_state_rnk",17.7621
"45029970601","tract",2023,"food_state_rnk",8.6854
"45029970602","tract",2023,"food_state_rnk",25.2739
"45029970701","tract",2023,"food_state_rnk",28.6385
"45029970702","tract",2023,"food_state_rnk",12.5196
"45029970800","tract",2023,"food_state_rnk",38.0282
"45029990100","tract",2023,"food_state_rnk",NA
"45031010100","tract",2023,"food_state_rnk",21.7527
"45031010200","tract",2023,"food_state_rnk",23.3177
"45031010300","tract",2023,"food_state_rnk",28.5603
"45031010400","tract",2023,"food_state_rnk",64.9061
"45031010500","tract",2023,"food_state_rnk",29.3427
"45031010600","tract",2023,"food_state_rnk",7.5117
"45031010700","tract",2023,"food_state_rnk",2.3474
"45031010800","tract",2023,"food_state_rnk",26.6041
"45031010901","tract",2023,"food_state_rnk",48.1221
"45031010902","tract",2023,"food_state_rnk",52.5822
"45031011000","tract",2023,"food_state_rnk",19.7574
"45031011100","tract",2023,"food_state_rnk",10.7199
"45031011201","tract",2023,"food_state_rnk",14.7105
"45031011202","tract",2023,"food_state_rnk",4.6166
"45031011301","tract",2023,"food_state_rnk",2.9734
"45031011302","tract",2023,"food_state_rnk",57.1205
"45031011400","tract",2023,"food_state_rnk",9.1549
"45031011500","tract",2023,"food_state_rnk",14.3192
"45031011600","tract",2023,"food_state_rnk",13.928
"45033970100","tract",2023,"food_state_rnk",28.8732
"45033970200","tract",2023,"food_state_rnk",9.3897
"45033970301","tract",2023,"food_state_rnk",7.59
"45033970302","tract",2023,"food_state_rnk",15.3365
"45033970401","tract",2023,"food_state_rnk",5.9468
"45033970402","tract",2023,"food_state_rnk",13.7715
"45033970500","tract",2023,"food_state_rnk",16.5884
"45033970601","tract",2023,"food_state_rnk",36.8545
"45033970602","tract",2023,"food_state_rnk",8.3725
"45035010100","tract",2023,"food_state_rnk",22.8482
"45035010200","tract",2023,"food_state_rnk",25.5086
"45035010301","tract",2023,"food_state_rnk",61.7371
"45035010302","tract",2023,"food_state_rnk",53.4429
"45035010400","tract",2023,"food_state_rnk",46.2833
"45035010501","tract",2023,"food_state_rnk",62.7543
"45035010503","tract",2023,"food_state_rnk",91.9405
"45035010505","tract",2023,"food_state_rnk",75.9781
"45035010506","tract",2023,"food_state_rnk",55.4773
"45035010507","tract",2023,"food_state_rnk",69.2879
"45035010508","tract",2023,"food_state_rnk",88.0282
"45035010603","tract",2023,"food_state_rnk",64.7105
"45035010604","tract",2023,"food_state_rnk",51.7214
"45035010606","tract",2023,"food_state_rnk",60.133
"45035010607","tract",2023,"food_state_rnk",24.9609
"45035010608","tract",2023,"food_state_rnk",39.2801
"45035010700","tract",2023,"food_state_rnk",31.6901
"45035010801","tract",2023,"food_state_rnk",95.0704
"45035010807","tract",2023,"food_state_rnk",57.1987
"45035010808","tract",2023,"food_state_rnk",53.5994
"45035010809","tract",2023,"food_state_rnk",74.3349
"45035010813","tract",2023,"food_state_rnk",24.8044
"45035010814","tract",2023,"food_state_rnk",74.4131
"45035010815","tract",2023,"food_state_rnk",18.3099
"45035010817","tract",2023,"food_state_rnk",76.2911
"45035010818","tract",2023,"food_state_rnk",18.3881
"45035010819","tract",2023,"food_state_rnk",81.4554
"45035010820","tract",2023,"food_state_rnk",57.0423
"45035010821","tract",2023,"food_state_rnk",63.0673
"45035010822","tract",2023,"food_state_rnk",50.7042
"45035010823","tract",2023,"food_state_rnk",53.1299
"45037970201","tract",2023,"food_state_rnk",74.2567
"45037970203","tract",2023,"food_state_rnk",44.4444
"45037970204","tract",2023,"food_state_rnk",NA
"45037970300","tract",2023,"food_state_rnk",25.0391
"45037970400","tract",2023,"food_state_rnk",73.748
"45037970501","tract",2023,"food_state_rnk",42.097
"45037970502","tract",2023,"food_state_rnk",66.3537
"45039960100","tract",2023,"food_state_rnk",24.3349
"45039960200","tract",2023,"food_state_rnk",20.4225
"45039960301","tract",2023,"food_state_rnk",51.8388
"45039960302","tract",2023,"food_state_rnk",35.9937
"45039960401","tract",2023,"food_state_rnk",1.7997
"45039960402","tract",2023,"food_state_rnk",11.2676
"45039960501","tract",2023,"food_state_rnk",49.374
"45039960502","tract",2023,"food_state_rnk",31.338
"45041000101","tract",2023,"food_state_rnk",96.8701
"45041000102","tract",2023,"food_state_rnk",86.5415
"45041000201","tract",2023,"food_state_rnk",58.9593
"45041000202","tract",2023,"food_state_rnk",45.7746
"45041000300","tract",2023,"food_state_rnk",49.5305
"45041000400","tract",2023,"food_state_rnk",29.5383
"45041000501","tract",2023,"food_state_rnk",NA
"45041000502","tract",2023,"food_state_rnk",19.1706
"45041000600","tract",2023,"food_state_rnk",62.9108
"45041000700","tract",2023,"food_state_rnk",0.1565
"45041000800","tract",2023,"food_state_rnk",19.0141
"45041000900","tract",2023,"food_state_rnk",0.3912
"45041001000","tract",2023,"food_state_rnk",30.2034
"45041001100","tract",2023,"food_state_rnk",20.8138
"45041001200","tract",2023,"food_state_rnk",94.7574
"45041001300","tract",2023,"food_state_rnk",28.7167
"45041001400","tract",2023,"food_state_rnk",89.9061
"45041001503","tract",2023,"food_state_rnk",76.9171
"45041001504","tract",2023,"food_state_rnk",68.5837
"45041001505","tract",2023,"food_state_rnk",38.6541
"45041001506","tract",2023,"food_state_rnk",55.0078
"45041001601","tract",2023,"food_state_rnk",37.8717
"45041001602","tract",2023,"food_state_rnk",46.9484
"45041001700","tract",2023,"food_state_rnk",37.6369
"45041001800","tract",2023,"food_state_rnk",27.6213
"45041001901","tract",2023,"food_state_rnk",36.4241
"45041001902","tract",2023,"food_state_rnk",7.4335
"45041002000","tract",2023,"food_state_rnk",12.989
"45041002202","tract",2023,"food_state_rnk",35.8372
"45041002203","tract",2023,"food_state_rnk",43.975
"45041002204","tract",2023,"food_state_rnk",1.7214
"45041002300","tract",2023,"food_state_rnk",50.2347
"45041002400","tract",2023,"food_state_rnk",45.1878
"45041002500","tract",2023,"food_state_rnk",24.5696
"45041002600","tract",2023,"food_state_rnk",23.4351
"45041980100","tract",2023,"food_state_rnk",NA
"45043920100","tract",2023,"food_state_rnk",14.3975
"45043920202","tract",2023,"food_state_rnk",2.8951
"45043920203","tract",2023,"food_state_rnk",40.2191
"45043920204","tract",2023,"food_state_rnk",0.8607
"45043920301","tract",2023,"food_state_rnk",67.2144
"45043920302","tract",2023,"food_state_rnk",74.1002
"45043920400","tract",2023,"food_state_rnk",30.2817
"45043920502","tract",2023,"food_state_rnk",78.2864
"45043920504","tract",2023,"food_state_rnk",75.1565
"45043920506","tract",2023,"food_state_rnk",98.0829
"45043920507","tract",2023,"food_state_rnk",48.7089
"45043920508","tract",2023,"food_state_rnk",78.0125
"45043920509","tract",2023,"food_state_rnk",80.3599
"45043920510","tract",2023,"food_state_rnk",66.4319
"45043920511","tract",2023,"food_state_rnk",88.7715
"45043920601","tract",2023,"food_state_rnk",29.421
"45043920602","tract",2023,"food_state_rnk",49.2175
"45043920701","tract",2023,"food_state_rnk",26.0172
"45043920702","tract",2023,"food_state_rnk",64.7887
"45043920800","tract",2023,"food_state_rnk",9.4679
"45043990100","tract",2023,"food_state_rnk",NA
"45045000100","tract",2023,"food_state_rnk",NA
"45045000200","tract",2023,"food_state_rnk",84.8592
"45045000400","tract",2023,"food_state_rnk",85.9155
"45045000500","tract",2023,"food_state_rnk",10.2504
"45045000700","tract",2023,"food_state_rnk",19.8748
"45045000800","tract",2023,"food_state_rnk",7.1205
"45045000900","tract",2023,"food_state_rnk",22.2222
"45045001000","tract",2023,"food_state_rnk",51.9562
"45045001101","tract",2023,"food_state_rnk",77.3083
"45045001102","tract",2023,"food_state_rnk",83.5681
"45045001203","tract",2023,"food_state_rnk",NA
"45045001204","tract",2023,"food_state_rnk",49.6479
"45045001205","tract",2023,"food_state_rnk",22.144
"45045001302","tract",2023,"food_state_rnk",63.615
"45045001400","tract",2023,"food_state_rnk",71.518
"45045001501","tract",2023,"food_state_rnk",94.4444
"45045001502","tract",2023,"food_state_rnk",4.4601
"45045001600","tract",2023,"food_state_rnk",56.4163
"45045001700","tract",2023,"food_state_rnk",35.0548
"45045001803","tract",2023,"food_state_rnk",56.2598
"45045001804","tract",2023,"food_state_rnk",71.9092
"45045001805","tract",2023,"food_state_rnk",81.8858
"45045001807","tract",2023,"food_state_rnk",94.8748
"45045001808","tract",2023,"food_state_rnk",83.2551
"45045001809","tract",2023,"food_state_rnk",58.4507
"45045001810","tract",2023,"food_state_rnk",46.0094
"45045001900","tract",2023,"food_state_rnk",67.723
"45045002001","tract",2023,"food_state_rnk",6.1815
"45045002003","tract",2023,"food_state_rnk",30.5947
"45045002005","tract",2023,"food_state_rnk",39.5149
"45045002103","tract",2023,"food_state_rnk",88.1064
"45045002104","tract",2023,"food_state_rnk",18.4664
"45045002105","tract",2023,"food_state_rnk",9.3114
"45045002106","tract",2023,"food_state_rnk",6.5728
"45045002107","tract",2023,"food_state_rnk",17.9577
"45045002108","tract",2023,"food_state_rnk",44.2097
"45045002202","tract",2023,"food_state_rnk",19.4053
"45045002203","tract",2023,"food_state_rnk",1.5649
"45045002204","tract",2023,"food_state_rnk",11.6588
"45045002301","tract",2023,"food_state_rnk",71.1268
"45045002302","tract",2023,"food_state_rnk",62.5196
"45045002303","tract",2023,"food_state_rnk",28.0908
"45045002304","tract",2023,"food_state_rnk",30.3991
"45045002403","tract",2023,"food_state_rnk",87.1674
"45045002404","tract",2023,"food_state_rnk",95.6964
"45045002405","tract",2023,"food_state_rnk",93.662
"45045002406","tract",2023,"food_state_rnk",58.529
"45045002503","tract",2023,"food_state_rnk",98.3568
"45045002504","tract",2023,"food_state_rnk",41.8623
"45045002505","tract",2023,"food_state_rnk",15.493
"45045002506","tract",2023,"food_state_rnk",79.0297
"45045002507","tract",2023,"food_state_rnk",56.8075
"45045002602","tract",2023,"food_state_rnk",64.6322
"45045002604","tract",2023,"food_state_rnk",49.6479
"45045002606","tract",2023,"food_state_rnk",69.2879
"45045002609","tract",2023,"food_state_rnk",82.5509
"45045002610","tract",2023,"food_state_rnk",50.4695
"45045002611","tract",2023,"food_state_rnk",65.2973
"45045002612","tract",2023,"food_state_rnk",85.0548
"45045002613","tract",2023,"food_state_rnk",92.6839
"45045002701","tract",2023,"food_state_rnk",83.6463
"45045002703","tract",2023,"food_state_rnk",75.1565
"45045002704","tract",2023,"food_state_rnk",75.626
"45045002804","tract",2023,"food_state_rnk",91.8232
"45045002805","tract",2023,"food_state_rnk",94.8748
"45045002811","tract",2023,"food_state_rnk",81.0642
"45045002812","tract",2023,"food_state_rnk",77.23
"45045002813","tract",2023,"food_state_rnk",98.2003
"45045002814","tract",2023,"food_state_rnk",97.8873
"45045002815","tract",2023,"food_state_rnk",99.061
"45045002817","tract",2023,"food_state_rnk",80.0078
"45045002818","tract",2023,"food_state_rnk",90.8451
"45045002819","tract",2023,"food_state_rnk",90.6103
"45045002820","tract",2023,"food_state_rnk",75.2739
"45045002821","tract",2023,"food_state_rnk",88.4977
"45045002822","tract",2023,"food_state_rnk",88.9671
"45045002901","tract",2023,"food_state_rnk",65.7277
"45045002903","tract",2023,"food_state_rnk",83.0595
"45045002904","tract",2023,"food_state_rnk",69.4053
"45045002905","tract",2023,"food_state_rnk",61.5806
"45045003005","tract",2023,"food_state_rnk",70.4225
"45045003008","tract",2023,"food_state_rnk",97.6135
"45045003009","tract",2023,"food_state_rnk",82.0814
"45045003010","tract",2023,"food_state_rnk",92.9969
"45045003011","tract",2023,"food_state_rnk",93.8967
"45045003012","tract",2023,"food_state_rnk",77.6213
"45045003013","tract",2023,"food_state_rnk",68.2707
"45045003014","tract",2023,"food_state_rnk",87.7152
"45045003016","tract",2023,"food_state_rnk",82.3944
"45045003017","tract",2023,"food_state_rnk",88.6541
"45045003101","tract",2023,"food_state_rnk",54.4601
"45045003103","tract",2023,"food_state_rnk",48.9045
"45045003104","tract",2023,"food_state_rnk",71.3615
"45045003202","tract",2023,"food_state_rnk",55.7903
"45045003203","tract",2023,"food_state_rnk",87.3631
"45045003204","tract",2023,"food_state_rnk",66.2754
"45045003301","tract",2023,"food_state_rnk",49.8435
"45045003303","tract",2023,"food_state_rnk",48.3959
"45045003304","tract",2023,"food_state_rnk",77.7778
"45045003401","tract",2023,"food_state_rnk",5.8685
"45045003500","tract",2023,"food_state_rnk",18.0751
"45045003601","tract",2023,"food_state_rnk",44.5227
"45045003602","tract",2023,"food_state_rnk",17.5274
"45045003701","tract",2023,"food_state_rnk",83.3725
"45045003704","tract",2023,"food_state_rnk",13.3803
"45045003705","tract",2023,"food_state_rnk",31.0642
"45045003706","tract",2023,"food_state_rnk",13.1455
"45045003707","tract",2023,"food_state_rnk",49.9218
"45045003802","tract",2023,"food_state_rnk",56.651
"45045003803","tract",2023,"food_state_rnk",NA
"45045003804","tract",2023,"food_state_rnk",47.2613
"45045003902","tract",2023,"food_state_rnk",84.1158
"45045003903","tract",2023,"food_state_rnk",70.3052
"45045003905","tract",2023,"food_state_rnk",64.241
"45045003906","tract",2023,"food_state_rnk",15.6495
"45045004001","tract",2023,"food_state_rnk",51.4476
"45045004003","tract",2023,"food_state_rnk",NA
"45045004004","tract",2023,"food_state_rnk",84.1941
"45045004101","tract",2023,"food_state_rnk",32.3161
"45045004102","tract",2023,"food_state_rnk",81.2207
"45045004200","tract",2023,"food_state_rnk",73.0047
"45045004300","tract",2023,"food_state_rnk",8.1377
"45045004400","tract",2023,"food_state_rnk",11.1894
"45047970101","tract",2023,"food_state_rnk",54.0689
"45047970102","tract",2023,"food_state_rnk",22.6135
"45047970201","tract",2023,"food_state_rnk",56.1815
"45047970202","tract",2023,"food_state_rnk",38.9671
"45047970301","tract",2023,"food_state_rnk",78.7167
"45047970303","tract",2023,"food_state_rnk",81.7684
"45047970304","tract",2023,"food_state_rnk",67.4491
"45047970401","tract",2023,"food_state_rnk",3.8341
"45047970402","tract",2023,"food_state_rnk",81.2989
"45047970500","tract",2023,"food_state_rnk",1.8779
"45047970601","tract",2023,"food_state_rnk",69.0923
"45047970602","tract",2023,"food_state_rnk",36.7762
"45047970701","tract",2023,"food_state_rnk",51.0955
"45047970702","tract",2023,"food_state_rnk",43.8185
"45047970801","tract",2023,"food_state_rnk",15.7277
"45047970802","tract",2023,"food_state_rnk",4.5383
"45047970900","tract",2023,"food_state_rnk",47.1049
"45047971000","tract",2023,"food_state_rnk",48.7089
"45049920100","tract",2023,"food_state_rnk",27.23
"45049920201","tract",2023,"food_state_rnk",7.7074
"45049920202","tract",2023,"food_state_rnk",32.0814
"45049920300","tract",2023,"food_state_rnk",18.9358
"45049920401","tract",2023,"food_state_rnk",33.0986
"45049920402","tract",2023,"food_state_rnk",17.9577
"45049920500","tract",2023,"food_state_rnk",28.169
"45051010100","tract",2023,"food_state_rnk",11.4241
"45051020100","tract",2023,"food_state_rnk",18.2316
"45051020201","tract",2023,"food_state_rnk",35.6808
"45051020202","tract",2023,"food_state_rnk",19.7574
"45051020301","tract",2023,"food_state_rnk",38.1064
"45051020302","tract",2023,"food_state_rnk",60.4069
"45051030102","tract",2023,"food_state_rnk",35.2113
"45051030104","tract",2023,"food_state_rnk",67.1362
"45051040101","tract",2023,"food_state_rnk",92.9969
"45051040102","tract",2023,"food_state_rnk",78.5603
"45051040103","tract",2023,"food_state_rnk",86.3067
"45051040104","tract",2023,"food_state_rnk",86.385
"45051040105","tract",2023,"food_state_rnk",72.3005
"45051040200","tract",2023,"food_state_rnk",85.4851
"45051040300","tract",2023,"food_state_rnk",93.2707
"45051040400","tract",2023,"food_state_rnk",77.4648
"45051040500","tract",2023,"food_state_rnk",75.8216
"45051050102","tract",2023,"food_state_rnk",89.5931
"45051050200","tract",2023,"food_state_rnk",95.4617
"45051050303","tract",2023,"food_state_rnk",94.0532
"45051050401","tract",2023,"food_state_rnk",48.5915
"45051050402","tract",2023,"food_state_rnk",82.2379
"45051050500","tract",2023,"food_state_rnk",47.5743
"45051050600","tract",2023,"food_state_rnk",14.6322
"45051050700","tract",2023,"food_state_rnk",7.0423
"45051050901","tract",2023,"food_state_rnk",63.1455
"45051050902","tract",2023,"food_state_rnk",54.8122
"45051051000","tract",2023,"food_state_rnk",99.5305
"45051051201","tract",2023,"food_state_rnk",84.507
"45051051202","tract",2023,"food_state_rnk",10.5634
"45051051301","tract",2023,"food_state_rnk",21.518
"45051051302","tract",2023,"food_state_rnk",91.0798
"45051051403","tract",2023,"food_state_rnk",96.7527
"45051051404","tract",2023,"food_state_rnk",56.4163
"45051051405","tract",2023,"food_state_rnk",60.133
"45051051406","tract",2023,"food_state_rnk",81.5336
"45051051501","tract",2023,"food_state_rnk",47.3396
"45051051502","tract",2023,"food_state_rnk",71.4397
"45051051503","tract",2023,"food_state_rnk",30.1252
"45051051603","tract",2023,"food_state_rnk",76.5649
"45051051605","tract",2023,"food_state_rnk",98.4351
"45051051606","tract",2023,"food_state_rnk",90.6886
"45051051607","tract",2023,"food_state_rnk",82.5509
"45051051608","tract",2023,"food_state_rnk",99.8435
"45051051609","tract",2023,"food_state_rnk",94.1315
"45051051700","tract",2023,"food_state_rnk",93.1925
"45051060101","tract",2023,"food_state_rnk",NA
"45051060102","tract",2023,"food_state_rnk",45.6573
"45051060203","tract",2023,"food_state_rnk",64.1628
"45051060204","tract",2023,"food_state_rnk",93.3881
"45051060206","tract",2023,"food_state_rnk",84.3505
"45051060207","tract",2023,"food_state_rnk",41.6275
"45051060209","tract",2023,"food_state_rnk",95.0704
"45051060210","tract",2023,"food_state_rnk",91.0016
"45051060211","tract",2023,"food_state_rnk",72.6135
"45051060301","tract",2023,"food_state_rnk",57.5117
"45051060303","tract",2023,"food_state_rnk",95.8529
"45051060309","tract",2023,"food_state_rnk",83.7246
"45051060310","tract",2023,"food_state_rnk",97.7308
"45051060403","tract",2023,"food_state_rnk",39.6714
"45051060404","tract",2023,"food_state_rnk",60.7981
"45051060405","tract",2023,"food_state_rnk",56.025
"45051060406","tract",2023,"food_state_rnk",60.2504
"45051070101","tract",2023,"food_state_rnk",40.4147
"45051070102","tract",2023,"food_state_rnk",74.9609
"45051070200","tract",2023,"food_state_rnk",52.4257
"45051070300","tract",2023,"food_state_rnk",38.1847
"45051070400","tract",2023,"food_state_rnk",32.59
"45051070500","tract",2023,"food_state_rnk",22.6917
"45051070601","tract",2023,"food_state_rnk",64.554
"45051070602","tract",2023,"food_state_rnk",41.7058
"45051070701","tract",2023,"food_state_rnk",76.9171
"45051070702","tract",2023,"food_state_rnk",47.6526
"45051080101","tract",2023,"food_state_rnk",66.0016
"45051080102","tract",2023,"food_state_rnk",75.0391
"45051080200","tract",2023,"food_state_rnk",40.1408
"45051980100","tract",2023,"food_state_rnk",87.4804
"45051990100","tract",2023,"food_state_rnk",NA
"45053950100","tract",2023,"food_state_rnk",29.2254
"45053950201","tract",2023,"food_state_rnk",66.6667
"45053950203","tract",2023,"food_state_rnk",33.9593
"45053950204","tract",2023,"food_state_rnk",5.1643
"45053950301","tract",2023,"food_state_rnk",63.2238
"45053950302","tract",2023,"food_state_rnk",35.3678
"45053990100","tract",2023,"food_state_rnk",NA
"45055970100","tract",2023,"food_state_rnk",19.9531
"45055970200","tract",2023,"food_state_rnk",23.4351
"45055970300","tract",2023,"food_state_rnk",65.6495
"45055970401","tract",2023,"food_state_rnk",58.3725
"45055970402","tract",2023,"food_state_rnk",24.1784
"45055970403","tract",2023,"food_state_rnk",77.543
"45055970500","tract",2023,"food_state_rnk",38.3803
"45055970601","tract",2023,"food_state_rnk",36.6197
"45055970603","tract",2023,"food_state_rnk",28.9515
"45055970604","tract",2023,"food_state_rnk",32.1596
"45055970700","tract",2023,"food_state_rnk",2.2692
"45055970800","tract",2023,"food_state_rnk",30.8294
"45055970902","tract",2023,"food_state_rnk",65.8451
"45055970905","tract",2023,"food_state_rnk",79.8513
"45055970906","tract",2023,"food_state_rnk",60.4851
"45055970907","tract",2023,"food_state_rnk",59.6244
"45055970908","tract",2023,"food_state_rnk",83.9593
"45055970909","tract",2023,"food_state_rnk",70.8138
"45057010100","tract",2023,"food_state_rnk",69.9922
"45057010201","tract",2023,"food_state_rnk",NA
"45057010202","tract",2023,"food_state_rnk",24.1002
"45057010300","tract",2023,"food_state_rnk",73.3568
"45057010400","tract",2023,"food_state_rnk",83.4898
"45057010500","tract",2023,"food_state_rnk",4.2254
"45057010600","tract",2023,"food_state_rnk",24.7261
"45057010700","tract",2023,"food_state_rnk",3.4429
"45057010800","tract",2023,"food_state_rnk",38.4977
"45057010900","tract",2023,"food_state_rnk",54.8122
"45057011001","tract",2023,"food_state_rnk",50.8607
"45057011002","tract",2023,"food_state_rnk",36.4241
"45057011100","tract",2023,"food_state_rnk",48.9828
"45057011203","tract",2023,"food_state_rnk",89.4757
"45057011204","tract",2023,"food_state_rnk",89.1236
"45057011205","tract",2023,"food_state_rnk",95.266
"45057011206","tract",2023,"food_state_rnk",58.2942
"45057011207","tract",2023,"food_state_rnk",96.4006
"45057011208","tract",2023,"food_state_rnk",97.4178
"45057011209","tract",2023,"food_state_rnk",86.9327
"45057011210","tract",2023,"food_state_rnk",96.9484
"45057011211","tract",2023,"food_state_rnk",64.3975
"45059920102","tract",2023,"food_state_rnk",26.6823
"45059920104","tract",2023,"food_state_rnk",43.0751
"45059920105","tract",2023,"food_state_rnk",39.1236
"45059920106","tract",2023,"food_state_rnk",26.4476
"45059920107","tract",2023,"food_state_rnk",18.8576
"45059920108","tract",2023,"food_state_rnk",29.8122
"45059920201","tract",2023,"food_state_rnk",34.6635
"45059920202","tract",2023,"food_state_rnk",33.6463
"45059920301","tract",2023,"food_state_rnk",42.6448
"45059920302","tract",2023,"food_state_rnk",16.1189
"45059920400","tract",2023,"food_state_rnk",28.2473
"45059920501","tract",2023,"food_state_rnk",75.5086
"45059920503","tract",2023,"food_state_rnk",1.0172
"45059920504","tract",2023,"food_state_rnk",9.6635
"45059920600","tract",2023,"food_state_rnk",23.5524
"45059920700","tract",2023,"food_state_rnk",7.1987
"45059920800","tract",2023,"food_state_rnk",26.3693
"45059920900","tract",2023,"food_state_rnk",46.4006
"45059921001","tract",2023,"food_state_rnk",25.4304
"45059921002","tract",2023,"food_state_rnk",33.7246
"45061920100","tract",2023,"food_state_rnk",72.5352
"45061920201","tract",2023,"food_state_rnk",10.0939
"45061920202","tract",2023,"food_state_rnk",23.748
"45061920301","tract",2023,"food_state_rnk",NA
"45061920302","tract",2023,"food_state_rnk",6.2598
"45061920401","tract",2023,"food_state_rnk",21.5962
"45061920402","tract",2023,"food_state_rnk",16.9797
"45061920500","tract",2023,"food_state_rnk",18.7793
"45061920600","tract",2023,"food_state_rnk",12.7152
"45063020100","tract",2023,"food_state_rnk",20.3443
"45063020201","tract",2023,"food_state_rnk",89.6714
"45063020202","tract",2023,"food_state_rnk",21.205
"45063020300","tract",2023,"food_state_rnk",41.5102
"45063020505","tract",2023,"food_state_rnk",32.9421
"45063020506","tract",2023,"food_state_rnk",89.3584
"45063020508","tract",2023,"food_state_rnk",90.2582
"45063020509","tract",2023,"food_state_rnk",63.4585
"45063020510","tract",2023,"food_state_rnk",33.8028
"45063020511","tract",2023,"food_state_rnk",43.8967
"45063020512","tract",2023,"food_state_rnk",87.5587
"45063020513","tract",2023,"food_state_rnk",37.4804
"45063020601","tract",2023,"food_state_rnk",37.7934
"45063020602","tract",2023,"food_state_rnk",41.0798
"45063020604","tract",2023,"food_state_rnk",52.7387
"45063020605","tract",2023,"food_state_rnk",60.0156
"45063020703","tract",2023,"food_state_rnk",41.0016
"45063020705","tract",2023,"food_state_rnk",9.9374
"45063020706","tract",2023,"food_state_rnk",22.9656
"45063020707","tract",2023,"food_state_rnk",22.0657
"45063020708","tract",2023,"food_state_rnk",26.2128
"45063020801","tract",2023,"food_state_rnk",10.0156
"45063020802","tract",2023,"food_state_rnk",39.867
"45063020803","tract",2023,"food_state_rnk",21.4397
"45063020804","tract",2023,"food_state_rnk",13.5368
"45063020806","tract",2023,"food_state_rnk",21.2833
"45063020807","tract",2023,"food_state_rnk",3.9906
"45063020904","tract",2023,"food_state_rnk",44.6792
"45063020905","tract",2023,"food_state_rnk",33.3725
"45063020906","tract",2023,"food_state_rnk",50.9781
"45063020908","tract",2023,"food_state_rnk",76.5649
"45063020909","tract",2023,"food_state_rnk",11.8153
"45063020910","tract",2023,"food_state_rnk",11.5023
"45063020911","tract",2023,"food_state_rnk",32.3944
"45063020912","tract",2023,"food_state_rnk",27.0736
"45063020913","tract",2023,"food_state_rnk",56.7293
"45063021019","tract",2023,"food_state_rnk",73.3568
"45063021020","tract",2023,"food_state_rnk",66.0016
"45063021021","tract",2023,"food_state_rnk",82.7074
"45063021023","tract",2023,"food_state_rnk",86.6588
"45063021025","tract",2023,"food_state_rnk",88.5759
"45063021028","tract",2023,"food_state_rnk",70.9311
"45063021029","tract",2023,"food_state_rnk",24.0219
"45063021030","tract",2023,"food_state_rnk",86.8545
"45063021031","tract",2023,"food_state_rnk",61.2676
"45063021032","tract",2023,"food_state_rnk",89.2019
"45063021033","tract",2023,"food_state_rnk",64.0845
"45063021034","tract",2023,"food_state_rnk",33.0203
"45063021035","tract",2023,"food_state_rnk",23.9437
"45063021036","tract",2023,"food_state_rnk",50.9781
"45063021037","tract",2023,"food_state_rnk",74.7261
"45063021038","tract",2023,"food_state_rnk",79.5775
"45063021039","tract",2023,"food_state_rnk",87.0892
"45063021040","tract",2023,"food_state_rnk",89.8279
"45063021041","tract",2023,"food_state_rnk",69.5227
"45063021042","tract",2023,"food_state_rnk",11.5806
"45063021043","tract",2023,"food_state_rnk",85.4851
"45063021044","tract",2023,"food_state_rnk",26.9953
"45063021045","tract",2023,"food_state_rnk",91.8232
"45063021046","tract",2023,"food_state_rnk",53.2864
"45063021047","tract",2023,"food_state_rnk",91.7058
"45063021048","tract",2023,"food_state_rnk",95.0704
"45063021049","tract",2023,"food_state_rnk",96.0876
"45063021050","tract",2023,"food_state_rnk",87.8717
"45063021051","tract",2023,"food_state_rnk",12.0501
"45063021052","tract",2023,"food_state_rnk",51.6041
"45063021106","tract",2023,"food_state_rnk",41.3928
"45063021109","tract",2023,"food_state_rnk",63.6933
"45063021110","tract",2023,"food_state_rnk",71.6745
"45063021111","tract",2023,"food_state_rnk",36.072
"45063021112","tract",2023,"food_state_rnk",73.9437
"45063021113","tract",2023,"food_state_rnk",56.4163
"45063021114","tract",2023,"food_state_rnk",92.41
"45063021115","tract",2023,"food_state_rnk",90.4538
"45063021116","tract",2023,"food_state_rnk",55.7121
"45063021204","tract",2023,"food_state_rnk",80.4382
"45063021205","tract",2023,"food_state_rnk",89.2801
"45063021206","tract",2023,"food_state_rnk",88.2629
"45063021207","tract",2023,"food_state_rnk",46.8701
"45063021208","tract",2023,"food_state_rnk",76.9171
"45063021303","tract",2023,"food_state_rnk",52.0344
"45063021305","tract",2023,"food_state_rnk",25.7825
"45063021306","tract",2023,"food_state_rnk",52.8169
"45063021307","tract",2023,"food_state_rnk",37.4022
"45063021309","tract",2023,"food_state_rnk",62.0501
"45063021310","tract",2023,"food_state_rnk",84.9765
"45063021311","tract",2023,"food_state_rnk",53.3646
"45063021312","tract",2023,"food_state_rnk",61.1894
"45063021402","tract",2023,"food_state_rnk",23.2394
"45063021403","tract",2023,"food_state_rnk",20.9703
"45063021404","tract",2023,"food_state_rnk",15.8059
"45063980100","tract",2023,"food_state_rnk",NA
"45065920100","tract",2023,"food_state_rnk",80.5947
"45065920200","tract",2023,"food_state_rnk",13.4585
"45065920300","tract",2023,"food_state_rnk",52.5039
"45067950100","tract",2023,"food_state_rnk",25.5869
"45067950200","tract",2023,"food_state_rnk",5.7903
"45067950300","tract",2023,"food_state_rnk",6.025
"45067950400","tract",2023,"food_state_rnk",7.8247
"45067950500","tract",2023,"food_state_rnk",60.7199
"45067950600","tract",2023,"food_state_rnk",12.2066
"45067950700","tract",2023,"food_state_rnk",9.6635
"45067950800","tract",2023,"food_state_rnk",11.9718
"45069960100","tract",2023,"food_state_rnk",44.0923
"45069960201","tract",2023,"food_state_rnk",6.7293
"45069960202","tract",2023,"food_state_rnk",5.3208
"45069960301","tract",2023,"food_state_rnk",18.5446
"45069960302","tract",2023,"food_state_rnk",NA
"45069960400","tract",2023,"food_state_rnk",14.9452
"45069960500","tract",2023,"food_state_rnk",6.964
"45069960600","tract",2023,"food_state_rnk",43.3099
"45071950100","tract",2023,"food_state_rnk",73.2394
"45071950201","tract",2023,"food_state_rnk",32.8638
"45071950203","tract",2023,"food_state_rnk",22.77
"45071950204","tract",2023,"food_state_rnk",29.5383
"45071950300","tract",2023,"food_state_rnk",45.8529
"45071950502","tract",2023,"food_state_rnk",12.4413
"45071950601","tract",2023,"food_state_rnk",46.1659
"45071950603","tract",2023,"food_state_rnk",73.5524
"45071950604","tract",2023,"food_state_rnk",58.6854
"45071950700","tract",2023,"food_state_rnk",44.9922
"45073030100","tract",2023,"food_state_rnk",47.457
"45073030201","tract",2023,"food_state_rnk",61.1111
"45073030202","tract",2023,"food_state_rnk",93.5055
"45073030301","tract",2023,"food_state_rnk",85.7981
"45073030302","tract",2023,"food_state_rnk",87.2457
"45073030402","tract",2023,"food_state_rnk",77.3865
"45073030403","tract",2023,"food_state_rnk",21.3615
"45073030404","tract",2023,"food_state_rnk",16.6667
"45073030500","tract",2023,"food_state_rnk",72.9264
"45073030601","tract",2023,"food_state_rnk",32.2379
"45073030602","tract",2023,"food_state_rnk",48.0438
"45073030701","tract",2023,"food_state_rnk",27.3083
"45073030702","tract",2023,"food_state_rnk",54.3036
"45073030801","tract",2023,"food_state_rnk",13.6933
"45073030802","tract",2023,"food_state_rnk",47.457
"45073030901","tract",2023,"food_state_rnk",75.3521
"45073030903","tract",2023,"food_state_rnk",41.9405
"45073030904","tract",2023,"food_state_rnk",30.3991
"45073031000","tract",2023,"food_state_rnk",25.1956
"45073031100","tract",2023,"food_state_rnk",31.338
"45075010101","tract",2023,"food_state_rnk",23.8654
"45075010102","tract",2023,"food_state_rnk",0.7042
"45075010103","tract",2023,"food_state_rnk",16.3537
"45075010104","tract",2023,"food_state_rnk",4.9296
"45075010200","tract",2023,"food_state_rnk",17.0579
"45075010301","tract",2023,"food_state_rnk",42.41
"45075010302","tract",2023,"food_state_rnk",37.3239
"45075010303","tract",2023,"food_state_rnk",12.5978
"45075010304","tract",2023,"food_state_rnk",4.6948
"45075010305","tract",2023,"food_state_rnk",90.5321
"45075010400","tract",2023,"food_state_rnk",52.1909
"45075010500","tract",2023,"food_state_rnk",54.2254
"45075010601","tract",2023,"food_state_rnk",19.6009
"45075010602","tract",2023,"food_state_rnk",2.8169
"45075010603","tract",2023,"food_state_rnk",71.831
"45075010604","tract",2023,"food_state_rnk",0.5477
"45075010700","tract",2023,"food_state_rnk",3.6776
"45075010801","tract",2023,"food_state_rnk",NA
"45075010802","tract",2023,"food_state_rnk",15.9624
"45075010803","tract",2023,"food_state_rnk",39.867
"45075010901","tract",2023,"food_state_rnk",74.0219
"45075010902","tract",2023,"food_state_rnk",45.3834
"45075011000","tract",2023,"food_state_rnk",33.1768
"45075011100","tract",2023,"food_state_rnk",15.1408
"45075011200","tract",2023,"food_state_rnk",NA
"45075011300","tract",2023,"food_state_rnk",0.4695
"45075011400","tract",2023,"food_state_rnk",14.867
"45075011500","tract",2023,"food_state_rnk",8.2551
"45075011600","tract",2023,"food_state_rnk",34.3897
"45075011701","tract",2023,"food_state_rnk",25.1174
"45075011702","tract",2023,"food_state_rnk",76.0563
"45075011703","tract",2023,"food_state_rnk",57.9812
"45075011704","tract",2023,"food_state_rnk",21.1268
"45075011801","tract",2023,"food_state_rnk",3.2473
"45075011802","tract",2023,"food_state_rnk",20.266
"45075011803","tract",2023,"food_state_rnk",5.2426
"45075011804","tract",2023,"food_state_rnk",20.892
"45075011900","tract",2023,"food_state_rnk",36.3067
"45075012000","tract",2023,"food_state_rnk",9.0376
"45077010100","tract",2023,"food_state_rnk",76.7606
"45077010201","tract",2023,"food_state_rnk",5.6338
"45077010202","tract",2023,"food_state_rnk",63.5368
"45077010301","tract",2023,"food_state_rnk",59.4679
"45077010302","tract",2023,"food_state_rnk",91.3146
"45077010401","tract",2023,"food_state_rnk",38.8889
"45077010403","tract",2023,"food_state_rnk",59.8983
"45077010404","tract",2023,"food_state_rnk",63.3803
"45077010405","tract",2023,"food_state_rnk",66.7449
"45077010501","tract",2023,"food_state_rnk",56.964
"45077010502","tract",2023,"food_state_rnk",67.0579
"45077010601","tract",2023,"food_state_rnk",42.6448
"45077010603","tract",2023,"food_state_rnk",35.6025
"45077010604","tract",2023,"food_state_rnk",71.5962
"45077010700","tract",2023,"food_state_rnk",42.8013
"45077010802","tract",2023,"food_state_rnk",60.8764
"45077010803","tract",2023,"food_state_rnk",45.4617
"45077010804","tract",2023,"food_state_rnk",53.5211
"45077010805","tract",2023,"food_state_rnk",54.6948
"45077010806","tract",2023,"food_state_rnk",27.1518
"45077010901","tract",2023,"food_state_rnk",46.7136
"45077010903","tract",2023,"food_state_rnk",68.3881
"45077010904","tract",2023,"food_state_rnk",96.3224
"45077010905","tract",2023,"food_state_rnk",83.8419
"45077011001","tract",2023,"food_state_rnk",40.8451
"45077011003","tract",2023,"food_state_rnk",17.2144
"45077011004","tract",2023,"food_state_rnk",57.8247
"45077011005","tract",2023,"food_state_rnk",36.9327
"45077011101","tract",2023,"food_state_rnk",57.4335
"45077011103","tract",2023,"food_state_rnk",35.9155
"45077011104","tract",2023,"food_state_rnk",77.1518
"45077011105","tract",2023,"food_state_rnk",21.0485
"45077011202","tract",2023,"food_state_rnk",NA
"45077011204","tract",2023,"food_state_rnk",52.1127
"45077011205","tract",2023,"food_state_rnk",93.8185
"45077011206","tract",2023,"food_state_rnk",77.9343
"45077011207","tract",2023,"food_state_rnk",92.1753
"45079000100","tract",2023,"food_state_rnk",19.3271
"45079000200","tract",2023,"food_state_rnk",24.2567
"45079000300","tract",2023,"food_state_rnk",6.8075
"45079000400","tract",2023,"food_state_rnk",36.698
"45079000500","tract",2023,"food_state_rnk",1.6432
"45079000600","tract",2023,"food_state_rnk",71.205
"45079000700","tract",2023,"food_state_rnk",67.9186
"45079000900","tract",2023,"food_state_rnk",0.2347
"45079001000","tract",2023,"food_state_rnk",NA
"45079001100","tract",2023,"food_state_rnk",27.9343
"45079001200","tract",2023,"food_state_rnk",84.7027
"45079001300","tract",2023,"food_state_rnk",14.7887
"45079001600","tract",2023,"food_state_rnk",67.723
"45079002100","tract",2023,"food_state_rnk",61.8545
"45079002200","tract",2023,"food_state_rnk",88.3412
"45079002300","tract",2023,"food_state_rnk",90.2582
"45079002400","tract",2023,"food_state_rnk",82.0031
"45079002500","tract",2023,"food_state_rnk",84.8592
"45079002602","tract",2023,"food_state_rnk",25.3521
"45079002605","tract",2023,"food_state_rnk",13.2238
"45079002700","tract",2023,"food_state_rnk",86.6588
"45079002800","tract",2023,"food_state_rnk",NA
"45079002900","tract",2023,"food_state_rnk",NA
"45079003000","tract",2023,"food_state_rnk",NA
"45079003100","tract",2023,"food_state_rnk",44.0923
"45079010104","tract",2023,"food_state_rnk",78.169
"45079010105","tract",2023,"food_state_rnk",79.6557
"45079010106","tract",2023,"food_state_rnk",78.4429
"45079010107","tract",2023,"food_state_rnk",88.1847
"45079010108","tract",2023,"food_state_rnk",30.7512
"45079010109","tract",2023,"food_state_rnk",58.7637
"45079010200","tract",2023,"food_state_rnk",37.0892
"45079010304","tract",2023,"food_state_rnk",10.9546
"45079010305","tract",2023,"food_state_rnk",70.6573
"45079010308","tract",2023,"food_state_rnk",73.1221
"45079010310","tract",2023,"food_state_rnk",93.975
"45079010311","tract",2023,"food_state_rnk",97.1049
"45079010312","tract",2023,"food_state_rnk",94.3662
"45079010313","tract",2023,"food_state_rnk",72.7308
"45079010314","tract",2023,"food_state_rnk",70.1878
"45079010315","tract",2023,"food_state_rnk",42.2926
"45079010403","tract",2023,"food_state_rnk",44.6792
"45079010407","tract",2023,"food_state_rnk",39.0454
"45079010408","tract",2023,"food_state_rnk",NA
"45079010411","tract",2023,"food_state_rnk",5.0078
"45079010412","tract",2023,"food_state_rnk",23.6307
"45079010413","tract",2023,"food_state_rnk",41.5102
"45079010414","tract",2023,"food_state_rnk",16.8623
"45079010501","tract",2023,"food_state_rnk",54.4601
"45079010502","tract",2023,"food_state_rnk",0.313
"45079010600","tract",2023,"food_state_rnk",3.5211
"45079010701","tract",2023,"food_state_rnk",47.8873
"45079010702","tract",2023,"food_state_rnk",9.7809
"45079010703","tract",2023,"food_state_rnk",17.41
"45079010803","tract",2023,"food_state_rnk",12.2848
"45079010804","tract",2023,"food_state_rnk",6.4163
"45079010805","tract",2023,"food_state_rnk",10.3286
"45079010806","tract",2023,"food_state_rnk",NA
"45079010900","tract",2023,"food_state_rnk",0.0782
"45079011000","tract",2023,"food_state_rnk",64.9061
"45079011101","tract",2023,"food_state_rnk",31.9249
"45079011102","tract",2023,"food_state_rnk",57.7465
"45079011201","tract",2023,"food_state_rnk",65.4147
"45079011202","tract",2023,"food_state_rnk",59.7809
"45079011303","tract",2023,"food_state_rnk",47.7308
"45079011304","tract",2023,"food_state_rnk",45.5399
"45079011305","tract",2023,"food_state_rnk",40.4147
"45079011306","tract",2023,"food_state_rnk",43.1925
"45079011307","tract",2023,"food_state_rnk",17.6839
"45079011407","tract",2023,"food_state_rnk",78.6385
"45079011411","tract",2023,"food_state_rnk",50.0782
"45079011412","tract",2023,"food_state_rnk",30.9859
"45079011413","tract",2023,"food_state_rnk",81.8858
"45079011414","tract",2023,"food_state_rnk",62.5978
"45079011417","tract",2023,"food_state_rnk",62.2457
"45079011418","tract",2023,"food_state_rnk",79.734
"45079011419","tract",2023,"food_state_rnk",55.3208
"45079011420","tract",2023,"food_state_rnk",35.759
"45079011421","tract",2023,"food_state_rnk",82.7856
"45079011422","tract",2023,"food_state_rnk",87.7934
"45079011423","tract",2023,"food_state_rnk",80.7512
"45079011424","tract",2023,"food_state_rnk",91.471
"45079011425","tract",2023,"food_state_rnk",42.0188
"45079011501","tract",2023,"food_state_rnk",NA
"45079011502","tract",2023,"food_state_rnk",94.6009
"45079011603","tract",2023,"food_state_rnk",89.0454
"45079011604","tract",2023,"food_state_rnk",95.579
"45079011606","tract",2023,"food_state_rnk",32.0031
"45079011607","tract",2023,"food_state_rnk",37.7152
"45079011608","tract",2023,"food_state_rnk",24.8826
"45079011701","tract",2023,"food_state_rnk",21.6745
"45079011702","tract",2023,"food_state_rnk",10.8764
"45079011801","tract",2023,"food_state_rnk",4.7731
"45079011802","tract",2023,"food_state_rnk",77.856
"45079011901","tract",2023,"food_state_rnk",42.6448
"45079011902","tract",2023,"food_state_rnk",48.8263
"45079012000","tract",2023,"food_state_rnk",26.5258
"45079980100","tract",2023,"food_state_rnk",NA
"45081960100","tract",2023,"food_state_rnk",14.241
"45081960201","tract",2023,"food_state_rnk",25.7825
"45081960202","tract",2023,"food_state_rnk",23.748
"45081960301","tract",2023,"food_state_rnk",72.3787
"45081960302","tract",2023,"food_state_rnk",85.6808
"45081960400","tract",2023,"food_state_rnk",25.8998
"45083020301","tract",2023,"food_state_rnk",NA
"45083020400","tract",2023,"food_state_rnk",2.4257
"45083020500","tract",2023,"food_state_rnk",8.0203
"45083020601","tract",2023,"food_state_rnk",34.1549
"45083020602","tract",2023,"food_state_rnk",66.1189
"45083020603","tract",2023,"food_state_rnk",52.2692
"45083020701","tract",2023,"food_state_rnk",3.2473
"45083020702","tract",2023,"food_state_rnk",11.1111
"45083020800","tract",2023,"food_state_rnk",0
"45083020900","tract",2023,"food_state_rnk",60.9546
"45083021001","tract",2023,"food_state_rnk",1.252
"45083021100","tract",2023,"food_state_rnk",31.2207
"45083021200","tract",2023,"food_state_rnk",89.9844
"45083021301","tract",2023,"food_state_rnk",62.4413
"45083021302","tract",2023,"food_state_rnk",67.8404
"45083021303","tract",2023,"food_state_rnk",59.7027
"45083021401","tract",2023,"food_state_rnk",64.3192
"45083021402","tract",2023,"food_state_rnk",73.8654
"45083021403","tract",2023,"food_state_rnk",44.6792
"45083021500","tract",2023,"food_state_rnk",35.5243
"45083021600","tract",2023,"food_state_rnk",13.615
"45083021700","tract",2023,"food_state_rnk",7.3552
"45083021803","tract",2023,"food_state_rnk",70.5008
"45083021804","tract",2023,"food_state_rnk",32.7856
"45083021805","tract",2023,"food_state_rnk",29.9687
"45083021806","tract",2023,"food_state_rnk",14.4757
"45083021902","tract",2023,"food_state_rnk",72.0266
"45083021903","tract",2023,"food_state_rnk",42.8795
"45083021904","tract",2023,"food_state_rnk",53.7559
"45083022003","tract",2023,"food_state_rnk",43.3099
"45083022004","tract",2023,"food_state_rnk",37.2457
"45083022005","tract",2023,"food_state_rnk",42.1753
"45083022006","tract",2023,"food_state_rnk",52.9734
"45083022007","tract",2023,"food_state_rnk",66.1972
"45083022101","tract",2023,"food_state_rnk",80.5164
"45083022102","tract",2023,"food_state_rnk",73.6307
"45083022201","tract",2023,"food_state_rnk",19.2488
"45083022202","tract",2023,"food_state_rnk",55.1643
"45083022303","tract",2023,"food_state_rnk",4.1471
"45083022304","tract",2023,"food_state_rnk",66.8232
"45083022305","tract",2023,"food_state_rnk",7.7074
"45083022306","tract",2023,"food_state_rnk",43.5055
"45083022404","tract",2023,"food_state_rnk",70.9311
"45083022405","tract",2023,"food_state_rnk",92.2535
"45083022406","tract",2023,"food_state_rnk",69.9922
"45083022407","tract",2023,"food_state_rnk",73.748
"45083022408","tract",2023,"food_state_rnk",68.0751
"45083022409","tract",2023,"food_state_rnk",59.2332
"45083022410","tract",2023,"food_state_rnk",69.6401
"45083022411","tract",2023,"food_state_rnk",82.3161
"45083022500","tract",2023,"food_state_rnk",40.6495
"45083022600","tract",2023,"food_state_rnk",57.6682
"45083022701","tract",2023,"food_state_rnk",49.4523
"45083022702","tract",2023,"food_state_rnk",86.072
"45083022803","tract",2023,"food_state_rnk",95.3834
"45083022804","tract",2023,"food_state_rnk",75.4304
"45083022805","tract",2023,"food_state_rnk",69.8748
"45083022806","tract",2023,"food_state_rnk",81.6119
"45083022901","tract",2023,"food_state_rnk",59.3114
"45083022902","tract",2023,"food_state_rnk",53.2081
"45083023002","tract",2023,"food_state_rnk",55.9468
"45083023003","tract",2023,"food_state_rnk",60.6416
"45083023004","tract",2023,"food_state_rnk",62.1283
"45083023101","tract",2023,"food_state_rnk",35.133
"45083023103","tract",2023,"food_state_rnk",57.3552
"45083023104","tract",2023,"food_state_rnk",14.0063
"45083023201","tract",2023,"food_state_rnk",61.6588
"45083023202","tract",2023,"food_state_rnk",70.7355
"45083023301","tract",2023,"food_state_rnk",31.1424
"45083023302","tract",2023,"food_state_rnk",30.6729
"45083023401","tract",2023,"food_state_rnk",57.903
"45083023402","tract",2023,"food_state_rnk",74.6088
"45083023405","tract",2023,"food_state_rnk",90.9233
"45083023406","tract",2023,"food_state_rnk",84.7027
"45083023407","tract",2023,"food_state_rnk",65.18
"45083023408","tract",2023,"food_state_rnk",84.4288
"45083023409","tract",2023,"food_state_rnk",80.9077
"45083023500","tract",2023,"food_state_rnk",58.9593
"45083023601","tract",2023,"food_state_rnk",48.3959
"45083023602","tract",2023,"food_state_rnk",16.2754
"45083023700","tract",2023,"food_state_rnk",69.1706
"45083023803","tract",2023,"food_state_rnk",74.8826
"45083023804","tract",2023,"food_state_rnk",61.8545
"45083023805","tract",2023,"food_state_rnk",71.2833
"45083023806","tract",2023,"food_state_rnk",NA
"45083023901","tract",2023,"food_state_rnk",68.2707
"45083023902","tract",2023,"food_state_rnk",35.446
"45085000100","tract",2023,"food_state_rnk",15.1408
"45085000201","tract",2023,"food_state_rnk",65.493
"45085000202","tract",2023,"food_state_rnk",60.3286
"45085000300","tract",2023,"food_state_rnk",62.8326
"45085000401","tract",2023,"food_state_rnk",50
"45085000402","tract",2023,"food_state_rnk",3.1299
"45085000500","tract",2023,"food_state_rnk",58.8419
"45085000600","tract",2023,"food_state_rnk",40.0626
"45085000700","tract",2023,"food_state_rnk",8.6072
"45085000800","tract",2023,"food_state_rnk",2.6604
"45085000901","tract",2023,"food_state_rnk",60.5634
"45085000902","tract",2023,"food_state_rnk",61.3459
"45085001100","tract",2023,"food_state_rnk",6.4163
"45085001300","tract",2023,"food_state_rnk",5.7121
"45085001500","tract",2023,"food_state_rnk",1.4867
"45085001600","tract",2023,"food_state_rnk",8.2551
"45085001701","tract",2023,"food_state_rnk",87.9499
"45085001703","tract",2023,"food_state_rnk",75.8216
"45085001704","tract",2023,"food_state_rnk",43.5837
"45085001801","tract",2023,"food_state_rnk",4.0689
"45085001803","tract",2023,"food_state_rnk",16.471
"45085001804","tract",2023,"food_state_rnk",8.529
"45085001902","tract",2023,"food_state_rnk",46.0876
"45085001903","tract",2023,"food_state_rnk",56.8858
"45085001904","tract",2023,"food_state_rnk",14.0845
"45085002000","tract",2023,"food_state_rnk",27.4648
"45087030100","tract",2023,"food_state_rnk",32.7074
"45087030200","tract",2023,"food_state_rnk",0.7825
"45087030300","tract",2023,"food_state_rnk",12.9108
"45087030401","tract",2023,"food_state_rnk",29.734
"45087030402","tract",2023,"food_state_rnk",1.1737
"45087030500","tract",2023,"food_state_rnk",26.8388
"45087030600","tract",2023,"food_state_rnk",54.1471
"45087030700","tract",2023,"food_state_rnk",20.5399
"45087030800","tract",2023,"food_state_rnk",50.7825
"45087030900","tract",2023,"food_state_rnk",20.5399
"45089970100","tract",2023,"food_state_rnk",27.543
"45089970200","tract",2023,"food_state_rnk",11.8936
"45089970300","tract",2023,"food_state_rnk",4.8513
"45089970400","tract",2023,"food_state_rnk",44.2879
"45089970501","tract",2023,"food_state_rnk",14.1628
"45089970502","tract",2023,"food_state_rnk",8.4507
"45089970601","tract",2023,"food_state_rnk",11.7371
"45089970602","tract",2023,"food_state_rnk",69.7183
"45089970700","tract",2023,"food_state_rnk",36.2285
"45089970801","tract",2023,"food_state_rnk",34.1549
"45089970802","tract",2023,"food_state_rnk",NA
"45089970900","tract",2023,"food_state_rnk",26.7606
"45091060102","tract",2023,"food_state_rnk",91.2363
"45091060200","tract",2023,"food_state_rnk",10.7981
"45091060300","tract",2023,"food_state_rnk",8.8419
"45091060401","tract",2023,"food_state_rnk",20.6573
"45091060402","tract",2023,"food_state_rnk",41.2363
"45091060501","tract",2023,"food_state_rnk",15.4147
"45091060502","tract",2023,"food_state_rnk",3.5994
"45091060600","tract",2023,"food_state_rnk",NA
"45091060700","tract",2023,"food_state_rnk",79.8513
"45091060802","tract",2023,"food_state_rnk",37.011
"45091060803","tract",2023,"food_state_rnk",67.4491
"45091060804","tract",2023,"food_state_rnk",42.4883
"45091060901","tract",2023,"food_state_rnk",61.4241
"45091060904","tract",2023,"food_state_rnk",86.4632
"45091060908","tract",2023,"food_state_rnk",31.4945
"45091060909","tract",2023,"food_state_rnk",70.579
"45091060910","tract",2023,"food_state_rnk",93.1142
"45091060911","tract",2023,"food_state_rnk",85.133
"45091060912","tract",2023,"food_state_rnk",87.3631
"45091060913","tract",2023,"food_state_rnk",39.6714
"45091061004","tract",2023,"food_state_rnk",97.0266
"45091061006","tract",2023,"food_state_rnk",92.097
"45091061007","tract",2023,"food_state_rnk",79.3036
"45091061008","tract",2023,"food_state_rnk",88.7715
"45091061009","tract",2023,"food_state_rnk",99.6088
"45091061010","tract",2023,"food_state_rnk",53.0516
"45091061011","tract",2023,"food_state_rnk",98.7872
"45091061012","tract",2023,"food_state_rnk",92.4883
"45091061101","tract",2023,"food_state_rnk",39.4366
"45091061103","tract",2023,"food_state_rnk",98.6698
"45091061104","tract",2023,"food_state_rnk",87.011
"45091061202","tract",2023,"food_state_rnk",34.5853
"45091061203","tract",2023,"food_state_rnk",77.0736
"45091061204","tract",2023,"food_state_rnk",71.0485
"45091061205","tract",2023,"food_state_rnk",85.7981
"45091061301","tract",2023,"food_state_rnk",58.0595
"45091061302","tract",2023,"food_state_rnk",63.8498
"45091061401","tract",2023,"food_state_rnk",34.507
"45091061403","tract",2023,"food_state_rnk",94.6792
"45091061404","tract",2023,"food_state_rnk",55.5556
"45091061503","tract",2023,"food_state_rnk",54.6166
"45091061504","tract",2023,"food_state_rnk",29.0297
"45091061505","tract",2023,"food_state_rnk",64.4757
"45091061506","tract",2023,"food_state_rnk",72.2222
"45091061601","tract",2023,"food_state_rnk",25.6651
"45091061602","tract",2023,"food_state_rnk",15.0235
"45091061701","tract",2023,"food_state_rnk",80.6729
"45091061705","tract",2023,"food_state_rnk",34.0376
"45091061706","tract",2023,"food_state_rnk",72.457
"45091061708","tract",2023,"food_state_rnk",74.1784
"45091061709","tract",2023,"food_state_rnk",76.2128
"45091061710","tract",2023,"food_state_rnk",72.0266
"45091061801","tract",2023,"food_state_rnk",55.8685
"45091061802","tract",2023,"food_state_rnk",49.7653
"45091061900","tract",2023,"food_state_rnk",53.9124
