"geoid","geolevel","year","level","value"
"20001952600","tract",2023,"food_score",108.73
"20001952700","tract",2023,"food_score",106.95
"20001952800","tract",2023,"food_score",97.53
"20001952900","tract",2023,"food_score",110.37
"20001953000","tract",2023,"food_score",94.09
"20003953600","tract",2023,"food_score",113.39
"20003953700","tract",2023,"food_score",112.97
"20005081600","tract",2023,"food_score",113.07
"20005081701","tract",2023,"food_score",116.87
"20005081702","tract",2023,"food_score",NA
"20005081800","tract",2023,"food_score",82.56
"20005081900","tract",2023,"food_score",96.44
"20007968100","tract",2023,"food_score",117.79
"20007968200","tract",2023,"food_score",118.37
"20009971100","tract",2023,"food_score",115.92
"20009971200","tract",2023,"food_score",115.59
"20009971300","tract",2023,"food_score",110.14
"20009971400","tract",2023,"food_score",94.57
"20009971500","tract",2023,"food_score",109.97
"20009971600","tract",2023,"food_score",117.44
"20009971700","tract",2023,"food_score",101.77
"20009971801","tract",2023,"food_score",111.23
"20011955600","tract",2023,"food_score",101.75
"20011955700","tract",2023,"food_score",111.68
"20011955800","tract",2023,"food_score",111.84
"20011955900","tract",2023,"food_score",98.09
"20011956000","tract",2023,"food_score",97.43
"20013480600","tract",2023,"food_score",113.25
"20013480700","tract",2023,"food_score",113.44
"20013480800","tract",2023,"food_score",100.12
"20015020101","tract",2023,"food_score",101.4
"20015020102","tract",2023,"food_score",NA
"20015020204","tract",2023,"food_score",123.9
"20015020205","tract",2023,"food_score",118.34
"20015020206","tract",2023,"food_score",115.88
"20015020207","tract",2023,"food_score",120.25
"20015020208","tract",2023,"food_score",123.82
"20015020209","tract",2023,"food_score",106.85
"20015020210","tract",2023,"food_score",122.23
"20015020300","tract",2023,"food_score",107.93
"20015020400","tract",2023,"food_score",80.42
"20015020500","tract",2023,"food_score",90.55
"20015020601","tract",2023,"food_score",109.88
"20015020602","tract",2023,"food_score",115.19
"20015020700","tract",2023,"food_score",112.23
"20015020800","tract",2023,"food_score",107.41
"20015020901","tract",2023,"food_score",119.94
"20015020902","tract",2023,"food_score",121.2
"20015020903","tract",2023,"food_score",116.78
"20017960600","tract",2023,"food_score",107.61
"20019964600","tract",2023,"food_score",99.46
"20021958100","tract",2023,"food_score",109.72
"20021958200","tract",2023,"food_score",102.86
"20021958300","tract",2023,"food_score",95.52
"20021958400","tract",2023,"food_score",112.12
"20021958500","tract",2023,"food_score",81.75
"20021958600","tract",2023,"food_score",108.15
"20023950200","tract",2023,"food_score",117.13
"20025967100","tract",2023,"food_score",114.43
"20027458100","tract",2023,"food_score",115.08
"20027458200","tract",2023,"food_score",103.94
"20029977100","tract",2023,"food_score",121.58
"20029977200","tract",2023,"food_score",115.73
"20029977300","tract",2023,"food_score",118.18
"20029977400","tract",2023,"food_score",119.06
"20031966100","tract",2023,"food_score",109.64
"20031966200","tract",2023,"food_score",118.64
"20031966300","tract",2023,"food_score",90.31
"20033967600","tract",2023,"food_score",117.38
"20035493100","tract",2023,"food_score",108.29
"20035493200","tract",2023,"food_score",115.25
"20035493300","tract",2023,"food_score",122.48
"20035493400","tract",2023,"food_score",109
"20035493500","tract",2023,"food_score",103.74
"20035493600","tract",2023,"food_score",100.45
"20035493700","tract",2023,"food_score",104.75
"20035493800","tract",2023,"food_score",101.49
"20035493900","tract",2023,"food_score",106.94
"20035494000","tract",2023,"food_score",76.01
"20035494100","tract",2023,"food_score",90.76
"20037956600","tract",2023,"food_score",108.33
"20037956700","tract",2023,"food_score",108.58
"20037956800","tract",2023,"food_score",103.71
"20037956900","tract",2023,"food_score",114.41
"20037957000","tract",2023,"food_score",112.89
"20037957100","tract",2023,"food_score",70.7
"20037957200","tract",2023,"food_score",90.65
"20037957300","tract",2023,"food_score",111.26
"20037957400","tract",2023,"food_score",111.99
"20037957500","tract",2023,"food_score",98.61
"20037957601","tract",2023,"food_score",100.55
"20037957602","tract",2023,"food_score",70.75
"20039951300","tract",2023,"food_score",114.7
"20041084100","tract",2023,"food_score",117.73
"20041084200","tract",2023,"food_score",119.28
"20041084300","tract",2023,"food_score",115.81
"20041084400","tract",2023,"food_score",110.06
"20041084500","tract",2023,"food_score",105.19
"20041084600","tract",2023,"food_score",96.07
"20043020100","tract",2023,"food_score",113.62
"20043020200","tract",2023,"food_score",109.25
"20043020300","tract",2023,"food_score",109.55
"20045000100","tract",2023,"food_score",109.52
"20045000201","tract",2023,"food_score",113.33
"20045000202","tract",2023,"food_score",92.74
"20045000301","tract",2023,"food_score",121.1
"20045000302","tract",2023,"food_score",112.26
"20045000400","tract",2023,"food_score",NA
"20045000501","tract",2023,"food_score",92.8
"20045000502","tract",2023,"food_score",109.84
"20045000602","tract",2023,"food_score",126.27
"20045000603","tract",2023,"food_score",114.2
"20045000604","tract",2023,"food_score",124.61
"20045000701","tract",2023,"food_score",113.64
"20045000703","tract",2023,"food_score",121.81
"20045000704","tract",2023,"food_score",112.87
"20045000797","tract",2023,"food_score",117.37
"20045000801","tract",2023,"food_score",108.5
"20045000802","tract",2023,"food_score",90.06
"20045000902","tract",2023,"food_score",113.52
"20045000903","tract",2023,"food_score",121.99
"20045000904","tract",2023,"food_score",104.98
"20045001001","tract",2023,"food_score",116.78
"20045001002","tract",2023,"food_score",122.85
"20045001201","tract",2023,"food_score",124.6
"20045001202","tract",2023,"food_score",122.08
"20045001203","tract",2023,"food_score",113.94
"20045001400","tract",2023,"food_score",121.54
"20045001500","tract",2023,"food_score",114.05
"20047969600","tract",2023,"food_score",115.09
"20047969700","tract",2023,"food_score",110.51
"20049965100","tract",2023,"food_score",109.55
"20051072600","tract",2023,"food_score",108.7
"20051072701","tract",2023,"food_score",109.41
"20051072702","tract",2023,"food_score",116.25
"20051072801","tract",2023,"food_score",120.46
"20051072802","tract",2023,"food_score",103.3
"20051072901","tract",2023,"food_score",109.5
"20051072902","tract",2023,"food_score",NA
"20051073000","tract",2023,"food_score",116.42
"20053086600","tract",2023,"food_score",113.96
"20053086700","tract",2023,"food_score",115.29
"20055960100","tract",2023,"food_score",112.88
"20055960200","tract",2023,"food_score",112.68
"20055960300","tract",2023,"food_score",87.86
"20055960401","tract",2023,"food_score",110
"20055960403","tract",2023,"food_score",113.23
"20055960404","tract",2023,"food_score",113.74
"20055960501","tract",2023,"food_score",81.98
"20055960503","tract",2023,"food_score",116.44
"20055960505","tract",2023,"food_score",84.13
"20055960507","tract",2023,"food_score",95.66
"20055960508","tract",2023,"food_score",87.98
"20055960600","tract",2023,"food_score",122.65
"20057961600","tract",2023,"food_score",114.14
"20057961700","tract",2023,"food_score",118.06
"20057961801","tract",2023,"food_score",119.24
"20057961802","tract",2023,"food_score",106.9
"20057961901","tract",2023,"food_score",88.83
"20057961902","tract",2023,"food_score",99.48
"20057962000","tract",2023,"food_score",109.63
"20057962101","tract",2023,"food_score",122.24
"20057962102","tract",2023,"food_score",121.33
"20059954101","tract",2023,"food_score",106.03
"20059954102","tract",2023,"food_score",120.11
"20059954200","tract",2023,"food_score",108.08
"20059954300","tract",2023,"food_score",108.25
"20059954400","tract",2023,"food_score",108.08
"20059954500","tract",2023,"food_score",116.2
"20061000100","tract",2023,"food_score",95.08
"20061000200","tract",2023,"food_score",101.43
"20061000300","tract",2023,"food_score",94.91
"20061000401","tract",2023,"food_score",111.34
"20061000402","tract",2023,"food_score",99.35
"20061000500","tract",2023,"food_score",120.57
"20061000601","tract",2023,"food_score",110.27
"20061000602","tract",2023,"food_score",113.85
"20061000700","tract",2023,"food_score",118.44
"20061000801","tract",2023,"food_score",92.41
"20061000802","tract",2023,"food_score",119.3
"20063955300","tract",2023,"food_score",119.98
"20065952300","tract",2023,"food_score",111.48
"20067963600","tract",2023,"food_score",123.01
"20067963700","tract",2023,"food_score",117.51
"20069962600","tract",2023,"food_score",113.36
"20069962700","tract",2023,"food_score",121.84
"20071958100","tract",2023,"food_score",118.71
"20073965600","tract",2023,"food_score",106.29
"20073965700","tract",2023,"food_score",81.7
"20073965800","tract",2023,"food_score",99.85
"20075958600","tract",2023,"food_score",117.25
"20077961600","tract",2023,"food_score",109.33
"20077961700","tract",2023,"food_score",102.78
"20077961800","tract",2023,"food_score",86.55
"20079030100","tract",2023,"food_score",99.3
"20079030200","tract",2023,"food_score",113.81
"20079030300","tract",2023,"food_score",118.01
"20079030400","tract",2023,"food_score",114.68
"20079030500","tract",2023,"food_score",116.3
"20079030601","tract",2023,"food_score",125.69
"20079030602","tract",2023,"food_score",107.87
"20081463100","tract",2023,"food_score",115.41
"20083461100","tract",2023,"food_score",112.01
"20085082600","tract",2023,"food_score",104.2
"20085082700","tract",2023,"food_score",111.86
"20085082800","tract",2023,"food_score",119.41
"20087020101","tract",2023,"food_score",116.97
"20087020102","tract",2023,"food_score",108.56
"20087020200","tract",2023,"food_score",120
"20087020300","tract",2023,"food_score",119.49
"20089576300","tract",2023,"food_score",108.26
"20091050000","tract",2023,"food_score",117.78
"20091050100","tract",2023,"food_score",114.67
"20091050200","tract",2023,"food_score",123.85
"20091050301","tract",2023,"food_score",103.19
"20091050302","tract",2023,"food_score",115.11
"20091050400","tract",2023,"food_score",100.7
"20091050500","tract",2023,"food_score",123.02
"20091050600","tract",2023,"food_score",126.7
"20091050700","tract",2023,"food_score",124.27
"20091050800","tract",2023,"food_score",122.91
"20091050900","tract",2023,"food_score",125.05
"20091051000","tract",2023,"food_score",122.36
"20091051100","tract",2023,"food_score",124.92
"20091051200","tract",2023,"food_score",120.03
"20091051300","tract",2023,"food_score",104.8
"20091051400","tract",2023,"food_score",122.13
"20091051500","tract",2023,"food_score",123.19
"20091051600","tract",2023,"food_score",124.38
"20091051700","tract",2023,"food_score",123.32
"20091051801","tract",2023,"food_score",115.06
"20091051803","tract",2023,"food_score",107.82
"20091051804","tract",2023,"food_score",119.61
"20091051805","tract",2023,"food_score",117.31
"20091051806","tract",2023,"food_score",119.9
"20091051807","tract",2023,"food_score",118.82
"20091051808","tract",2023,"food_score",121.09
"20091051902","tract",2023,"food_score",111.84
"20091051904","tract",2023,"food_score",113.03
"20091051907","tract",2023,"food_score",101.38
"20091051908","tract",2023,"food_score",106.85
"20091051909","tract",2023,"food_score",115.87
"20091051910","tract",2023,"food_score",53.39
"20091051911","tract",2023,"food_score",87.11
"20091051912","tract",2023,"food_score",102.76
"20091052001","tract",2023,"food_score",120.06
"20091052004","tract",2023,"food_score",120.43
"20091052005","tract",2023,"food_score",118.94
"20091052006","tract",2023,"food_score",116.4
"20091052101","tract",2023,"food_score",110.6
"20091052102","tract",2023,"food_score",114.96
"20091052201","tract",2023,"food_score",116.31
"20091052202","tract",2023,"food_score",121.46
"20091052304","tract",2023,"food_score",120.55
"20091052305","tract",2023,"food_score",124.22
"20091052306","tract",2023,"food_score",126.18
"20091052307","tract",2023,"food_score",114.74
"20091052308","tract",2023,"food_score",100.19
"20091052410","tract",2023,"food_score",117.25
"20091052411","tract",2023,"food_score",125.49
"20091052414","tract",2023,"food_score",118.32
"20091052415","tract",2023,"food_score",119.3
"20091052416","tract",2023,"food_score",121.1
"20091052417","tract",2023,"food_score",105.22
"20091052418","tract",2023,"food_score",99.26
"20091052419","tract",2023,"food_score",110.2
"20091052421","tract",2023,"food_score",118.34
"20091052422","tract",2023,"food_score",115.44
"20091052423","tract",2023,"food_score",84.06
"20091052502","tract",2023,"food_score",123.13
"20091052505","tract",2023,"food_score",124.31
"20091052506","tract",2023,"food_score",122.29
"20091052507","tract",2023,"food_score",106.85
"20091052604","tract",2023,"food_score",124.04
"20091052606","tract",2023,"food_score",115.91
"20091052607","tract",2023,"food_score",123.66
"20091052608","tract",2023,"food_score",126.35
"20091052609","tract",2023,"food_score",125.62
"20091052610","tract",2023,"food_score",126.1
"20091052611","tract",2023,"food_score",121.03
"20091052612","tract",2023,"food_score",124.57
"20091052613","tract",2023,"food_score",127.22
"20091052701","tract",2023,"food_score",126.17
"20091052702","tract",2023,"food_score",104.99
"20091052803","tract",2023,"food_score",114.97
"20091052804","tract",2023,"food_score",126.38
"20091052805","tract",2023,"food_score",116.86
"20091052806","tract",2023,"food_score",122.87
"20091052807","tract",2023,"food_score",124.94
"20091052904","tract",2023,"food_score",124.27
"20091052905","tract",2023,"food_score",116.65
"20091052906","tract",2023,"food_score",100.12
"20091052907","tract",2023,"food_score",104.58
"20091052908","tract",2023,"food_score",119.56
"20091052910","tract",2023,"food_score",123.49
"20091053004","tract",2023,"food_score",119.28
"20091053005","tract",2023,"food_score",117.05
"20091053006","tract",2023,"food_score",122.78
"20091053007","tract",2023,"food_score",114.24
"20091053008","tract",2023,"food_score",118.65
"20091053009","tract",2023,"food_score",125.06
"20091053010","tract",2023,"food_score",124.94
"20091053011","tract",2023,"food_score",122.83
"20091053012","tract",2023,"food_score",112.74
"20091053013","tract",2023,"food_score",106.79
"20091053101","tract",2023,"food_score",120.46
"20091053102","tract",2023,"food_score",119.18
"20091053105","tract",2023,"food_score",118.99
"20091053108","tract",2023,"food_score",122.29
"20091053109","tract",2023,"food_score",123.82
"20091053110","tract",2023,"food_score",124.02
"20091053201","tract",2023,"food_score",116.58
"20091053202","tract",2023,"food_score",119.41
"20091053203","tract",2023,"food_score",125.87
"20091053301","tract",2023,"food_score",125.44
"20091053302","tract",2023,"food_score",126.48
"20091053403","tract",2023,"food_score",119.23
"20091053409","tract",2023,"food_score",123.11
"20091053411","tract",2023,"food_score",120.56
"20091053413","tract",2023,"food_score",117.82
"20091053414","tract",2023,"food_score",124.68
"20091053415","tract",2023,"food_score",123.36
"20091053417","tract",2023,"food_score",121.89
"20091053418","tract",2023,"food_score",120.8
"20091053419","tract",2023,"food_score",121.59
"20091053421","tract",2023,"food_score",121.89
"20091053422","tract",2023,"food_score",121.07
"20091053423","tract",2023,"food_score",125.83
"20091053425","tract",2023,"food_score",109.77
"20091053426","tract",2023,"food_score",122.08
"20091053427","tract",2023,"food_score",128.69
"20091053428","tract",2023,"food_score",124.8
"20091053429","tract",2023,"food_score",124.76
"20091053430","tract",2023,"food_score",125.26
"20091053431","tract",2023,"food_score",125.47
"20091053502","tract",2023,"food_score",116.92
"20091053506","tract",2023,"food_score",117.97
"20091053507","tract",2023,"food_score",114.83
"20091053508","tract",2023,"food_score",117.38
"20091053509","tract",2023,"food_score",124.57
"20091053510","tract",2023,"food_score",115.39
"20091053555","tract",2023,"food_score",101.34
"20091053556","tract",2023,"food_score",104.48
"20091053557","tract",2023,"food_score",109.3
"20091053558","tract",2023,"food_score",115
"20091053559","tract",2023,"food_score",124.28
"20091053560","tract",2023,"food_score",122.92
"20091053601","tract",2023,"food_score",118.39
"20091053603","tract",2023,"food_score",123.44
"20091053604","tract",2023,"food_score",117.14
"20091053701","tract",2023,"food_score",115.06
"20091053703","tract",2023,"food_score",118.08
"20091053705","tract",2023,"food_score",106.54
"20091053707","tract",2023,"food_score",112.6
"20091053709","tract",2023,"food_score",122.08
"20091053711","tract",2023,"food_score",123.34
"20091053712","tract",2023,"food_score",118.41
"20091053801","tract",2023,"food_score",121.89
"20091053803","tract",2023,"food_score",125.36
"20091053804","tract",2023,"food_score",121.7
"20091980001","tract",2023,"food_score",NA
"20091980003","tract",2023,"food_score",NA
"20091980004","tract",2023,"food_score",-5.41
"20091980005","tract",2023,"food_score",NA
"20091980100","tract",2023,"food_score",NA
"20093959100","tract",2023,"food_score",111
"20095961100","tract",2023,"food_score",110.17
"20095961200","tract",2023,"food_score",106.62
"20095961300","tract",2023,"food_score",112.88
"20097969100","tract",2023,"food_score",116.06
"20099950100","tract",2023,"food_score",104.91
"20099950200","tract",2023,"food_score",92.72
"20099950300","tract",2023,"food_score",111.04
"20099950400","tract",2023,"food_score",103.59
"20099950500","tract",2023,"food_score",122.74
"20099950600","tract",2023,"food_score",116.1
"20099950700","tract",2023,"food_score",105.32
"20099950800","tract",2023,"food_score",83.58
"20101956600","tract",2023,"food_score",122.57
"20103070100","tract",2023,"food_score",99.52
"20103070200","tract",2023,"food_score",94.99
"20103070300","tract",2023,"food_score",93.27
"20103070400","tract",2023,"food_score",112.45
"20103070500","tract",2023,"food_score",100.15
"20103070700","tract",2023,"food_score",114.24
"20103070900","tract",2023,"food_score",121.49
"20103071000","tract",2023,"food_score",118.05
"20103071102","tract",2023,"food_score",88.23
"20103071103","tract",2023,"food_score",123.67
"20103071104","tract",2023,"food_score",121.18
"20103071105","tract",2023,"food_score",115.59
"20103071202","tract",2023,"food_score",121.99
"20103071204","tract",2023,"food_score",123.79
"20103071205","tract",2023,"food_score",124.8
"20103071400","tract",2023,"food_score",111.74
"20103071600","tract",2023,"food_score",124.68
"20103071800","tract",2023,"food_score",117.84
"20103981900","tract",2023,"food_score",122.36
"20105086100","tract",2023,"food_score",113.4
"20107955101","tract",2023,"food_score",124.03
"20107955102","tract",2023,"food_score",109
"20107955200","tract",2023,"food_score",103.42
"20109954600","tract",2023,"food_score",108.49
"20111000101","tract",2023,"food_score",100.76
"20111000102","tract",2023,"food_score",NA
"20111000103","tract",2023,"food_score",117.99
"20111000201","tract",2023,"food_score",114.42
"20111000202","tract",2023,"food_score",116.12
"20111000203","tract",2023,"food_score",115.72
"20111000300","tract",2023,"food_score",111.26
"20111000400","tract",2023,"food_score",103
"20111000500","tract",2023,"food_score",109.1
"20111000600","tract",2023,"food_score",119.16
"20111000700","tract",2023,"food_score",119.23
"20111000800","tract",2023,"food_score",114.61
"20113788100","tract",2023,"food_score",113.17
"20113788200","tract",2023,"food_score",112.45
"20113788300","tract",2023,"food_score",123.14
"20113788400","tract",2023,"food_score",128.18
"20113788500","tract",2023,"food_score",118.85
"20113788600","tract",2023,"food_score",115.46
"20113788700","tract",2023,"food_score",124.49
"20115489500","tract",2023,"food_score",114.34
"20115489600","tract",2023,"food_score",115.67
"20115489700","tract",2023,"food_score",118.01
"20115489800","tract",2023,"food_score",105.8
"20117040701","tract",2023,"food_score",121.8
"20117060510","tract",2023,"food_score",113.79
"20117070182","tract",2023,"food_score",115.3
"20117090186","tract",2023,"food_score",119.48
"20119966600","tract",2023,"food_score",108.74
"20119966700","tract",2023,"food_score",121.88
"20121100100","tract",2023,"food_score",121.3
"20121100200","tract",2023,"food_score",119.16
"20121100300","tract",2023,"food_score",120.88
"20121100400","tract",2023,"food_score",112.42
"20121100500","tract",2023,"food_score",115.27
"20121100601","tract",2023,"food_score",104.04
"20121100602","tract",2023,"food_score",118.52
"20121100700","tract",2023,"food_score",113.74
"20123176600","tract",2023,"food_score",116.03
"20123176700","tract",2023,"food_score",116.07
"20125950100","tract",2023,"food_score",118.66
"20125950200","tract",2023,"food_score",90.34
"20125950300","tract",2023,"food_score",111.92
"20125950400","tract",2023,"food_score",103.93
"20125950500","tract",2023,"food_score",109.4
"20125950600","tract",2023,"food_score",101.97
"20125950700","tract",2023,"food_score",118.41
"20125950800","tract",2023,"food_score",106.7
"20125951000","tract",2023,"food_score",78.54
"20125951100","tract",2023,"food_score",91.02
"20125951300","tract",2023,"food_score",104.68
"20125951400","tract",2023,"food_score",82.35
"20127963600","tract",2023,"food_score",112.03
"20127963700","tract",2023,"food_score",111.11
"20129964600","tract",2023,"food_score",111.06
"20131480100","tract",2023,"food_score",118.73
"20131480200","tract",2023,"food_score",115.69
"20131480300","tract",2023,"food_score",111.86
"20133951600","tract",2023,"food_score",109.75
"20133951700","tract",2023,"food_score",102.05
"20133951800","tract",2023,"food_score",101.97
"20133951900","tract",2023,"food_score",103.3
"20133952000","tract",2023,"food_score",107.74
"20135956300","tract",2023,"food_score",115.55
"20137951700","tract",2023,"food_score",108.01
"20139010100","tract",2023,"food_score",110.39
"20139010200","tract",2023,"food_score",101.56
"20139010300","tract",2023,"food_score",119.43
"20139010400","tract",2023,"food_score",100.59
"20139010500","tract",2023,"food_score",109.56
"20141474100","tract",2023,"food_score",103.46
"20143085600","tract",2023,"food_score",109.14
"20143085700","tract",2023,"food_score",110.35
"20145970200","tract",2023,"food_score",108.65
"20145970300","tract",2023,"food_score",121.18
"20147475100","tract",2023,"food_score",112.57
"20147475200","tract",2023,"food_score",99.16
"20147475300","tract",2023,"food_score",104.56
"20149000101","tract",2023,"food_score",123.05
"20149000102","tract",2023,"food_score",111.08
"20149000200","tract",2023,"food_score",119.03
"20149000300","tract",2023,"food_score",115.47
"20149000400","tract",2023,"food_score",116.61
"20151968600","tract",2023,"food_score",119.23
"20151968700","tract",2023,"food_score",116.03
"20151968800","tract",2023,"food_score",107.11
"20153950600","tract",2023,"food_score",94.17
"20155000100","tract",2023,"food_score",108.29
"20155000200","tract",2023,"food_score",117.83
"20155000300","tract",2023,"food_score",112.18
"20155000400","tract",2023,"food_score",112.65
"20155000500","tract",2023,"food_score",102.7
"20155000600","tract",2023,"food_score",92.77
"20155000700","tract",2023,"food_score",99.6
"20155000800","tract",2023,"food_score",NA
"20155001000","tract",2023,"food_score",84.73
"20155001100","tract",2023,"food_score",123.87
"20155001200","tract",2023,"food_score",115.78
"20155001300","tract",2023,"food_score",110.03
"20155001400","tract",2023,"food_score",114.24
"20155001500","tract",2023,"food_score",112.91
"20155001600","tract",2023,"food_score",104.4
"20155001700","tract",2023,"food_score",115.89
"20155001800","tract",2023,"food_score",105.8
"20157978100","tract",2023,"food_score",121.14
"20157978200","tract",2023,"food_score",104.09
"20157978300","tract",2023,"food_score",106.34
"20159967100","tract",2023,"food_score",115.14
"20159967200","tract",2023,"food_score",110.74
"20159967300","tract",2023,"food_score",112.93
"20161000201","tract",2023,"food_score",109.34
"20161000202","tract",2023,"food_score",102.22
"20161000303","tract",2023,"food_score",NA
"20161000304","tract",2023,"food_score",101.9
"20161000500","tract",2023,"food_score",103.23
"20161000601","tract",2023,"food_score",118.34
"20161000602","tract",2023,"food_score",108.01
"20161000700","tract",2023,"food_score",90.8
"20161000801","tract",2023,"food_score",99.31
"20161000802","tract",2023,"food_score",102.42
"20161000900","tract",2023,"food_score",109.04
"20161001002","tract",2023,"food_score",NA
"20161001101","tract",2023,"food_score",NA
"20161001102","tract",2023,"food_score",98.8
"20161001301","tract",2023,"food_score",115.39
"20161001302","tract",2023,"food_score",118
"20161980000","tract",2023,"food_score",NA
"20163974600","tract",2023,"food_score",113.11
"20163974700","tract",2023,"food_score",113.27
"20165972300","tract",2023,"food_score",112.65
"20167973800","tract",2023,"food_score",88.92
"20167973900","tract",2023,"food_score",115.16
"20169000101","tract",2023,"food_score",97.19
"20169000102","tract",2023,"food_score",83.16
"20169000200","tract",2023,"food_score",112.36
"20169000300","tract",2023,"food_score",83.89
"20169000400","tract",2023,"food_score",103.01
"20169000500","tract",2023,"food_score",81.1
"20169000600","tract",2023,"food_score",112.95
"20169000700","tract",2023,"food_score",112.67
"20169000800","tract",2023,"food_score",118.31
"20169000900","tract",2023,"food_score",120.45
"20169001000","tract",2023,"food_score",122.02
"20169001100","tract",2023,"food_score",113.74
"20169001200","tract",2023,"food_score",116.3
"20171957100","tract",2023,"food_score",114.71
"20173000100","tract",2023,"food_score",82.8
"20173000200","tract",2023,"food_score",104.44
"20173000300","tract",2023,"food_score",76.85
"20173000400","tract",2023,"food_score",70.42
"20173000600","tract",2023,"food_score",77.96
"20173000700","tract",2023,"food_score",60.45
"20173000800","tract",2023,"food_score",61.67
"20173000900","tract",2023,"food_score",53.31
"20173001000","tract",2023,"food_score",101.27
"20173001100","tract",2023,"food_score",77.63
"20173001400","tract",2023,"food_score",120.26
"20173001500","tract",2023,"food_score",95.52
"20173001800","tract",2023,"food_score",76.21
"20173001900","tract",2023,"food_score",109.23
"20173002000","tract",2023,"food_score",114.6
"20173002200","tract",2023,"food_score",113.95
"20173002300","tract",2023,"food_score",101.22
"20173002400","tract",2023,"food_score",83.69
"20173002600","tract",2023,"food_score",49.79
"20173002700","tract",2023,"food_score",106.22
"20173002800","tract",2023,"food_score",96.68
"20173002900","tract",2023,"food_score",94.65
"20173003000","tract",2023,"food_score",89.19
"20173003100","tract",2023,"food_score",79.34
"20173003200","tract",2023,"food_score",87.27
"20173003400","tract",2023,"food_score",86.3
"20173003500","tract",2023,"food_score",104.87
"20173003600","tract",2023,"food_score",90.39
"20173003700","tract",2023,"food_score",92.2
"20173003800","tract",2023,"food_score",90.82
"20173003900","tract",2023,"food_score",88.14
"20173004000","tract",2023,"food_score",75.08
"20173004301","tract",2023,"food_score",NA
"20173004302","tract",2023,"food_score",60.69
"20173005100","tract",2023,"food_score",100.56
"20173005200","tract",2023,"food_score",94.36
"20173005300","tract",2023,"food_score",99.77
"20173005401","tract",2023,"food_score",95.28
"20173005402","tract",2023,"food_score",75.55
"20173005501","tract",2023,"food_score",107.11
"20173005502","tract",2023,"food_score",116.99
"20173005600","tract",2023,"food_score",94.17
"20173005700","tract",2023,"food_score",88.68
"20173005800","tract",2023,"food_score",90.75
"20173005900","tract",2023,"food_score",85.69
"20173006000","tract",2023,"food_score",102.32
"20173006100","tract",2023,"food_score",91.82
"20173006200","tract",2023,"food_score",93.35
"20173006300","tract",2023,"food_score",99.35
"20173006400","tract",2023,"food_score",99.03
"20173006500","tract",2023,"food_score",31.95
"20173006600","tract",2023,"food_score",114.67
"20173006700","tract",2023,"food_score",82.69
"20173006800","tract",2023,"food_score",69.21
"20173006900","tract",2023,"food_score",93.6
"20173007000","tract",2023,"food_score",96.46
"20173007101","tract",2023,"food_score",89.37
"20173007102","tract",2023,"food_score",106.35
"20173007201","tract",2023,"food_score",115.72
"20173007205","tract",2023,"food_score",100.71
"20173007206","tract",2023,"food_score",99.44
"20173007207","tract",2023,"food_score",123.32
"20173007208","tract",2023,"food_score",113.56
"20173007301","tract",2023,"food_score",123.71
"20173007302","tract",2023,"food_score",114.06
"20173007500","tract",2023,"food_score",61.76
"20173007600","tract",2023,"food_score",114.48
"20173007701","tract",2023,"food_score",107.5
"20173007702","tract",2023,"food_score",103.56
"20173007800","tract",2023,"food_score",44.5
"20173008000","tract",2023,"food_score",110.11
"20173008100","tract",2023,"food_score",124.34
"20173008200","tract",2023,"food_score",105.31
"20173008300","tract",2023,"food_score",116.71
"20173008400","tract",2023,"food_score",106.37
"20173008500","tract",2023,"food_score",84.66
"20173008600","tract",2023,"food_score",111.71
"20173008700","tract",2023,"food_score",107.51
"20173008800","tract",2023,"food_score",105.4
"20173008900","tract",2023,"food_score",100.81
"20173009000","tract",2023,"food_score",100.47
"20173009100","tract",2023,"food_score",86.1
"20173009200","tract",2023,"food_score",114.59
"20173009301","tract",2023,"food_score",111.25
"20173009303","tract",2023,"food_score",115.24
"20173009304","tract",2023,"food_score",103.38
"20173009401","tract",2023,"food_score",116.64
"20173009402","tract",2023,"food_score",103.11
"20173009504","tract",2023,"food_score",96.57
"20173009505","tract",2023,"food_score",94.07
"20173009506","tract",2023,"food_score",119.09
"20173009507","tract",2023,"food_score",119.83
"20173009508","tract",2023,"food_score",120.62
"20173009509","tract",2023,"food_score",119.83
"20173009510","tract",2023,"food_score",117.88
"20173009511","tract",2023,"food_score",124.84
"20173009512","tract",2023,"food_score",117.4
"20173009513","tract",2023,"food_score",117.84
"20173009514","tract",2023,"food_score",125.87
"20173009515","tract",2023,"food_score",117.59
"20173009603","tract",2023,"food_score",116.37
"20173009604","tract",2023,"food_score",105.44
"20173009605","tract",2023,"food_score",126.84
"20173009700","tract",2023,"food_score",111.76
"20173009801","tract",2023,"food_score",92.99
"20173009803","tract",2023,"food_score",124.9
"20173009804","tract",2023,"food_score",116.12
"20173009901","tract",2023,"food_score",119.95
"20173009902","tract",2023,"food_score",100.07
"20173010001","tract",2023,"food_score",118.26
"20173010002","tract",2023,"food_score",117.15
"20173010003","tract",2023,"food_score",101.85
"20173010005","tract",2023,"food_score",99.7
"20173010006","tract",2023,"food_score",116.02
"20173010007","tract",2023,"food_score",116.33
"20173010106","tract",2023,"food_score",124.71
"20173010107","tract",2023,"food_score",120.95
"20173010108","tract",2023,"food_score",121.28
"20173010109","tract",2023,"food_score",93.02
"20173010110","tract",2023,"food_score",117.17
"20173010111","tract",2023,"food_score",118.24
"20173010113","tract",2023,"food_score",117.39
"20173010115","tract",2023,"food_score",117.6
"20173010116","tract",2023,"food_score",121.87
"20173010201","tract",2023,"food_score",120.53
"20173010202","tract",2023,"food_score",109.44
"20173010301","tract",2023,"food_score",121.18
"20173010302","tract",2023,"food_score",119.64
"20173010400","tract",2023,"food_score",109.96
"20173010500","tract",2023,"food_score",122.37
"20173010600","tract",2023,"food_score",119.27
"20173010700","tract",2023,"food_score",110.98
"20173010801","tract",2023,"food_score",111.41
"20173010802","tract",2023,"food_score",74.34
"20173010900","tract",2023,"food_score",106.17
"20175965600","tract",2023,"food_score",117.82
"20175965700","tract",2023,"food_score",111.62
"20175965800","tract",2023,"food_score",109.64
"20175965900","tract",2023,"food_score",95.84
"20175966000","tract",2023,"food_score",114.26
"20177000400","tract",2023,"food_score",80.04
"20177000500","tract",2023,"food_score",70.72
"20177000600","tract",2023,"food_score",91.69
"20177000700","tract",2023,"food_score",103.67
"20177000800","tract",2023,"food_score",105.69
"20177000900","tract",2023,"food_score",84.81
"20177001000","tract",2023,"food_score",113.92
"20177001100","tract",2023,"food_score",78.75
"20177001200","tract",2023,"food_score",87.93
"20177001300","tract",2023,"food_score",85.18
"20177001500","tract",2023,"food_score",105.62
"20177001601","tract",2023,"food_score",100.36
"20177001603","tract",2023,"food_score",103.17
"20177001604","tract",2023,"food_score",108.57
"20177001800","tract",2023,"food_score",118.41
"20177001900","tract",2023,"food_score",115.18
"20177002100","tract",2023,"food_score",89.72
"20177002200","tract",2023,"food_score",95.92
"20177002401","tract",2023,"food_score",117.48
"20177002402","tract",2023,"food_score",107.05
"20177002500","tract",2023,"food_score",112.95
"20177002601","tract",2023,"food_score",102.66
"20177002602","tract",2023,"food_score",110.84
"20177002701","tract",2023,"food_score",117.64
"20177002702","tract",2023,"food_score",118.22
"20177002800","tract",2023,"food_score",86.6
"20177002900","tract",2023,"food_score",97.37
"20177003001","tract",2023,"food_score",94.8
"20177003002","tract",2023,"food_score",117.71
"20177003100","tract",2023,"food_score",81.93
"20177003301","tract",2023,"food_score",107.52
"20177003302","tract",2023,"food_score",124.86
"20177003401","tract",2023,"food_score",119.93
"20177003402","tract",2023,"food_score",118.78
"20177003500","tract",2023,"food_score",119.05
"20177003601","tract",2023,"food_score",119.7
"20177003604","tract",2023,"food_score",127.63
"20177003605","tract",2023,"food_score",123.41
"20177003606","tract",2023,"food_score",108.29
"20177003607","tract",2023,"food_score",118.64
"20177003701","tract",2023,"food_score",109.25
"20177003702","tract",2023,"food_score",110.04
"20177003901","tract",2023,"food_score",126.33
"20177003902","tract",2023,"food_score",118.49
"20177004000","tract",2023,"food_score",83.8
"20177004100","tract",2023,"food_score",120.09
"20179952800","tract",2023,"food_score",121.57
"20181453600","tract",2023,"food_score",109.2
"20181453700","tract",2023,"food_score",121.2
"20183475800","tract",2023,"food_score",107
"20183475900","tract",2023,"food_score",116.59
"20185470600","tract",2023,"food_score",113.73
"20185470700","tract",2023,"food_score",117.99
"20187964100","tract",2023,"food_score",96.26
"20189965100","tract",2023,"food_score",114.12
"20189965200","tract",2023,"food_score",119.93
"20191962100","tract",2023,"food_score",101.4
"20191962200","tract",2023,"food_score",112.59
"20191962300","tract",2023,"food_score",104.3
"20191962400","tract",2023,"food_score",107.72
"20191962500","tract",2023,"food_score",105.98
"20191962600","tract",2023,"food_score",114.69
"20193953100","tract",2023,"food_score",115.81
"20193953400","tract",2023,"food_score",120.98
"20195955800","tract",2023,"food_score",110.36
"20197483100","tract",2023,"food_score",110.16
"20197483200","tract",2023,"food_score",114.93
"20199954100","tract",2023,"food_score",106.81
"20201978600","tract",2023,"food_score",113.96
"20201978700","tract",2023,"food_score",111.61
"20203957600","tract",2023,"food_score",110.25
"20205097100","tract",2023,"food_score",98.47
"20205097200","tract",2023,"food_score",114.13
"20205097300","tract",2023,"food_score",109.6
"20205097400","tract",2023,"food_score",107.42
"20207096600","tract",2023,"food_score",103.67
"20207096700","tract",2023,"food_score",115.09
"20209040100","tract",2023,"food_score",96.5
"20209040200","tract",2023,"food_score",85.82
"20209040500","tract",2023,"food_score",73.83
"20209040600","tract",2023,"food_score",91.71
"20209040700","tract",2023,"food_score",108.3
"20209040900","tract",2023,"food_score",116.44
"20209041100","tract",2023,"food_score",41.84
"20209041200","tract",2023,"food_score",50.29
"20209041300","tract",2023,"food_score",101.1
"20209041400","tract",2023,"food_score",58.84
"20209041500","tract",2023,"food_score",86.79
"20209041600","tract",2023,"food_score",99.23
"20209041900","tract",2023,"food_score",110.75
"20209042001","tract",2023,"food_score",85.7
"20209042002","tract",2023,"food_score",89.46
"20209042100","tract",2023,"food_score",94.18
"20209042200","tract",2023,"food_score",102.93
"20209042300","tract",2023,"food_score",82.34
"20209042400","tract",2023,"food_score",107.1
"20209042600","tract",2023,"food_score",104.5
"20209042700","tract",2023,"food_score",84.78
"20209042800","tract",2023,"food_score",66.01
"20209042900","tract",2023,"food_score",92.63
"20209043000","tract",2023,"food_score",112.35
"20209043301","tract",2023,"food_score",90.83
"20209043400","tract",2023,"food_score",113.24
"20209043500","tract",2023,"food_score",119.64
"20209043600","tract",2023,"food_score",106.82
"20209043700","tract",2023,"food_score",106.7
"20209043802","tract",2023,"food_score",110.48
"20209043803","tract",2023,"food_score",119.6
"20209043903","tract",2023,"food_score",91.23
"20209043904","tract",2023,"food_score",80.79
"20209043905","tract",2023,"food_score",64.68
"20209044001","tract",2023,"food_score",115.27
"20209044002","tract",2023,"food_score",85.52
"20209044101","tract",2023,"food_score",73.79
"20209044102","tract",2023,"food_score",82.83
"20209044103","tract",2023,"food_score",97.03
"20209044104","tract",2023,"food_score",102.3
"20209044201","tract",2023,"food_score",114.27
"20209044202","tract",2023,"food_score",103.04
"20209044301","tract",2023,"food_score",101.47
"20209044302","tract",2023,"food_score",108.56
"20209044303","tract",2023,"food_score",83.58
"20209044400","tract",2023,"food_score",87.66
"20209044500","tract",2023,"food_score",90.57
"20209044601","tract",2023,"food_score",123.12
"20209044602","tract",2023,"food_score",NA
"20209044603","tract",2023,"food_score",NA
"20209044702","tract",2023,"food_score",108.51
"20209044703","tract",2023,"food_score",120.71
"20209044704","tract",2023,"food_score",120.14
"20209044803","tract",2023,"food_score",122.7
"20209044804","tract",2023,"food_score",119.15
"20209044807","tract",2023,"food_score",116.91
"20209044900","tract",2023,"food_score",102.26
"20209045100","tract",2023,"food_score",101.58
"20209045200","tract",2023,"food_score",116.89
"20209980000","tract",2023,"food_score",NA
"20209980500","tract",2023,"food_score",NA
"20209980900","tract",2023,"food_score",NA
"20209981200","tract",2023,"food_score",NA
"20209981500","tract",2023,"food_score",NA
"20001952600","tract",2023,"food_rnk",58.903
"20001952700","tract",2023,"food_rnk",54.8901
"20001952800","tract",2023,"food_rnk",36.6337
"20001952900","tract",2023,"food_rnk",62.7816
"20001953000","tract",2023,"food_rnk",31.2888
"20003953600","tract",2023,"food_rnk",70.341
"20003953700","tract",2023,"food_rnk",69.2264
"20005081600","tract",2023,"food_rnk",69.4669
"20005081701","tract",2023,"food_rnk",79.5058
"20005081702","tract",2023,"food_rnk",NA
"20005081800","tract",2023,"food_rnk",17.7046
"20005081900","tract",2023,"food_rnk",34.8696
"20007968100","tract",2023,"food_rnk",81.8181
"20007968200","tract",2023,"food_rnk",83.2965
"20009971100","tract",2023,"food_rnk",77.0812
"20009971200","tract",2023,"food_rnk",76.1705
"20009971300","tract",2023,"food_rnk",62.2334
"20009971400","tract",2023,"food_rnk",31.992
"20009971500","tract",2023,"food_rnk",61.8354
"20009971600","tract",2023,"food_rnk",80.9452
"20009971700","tract",2023,"food_rnk",44.0368
"20009971801","tract",2023,"food_rnk",64.8423
"20011955600","tract",2023,"food_rnk",44.0051
"20011955700","tract",2023,"food_rnk",65.957
"20011955800","tract",2023,"food_rnk",66.3684
"20011955900","tract",2023,"food_rnk",37.5505
"20011956000","tract",2023,"food_rnk",36.464
"20013480600","tract",2023,"food_rnk",69.9503
"20013480700","tract",2023,"food_rnk",70.4789
"20013480800","tract",2023,"food_rnk",41.0079
"20015020101","tract",2023,"food_rnk",43.3519
"20015020102","tract",2023,"food_rnk",NA
"20015020204","tract",2023,"food_rnk",95.6709
"20015020205","tract",2023,"food_rnk",83.233
"20015020206","tract",2023,"food_rnk",76.9762
"20015020207","tract",2023,"food_rnk",87.8746
"20015020208","tract",2023,"food_rnk",95.5354
"20015020209","tract",2023,"food_rnk",54.6947
"20015020210","tract",2023,"food_rnk",92.3637
"20015020300","tract",2023,"food_rnk",57.0802
"20015020400","tract",2023,"food_rnk",15.794
"20015020500","tract",2023,"food_rnk",26.4116
"20015020601","tract",2023,"food_rnk",61.5912
"20015020602","tract",2023,"food_rnk",75.0632
"20015020700","tract",2023,"food_rnk",67.306
"20015020800","tract",2023,"food_rnk",55.896
"20015020901","tract",2023,"food_rnk",87.158
"20015020902","tract",2023,"food_rnk",90.0477
"20015020903","tract",2023,"food_rnk",79.2848
"20017960600","tract",2023,"food_rnk",56.3453
"20019964600","tract",2023,"food_rnk",39.9189
"20021958100","tract",2023,"food_rnk",61.2311
"20021958200","tract",2023,"food_rnk",46.1
"20021958300","tract",2023,"food_rnk",33.4351
"20021958400","tract",2023,"food_rnk",67.0643
"20021958500","tract",2023,"food_rnk",16.9916
"20021958600","tract",2023,"food_rnk",57.5686
"20023950200","tract",2023,"food_rnk",80.1736
"20025967100","tract",2023,"food_rnk",73.0024
"20027458100","tract",2023,"food_rnk",74.7482
"20027458200","tract",2023,"food_rnk",48.3256
"20029977100","tract",2023,"food_rnk",90.9646
"20029977200","tract",2023,"food_rnk",76.5721
"20029977300","tract",2023,"food_rnk",82.8057
"20029977400","tract",2023,"food_rnk",85.0252
"20031966100","tract",2023,"food_rnk",61.0651
"20031966200","tract",2023,"food_rnk",83.9924
"20031966300","tract",2023,"food_rnk",26.0978
"20033967600","tract",2023,"food_rnk",80.7755
"20035493100","tract",2023,"food_rnk",57.9055
"20035493200","tract",2023,"food_rnk",75.2255
"20035493300","tract",2023,"food_rnk",92.913
"20035493400","tract",2023,"food_rnk",59.5366
"20035493500","tract",2023,"food_rnk",47.8825
"20035493600","tract",2023,"food_rnk",41.6281
"20035493700","tract",2023,"food_rnk",50.0873
"20035493800","tract",2023,"food_rnk",43.5387
"20035493900","tract",2023,"food_rnk",54.873
"20035494000","tract",2023,"food_rnk",12.5209
"20035494100","tract",2023,"food_rnk",26.7156
"20037956600","tract",2023,"food_rnk",57.9971
"20037956700","tract",2023,"food_rnk",58.5514
"20037956800","tract",2023,"food_rnk",47.8031
"20037956900","tract",2023,"food_rnk",72.9414
"20037957000","tract",2023,"food_rnk",69.0408
"20037957100","tract",2023,"food_rnk",9.4188
"20037957200","tract",2023,"food_rnk",26.5544
"20037957300","tract",2023,"food_rnk",64.9131
"20037957400","tract",2023,"food_rnk",66.7444
"20037957500","tract",2023,"food_rnk",38.46
"20037957601","tract",2023,"food_rnk",41.8247
"20037957602","tract",2023,"food_rnk",9.4468
"20039951300","tract",2023,"food_rnk",73.719
"20041084100","tract",2023,"food_rnk",81.6508
"20041084200","tract",2023,"food_rnk",85.5538
"20041084300","tract",2023,"food_rnk",76.7955
"20041084400","tract",2023,"food_rnk",62.0503
"20041084500","tract",2023,"food_rnk",51.0383
"20041084600","tract",2023,"food_rnk",34.2701
"20043020100","tract",2023,"food_rnk",70.9209
"20043020200","tract",2023,"food_rnk",60.1238
"20043020300","tract",2023,"food_rnk",60.8502
"20045000100","tract",2023,"food_rnk",60.7818
"20045000201","tract",2023,"food_rnk",70.1749
"20045000202","tract",2023,"food_rnk",29.4063
"20045000301","tract",2023,"food_rnk",89.8133
"20045000302","tract",2023,"food_rnk",67.3951
"20045000400","tract",2023,"food_rnk",NA
"20045000501","tract",2023,"food_rnk",29.482
"20045000502","tract",2023,"food_rnk",61.4911
"20045000602","tract",2023,"food_rnk",98.8451
"20045000603","tract",2023,"food_rnk",72.4213
"20045000604","tract",2023,"food_rnk",96.8734
"20045000701","tract",2023,"food_rnk",70.9758
"20045000703","tract",2023,"food_rnk",91.4688
"20045000704","tract",2023,"food_rnk",68.9968
"20045000797","tract",2023,"food_rnk",80.745
"20045000801","tract",2023,"food_rnk",58.3646
"20045000802","tract",2023,"food_rnk",25.7609
"20045000902","tract",2023,"food_rnk",70.6767
"20045000903","tract",2023,"food_rnk",91.8668
"20045000904","tract",2023,"food_rnk",50.5793
"20045001001","tract",2023,"food_rnk",79.2848
"20045001002","tract",2023,"food_rnk",93.6712
"20045001201","tract",2023,"food_rnk",96.8502
"20045001202","tract",2023,"food_rnk",92.0475
"20045001203","tract",2023,"food_rnk",71.7449
"20045001400","tract",2023,"food_rnk",90.8645
"20045001500","tract",2023,"food_rnk",72.0379
"20047969600","tract",2023,"food_rnk",74.786
"20047969700","tract",2023,"food_rnk",63.1258
"20049965100","tract",2023,"food_rnk",60.8502
"20051072600","tract",2023,"food_rnk",58.8273
"20051072701","tract",2023,"food_rnk",60.4949
"20051072702","tract",2023,"food_rnk",77.8931
"20051072801","tract",2023,"food_rnk",88.3825
"20051072802","tract",2023,"food_rnk",46.9558
"20051072901","tract",2023,"food_rnk",60.7305
"20051072902","tract",2023,"food_rnk",NA
"20051073000","tract",2023,"food_rnk",78.3069
"20053086600","tract",2023,"food_rnk",71.7987
"20053086700","tract",2023,"food_rnk",75.3379
"20055960100","tract",2023,"food_rnk",69.02
"20055960200","tract",2023,"food_rnk",68.5183
"20055960300","tract",2023,"food_rnk",23.047
"20055960401","tract",2023,"food_rnk",61.9172
"20055960403","tract",2023,"food_rnk",69.9064
"20055960404","tract",2023,"food_rnk",71.2407
"20055960501","tract",2023,"food_rnk",17.1857
"20055960503","tract",2023,"food_rnk",78.368
"20055960505","tract",2023,"food_rnk",19.1708
"20055960507","tract",2023,"food_rnk",33.6817
"20055960508","tract",2023,"food_rnk",23.1764
"20055960600","tract",2023,"food_rnk",93.2756
"20057961600","tract",2023,"food_rnk",72.2699
"20057961700","tract",2023,"food_rnk",82.4932
"20057961801","tract",2023,"food_rnk",85.4525
"20057961802","tract",2023,"food_rnk",54.7997
"20057961901","tract",2023,"food_rnk",24.2141
"20057961902","tract",2023,"food_rnk",39.9482
"20057962000","tract",2023,"food_rnk",61.0309
"20057962101","tract",2023,"food_rnk",92.3893
"20057962102","tract",2023,"food_rnk",90.3175
"20059954101","tract",2023,"food_rnk",52.756
"20059954102","tract",2023,"food_rnk",87.5523
"20059954200","tract",2023,"food_rnk",57.4123
"20059954300","tract",2023,"food_rnk",57.8091
"20059954400","tract",2023,"food_rnk",57.4123
"20059954500","tract",2023,"food_rnk",77.771
"20061000100","tract",2023,"food_rnk",32.7685
"20061000200","tract",2023,"food_rnk",43.4203
"20061000300","tract",2023,"food_rnk",32.4877
"20061000401","tract",2023,"food_rnk",65.1463
"20061000402","tract",2023,"food_rnk",39.7358
"20061000500","tract",2023,"food_rnk",88.6462
"20061000601","tract",2023,"food_rnk",62.5545
"20061000602","tract",2023,"food_rnk",71.5093
"20061000700","tract",2023,"food_rnk",83.5077
"20061000801","tract",2023,"food_rnk",28.9399
"20061000802","tract",2023,"food_rnk",85.61
"20063955300","tract",2023,"food_rnk",87.2471
"20065952300","tract",2023,"food_rnk",65.4711
"20067963600","tract",2023,"food_rnk",93.9862
"20067963700","tract",2023,"food_rnk",81.1112
"20069962600","tract",2023,"food_rnk",70.2506
"20069962700","tract",2023,"food_rnk",91.5274
"20071958100","tract",2023,"food_rnk",84.1584
"20073965600","tract",2023,"food_rnk",53.3433
"20073965700","tract",2023,"food_rnk",16.9513
"20073965800","tract",2023,"food_rnk",40.6002
"20075958600","tract",2023,"food_rnk",80.4544
"20077961600","tract",2023,"food_rnk",60.3045
"20077961700","tract",2023,"food_rnk",45.9462
"20077961800","tract",2023,"food_rnk",21.6906
"20079030100","tract",2023,"food_rnk",39.6442
"20079030200","tract",2023,"food_rnk",71.4019
"20079030300","tract",2023,"food_rnk",82.3723
"20079030400","tract",2023,"food_rnk",73.6629
"20079030500","tract",2023,"food_rnk",78.0213
"20079030601","tract",2023,"food_rnk",98.3116
"20079030602","tract",2023,"food_rnk",56.9313
"20081463100","tract",2023,"food_rnk",75.6895
"20083461100","tract",2023,"food_rnk",66.7908
"20085082600","tract",2023,"food_rnk",48.8835
"20085082700","tract",2023,"food_rnk",66.4245
"20085082800","tract",2023,"food_rnk",85.8578
"20087020101","tract",2023,"food_rnk",79.7805
"20087020102","tract",2023,"food_rnk",58.5001
"20087020200","tract",2023,"food_rnk",87.2874
"20087020300","tract",2023,"food_rnk",86.0251
"20089576300","tract",2023,"food_rnk",57.8347
"20091050000","tract",2023,"food_rnk",81.79
"20091050100","tract",2023,"food_rnk",73.6165
"20091050200","tract",2023,"food_rnk",95.5879
"20091050301","tract",2023,"food_rnk",46.73
"20091050302","tract",2023,"food_rnk",74.8605
"20091050400","tract",2023,"food_rnk",42.0859
"20091050500","tract",2023,"food_rnk",94.0069
"20091050600","tract",2023,"food_rnk",99.2077
"20091050700","tract",2023,"food_rnk",96.2899
"20091050800","tract",2023,"food_rnk",93.7933
"20091050900","tract",2023,"food_rnk",97.4741
"20091051000","tract",2023,"food_rnk",92.6677
"20091051100","tract",2023,"food_rnk",97.2946
"20091051200","tract",2023,"food_rnk",87.3582
"20091051300","tract",2023,"food_rnk",50.1886
"20091051400","tract",2023,"food_rnk",92.1525
"20091051500","tract",2023,"food_rnk",94.3121
"20091051600","tract",2023,"food_rnk",96.4779
"20091051700","tract",2023,"food_rnk",94.5673
"20091051801","tract",2023,"food_rnk",74.6945
"20091051803","tract",2023,"food_rnk",56.8288
"20091051804","tract",2023,"food_rnk",86.3327
"20091051805","tract",2023,"food_rnk",80.5997
"20091051806","tract",2023,"food_rnk",87.0542
"20091051807","tract",2023,"food_rnk",84.4392
"20091051808","tract",2023,"food_rnk",89.7816
"20091051902","tract",2023,"food_rnk",66.3684
"20091051904","tract",2023,"food_rnk",69.3753
"20091051907","tract",2023,"food_rnk",43.3043
"20091051908","tract",2023,"food_rnk",54.6947
"20091051909","tract",2023,"food_rnk",76.9482
"20091051910","tract",2023,"food_rnk",3.2853
"20091051911","tract",2023,"food_rnk",22.2314
"20091051912","tract",2023,"food_rnk",45.8986
"20091052001","tract",2023,"food_rnk",87.429
"20091052004","tract",2023,"food_rnk",88.2934
"20091052005","tract",2023,"food_rnk",84.7395
"20091052006","tract",2023,"food_rnk",78.2569
"20091052101","tract",2023,"food_rnk",63.3199
"20091052102","tract",2023,"food_rnk",74.4491
"20091052201","tract",2023,"food_rnk",78.0506
"20091052202","tract",2023,"food_rnk",90.6508
"20091052304","tract",2023,"food_rnk",88.5901
"20091052305","tract",2023,"food_rnk",96.213
"20091052306","tract",2023,"food_rnk",98.7596
"20091052307","tract",2023,"food_rnk",73.8204
"20091052308","tract",2023,"food_rnk",41.1581
"20091052410","tract",2023,"food_rnk",80.4544
"20091052411","tract",2023,"food_rnk",98.0723
"20091052414","tract",2023,"food_rnk",83.1805
"20091052415","tract",2023,"food_rnk",85.61
"20091052416","tract",2023,"food_rnk",89.8133
"20091052417","tract",2023,"food_rnk",51.1189
"20091052418","tract",2023,"food_rnk",39.5625
"20091052419","tract",2023,"food_rnk",62.3946
"20091052421","tract",2023,"food_rnk",83.233
"20091052422","tract",2023,"food_rnk",75.7639
"20091052423","tract",2023,"food_rnk",19.1281
"20091052502","tract",2023,"food_rnk",94.212
"20091052505","tract",2023,"food_rnk",96.357
"20091052506","tract",2023,"food_rnk",92.4906
"20091052507","tract",2023,"food_rnk",54.6947
"20091052604","tract",2023,"food_rnk",95.9395
"20091052606","tract",2023,"food_rnk",77.0556
"20091052607","tract",2023,"food_rnk",95.2461
"20091052608","tract",2023,"food_rnk",98.9171
"20091052609","tract",2023,"food_rnk",98.2286
"20091052610","tract",2023,"food_rnk",98.6925
"20091052611","tract",2023,"food_rnk",89.6546
"20091052612","tract",2023,"food_rnk",96.788
"20091052613","tract",2023,"food_rnk",99.4457
"20091052701","tract",2023,"food_rnk",98.7523
"20091052702","tract",2023,"food_rnk",50.6013
"20091052803","tract",2023,"food_rnk",74.4735
"20091052804","tract",2023,"food_rnk",98.9476
"20091052805","tract",2023,"food_rnk",79.4814
"20091052806","tract",2023,"food_rnk",93.709
"20091052807","tract",2023,"food_rnk",97.319
"20091052904","tract",2023,"food_rnk",96.2899
"20091052905","tract",2023,"food_rnk",78.9613
"20091052906","tract",2023,"food_rnk",41.0079
"20091052907","tract",2023,"food_rnk",49.721
"20091052908","tract",2023,"food_rnk",86.1777
"20091052910","tract",2023,"food_rnk",94.9067
"20091053004","tract",2023,"food_rnk",85.5538
"20091053005","tract",2023,"food_rnk",79.9966
"20091053006","tract",2023,"food_rnk",93.554
"20091053007","tract",2023,"food_rnk",72.5141
"20091053008","tract",2023,"food_rnk",84.0192
"20091053009","tract",2023,"food_rnk",97.49
"20091053010","tract",2023,"food_rnk",97.319
"20091053011","tract",2023,"food_rnk",93.6382
"20091053012","tract",2023,"food_rnk",68.6819
"20091053013","tract",2023,"food_rnk",54.5568
"20091053101","tract",2023,"food_rnk",88.3825
"20091053102","tract",2023,"food_rnk",85.3145
"20091053105","tract",2023,"food_rnk",84.8677
"20091053108","tract",2023,"food_rnk",92.4906
"20091053109","tract",2023,"food_rnk",95.5354
"20091053110","tract",2023,"food_rnk",95.8968
"20091053201","tract",2023,"food_rnk",78.7391
"20091053202","tract",2023,"food_rnk",85.8578
"20091053203","tract",2023,"food_rnk",98.5033
"20091053301","tract",2023,"food_rnk",98.0149
"20091053302","tract",2023,"food_rnk",99.0404
"20091053403","tract",2023,"food_rnk",85.4293
"20091053409","tract",2023,"food_rnk",94.1888
"20091053411","tract",2023,"food_rnk",88.6133
"20091053413","tract",2023,"food_rnk",81.8913
"20091053414","tract",2023,"food_rnk",96.9735
"20091053415","tract",2023,"food_rnk",94.6649
"20091053417","tract",2023,"food_rnk",91.6544
"20091053418","tract",2023,"food_rnk",89.1455
"20091053419","tract",2023,"food_rnk",90.9853
"20091053421","tract",2023,"food_rnk",91.6544
"20091053422","tract",2023,"food_rnk",89.745
"20091053423","tract",2023,"food_rnk",98.4678
"20091053425","tract",2023,"food_rnk",61.341
"20091053426","tract",2023,"food_rnk",92.0475
"20091053427","tract",2023,"food_rnk",99.8327
"20091053428","tract",2023,"food_rnk",97.1323
"20091053429","tract",2023,"food_rnk",97.092
"20091053430","tract",2023,"food_rnk",97.761
"20091053431","tract",2023,"food_rnk",98.043
"20091053502","tract",2023,"food_rnk",79.6328
"20091053506","tract",2023,"food_rnk",82.2649
"20091053507","tract",2023,"food_rnk",74.0938
"20091053508","tract",2023,"food_rnk",80.7755
"20091053509","tract",2023,"food_rnk",96.788
"20091053510","tract",2023,"food_rnk",75.626
"20091053555","tract",2023,"food_rnk",43.2311
"20091053556","tract",2023,"food_rnk",49.5062
"20091053557","tract",2023,"food_rnk",60.2434
"20091053558","tract",2023,"food_rnk",74.548
"20091053559","tract",2023,"food_rnk",96.3131
"20091053560","tract",2023,"food_rnk",93.8128
"20091053601","tract",2023,"food_rnk",83.3551
"20091053603","tract",2023,"food_rnk",94.8224
"20091053604","tract",2023,"food_rnk",80.1907
"20091053701","tract",2023,"food_rnk",74.6945
"20091053703","tract",2023,"food_rnk",82.553
"20091053705","tract",2023,"food_rnk",53.9854
"20091053707","tract",2023,"food_rnk",68.3168
"20091053709","tract",2023,"food_rnk",92.0475
"20091053711","tract",2023,"food_rnk",94.6076
"20091053712","tract",2023,"food_rnk",83.4137
"20091053801","tract",2023,"food_rnk",91.6544
"20091053803","tract",2023,"food_rnk",97.9087
"20091053804","tract",2023,"food_rnk",91.2246
"20091980001","tract",2023,"food_rnk",NA
"20091980003","tract",2023,"food_rnk",NA
"20091980004","tract",2023,"food_rnk",0.0049
"20091980005","tract",2023,"food_rnk",NA
"20091980100","tract",2023,"food_rnk",NA
"20093959100","tract",2023,"food_rnk",64.2832
"20095961100","tract",2023,"food_rnk",62.3189
"20095961200","tract",2023,"food_rnk",54.1576
"20095961300","tract",2023,"food_rnk",69.02
"20097969100","tract",2023,"food_rnk",77.4426
"20099950100","tract",2023,"food_rnk",50.4133
"20099950200","tract",2023,"food_rnk",29.3782
"20099950300","tract",2023,"food_rnk",64.3833
"20099950400","tract",2023,"food_rnk",47.5748
"20099950500","tract",2023,"food_rnk",93.4734
"20099950600","tract",2023,"food_rnk",77.539
"20099950700","tract",2023,"food_rnk",51.324
"20099950800","tract",2023,"food_rnk",18.6617
"20101956600","tract",2023,"food_rnk",93.1084
"20103070100","tract",2023,"food_rnk",40.0435
"20103070200","tract",2023,"food_rnk",32.6171
"20103070300","tract",2023,"food_rnk",30.0961
"20103070400","tract",2023,"food_rnk",67.9274
"20103070500","tract",2023,"food_rnk",41.0763
"20103070700","tract",2023,"food_rnk",72.5141
"20103070900","tract",2023,"food_rnk",90.7229
"20103071000","tract",2023,"food_rnk",82.4676
"20103071102","tract",2023,"food_rnk",23.4706
"20103071103","tract",2023,"food_rnk",95.2558
"20103071104","tract",2023,"food_rnk",89.9952
"20103071105","tract",2023,"food_rnk",76.1705
"20103071202","tract",2023,"food_rnk",91.8668
"20103071204","tract",2023,"food_rnk",95.4841
"20103071205","tract",2023,"food_rnk",97.1323
"20103071400","tract",2023,"food_rnk",66.1047
"20103071600","tract",2023,"food_rnk",96.9735
"20103071800","tract",2023,"food_rnk",81.9499
"20103981900","tract",2023,"food_rnk",92.6677
"20105086100","tract",2023,"food_rnk",70.3703
"20107955101","tract",2023,"food_rnk",95.92
"20107955102","tract",2023,"food_rnk",59.5366
"20107955200","tract",2023,"food_rnk",47.2086
"20109954600","tract",2023,"food_rnk",58.3426
"20111000101","tract",2023,"food_rnk",42.1873
"20111000102","tract",2023,"food_rnk",NA
"20111000103","tract",2023,"food_rnk",82.3101
"20111000201","tract",2023,"food_rnk",72.9755
"20111000202","tract",2023,"food_rnk",77.5818
"20111000203","tract",2023,"food_rnk",76.5465
"20111000300","tract",2023,"food_rnk",64.9131
"20111000400","tract",2023,"food_rnk",46.3698
"20111000500","tract",2023,"food_rnk",59.7783
"20111000600","tract",2023,"food_rnk",85.2706
"20111000700","tract",2023,"food_rnk",85.4293
"20111000800","tract",2023,"food_rnk",73.4602
"20113788100","tract",2023,"food_rnk",69.7415
"20113788200","tract",2023,"food_rnk",67.9274
"20113788300","tract",2023,"food_rnk",94.2315
"20113788400","tract",2023,"food_rnk",99.7412
"20113788500","tract",2023,"food_rnk",84.5112
"20113788600","tract",2023,"food_rnk",75.8164
"20113788700","tract",2023,"food_rnk",96.6476
"20115489500","tract",2023,"food_rnk",72.7399
"20115489600","tract",2023,"food_rnk",76.4085
"20115489700","tract",2023,"food_rnk",82.3723
"20115489800","tract",2023,"food_rnk",52.2628
"20117040701","tract",2023,"food_rnk",91.4444
"20117060510","tract",2023,"food_rnk",71.3567
"20117070182","tract",2023,"food_rnk",75.3721
"20117090186","tract",2023,"food_rnk",86.0116
"20119966600","tract",2023,"food_rnk",58.9371
"20119966700","tract",2023,"food_rnk",91.6336
"20121100100","tract",2023,"food_rnk",90.2504
"20121100200","tract",2023,"food_rnk",85.2706
"20121100300","tract",2023,"food_rnk",89.3103
"20121100400","tract",2023,"food_rnk",67.8615
"20121100500","tract",2023,"food_rnk",75.278
"20121100601","tract",2023,"food_rnk",48.5344
"20121100602","tract",2023,"food_rnk",83.7018
"20121100700","tract",2023,"food_rnk",71.2407
"20123176600","tract",2023,"food_rnk",77.3718
"20123176700","tract",2023,"food_rnk",77.4658
"20125950100","tract",2023,"food_rnk",84.0376
"20125950200","tract",2023,"food_rnk",26.1393
"20125950300","tract",2023,"food_rnk",66.5771
"20125950400","tract",2023,"food_rnk",48.2927
"20125950500","tract",2023,"food_rnk",60.4656
"20125950600","tract",2023,"food_rnk",44.4006
"20125950700","tract",2023,"food_rnk",83.4137
"20125950800","tract",2023,"food_rnk",54.3431
"20125951000","tract",2023,"food_rnk",14.3326
"20125951100","tract",2023,"food_rnk",27.0574
"20125951300","tract",2023,"food_rnk",49.9347
"20125951400","tract",2023,"food_rnk",17.5239
"20127963600","tract",2023,"food_rnk",66.8433
"20127963700","tract",2023,"food_rnk",64.5457
"20129964600","tract",2023,"food_rnk",64.4309
"20131480100","tract",2023,"food_rnk",84.2158
"20131480200","tract",2023,"food_rnk",76.4525
"20131480300","tract",2023,"food_rnk",66.4245
"20133951600","tract",2023,"food_rnk",61.2921
"20133951700","tract",2023,"food_rnk",44.5593
"20133951800","tract",2023,"food_rnk",44.4006
"20133951900","tract",2023,"food_rnk",46.9558
"20133952000","tract",2023,"food_rnk",56.6444
"20135956300","tract",2023,"food_rnk",76.0716
"20137951700","tract",2023,"food_rnk",57.256
"20139010100","tract",2023,"food_rnk",62.8365
"20139010200","tract",2023,"food_rnk",43.6498
"20139010300","tract",2023,"food_rnk",85.8944
"20139010400","tract",2023,"food_rnk",41.893
"20139010500","tract",2023,"food_rnk",60.8758
"20141474100","tract",2023,"food_rnk",47.3074
"20143085600","tract",2023,"food_rnk",59.8674
"20143085700","tract",2023,"food_rnk",62.7339
"20145970200","tract",2023,"food_rnk",58.7137
"20145970300","tract",2023,"food_rnk",89.9952
"20147475100","tract",2023,"food_rnk",68.2289
"20147475200","tract",2023,"food_rnk",39.3696
"20147475300","tract",2023,"food_rnk",49.671
"20149000101","tract",2023,"food_rnk",94.0765
"20149000102","tract",2023,"food_rnk",64.4736
"20149000200","tract",2023,"food_rnk",84.9654
"20149000300","tract",2023,"food_rnk",75.8518
"20149000400","tract",2023,"food_rnk",78.8368
"20151968600","tract",2023,"food_rnk",85.4293
"20151968700","tract",2023,"food_rnk",77.3718
"20151968800","tract",2023,"food_rnk",55.2209
"20153950600","tract",2023,"food_rnk",31.406
"20155000100","tract",2023,"food_rnk",57.9055
"20155000200","tract",2023,"food_rnk",81.9255
"20155000300","tract",2023,"food_rnk",67.2059
"20155000400","tract",2023,"food_rnk",68.4389
"20155000500","tract",2023,"food_rnk",45.7985
"20155000600","tract",2023,"food_rnk",29.4405
"20155000700","tract",2023,"food_rnk",40.1924
"20155000800","tract",2023,"food_rnk",NA
"20155001000","tract",2023,"food_rnk",19.8117
"20155001100","tract",2023,"food_rnk",95.6257
"20155001200","tract",2023,"food_rnk",76.7076
"20155001300","tract",2023,"food_rnk",61.9856
"20155001400","tract",2023,"food_rnk",72.5141
"20155001500","tract",2023,"food_rnk",69.0774
"20155001600","tract",2023,"food_rnk",49.3377
"20155001700","tract",2023,"food_rnk",77.0068
"20155001800","tract",2023,"food_rnk",52.2628
"20157978100","tract",2023,"food_rnk",89.8988
"20157978200","tract",2023,"food_rnk",48.6333
"20157978300","tract",2023,"food_rnk",53.4837
"20159967100","tract",2023,"food_rnk",74.9374
"20159967200","tract",2023,"food_rnk",63.6813
"20159967300","tract",2023,"food_rnk",69.1238
"20161000201","tract",2023,"food_rnk",60.3265
"20161000202","tract",2023,"food_rnk",44.8914
"20161000303","tract",2023,"food_rnk",NA
"20161000304","tract",2023,"food_rnk",44.2651
"20161000500","tract",2023,"food_rnk",46.8069
"20161000601","tract",2023,"food_rnk",83.233
"20161000602","tract",2023,"food_rnk",57.256
"20161000700","tract",2023,"food_rnk",26.7656
"20161000801","tract",2023,"food_rnk",39.6613
"20161000802","tract",2023,"food_rnk",45.2821
"20161000900","tract",2023,"food_rnk",59.633
"20161001002","tract",2023,"food_rnk",NA
"20161001101","tract",2023,"food_rnk",NA
"20161001102","tract",2023,"food_rnk",38.764
"20161001301","tract",2023,"food_rnk",75.626
"20161001302","tract",2023,"food_rnk",82.3455
"20161980000","tract",2023,"food_rnk",NA
"20163974600","tract",2023,"food_rnk",69.5914
"20163974700","tract",2023,"food_rnk",70.0077
"20165972300","tract",2023,"food_rnk",68.4389
"20167973800","tract",2023,"food_rnk",24.3349
"20167973900","tract",2023,"food_rnk",74.9887
"20169000101","tract",2023,"food_rnk",36.0818
"20169000102","tract",2023,"food_rnk",18.2735
"20169000200","tract",2023,"food_rnk",67.6844
"20169000300","tract",2023,"food_rnk",18.9547
"20169000400","tract",2023,"food_rnk",46.3967
"20169000500","tract",2023,"food_rnk",16.3983
"20169000600","tract",2023,"food_rnk",69.1775
"20169000700","tract",2023,"food_rnk",68.4829
"20169000800","tract",2023,"food_rnk",83.1427
"20169000900","tract",2023,"food_rnk",88.3557
"20169001000","tract",2023,"food_rnk",91.9303
"20169001100","tract",2023,"food_rnk",71.2407
"20169001200","tract",2023,"food_rnk",78.0213
"20171957100","tract",2023,"food_rnk",73.7447
"20173000100","tract",2023,"food_rnk",17.9487
"20173000200","tract",2023,"food_rnk",49.4183
"20173000300","tract",2023,"food_rnk",13.1216
"20173000400","tract",2023,"food_rnk",9.2662
"20173000600","tract",2023,"food_rnk",13.8687
"20173000700","tract",2023,"food_rnk",5.1629
"20173000800","tract",2023,"food_rnk",5.5573
"20173000900","tract",2023,"food_rnk",3.2596
"20173001000","tract",2023,"food_rnk",43.1078
"20173001100","tract",2023,"food_rnk",13.6416
"20173001400","tract",2023,"food_rnk",87.9015
"20173001500","tract",2023,"food_rnk",33.4351
"20173001800","tract",2023,"food_rnk",12.6735
"20173001900","tract",2023,"food_rnk",60.0811
"20173002000","tract",2023,"food_rnk",73.4431
"20173002200","tract",2023,"food_rnk",71.773
"20173002300","tract",2023,"food_rnk",43.0052
"20173002400","tract",2023,"food_rnk",18.7545
"20173002600","tract",2023,"food_rnk",2.5845
"20173002700","tract",2023,"food_rnk",53.1772
"20173002800","tract",2023,"food_rnk",35.2321
"20173002900","tract",2023,"food_rnk",32.1153
"20173003000","tract",2023,"food_rnk",24.6353
"20173003100","tract",2023,"food_rnk",14.9369
"20173003200","tract",2023,"food_rnk",22.3963
"20173003400","tract",2023,"food_rnk",21.4489
"20173003500","tract",2023,"food_rnk",50.3412
"20173003600","tract",2023,"food_rnk",26.1992
"20173003700","tract",2023,"food_rnk",28.6616
"20173003800","tract",2023,"food_rnk",26.7852
"20173003900","tract",2023,"food_rnk",23.3693
"20173004000","tract",2023,"food_rnk",11.8702
"20173004301","tract",2023,"food_rnk",NA
"20173004302","tract",2023,"food_rnk",5.2227
"20173005100","tract",2023,"food_rnk",41.8479
"20173005200","tract",2023,"food_rnk",31.6819
"20173005300","tract",2023,"food_rnk",40.4512
"20173005401","tract",2023,"food_rnk",33.0749
"20173005402","tract",2023,"food_rnk",12.1766
"20173005501","tract",2023,"food_rnk",55.2209
"20173005502","tract",2023,"food_rnk",79.8379
"20173005600","tract",2023,"food_rnk",31.406
"20173005700","tract",2023,"food_rnk",24.0053
"20173005800","tract",2023,"food_rnk",26.7046
"20173005900","tract",2023,"food_rnk",20.7274
"20173006000","tract",2023,"food_rnk",45.0928
"20173006100","tract",2023,"food_rnk",28.133
"20173006200","tract",2023,"food_rnk",30.1974
"20173006300","tract",2023,"food_rnk",39.7358
"20173006400","tract",2023,"food_rnk",39.1535
"20173006500","tract",2023,"food_rnk",0.5445
"20173006600","tract",2023,"food_rnk",73.6165
"20173006700","tract",2023,"food_rnk",17.8401
"20173006800","tract",2023,"food_rnk",8.6582
"20173006900","tract",2023,"food_rnk",30.5551
"20173007000","tract",2023,"food_rnk",34.8989
"20173007101","tract",2023,"food_rnk",24.8831
"20173007102","tract",2023,"food_rnk",53.5044
"20173007201","tract",2023,"food_rnk",76.5465
"20173007205","tract",2023,"food_rnk",42.103
"20173007206","tract",2023,"food_rnk",39.8848
"20173007207","tract",2023,"food_rnk",94.5673
"20173007208","tract",2023,"food_rnk",70.7793
"20173007301","tract",2023,"food_rnk",95.3242
"20173007302","tract",2023,"food_rnk",72.0587
"20173007500","tract",2023,"food_rnk",5.5914
"20173007600","tract",2023,"food_rnk",73.1269
"20173007701","tract",2023,"food_rnk",56.0975
"20173007702","tract",2023,"food_rnk",47.5089
"20173007800","tract",2023,"food_rnk",1.7702
"20173008000","tract",2023,"food_rnk",62.165
"20173008100","tract",2023,"food_rnk",96.4217
"20173008200","tract",2023,"food_rnk",51.3045
"20173008300","tract",2023,"food_rnk",79.1115
"20173008400","tract",2023,"food_rnk",53.5532
"20173008500","tract",2023,"food_rnk",19.7507
"20173008600","tract",2023,"food_rnk",66.0375
"20173008700","tract",2023,"food_rnk",56.1207
"20173008800","tract",2023,"food_rnk",51.4595
"20173008900","tract",2023,"food_rnk",42.2764
"20173009000","tract",2023,"food_rnk",41.6586
"20173009100","tract",2023,"food_rnk",21.2145
"20173009200","tract",2023,"food_rnk",73.4114
"20173009301","tract",2023,"food_rnk",64.8912
"20173009303","tract",2023,"food_rnk",75.1999
"20173009304","tract",2023,"food_rnk",47.128
"20173009401","tract",2023,"food_rnk",78.9345
"20173009402","tract",2023,"food_rnk",46.5786
"20173009504","tract",2023,"food_rnk",35.0722
"20173009505","tract",2023,"food_rnk",31.2693
"20173009506","tract",2023,"food_rnk",85.0936
"20173009507","tract",2023,"food_rnk",86.8662
"20173009508","tract",2023,"food_rnk",88.7512
"20173009509","tract",2023,"food_rnk",86.8662
"20173009510","tract",2023,"food_rnk",82.0513
"20173009511","tract",2023,"food_rnk",97.1896
"20173009512","tract",2023,"food_rnk",80.8402
"20173009513","tract",2023,"food_rnk",81.9499
"20173009514","tract",2023,"food_rnk",98.5033
"20173009515","tract",2023,"food_rnk",81.32
"20173009603","tract",2023,"food_rnk",78.1775
"20173009604","tract",2023,"food_rnk",51.5486
"20173009605","tract",2023,"food_rnk",99.2883
"20173009700","tract",2023,"food_rnk",66.1608
"20173009801","tract",2023,"food_rnk",29.7555
"20173009803","tract",2023,"food_rnk",97.2702
"20173009804","tract",2023,"food_rnk",77.5818
"20173009901","tract",2023,"food_rnk",87.1751
"20173009902","tract",2023,"food_rnk",40.9273
"20173010001","tract",2023,"food_rnk",83.0218
"20173010002","tract",2023,"food_rnk",80.22
"20173010003","tract",2023,"food_rnk",44.1931
"20173010005","tract",2023,"food_rnk",40.3536
"20173010006","tract",2023,"food_rnk",77.3437
"20173010007","tract",2023,"food_rnk",78.0945
"20173010106","tract",2023,"food_rnk",97.0163
"20173010107","tract",2023,"food_rnk",89.4605
"20173010108","tract",2023,"food_rnk",90.2101
"20173010109","tract",2023,"food_rnk",29.7909
"20173010110","tract",2023,"food_rnk",80.2664
"20173010111","tract",2023,"food_rnk",82.9693
"20173010113","tract",2023,"food_rnk",80.8023
"20173010115","tract",2023,"food_rnk",81.3517
"20173010116","tract",2023,"food_rnk",91.608
"20173010201","tract",2023,"food_rnk",88.5461
"20173010202","tract",2023,"food_rnk",60.5743
"20173010301","tract",2023,"food_rnk",89.9952
"20173010302","tract",2023,"food_rnk",86.4121
"20173010400","tract",2023,"food_rnk",61.8012
"20173010500","tract",2023,"food_rnk",92.6908
"20173010600","tract",2023,"food_rnk",85.5319
"20173010700","tract",2023,"food_rnk",64.238
"20173010801","tract",2023,"food_rnk",65.3087
"20173010802","tract",2023,"food_rnk",11.4038
"20173010900","tract",2023,"food_rnk",53.0576
"20175965600","tract",2023,"food_rnk",81.8913
"20175965700","tract",2023,"food_rnk",65.7909
"20175965800","tract",2023,"food_rnk",61.0651
"20175965900","tract",2023,"food_rnk",33.9539
"20175966000","tract",2023,"food_rnk",72.5519
"20177000400","tract",2023,"food_rnk",15.4888
"20177000500","tract",2023,"food_rnk",9.4334
"20177000600","tract",2023,"food_rnk",27.9511
"20177000700","tract",2023,"food_rnk",47.725
"20177000800","tract",2023,"food_rnk",52.0467
"20177000900","tract",2023,"food_rnk",19.8899
"20177001000","tract",2023,"food_rnk",71.6863
"20177001100","tract",2023,"food_rnk",14.4657
"20177001200","tract",2023,"food_rnk",23.1239
"20177001300","tract",2023,"food_rnk",20.2293
"20177001500","tract",2023,"food_rnk",51.9112
"20177001601","tract",2023,"food_rnk",41.4792
"20177001603","tract",2023,"food_rnk",46.6848
"20177001604","tract",2023,"food_rnk",58.5318
"20177001800","tract",2023,"food_rnk",83.4137
"20177001900","tract",2023,"food_rnk",75.0363
"20177002100","tract",2023,"food_rnk",25.3031
"20177002200","tract",2023,"food_rnk",34.0626
"20177002401","tract",2023,"food_rnk",81.0404
"20177002402","tract",2023,"food_rnk",55.0976
"20177002500","tract",2023,"food_rnk",69.1775
"20177002601","tract",2023,"food_rnk",45.713
"20177002602","tract",2023,"food_rnk",63.9389
"20177002701","tract",2023,"food_rnk",81.4433
"20177002702","tract",2023,"food_rnk",82.901
"20177002800","tract",2023,"food_rnk",21.7431
"20177002900","tract",2023,"food_rnk",36.3687
"20177003001","tract",2023,"food_rnk",32.3314
"20177003002","tract",2023,"food_rnk",81.6166
"20177003100","tract",2023,"food_rnk",17.143
"20177003301","tract",2023,"food_rnk",56.1463
"20177003302","tract",2023,"food_rnk",97.2202
"20177003401","tract",2023,"food_rnk",87.1336
"20177003402","tract",2023,"food_rnk",84.3391
"20177003500","tract",2023,"food_rnk",85.0118
"20177003601","tract",2023,"food_rnk",86.5537
"20177003604","tract",2023,"food_rnk",99.6069
"20177003605","tract",2023,"food_rnk",94.7602
"20177003606","tract",2023,"food_rnk",57.9055
"20177003607","tract",2023,"food_rnk",83.9924
"20177003701","tract",2023,"food_rnk",60.1238
"20177003702","tract",2023,"food_rnk",62.0124
"20177003901","tract",2023,"food_rnk",98.9025
"20177003902","tract",2023,"food_rnk",83.631
"20177004000","tract",2023,"food_rnk",18.8693
"20177004100","tract",2023,"food_rnk",87.5108
"20179952800","tract",2023,"food_rnk",90.9402
"20181453600","tract",2023,"food_rnk",60.0078
"20181453700","tract",2023,"food_rnk",90.0477
"20183475800","tract",2023,"food_rnk",54.9951
"20183475900","tract",2023,"food_rnk",78.7721
"20185470600","tract",2023,"food_rnk",71.2066
"20185470700","tract",2023,"food_rnk",82.3101
"20187964100","tract",2023,"food_rnk",34.5802
"20189965100","tract",2023,"food_rnk",72.2247
"20189965200","tract",2023,"food_rnk",87.1336
"20191962100","tract",2023,"food_rnk",43.3519
"20191962200","tract",2023,"food_rnk",68.2936
"20191962300","tract",2023,"food_rnk",49.1057
"20191962400","tract",2023,"food_rnk",56.6017
"20191962500","tract",2023,"food_rnk",52.6633
"20191962600","tract",2023,"food_rnk",73.6934
"20193953100","tract",2023,"food_rnk",76.7955
"20193953400","tract",2023,"food_rnk",89.5264
"20195955800","tract",2023,"food_rnk",62.7547
"20197483100","tract",2023,"food_rnk",62.2871
"20197483200","tract",2023,"food_rnk",74.3758
"20199954100","tract",2023,"food_rnk",54.5934
"20201978600","tract",2023,"food_rnk",71.7987
"20201978700","tract",2023,"food_rnk",65.7665
"20203957600","tract",2023,"food_rnk",62.4971
"20205097100","tract",2023,"food_rnk",38.2098
"20205097200","tract",2023,"food_rnk",72.2455
"20205097300","tract",2023,"food_rnk",60.9527
"20205097400","tract",2023,"food_rnk",55.9143
"20207096600","tract",2023,"food_rnk",47.725
"20207096700","tract",2023,"food_rnk",74.786
"20209040100","tract",2023,"food_rnk",34.9672
"20209040200","tract",2023,"food_rnk",20.8763
"20209040500","tract",2023,"food_rnk",11.106
"20209040600","tract",2023,"food_rnk",27.984
"20209040700","tract",2023,"food_rnk",57.9299
"20209040900","tract",2023,"food_rnk",78.368
"20209041100","tract",2023,"food_rnk",1.4186
"20209041200","tract",2023,"food_rnk",2.6712
"20209041300","tract",2023,"food_rnk",42.7794
"20209041400","tract",2023,"food_rnk",4.6685
"20209041500","tract",2023,"food_rnk",21.9336
"20209041600","tract",2023,"food_rnk",39.5075
"20209041900","tract",2023,"food_rnk",63.7167
"20209042001","tract",2023,"food_rnk",20.7408
"20209042002","tract",2023,"food_rnk",24.9673
"20209042100","tract",2023,"food_rnk",31.4207
"20209042200","tract",2023,"food_rnk",46.2258
"20209042300","tract",2023,"food_rnk",17.519
"20209042400","tract",2023,"food_rnk",55.2014
"20209042600","tract",2023,"food_rnk",49.5367
"20209042700","tract",2023,"food_rnk",19.8594
"20209042800","tract",2023,"food_rnk",7.1785
"20209042900","tract",2023,"food_rnk",29.2671
"20209043000","tract",2023,"food_rnk",67.6576
"20209043301","tract",2023,"food_rnk",26.8035
"20209043400","tract",2023,"food_rnk",69.9344
"20209043500","tract",2023,"food_rnk",86.4121
"20209043600","tract",2023,"food_rnk",54.6142
"20209043700","tract",2023,"food_rnk",54.3431
"20209043802","tract",2023,"food_rnk",63.0489
"20209043803","tract",2023,"food_rnk",86.2985
"20209043903","tract",2023,"food_rnk",27.3187
"20209043904","tract",2023,"food_rnk",16.1199
"20209043905","tract",2023,"food_rnk",6.6426
"20209044001","tract",2023,"food_rnk",75.278
"20209044002","tract",2023,"food_rnk",20.5626
"20209044101","tract",2023,"food_rnk",11.0669
"20209044102","tract",2023,"food_rnk",17.9878
"20209044103","tract",2023,"food_rnk",35.7888
"20209044104","tract",2023,"food_rnk",45.0501
"20209044201","tract",2023,"food_rnk",72.5812
"20209044202","tract",2023,"food_rnk",46.4358
"20209044301","tract",2023,"food_rnk",43.4911
"20209044302","tract",2023,"food_rnk",58.5001
"20209044303","tract",2023,"food_rnk",18.6617
"20209044400","tract",2023,"food_rnk",22.8443
"20209044500","tract",2023,"food_rnk",26.4458
"20209044601","tract",2023,"food_rnk",94.1961
"20209044602","tract",2023,"food_rnk",NA
"20209044603","tract",2023,"food_rnk",NA
"20209044702","tract",2023,"food_rnk",58.3817
"20209044703","tract",2023,"food_rnk",88.949
"20209044704","tract",2023,"food_rnk",87.6134
"20209044803","tract",2023,"food_rnk",93.3867
"20209044804","tract",2023,"food_rnk",85.2425
"20209044807","tract",2023,"food_rnk",79.6096
"20209044900","tract",2023,"food_rnk",44.9683
"20209045100","tract",2023,"food_rnk",43.695
"20209045200","tract",2023,"food_rnk",79.551
"20209980000","tract",2023,"food_rnk",NA
"20209980500","tract",2023,"food_rnk",NA
"20209980900","tract",2023,"food_rnk",NA
"20209981200","tract",2023,"food_rnk",NA
"20209981500","tract",2023,"food_rnk",NA
"20001952600","tract",2023,"food_state_rnk",38.8337
"20001952700","tract",2023,"food_state_rnk",34.1191
"20001952800","tract",2023,"food_state_rnk",17.6179
"20001952900","tract",2023,"food_state_rnk",44.5409
"20001953000","tract",2023,"food_state_rnk",14.1439
"20003953600","tract",2023,"food_state_rnk",53.3499
"20003953700","tract",2023,"food_state_rnk",51.9851
"20005081600","tract",2023,"food_state_rnk",52.2333
"20005081701","tract",2023,"food_state_rnk",67.7419
"20005081702","tract",2023,"food_state_rnk",NA
"20005081800","tract",2023,"food_state_rnk",5.335
"20005081900","tract",2023,"food_state_rnk",16.5012
"20007968100","tract",2023,"food_state_rnk",71.2159
"20007968200","tract",2023,"food_state_rnk",74.3176
"20009971100","tract",2023,"food_state_rnk",64.1439
"20009971200","tract",2023,"food_state_rnk",62.469
"20009971300","tract",2023,"food_state_rnk",43.5484
"20009971400","tract",2023,"food_state_rnk",14.7643
"20009971500","tract",2023,"food_state_rnk",42.804
"20009971600","tract",2023,"food_state_rnk",70.0993
"20009971700","tract",2023,"food_state_rnk",23.6973
"20009971801","tract",2023,"food_state_rnk",46.2779
"20011955600","tract",2023,"food_state_rnk",23.5732
"20011955700","tract",2023,"food_state_rnk",47.3945
"20011955800","tract",2023,"food_state_rnk",47.9529
"20011955900","tract",2023,"food_state_rnk",17.7419
"20011956000","tract",2023,"food_state_rnk",17.4938
"20013480600","tract",2023,"food_state_rnk",52.8536
"20013480700","tract",2023,"food_state_rnk",53.598
"20013480800","tract",2023,"food_state_rnk",20.4094
"20015020101","tract",2023,"food_state_rnk",22.7667
"20015020102","tract",2023,"food_state_rnk",NA
"20015020204","tract",2023,"food_state_rnk",93.4243
"20015020205","tract",2023,"food_state_rnk",74.0695
"20015020206","tract",2023,"food_state_rnk",63.7717
"20015020207","tract",2023,"food_state_rnk",81.8859
"20015020208","tract",2023,"food_state_rnk",92.9901
"20015020209","tract",2023,"food_state_rnk",33.6228
"20015020210","tract",2023,"food_state_rnk",88.3375
"20015020300","tract",2023,"food_state_rnk",36.1042
"20015020400","tract",2023,"food_state_rnk",4.2184
"20015020500","tract",2023,"food_state_rnk",10.9181
"20015020601","tract",2023,"food_state_rnk",42.5558
"20015020602","tract",2023,"food_state_rnk",60.67
"20015020700","tract",2023,"food_state_rnk",49.1315
"20015020800","tract",2023,"food_state_rnk",34.8635
"20015020901","tract",2023,"food_state_rnk",80.7692
"20015020902","tract",2023,"food_state_rnk",85.0496
"20015020903","tract",2023,"food_state_rnk",67.4318
"20017960600","tract",2023,"food_state_rnk",35.4839
"20019964600","tract",2023,"food_state_rnk",19.3548
"20021958100","tract",2023,"food_state_rnk",42.0596
"20021958200","tract",2023,"food_state_rnk",25.5583
"20021958300","tract",2023,"food_state_rnk",15.6948
"20021958400","tract",2023,"food_state_rnk",48.8834
"20021958500","tract",2023,"food_state_rnk",4.7146
"20021958600","tract",2023,"food_state_rnk",36.7246
"20023950200","tract",2023,"food_state_rnk",68.6104
"20025967100","tract",2023,"food_state_rnk",57.4442
"20027458100","tract",2023,"food_state_rnk",59.8015
"20027458200","tract",2023,"food_state_rnk",28.1638
"20029977100","tract",2023,"food_state_rnk",86.1042
"20029977200","tract",2023,"food_state_rnk",63.1514
"20029977300","tract",2023,"food_state_rnk",73.201
"20029977400","tract",2023,"food_state_rnk",76.9231
"20031966100","tract",2023,"food_state_rnk",41.8734
"20031966200","tract",2023,"food_state_rnk",75.3722
"20031966300","tract",2023,"food_state_rnk",10.5459
"20033967600","tract",2023,"food_state_rnk",69.665
"20035493100","tract",2023,"food_state_rnk",37.2208
"20035493200","tract",2023,"food_state_rnk",60.9181
"20035493300","tract",2023,"food_state_rnk",89.206
"20035493400","tract",2023,"food_state_rnk",39.1439
"20035493500","tract",2023,"food_state_rnk",27.9156
"20035493600","tract",2023,"food_state_rnk",20.9677
"20035493700","tract",2023,"food_state_rnk",29.6526
"20035493800","tract",2023,"food_state_rnk",23.201
"20035493900","tract",2023,"food_state_rnk",33.995
"20035494000","tract",2023,"food_state_rnk",3.1017
"20035494100","tract",2023,"food_state_rnk",11.4144
"20037956600","tract",2023,"food_state_rnk",37.5931
"20037956700","tract",2023,"food_state_rnk",38.4615
"20037956800","tract",2023,"food_state_rnk",27.7916
"20037956900","tract",2023,"food_state_rnk",57.196
"20037957000","tract",2023,"food_state_rnk",51.3648
"20037957100","tract",2023,"food_state_rnk",2.1092
"20037957200","tract",2023,"food_state_rnk",11.1663
"20037957300","tract",2023,"food_state_rnk",46.5881
"20037957400","tract",2023,"food_state_rnk",48.5112
"20037957500","tract",2023,"food_state_rnk",17.9901
"20037957601","tract",2023,"food_state_rnk",21.2159
"20037957602","tract",2023,"food_state_rnk",2.3573
"20039951300","tract",2023,"food_state_rnk",58.5608
"20041084100","tract",2023,"food_state_rnk",70.9677
"20041084200","tract",2023,"food_state_rnk",78.3499
"20041084300","tract",2023,"food_state_rnk",63.4615
"20041084400","tract",2023,"food_state_rnk",43.3002
"20041084500","tract",2023,"food_state_rnk",30.397
"20041084600","tract",2023,"food_state_rnk",16.2531
"20043020100","tract",2023,"food_state_rnk",53.9702
"20043020200","tract",2023,"food_state_rnk",40.0124
"20043020300","tract",2023,"food_state_rnk",41.2531
"20045000100","tract",2023,"food_state_rnk",41.067
"20045000201","tract",2023,"food_state_rnk",53.1017
"20045000202","tract",2023,"food_state_rnk",13.0273
"20045000301","tract",2023,"food_state_rnk",84.3052
"20045000302","tract",2023,"food_state_rnk",49.2556
"20045000400","tract",2023,"food_state_rnk",NA
"20045000501","tract",2023,"food_state_rnk",13.2754
"20045000502","tract",2023,"food_state_rnk",42.4318
"20045000602","tract",2023,"food_state_rnk",98.7593
"20045000603","tract",2023,"food_state_rnk",56.3275
"20045000604","tract",2023,"food_state_rnk",95.2854
"20045000701","tract",2023,"food_state_rnk",54.0943
"20045000703","tract",2023,"food_state_rnk",86.6005
"20045000704","tract",2023,"food_state_rnk",50.9926
"20045000797","tract",2023,"food_state_rnk",69.4789
"20045000801","tract",2023,"food_state_rnk",37.8412
"20045000802","tract",2023,"food_state_rnk",10.4218
"20045000902","tract",2023,"food_state_rnk",53.7221
"20045000903","tract",2023,"food_state_rnk",87.531
"20045000904","tract",2023,"food_state_rnk",30.1489
"20045001001","tract",2023,"food_state_rnk",67.4318
"20045001002","tract",2023,"food_state_rnk",90.0744
"20045001201","tract",2023,"food_state_rnk",95.1613
"20045001202","tract",2023,"food_state_rnk",87.9653
"20045001203","tract",2023,"food_state_rnk",55.2109
"20045001400","tract",2023,"food_state_rnk",85.8561
"20045001500","tract",2023,"food_state_rnk",55.7072
"20047969600","tract",2023,"food_state_rnk",59.9876
"20047969700","tract",2023,"food_state_rnk",44.9132
"20049965100","tract",2023,"food_state_rnk",41.2531
"20051072600","tract",2023,"food_state_rnk",38.7097
"20051072701","tract",2023,"food_state_rnk",40.6948
"20051072702","tract",2023,"food_state_rnk",65.3846
"20051072801","tract",2023,"food_state_rnk",82.4442
"20051072802","tract",2023,"food_state_rnk",26.737
"20051072901","tract",2023,"food_state_rnk",40.9429
"20051072902","tract",2023,"food_state_rnk",NA
"20051073000","tract",2023,"food_state_rnk",66.2531
"20053086600","tract",2023,"food_state_rnk",55.5211
"20053086700","tract",2023,"food_state_rnk",61.2903
"20055960100","tract",2023,"food_state_rnk",51.1787
"20055960200","tract",2023,"food_state_rnk",50.7444
"20055960300","tract",2023,"food_state_rnk",8.933
"20055960401","tract",2023,"food_state_rnk",42.928
"20055960403","tract",2023,"food_state_rnk",52.6055
"20055960404","tract",2023,"food_state_rnk",54.4665
"20055960501","tract",2023,"food_state_rnk",4.9628
"20055960503","tract",2023,"food_state_rnk",66.4392
"20055960505","tract",2023,"food_state_rnk",6.6998
"20055960507","tract",2023,"food_state_rnk",15.8809
"20055960508","tract",2023,"food_state_rnk",9.1811
"20055960600","tract",2023,"food_state_rnk",89.4541
"20057961600","tract",2023,"food_state_rnk",56.2035
"20057961700","tract",2023,"food_state_rnk",72.9529
"20057961801","tract",2023,"food_state_rnk",78.0397
"20057961802","tract",2023,"food_state_rnk",33.871
"20057961901","tract",2023,"food_state_rnk",9.6774
"20057961902","tract",2023,"food_state_rnk",19.4789
"20057962000","tract",2023,"food_state_rnk",41.6873
"20057962101","tract",2023,"food_state_rnk",88.4615
"20057962102","tract",2023,"food_state_rnk",85.4839
"20059954101","tract",2023,"food_state_rnk",31.7618
"20059954102","tract",2023,"food_state_rnk",81.6377
"20059954200","tract",2023,"food_state_rnk",36.5385
"20059954300","tract",2023,"food_state_rnk",36.8486
"20059954400","tract",2023,"food_state_rnk",36.5385
"20059954500","tract",2023,"food_state_rnk",65.2605
"20061000100","tract",2023,"food_state_rnk",15.3846
"20061000200","tract",2023,"food_state_rnk",22.9529
"20061000300","tract",2023,"food_state_rnk",15.1365
"20061000401","tract",2023,"food_state_rnk",46.7742
"20061000402","tract",2023,"food_state_rnk",19.0447
"20061000500","tract",2023,"food_state_rnk",83.0025
"20061000601","tract",2023,"food_state_rnk",44.1687
"20061000602","tract",2023,"food_state_rnk",54.9628
"20061000700","tract",2023,"food_state_rnk",74.938
"20061000801","tract",2023,"food_state_rnk",12.6551
"20061000802","tract",2023,"food_state_rnk",78.598
"20063955300","tract",2023,"food_state_rnk",81.0174
"20065952300","tract",2023,"food_state_rnk",47.0223
"20067963600","tract",2023,"food_state_rnk",90.5707
"20067963700","tract",2023,"food_state_rnk",70.3474
"20069962600","tract",2023,"food_state_rnk",53.2258
"20069962700","tract",2023,"food_state_rnk",86.7246
"20071958100","tract",2023,"food_state_rnk",75.8065
"20073965600","tract",2023,"food_state_rnk",32.134
"20073965700","tract",2023,"food_state_rnk",4.5906
"20073965800","tract",2023,"food_state_rnk",20.0993
"20075958600","tract",2023,"food_state_rnk",69.1687
"20077961600","tract",2023,"food_state_rnk",40.3226
"20077961700","tract",2023,"food_state_rnk",25.4342
"20077961800","tract",2023,"food_state_rnk",8.1886
"20079030100","tract",2023,"food_state_rnk",18.7345
"20079030200","tract",2023,"food_state_rnk",54.8387
"20079030300","tract",2023,"food_state_rnk",72.6427
"20079030400","tract",2023,"food_state_rnk",58.3127
"20079030500","tract",2023,"food_state_rnk",65.5707
"20079030601","tract",2023,"food_state_rnk",97.8908
"20079030602","tract",2023,"food_state_rnk",35.9801
"20081463100","tract",2023,"food_state_rnk",61.7866
"20083461100","tract",2023,"food_state_rnk",48.6352
"20085082600","tract",2023,"food_state_rnk",28.536
"20085082700","tract",2023,"food_state_rnk",48.201
"20085082800","tract",2023,"food_state_rnk",78.8462
"20087020101","tract",2023,"food_state_rnk",68.2382
"20087020102","tract",2023,"food_state_rnk",38.1514
"20087020200","tract",2023,"food_state_rnk",81.1414
"20087020300","tract",2023,"food_state_rnk",79.2804
"20089576300","tract",2023,"food_state_rnk",36.9727
"20091050000","tract",2023,"food_state_rnk",71.0918
"20091050100","tract",2023,"food_state_rnk",58.1266
"20091050200","tract",2023,"food_state_rnk",93.1762
"20091050301","tract",2023,"food_state_rnk",26.4268
"20091050302","tract",2023,"food_state_rnk",60.1737
"20091050400","tract",2023,"food_state_rnk",21.5881
"20091050500","tract",2023,"food_state_rnk",90.6948
"20091050600","tract",2023,"food_state_rnk",99.3797
"20091050700","tract",2023,"food_state_rnk",94.1067
"20091050800","tract",2023,"food_state_rnk",90.3226
"20091050900","tract",2023,"food_state_rnk",96.8983
"20091051000","tract",2023,"food_state_rnk",88.8958
"20091051100","tract",2023,"food_state_rnk",96.5261
"20091051200","tract",2023,"food_state_rnk",81.2655
"20091051300","tract",2023,"food_state_rnk",29.7767
"20091051400","tract",2023,"food_state_rnk",88.2134
"20091051500","tract",2023,"food_state_rnk",91.4392
"20091051600","tract",2023,"food_state_rnk",94.665
"20091051700","tract",2023,"food_state_rnk",91.6253
"20091051801","tract",2023,"food_state_rnk",59.6154
"20091051803","tract",2023,"food_state_rnk",35.8561
"20091051804","tract",2023,"food_state_rnk",79.6526
"20091051805","tract",2023,"food_state_rnk",69.3548
"20091051806","tract",2023,"food_state_rnk",80.397
"20091051807","tract",2023,"food_state_rnk",76.1787
"20091051808","tract",2023,"food_state_rnk",84.1191
"20091051902","tract",2023,"food_state_rnk",47.9529
"20091051904","tract",2023,"food_state_rnk",52.1092
"20091051907","tract",2023,"food_state_rnk",22.5806
"20091051908","tract",2023,"food_state_rnk",33.6228
"20091051909","tract",2023,"food_state_rnk",63.6476
"20091051910","tract",2023,"food_state_rnk",0.8685
"20091051911","tract",2023,"food_state_rnk",8.5608
"20091051912","tract",2023,"food_state_rnk",25.3102
"20091052001","tract",2023,"food_state_rnk",81.3896
"20091052004","tract",2023,"food_state_rnk",82.134
"20091052005","tract",2023,"food_state_rnk",76.4268
"20091052006","tract",2023,"food_state_rnk",66.129
"20091052101","tract",2023,"food_state_rnk",45.0372
"20091052102","tract",2023,"food_state_rnk",59.1811
"20091052201","tract",2023,"food_state_rnk",65.7568
"20091052202","tract",2023,"food_state_rnk",85.6079
"20091052304","tract",2023,"food_state_rnk",82.7543
"20091052305","tract",2023,"food_state_rnk",93.9206
"20091052306","tract",2023,"food_state_rnk",98.6352
"20091052307","tract",2023,"food_state_rnk",58.8089
"20091052308","tract",2023,"food_state_rnk",20.7196
"20091052410","tract",2023,"food_state_rnk",69.1687
"20091052411","tract",2023,"food_state_rnk",97.6427
"20091052414","tract",2023,"food_state_rnk",73.8213
"20091052415","tract",2023,"food_state_rnk",78.598
"20091052416","tract",2023,"food_state_rnk",84.3052
"20091052417","tract",2023,"food_state_rnk",30.5211
"20091052418","tract",2023,"food_state_rnk",18.6104
"20091052419","tract",2023,"food_state_rnk",43.9206
"20091052421","tract",2023,"food_state_rnk",74.0695
"20091052422","tract",2023,"food_state_rnk",61.9107
"20091052423","tract",2023,"food_state_rnk",6.5757
"20091052502","tract",2023,"food_state_rnk",91.1911
"20091052505","tract",2023,"food_state_rnk",94.4169
"20091052506","tract",2023,"food_state_rnk",88.6476
"20091052507","tract",2023,"food_state_rnk",33.6228
"20091052604","tract",2023,"food_state_rnk",93.7965
"20091052606","tract",2023,"food_state_rnk",64.0199
"20091052607","tract",2023,"food_state_rnk",92.4318
"20091052608","tract",2023,"food_state_rnk",99.0074
"20091052609","tract",2023,"food_state_rnk",97.7667
"20091052610","tract",2023,"food_state_rnk",98.3871
"20091052611","tract",2023,"food_state_rnk",83.871
"20091052612","tract",2023,"food_state_rnk",94.9752
"20091052613","tract",2023,"food_state_rnk",99.6278
"20091052701","tract",2023,"food_state_rnk",98.5112
"20091052702","tract",2023,"food_state_rnk",30.273
"20091052803","tract",2023,"food_state_rnk",59.3052
"20091052804","tract",2023,"food_state_rnk",99.1315
"20091052805","tract",2023,"food_state_rnk",67.6179
"20091052806","tract",2023,"food_state_rnk",90.1985
"20091052807","tract",2023,"food_state_rnk",96.7122
"20091052904","tract",2023,"food_state_rnk",94.1067
"20091052905","tract",2023,"food_state_rnk",67.1216
"20091052906","tract",2023,"food_state_rnk",20.4094
"20091052907","tract",2023,"food_state_rnk",29.4045
"20091052908","tract",2023,"food_state_rnk",79.4045
"20091052910","tract",2023,"food_state_rnk",92.3077
"20091053004","tract",2023,"food_state_rnk",78.3499
"20091053005","tract",2023,"food_state_rnk",68.4864
"20091053006","tract",2023,"food_state_rnk",89.8263
"20091053007","tract",2023,"food_state_rnk",56.5757
"20091053008","tract",2023,"food_state_rnk",75.5583
"20091053009","tract",2023,"food_state_rnk",97.0223
"20091053010","tract",2023,"food_state_rnk",96.7122
"20091053011","tract",2023,"food_state_rnk",89.9504
"20091053012","tract",2023,"food_state_rnk",50.8685
"20091053013","tract",2023,"food_state_rnk",33.1266
"20091053101","tract",2023,"food_state_rnk",82.4442
"20091053102","tract",2023,"food_state_rnk",77.5434
"20091053105","tract",2023,"food_state_rnk",76.5509
"20091053108","tract",2023,"food_state_rnk",88.6476
"20091053109","tract",2023,"food_state_rnk",92.9901
"20091053110","tract",2023,"food_state_rnk",93.5484
"20091053201","tract",2023,"food_state_rnk",66.6253
"20091053202","tract",2023,"food_state_rnk",78.8462
"20091053203","tract",2023,"food_state_rnk",98.201
"20091053301","tract",2023,"food_state_rnk",97.3945
"20091053302","tract",2023,"food_state_rnk",99.2556
"20091053403","tract",2023,"food_state_rnk",77.7916
"20091053409","tract",2023,"food_state_rnk",90.9429
"20091053411","tract",2023,"food_state_rnk",82.8784
"20091053413","tract",2023,"food_state_rnk",71.402
"20091053414","tract",2023,"food_state_rnk",95.4715
"20091053415","tract",2023,"food_state_rnk",91.9355
"20091053417","tract",2023,"food_state_rnk",87.2208
"20091053418","tract",2023,"food_state_rnk",83.3747
"20091053419","tract",2023,"food_state_rnk",86.2283
"20091053421","tract",2023,"food_state_rnk",87.2208
"20091053422","tract",2023,"food_state_rnk",83.995
"20091053423","tract",2023,"food_state_rnk",98.0149
"20091053425","tract",2023,"food_state_rnk",42.3077
"20091053426","tract",2023,"food_state_rnk",87.9653
"20091053427","tract",2023,"food_state_rnk",100
"20091053428","tract",2023,"food_state_rnk",95.9677
"20091053429","tract",2023,"food_state_rnk",95.7816
"20091053430","tract",2023,"food_state_rnk",97.1464
"20091053431","tract",2023,"food_state_rnk",97.5186
"20091053502","tract",2023,"food_state_rnk",68.1141
"20091053506","tract",2023,"food_state_rnk",72.0844
"20091053507","tract",2023,"food_state_rnk",58.933
"20091053508","tract",2023,"food_state_rnk",69.665
"20091053509","tract",2023,"food_state_rnk",94.9752
"20091053510","tract",2023,"food_state_rnk",61.6005
"20091053555","tract",2023,"food_state_rnk",22.4566
"20091053556","tract",2023,"food_state_rnk",29.0323
"20091053557","tract",2023,"food_state_rnk",40.1985
"20091053558","tract",2023,"food_state_rnk",59.4293
"20091053559","tract",2023,"food_state_rnk",94.2928
"20091053560","tract",2023,"food_state_rnk",90.4467
"20091053601","tract",2023,"food_state_rnk",74.4417
"20091053603","tract",2023,"food_state_rnk",92.1836
"20091053604","tract",2023,"food_state_rnk",68.7345
"20091053701","tract",2023,"food_state_rnk",59.6154
"20091053703","tract",2023,"food_state_rnk",73.0769
"20091053705","tract",2023,"food_state_rnk",32.6303
"20091053707","tract",2023,"food_state_rnk",50.2481
"20091053709","tract",2023,"food_state_rnk",87.9653
"20091053711","tract",2023,"food_state_rnk",91.8114
"20091053712","tract",2023,"food_state_rnk",74.6898
"20091053801","tract",2023,"food_state_rnk",87.2208
"20091053803","tract",2023,"food_state_rnk",97.2705
"20091053804","tract",2023,"food_state_rnk",86.3524
"20091980001","tract",2023,"food_state_rnk",NA
"20091980003","tract",2023,"food_state_rnk",NA
"20091980004","tract",2023,"food_state_rnk",0
"20091980005","tract",2023,"food_state_rnk",NA
"20091980100","tract",2023,"food_state_rnk",NA
"20093959100","tract",2023,"food_state_rnk",45.6576
"20095961100","tract",2023,"food_state_rnk",43.7965
"20095961200","tract",2023,"food_state_rnk",32.7543
"20095961300","tract",2023,"food_state_rnk",51.1787
"20097969100","tract",2023,"food_state_rnk",64.6402
"20099950100","tract",2023,"food_state_rnk",30.0248
"20099950200","tract",2023,"food_state_rnk",12.9032
"20099950300","tract",2023,"food_state_rnk",45.7816
"20099950400","tract",2023,"food_state_rnk",27.4194
"20099950500","tract",2023,"food_state_rnk",89.7022
"20099950600","tract",2023,"food_state_rnk",64.8883
"20099950700","tract",2023,"food_state_rnk",30.7692
"20099950800","tract",2023,"food_state_rnk",6.0174
"20101956600","tract",2023,"food_state_rnk",89.33
"20103070100","tract",2023,"food_state_rnk",19.603
"20103070200","tract",2023,"food_state_rnk",15.2605
"20103070300","tract",2023,"food_state_rnk",13.6476
"20103070400","tract",2023,"food_state_rnk",49.8139
"20103070500","tract",2023,"food_state_rnk",20.5955
"20103070700","tract",2023,"food_state_rnk",56.5757
"20103070900","tract",2023,"food_state_rnk",85.732
"20103071000","tract",2023,"food_state_rnk",72.8288
"20103071102","tract",2023,"food_state_rnk",9.4293
"20103071103","tract",2023,"food_state_rnk",92.5558
"20103071104","tract",2023,"food_state_rnk",84.7395
"20103071105","tract",2023,"food_state_rnk",62.469
"20103071202","tract",2023,"food_state_rnk",87.531
"20103071204","tract",2023,"food_state_rnk",92.804
"20103071205","tract",2023,"food_state_rnk",95.9677
"20103071400","tract",2023,"food_state_rnk",47.6427
"20103071600","tract",2023,"food_state_rnk",95.4715
"20103071800","tract",2023,"food_state_rnk",71.7742
"20103981900","tract",2023,"food_state_rnk",88.8958
"20105086100","tract",2023,"food_state_rnk",53.4739
"20107955101","tract",2023,"food_state_rnk",93.6725
"20107955102","tract",2023,"food_state_rnk",39.1439
"20107955200","tract",2023,"food_state_rnk",27.0471
"20109954600","tract",2023,"food_state_rnk",37.7171
"20111000101","tract",2023,"food_state_rnk",21.8362
"20111000102","tract",2023,"food_state_rnk",NA
"20111000103","tract",2023,"food_state_rnk",72.2705
"20111000201","tract",2023,"food_state_rnk",57.3201
"20111000202","tract",2023,"food_state_rnk",65.0744
"20111000203","tract",2023,"food_state_rnk",62.9653
"20111000300","tract",2023,"food_state_rnk",46.5881
"20111000400","tract",2023,"food_state_rnk",25.8065
"20111000500","tract",2023,"food_state_rnk",39.4541
"20111000600","tract",2023,"food_state_rnk",77.3573
"20111000700","tract",2023,"food_state_rnk",77.7916
"20111000800","tract",2023,"food_state_rnk",57.9404
"20113788100","tract",2023,"food_state_rnk",52.4814
"20113788200","tract",2023,"food_state_rnk",49.8139
"20113788300","tract",2023,"food_state_rnk",91.3151
"20113788400","tract",2023,"food_state_rnk",99.8759
"20113788500","tract",2023,"food_state_rnk",76.3027
"20113788600","tract",2023,"food_state_rnk",62.0347
"20113788700","tract",2023,"food_state_rnk",94.7891
"20115489500","tract",2023,"food_state_rnk",57.072
"20115489600","tract",2023,"food_state_rnk",62.6551
"20115489700","tract",2023,"food_state_rnk",72.6427
"20115489800","tract",2023,"food_state_rnk",31.4516
"20117040701","tract",2023,"food_state_rnk",86.4764
"20117060510","tract",2023,"food_state_rnk",54.7146
"20117070182","tract",2023,"food_state_rnk",61.4144
"20117090186","tract",2023,"food_state_rnk",79.1563
"20119966600","tract",2023,"food_state_rnk",38.9578
"20119966700","tract",2023,"food_state_rnk",86.9727
"20121100100","tract",2023,"food_state_rnk",85.3598
"20121100200","tract",2023,"food_state_rnk",77.3573
"20121100300","tract",2023,"food_state_rnk",83.4988
"20121100400","tract",2023,"food_state_rnk",49.6278
"20121100500","tract",2023,"food_state_rnk",61.1042
"20121100601","tract",2023,"food_state_rnk",28.2878
"20121100602","tract",2023,"food_state_rnk",75.1861
"20121100700","tract",2023,"food_state_rnk",54.4665
"20123176600","tract",2023,"food_state_rnk",64.4541
"20123176700","tract",2023,"food_state_rnk",64.7643
"20125950100","tract",2023,"food_state_rnk",75.6824
"20125950200","tract",2023,"food_state_rnk",10.67
"20125950300","tract",2023,"food_state_rnk",48.3871
"20125950400","tract",2023,"food_state_rnk",28.0397
"20125950500","tract",2023,"food_state_rnk",40.5707
"20125950600","tract",2023,"food_state_rnk",24.1315
"20125950700","tract",2023,"food_state_rnk",74.6898
"20125950800","tract",2023,"food_state_rnk",32.9404
"20125951000","tract",2023,"food_state_rnk",3.7221
"20125951100","tract",2023,"food_state_rnk",11.9107
"20125951300","tract",2023,"food_state_rnk",29.5285
"20125951400","tract",2023,"food_state_rnk",5.2109
"20127963600","tract",2023,"food_state_rnk",48.7593
"20127963700","tract",2023,"food_state_rnk",46.1538
"20129964600","tract",2023,"food_state_rnk",45.9057
"20131480100","tract",2023,"food_state_rnk",75.9305
"20131480200","tract",2023,"food_state_rnk",62.7792
"20131480300","tract",2023,"food_state_rnk",48.201
"20133951600","tract",2023,"food_state_rnk",42.1836
"20133951700","tract",2023,"food_state_rnk",24.3176
"20133951800","tract",2023,"food_state_rnk",24.1315
"20133951900","tract",2023,"food_state_rnk",26.737
"20133952000","tract",2023,"food_state_rnk",35.732
"20135956300","tract",2023,"food_state_rnk",62.2829
"20137951700","tract",2023,"food_state_rnk",36.2903
"20139010100","tract",2023,"food_state_rnk",44.665
"20139010200","tract",2023,"food_state_rnk",23.3251
"20139010300","tract",2023,"food_state_rnk",79.0323
"20139010400","tract",2023,"food_state_rnk",21.464
"20139010500","tract",2023,"food_state_rnk",41.4392
"20141474100","tract",2023,"food_state_rnk",27.1712
"20143085600","tract",2023,"food_state_rnk",39.5782
"20143085700","tract",2023,"food_state_rnk",44.2928
"20145970200","tract",2023,"food_state_rnk",38.5856
"20145970300","tract",2023,"food_state_rnk",84.7395
"20147475100","tract",2023,"food_state_rnk",50
"20147475200","tract",2023,"food_state_rnk",18.3623
"20147475300","tract",2023,"food_state_rnk",29.2804
"20149000101","tract",2023,"food_state_rnk",90.8189
"20149000102","tract",2023,"food_state_rnk",46.0298
"20149000200","tract",2023,"food_state_rnk",76.6749
"20149000300","tract",2023,"food_state_rnk",62.1588
"20149000400","tract",2023,"food_state_rnk",66.8734
"20151968600","tract",2023,"food_state_rnk",77.7916
"20151968700","tract",2023,"food_state_rnk",64.4541
"20151968800","tract",2023,"food_state_rnk",34.6774
"20153950600","tract",2023,"food_state_rnk",14.33
"20155000100","tract",2023,"food_state_rnk",37.2208
"20155000200","tract",2023,"food_state_rnk",71.5881
"20155000300","tract",2023,"food_state_rnk",49.0074
"20155000400","tract",2023,"food_state_rnk",50.4342
"20155000500","tract",2023,"food_state_rnk",25.1861
"20155000600","tract",2023,"food_state_rnk",13.1514
"20155000700","tract",2023,"food_state_rnk",19.727
"20155000800","tract",2023,"food_state_rnk",NA
"20155001000","tract",2023,"food_state_rnk",6.9479
"20155001100","tract",2023,"food_state_rnk",93.3002
"20155001200","tract",2023,"food_state_rnk",63.2754
"20155001300","tract",2023,"food_state_rnk",43.0521
"20155001400","tract",2023,"food_state_rnk",56.5757
"20155001500","tract",2023,"food_state_rnk",51.4888
"20155001600","tract",2023,"food_state_rnk",28.7841
"20155001700","tract",2023,"food_state_rnk",63.8958
"20155001800","tract",2023,"food_state_rnk",31.4516
"20157978100","tract",2023,"food_state_rnk",84.4913
"20157978200","tract",2023,"food_state_rnk",28.4119
"20157978300","tract",2023,"food_state_rnk",32.2581
"20159967100","tract",2023,"food_state_rnk",60.2978
"20159967200","tract",2023,"food_state_rnk",45.1613
"20159967300","tract",2023,"food_state_rnk",51.6129
"20161000201","tract",2023,"food_state_rnk",40.4467
"20161000202","tract",2023,"food_state_rnk",24.4417
"20161000303","tract",2023,"food_state_rnk",NA
"20161000304","tract",2023,"food_state_rnk",23.9454
"20161000500","tract",2023,"food_state_rnk",26.5509
"20161000601","tract",2023,"food_state_rnk",74.0695
"20161000602","tract",2023,"food_state_rnk",36.2903
"20161000700","tract",2023,"food_state_rnk",11.5385
"20161000801","tract",2023,"food_state_rnk",18.8586
"20161000802","tract",2023,"food_state_rnk",24.938
"20161000900","tract",2023,"food_state_rnk",39.33
"20161001002","tract",2023,"food_state_rnk",NA
"20161001101","tract",2023,"food_state_rnk",NA
"20161001102","tract",2023,"food_state_rnk",18.1141
"20161001301","tract",2023,"food_state_rnk",61.6005
"20161001302","tract",2023,"food_state_rnk",72.4566
"20161980000","tract",2023,"food_state_rnk",NA
"20163974600","tract",2023,"food_state_rnk",52.3573
"20163974700","tract",2023,"food_state_rnk",52.9777
"20165972300","tract",2023,"food_state_rnk",50.4342
"20167973800","tract",2023,"food_state_rnk",9.8015
"20167973900","tract",2023,"food_state_rnk",60.4218
"20169000101","tract",2023,"food_state_rnk",17.2457
"20169000102","tract",2023,"food_state_rnk",5.8313
"20169000200","tract",2023,"food_state_rnk",49.5037
"20169000300","tract",2023,"food_state_rnk",6.4516
"20169000400","tract",2023,"food_state_rnk",25.9305
"20169000500","tract",2023,"food_state_rnk",4.4665
"20169000600","tract",2023,"food_state_rnk",51.799
"20169000700","tract",2023,"food_state_rnk",50.6203
"20169000800","tract",2023,"food_state_rnk",73.6973
"20169000900","tract",2023,"food_state_rnk",82.2581
"20169001000","tract",2023,"food_state_rnk",87.7171
"20169001100","tract",2023,"food_state_rnk",54.4665
"20169001200","tract",2023,"food_state_rnk",65.5707
"20171957100","tract",2023,"food_state_rnk",58.6849
"20173000100","tract",2023,"food_state_rnk",5.5831
"20173000200","tract",2023,"food_state_rnk",28.9082
"20173000300","tract",2023,"food_state_rnk",3.3499
"20173000400","tract",2023,"food_state_rnk",1.9851
"20173000600","tract",2023,"food_state_rnk",3.598
"20173000700","tract",2023,"food_state_rnk",1.1166
"20173000800","tract",2023,"food_state_rnk",1.3648
"20173000900","tract",2023,"food_state_rnk",0.7444
"20173001000","tract",2023,"food_state_rnk",22.3325
"20173001100","tract",2023,"food_state_rnk",3.4739
"20173001400","tract",2023,"food_state_rnk",82.0099
"20173001500","tract",2023,"food_state_rnk",15.6948
"20173001800","tract",2023,"food_state_rnk",3.2258
"20173001900","tract",2023,"food_state_rnk",39.8263
"20173002000","tract",2023,"food_state_rnk",57.8164
"20173002200","tract",2023,"food_state_rnk",55.335
"20173002300","tract",2023,"food_state_rnk",22.2084
"20173002400","tract",2023,"food_state_rnk",6.2035
"20173002600","tract",2023,"food_state_rnk",0.4963
"20173002700","tract",2023,"food_state_rnk",32.0099
"20173002800","tract",2023,"food_state_rnk",16.9975
"20173002900","tract",2023,"food_state_rnk",14.8883
"20173003000","tract",2023,"food_state_rnk",9.9256
"20173003100","tract",2023,"food_state_rnk",3.9702
"20173003200","tract",2023,"food_state_rnk",8.6849
"20173003400","tract",2023,"food_state_rnk",8.0645
"20173003500","tract",2023,"food_state_rnk",29.9007
"20173003600","tract",2023,"food_state_rnk",10.794
"20173003700","tract",2023,"food_state_rnk",12.531
"20173003800","tract",2023,"food_state_rnk",11.6625
"20173003900","tract",2023,"food_state_rnk",9.3052
"20173004000","tract",2023,"food_state_rnk",2.8536
"20173004301","tract",2023,"food_state_rnk",NA
"20173004302","tract",2023,"food_state_rnk",1.2407
"20173005100","tract",2023,"food_state_rnk",21.34
"20173005200","tract",2023,"food_state_rnk",14.6402
"20173005300","tract",2023,"food_state_rnk",19.9752
"20173005401","tract",2023,"food_state_rnk",15.5087
"20173005402","tract",2023,"food_state_rnk",2.9777
"20173005501","tract",2023,"food_state_rnk",34.6774
"20173005502","tract",2023,"food_state_rnk",68.3623
"20173005600","tract",2023,"food_state_rnk",14.33
"20173005700","tract",2023,"food_state_rnk",9.5533
"20173005800","tract",2023,"food_state_rnk",11.2903
"20173005900","tract",2023,"food_state_rnk",7.5682
"20173006000","tract",2023,"food_state_rnk",24.8139
"20173006100","tract",2023,"food_state_rnk",12.4069
"20173006200","tract",2023,"food_state_rnk",13.7717
"20173006300","tract",2023,"food_state_rnk",19.0447
"20173006400","tract",2023,"food_state_rnk",18.2382
"20173006500","tract",2023,"food_state_rnk",0.1241
"20173006600","tract",2023,"food_state_rnk",58.1266
"20173006700","tract",2023,"food_state_rnk",5.4591
"20173006800","tract",2023,"food_state_rnk",1.861
"20173006900","tract",2023,"food_state_rnk",13.8958
"20173007000","tract",2023,"food_state_rnk",16.6253
"20173007101","tract",2023,"food_state_rnk",10.0496
"20173007102","tract",2023,"food_state_rnk",32.3821
"20173007201","tract",2023,"food_state_rnk",62.9653
"20173007205","tract",2023,"food_state_rnk",21.7122
"20173007206","tract",2023,"food_state_rnk",19.2308
"20173007207","tract",2023,"food_state_rnk",91.6253
"20173007208","tract",2023,"food_state_rnk",53.8462
"20173007301","tract",2023,"food_state_rnk",92.6799
"20173007302","tract",2023,"food_state_rnk",55.8313
"20173007500","tract",2023,"food_state_rnk",1.4888
"20173007600","tract",2023,"food_state_rnk",57.5682
"20173007701","tract",2023,"food_state_rnk",35.1117
"20173007702","tract",2023,"food_state_rnk",27.2953
"20173007800","tract",2023,"food_state_rnk",0.3722
"20173008000","tract",2023,"food_state_rnk",43.4243
"20173008100","tract",2023,"food_state_rnk",94.5409
"20173008200","tract",2023,"food_state_rnk",30.6452
"20173008300","tract",2023,"food_state_rnk",67.2457
"20173008400","tract",2023,"food_state_rnk",32.5062
"20173008500","tract",2023,"food_state_rnk",6.8238
"20173008600","tract",2023,"food_state_rnk",47.5186
"20173008700","tract",2023,"food_state_rnk",35.2357
"20173008800","tract",2023,"food_state_rnk",30.8933
"20173008900","tract",2023,"food_state_rnk",21.9603
"20173009000","tract",2023,"food_state_rnk",21.0918
"20173009100","tract",2023,"food_state_rnk",7.9404
"20173009200","tract",2023,"food_state_rnk",57.6923
"20173009301","tract",2023,"food_state_rnk",46.402
"20173009303","tract",2023,"food_state_rnk",60.794
"20173009304","tract",2023,"food_state_rnk",26.9231
"20173009401","tract",2023,"food_state_rnk",66.9975
"20173009402","tract",2023,"food_state_rnk",26.1787
"20173009504","tract",2023,"food_state_rnk",16.8734
"20173009505","tract",2023,"food_state_rnk",14.0199
"20173009506","tract",2023,"food_state_rnk",77.0471
"20173009507","tract",2023,"food_state_rnk",80.2109
"20173009508","tract",2023,"food_state_rnk",83.1266
"20173009509","tract",2023,"food_state_rnk",80.2109
"20173009510","tract",2023,"food_state_rnk",71.9603
"20173009511","tract",2023,"food_state_rnk",96.1538
"20173009512","tract",2023,"food_state_rnk",69.9752
"20173009513","tract",2023,"food_state_rnk",71.7742
"20173009514","tract",2023,"food_state_rnk",98.201
"20173009515","tract",2023,"food_state_rnk",70.4715
"20173009603","tract",2023,"food_state_rnk",66.005
"20173009604","tract",2023,"food_state_rnk",31.0174
"20173009605","tract",2023,"food_state_rnk",99.5037
"20173009700","tract",2023,"food_state_rnk",47.7667
"20173009801","tract",2023,"food_state_rnk",13.3995
"20173009803","tract",2023,"food_state_rnk",96.402
"20173009804","tract",2023,"food_state_rnk",65.0744
"20173009901","tract",2023,"food_state_rnk",80.8933
"20173009902","tract",2023,"food_state_rnk",20.2233
"20173010001","tract",2023,"food_state_rnk",73.5732
"20173010002","tract",2023,"food_state_rnk",68.8586
"20173010003","tract",2023,"food_state_rnk",23.8213
"20173010005","tract",2023,"food_state_rnk",19.8511
"20173010006","tract",2023,"food_state_rnk",64.268
"20173010007","tract",2023,"food_state_rnk",65.8809
"20173010106","tract",2023,"food_state_rnk",95.6576
"20173010107","tract",2023,"food_state_rnk",83.6228
"20173010108","tract",2023,"food_state_rnk",85.2357
"20173010109","tract",2023,"food_state_rnk",13.5236
"20173010110","tract",2023,"food_state_rnk",68.9826
"20173010111","tract",2023,"food_state_rnk",73.4491
"20173010113","tract",2023,"food_state_rnk",69.8511
"20173010115","tract",2023,"food_state_rnk",70.5955
"20173010116","tract",2023,"food_state_rnk",86.8486
"20173010201","tract",2023,"food_state_rnk",82.6303
"20173010202","tract",2023,"food_state_rnk",40.8189
"20173010301","tract",2023,"food_state_rnk",84.7395
"20173010302","tract",2023,"food_state_rnk",79.8387
"20173010400","tract",2023,"food_state_rnk",42.6799
"20173010500","tract",2023,"food_state_rnk",89.0819
"20173010600","tract",2023,"food_state_rnk",78.1638
"20173010700","tract",2023,"food_state_rnk",45.5335
"20173010801","tract",2023,"food_state_rnk",46.8983
"20173010802","tract",2023,"food_state_rnk",2.7295
"20173010900","tract",2023,"food_state_rnk",31.8859
"20175965600","tract",2023,"food_state_rnk",71.402
"20175965700","tract",2023,"food_state_rnk",47.2705
"20175965800","tract",2023,"food_state_rnk",41.8734
"20175965900","tract",2023,"food_state_rnk",16.005
"20175966000","tract",2023,"food_state_rnk",56.8238
"20177000400","tract",2023,"food_state_rnk",4.0943
"20177000500","tract",2023,"food_state_rnk",2.2333
"20177000600","tract",2023,"food_state_rnk",12.1588
"20177000700","tract",2023,"food_state_rnk",27.6055
"20177000800","tract",2023,"food_state_rnk",31.2655
"20177000900","tract",2023,"food_state_rnk",7.196
"20177001000","tract",2023,"food_state_rnk",55.0868
"20177001100","tract",2023,"food_state_rnk",3.8462
"20177001200","tract",2023,"food_state_rnk",9.0571
"20177001300","tract",2023,"food_state_rnk",7.3201
"20177001500","tract",2023,"food_state_rnk",31.1414
"20177001601","tract",2023,"food_state_rnk",20.8437
"20177001603","tract",2023,"food_state_rnk",26.3027
"20177001604","tract",2023,"food_state_rnk",38.3375
"20177001800","tract",2023,"food_state_rnk",74.6898
"20177001900","tract",2023,"food_state_rnk",60.5459
"20177002100","tract",2023,"food_state_rnk",10.2978
"20177002200","tract",2023,"food_state_rnk",16.129
"20177002401","tract",2023,"food_state_rnk",70.2233
"20177002402","tract",2023,"food_state_rnk",34.3672
"20177002500","tract",2023,"food_state_rnk",51.799
"20177002601","tract",2023,"food_state_rnk",25.062
"20177002602","tract",2023,"food_state_rnk",45.4094
"20177002701","tract",2023,"food_state_rnk",70.7196
"20177002702","tract",2023,"food_state_rnk",73.3251
"20177002800","tract",2023,"food_state_rnk",8.3127
"20177002900","tract",2023,"food_state_rnk",17.3697
"20177003001","tract",2023,"food_state_rnk",15.0124
"20177003002","tract",2023,"food_state_rnk",70.8437
"20177003100","tract",2023,"food_state_rnk",4.8387
"20177003301","tract",2023,"food_state_rnk",35.3598
"20177003302","tract",2023,"food_state_rnk",96.2779
"20177003401","tract",2023,"food_state_rnk",80.5831
"20177003402","tract",2023,"food_state_rnk",76.0546
"20177003500","tract",2023,"food_state_rnk",76.799
"20177003601","tract",2023,"food_state_rnk",80.0248
"20177003604","tract",2023,"food_state_rnk",99.7519
"20177003605","tract",2023,"food_state_rnk",92.0596
"20177003606","tract",2023,"food_state_rnk",37.2208
"20177003607","tract",2023,"food_state_rnk",75.3722
"20177003701","tract",2023,"food_state_rnk",40.0124
"20177003702","tract",2023,"food_state_rnk",43.1762
"20177003901","tract",2023,"food_state_rnk",98.8834
"20177003902","tract",2023,"food_state_rnk",75.062
"20177004000","tract",2023,"food_state_rnk",6.3275
"20177004100","tract",2023,"food_state_rnk",81.5136
"20179952800","tract",2023,"food_state_rnk",85.9801
"20181453600","tract",2023,"food_state_rnk",39.7022
"20181453700","tract",2023,"food_state_rnk",85.0496
"20183475800","tract",2023,"food_state_rnk",34.2432
"20183475900","tract",2023,"food_state_rnk",66.7494
"20185470600","tract",2023,"food_state_rnk",54.2184
"20185470700","tract",2023,"food_state_rnk",72.2705
"20187964100","tract",2023,"food_state_rnk",16.3772
"20189965100","tract",2023,"food_state_rnk",55.9553
"20189965200","tract",2023,"food_state_rnk",80.5831
"20191962100","tract",2023,"food_state_rnk",22.7667
"20191962200","tract",2023,"food_state_rnk",50.1241
"20191962300","tract",2023,"food_state_rnk",28.66
"20191962400","tract",2023,"food_state_rnk",35.6079
"20191962500","tract",2023,"food_state_rnk",31.6377
"20191962600","tract",2023,"food_state_rnk",58.4367
"20193953100","tract",2023,"food_state_rnk",63.4615
"20193953400","tract",2023,"food_state_rnk",83.7469
"20195955800","tract",2023,"food_state_rnk",44.4169
"20197483100","tract",2023,"food_state_rnk",43.6725
"20197483200","tract",2023,"food_state_rnk",59.0571
"20199954100","tract",2023,"food_state_rnk",33.2506
"20201978600","tract",2023,"food_state_rnk",55.5211
"20201978700","tract",2023,"food_state_rnk",47.1464
"20203957600","tract",2023,"food_state_rnk",44.0447
"20205097100","tract",2023,"food_state_rnk",17.866
"20205097200","tract",2023,"food_state_rnk",56.0794
"20205097300","tract",2023,"food_state_rnk",41.5633
"20205097400","tract",2023,"food_state_rnk",34.9876
"20207096600","tract",2023,"food_state_rnk",27.6055
"20207096700","tract",2023,"food_state_rnk",59.9876
"20209040100","tract",2023,"food_state_rnk",16.7494
"20209040200","tract",2023,"food_state_rnk",7.8164
"20209040500","tract",2023,"food_state_rnk",2.6055
"20209040600","tract",2023,"food_state_rnk",12.2829
"20209040700","tract",2023,"food_state_rnk",37.469
"20209040900","tract",2023,"food_state_rnk",66.4392
"20209041100","tract",2023,"food_state_rnk",0.2481
"20209041200","tract",2023,"food_state_rnk",0.6203
"20209041300","tract",2023,"food_state_rnk",22.0844
"20209041400","tract",2023,"food_state_rnk",0.9926
"20209041500","tract",2023,"food_state_rnk",8.4367
"20209041600","tract",2023,"food_state_rnk",18.4864
"20209041900","tract",2023,"food_state_rnk",45.2854
"20209042001","tract",2023,"food_state_rnk",7.6923
"20209042002","tract",2023,"food_state_rnk",10.1737
"20209042100","tract",2023,"food_state_rnk",14.5161
"20209042200","tract",2023,"food_state_rnk",25.6824
"20209042300","tract",2023,"food_state_rnk",5.0868
"20209042400","tract",2023,"food_state_rnk",34.4913
"20209042600","tract",2023,"food_state_rnk",29.1563
"20209042700","tract",2023,"food_state_rnk",7.072
"20209042800","tract",2023,"food_state_rnk",1.737
"20209042900","tract",2023,"food_state_rnk",12.7792
"20209043000","tract",2023,"food_state_rnk",49.3797
"20209043301","tract",2023,"food_state_rnk",11.7866
"20209043400","tract",2023,"food_state_rnk",52.7295
"20209043500","tract",2023,"food_state_rnk",79.8387
"20209043600","tract",2023,"food_state_rnk",33.3747
"20209043700","tract",2023,"food_state_rnk",32.9404
"20209043802","tract",2023,"food_state_rnk",44.7891
"20209043803","tract",2023,"food_state_rnk",79.5285
"20209043903","tract",2023,"food_state_rnk",12.0347
"20209043904","tract",2023,"food_state_rnk",4.3424
"20209043905","tract",2023,"food_state_rnk",1.6129
"20209044001","tract",2023,"food_state_rnk",61.1042
"20209044002","tract",2023,"food_state_rnk",7.4442
"20209044101","tract",2023,"food_state_rnk",2.4814
"20209044102","tract",2023,"food_state_rnk",5.7072
"20209044103","tract",2023,"food_state_rnk",17.1216
"20209044104","tract",2023,"food_state_rnk",24.6898
"20209044201","tract",2023,"food_state_rnk",56.9479
"20209044202","tract",2023,"food_state_rnk",26.0546
"20209044301","tract",2023,"food_state_rnk",23.0769
"20209044302","tract",2023,"food_state_rnk",38.1514
"20209044303","tract",2023,"food_state_rnk",6.0174
"20209044400","tract",2023,"food_state_rnk",8.8089
"20209044500","tract",2023,"food_state_rnk",11.0422
"20209044601","tract",2023,"food_state_rnk",91.067
"20209044602","tract",2023,"food_state_rnk",NA
"20209044603","tract",2023,"food_state_rnk",NA
"20209044702","tract",2023,"food_state_rnk",37.9653
"20209044703","tract",2023,"food_state_rnk",83.2506
"20209044704","tract",2023,"food_state_rnk",81.7618
"20209044803","tract",2023,"food_state_rnk",89.5782
"20209044804","tract",2023,"food_state_rnk",77.1712
"20209044807","tract",2023,"food_state_rnk",67.9901
"20209044900","tract",2023,"food_state_rnk",24.5658
"20209045100","tract",2023,"food_state_rnk",23.4491
"20209045200","tract",2023,"food_state_rnk",67.866
"20209980000","tract",2023,"food_state_rnk",NA
"20209980500","tract",2023,"food_state_rnk",NA
"20209980900","tract",2023,"food_state_rnk",NA
"20209981200","tract",2023,"food_state_rnk",NA
"20209981500","tract",2023,"food_state_rnk",NA
