"geoid","geolevel","year","level","value"
"27006","zcta",2023,"food_score",113.12
"27007","zcta",2023,"food_score",107.95
"27009","zcta",2023,"food_score",99.88
"27011","zcta",2023,"food_score",106.93
"27012","zcta",2023,"food_score",108.41
"27013","zcta",2023,"food_score",95.08
"27014","zcta",2023,"food_score",75.11
"27016","zcta",2023,"food_score",114.66
"27017","zcta",2023,"food_score",83.12
"27018","zcta",2023,"food_score",95.67
"27019","zcta",2023,"food_score",105.31
"27020","zcta",2023,"food_score",113.31
"27021","zcta",2023,"food_score",85.87
"27022","zcta",2023,"food_score",85.59
"27023","zcta",2023,"food_score",109.94
"27024","zcta",2023,"food_score",104.12
"27025","zcta",2023,"food_score",90.11
"27027","zcta",2023,"food_score",92.99
"27028","zcta",2023,"food_score",89.91
"27030","zcta",2023,"food_score",73.65
"27040","zcta",2023,"food_score",107.76
"27041","zcta",2023,"food_score",105.15
"27042","zcta",2023,"food_score",112.06
"27043","zcta",2023,"food_score",103.3
"27045","zcta",2023,"food_score",98.54
"27046","zcta",2023,"food_score",117.2
"27047","zcta",2023,"food_score",99.22
"27048","zcta",2023,"food_score",94.01
"27050","zcta",2023,"food_score",101.69
"27051","zcta",2023,"food_score",98.65
"27052","zcta",2023,"food_score",86.69
"27053","zcta",2023,"food_score",103.99
"27054","zcta",2023,"food_score",107.64
"27055","zcta",2023,"food_score",98.24
"27101","zcta",2023,"food_score",75.42
"27103","zcta",2023,"food_score",89.09
"27104","zcta",2023,"food_score",104.6
"27105","zcta",2023,"food_score",55.7
"27106","zcta",2023,"food_score",86.49
"27107","zcta",2023,"food_score",77.43
"27109","zcta",2023,"food_score",NA
"27110","zcta",2023,"food_score",NA
"27127","zcta",2023,"food_score",78.34
"27201","zcta",2023,"food_score",130.14
"27202","zcta",2023,"food_score",NA
"27203","zcta",2023,"food_score",79.74
"27205","zcta",2023,"food_score",88.22
"27207","zcta",2023,"food_score",112
"27208","zcta",2023,"food_score",127.3
"27209","zcta",2023,"food_score",62.84
"27212","zcta",2023,"food_score",NA
"27213","zcta",2023,"food_score",NA
"27214","zcta",2023,"food_score",101.85
"27215","zcta",2023,"food_score",86.98
"27217","zcta",2023,"food_score",68.35
"27229","zcta",2023,"food_score",87.98
"27231","zcta",2023,"food_score",100.57
"27233","zcta",2023,"food_score",104.16
"27235","zcta",2023,"food_score",100.97
"27239","zcta",2023,"food_score",91.73
"27242","zcta",2023,"food_score",89.37
"27243","zcta",2023,"food_score",112.9
"27244","zcta",2023,"food_score",106.59
"27247","zcta",2023,"food_score",69.92
"27248","zcta",2023,"food_score",88.91
"27249","zcta",2023,"food_score",98.42
"27252","zcta",2023,"food_score",116.73
"27253","zcta",2023,"food_score",86.96
"27256","zcta",2023,"food_score",NA
"27258","zcta",2023,"food_score",105.36
"27259","zcta",2023,"food_score",NA
"27260","zcta",2023,"food_score",53.98
"27262","zcta",2023,"food_score",84.82
"27263","zcta",2023,"food_score",93.89
"27265","zcta",2023,"food_score",94.19
"27268","zcta",2023,"food_score",NA
"27278","zcta",2023,"food_score",105.53
"27281","zcta",2023,"food_score",111.77
"27282","zcta",2023,"food_score",106.69
"27283","zcta",2023,"food_score",117.41
"27284","zcta",2023,"food_score",92.91
"27288","zcta",2023,"food_score",73.37
"27291","zcta",2023,"food_score",115.88
"27292","zcta",2023,"food_score",81.46
"27295","zcta",2023,"food_score",92.58
"27298","zcta",2023,"food_score",80.26
"27299","zcta",2023,"food_score",100.71
"27301","zcta",2023,"food_score",103.83
"27302","zcta",2023,"food_score",94.2
"27305","zcta",2023,"food_score",105.63
"27306","zcta",2023,"food_score",89.22
"27310","zcta",2023,"food_score",117.26
"27311","zcta",2023,"food_score",85.99
"27312","zcta",2023,"food_score",108.69
"27313","zcta",2023,"food_score",116.52
"27314","zcta",2023,"food_score",121.59
"27315","zcta",2023,"food_score",98.5
"27316","zcta",2023,"food_score",81.11
"27317","zcta",2023,"food_score",79.93
"27320","zcta",2023,"food_score",77.38
"27325","zcta",2023,"food_score",80.44
"27326","zcta",2023,"food_score",92.04
"27330","zcta",2023,"food_score",80.29
"27332","zcta",2023,"food_score",88.56
"27340","zcta",2023,"food_score",NA
"27341","zcta",2023,"food_score",103.07
"27342","zcta",2023,"food_score",NA
"27343","zcta",2023,"food_score",114.79
"27344","zcta",2023,"food_score",91.82
"27349","zcta",2023,"food_score",90.59
"27350","zcta",2023,"food_score",104.94
"27351","zcta",2023,"food_score",120.21
"27355","zcta",2023,"food_score",112.18
"27356","zcta",2023,"food_score",61.46
"27357","zcta",2023,"food_score",103.97
"27358","zcta",2023,"food_score",110.56
"27360","zcta",2023,"food_score",78.81
"27370","zcta",2023,"food_score",98.47
"27371","zcta",2023,"food_score",99.84
"27374","zcta",2023,"food_score",65.87
"27376","zcta",2023,"food_score",100.96
"27377","zcta",2023,"food_score",102.3
"27379","zcta",2023,"food_score",83.36
"27401","zcta",2023,"food_score",66.93
"27403","zcta",2023,"food_score",89.99
"27405","zcta",2023,"food_score",51.68
"27406","zcta",2023,"food_score",62.86
"27407","zcta",2023,"food_score",76.02
"27408","zcta",2023,"food_score",105.51
"27409","zcta",2023,"food_score",91.25
"27410","zcta",2023,"food_score",100.91
"27411","zcta",2023,"food_score",NA
"27412","zcta",2023,"food_score",NA
"27455","zcta",2023,"food_score",106.29
"27501","zcta",2023,"food_score",99.49
"27502","zcta",2023,"food_score",106.07
"27503","zcta",2023,"food_score",NA
"27504","zcta",2023,"food_score",93.71
"27505","zcta",2023,"food_score",78.93
"27506","zcta",2023,"food_score",NA
"27507","zcta",2023,"food_score",77.72
"27508","zcta",2023,"food_score",116.15
"27509","zcta",2023,"food_score",NA
"27510","zcta",2023,"food_score",109.05
"27511","zcta",2023,"food_score",106.41
"27513","zcta",2023,"food_score",104.45
"27514","zcta",2023,"food_score",114.48
"27516","zcta",2023,"food_score",102.5
"27517","zcta",2023,"food_score",109.31
"27518","zcta",2023,"food_score",115.8
"27519","zcta",2023,"food_score",103.61
"27520","zcta",2023,"food_score",94.54
"27521","zcta",2023,"food_score",91.78
"27522","zcta",2023,"food_score",97.13
"27523","zcta",2023,"food_score",117.42
"27524","zcta",2023,"food_score",101.87
"27525","zcta",2023,"food_score",98.86
"27526","zcta",2023,"food_score",99.14
"27527","zcta",2023,"food_score",101.65
"27529","zcta",2023,"food_score",90.42
"27530","zcta",2023,"food_score",65.22
"27531","zcta",2023,"food_score",NA
"27533","zcta",2023,"food_score",NA
"27534","zcta",2023,"food_score",85.01
"27536","zcta",2023,"food_score",55.33
"27537","zcta",2023,"food_score",73.77
"27539","zcta",2023,"food_score",114.31
"27540","zcta",2023,"food_score",107.78
"27541","zcta",2023,"food_score",110.92
"27542","zcta",2023,"food_score",97.22
"27544","zcta",2023,"food_score",93.71
"27545","zcta",2023,"food_score",95.49
"27546","zcta",2023,"food_score",89.9
"27549","zcta",2023,"food_score",84.78
"27551","zcta",2023,"food_score",87.92
"27553","zcta",2023,"food_score",87.84
"27555","zcta",2023,"food_score",64.32
"27556","zcta",2023,"food_score",40.71
"27557","zcta",2023,"food_score",105.2
"27559","zcta",2023,"food_score",109.92
"27560","zcta",2023,"food_score",108.48
"27562","zcta",2023,"food_score",121.84
"27563","zcta",2023,"food_score",69.18
"27565","zcta",2023,"food_score",88.66
"27568","zcta",2023,"food_score",97.72
"27569","zcta",2023,"food_score",98.3
"27570","zcta",2023,"food_score",NA
"27571","zcta",2023,"food_score",118.04
"27572","zcta",2023,"food_score",105.12
"27573","zcta",2023,"food_score",63.55
"27574","zcta",2023,"food_score",85.96
"27576","zcta",2023,"food_score",85.83
"27577","zcta",2023,"food_score",87.07
"27581","zcta",2023,"food_score",97.18
"27582","zcta",2023,"food_score",112.24
"27583","zcta",2023,"food_score",103.91
"27584","zcta",2023,"food_score",53.13
"27587","zcta",2023,"food_score",91.89
"27589","zcta",2023,"food_score",75.2
"27591","zcta",2023,"food_score",101.36
"27592","zcta",2023,"food_score",101.93
"27593","zcta",2023,"food_score",NA
"27594","zcta",2023,"food_score",NA
"27596","zcta",2023,"food_score",109.98
"27597","zcta",2023,"food_score",94.15
"27599","zcta",2023,"food_score",NA
"27601","zcta",2023,"food_score",82.25
"27603","zcta",2023,"food_score",100.99
"27604","zcta",2023,"food_score",88.37
"27605","zcta",2023,"food_score",125.03
"27606","zcta",2023,"food_score",100.77
"27607","zcta",2023,"food_score",109.95
"27608","zcta",2023,"food_score",119.45
"27609","zcta",2023,"food_score",108.41
"27610","zcta",2023,"food_score",67.05
"27612","zcta",2023,"food_score",107.17
"27613","zcta",2023,"food_score",109.31
"27614","zcta",2023,"food_score",110.49
"27615","zcta",2023,"food_score",101.78
"27616","zcta",2023,"food_score",89.8
"27617","zcta",2023,"food_score",110.43
"27695","zcta",2023,"food_score",NA
"27697","zcta",2023,"food_score",NA
"27701","zcta",2023,"food_score",73.98
"27703","zcta",2023,"food_score",87.95
"27704","zcta",2023,"food_score",85.74
"27705","zcta",2023,"food_score",99.62
"27707","zcta",2023,"food_score",92.28
"27708","zcta",2023,"food_score",NA
"27709","zcta",2023,"food_score",NA
"27712","zcta",2023,"food_score",109.28
"27713","zcta",2023,"food_score",90.04
"27801","zcta",2023,"food_score",58.37
"27803","zcta",2023,"food_score",76.39
"27804","zcta",2023,"food_score",74.81
"27805","zcta",2023,"food_score",60.81
"27806","zcta",2023,"food_score",89.62
"27807","zcta",2023,"food_score",91.83
"27808","zcta",2023,"food_score",108.83
"27809","zcta",2023,"food_score",99.32
"27810","zcta",2023,"food_score",78.27
"27812","zcta",2023,"food_score",84.52
"27813","zcta",2023,"food_score",93.78
"27814","zcta",2023,"food_score",122.12
"27815","zcta",2023,"food_score",NA
"27816","zcta",2023,"food_score",43.34
"27817","zcta",2023,"food_score",76.22
"27818","zcta",2023,"food_score",88.05
"27819","zcta",2023,"food_score",7.89
"27820","zcta",2023,"food_score",93.78
"27821","zcta",2023,"food_score",NA
"27822","zcta",2023,"food_score",91.74
"27823","zcta",2023,"food_score",49.61
"27824","zcta",2023,"food_score",65.1
"27825","zcta",2023,"food_score",107.32
"27826","zcta",2023,"food_score",NA
"27827","zcta",2023,"food_score",113.96
"27828","zcta",2023,"food_score",95.26
"27829","zcta",2023,"food_score",87.07
"27830","zcta",2023,"food_score",73.46
"27831","zcta",2023,"food_score",54.59
"27832","zcta",2023,"food_score",52.36
"27834","zcta",2023,"food_score",60.41
"27837","zcta",2023,"food_score",103.15
"27839","zcta",2023,"food_score",69.29
"27840","zcta",2023,"food_score",77.61
"27841","zcta",2023,"food_score",NA
"27842","zcta",2023,"food_score",113.75
"27843","zcta",2023,"food_score",95.08
"27844","zcta",2023,"food_score",58.37
"27845","zcta",2023,"food_score",99.77
"27846","zcta",2023,"food_score",96.22
"27847","zcta",2023,"food_score",61.53
"27849","zcta",2023,"food_score",27.81
"27850","zcta",2023,"food_score",96.11
"27851","zcta",2023,"food_score",86.14
"27852","zcta",2023,"food_score",91.66
"27853","zcta",2023,"food_score",54.15
"27855","zcta",2023,"food_score",83.64
"27856","zcta",2023,"food_score",88.35
"27857","zcta",2023,"food_score",99.03
"27858","zcta",2023,"food_score",90.26
"27860","zcta",2023,"food_score",82.03
"27861","zcta",2023,"food_score",115.22
"27862","zcta",2023,"food_score",84.09
"27863","zcta",2023,"food_score",92.67
"27864","zcta",2023,"food_score",83.13
"27865","zcta",2023,"food_score",107.44
"27866","zcta",2023,"food_score",82.09
"27869","zcta",2023,"food_score",55.4
"27870","zcta",2023,"food_score",63.9
"27871","zcta",2023,"food_score",93.67
"27872","zcta",2023,"food_score",90.2
"27873","zcta",2023,"food_score",89.41
"27874","zcta",2023,"food_score",68.41
"27875","zcta",2023,"food_score",76.98
"27876","zcta",2023,"food_score",75.06
"27877","zcta",2023,"food_score",NA
"27878","zcta",2023,"food_score",56.52
"27879","zcta",2023,"food_score",73.86
"27880","zcta",2023,"food_score",108.57
"27881","zcta",2023,"food_score",NA
"27882","zcta",2023,"food_score",80.67
"27883","zcta",2023,"food_score",75.68
"27884","zcta",2023,"food_score",70.3
"27885","zcta",2023,"food_score",112.39
"27886","zcta",2023,"food_score",78.44
"27888","zcta",2023,"food_score",92.27
"27889","zcta",2023,"food_score",78.79
"27890","zcta",2023,"food_score",37.38
"27891","zcta",2023,"food_score",72.45
"27892","zcta",2023,"food_score",81.12
"27893","zcta",2023,"food_score",61.66
"27896","zcta",2023,"food_score",98.73
"27897","zcta",2023,"food_score",56.06
"27909","zcta",2023,"food_score",81.12
"27910","zcta",2023,"food_score",67.3
"27915","zcta",2023,"food_score",107.53
"27916","zcta",2023,"food_score",110.11
"27917","zcta",2023,"food_score",36.09
"27919","zcta",2023,"food_score",120
"27920","zcta",2023,"food_score",121.84
"27921","zcta",2023,"food_score",100.32
"27922","zcta",2023,"food_score",84.99
"27923","zcta",2023,"food_score",109.72
"27924","zcta",2023,"food_score",92.2
"27925","zcta",2023,"food_score",83.8
"27926","zcta",2023,"food_score",98.36
"27927","zcta",2023,"food_score",124.35
"27928","zcta",2023,"food_score",85.71
"27929","zcta",2023,"food_score",119.84
"27932","zcta",2023,"food_score",70.08
"27935","zcta",2023,"food_score",68.15
"27936","zcta",2023,"food_score",127.48
"27937","zcta",2023,"food_score",97.82
"27938","zcta",2023,"food_score",108.37
"27939","zcta",2023,"food_score",103.36
"27941","zcta",2023,"food_score",118.28
"27942","zcta",2023,"food_score",83.03
"27943","zcta",2023,"food_score",127.6
"27944","zcta",2023,"food_score",98.41
"27946","zcta",2023,"food_score",96.44
"27947","zcta",2023,"food_score",119.87
"27948","zcta",2023,"food_score",97.22
"27949","zcta",2023,"food_score",117.1
"27950","zcta",2023,"food_score",123.97
"27953","zcta",2023,"food_score",125.09
"27954","zcta",2023,"food_score",103.2
"27956","zcta",2023,"food_score",130.11
"27957","zcta",2023,"food_score",110.24
"27958","zcta",2023,"food_score",119.52
"27959","zcta",2023,"food_score",120.95
"27960","zcta",2023,"food_score",63.64
"27962","zcta",2023,"food_score",66.22
"27964","zcta",2023,"food_score",127.14
"27965","zcta",2023,"food_score",69.26
"27966","zcta",2023,"food_score",93.57
"27967","zcta",2023,"food_score",60.3
"27968","zcta",2023,"food_score",70.78
"27969","zcta",2023,"food_score",127.93
"27970","zcta",2023,"food_score",66.77
"27972","zcta",2023,"food_score",66.74
"27973","zcta",2023,"food_score",115.38
"27974","zcta",2023,"food_score",110.97
"27976","zcta",2023,"food_score",123.81
"27978","zcta",2023,"food_score",110.99
"27979","zcta",2023,"food_score",108.03
"27980","zcta",2023,"food_score",101.09
"27981","zcta",2023,"food_score",85.26
"27982","zcta",2023,"food_score",117.64
"27983","zcta",2023,"food_score",69.25
"27985","zcta",2023,"food_score",29.08
"27986","zcta",2023,"food_score",NA
"28001","zcta",2023,"food_score",83.07
"28006","zcta",2023,"food_score",120.82
"28007","zcta",2023,"food_score",67.13
"28009","zcta",2023,"food_score",67.94
"28012","zcta",2023,"food_score",100.24
"28016","zcta",2023,"food_score",91.42
"28017","zcta",2023,"food_score",NA
"28018","zcta",2023,"food_score",90.6
"28019","zcta",2023,"food_score",NA
"28020","zcta",2023,"food_score",86.79
"28021","zcta",2023,"food_score",96.54
"28023","zcta",2023,"food_score",98.18
"28024","zcta",2023,"food_score",NA
"28025","zcta",2023,"food_score",87.32
"28027","zcta",2023,"food_score",85.65
"28031","zcta",2023,"food_score",112.91
"28032","zcta",2023,"food_score",116.25
"28033","zcta",2023,"food_score",92.95
"28034","zcta",2023,"food_score",91.01
"28036","zcta",2023,"food_score",112.38
"28037","zcta",2023,"food_score",112.05
"28039","zcta",2023,"food_score",NA
"28040","zcta",2023,"food_score",99.25
"28041","zcta",2023,"food_score",NA
"28042","zcta",2023,"food_score",57.94
"28043","zcta",2023,"food_score",69.12
"28052","zcta",2023,"food_score",58.96
"28054","zcta",2023,"food_score",79.41
"28056","zcta",2023,"food_score",91.79
"28071","zcta",2023,"food_score",105.66
"28072","zcta",2023,"food_score",119.31
"28073","zcta",2023,"food_score",88.58
"28074","zcta",2023,"food_score",NA
"28075","zcta",2023,"food_score",112.87
"28076","zcta",2023,"food_score",117.15
"28077","zcta",2023,"food_score",49.25
"28078","zcta",2023,"food_score",98.71
"28079","zcta",2023,"food_score",104.17
"28080","zcta",2023,"food_score",105.82
"28081","zcta",2023,"food_score",87.34
"28083","zcta",2023,"food_score",91.14
"28086","zcta",2023,"food_score",70.53
"28088","zcta",2023,"food_score",102.17
"28089","zcta",2023,"food_score",NA
"28090","zcta",2023,"food_score",83.02
"28091","zcta",2023,"food_score",94.28
"28092","zcta",2023,"food_score",81.12
"28097","zcta",2023,"food_score",100.55
"28098","zcta",2023,"food_score",80.17
"28101","zcta",2023,"food_score",109.14
"28102","zcta",2023,"food_score",51.15
"28103","zcta",2023,"food_score",92.62
"28104","zcta",2023,"food_score",111.22
"28105","zcta",2023,"food_score",106.01
"28107","zcta",2023,"food_score",120.92
"28108","zcta",2023,"food_score",NA
"28109","zcta",2023,"food_score",NA
"28110","zcta",2023,"food_score",95.42
"28112","zcta",2023,"food_score",96.18
"28114","zcta",2023,"food_score",94.94
"28115","zcta",2023,"food_score",96.66
"28117","zcta",2023,"food_score",104.18
"28119","zcta",2023,"food_score",71.85
"28120","zcta",2023,"food_score",97.34
"28124","zcta",2023,"food_score",103.33
"28125","zcta",2023,"food_score",106.85
"28127","zcta",2023,"food_score",96.65
"28128","zcta",2023,"food_score",86.1
"28129","zcta",2023,"food_score",104.9
"28133","zcta",2023,"food_score",98.15
"28134","zcta",2023,"food_score",94.91
"28135","zcta",2023,"food_score",82.1
"28136","zcta",2023,"food_score",NA
"28137","zcta",2023,"food_score",99.16
"28138","zcta",2023,"food_score",110.48
"28139","zcta",2023,"food_score",90.84
"28144","zcta",2023,"food_score",71.8
"28146","zcta",2023,"food_score",94.27
"28147","zcta",2023,"food_score",86.61
"28150","zcta",2023,"food_score",72.6
"28152","zcta",2023,"food_score",84.06
"28159","zcta",2023,"food_score",99.37
"28160","zcta",2023,"food_score",93.03
"28163","zcta",2023,"food_score",105.08
"28164","zcta",2023,"food_score",102.55
"28166","zcta",2023,"food_score",118.06
"28167","zcta",2023,"food_score",77.92
"28168","zcta",2023,"food_score",93.51
"28169","zcta",2023,"food_score",107.59
"28170","zcta",2023,"food_score",50.27
"28173","zcta",2023,"food_score",105.34
"28174","zcta",2023,"food_score",83.04
"28202","zcta",2023,"food_score",111.95
"28203","zcta",2023,"food_score",107.18
"28204","zcta",2023,"food_score",107.62
"28205","zcta",2023,"food_score",87.59
"28206","zcta",2023,"food_score",75.32
"28207","zcta",2023,"food_score",116.91
"28208","zcta",2023,"food_score",65.34
"28209","zcta",2023,"food_score",99.43
"28210","zcta",2023,"food_score",100.36
"28211","zcta",2023,"food_score",105.31
"28212","zcta",2023,"food_score",73.99
"28213","zcta",2023,"food_score",88.06
"28214","zcta",2023,"food_score",98.1
"28215","zcta",2023,"food_score",83
"28216","zcta",2023,"food_score",84.77
"28217","zcta",2023,"food_score",84.86
"28223","zcta",2023,"food_score",NA
"28226","zcta",2023,"food_score",106.71
"28227","zcta",2023,"food_score",89.44
"28244","zcta",2023,"food_score",NA
"28262","zcta",2023,"food_score",94
"28269","zcta",2023,"food_score",84.09
"28270","zcta",2023,"food_score",115.72
"28273","zcta",2023,"food_score",97.03
"28274","zcta",2023,"food_score",NA
"28277","zcta",2023,"food_score",103.99
"28278","zcta",2023,"food_score",107.2
"28280","zcta",2023,"food_score",NA
"28282","zcta",2023,"food_score",NA
"28301","zcta",2023,"food_score",47.43
"28303","zcta",2023,"food_score",72.44
"28304","zcta",2023,"food_score",71.39
"28305","zcta",2023,"food_score",95.77
"28306","zcta",2023,"food_score",69.39
"28307","zcta",2023,"food_score",113.4
"28308","zcta",2023,"food_score",NA
"28310","zcta",2023,"food_score",NA
"28311","zcta",2023,"food_score",80.75
"28312","zcta",2023,"food_score",82.92
"28314","zcta",2023,"food_score",70.37
"28315","zcta",2023,"food_score",108.15
"28318","zcta",2023,"food_score",109.59
"28320","zcta",2023,"food_score",77.52
"28323","zcta",2023,"food_score",89.77
"28325","zcta",2023,"food_score",62.98
"28326","zcta",2023,"food_score",93.39
"28327","zcta",2023,"food_score",106.15
"28328","zcta",2023,"food_score",71.33
"28330","zcta",2023,"food_score",-14.44
"28331","zcta",2023,"food_score",NA
"28332","zcta",2023,"food_score",54.37
"28333","zcta",2023,"food_score",64.23
"28334","zcta",2023,"food_score",85.09
"28337","zcta",2023,"food_score",74.06
"28338","zcta",2023,"food_score",80.62
"28339","zcta",2023,"food_score",97.58
"28340","zcta",2023,"food_score",53.91
"28341","zcta",2023,"food_score",75.98
"28342","zcta",2023,"food_score",NA
"28343","zcta",2023,"food_score",57.08
"28344","zcta",2023,"food_score",81.67
"28345","zcta",2023,"food_score",70.32
"28347","zcta",2023,"food_score",NA
"28348","zcta",2023,"food_score",78.33
"28349","zcta",2023,"food_score",93.88
"28350","zcta",2023,"food_score",85.99
"28351","zcta",2023,"food_score",75.66
"28352","zcta",2023,"food_score",51.41
"28355","zcta",2023,"food_score",NA
"28356","zcta",2023,"food_score",101.34
"28357","zcta",2023,"food_score",92.08
"28358","zcta",2023,"food_score",54.52
"28359","zcta",2023,"food_score",NA
"28360","zcta",2023,"food_score",68.1
"28362","zcta",2023,"food_score",NA
"28363","zcta",2023,"food_score",97.18
"28364","zcta",2023,"food_score",59.44
"28365","zcta",2023,"food_score",83.45
"28366","zcta",2023,"food_score",68.82
"28367","zcta",2023,"food_score",53.48
"28368","zcta",2023,"food_score",119.13
"28369","zcta",2023,"food_score",68.09
"28371","zcta",2023,"food_score",87.74
"28372","zcta",2023,"food_score",69.18
"28373","zcta",2023,"food_score",114.21
"28374","zcta",2023,"food_score",117.97
"28375","zcta",2023,"food_score",90.91
"28376","zcta",2023,"food_score",84.57
"28377","zcta",2023,"food_score",58.05
"28378","zcta",2023,"food_score",NA
"28379","zcta",2023,"food_score",59.32
"28382","zcta",2023,"food_score",87.32
"28383","zcta",2023,"food_score",58.76
"28384","zcta",2023,"food_score",79.09
"28385","zcta",2023,"food_score",118.76
"28386","zcta",2023,"food_score",53.02
"28387","zcta",2023,"food_score",108.97
"28390","zcta",2023,"food_score",83.11
"28391","zcta",2023,"food_score",101.44
"28392","zcta",2023,"food_score",51.67
"28393","zcta",2023,"food_score",85.12
"28394","zcta",2023,"food_score",90.19
"28395","zcta",2023,"food_score",98.42
"28396","zcta",2023,"food_score",84.99
"28398","zcta",2023,"food_score",82.74
"28399","zcta",2023,"food_score",80.83
"28401","zcta",2023,"food_score",70.69
"28403","zcta",2023,"food_score",94.67
"28405","zcta",2023,"food_score",85.02
"28409","zcta",2023,"food_score",109.57
"28411","zcta",2023,"food_score",101.79
"28412","zcta",2023,"food_score",91.67
"28420","zcta",2023,"food_score",106.61
"28421","zcta",2023,"food_score",91.82
"28422","zcta",2023,"food_score",81.78
"28423","zcta",2023,"food_score",70.84
"28424","zcta",2023,"food_score",NA
"28425","zcta",2023,"food_score",81.6
"28428","zcta",2023,"food_score",114.52
"28429","zcta",2023,"food_score",94.88
"28430","zcta",2023,"food_score",80.34
"28431","zcta",2023,"food_score",60.55
"28432","zcta",2023,"food_score",114.83
"28433","zcta",2023,"food_score",67
"28434","zcta",2023,"food_score",101.48
"28435","zcta",2023,"food_score",77.02
"28436","zcta",2023,"food_score",99.95
"28438","zcta",2023,"food_score",63.32
"28439","zcta",2023,"food_score",54.02
"28441","zcta",2023,"food_score",97.5
"28442","zcta",2023,"food_score",53.93
"28443","zcta",2023,"food_score",103.61
"28444","zcta",2023,"food_score",82.65
"28445","zcta",2023,"food_score",108.91
"28447","zcta",2023,"food_score",106.25
"28448","zcta",2023,"food_score",82.09
"28449","zcta",2023,"food_score",122.61
"28450","zcta",2023,"food_score",97.99
"28451","zcta",2023,"food_score",86.9
"28452","zcta",2023,"food_score",69.9
"28453","zcta",2023,"food_score",81.19
"28454","zcta",2023,"food_score",75.03
"28455","zcta",2023,"food_score",115.36
"28456","zcta",2023,"food_score",76.42
"28457","zcta",2023,"food_score",74.29
"28458","zcta",2023,"food_score",83.87
"28460","zcta",2023,"food_score",114.15
"28461","zcta",2023,"food_score",104.01
"28462","zcta",2023,"food_score",90.18
"28463","zcta",2023,"food_score",62.03
"28464","zcta",2023,"food_score",62.42
"28465","zcta",2023,"food_score",113.77
"28466","zcta",2023,"food_score",92.76
"28467","zcta",2023,"food_score",101.82
"28468","zcta",2023,"food_score",91.97
"28469","zcta",2023,"food_score",111.23
"28470","zcta",2023,"food_score",86.86
"28472","zcta",2023,"food_score",73.74
"28478","zcta",2023,"food_score",108.22
"28479","zcta",2023,"food_score",87.27
"28480","zcta",2023,"food_score",122.15
"28501","zcta",2023,"food_score",51.2
"28504","zcta",2023,"food_score",83.25
"28508","zcta",2023,"food_score",109.67
"28509","zcta",2023,"food_score",NA
"28510","zcta",2023,"food_score",100.96
"28511","zcta",2023,"food_score",105.25
"28512","zcta",2023,"food_score",102.17
"28513","zcta",2023,"food_score",93.08
"28515","zcta",2023,"food_score",97.67
"28516","zcta",2023,"food_score",97.3
"28518","zcta",2023,"food_score",93.97
"28519","zcta",2023,"food_score",54.65
"28520","zcta",2023,"food_score",128.63
"28521","zcta",2023,"food_score",82.93
"28523","zcta",2023,"food_score",89.62
"28524","zcta",2023,"food_score",128.58
"28525","zcta",2023,"food_score",74.87
"28526","zcta",2023,"food_score",83.77
"28527","zcta",2023,"food_score",109.15
"28528","zcta",2023,"food_score",97.95
"28529","zcta",2023,"food_score",102.58
"28530","zcta",2023,"food_score",84.61
"28531","zcta",2023,"food_score",111.28
"28532","zcta",2023,"food_score",95.44
"28533","zcta",2023,"food_score",NA
"28537","zcta",2023,"food_score",NA
"28538","zcta",2023,"food_score",73.8
"28539","zcta",2023,"food_score",100.06
"28540","zcta",2023,"food_score",85.05
"28542","zcta",2023,"food_score",NA
"28543","zcta",2023,"food_score",113.83
"28544","zcta",2023,"food_score",101.05
"28546","zcta",2023,"food_score",86.48
"28547","zcta",2023,"food_score",NA
"28551","zcta",2023,"food_score",84.75
"28552","zcta",2023,"food_score",123.04
"28553","zcta",2023,"food_score",72.86
"28554","zcta",2023,"food_score",NA
"28555","zcta",2023,"food_score",88.08
"28556","zcta",2023,"food_score",127.19
"28557","zcta",2023,"food_score",100.5
"28560","zcta",2023,"food_score",81.63
"28562","zcta",2023,"food_score",91.47
"28570","zcta",2023,"food_score",96.26
"28571","zcta",2023,"food_score",109.03
"28572","zcta",2023,"food_score",92.37
"28573","zcta",2023,"food_score",79.21
"28574","zcta",2023,"food_score",95.59
"28575","zcta",2023,"food_score",80.59
"28577","zcta",2023,"food_score",117.21
"28578","zcta",2023,"food_score",76.41
"28579","zcta",2023,"food_score",103.74
"28580","zcta",2023,"food_score",72.77
"28581","zcta",2023,"food_score",128.63
"28582","zcta",2023,"food_score",126.1
"28584","zcta",2023,"food_score",102.78
"28585","zcta",2023,"food_score",83.74
"28586","zcta",2023,"food_score",75.3
"28587","zcta",2023,"food_score",54.32
"28589","zcta",2023,"food_score",NA
"28590","zcta",2023,"food_score",102.27
"28594","zcta",2023,"food_score",120.19
"28601","zcta",2023,"food_score",85.33
"28602","zcta",2023,"food_score",82.69
"28604","zcta",2023,"food_score",104.97
"28605","zcta",2023,"food_score",106.29
"28606","zcta",2023,"food_score",108.03
"28607","zcta",2023,"food_score",99
"28609","zcta",2023,"food_score",116.62
"28610","zcta",2023,"food_score",89.14
"28611","zcta",2023,"food_score",129.11
"28612","zcta",2023,"food_score",100.03
"28613","zcta",2023,"food_score",93.03
"28615","zcta",2023,"food_score",84.86
"28616","zcta",2023,"food_score",NA
"28617","zcta",2023,"food_score",99.01
"28618","zcta",2023,"food_score",109.4
"28619","zcta",2023,"food_score",65.53
"28621","zcta",2023,"food_score",83.09
"28622","zcta",2023,"food_score",93.33
"28623","zcta",2023,"food_score",107.96
"28624","zcta",2023,"food_score",73.58
"28625","zcta",2023,"food_score",89.58
"28626","zcta",2023,"food_score",118.13
"28627","zcta",2023,"food_score",85.48
"28628","zcta",2023,"food_score",NA
"28629","zcta",2023,"food_score",NA
"28630","zcta",2023,"food_score",94.55
"28631","zcta",2023,"food_score",67.74
"28634","zcta",2023,"food_score",110.81
"28635","zcta",2023,"food_score",100.55
"28636","zcta",2023,"food_score",109.66
"28637","zcta",2023,"food_score",98.89
"28638","zcta",2023,"food_score",96.51
"28640","zcta",2023,"food_score",87.33
"28641","zcta",2023,"food_score",NA
"28642","zcta",2023,"food_score",100.9
"28643","zcta",2023,"food_score",72.25
"28644","zcta",2023,"food_score",107.46
"28645","zcta",2023,"food_score",83.22
"28646","zcta",2023,"food_score",129.39
"28649","zcta",2023,"food_score",103.48
"28650","zcta",2023,"food_score",104.47
"28651","zcta",2023,"food_score",101.4
"28652","zcta",2023,"food_score",94.19
"28653","zcta",2023,"food_score",NA
"28654","zcta",2023,"food_score",111.44
"28655","zcta",2023,"food_score",72.75
"28657","zcta",2023,"food_score",107.95
"28658","zcta",2023,"food_score",100.96
"28659","zcta",2023,"food_score",87.33
"28660","zcta",2023,"food_score",119.85
"28662","zcta",2023,"food_score",NA
"28663","zcta",2023,"food_score",122.98
"28664","zcta",2023,"food_score",NA
"28665","zcta",2023,"food_score",76.76
"28666","zcta",2023,"food_score",15.99
"28667","zcta",2023,"food_score",82.68
"28668","zcta",2023,"food_score",116.85
"28669","zcta",2023,"food_score",94.42
"28670","zcta",2023,"food_score",96.84
"28671","zcta",2023,"food_score",96.89
"28672","zcta",2023,"food_score",117.72
"28673","zcta",2023,"food_score",123.11
"28675","zcta",2023,"food_score",87.43
"28676","zcta",2023,"food_score",115.62
"28677","zcta",2023,"food_score",92.51
"28678","zcta",2023,"food_score",92.56
"28679","zcta",2023,"food_score",112.02
"28681","zcta",2023,"food_score",99.93
"28682","zcta",2023,"food_score",111.09
"28683","zcta",2023,"food_score",87.2
"28684","zcta",2023,"food_score",124.25
"28685","zcta",2023,"food_score",72.79
"28689","zcta",2023,"food_score",86.01
"28690","zcta",2023,"food_score",103.22
"28692","zcta",2023,"food_score",110.67
"28693","zcta",2023,"food_score",100.3
"28694","zcta",2023,"food_score",101.91
"28697","zcta",2023,"food_score",93.57
"28701","zcta",2023,"food_score",123.25
"28702","zcta",2023,"food_score",127.88
"28704","zcta",2023,"food_score",105.56
"28705","zcta",2023,"food_score",103.22
"28707","zcta",2023,"food_score",93.59
"28708","zcta",2023,"food_score",95.08
"28709","zcta",2023,"food_score",110.26
"28710","zcta",2023,"food_score",NA
"28711","zcta",2023,"food_score",108.12
"28712","zcta",2023,"food_score",99.49
"28713","zcta",2023,"food_score",86.67
"28714","zcta",2023,"food_score",93.29
"28715","zcta",2023,"food_score",89.96
"28716","zcta",2023,"food_score",89.52
"28717","zcta",2023,"food_score",123.75
"28718","zcta",2023,"food_score",112.07
"28719","zcta",2023,"food_score",108.81
"28720","zcta",2023,"food_score",130.09
"28721","zcta",2023,"food_score",100.64
"28722","zcta",2023,"food_score",107.61
"28723","zcta",2023,"food_score",105.19
"28725","zcta",2023,"food_score",NA
"28726","zcta",2023,"food_score",85.28
"28729","zcta",2023,"food_score",97.73
"28730","zcta",2023,"food_score",122.69
"28731","zcta",2023,"food_score",105.81
"28732","zcta",2023,"food_score",114.21
"28733","zcta",2023,"food_score",NA
"28734","zcta",2023,"food_score",95.33
"28735","zcta",2023,"food_score",112.17
"28736","zcta",2023,"food_score",114.13
"28739","zcta",2023,"food_score",103.53
"28740","zcta",2023,"food_score",100.94
"28741","zcta",2023,"food_score",122.54
"28742","zcta",2023,"food_score",109.6
"28743","zcta",2023,"food_score",77.11
"28745","zcta",2023,"food_score",116.58
"28746","zcta",2023,"food_score",97.97
"28747","zcta",2023,"food_score",96.56
"28748","zcta",2023,"food_score",95.74
"28749","zcta",2023,"food_score",NA
"28751","zcta",2023,"food_score",121.09
"28752","zcta",2023,"food_score",82.36
"28753","zcta",2023,"food_score",100.43
"28754","zcta",2023,"food_score",97.61
"28755","zcta",2023,"food_score",NA
"28756","zcta",2023,"food_score",98.99
"28757","zcta",2023,"food_score",NA
"28758","zcta",2023,"food_score",NA
"28759","zcta",2023,"food_score",109.99
"28761","zcta",2023,"food_score",91.73
"28762","zcta",2023,"food_score",93.07
"28763","zcta",2023,"food_score",98.4
"28766","zcta",2023,"food_score",111.52
"28768","zcta",2023,"food_score",106.04
"28770","zcta",2023,"food_score",NA
"28771","zcta",2023,"food_score",99.3
"28772","zcta",2023,"food_score",99.41
"28773","zcta",2023,"food_score",105.09
"28774","zcta",2023,"food_score",125.62
"28775","zcta",2023,"food_score",116.08
"28777","zcta",2023,"food_score",95.92
"28778","zcta",2023,"food_score",107.77
"28779","zcta",2023,"food_score",91.6
"28781","zcta",2023,"food_score",123.81
"28782","zcta",2023,"food_score",106.2
"28783","zcta",2023,"food_score",88.97
"28785","zcta",2023,"food_score",102.68
"28786","zcta",2023,"food_score",88.37
"28787","zcta",2023,"food_score",105.74
"28788","zcta",2023,"food_score",124.26
"28789","zcta",2023,"food_score",83.26
"28790","zcta",2023,"food_score",117.71
"28791","zcta",2023,"food_score",112.92
"28792","zcta",2023,"food_score",87.86
"28801","zcta",2023,"food_score",92.2
"28803","zcta",2023,"food_score",99.24
"28804","zcta",2023,"food_score",102.72
"28805","zcta",2023,"food_score",98.59
"28806","zcta",2023,"food_score",90.03
"28901","zcta",2023,"food_score",105.15
"28902","zcta",2023,"food_score",115.23
"28904","zcta",2023,"food_score",107.48
"28905","zcta",2023,"food_score",76.48
"28906","zcta",2023,"food_score",94.47
"28909","zcta",2023,"food_score",87.41
"27006","zcta",2023,"food_rnk",72.4112
"27007","zcta",2023,"food_rnk",60.1852
"27009","zcta",2023,"food_rnk",42.1325
"27011","zcta",2023,"food_rnk",57.7089
"27012","zcta",2023,"food_rnk",61.3149
"27013","zcta",2023,"food_rnk",33.3441
"27014","zcta",2023,"food_rnk",10.7209
"27016","zcta",2023,"food_rnk",75.8068
"27017","zcta",2023,"food_rnk",17.3081
"27018","zcta",2023,"food_rnk",34.3152
"27019","zcta",2023,"food_rnk",53.7339
"27020","zcta",2023,"food_rnk",72.8223
"27021","zcta",2023,"food_rnk",20.3088
"27022","zcta",2023,"food_rnk",20.0434
"27023","zcta",2023,"food_rnk",64.814
"27024","zcta",2023,"food_rnk",51.1184
"27025","zcta",2023,"food_rnk",25.6595
"27027","zcta",2023,"food_rnk",29.9162
"27028","zcta",2023,"food_rnk",25.3779
"27030","zcta",2023,"food_rnk",9.8307
"27040","zcta",2023,"food_rnk",59.6672
"27041","zcta",2023,"food_rnk",53.3746
"27042","zcta",2023,"food_rnk",69.9446
"27043","zcta",2023,"food_rnk",49.3801
"27045","zcta",2023,"food_rnk",39.5656
"27046","zcta",2023,"food_rnk",81.4359
"27047","zcta",2023,"food_rnk",40.8895
"27048","zcta",2023,"food_rnk",31.5962
"27050","zcta",2023,"food_rnk",45.8874
"27051","zcta",2023,"food_rnk",39.7792
"27052","zcta",2023,"food_rnk",21.2767
"27053","zcta",2023,"food_rnk",50.827
"27054","zcta",2023,"food_rnk",59.4083
"27055","zcta",2023,"food_rnk",38.9959
"27101","zcta",2023,"food_rnk",10.941
"27103","zcta",2023,"food_rnk",24.1932
"27104","zcta",2023,"food_rnk",52.0959
"27105","zcta",2023,"food_rnk",3.4733
"27106","zcta",2023,"food_rnk",21.0371
"27107","zcta",2023,"food_rnk",12.3361
"27109","zcta",2023,"food_rnk",NA
"27110","zcta",2023,"food_rnk",NA
"27127","zcta",2023,"food_rnk",13.0515
"27201","zcta",2023,"food_rnk",98.893
"27202","zcta",2023,"food_rnk",NA
"27203","zcta",2023,"food_rnk",14.1488
"27205","zcta",2023,"food_rnk",23.1541
"27207","zcta",2023,"food_rnk",69.7893
"27208","zcta",2023,"food_rnk",95.7304
"27209","zcta",2023,"food_rnk",5.2569
"27212","zcta",2023,"food_rnk",NA
"27213","zcta",2023,"food_rnk",NA
"27214","zcta",2023,"food_rnk",46.2305
"27215","zcta",2023,"food_rnk",21.5874
"27217","zcta",2023,"food_rnk",7.2379
"27229","zcta",2023,"food_rnk",22.866
"27231","zcta",2023,"food_rnk",43.5568
"27233","zcta",2023,"food_rnk",51.1702
"27235","zcta",2023,"food_rnk",44.3984
"27239","zcta",2023,"food_rnk",27.9481
"27242","zcta",2023,"food_rnk",24.5687
"27243","zcta",2023,"food_rnk",71.8577
"27244","zcta",2023,"food_rnk",56.9611
"27247","zcta",2023,"food_rnk",7.8918
"27248","zcta",2023,"food_rnk",23.9828
"27249","zcta",2023,"food_rnk",39.339
"27252","zcta",2023,"food_rnk",80.3677
"27253","zcta",2023,"food_rnk",21.5712
"27256","zcta",2023,"food_rnk",NA
"27258","zcta",2023,"food_rnk",53.8569
"27259","zcta",2023,"food_rnk",NA
"27260","zcta",2023,"food_rnk",3.1787
"27262","zcta",2023,"food_rnk",19.1403
"27263","zcta",2023,"food_rnk",31.4246
"27265","zcta",2023,"food_rnk",31.8583
"27268","zcta",2023,"food_rnk",NA
"27278","zcta",2023,"food_rnk",54.3165
"27281","zcta",2023,"food_rnk",69.2843
"27282","zcta",2023,"food_rnk",57.1877
"27283","zcta",2023,"food_rnk",81.9312
"27284","zcta",2023,"food_rnk",29.7932
"27288","zcta",2023,"food_rnk",9.6397
"27291","zcta",2023,"food_rnk",78.4806
"27292","zcta",2023,"food_rnk",15.7706
"27295","zcta",2023,"food_rnk",29.3206
"27298","zcta",2023,"food_rnk",14.5437
"27299","zcta",2023,"food_rnk",43.7963
"27301","zcta",2023,"food_rnk",50.5195
"27302","zcta",2023,"food_rnk",31.8875
"27305","zcta",2023,"food_rnk",54.6046
"27306","zcta",2023,"food_rnk",24.4068
"27310","zcta",2023,"food_rnk",81.6107
"27311","zcta",2023,"food_rnk",20.448
"27312","zcta",2023,"food_rnk",62.0011
"27313","zcta",2023,"food_rnk",79.921
"27314","zcta",2023,"food_rnk",89.8424
"27315","zcta",2023,"food_rnk",39.4782
"27316","zcta",2023,"food_rnk",15.4695
"27317","zcta",2023,"food_rnk",14.3074
"27320","zcta",2023,"food_rnk",12.2908
"27325","zcta",2023,"food_rnk",14.7606
"27326","zcta",2023,"food_rnk",28.4692
"27330","zcta",2023,"food_rnk",14.5923
"27332","zcta",2023,"food_rnk",23.5846
"27340","zcta",2023,"food_rnk",NA
"27341","zcta",2023,"food_rnk",48.8913
"27342","zcta",2023,"food_rnk",NA
"27343","zcta",2023,"food_rnk",76.1564
"27344","zcta",2023,"food_rnk",28.1196
"27349","zcta",2023,"food_rnk",26.3069
"27350","zcta",2023,"food_rnk",52.9181
"27351","zcta",2023,"food_rnk",87.706
"27355","zcta",2023,"food_rnk",70.2457
"27356","zcta",2023,"food_rnk",4.8814
"27357","zcta",2023,"food_rnk",50.772
"27358","zcta",2023,"food_rnk",66.3743
"27360","zcta",2023,"food_rnk",13.4367
"27370","zcta",2023,"food_rnk",39.4458
"27371","zcta",2023,"food_rnk",42.0581
"27374","zcta",2023,"food_rnk",6.2668
"27376","zcta",2023,"food_rnk",44.379
"27377","zcta",2023,"food_rnk",47.2243
"27379","zcta",2023,"food_rnk",17.5347
"27401","zcta",2023,"food_rnk",6.6131
"27403","zcta",2023,"food_rnk",25.4944
"27405","zcta",2023,"food_rnk",2.7644
"27406","zcta",2023,"food_rnk",5.2633
"27407","zcta",2023,"food_rnk",11.323
"27408","zcta",2023,"food_rnk",54.2777
"27409","zcta",2023,"food_rnk",27.1874
"27410","zcta",2023,"food_rnk",44.2592
"27411","zcta",2023,"food_rnk",NA
"27412","zcta",2023,"food_rnk",NA
"27455","zcta",2023,"food_rnk",56.236
"27501","zcta",2023,"food_rnk",41.3848
"27502","zcta",2023,"food_rnk",55.6631
"27503","zcta",2023,"food_rnk",NA
"27504","zcta",2023,"food_rnk",31.1138
"27505","zcta",2023,"food_rnk",13.5468
"27506","zcta",2023,"food_rnk",NA
"27507","zcta",2023,"food_rnk",12.553
"27508","zcta",2023,"food_rnk",79.06
"27509","zcta",2023,"food_rnk",NA
"27510","zcta",2023,"food_rnk",62.8136
"27511","zcta",2023,"food_rnk",56.5015
"27513","zcta",2023,"food_rnk",51.7949
"27514","zcta",2023,"food_rnk",75.3828
"27516","zcta",2023,"food_rnk",47.6613
"27517","zcta",2023,"food_rnk",63.3639
"27518","zcta",2023,"food_rnk",78.3025
"27519","zcta",2023,"food_rnk",50.0405
"27520","zcta",2023,"food_rnk",32.3892
"27521","zcta",2023,"food_rnk",28.0517
"27522","zcta",2023,"food_rnk",36.9436
"27523","zcta",2023,"food_rnk",81.9603
"27524","zcta",2023,"food_rnk",46.2564
"27525","zcta",2023,"food_rnk",40.1871
"27526","zcta",2023,"food_rnk",40.7244
"27527","zcta",2023,"food_rnk",45.8097
"27529","zcta",2023,"food_rnk",26.0706
"27530","zcta",2023,"food_rnk",5.9916
"27531","zcta",2023,"food_rnk",NA
"27533","zcta",2023,"food_rnk",NA
"27534","zcta",2023,"food_rnk",19.4089
"27536","zcta",2023,"food_rnk",3.415
"27537","zcta",2023,"food_rnk",9.9084
"27539","zcta",2023,"food_rnk",75.0882
"27540","zcta",2023,"food_rnk",59.7223
"27541","zcta",2023,"food_rnk",67.2288
"27542","zcta",2023,"food_rnk",37.099
"27544","zcta",2023,"food_rnk",31.1138
"27545","zcta",2023,"food_rnk",34.0207
"27546","zcta",2023,"food_rnk",25.365
"27549","zcta",2023,"food_rnk",19.1014
"27551","zcta",2023,"food_rnk",22.7916
"27553","zcta",2023,"food_rnk",22.7106
"27555","zcta",2023,"food_rnk",5.7036
"27556","zcta",2023,"food_rnk",1.4372
"27557","zcta",2023,"food_rnk",53.4943
"27559","zcta",2023,"food_rnk",64.7622
"27560","zcta",2023,"food_rnk",61.5317
"27562","zcta",2023,"food_rnk",90.1887
"27563","zcta",2023,"food_rnk",7.5648
"27565","zcta",2023,"food_rnk",23.6947
"27568","zcta",2023,"food_rnk",38.041
"27569","zcta",2023,"food_rnk",39.0962
"27570","zcta",2023,"food_rnk",NA
"27571","zcta",2023,"food_rnk",83.3037
"27572","zcta",2023,"food_rnk",53.3001
"27573","zcta",2023,"food_rnk",5.4802
"27574","zcta",2023,"food_rnk",20.4092
"27576","zcta",2023,"food_rnk",20.257
"27577","zcta",2023,"food_rnk",21.7169
"27581","zcta",2023,"food_rnk",37.0505
"27582","zcta",2023,"food_rnk",70.3784
"27583","zcta",2023,"food_rnk",50.6587
"27584","zcta",2023,"food_rnk",3.0266
"27587","zcta",2023,"food_rnk",28.2297
"27589","zcta",2023,"food_rnk",10.7791
"27591","zcta",2023,"food_rnk",45.2077
"27592","zcta",2023,"food_rnk",46.3794
"27593","zcta",2023,"food_rnk",NA
"27594","zcta",2023,"food_rnk",NA
"27596","zcta",2023,"food_rnk",64.9047
"27597","zcta",2023,"food_rnk",31.7968
"27599","zcta",2023,"food_rnk",NA
"27601","zcta",2023,"food_rnk",16.4795
"27603","zcta",2023,"food_rnk",44.4405
"27604","zcta",2023,"food_rnk",23.3613
"27605","zcta",2023,"food_rnk",93.594
"27606","zcta",2023,"food_rnk",43.9355
"27607","zcta",2023,"food_rnk",64.8367
"27608","zcta",2023,"food_rnk",86.1878
"27609","zcta",2023,"food_rnk",61.3149
"27610","zcta",2023,"food_rnk",6.6682
"27612","zcta",2023,"food_rnk",58.2494
"27613","zcta",2023,"food_rnk",63.3639
"27614","zcta",2023,"food_rnk",66.2059
"27615","zcta",2023,"food_rnk",46.0719
"27616","zcta",2023,"food_rnk",25.2225
"27617","zcta",2023,"food_rnk",66.0311
"27695","zcta",2023,"food_rnk",NA
"27697","zcta",2023,"food_rnk",NA
"27701","zcta",2023,"food_rnk",10.0476
"27703","zcta",2023,"food_rnk",22.8272
"27704","zcta",2023,"food_rnk",20.1826
"27705","zcta",2023,"food_rnk",41.6567
"27707","zcta",2023,"food_rnk",28.835
"27708","zcta",2023,"food_rnk",NA
"27709","zcta",2023,"food_rnk",NA
"27712","zcta",2023,"food_rnk",63.3056
"27713","zcta",2023,"food_rnk",25.5495
"27801","zcta",2023,"food_rnk",4.1045
"27803","zcta",2023,"food_rnk",11.5884
"27804","zcta",2023,"food_rnk",10.5234
"27805","zcta",2023,"food_rnk",4.7001
"27806","zcta",2023,"food_rnk",24.9603
"27807","zcta",2023,"food_rnk",28.1358
"27808","zcta",2023,"food_rnk",62.2892
"27809","zcta",2023,"food_rnk",41.0935
"27810","zcta",2023,"food_rnk",12.9932
"27812","zcta",2023,"food_rnk",18.7745
"27813","zcta",2023,"food_rnk",31.2174
"27814","zcta",2023,"food_rnk",90.5124
"27815","zcta",2023,"food_rnk",NA
"27816","zcta",2023,"food_rnk",1.6832
"27817","zcta",2023,"food_rnk",11.446
"27818","zcta",2023,"food_rnk",22.9372
"27819","zcta",2023,"food_rnk",0.1101
"27820","zcta",2023,"food_rnk",31.2174
"27821","zcta",2023,"food_rnk",NA
"27822","zcta",2023,"food_rnk",27.974
"27823","zcta",2023,"food_rnk",2.4439
"27824","zcta",2023,"food_rnk",5.9366
"27825","zcta",2023,"food_rnk",58.6152
"27826","zcta",2023,"food_rnk",NA
"27827","zcta",2023,"food_rnk",74.3534
"27828","zcta",2023,"food_rnk",33.6743
"27829","zcta",2023,"food_rnk",21.7169
"27830","zcta",2023,"food_rnk",9.698
"27831","zcta",2023,"food_rnk",3.3147
"27832","zcta",2023,"food_rnk",2.8809
"27834","zcta",2023,"food_rnk",4.5933
"27837","zcta",2023,"food_rnk",49.0532
"27839","zcta",2023,"food_rnk",7.6198
"27840","zcta",2023,"food_rnk",12.4721
"27841","zcta",2023,"food_rnk",NA
"27842","zcta",2023,"food_rnk",73.8614
"27843","zcta",2023,"food_rnk",33.3441
"27844","zcta",2023,"food_rnk",4.1045
"27845","zcta",2023,"food_rnk",41.9059
"27846","zcta",2023,"food_rnk",35.2572
"27847","zcta",2023,"food_rnk",4.8878
"27849","zcta",2023,"food_rnk",0.547
"27850","zcta",2023,"food_rnk",35.0532
"27851","zcta",2023,"food_rnk",20.6196
"27852","zcta",2023,"food_rnk",27.8121
"27853","zcta",2023,"food_rnk",3.1981
"27855","zcta",2023,"food_rnk",17.8293
"27856","zcta",2023,"food_rnk",23.3321
"27857","zcta",2023,"food_rnk",40.5173
"27858","zcta",2023,"food_rnk",25.8699
"27860","zcta",2023,"food_rnk",16.2237
"27861","zcta",2023,"food_rnk",77.0336
"27862","zcta",2023,"food_rnk",18.2792
"27863","zcta",2023,"food_rnk",29.4371
"27864","zcta",2023,"food_rnk",17.3114
"27865","zcta",2023,"food_rnk",58.8936
"27866","zcta",2023,"food_rnk",16.2885
"27869","zcta",2023,"food_rnk",3.4215
"27870","zcta",2023,"food_rnk",5.5708
"27871","zcta",2023,"food_rnk",31.0264
"27872","zcta",2023,"food_rnk",25.7955
"27873","zcta",2023,"food_rnk",24.6431
"27874","zcta",2023,"food_rnk",7.2735
"27875","zcta",2023,"food_rnk",11.9801
"27876","zcta",2023,"food_rnk",10.6982
"27877","zcta",2023,"food_rnk",NA
"27878","zcta",2023,"food_rnk",3.6869
"27879","zcta",2023,"food_rnk",9.9861
"27880","zcta",2023,"food_rnk",61.7065
"27881","zcta",2023,"food_rnk",NA
"27882","zcta",2023,"food_rnk",14.984
"27883","zcta",2023,"food_rnk",11.1255
"27884","zcta",2023,"food_rnk",8.0924
"27885","zcta",2023,"food_rnk",70.6924
"27886","zcta",2023,"food_rnk",13.1292
"27888","zcta",2023,"food_rnk",28.8059
"27889","zcta",2023,"food_rnk",13.4173
"27890","zcta",2023,"food_rnk",1.1329
"27891","zcta",2023,"food_rnk",9.206
"27892","zcta",2023,"food_rnk",15.4825
"27893","zcta",2023,"food_rnk",4.917
"27896","zcta",2023,"food_rnk",39.9702
"27897","zcta",2023,"food_rnk",3.5672
"27909","zcta",2023,"food_rnk",15.4825
"27910","zcta",2023,"food_rnk",6.7944
"27915","zcta",2023,"food_rnk",59.1331
"27916","zcta",2023,"food_rnk",65.2446
"27917","zcta",2023,"food_rnk",1.0358
"27919","zcta",2023,"food_rnk",87.2981
"27920","zcta",2023,"food_rnk",90.1887
"27921","zcta",2023,"food_rnk",43.0195
"27922","zcta",2023,"food_rnk",19.3863
"27923","zcta",2023,"food_rnk",64.2896
"27924","zcta",2023,"food_rnk",28.7055
"27925","zcta",2023,"food_rnk",17.9911
"27926","zcta",2023,"food_rnk",39.2063
"27927","zcta",2023,"food_rnk",93.0405
"27928","zcta",2023,"food_rnk",20.1502
"27929","zcta",2023,"food_rnk",86.9647
"27932","zcta",2023,"food_rnk",7.9727
"27935","zcta",2023,"food_rnk",7.1634
"27936","zcta",2023,"food_rnk",95.9505
"27937","zcta",2023,"food_rnk",38.2417
"27938","zcta",2023,"food_rnk",61.2145
"27939","zcta",2023,"food_rnk",49.4837
"27941","zcta",2023,"food_rnk",83.8442
"27942","zcta",2023,"food_rnk",17.211
"27943","zcta",2023,"food_rnk",96.0833
"27944","zcta",2023,"food_rnk",39.3099
"27946","zcta",2023,"food_rnk",35.6327
"27947","zcta",2023,"food_rnk",87.0068
"27948","zcta",2023,"food_rnk",37.099
"27949","zcta",2023,"food_rnk",81.232
"27950","zcta",2023,"food_rnk",92.6262
"27953","zcta",2023,"food_rnk",93.6296
"27954","zcta",2023,"food_rnk",49.1697
"27956","zcta",2023,"food_rnk",98.8606
"27957","zcta",2023,"food_rnk",65.5424
"27958","zcta",2023,"food_rnk",86.327
"27959","zcta",2023,"food_rnk",88.9392
"27960","zcta",2023,"food_rnk",5.5061
"27962","zcta",2023,"food_rnk",6.3671
"27964","zcta",2023,"food_rnk",95.533
"27965","zcta",2023,"food_rnk",7.6004
"27966","zcta",2023,"food_rnk",30.8355
"27967","zcta",2023,"food_rnk",4.548
"27968","zcta",2023,"food_rnk",8.3644
"27969","zcta",2023,"food_rnk",96.3746
"27970","zcta",2023,"food_rnk",6.5549
"27972","zcta",2023,"food_rnk",6.5419
"27973","zcta",2023,"food_rnk",77.3962
"27974","zcta",2023,"food_rnk",67.3097
"27976","zcta",2023,"food_rnk",92.4481
"27978","zcta",2023,"food_rnk",67.3615
"27979","zcta",2023,"food_rnk",60.3826
"27980","zcta",2023,"food_rnk",44.6574
"27981","zcta",2023,"food_rnk",19.7132
"27982","zcta",2023,"food_rnk",82.4394
"27983","zcta",2023,"food_rnk",7.594
"27985","zcta",2023,"food_rnk",0.6409
"27986","zcta",2023,"food_rnk",NA
"28001","zcta",2023,"food_rnk",17.2531
"28006","zcta",2023,"food_rnk",88.7127
"28007","zcta",2023,"food_rnk",6.7135
"28009","zcta",2023,"food_rnk",7.0728
"28012","zcta",2023,"food_rnk",42.8123
"28016","zcta",2023,"food_rnk",27.4399
"28017","zcta",2023,"food_rnk",NA
"28018","zcta",2023,"food_rnk",26.3199
"28019","zcta",2023,"food_rnk",NA
"28020","zcta",2023,"food_rnk",21.3802
"28021","zcta",2023,"food_rnk",35.8139
"28023","zcta",2023,"food_rnk",38.9117
"28024","zcta",2023,"food_rnk",NA
"28025","zcta",2023,"food_rnk",21.9856
"28027","zcta",2023,"food_rnk",20.0952
"28031","zcta",2023,"food_rnk",71.8901
"28032","zcta",2023,"food_rnk",79.2671
"28033","zcta",2023,"food_rnk",29.8611
"28034","zcta",2023,"food_rnk",26.8378
"28036","zcta",2023,"food_rnk",70.6697
"28037","zcta",2023,"food_rnk",69.9188
"28039","zcta",2023,"food_rnk",NA
"28040","zcta",2023,"food_rnk",40.9348
"28041","zcta",2023,"food_rnk",NA
"28042","zcta",2023,"food_rnk",4.0041
"28043","zcta",2023,"food_rnk",7.5195
"28052","zcta",2023,"food_rnk",4.2599
"28054","zcta",2023,"food_rnk",13.9093
"28056","zcta",2023,"food_rnk",28.0614
"28071","zcta",2023,"food_rnk",54.6596
"28072","zcta",2023,"food_rnk",85.9159
"28073","zcta",2023,"food_rnk",23.6105
"28074","zcta",2023,"food_rnk",NA
"28075","zcta",2023,"food_rnk",71.8091
"28076","zcta",2023,"food_rnk",81.3291
"28077","zcta",2023,"food_rnk",2.3598
"28078","zcta",2023,"food_rnk",39.9055
"28079","zcta",2023,"food_rnk",51.1896
"28080","zcta",2023,"food_rnk",55.006
"28081","zcta",2023,"food_rnk",22.0341
"28083","zcta",2023,"food_rnk",27.0255
"28086","zcta",2023,"food_rnk",8.2349
"28088","zcta",2023,"food_rnk",46.9394
"28089","zcta",2023,"food_rnk",NA
"28090","zcta",2023,"food_rnk",17.1884
"28091","zcta",2023,"food_rnk",32.0299
"28092","zcta",2023,"food_rnk",15.4825
"28097","zcta",2023,"food_rnk",43.5309
"28098","zcta",2023,"food_rnk",14.479
"28101","zcta",2023,"food_rnk",62.9981
"28102","zcta",2023,"food_rnk",2.6543
"28103","zcta",2023,"food_rnk",29.3885
"28104","zcta",2023,"food_rnk",67.8892
"28105","zcta",2023,"food_rnk",55.4754
"28107","zcta",2023,"food_rnk",88.8842
"28108","zcta",2023,"food_rnk",NA
"28109","zcta",2023,"food_rnk",NA
"28110","zcta",2023,"food_rnk",33.8782
"28112","zcta",2023,"food_rnk",35.1924
"28114","zcta",2023,"food_rnk",33.0884
"28115","zcta",2023,"food_rnk",36.0243
"28117","zcta",2023,"food_rnk",51.209
"28119","zcta",2023,"food_rnk",8.8985
"28120","zcta",2023,"food_rnk",37.345
"28124","zcta",2023,"food_rnk",49.4578
"28125","zcta",2023,"food_rnk",57.5664
"28127","zcta",2023,"food_rnk",35.9984
"28128","zcta",2023,"food_rnk",20.584
"28129","zcta",2023,"food_rnk",52.8081
"28133","zcta",2023,"food_rnk",38.8438
"28134","zcta",2023,"food_rnk",33.0528
"28135","zcta",2023,"food_rnk",16.3144
"28136","zcta",2023,"food_rnk",NA
"28137","zcta",2023,"food_rnk",40.7827
"28138","zcta",2023,"food_rnk",66.1703
"28139","zcta",2023,"food_rnk",26.6468
"28144","zcta",2023,"food_rnk",8.8693
"28146","zcta",2023,"food_rnk",32.0073
"28147","zcta",2023,"food_rnk",21.1601
"28150","zcta",2023,"food_rnk",9.2772
"28152","zcta",2023,"food_rnk",18.2436
"28159","zcta",2023,"food_rnk",41.2067
"28160","zcta",2023,"food_rnk",29.9809
"28163","zcta",2023,"food_rnk",53.2256
"28164","zcta",2023,"food_rnk",47.739
"28166","zcta",2023,"food_rnk",83.3393
"28167","zcta",2023,"food_rnk",12.7116
"28168","zcta",2023,"food_rnk",30.7286
"28169","zcta",2023,"food_rnk",59.2626
"28170","zcta",2023,"food_rnk",2.5216
"28173","zcta",2023,"food_rnk",53.8083
"28174","zcta",2023,"food_rnk",17.2175
"28202","zcta",2023,"food_rnk",69.6727
"28203","zcta",2023,"food_rnk",58.2818
"28204","zcta",2023,"food_rnk",59.3565
"28205","zcta",2023,"food_rnk",22.3999
"28206","zcta",2023,"food_rnk",10.8827
"28207","zcta",2023,"food_rnk",80.7853
"28208","zcta",2023,"food_rnk",6.0564
"28209","zcta",2023,"food_rnk",41.2682
"28210","zcta",2023,"food_rnk",43.1069
"28211","zcta",2023,"food_rnk",53.7339
"28212","zcta",2023,"food_rnk",10.0541
"28213","zcta",2023,"food_rnk",22.9534
"28214","zcta",2023,"food_rnk",38.7272
"28215","zcta",2023,"food_rnk",17.1754
"28216","zcta",2023,"food_rnk",19.0949
"28217","zcta",2023,"food_rnk",19.205
"28223","zcta",2023,"food_rnk",NA
"28226","zcta",2023,"food_rnk",57.246
"28227","zcta",2023,"food_rnk",24.6723
"28244","zcta",2023,"food_rnk",NA
"28262","zcta",2023,"food_rnk",31.5735
"28269","zcta",2023,"food_rnk",18.2792
"28270","zcta",2023,"food_rnk",78.1213
"28273","zcta",2023,"food_rnk",36.73
"28274","zcta",2023,"food_rnk",NA
"28277","zcta",2023,"food_rnk",50.827
"28278","zcta",2023,"food_rnk",58.3174
"28280","zcta",2023,"food_rnk",NA
"28282","zcta",2023,"food_rnk",NA
"28301","zcta",2023,"food_rnk",2.1105
"28303","zcta",2023,"food_rnk",9.2027
"28304","zcta",2023,"food_rnk",8.6686
"28305","zcta",2023,"food_rnk",34.4835
"28306","zcta",2023,"food_rnk",7.649
"28307","zcta",2023,"food_rnk",73.0068
"28308","zcta",2023,"food_rnk",NA
"28310","zcta",2023,"food_rnk",NA
"28311","zcta",2023,"food_rnk",15.0552
"28312","zcta",2023,"food_rnk",17.0913
"28314","zcta",2023,"food_rnk",8.1248
"28315","zcta",2023,"food_rnk",60.6739
"28318","zcta",2023,"food_rnk",64.0145
"28320","zcta",2023,"food_rnk",12.4138
"28323","zcta",2023,"food_rnk",25.1772
"28325","zcta",2023,"food_rnk",5.3151
"28326","zcta",2023,"food_rnk",30.5247
"28327","zcta",2023,"food_rnk",55.8508
"28328","zcta",2023,"food_rnk",8.6265
"28330","zcta",2023,"food_rnk",0.0065
"28331","zcta",2023,"food_rnk",NA
"28332","zcta",2023,"food_rnk",3.2499
"28333","zcta",2023,"food_rnk",5.6744
"28334","zcta",2023,"food_rnk",19.506
"28337","zcta",2023,"food_rnk",10.08
"28338","zcta",2023,"food_rnk",14.9192
"28339","zcta",2023,"food_rnk",37.7626
"28340","zcta",2023,"food_rnk",3.1593
"28341","zcta",2023,"food_rnk",11.2971
"28342","zcta",2023,"food_rnk",NA
"28343","zcta",2023,"food_rnk",3.8067
"28344","zcta",2023,"food_rnk",15.9259
"28345","zcta",2023,"food_rnk",8.0989
"28347","zcta",2023,"food_rnk",NA
"28348","zcta",2023,"food_rnk",13.0353
"28349","zcta",2023,"food_rnk",31.4019
"28350","zcta",2023,"food_rnk",20.448
"28351","zcta",2023,"food_rnk",11.1028
"28352","zcta",2023,"food_rnk",2.7255
"28355","zcta",2023,"food_rnk",NA
"28356","zcta",2023,"food_rnk",45.1688
"28357","zcta",2023,"food_rnk",28.5243
"28358","zcta",2023,"food_rnk",3.2985
"28359","zcta",2023,"food_rnk",NA
"28360","zcta",2023,"food_rnk",7.1375
"28362","zcta",2023,"food_rnk",NA
"28363","zcta",2023,"food_rnk",37.0505
"28364","zcta",2023,"food_rnk",4.3505
"28365","zcta",2023,"food_rnk",17.6286
"28366","zcta",2023,"food_rnk",7.4192
"28367","zcta",2023,"food_rnk",3.0816
"28368","zcta",2023,"food_rnk",85.521
"28369","zcta",2023,"food_rnk",7.1343
"28371","zcta",2023,"food_rnk",22.6038
"28372","zcta",2023,"food_rnk",7.5648
"28373","zcta",2023,"food_rnk",74.9134
"28374","zcta",2023,"food_rnk",83.1256
"28375","zcta",2023,"food_rnk",26.7374
"28376","zcta",2023,"food_rnk",18.8489
"28377","zcta",2023,"food_rnk",4.0365
"28378","zcta",2023,"food_rnk",NA
"28379","zcta",2023,"food_rnk",4.3149
"28382","zcta",2023,"food_rnk",21.9856
"28383","zcta",2023,"food_rnk",4.2081
"28384","zcta",2023,"food_rnk",13.673
"28385","zcta",2023,"food_rnk",84.7732
"28386","zcta",2023,"food_rnk",3.0007
"28387","zcta",2023,"food_rnk",62.6355
"28390","zcta",2023,"food_rnk",17.2855
"28391","zcta",2023,"food_rnk",45.3889
"28392","zcta",2023,"food_rnk",2.7611
"28393","zcta",2023,"food_rnk",19.5384
"28394","zcta",2023,"food_rnk",25.7761
"28395","zcta",2023,"food_rnk",39.339
"28396","zcta",2023,"food_rnk",19.3863
"28398","zcta",2023,"food_rnk",16.9165
"28399","zcta",2023,"food_rnk",15.162
"28401","zcta",2023,"food_rnk",8.3158
"28403","zcta",2023,"food_rnk",32.6385
"28405","zcta",2023,"food_rnk",19.4219
"28409","zcta",2023,"food_rnk",63.9659
"28411","zcta",2023,"food_rnk",46.0913
"28412","zcta",2023,"food_rnk",27.8283
"28420","zcta",2023,"food_rnk",57.0032
"28421","zcta",2023,"food_rnk",28.1196
"28422","zcta",2023,"food_rnk",16.0036
"28423","zcta",2023,"food_rnk",8.4
"28424","zcta",2023,"food_rnk",NA
"28425","zcta",2023,"food_rnk",15.8677
"28428","zcta",2023,"food_rnk",75.5025
"28429","zcta",2023,"food_rnk",32.9978
"28430","zcta",2023,"food_rnk",14.6344
"28431","zcta",2023,"food_rnk",4.6159
"28432","zcta",2023,"food_rnk",76.2244
"28433","zcta",2023,"food_rnk",6.6423
"28434","zcta",2023,"food_rnk",45.4666
"28435","zcta",2023,"food_rnk",12.006
"28436","zcta",2023,"food_rnk",42.2393
"28438","zcta",2023,"food_rnk",5.4284
"28439","zcta",2023,"food_rnk",3.182
"28441","zcta",2023,"food_rnk",37.6299
"28442","zcta",2023,"food_rnk",3.1722
"28443","zcta",2023,"food_rnk",50.0405
"28444","zcta",2023,"food_rnk",16.8258
"28445","zcta",2023,"food_rnk",62.4737
"28447","zcta",2023,"food_rnk",56.1195
"28448","zcta",2023,"food_rnk",16.2885
"28449","zcta",2023,"food_rnk",91.1436
"28450","zcta",2023,"food_rnk",38.5492
"28451","zcta",2023,"food_rnk",21.4968
"28452","zcta",2023,"food_rnk",7.8853
"28453","zcta",2023,"food_rnk",15.5504
"28454","zcta",2023,"food_rnk",10.6723
"28455","zcta",2023,"food_rnk",77.3509
"28456","zcta",2023,"food_rnk",11.6272
"28457","zcta",2023,"food_rnk",10.2094
"28458","zcta",2023,"food_rnk",18.0559
"28460","zcta",2023,"food_rnk",74.7613
"28461","zcta",2023,"food_rnk",50.8756
"28462","zcta",2023,"food_rnk",25.7599
"28463","zcta",2023,"food_rnk",5.0238
"28464","zcta",2023,"food_rnk",5.095
"28465","zcta",2023,"food_rnk",73.897
"28466","zcta",2023,"food_rnk",29.5536
"28467","zcta",2023,"food_rnk",46.1658
"28468","zcta",2023,"food_rnk",28.3495
"28469","zcta",2023,"food_rnk",67.9086
"28470","zcta",2023,"food_rnk",21.4547
"28472","zcta",2023,"food_rnk",9.8954
"28478","zcta",2023,"food_rnk",60.839
"28479","zcta",2023,"food_rnk",21.9338
"28480","zcta",2023,"food_rnk",90.561
"28501","zcta",2023,"food_rnk",2.6673
"28504","zcta",2023,"food_rnk",17.4085
"28508","zcta",2023,"food_rnk",64.1893
"28509","zcta",2023,"food_rnk",NA
"28510","zcta",2023,"food_rnk",44.379
"28511","zcta",2023,"food_rnk",53.6141
"28512","zcta",2023,"food_rnk",46.9394
"28513","zcta",2023,"food_rnk",30.0683
"28515","zcta",2023,"food_rnk",37.9698
"28516","zcta",2023,"food_rnk",37.2576
"28518","zcta",2023,"food_rnk",31.5314
"28519","zcta",2023,"food_rnk",3.3211
"28520","zcta",2023,"food_rnk",97.0414
"28521","zcta",2023,"food_rnk",17.1107
"28523","zcta",2023,"food_rnk",24.9603
"28524","zcta",2023,"food_rnk",96.9864
"28525","zcta",2023,"food_rnk",10.5687
"28526","zcta",2023,"food_rnk",17.9685
"28527","zcta",2023,"food_rnk",63.0434
"28528","zcta",2023,"food_rnk",38.4747
"28529","zcta",2023,"food_rnk",47.8037
"28530","zcta",2023,"food_rnk",18.8942
"28531","zcta",2023,"food_rnk",68.0575
"28532","zcta",2023,"food_rnk",33.9268
"28533","zcta",2023,"food_rnk",NA
"28537","zcta",2023,"food_rnk",NA
"28538","zcta",2023,"food_rnk",9.9375
"28539","zcta",2023,"food_rnk",42.4336
"28540","zcta",2023,"food_rnk",19.4672
"28542","zcta",2023,"food_rnk",NA
"28543","zcta",2023,"food_rnk",74.0265
"28544","zcta",2023,"food_rnk",44.5829
"28546","zcta",2023,"food_rnk",21.0177
"28547","zcta",2023,"food_rnk",NA
"28551","zcta",2023,"food_rnk",19.0658
"28552","zcta",2023,"food_rnk",91.6097
"28553","zcta",2023,"food_rnk",9.4034
"28554","zcta",2023,"food_rnk",NA
"28555","zcta",2023,"food_rnk",22.9728
"28556","zcta",2023,"food_rnk",95.5848
"28557","zcta",2023,"food_rnk",43.4273
"28560","zcta",2023,"food_rnk",15.8871
"28562","zcta",2023,"food_rnk",27.5305
"28570","zcta",2023,"food_rnk",35.3284
"28571","zcta",2023,"food_rnk",62.765
"28572","zcta",2023,"food_rnk",29.0001
"28573","zcta",2023,"food_rnk",13.7701
"28574","zcta",2023,"food_rnk",34.189
"28575","zcta",2023,"food_rnk",14.8998
"28577","zcta",2023,"food_rnk",81.4553
"28578","zcta",2023,"food_rnk",11.6046
"28579","zcta",2023,"food_rnk",50.3318
"28580","zcta",2023,"food_rnk",9.3678
"28581","zcta",2023,"food_rnk",97.0414
"28582","zcta",2023,"food_rnk",94.5781
"28584","zcta",2023,"food_rnk",48.218
"28585","zcta",2023,"food_rnk",17.9264
"28586","zcta",2023,"food_rnk",10.8665
"28587","zcta",2023,"food_rnk",3.2402
"28589","zcta",2023,"food_rnk",NA
"28590","zcta",2023,"food_rnk",47.1466
"28594","zcta",2023,"food_rnk",87.6833
"28601","zcta",2023,"food_rnk",19.7941
"28602","zcta",2023,"food_rnk",16.8679
"28604","zcta",2023,"food_rnk",53.0088
"28605","zcta",2023,"food_rnk",56.236
"28606","zcta",2023,"food_rnk",60.3826
"28607","zcta",2023,"food_rnk",40.4784
"28609","zcta",2023,"food_rnk",80.1217
"28610","zcta",2023,"food_rnk",24.2612
"28611","zcta",2023,"food_rnk",97.6661
"28612","zcta",2023,"food_rnk",42.3818
"28613","zcta",2023,"food_rnk",29.9809
"28615","zcta",2023,"food_rnk",19.205
"28616","zcta",2023,"food_rnk",NA
"28617","zcta",2023,"food_rnk",40.4914
"28618","zcta",2023,"food_rnk",63.5743
"28619","zcta",2023,"food_rnk",6.1438
"28621","zcta",2023,"food_rnk",17.2693
"28622","zcta",2023,"food_rnk",30.4244
"28623","zcta",2023,"food_rnk",60.2078
"28624","zcta",2023,"food_rnk",9.7919
"28625","zcta",2023,"food_rnk",24.8859
"28626","zcta",2023,"food_rnk",83.5011
"28627","zcta",2023,"food_rnk",19.9107
"28628","zcta",2023,"food_rnk",NA
"28629","zcta",2023,"food_rnk",NA
"28630","zcta",2023,"food_rnk",32.4151
"28631","zcta",2023,"food_rnk",6.9595
"28634","zcta",2023,"food_rnk",66.9666
"28635","zcta",2023,"food_rnk",43.5309
"28636","zcta",2023,"food_rnk",64.1569
"28637","zcta",2023,"food_rnk",40.268
"28638","zcta",2023,"food_rnk",35.7524
"28640","zcta",2023,"food_rnk",22.0115
"28641","zcta",2023,"food_rnk",NA
"28642","zcta",2023,"food_rnk",44.256
"28643","zcta",2023,"food_rnk",9.0927
"28644","zcta",2023,"food_rnk",58.9357
"28645","zcta",2023,"food_rnk",17.3729
"28646","zcta",2023,"food_rnk",97.9542
"28649","zcta",2023,"food_rnk",49.7686
"28650","zcta",2023,"food_rnk",51.824
"28651","zcta",2023,"food_rnk",45.3242
"28652","zcta",2023,"food_rnk",31.8583
"28653","zcta",2023,"food_rnk",NA
"28654","zcta",2023,"food_rnk",68.4653
"28655","zcta",2023,"food_rnk",9.3581
"28657","zcta",2023,"food_rnk",60.1852
"28658","zcta",2023,"food_rnk",44.379
"28659","zcta",2023,"food_rnk",22.0115
"28660","zcta",2023,"food_rnk",86.9841
"28662","zcta",2023,"food_rnk",NA
"28663","zcta",2023,"food_rnk",91.5612
"28664","zcta",2023,"food_rnk",NA
"28665","zcta",2023,"food_rnk",11.8376
"28666","zcta",2023,"food_rnk",0.2395
"28667","zcta",2023,"food_rnk",16.8517
"28668","zcta",2023,"food_rnk",80.6267
"28669","zcta",2023,"food_rnk",32.2079
"28670","zcta",2023,"food_rnk",36.3286
"28671","zcta",2023,"food_rnk",36.4193
"28672","zcta",2023,"food_rnk",82.6077
"28673","zcta",2023,"food_rnk",91.6745
"28675","zcta",2023,"food_rnk",22.1636
"28676","zcta",2023,"food_rnk",77.8947
"28677","zcta",2023,"food_rnk",29.204
"28678","zcta",2023,"food_rnk",29.2817
"28679","zcta",2023,"food_rnk",69.8411
"28681","zcta",2023,"food_rnk",42.207
"28682","zcta",2023,"food_rnk",67.5946
"28683","zcta",2023,"food_rnk",21.8755
"28684","zcta",2023,"food_rnk",92.9272
"28685","zcta",2023,"food_rnk",9.3775
"28689","zcta",2023,"food_rnk",20.4674
"28690","zcta",2023,"food_rnk",49.215
"28692","zcta",2023,"food_rnk",66.6494
"28693","zcta",2023,"food_rnk",42.9612
"28694","zcta",2023,"food_rnk",46.3276
"28697","zcta",2023,"food_rnk",30.8355
"28701","zcta",2023,"food_rnk",91.8493
"28702","zcta",2023,"food_rnk",96.3228
"28704","zcta",2023,"food_rnk",54.391
"28705","zcta",2023,"food_rnk",49.215
"28707","zcta",2023,"food_rnk",30.8646
"28708","zcta",2023,"food_rnk",33.3441
"28709","zcta",2023,"food_rnk",65.5909
"28710","zcta",2023,"food_rnk",NA
"28711","zcta",2023,"food_rnk",60.6124
"28712","zcta",2023,"food_rnk",41.3848
"28713","zcta",2023,"food_rnk",21.2637
"28714","zcta",2023,"food_rnk",30.3726
"28715","zcta",2023,"food_rnk",25.4524
"28716","zcta",2023,"food_rnk",24.7856
"28717","zcta",2023,"food_rnk",92.3931
"28718","zcta",2023,"food_rnk",69.9738
"28719","zcta",2023,"food_rnk",62.2633
"28720","zcta",2023,"food_rnk",98.825
"28721","zcta",2023,"food_rnk",43.7025
"28722","zcta",2023,"food_rnk",59.3371
"28723","zcta",2023,"food_rnk",53.4652
"28725","zcta",2023,"food_rnk",NA
"28726","zcta",2023,"food_rnk",19.7585
"28729","zcta",2023,"food_rnk",38.0572
"28730","zcta",2023,"food_rnk",91.231
"28731","zcta",2023,"food_rnk",54.9866
"28732","zcta",2023,"food_rnk",74.9134
"28733","zcta",2023,"food_rnk",NA
"28734","zcta",2023,"food_rnk",33.7261
"28735","zcta",2023,"food_rnk",70.2295
"28736","zcta",2023,"food_rnk",74.7289
"28739","zcta",2023,"food_rnk",49.8657
"28740","zcta",2023,"food_rnk",44.3369
"28741","zcta",2023,"food_rnk",91.0433
"28742","zcta",2023,"food_rnk",64.0242
"28743","zcta",2023,"food_rnk",12.1031
"28745","zcta",2023,"food_rnk",80.0505
"28746","zcta",2023,"food_rnk",38.5103
"28747","zcta",2023,"food_rnk",35.8431
"28748","zcta",2023,"food_rnk",34.4156
"28749","zcta",2023,"food_rnk",NA
"28751","zcta",2023,"food_rnk",89.1529
"28752","zcta",2023,"food_rnk",16.5701
"28753","zcta",2023,"food_rnk",43.259
"28754","zcta",2023,"food_rnk",37.8338
"28755","zcta",2023,"food_rnk",NA
"28756","zcta",2023,"food_rnk",40.4687
"28757","zcta",2023,"food_rnk",NA
"28758","zcta",2023,"food_rnk",NA
"28759","zcta",2023,"food_rnk",64.9435
"28761","zcta",2023,"food_rnk",27.9481
"28762","zcta",2023,"food_rnk",30.0327
"28763","zcta",2023,"food_rnk",39.2807
"28766","zcta",2023,"food_rnk",68.6499
"28768","zcta",2023,"food_rnk",55.5563
"28770","zcta",2023,"food_rnk",NA
"28771","zcta",2023,"food_rnk",41.0449
"28772","zcta",2023,"food_rnk",41.2391
"28773","zcta",2023,"food_rnk",53.2451
"28774","zcta",2023,"food_rnk",94.1378
"28775","zcta",2023,"food_rnk",78.8852
"28777","zcta",2023,"food_rnk",34.7619
"28778","zcta",2023,"food_rnk",59.7061
"28779","zcta",2023,"food_rnk",27.715
"28781","zcta",2023,"food_rnk",92.4481
"28782","zcta",2023,"food_rnk",55.9933
"28783","zcta",2023,"food_rnk",24.0637
"28785","zcta",2023,"food_rnk",48.0206
"28786","zcta",2023,"food_rnk",23.3613
"28787","zcta",2023,"food_rnk",54.8182
"28788","zcta",2023,"food_rnk",92.9401
"28789","zcta",2023,"food_rnk",17.4344
"28790","zcta",2023,"food_rnk",82.5915
"28791","zcta",2023,"food_rnk",71.9257
"28792","zcta",2023,"food_rnk",22.7268
"28801","zcta",2023,"food_rnk",28.7055
"28803","zcta",2023,"food_rnk",40.9219
"28804","zcta",2023,"food_rnk",48.1015
"28805","zcta",2023,"food_rnk",39.6465
"28806","zcta",2023,"food_rnk",25.5333
"28901","zcta",2023,"food_rnk",53.3746
"28902","zcta",2023,"food_rnk",77.0628
"28904","zcta",2023,"food_rnk",59.0069
"28905","zcta",2023,"food_rnk",11.6628
"28906","zcta",2023,"food_rnk",32.2889
"28909","zcta",2023,"food_rnk",22.1345
"27006","zcta",2023,"food_state_rnk",86.9171
"27007","zcta",2023,"food_state_rnk",77.785
"27009","zcta",2023,"food_state_rnk",60.8808
"27011","zcta",2023,"food_state_rnk",75.6477
"27012","zcta",2023,"food_state_rnk",78.9508
"27013","zcta",2023,"food_state_rnk",50.5181
"27014","zcta",2023,"food_state_rnk",16.8394
"27016","zcta",2023,"food_state_rnk",88.7306
"27017","zcta",2023,"food_state_rnk",26.5544
"27018","zcta",2023,"food_state_rnk",51.5544
"27019","zcta",2023,"food_state_rnk",72.3446
"27020","zcta",2023,"food_state_rnk",87.0466
"27021","zcta",2023,"food_state_rnk",31.7358
"27022","zcta",2023,"food_state_rnk",31.0881
"27023","zcta",2023,"food_state_rnk",81.9948
"27024","zcta",2023,"food_state_rnk",69.9482
"27025","zcta",2023,"food_state_rnk",40.1554
"27027","zcta",2023,"food_state_rnk",45.7254
"27028","zcta",2023,"food_state_rnk",39.5078
"27030","zcta",2023,"food_state_rnk",15.1554
"27040","zcta",2023,"food_state_rnk",77.3316
"27041","zcta",2023,"food_state_rnk",71.6969
"27042","zcta",2023,"food_state_rnk",85.4922
"27043","zcta",2023,"food_state_rnk",68.1347
"27045","zcta",2023,"food_state_rnk",57.513
"27046","zcta",2023,"food_state_rnk",91.5803
"27047","zcta",2023,"food_state_rnk",59.1969
"27048","zcta",2023,"food_state_rnk",48.4456
"27050","zcta",2023,"food_state_rnk",65.1554
"27051","zcta",2023,"food_state_rnk",57.772
"27052","zcta",2023,"food_state_rnk",33.1606
"27053","zcta",2023,"food_state_rnk",69.6244
"27054","zcta",2023,"food_state_rnk",77.2021
"27055","zcta",2023,"food_state_rnk",56.3472
"27101","zcta",2023,"food_state_rnk",17.3575
"27103","zcta",2023,"food_state_rnk",37.8238
"27104","zcta",2023,"food_state_rnk",70.7254
"27105","zcta",2023,"food_state_rnk",4.4041
"27106","zcta",2023,"food_state_rnk",32.772
"27107","zcta",2023,"food_state_rnk",19.3005
"27109","zcta",2023,"food_state_rnk",NA
"27110","zcta",2023,"food_state_rnk",NA
"27127","zcta",2023,"food_state_rnk",20.2073
"27201","zcta",2023,"food_state_rnk",100
"27202","zcta",2023,"food_state_rnk",NA
"27203","zcta",2023,"food_state_rnk",21.2435
"27205","zcta",2023,"food_state_rnk",36.658
"27207","zcta",2023,"food_state_rnk",85.1036
"27208","zcta",2023,"food_state_rnk",98.4456
"27209","zcta",2023,"food_state_rnk",7.1244
"27212","zcta",2023,"food_state_rnk",NA
"27213","zcta",2023,"food_state_rnk",NA
"27214","zcta",2023,"food_state_rnk",65.6736
"27215","zcta",2023,"food_state_rnk",33.8083
"27217","zcta",2023,"food_state_rnk",10.6218
"27229","zcta",2023,"food_state_rnk",36.1399
"27231","zcta",2023,"food_state_rnk",62.5648
"27233","zcta",2023,"food_state_rnk",70.0777
"27235","zcta",2023,"food_state_rnk",63.8601
"27239","zcta",2023,"food_state_rnk",42.5518
"27242","zcta",2023,"food_state_rnk",38.2124
"27243","zcta",2023,"food_state_rnk",86.5285
"27244","zcta",2023,"food_state_rnk",75
"27247","zcta",2023,"food_state_rnk",12.0466
"27248","zcta",2023,"food_state_rnk",37.5648
"27249","zcta",2023,"food_state_rnk",57.0596
"27252","zcta",2023,"food_state_rnk",90.9326
"27253","zcta",2023,"food_state_rnk",33.6788
"27256","zcta",2023,"food_state_rnk",NA
"27258","zcta",2023,"food_state_rnk",72.6684
"27259","zcta",2023,"food_state_rnk",NA
"27260","zcta",2023,"food_state_rnk",3.1088
"27262","zcta",2023,"food_state_rnk",29.2746
"27263","zcta",2023,"food_state_rnk",48.057
"27265","zcta",2023,"food_state_rnk",48.7694
"27268","zcta",2023,"food_state_rnk",NA
"27278","zcta",2023,"food_state_rnk",72.9275
"27281","zcta",2023,"food_state_rnk",84.8446
"27282","zcta",2023,"food_state_rnk",75.2591
"27283","zcta",2023,"food_state_rnk",91.9689
"27284","zcta",2023,"food_state_rnk",45.4663
"27288","zcta",2023,"food_state_rnk",14.7668
"27291","zcta",2023,"food_state_rnk",90.0259
"27292","zcta",2023,"food_state_rnk",23.4456
"27295","zcta",2023,"food_state_rnk",44.9482
"27298","zcta",2023,"food_state_rnk",21.6321
"27299","zcta",2023,"food_state_rnk",62.8238
"27301","zcta",2023,"food_state_rnk",69.171
"27302","zcta",2023,"food_state_rnk",48.9637
"27305","zcta",2023,"food_state_rnk",73.1865
"27306","zcta",2023,"food_state_rnk",38.0829
"27310","zcta",2023,"food_state_rnk",91.8394
"27311","zcta",2023,"food_state_rnk",32.0596
"27312","zcta",2023,"food_state_rnk",79.4041
"27313","zcta",2023,"food_state_rnk",90.544
"27314","zcta",2023,"food_state_rnk",95.2073
"27315","zcta",2023,"food_state_rnk",57.3834
"27316","zcta",2023,"food_state_rnk",22.7979
"27317","zcta",2023,"food_state_rnk",21.3731
"27320","zcta",2023,"food_state_rnk",19.171
"27325","zcta",2023,"food_state_rnk",22.0207
"27326","zcta",2023,"food_state_rnk",43.7824
"27330","zcta",2023,"food_state_rnk",21.7617
"27332","zcta",2023,"food_state_rnk",37.1762
"27340","zcta",2023,"food_state_rnk",NA
"27341","zcta",2023,"food_state_rnk",67.487
"27342","zcta",2023,"food_state_rnk",NA
"27343","zcta",2023,"food_state_rnk",88.8601
"27344","zcta",2023,"food_state_rnk",43.1995
"27349","zcta",2023,"food_state_rnk",40.9326
"27350","zcta",2023,"food_state_rnk",70.9845
"27351","zcta",2023,"food_state_rnk",94.5596
"27355","zcta",2023,"food_state_rnk",85.8808
"27356","zcta",2023,"food_state_rnk",6.4767
"27357","zcta",2023,"food_state_rnk",69.4301
"27358","zcta",2023,"food_state_rnk",83.2902
"27360","zcta",2023,"food_state_rnk",20.5959
"27370","zcta",2023,"food_state_rnk",57.2539
"27371","zcta",2023,"food_state_rnk",60.7513
"27374","zcta",2023,"food_state_rnk",8.8083
"27376","zcta",2023,"food_state_rnk",63.601
"27377","zcta",2023,"food_state_rnk",66.5803
"27379","zcta",2023,"food_state_rnk",27.2021
"27401","zcta",2023,"food_state_rnk",9.3264
"27403","zcta",2023,"food_state_rnk",39.7668
"27405","zcta",2023,"food_state_rnk",2.2021
"27406","zcta",2023,"food_state_rnk",7.2539
"27407","zcta",2023,"food_state_rnk",17.8756
"27408","zcta",2023,"food_state_rnk",72.7979
"27409","zcta",2023,"food_state_rnk",41.7098
"27410","zcta",2023,"food_state_rnk",63.2124
"27411","zcta",2023,"food_state_rnk",NA
"27412","zcta",2023,"food_state_rnk",NA
"27455","zcta",2023,"food_state_rnk",74.6762
"27501","zcta",2023,"food_state_rnk",60.2979
"27502","zcta",2023,"food_state_rnk",74.0933
"27503","zcta",2023,"food_state_rnk",NA
"27504","zcta",2023,"food_state_rnk",47.4741
"27505","zcta",2023,"food_state_rnk",20.7254
"27506","zcta",2023,"food_state_rnk",NA
"27507","zcta",2023,"food_state_rnk",19.6891
"27508","zcta",2023,"food_state_rnk",90.285
"27509","zcta",2023,"food_state_rnk",NA
"27510","zcta",2023,"food_state_rnk",80.1813
"27511","zcta",2023,"food_state_rnk",74.8705
"27513","zcta",2023,"food_state_rnk",70.4663
"27514","zcta",2023,"food_state_rnk",88.4715
"27516","zcta",2023,"food_state_rnk",66.7098
"27517","zcta",2023,"food_state_rnk",80.7642
"27518","zcta",2023,"food_state_rnk",89.8964
"27519","zcta",2023,"food_state_rnk",68.8472
"27520","zcta",2023,"food_state_rnk",49.6114
"27521","zcta",2023,"food_state_rnk",42.8756
"27522","zcta",2023,"food_state_rnk",53.7565
"27523","zcta",2023,"food_state_rnk",92.0984
"27524","zcta",2023,"food_state_rnk",65.8031
"27525","zcta",2023,"food_state_rnk",58.1606
"27526","zcta",2023,"food_state_rnk",58.9378
"27527","zcta",2023,"food_state_rnk",65.0259
"27529","zcta",2023,"food_state_rnk",40.8031
"27530","zcta",2023,"food_state_rnk",8.4197
"27531","zcta",2023,"food_state_rnk",NA
"27533","zcta",2023,"food_state_rnk",NA
"27534","zcta",2023,"food_state_rnk",29.9223
"27536","zcta",2023,"food_state_rnk",4.1451
"27537","zcta",2023,"food_state_rnk",15.4145
"27539","zcta",2023,"food_state_rnk",88.342
"27540","zcta",2023,"food_state_rnk",77.5907
"27541","zcta",2023,"food_state_rnk",83.6788
"27542","zcta",2023,"food_state_rnk",54.2098
"27544","zcta",2023,"food_state_rnk",47.4741
"27545","zcta",2023,"food_state_rnk",51.2953
"27546","zcta",2023,"food_state_rnk",39.3782
"27549","zcta",2023,"food_state_rnk",29.1451
"27551","zcta",2023,"food_state_rnk",35.8808
"27553","zcta",2023,"food_state_rnk",35.6218
"27555","zcta",2023,"food_state_rnk",8.1606
"27556","zcta",2023,"food_state_rnk",0.9067
"27557","zcta",2023,"food_state_rnk",72.0207
"27559","zcta",2023,"food_state_rnk",81.8653
"27560","zcta",2023,"food_state_rnk",79.1451
"27562","zcta",2023,"food_state_rnk",95.4016
"27563","zcta",2023,"food_state_rnk",11.2047
"27565","zcta",2023,"food_state_rnk",37.4352
"27568","zcta",2023,"food_state_rnk",55.1813
"27569","zcta",2023,"food_state_rnk",56.4767
"27570","zcta",2023,"food_state_rnk",NA
"27571","zcta",2023,"food_state_rnk",92.7461
"27572","zcta",2023,"food_state_rnk",71.5026
"27573","zcta",2023,"food_state_rnk",7.6425
"27574","zcta",2023,"food_state_rnk",31.8653
"27576","zcta",2023,"food_state_rnk",31.6062
"27577","zcta",2023,"food_state_rnk",34.0026
"27581","zcta",2023,"food_state_rnk",53.9508
"27582","zcta",2023,"food_state_rnk",86.0104
"27583","zcta",2023,"food_state_rnk",69.3005
"27584","zcta",2023,"food_state_rnk",2.5907
"27587","zcta",2023,"food_state_rnk",43.5233
"27589","zcta",2023,"food_state_rnk",16.9689
"27591","zcta",2023,"food_state_rnk",64.5078
"27592","zcta",2023,"food_state_rnk",66.0622
"27593","zcta",2023,"food_state_rnk",NA
"27594","zcta",2023,"food_state_rnk",NA
"27596","zcta",2023,"food_state_rnk",82.2539
"27597","zcta",2023,"food_state_rnk",48.5751
"27599","zcta",2023,"food_state_rnk",NA
"27601","zcta",2023,"food_state_rnk",24.6114
"27603","zcta",2023,"food_state_rnk",63.9896
"27604","zcta",2023,"food_state_rnk",36.9819
"27605","zcta",2023,"food_state_rnk",97.6684
"27606","zcta",2023,"food_state_rnk",62.9534
"27607","zcta",2023,"food_state_rnk",82.1244
"27608","zcta",2023,"food_state_rnk",93.6528
"27609","zcta",2023,"food_state_rnk",78.9508
"27610","zcta",2023,"food_state_rnk",9.5855
"27612","zcta",2023,"food_state_rnk",75.7772
"27613","zcta",2023,"food_state_rnk",80.7642
"27614","zcta",2023,"food_state_rnk",83.1606
"27615","zcta",2023,"food_state_rnk",65.285
"27616","zcta",2023,"food_state_rnk",39.2487
"27617","zcta",2023,"food_state_rnk",82.9016
"27695","zcta",2023,"food_state_rnk",NA
"27697","zcta",2023,"food_state_rnk",NA
"27701","zcta",2023,"food_state_rnk",15.8031
"27703","zcta",2023,"food_state_rnk",36.0104
"27704","zcta",2023,"food_state_rnk",31.4767
"27705","zcta",2023,"food_state_rnk",60.4922
"27707","zcta",2023,"food_state_rnk",44.4301
"27708","zcta",2023,"food_state_rnk",NA
"27709","zcta",2023,"food_state_rnk",NA
"27712","zcta",2023,"food_state_rnk",80.5699
"27713","zcta",2023,"food_state_rnk",40.0259
"27801","zcta",2023,"food_state_rnk",5.2461
"27803","zcta",2023,"food_state_rnk",18.1347
"27804","zcta",2023,"food_state_rnk",16.3212
"27805","zcta",2023,"food_state_rnk",6.3472
"27806","zcta",2023,"food_state_rnk",38.9249
"27807","zcta",2023,"food_state_rnk",43.3938
"27808","zcta",2023,"food_state_rnk",79.6632
"27809","zcta",2023,"food_state_rnk",59.715
"27810","zcta",2023,"food_state_rnk",19.9482
"27812","zcta",2023,"food_state_rnk",28.4974
"27813","zcta",2023,"food_state_rnk",47.7332
"27814","zcta",2023,"food_state_rnk",95.5959
"27815","zcta",2023,"food_state_rnk",NA
"27816","zcta",2023,"food_state_rnk",1.0363
"27817","zcta",2023,"food_state_rnk",18.0052
"27818","zcta",2023,"food_state_rnk",36.2694
"27819","zcta",2023,"food_state_rnk",0.1295
"27820","zcta",2023,"food_state_rnk",47.7332
"27821","zcta",2023,"food_state_rnk",NA
"27822","zcta",2023,"food_state_rnk",42.7461
"27823","zcta",2023,"food_state_rnk",1.4249
"27824","zcta",2023,"food_state_rnk",8.2902
"27825","zcta",2023,"food_state_rnk",76.1658
"27826","zcta",2023,"food_state_rnk",NA
"27827","zcta",2023,"food_state_rnk",87.6943
"27828","zcta",2023,"food_state_rnk",50.7772
"27829","zcta",2023,"food_state_rnk",34.0026
"27830","zcta",2023,"food_state_rnk",14.8964
"27831","zcta",2023,"food_state_rnk",3.886
"27832","zcta",2023,"food_state_rnk",2.3316
"27834","zcta",2023,"food_state_rnk",6.0881
"27837","zcta",2023,"food_state_rnk",67.6166
"27839","zcta",2023,"food_state_rnk",11.658
"27840","zcta",2023,"food_state_rnk",19.5596
"27841","zcta",2023,"food_state_rnk",NA
"27842","zcta",2023,"food_state_rnk",87.3057
"27843","zcta",2023,"food_state_rnk",50.5181
"27844","zcta",2023,"food_state_rnk",5.2461
"27845","zcta",2023,"food_state_rnk",60.6218
"27846","zcta",2023,"food_state_rnk",52.3316
"27847","zcta",2023,"food_state_rnk",6.6062
"27849","zcta",2023,"food_state_rnk",0.3886
"27850","zcta",2023,"food_state_rnk",52.0725
"27851","zcta",2023,"food_state_rnk",32.513
"27852","zcta",2023,"food_state_rnk",42.228
"27853","zcta",2023,"food_state_rnk",3.3679
"27855","zcta",2023,"food_state_rnk",27.4611
"27856","zcta",2023,"food_state_rnk",36.7876
"27857","zcta",2023,"food_state_rnk",58.8083
"27858","zcta",2023,"food_state_rnk",40.6736
"27860","zcta",2023,"food_state_rnk",24.0933
"27861","zcta",2023,"food_state_rnk",89.1192
"27862","zcta",2023,"food_state_rnk",28.3031
"27863","zcta",2023,"food_state_rnk",45.2073
"27864","zcta",2023,"food_state_rnk",26.6839
"27865","zcta",2023,"food_state_rnk",76.2953
"27866","zcta",2023,"food_state_rnk",24.2876
"27869","zcta",2023,"food_state_rnk",4.2746
"27870","zcta",2023,"food_state_rnk",7.9016
"27871","zcta",2023,"food_state_rnk",47.2798
"27872","zcta",2023,"food_state_rnk",40.544
"27873","zcta",2023,"food_state_rnk",38.342
"27874","zcta",2023,"food_state_rnk",10.7513
"27875","zcta",2023,"food_state_rnk",18.7824
"27876","zcta",2023,"food_state_rnk",16.7098
"27877","zcta",2023,"food_state_rnk",NA
"27878","zcta",2023,"food_state_rnk",4.6632
"27879","zcta",2023,"food_state_rnk",15.6736
"27880","zcta",2023,"food_state_rnk",79.2746
"27881","zcta",2023,"food_state_rnk",NA
"27882","zcta",2023,"food_state_rnk",22.4093
"27883","zcta",2023,"food_state_rnk",17.6166
"27884","zcta",2023,"food_state_rnk",12.3057
"27885","zcta",2023,"food_state_rnk",86.2694
"27886","zcta",2023,"food_state_rnk",20.3368
"27888","zcta",2023,"food_state_rnk",44.3005
"27889","zcta",2023,"food_state_rnk",20.4663
"27890","zcta",2023,"food_state_rnk",0.7772
"27891","zcta",2023,"food_state_rnk",13.9896
"27892","zcta",2023,"food_state_rnk",23.057
"27893","zcta",2023,"food_state_rnk",6.7358
"27896","zcta",2023,"food_state_rnk",58.0311
"27897","zcta",2023,"food_state_rnk",4.5337
"27909","zcta",2023,"food_state_rnk",23.057
"27910","zcta",2023,"food_state_rnk",9.8446
"27915","zcta",2023,"food_state_rnk",76.6839
"27916","zcta",2023,"food_state_rnk",82.513
"27917","zcta",2023,"food_state_rnk",0.6477
"27919","zcta",2023,"food_state_rnk",94.3005
"27920","zcta",2023,"food_state_rnk",95.4016
"27921","zcta",2023,"food_state_rnk",61.7876
"27922","zcta",2023,"food_state_rnk",29.728
"27923","zcta",2023,"food_state_rnk",81.7358
"27924","zcta",2023,"food_state_rnk",44.1062
"27925","zcta",2023,"food_state_rnk",27.8497
"27926","zcta",2023,"food_state_rnk",56.6062
"27927","zcta",2023,"food_state_rnk",97.5389
"27928","zcta",2023,"food_state_rnk",31.3472
"27929","zcta",2023,"food_state_rnk",93.9119
"27932","zcta",2023,"food_state_rnk",12.1762
"27935","zcta",2023,"food_state_rnk",10.4922
"27936","zcta",2023,"food_state_rnk",98.5751
"27937","zcta",2023,"food_state_rnk",55.4404
"27938","zcta",2023,"food_state_rnk",78.7565
"27939","zcta",2023,"food_state_rnk",68.3938
"27941","zcta",2023,"food_state_rnk",93.1347
"27942","zcta",2023,"food_state_rnk",25.9067
"27943","zcta",2023,"food_state_rnk",98.7047
"27944","zcta",2023,"food_state_rnk",56.8653
"27946","zcta",2023,"food_state_rnk",52.5907
"27947","zcta",2023,"food_state_rnk",94.171
"27948","zcta",2023,"food_state_rnk",54.2098
"27949","zcta",2023,"food_state_rnk",91.3212
"27950","zcta",2023,"food_state_rnk",97.1503
"27953","zcta",2023,"food_state_rnk",97.7979
"27954","zcta",2023,"food_state_rnk",67.7461
"27956","zcta",2023,"food_state_rnk",99.8705
"27957","zcta",2023,"food_state_rnk",82.6425
"27958","zcta",2023,"food_state_rnk",93.7824
"27959","zcta",2023,"food_state_rnk",94.9482
"27960","zcta",2023,"food_state_rnk",7.772
"27962","zcta",2023,"food_state_rnk",8.9378
"27964","zcta",2023,"food_state_rnk",98.1865
"27965","zcta",2023,"food_state_rnk",11.5285
"27966","zcta",2023,"food_state_rnk",46.956
"27967","zcta",2023,"food_state_rnk",5.9585
"27968","zcta",2023,"food_state_rnk",12.9534
"27969","zcta",2023,"food_state_rnk",98.9637
"27970","zcta",2023,"food_state_rnk",9.1969
"27972","zcta",2023,"food_state_rnk",9.0674
"27973","zcta",2023,"food_state_rnk",89.5078
"27974","zcta",2023,"food_state_rnk",83.8083
"27976","zcta",2023,"food_state_rnk",96.956
"27978","zcta",2023,"food_state_rnk",83.9378
"27979","zcta",2023,"food_state_rnk",78.1736
"27980","zcta",2023,"food_state_rnk",64.2487
"27981","zcta",2023,"food_state_rnk",30.5699
"27982","zcta",2023,"food_state_rnk",92.228
"27983","zcta",2023,"food_state_rnk",11.399
"27985","zcta",2023,"food_state_rnk",0.5181
"27986","zcta",2023,"food_state_rnk",NA
"28001","zcta",2023,"food_state_rnk",26.1658
"28006","zcta",2023,"food_state_rnk",94.6891
"28007","zcta",2023,"food_state_rnk",9.715
"28009","zcta",2023,"food_state_rnk",10.1036
"28012","zcta",2023,"food_state_rnk",61.5285
"28016","zcta",2023,"food_state_rnk",41.8394
"28017","zcta",2023,"food_state_rnk",NA
"28018","zcta",2023,"food_state_rnk",41.0622
"28019","zcta",2023,"food_state_rnk",NA
"28020","zcta",2023,"food_state_rnk",33.2902
"28021","zcta",2023,"food_state_rnk",52.8497
"28023","zcta",2023,"food_state_rnk",56.2176
"28024","zcta",2023,"food_state_rnk",NA
"28025","zcta",2023,"food_state_rnk",34.5207
"28027","zcta",2023,"food_state_rnk",31.2176
"28031","zcta",2023,"food_state_rnk",86.658
"28032","zcta",2023,"food_state_rnk",90.4145
"28033","zcta",2023,"food_state_rnk",45.5959
"28034","zcta",2023,"food_state_rnk",41.4508
"28036","zcta",2023,"food_state_rnk",86.1399
"28037","zcta",2023,"food_state_rnk",85.3627
"28039","zcta",2023,"food_state_rnk",NA
"28040","zcta",2023,"food_state_rnk",59.456
"28041","zcta",2023,"food_state_rnk",NA
"28042","zcta",2023,"food_state_rnk",4.9223
"28043","zcta",2023,"food_state_rnk",11.0104
"28052","zcta",2023,"food_state_rnk",5.5699
"28054","zcta",2023,"food_state_rnk",21.114
"28056","zcta",2023,"food_state_rnk",43.0052
"28071","zcta",2023,"food_state_rnk",73.3161
"28072","zcta",2023,"food_state_rnk",93.5233
"28073","zcta",2023,"food_state_rnk",37.3057
"28074","zcta",2023,"food_state_rnk",NA
"28075","zcta",2023,"food_state_rnk",86.399
"28076","zcta",2023,"food_state_rnk",91.4508
"28077","zcta",2023,"food_state_rnk",1.2953
"28078","zcta",2023,"food_state_rnk",57.9016
"28079","zcta",2023,"food_state_rnk",70.2073
"28080","zcta",2023,"food_state_rnk",73.7047
"28081","zcta",2023,"food_state_rnk",34.9741
"28083","zcta",2023,"food_state_rnk",41.5803
"28086","zcta",2023,"food_state_rnk",12.6943
"28088","zcta",2023,"food_state_rnk",66.2565
"28089","zcta",2023,"food_state_rnk",NA
"28090","zcta",2023,"food_state_rnk",25.7772
"28091","zcta",2023,"food_state_rnk",49.2228
"28092","zcta",2023,"food_state_rnk",23.057
"28097","zcta",2023,"food_state_rnk",62.3705
"28098","zcta",2023,"food_state_rnk",21.5026
"28101","zcta",2023,"food_state_rnk",80.3109
"28102","zcta",2023,"food_state_rnk",1.6839
"28103","zcta",2023,"food_state_rnk",45.0777
"28104","zcta",2023,"food_state_rnk",84.1969
"28105","zcta",2023,"food_state_rnk",73.8342
"28107","zcta",2023,"food_state_rnk",94.8187
"28108","zcta",2023,"food_state_rnk",NA
"28109","zcta",2023,"food_state_rnk",NA
"28110","zcta",2023,"food_state_rnk",51.0363
"28112","zcta",2023,"food_state_rnk",52.2021
"28114","zcta",2023,"food_state_rnk",50.2591
"28115","zcta",2023,"food_state_rnk",53.2383
"28117","zcta",2023,"food_state_rnk",70.3368
"28119","zcta",2023,"food_state_rnk",13.601
"28120","zcta",2023,"food_state_rnk",54.5337
"28124","zcta",2023,"food_state_rnk",68.2642
"28125","zcta",2023,"food_state_rnk",75.5181
"28127","zcta",2023,"food_state_rnk",53.1088
"28128","zcta",2023,"food_state_rnk",32.3834
"28129","zcta",2023,"food_state_rnk",70.8549
"28133","zcta",2023,"food_state_rnk",56.0881
"28134","zcta",2023,"food_state_rnk",50.1295
"28135","zcta",2023,"food_state_rnk",24.4819
"28136","zcta",2023,"food_state_rnk",NA
"28137","zcta",2023,"food_state_rnk",59.0674
"28138","zcta",2023,"food_state_rnk",83.0311
"28139","zcta",2023,"food_state_rnk",41.1917
"28144","zcta",2023,"food_state_rnk",13.4715
"28146","zcta",2023,"food_state_rnk",49.0933
"28147","zcta",2023,"food_state_rnk",32.9016
"28150","zcta",2023,"food_state_rnk",14.1192
"28152","zcta",2023,"food_state_rnk",28.1088
"28159","zcta",2023,"food_state_rnk",59.8446
"28160","zcta",2023,"food_state_rnk",45.9197
"28163","zcta",2023,"food_state_rnk",71.2435
"28164","zcta",2023,"food_state_rnk",66.8394
"28166","zcta",2023,"food_state_rnk",92.8756
"28167","zcta",2023,"food_state_rnk",19.8187
"28168","zcta",2023,"food_state_rnk",46.7617
"28169","zcta",2023,"food_state_rnk",76.8135
"28170","zcta",2023,"food_state_rnk",1.5544
"28173","zcta",2023,"food_state_rnk",72.5389
"28174","zcta",2023,"food_state_rnk",26.0363
"28202","zcta",2023,"food_state_rnk",84.9741
"28203","zcta",2023,"food_state_rnk",75.9067
"28204","zcta",2023,"food_state_rnk",77.0725
"28205","zcta",2023,"food_state_rnk",35.3627
"28206","zcta",2023,"food_state_rnk",17.228
"28207","zcta",2023,"food_state_rnk",91.1917
"28208","zcta",2023,"food_state_rnk",8.5492
"28209","zcta",2023,"food_state_rnk",60.1036
"28210","zcta",2023,"food_state_rnk",61.9171
"28211","zcta",2023,"food_state_rnk",72.3446
"28212","zcta",2023,"food_state_rnk",15.9326
"28213","zcta",2023,"food_state_rnk",36.399
"28214","zcta",2023,"food_state_rnk",55.9585
"28215","zcta",2023,"food_state_rnk",25.6477
"28216","zcta",2023,"food_state_rnk",29.0155
"28217","zcta",2023,"food_state_rnk",29.4689
"28223","zcta",2023,"food_state_rnk",NA
"28226","zcta",2023,"food_state_rnk",75.3886
"28227","zcta",2023,"food_state_rnk",38.4715
"28244","zcta",2023,"food_state_rnk",NA
"28262","zcta",2023,"food_state_rnk",48.3161
"28269","zcta",2023,"food_state_rnk",28.3031
"28270","zcta",2023,"food_state_rnk",89.7668
"28273","zcta",2023,"food_state_rnk",53.6269
"28274","zcta",2023,"food_state_rnk",NA
"28277","zcta",2023,"food_state_rnk",69.6244
"28278","zcta",2023,"food_state_rnk",76.0363
"28280","zcta",2023,"food_state_rnk",NA
"28282","zcta",2023,"food_state_rnk",NA
"28301","zcta",2023,"food_state_rnk",1.1658
"28303","zcta",2023,"food_state_rnk",13.8601
"28304","zcta",2023,"food_state_rnk",13.342
"28305","zcta",2023,"food_state_rnk",51.8135
"28306","zcta",2023,"food_state_rnk",11.7876
"28307","zcta",2023,"food_state_rnk",87.1762
"28308","zcta",2023,"food_state_rnk",NA
"28310","zcta",2023,"food_state_rnk",NA
"28311","zcta",2023,"food_state_rnk",22.5389
"28312","zcta",2023,"food_state_rnk",25.3886
"28314","zcta",2023,"food_state_rnk",12.5648
"28315","zcta",2023,"food_state_rnk",78.4974
"28318","zcta",2023,"food_state_rnk",81.2176
"28320","zcta",2023,"food_state_rnk",19.4301
"28323","zcta",2023,"food_state_rnk",39.1192
"28325","zcta",2023,"food_state_rnk",7.3834
"28326","zcta",2023,"food_state_rnk",46.6321
"28327","zcta",2023,"food_state_rnk",74.2228
"28328","zcta",2023,"food_state_rnk",13.2124
"28330","zcta",2023,"food_state_rnk",0
"28331","zcta",2023,"food_state_rnk",NA
"28332","zcta",2023,"food_state_rnk",3.6269
"28333","zcta",2023,"food_state_rnk",8.0311
"28334","zcta",2023,"food_state_rnk",30.3109
"28337","zcta",2023,"food_state_rnk",16.0622
"28338","zcta",2023,"food_state_rnk",22.2798
"28339","zcta",2023,"food_state_rnk",54.7927
"28340","zcta",2023,"food_state_rnk",2.8497
"28341","zcta",2023,"food_state_rnk",17.7461
"28342","zcta",2023,"food_state_rnk",NA
"28343","zcta",2023,"food_state_rnk",4.7927
"28344","zcta",2023,"food_state_rnk",23.8342
"28345","zcta",2023,"food_state_rnk",12.4352
"28347","zcta",2023,"food_state_rnk",NA
"28348","zcta",2023,"food_state_rnk",20.0777
"28349","zcta",2023,"food_state_rnk",47.9275
"28350","zcta",2023,"food_state_rnk",32.0596
"28351","zcta",2023,"food_state_rnk",17.487
"28352","zcta",2023,"food_state_rnk",1.943
"28355","zcta",2023,"food_state_rnk",NA
"28356","zcta",2023,"food_state_rnk",64.3782
"28357","zcta",2023,"food_state_rnk",43.9119
"28358","zcta",2023,"food_state_rnk",3.7565
"28359","zcta",2023,"food_state_rnk",NA
"28360","zcta",2023,"food_state_rnk",10.3627
"28362","zcta",2023,"food_state_rnk",NA
"28363","zcta",2023,"food_state_rnk",53.9508
"28364","zcta",2023,"food_state_rnk",5.829
"28365","zcta",2023,"food_state_rnk",27.3316
"28366","zcta",2023,"food_state_rnk",10.8808
"28367","zcta",2023,"food_state_rnk",2.7202
"28368","zcta",2023,"food_state_rnk",93.3938
"28369","zcta",2023,"food_state_rnk",10.2332
"28371","zcta",2023,"food_state_rnk",35.4922
"28372","zcta",2023,"food_state_rnk",11.2047
"28373","zcta",2023,"food_state_rnk",88.1477
"28374","zcta",2023,"food_state_rnk",92.6166
"28375","zcta",2023,"food_state_rnk",41.3212
"28376","zcta",2023,"food_state_rnk",28.6269
"28377","zcta",2023,"food_state_rnk",5.0518
"28378","zcta",2023,"food_state_rnk",NA
"28379","zcta",2023,"food_state_rnk",5.6995
"28382","zcta",2023,"food_state_rnk",34.5207
"28383","zcta",2023,"food_state_rnk",5.4404
"28384","zcta",2023,"food_state_rnk",20.8549
"28385","zcta",2023,"food_state_rnk",93.2642
"28386","zcta",2023,"food_state_rnk",2.4611
"28387","zcta",2023,"food_state_rnk",79.9223
"28390","zcta",2023,"food_state_rnk",26.4249
"28391","zcta",2023,"food_state_rnk",64.7668
"28392","zcta",2023,"food_state_rnk",2.0725
"28393","zcta",2023,"food_state_rnk",30.4404
"28394","zcta",2023,"food_state_rnk",40.4145
"28395","zcta",2023,"food_state_rnk",57.0596
"28396","zcta",2023,"food_state_rnk",29.728
"28398","zcta",2023,"food_state_rnk",25.2591
"28399","zcta",2023,"food_state_rnk",22.6684
"28401","zcta",2023,"food_state_rnk",12.8238
"28403","zcta",2023,"food_state_rnk",49.8705
"28405","zcta",2023,"food_state_rnk",30.0518
"28409","zcta",2023,"food_state_rnk",81.0881
"28411","zcta",2023,"food_state_rnk",65.4145
"28412","zcta",2023,"food_state_rnk",42.3575
"28420","zcta",2023,"food_state_rnk",75.1295
"28421","zcta",2023,"food_state_rnk",43.1995
"28422","zcta",2023,"food_state_rnk",23.9637
"28423","zcta",2023,"food_state_rnk",13.0829
"28424","zcta",2023,"food_state_rnk",NA
"28425","zcta",2023,"food_state_rnk",23.5751
"28428","zcta",2023,"food_state_rnk",88.601
"28429","zcta",2023,"food_state_rnk",50
"28430","zcta",2023,"food_state_rnk",21.8912
"28431","zcta",2023,"food_state_rnk",6.2176
"28432","zcta",2023,"food_state_rnk",88.9896
"28433","zcta",2023,"food_state_rnk",9.456
"28434","zcta",2023,"food_state_rnk",64.8964
"28435","zcta",2023,"food_state_rnk",18.9119
"28436","zcta",2023,"food_state_rnk",61.1399
"28438","zcta",2023,"food_state_rnk",7.513
"28439","zcta",2023,"food_state_rnk",3.2383
"28441","zcta",2023,"food_state_rnk",54.6632
"28442","zcta",2023,"food_state_rnk",2.9793
"28443","zcta",2023,"food_state_rnk",68.8472
"28444","zcta",2023,"food_state_rnk",24.8705
"28445","zcta",2023,"food_state_rnk",79.7927
"28447","zcta",2023,"food_state_rnk",74.4819
"28448","zcta",2023,"food_state_rnk",24.2876
"28449","zcta",2023,"food_state_rnk",95.9845
"28450","zcta",2023,"food_state_rnk",55.829
"28451","zcta",2023,"food_state_rnk",33.5492
"28452","zcta",2023,"food_state_rnk",11.9171
"28453","zcta",2023,"food_state_rnk",23.3161
"28454","zcta",2023,"food_state_rnk",16.5803
"28455","zcta",2023,"food_state_rnk",89.3782
"28456","zcta",2023,"food_state_rnk",18.3938
"28457","zcta",2023,"food_state_rnk",16.1917
"28458","zcta",2023,"food_state_rnk",27.9793
"28460","zcta",2023,"food_state_rnk",87.9534
"28461","zcta",2023,"food_state_rnk",69.8187
"28462","zcta",2023,"food_state_rnk",40.285
"28463","zcta",2023,"food_state_rnk",6.8653
"28464","zcta",2023,"food_state_rnk",6.9948
"28465","zcta",2023,"food_state_rnk",87.4352
"28466","zcta",2023,"food_state_rnk",45.3368
"28467","zcta",2023,"food_state_rnk",65.544
"28468","zcta",2023,"food_state_rnk",43.6528
"28469","zcta",2023,"food_state_rnk",84.3264
"28470","zcta",2023,"food_state_rnk",33.4197
"28472","zcta",2023,"food_state_rnk",15.285
"28478","zcta",2023,"food_state_rnk",78.6269
"28479","zcta",2023,"food_state_rnk",34.3264
"28480","zcta",2023,"food_state_rnk",95.7254
"28501","zcta",2023,"food_state_rnk",1.8135
"28504","zcta",2023,"food_state_rnk",26.943
"28508","zcta",2023,"food_state_rnk",81.6062
"28509","zcta",2023,"food_state_rnk",NA
"28510","zcta",2023,"food_state_rnk",63.601
"28511","zcta",2023,"food_state_rnk",72.1503
"28512","zcta",2023,"food_state_rnk",66.2565
"28513","zcta",2023,"food_state_rnk",46.2435
"28515","zcta",2023,"food_state_rnk",55.0518
"28516","zcta",2023,"food_state_rnk",54.4041
"28518","zcta",2023,"food_state_rnk",48.1865
"28519","zcta",2023,"food_state_rnk",4.0155
"28520","zcta",2023,"food_state_rnk",99.2876
"28521","zcta",2023,"food_state_rnk",25.5181
"28523","zcta",2023,"food_state_rnk",38.9249
"28524","zcta",2023,"food_state_rnk",99.0933
"28525","zcta",2023,"food_state_rnk",16.4508
"28526","zcta",2023,"food_state_rnk",27.7202
"28527","zcta",2023,"food_state_rnk",80.4404
"28528","zcta",2023,"food_state_rnk",55.5699
"28529","zcta",2023,"food_state_rnk",66.9689
"28530","zcta",2023,"food_state_rnk",28.7565
"28531","zcta",2023,"food_state_rnk",84.456
"28532","zcta",2023,"food_state_rnk",51.1658
"28533","zcta",2023,"food_state_rnk",NA
"28537","zcta",2023,"food_state_rnk",NA
"28538","zcta",2023,"food_state_rnk",15.544
"28539","zcta",2023,"food_state_rnk",61.399
"28540","zcta",2023,"food_state_rnk",30.1813
"28542","zcta",2023,"food_state_rnk",NA
"28543","zcta",2023,"food_state_rnk",87.5648
"28544","zcta",2023,"food_state_rnk",64.1192
"28546","zcta",2023,"food_state_rnk",32.6425
"28547","zcta",2023,"food_state_rnk",NA
"28551","zcta",2023,"food_state_rnk",28.886
"28552","zcta",2023,"food_state_rnk",96.3731
"28553","zcta",2023,"food_state_rnk",14.6373
"28554","zcta",2023,"food_state_rnk",NA
"28555","zcta",2023,"food_state_rnk",36.5285
"28556","zcta",2023,"food_state_rnk",98.3161
"28557","zcta",2023,"food_state_rnk",62.1762
"28560","zcta",2023,"food_state_rnk",23.7047
"28562","zcta",2023,"food_state_rnk",41.9689
"28570","zcta",2023,"food_state_rnk",52.4611
"28571","zcta",2023,"food_state_rnk",80.0518
"28572","zcta",2023,"food_state_rnk",44.5596
"28573","zcta",2023,"food_state_rnk",20.9845
"28574","zcta",2023,"food_state_rnk",51.4249
"28575","zcta",2023,"food_state_rnk",22.1503
"28577","zcta",2023,"food_state_rnk",91.7098
"28578","zcta",2023,"food_state_rnk",18.2642
"28579","zcta",2023,"food_state_rnk",69.0415
"28580","zcta",2023,"food_state_rnk",14.3782
"28581","zcta",2023,"food_state_rnk",99.2876
"28582","zcta",2023,"food_state_rnk",98.057
"28584","zcta",2023,"food_state_rnk",67.3575
"28585","zcta",2023,"food_state_rnk",27.5907
"28586","zcta",2023,"food_state_rnk",17.0984
"28587","zcta",2023,"food_state_rnk",3.4974
"28589","zcta",2023,"food_state_rnk",NA
"28590","zcta",2023,"food_state_rnk",66.4508
"28594","zcta",2023,"food_state_rnk",94.4301
"28601","zcta",2023,"food_state_rnk",30.829
"28602","zcta",2023,"food_state_rnk",25.1295
"28604","zcta",2023,"food_state_rnk",71.114
"28605","zcta",2023,"food_state_rnk",74.6762
"28606","zcta",2023,"food_state_rnk",78.1736
"28607","zcta",2023,"food_state_rnk",58.5492
"28609","zcta",2023,"food_state_rnk",90.8031
"28610","zcta",2023,"food_state_rnk",37.9534
"28611","zcta",2023,"food_state_rnk",99.4819
"28612","zcta",2023,"food_state_rnk",61.2694
"28613","zcta",2023,"food_state_rnk",45.9197
"28615","zcta",2023,"food_state_rnk",29.4689
"28616","zcta",2023,"food_state_rnk",NA
"28617","zcta",2023,"food_state_rnk",58.6788
"28618","zcta",2023,"food_state_rnk",80.9585
"28619","zcta",2023,"food_state_rnk",8.6788
"28621","zcta",2023,"food_state_rnk",26.2953
"28622","zcta",2023,"food_state_rnk",46.5026
"28623","zcta",2023,"food_state_rnk",77.9793
"28624","zcta",2023,"food_state_rnk",15.0259
"28625","zcta",2023,"food_state_rnk",38.7306
"28626","zcta",2023,"food_state_rnk",93.0052
"28627","zcta",2023,"food_state_rnk",30.9585
"28628","zcta",2023,"food_state_rnk",NA
"28629","zcta",2023,"food_state_rnk",NA
"28630","zcta",2023,"food_state_rnk",49.7409
"28631","zcta",2023,"food_state_rnk",9.9741
"28634","zcta",2023,"food_state_rnk",83.5492
"28635","zcta",2023,"food_state_rnk",62.3705
"28636","zcta",2023,"food_state_rnk",81.4767
"28637","zcta",2023,"food_state_rnk",58.2902
"28638","zcta",2023,"food_state_rnk",52.7202
"28640","zcta",2023,"food_state_rnk",34.7798
"28641","zcta",2023,"food_state_rnk",NA
"28642","zcta",2023,"food_state_rnk",63.0829
"28643","zcta",2023,"food_state_rnk",13.7306
"28644","zcta",2023,"food_state_rnk",76.4249
"28645","zcta",2023,"food_state_rnk",26.8135
"28646","zcta",2023,"food_state_rnk",99.6114
"28649","zcta",2023,"food_state_rnk",68.5233
"28650","zcta",2023,"food_state_rnk",70.5959
"28651","zcta",2023,"food_state_rnk",64.6373
"28652","zcta",2023,"food_state_rnk",48.7694
"28653","zcta",2023,"food_state_rnk",NA
"28654","zcta",2023,"food_state_rnk",84.5855
"28655","zcta",2023,"food_state_rnk",14.2487
"28657","zcta",2023,"food_state_rnk",77.785
"28658","zcta",2023,"food_state_rnk",63.601
"28659","zcta",2023,"food_state_rnk",34.7798
"28660","zcta",2023,"food_state_rnk",94.0415
"28662","zcta",2023,"food_state_rnk",NA
"28663","zcta",2023,"food_state_rnk",96.2435
"28664","zcta",2023,"food_state_rnk",NA
"28665","zcta",2023,"food_state_rnk",18.6528
"28666","zcta",2023,"food_state_rnk",0.2591
"28667","zcta",2023,"food_state_rnk",25
"28668","zcta",2023,"food_state_rnk",91.0622
"28669","zcta",2023,"food_state_rnk",49.3523
"28670","zcta",2023,"food_state_rnk",53.3679
"28671","zcta",2023,"food_state_rnk",53.4974
"28672","zcta",2023,"food_state_rnk",92.487
"28673","zcta",2023,"food_state_rnk",96.5026
"28675","zcta",2023,"food_state_rnk",35.2332
"28676","zcta",2023,"food_state_rnk",89.6373
"28677","zcta",2023,"food_state_rnk",44.6891
"28678","zcta",2023,"food_state_rnk",44.8187
"28679","zcta",2023,"food_state_rnk",85.2332
"28681","zcta",2023,"food_state_rnk",61.0104
"28682","zcta",2023,"food_state_rnk",84.0674
"28683","zcta",2023,"food_state_rnk",34.1969
"28684","zcta",2023,"food_state_rnk",97.2798
"28685","zcta",2023,"food_state_rnk",14.5078
"28689","zcta",2023,"food_state_rnk",32.2539
"28690","zcta",2023,"food_state_rnk",67.9404
"28692","zcta",2023,"food_state_rnk",83.4197
"28693","zcta",2023,"food_state_rnk",61.658
"28694","zcta",2023,"food_state_rnk",65.9326
"28697","zcta",2023,"food_state_rnk",46.956
"28701","zcta",2023,"food_state_rnk",96.6321
"28702","zcta",2023,"food_state_rnk",98.8342
"28704","zcta",2023,"food_state_rnk",73.057
"28705","zcta",2023,"food_state_rnk",67.9404
"28707","zcta",2023,"food_state_rnk",47.1503
"28708","zcta",2023,"food_state_rnk",50.5181
"28709","zcta",2023,"food_state_rnk",82.772
"28710","zcta",2023,"food_state_rnk",NA
"28711","zcta",2023,"food_state_rnk",78.3679
"28712","zcta",2023,"food_state_rnk",60.2979
"28713","zcta",2023,"food_state_rnk",33.0311
"28714","zcta",2023,"food_state_rnk",46.3731
"28715","zcta",2023,"food_state_rnk",39.6373
"28716","zcta",2023,"food_state_rnk",38.601
"28717","zcta",2023,"food_state_rnk",96.7617
"28718","zcta",2023,"food_state_rnk",85.6218
"28719","zcta",2023,"food_state_rnk",79.5337
"28720","zcta",2023,"food_state_rnk",99.7409
"28721","zcta",2023,"food_state_rnk",62.6943
"28722","zcta",2023,"food_state_rnk",76.943
"28723","zcta",2023,"food_state_rnk",71.8912
"28725","zcta",2023,"food_state_rnk",NA
"28726","zcta",2023,"food_state_rnk",30.6995
"28729","zcta",2023,"food_state_rnk",55.3109
"28730","zcta",2023,"food_state_rnk",96.114
"28731","zcta",2023,"food_state_rnk",73.5751
"28732","zcta",2023,"food_state_rnk",88.1477
"28733","zcta",2023,"food_state_rnk",NA
"28734","zcta",2023,"food_state_rnk",50.9067
"28735","zcta",2023,"food_state_rnk",85.7513
"28736","zcta",2023,"food_state_rnk",87.8238
"28739","zcta",2023,"food_state_rnk",68.6528
"28740","zcta",2023,"food_state_rnk",63.342
"28741","zcta",2023,"food_state_rnk",95.8549
"28742","zcta",2023,"food_state_rnk",81.3472
"28743","zcta",2023,"food_state_rnk",19.0415
"28745","zcta",2023,"food_state_rnk",90.6736
"28746","zcta",2023,"food_state_rnk",55.6995
"28747","zcta",2023,"food_state_rnk",52.9793
"28748","zcta",2023,"food_state_rnk",51.6839
"28749","zcta",2023,"food_state_rnk",NA
"28751","zcta",2023,"food_state_rnk",95.0777
"28752","zcta",2023,"food_state_rnk",24.7409
"28753","zcta",2023,"food_state_rnk",62.0466
"28754","zcta",2023,"food_state_rnk",54.9223
"28755","zcta",2023,"food_state_rnk",NA
"28756","zcta",2023,"food_state_rnk",58.4197
"28757","zcta",2023,"food_state_rnk",NA
"28758","zcta",2023,"food_state_rnk",NA
"28759","zcta",2023,"food_state_rnk",82.3834
"28761","zcta",2023,"food_state_rnk",42.5518
"28762","zcta",2023,"food_state_rnk",46.114
"28763","zcta",2023,"food_state_rnk",56.7358
"28766","zcta",2023,"food_state_rnk",84.715
"28768","zcta",2023,"food_state_rnk",73.9637
"28770","zcta",2023,"food_state_rnk",NA
"28771","zcta",2023,"food_state_rnk",59.5855
"28772","zcta",2023,"food_state_rnk",59.9741
"28773","zcta",2023,"food_state_rnk",71.3731
"28774","zcta",2023,"food_state_rnk",97.9275
"28775","zcta",2023,"food_state_rnk",90.1554
"28777","zcta",2023,"food_state_rnk",51.943
"28778","zcta",2023,"food_state_rnk",77.4611
"28779","zcta",2023,"food_state_rnk",42.0984
"28781","zcta",2023,"food_state_rnk",96.956
"28782","zcta",2023,"food_state_rnk",74.3523
"28783","zcta",2023,"food_state_rnk",37.6943
"28785","zcta",2023,"food_state_rnk",67.0984
"28786","zcta",2023,"food_state_rnk",36.9819
"28787","zcta",2023,"food_state_rnk",73.4456
"28788","zcta",2023,"food_state_rnk",97.4093
"28789","zcta",2023,"food_state_rnk",27.0725
"28790","zcta",2023,"food_state_rnk",92.3575
"28791","zcta",2023,"food_state_rnk",86.7876
"28792","zcta",2023,"food_state_rnk",35.7513
"28801","zcta",2023,"food_state_rnk",44.1062
"28803","zcta",2023,"food_state_rnk",59.3264
"28804","zcta",2023,"food_state_rnk",67.228
"28805","zcta",2023,"food_state_rnk",57.6425
"28806","zcta",2023,"food_state_rnk",39.8964
"28901","zcta",2023,"food_state_rnk",71.6969
"28902","zcta",2023,"food_state_rnk",89.2487
"28904","zcta",2023,"food_state_rnk",76.5544
"28905","zcta",2023,"food_state_rnk",18.5233
"28906","zcta",2023,"food_state_rnk",49.4819
"28909","zcta",2023,"food_state_rnk",35.1036
