"geoid","geolevel","year","level","value"
"15001","zcta",2023,"food_score",89.93
"15003","zcta",2023,"food_score",89.72
"15004","zcta",2023,"food_score",109.62
"15005","zcta",2023,"food_score",112.46
"15006","zcta",2023,"food_score",NA
"15007","zcta",2023,"food_score",84.39
"15009","zcta",2023,"food_score",110.39
"15010","zcta",2023,"food_score",89.43
"15012","zcta",2023,"food_score",94.19
"15014","zcta",2023,"food_score",84.18
"15015","zcta",2023,"food_score",127.68
"15017","zcta",2023,"food_score",110.85
"15018","zcta",2023,"food_score",82.77
"15019","zcta",2023,"food_score",117.37
"15020","zcta",2023,"food_score",48.37
"15021","zcta",2023,"food_score",100.36
"15022","zcta",2023,"food_score",81.75
"15024","zcta",2023,"food_score",104.71
"15025","zcta",2023,"food_score",92.73
"15026","zcta",2023,"food_score",115.17
"15027","zcta",2023,"food_score",106.74
"15028","zcta",2023,"food_score",110.54
"15030","zcta",2023,"food_score",91.85
"15031","zcta",2023,"food_score",86.34
"15033","zcta",2023,"food_score",63.04
"15034","zcta",2023,"food_score",105.04
"15035","zcta",2023,"food_score",103.65
"15037","zcta",2023,"food_score",100.46
"15038","zcta",2023,"food_score",89.77
"15042","zcta",2023,"food_score",94.21
"15043","zcta",2023,"food_score",98.14
"15044","zcta",2023,"food_score",113.69
"15045","zcta",2023,"food_score",82.56
"15046","zcta",2023,"food_score",118.13
"15047","zcta",2023,"food_score",119.33
"15049","zcta",2023,"food_score",99.39
"15050","zcta",2023,"food_score",105.51
"15051","zcta",2023,"food_score",118.08
"15052","zcta",2023,"food_score",110.47
"15053","zcta",2023,"food_score",128.91
"15054","zcta",2023,"food_score",78.3
"15055","zcta",2023,"food_score",110.61
"15056","zcta",2023,"food_score",91.72
"15057","zcta",2023,"food_score",113.67
"15059","zcta",2023,"food_score",78.39
"15060","zcta",2023,"food_score",88.43
"15061","zcta",2023,"food_score",104.88
"15062","zcta",2023,"food_score",81.1
"15063","zcta",2023,"food_score",99.17
"15064","zcta",2023,"food_score",83.54
"15065","zcta",2023,"food_score",91.46
"15066","zcta",2023,"food_score",88.37
"15067","zcta",2023,"food_score",87.22
"15068","zcta",2023,"food_score",84.54
"15071","zcta",2023,"food_score",111.61
"15072","zcta",2023,"food_score",NA
"15074","zcta",2023,"food_score",94.99
"15075","zcta",2023,"food_score",NA
"15076","zcta",2023,"food_score",79.98
"15077","zcta",2023,"food_score",130.17
"15078","zcta",2023,"food_score",73.04
"15081","zcta",2023,"food_score",83.57
"15082","zcta",2023,"food_score",68.65
"15083","zcta",2023,"food_score",109.94
"15084","zcta",2023,"food_score",99.42
"15085","zcta",2023,"food_score",104.72
"15086","zcta",2023,"food_score",130.31
"15087","zcta",2023,"food_score",NA
"15088","zcta",2023,"food_score",80.75
"15089","zcta",2023,"food_score",92.82
"15090","zcta",2023,"food_score",116.68
"15101","zcta",2023,"food_score",115.8
"15102","zcta",2023,"food_score",111.7
"15104","zcta",2023,"food_score",61.92
"15106","zcta",2023,"food_score",96.26
"15108","zcta",2023,"food_score",107.06
"15110","zcta",2023,"food_score",32.84
"15112","zcta",2023,"food_score",55.76
"15116","zcta",2023,"food_score",114.8
"15120","zcta",2023,"food_score",82.09
"15122","zcta",2023,"food_score",78.09
"15123","zcta",2023,"food_score",NA
"15126","zcta",2023,"food_score",100.16
"15129","zcta",2023,"food_score",115.57
"15131","zcta",2023,"food_score",105.89
"15132","zcta",2023,"food_score",51.89
"15133","zcta",2023,"food_score",81.88
"15135","zcta",2023,"food_score",112.62
"15136","zcta",2023,"food_score",75.39
"15137","zcta",2023,"food_score",88.26
"15139","zcta",2023,"food_score",119.43
"15140","zcta",2023,"food_score",51.26
"15142","zcta",2023,"food_score",128.55
"15143","zcta",2023,"food_score",115.56
"15144","zcta",2023,"food_score",103.06
"15145","zcta",2023,"food_score",74.47
"15146","zcta",2023,"food_score",95.83
"15147","zcta",2023,"food_score",92.49
"15148","zcta",2023,"food_score",52.7
"15201","zcta",2023,"food_score",107.8
"15202","zcta",2023,"food_score",104.85
"15203","zcta",2023,"food_score",107.51
"15204","zcta",2023,"food_score",79.18
"15205","zcta",2023,"food_score",91.79
"15206","zcta",2023,"food_score",85.64
"15207","zcta",2023,"food_score",73.1
"15208","zcta",2023,"food_score",71.8
"15209","zcta",2023,"food_score",104.05
"15210","zcta",2023,"food_score",56.18
"15211","zcta",2023,"food_score",93.82
"15212","zcta",2023,"food_score",67.96
"15213","zcta",2023,"food_score",NA
"15214","zcta",2023,"food_score",66.93
"15215","zcta",2023,"food_score",105.7
"15216","zcta",2023,"food_score",103.51
"15217","zcta",2023,"food_score",99.26
"15218","zcta",2023,"food_score",93.51
"15219","zcta",2023,"food_score",49.56
"15220","zcta",2023,"food_score",104.47
"15221","zcta",2023,"food_score",66.45
"15222","zcta",2023,"food_score",124.75
"15223","zcta",2023,"food_score",96.61
"15224","zcta",2023,"food_score",94.55
"15225","zcta",2023,"food_score",113.67
"15226","zcta",2023,"food_score",109.01
"15227","zcta",2023,"food_score",80.31
"15228","zcta",2023,"food_score",112.9
"15229","zcta",2023,"food_score",107.67
"15232","zcta",2023,"food_score",112.9
"15233","zcta",2023,"food_score",105.25
"15234","zcta",2023,"food_score",97.03
"15235","zcta",2023,"food_score",88.09
"15236","zcta",2023,"food_score",97.8
"15237","zcta",2023,"food_score",109.84
"15238","zcta",2023,"food_score",115.15
"15239","zcta",2023,"food_score",110.79
"15241","zcta",2023,"food_score",117.17
"15243","zcta",2023,"food_score",115.44
"15260","zcta",2023,"food_score",NA
"15275","zcta",2023,"food_score",NA
"15282","zcta",2023,"food_score",NA
"15290","zcta",2023,"food_score",NA
"15301","zcta",2023,"food_score",87.42
"15310","zcta",2023,"food_score",97.75
"15311","zcta",2023,"food_score",113.07
"15312","zcta",2023,"food_score",94.59
"15313","zcta",2023,"food_score",115.85
"15314","zcta",2023,"food_score",86.4
"15315","zcta",2023,"food_score",34.87
"15316","zcta",2023,"food_score",105.44
"15317","zcta",2023,"food_score",104.59
"15320","zcta",2023,"food_score",89.01
"15321","zcta",2023,"food_score",103.84
"15322","zcta",2023,"food_score",90.82
"15323","zcta",2023,"food_score",110.38
"15324","zcta",2023,"food_score",94.25
"15325","zcta",2023,"food_score",75.47
"15327","zcta",2023,"food_score",91.91
"15329","zcta",2023,"food_score",120
"15330","zcta",2023,"food_score",116.83
"15331","zcta",2023,"food_score",64.45
"15332","zcta",2023,"food_score",90.39
"15333","zcta",2023,"food_score",79.64
"15334","zcta",2023,"food_score",127.56
"15337","zcta",2023,"food_score",113.23
"15338","zcta",2023,"food_score",91.73
"15340","zcta",2023,"food_score",123.74
"15341","zcta",2023,"food_score",106.57
"15342","zcta",2023,"food_score",109.04
"15344","zcta",2023,"food_score",97.34
"15345","zcta",2023,"food_score",95.37
"15346","zcta",2023,"food_score",78.25
"15347","zcta",2023,"food_score",100.61
"15348","zcta",2023,"food_score",NA
"15349","zcta",2023,"food_score",102.61
"15350","zcta",2023,"food_score",70.55
"15351","zcta",2023,"food_score",26.71
"15352","zcta",2023,"food_score",101.48
"15353","zcta",2023,"food_score",NA
"15357","zcta",2023,"food_score",116.12
"15358","zcta",2023,"food_score",105.69
"15359","zcta",2023,"food_score",69.11
"15360","zcta",2023,"food_score",113.94
"15361","zcta",2023,"food_score",NA
"15362","zcta",2023,"food_score",113.82
"15363","zcta",2023,"food_score",119.75
"15364","zcta",2023,"food_score",117.79
"15365","zcta",2023,"food_score",98.25
"15366","zcta",2023,"food_score",79.17
"15367","zcta",2023,"food_score",117.96
"15368","zcta",2023,"food_score",67.6
"15370","zcta",2023,"food_score",82.85
"15376","zcta",2023,"food_score",100.17
"15377","zcta",2023,"food_score",78.51
"15378","zcta",2023,"food_score",NA
"15379","zcta",2023,"food_score",NA
"15380","zcta",2023,"food_score",114.09
"15401","zcta",2023,"food_score",74.45
"15410","zcta",2023,"food_score",88.77
"15411","zcta",2023,"food_score",111.13
"15412","zcta",2023,"food_score",44.94
"15413","zcta",2023,"food_score",72.75
"15416","zcta",2023,"food_score",64.16
"15417","zcta",2023,"food_score",77.74
"15419","zcta",2023,"food_score",NA
"15420","zcta",2023,"food_score",40.31
"15421","zcta",2023,"food_score",NA
"15422","zcta",2023,"food_score",67.42
"15423","zcta",2023,"food_score",99.38
"15424","zcta",2023,"food_score",78.75
"15425","zcta",2023,"food_score",80.63
"15427","zcta",2023,"food_score",102.99
"15428","zcta",2023,"food_score",93.13
"15429","zcta",2023,"food_score",66.94
"15430","zcta",2023,"food_score",75.11
"15431","zcta",2023,"food_score",78.86
"15432","zcta",2023,"food_score",110.56
"15433","zcta",2023,"food_score",111.34
"15434","zcta",2023,"food_score",98.47
"15435","zcta",2023,"food_score",78.38
"15436","zcta",2023,"food_score",60.75
"15437","zcta",2023,"food_score",101.81
"15438","zcta",2023,"food_score",69.29
"15440","zcta",2023,"food_score",70.72
"15442","zcta",2023,"food_score",87.16
"15443","zcta",2023,"food_score",15.55
"15444","zcta",2023,"food_score",110.67
"15445","zcta",2023,"food_score",83.93
"15446","zcta",2023,"food_score",NA
"15447","zcta",2023,"food_score",125.27
"15448","zcta",2023,"food_score",129
"15449","zcta",2023,"food_score",119.7
"15450","zcta",2023,"food_score",NA
"15451","zcta",2023,"food_score",38.34
"15454","zcta",2023,"food_score",-17.41
"15455","zcta",2023,"food_score",61.19
"15456","zcta",2023,"food_score",74.51
"15458","zcta",2023,"food_score",87.85
"15459","zcta",2023,"food_score",100.16
"15460","zcta",2023,"food_score",NA
"15461","zcta",2023,"food_score",64
"15462","zcta",2023,"food_score",NA
"15463","zcta",2023,"food_score",78.87
"15464","zcta",2023,"food_score",71.26
"15465","zcta",2023,"food_score",55.44
"15466","zcta",2023,"food_score",63.45
"15467","zcta",2023,"food_score",NA
"15468","zcta",2023,"food_score",93.18
"15469","zcta",2023,"food_score",90.44
"15470","zcta",2023,"food_score",113.76
"15472","zcta",2023,"food_score",110.98
"15473","zcta",2023,"food_score",101.36
"15474","zcta",2023,"food_score",77.11
"15475","zcta",2023,"food_score",60.98
"15476","zcta",2023,"food_score",NA
"15477","zcta",2023,"food_score",106.81
"15478","zcta",2023,"food_score",84.8
"15479","zcta",2023,"food_score",85.16
"15480","zcta",2023,"food_score",89.03
"15482","zcta",2023,"food_score",93.21
"15483","zcta",2023,"food_score",101.24
"15484","zcta",2023,"food_score",110.28
"15486","zcta",2023,"food_score",106.3
"15488","zcta",2023,"food_score",NA
"15489","zcta",2023,"food_score",112
"15490","zcta",2023,"food_score",115.79
"15492","zcta",2023,"food_score",55.28
"15501","zcta",2023,"food_score",96.95
"15502","zcta",2023,"food_score",NA
"15510","zcta",2023,"food_score",NA
"15520","zcta",2023,"food_score",117.26
"15521","zcta",2023,"food_score",90.64
"15522","zcta",2023,"food_score",105.77
"15530","zcta",2023,"food_score",98.03
"15531","zcta",2023,"food_score",88.77
"15532","zcta",2023,"food_score",70.85
"15533","zcta",2023,"food_score",84.67
"15534","zcta",2023,"food_score",113
"15535","zcta",2023,"food_score",113.93
"15536","zcta",2023,"food_score",78.03
"15537","zcta",2023,"food_score",99.08
"15538","zcta",2023,"food_score",109.88
"15539","zcta",2023,"food_score",57.97
"15540","zcta",2023,"food_score",116.18
"15541","zcta",2023,"food_score",97.79
"15542","zcta",2023,"food_score",99.21
"15544","zcta",2023,"food_score",117.77
"15545","zcta",2023,"food_score",88.59
"15546","zcta",2023,"food_score",52.13
"15547","zcta",2023,"food_score",114
"15550","zcta",2023,"food_score",107.7
"15551","zcta",2023,"food_score",109.71
"15552","zcta",2023,"food_score",101.94
"15554","zcta",2023,"food_score",95.11
"15555","zcta",2023,"food_score",NA
"15557","zcta",2023,"food_score",102.95
"15558","zcta",2023,"food_score",107.3
"15559","zcta",2023,"food_score",115.51
"15560","zcta",2023,"food_score",110.86
"15561","zcta",2023,"food_score",130.51
"15562","zcta",2023,"food_score",101.21
"15563","zcta",2023,"food_score",100
"15564","zcta",2023,"food_score",85.03
"15565","zcta",2023,"food_score",NA
"15601","zcta",2023,"food_score",96.22
"15610","zcta",2023,"food_score",109.96
"15611","zcta",2023,"food_score",98.24
"15612","zcta",2023,"food_score",103.51
"15613","zcta",2023,"food_score",98.07
"15615","zcta",2023,"food_score",129.47
"15616","zcta",2023,"food_score",130.7
"15617","zcta",2023,"food_score",108.09
"15618","zcta",2023,"food_score",109.62
"15619","zcta",2023,"food_score",105.89
"15620","zcta",2023,"food_score",56.01
"15622","zcta",2023,"food_score",103.24
"15623","zcta",2023,"food_score",35.03
"15624","zcta",2023,"food_score",119.74
"15625","zcta",2023,"food_score",NA
"15626","zcta",2023,"food_score",112.04
"15627","zcta",2023,"food_score",95.17
"15628","zcta",2023,"food_score",74.6
"15629","zcta",2023,"food_score",107.67
"15631","zcta",2023,"food_score",80.97
"15632","zcta",2023,"food_score",106.79
"15633","zcta",2023,"food_score",129.52
"15634","zcta",2023,"food_score",66.76
"15635","zcta",2023,"food_score",51.21
"15636","zcta",2023,"food_score",115.6
"15637","zcta",2023,"food_score",84.62
"15638","zcta",2023,"food_score",NA
"15639","zcta",2023,"food_score",103.72
"15640","zcta",2023,"food_score",70.23
"15641","zcta",2023,"food_score",93.33
"15642","zcta",2023,"food_score",98.95
"15644","zcta",2023,"food_score",91.62
"15646","zcta",2023,"food_score",126.84
"15647","zcta",2023,"food_score",NA
"15650","zcta",2023,"food_score",92.88
"15655","zcta",2023,"food_score",100.93
"15656","zcta",2023,"food_score",101.09
"15658","zcta",2023,"food_score",112.3
"15660","zcta",2023,"food_score",94.64
"15661","zcta",2023,"food_score",115.52
"15662","zcta",2023,"food_score",126.62
"15663","zcta",2023,"food_score",105.54
"15665","zcta",2023,"food_score",129.3
"15666","zcta",2023,"food_score",97.95
"15668","zcta",2023,"food_score",112.81
"15670","zcta",2023,"food_score",113.24
"15671","zcta",2023,"food_score",91.32
"15672","zcta",2023,"food_score",119.1
"15673","zcta",2023,"food_score",100.29
"15674","zcta",2023,"food_score",129.83
"15675","zcta",2023,"food_score",97.74
"15676","zcta",2023,"food_score",127.29
"15677","zcta",2023,"food_score",99.8
"15678","zcta",2023,"food_score",84.33
"15679","zcta",2023,"food_score",101.95
"15680","zcta",2023,"food_score",121.03
"15681","zcta",2023,"food_score",106.95
"15682","zcta",2023,"food_score",98.78
"15683","zcta",2023,"food_score",79.74
"15684","zcta",2023,"food_score",97.03
"15686","zcta",2023,"food_score",112.52
"15687","zcta",2023,"food_score",104.79
"15688","zcta",2023,"food_score",87.77
"15689","zcta",2023,"food_score",NA
"15690","zcta",2023,"food_score",78.51
"15691","zcta",2023,"food_score",127.32
"15692","zcta",2023,"food_score",119.18
"15693","zcta",2023,"food_score",107.84
"15695","zcta",2023,"food_score",86.66
"15696","zcta",2023,"food_score",98.44
"15697","zcta",2023,"food_score",113
"15698","zcta",2023,"food_score",110.04
"15701","zcta",2023,"food_score",99.11
"15705","zcta",2023,"food_score",NA
"15710","zcta",2023,"food_score",82.11
"15711","zcta",2023,"food_score",102.07
"15712","zcta",2023,"food_score",25.66
"15713","zcta",2023,"food_score",10.73
"15714","zcta",2023,"food_score",83.95
"15715","zcta",2023,"food_score",90.36
"15716","zcta",2023,"food_score",27.35
"15717","zcta",2023,"food_score",85.69
"15720","zcta",2023,"food_score",100.32
"15721","zcta",2023,"food_score",93.56
"15722","zcta",2023,"food_score",100.84
"15723","zcta",2023,"food_score",NA
"15724","zcta",2023,"food_score",109.65
"15725","zcta",2023,"food_score",100.19
"15727","zcta",2023,"food_score",89.71
"15728","zcta",2023,"food_score",100.88
"15729","zcta",2023,"food_score",95.13
"15730","zcta",2023,"food_score",129.98
"15731","zcta",2023,"food_score",108.99
"15732","zcta",2023,"food_score",93.77
"15733","zcta",2023,"food_score",NA
"15734","zcta",2023,"food_score",76.67
"15736","zcta",2023,"food_score",104.7
"15737","zcta",2023,"food_score",107.95
"15738","zcta",2023,"food_score",98.66
"15739","zcta",2023,"food_score",103.22
"15741","zcta",2023,"food_score",NA
"15742","zcta",2023,"food_score",100.94
"15744","zcta",2023,"food_score",NA
"15745","zcta",2023,"food_score",94.78
"15746","zcta",2023,"food_score",NA
"15747","zcta",2023,"food_score",118.51
"15748","zcta",2023,"food_score",98.73
"15750","zcta",2023,"food_score",26.27
"15752","zcta",2023,"food_score",NA
"15753","zcta",2023,"food_score",92.42
"15754","zcta",2023,"food_score",73.1
"15756","zcta",2023,"food_score",55.24
"15757","zcta",2023,"food_score",90.68
"15759","zcta",2023,"food_score",99.29
"15760","zcta",2023,"food_score",127.27
"15761","zcta",2023,"food_score",122.3
"15762","zcta",2023,"food_score",120.34
"15763","zcta",2023,"food_score",NA
"15764","zcta",2023,"food_score",124.6
"15765","zcta",2023,"food_score",94.9
"15767","zcta",2023,"food_score",93.09
"15770","zcta",2023,"food_score",107.24
"15771","zcta",2023,"food_score",120.64
"15772","zcta",2023,"food_score",96.97
"15773","zcta",2023,"food_score",87.12
"15774","zcta",2023,"food_score",103.54
"15775","zcta",2023,"food_score",108.49
"15776","zcta",2023,"food_score",NA
"15777","zcta",2023,"food_score",NA
"15778","zcta",2023,"food_score",105.09
"15779","zcta",2023,"food_score",NA
"15780","zcta",2023,"food_score",NA
"15781","zcta",2023,"food_score",NA
"15783","zcta",2023,"food_score",NA
"15784","zcta",2023,"food_score",NA
"15801","zcta",2023,"food_score",89.46
"15821","zcta",2023,"food_score",NA
"15823","zcta",2023,"food_score",102.44
"15824","zcta",2023,"food_score",105.81
"15825","zcta",2023,"food_score",99.47
"15827","zcta",2023,"food_score",127.25
"15828","zcta",2023,"food_score",114.84
"15829","zcta",2023,"food_score",95.23
"15831","zcta",2023,"food_score",NA
"15832","zcta",2023,"food_score",105.59
"15834","zcta",2023,"food_score",77.4
"15840","zcta",2023,"food_score",88.21
"15841","zcta",2023,"food_score",97.67
"15845","zcta",2023,"food_score",93
"15846","zcta",2023,"food_score",94.28
"15847","zcta",2023,"food_score",NA
"15848","zcta",2023,"food_score",103.79
"15849","zcta",2023,"food_score",85.01
"15851","zcta",2023,"food_score",96.8
"15853","zcta",2023,"food_score",91.53
"15856","zcta",2023,"food_score",105.23
"15857","zcta",2023,"food_score",94.76
"15860","zcta",2023,"food_score",93.99
"15861","zcta",2023,"food_score",114.74
"15863","zcta",2023,"food_score",89.86
"15864","zcta",2023,"food_score",108
"15865","zcta",2023,"food_score",78.11
"15866","zcta",2023,"food_score",112.26
"15868","zcta",2023,"food_score",103
"15870","zcta",2023,"food_score",97.13
"15901","zcta",2023,"food_score",45.88
"15902","zcta",2023,"food_score",58.45
"15904","zcta",2023,"food_score",103.2
"15905","zcta",2023,"food_score",99.81
"15906","zcta",2023,"food_score",58.47
"15909","zcta",2023,"food_score",93.74
"15920","zcta",2023,"food_score",113.38
"15921","zcta",2023,"food_score",114.04
"15922","zcta",2023,"food_score",NA
"15923","zcta",2023,"food_score",86.31
"15924","zcta",2023,"food_score",96.99
"15925","zcta",2023,"food_score",NA
"15926","zcta",2023,"food_score",106.26
"15927","zcta",2023,"food_score",118.48
"15928","zcta",2023,"food_score",112.26
"15929","zcta",2023,"food_score",127.46
"15930","zcta",2023,"food_score",122.55
"15931","zcta",2023,"food_score",111.99
"15934","zcta",2023,"food_score",NA
"15935","zcta",2023,"food_score",110.18
"15936","zcta",2023,"food_score",106.39
"15937","zcta",2023,"food_score",98.82
"15938","zcta",2023,"food_score",109.93
"15940","zcta",2023,"food_score",NA
"15942","zcta",2023,"food_score",107.47
"15943","zcta",2023,"food_score",79.98
"15944","zcta",2023,"food_score",106.02
"15945","zcta",2023,"food_score",88.33
"15946","zcta",2023,"food_score",91.88
"15948","zcta",2023,"food_score",94.73
"15949","zcta",2023,"food_score",102.86
"15951","zcta",2023,"food_score",67.32
"15952","zcta",2023,"food_score",109.89
"15953","zcta",2023,"food_score",130.1
"15954","zcta",2023,"food_score",76.05
"15955","zcta",2023,"food_score",116.37
"15956","zcta",2023,"food_score",88.18
"15957","zcta",2023,"food_score",114.5
"15958","zcta",2023,"food_score",117.85
"15960","zcta",2023,"food_score",124.7
"15961","zcta",2023,"food_score",104.53
"15962","zcta",2023,"food_score",73.89
"15963","zcta",2023,"food_score",95.51
"16001","zcta",2023,"food_score",84.96
"16002","zcta",2023,"food_score",101.4
"16020","zcta",2023,"food_score",99.78
"16022","zcta",2023,"food_score",106.89
"16023","zcta",2023,"food_score",119.89
"16024","zcta",2023,"food_score",100.04
"16025","zcta",2023,"food_score",106.66
"16027","zcta",2023,"food_score",78.76
"16028","zcta",2023,"food_score",95.19
"16029","zcta",2023,"food_score",103.55
"16030","zcta",2023,"food_score",99.35
"16033","zcta",2023,"food_score",118.22
"16034","zcta",2023,"food_score",104.93
"16035","zcta",2023,"food_score",87.4
"16036","zcta",2023,"food_score",77.91
"16037","zcta",2023,"food_score",116.24
"16038","zcta",2023,"food_score",111.43
"16040","zcta",2023,"food_score",112.86
"16041","zcta",2023,"food_score",95.16
"16045","zcta",2023,"food_score",81.35
"16046","zcta",2023,"food_score",119.68
"16048","zcta",2023,"food_score",90.35
"16049","zcta",2023,"food_score",94.75
"16050","zcta",2023,"food_score",108.61
"16051","zcta",2023,"food_score",105.94
"16052","zcta",2023,"food_score",113.18
"16053","zcta",2023,"food_score",121.82
"16054","zcta",2023,"food_score",114.63
"16055","zcta",2023,"food_score",116.91
"16056","zcta",2023,"food_score",117.28
"16057","zcta",2023,"food_score",100.5
"16059","zcta",2023,"food_score",117.82
"16061","zcta",2023,"food_score",104.84
"16063","zcta",2023,"food_score",115.72
"16066","zcta",2023,"food_score",114.24
"16101","zcta",2023,"food_score",64.59
"16102","zcta",2023,"food_score",77.56
"16105","zcta",2023,"food_score",100.55
"16110","zcta",2023,"food_score",118.71
"16111","zcta",2023,"food_score",113.44
"16112","zcta",2023,"food_score",94.89
"16113","zcta",2023,"food_score",121.19
"16114","zcta",2023,"food_score",122.25
"16115","zcta",2023,"food_score",110.35
"16116","zcta",2023,"food_score",110.75
"16117","zcta",2023,"food_score",94.65
"16120","zcta",2023,"food_score",98.22
"16121","zcta",2023,"food_score",60.57
"16123","zcta",2023,"food_score",120.12
"16124","zcta",2023,"food_score",91.28
"16125","zcta",2023,"food_score",85.17
"16127","zcta",2023,"food_score",101.03
"16130","zcta",2023,"food_score",111.33
"16131","zcta",2023,"food_score",89.69
"16132","zcta",2023,"food_score",100.44
"16133","zcta",2023,"food_score",114.05
"16134","zcta",2023,"food_score",101.68
"16136","zcta",2023,"food_score",62.84
"16137","zcta",2023,"food_score",95.21
"16140","zcta",2023,"food_score",129.93
"16141","zcta",2023,"food_score",92.17
"16142","zcta",2023,"food_score",112.1
"16143","zcta",2023,"food_score",78.62
"16145","zcta",2023,"food_score",99.68
"16146","zcta",2023,"food_score",61.07
"16148","zcta",2023,"food_score",94.98
"16150","zcta",2023,"food_score",98.7
"16151","zcta",2023,"food_score",NA
"16153","zcta",2023,"food_score",98.74
"16154","zcta",2023,"food_score",112.48
"16155","zcta",2023,"food_score",NA
"16156","zcta",2023,"food_score",110.51
"16157","zcta",2023,"food_score",95.85
"16159","zcta",2023,"food_score",97.76
"16160","zcta",2023,"food_score",61.19
"16161","zcta",2023,"food_score",64.49
"16172","zcta",2023,"food_score",NA
"16201","zcta",2023,"food_score",94.27
"16210","zcta",2023,"food_score",79.41
"16211","zcta",2023,"food_score",50.91
"16212","zcta",2023,"food_score",111.86
"16213","zcta",2023,"food_score",110.03
"16214","zcta",2023,"food_score",88.86
"16217","zcta",2023,"food_score",NA
"16218","zcta",2023,"food_score",106.42
"16220","zcta",2023,"food_score",NA
"16222","zcta",2023,"food_score",102.28
"16223","zcta",2023,"food_score",NA
"16224","zcta",2023,"food_score",107.16
"16226","zcta",2023,"food_score",96.35
"16228","zcta",2023,"food_score",98.43
"16229","zcta",2023,"food_score",106.59
"16230","zcta",2023,"food_score",89.32
"16232","zcta",2023,"food_score",95.48
"16233","zcta",2023,"food_score",117.86
"16235","zcta",2023,"food_score",124.57
"16236","zcta",2023,"food_score",78.57
"16238","zcta",2023,"food_score",92.9
"16239","zcta",2023,"food_score",NA
"16240","zcta",2023,"food_score",99.7
"16242","zcta",2023,"food_score",101.32
"16244","zcta",2023,"food_score",72.61
"16245","zcta",2023,"food_score",100.47
"16246","zcta",2023,"food_score",70.75
"16248","zcta",2023,"food_score",91.8
"16249","zcta",2023,"food_score",105.27
"16250","zcta",2023,"food_score",76.27
"16253","zcta",2023,"food_score",128.71
"16254","zcta",2023,"food_score",105.99
"16255","zcta",2023,"food_score",102.19
"16256","zcta",2023,"food_score",103.02
"16258","zcta",2023,"food_score",97.75
"16259","zcta",2023,"food_score",95.33
"16260","zcta",2023,"food_score",125.87
"16262","zcta",2023,"food_score",103.1
"16263","zcta",2023,"food_score",68.93
"16301","zcta",2023,"food_score",71.04
"16311","zcta",2023,"food_score",117.9
"16312","zcta",2023,"food_score",NA
"16313","zcta",2023,"food_score",91.46
"16314","zcta",2023,"food_score",103.62
"16316","zcta",2023,"food_score",86.59
"16317","zcta",2023,"food_score",94.96
"16319","zcta",2023,"food_score",103.26
"16321","zcta",2023,"food_score",NA
"16322","zcta",2023,"food_score",100.25
"16323","zcta",2023,"food_score",93.85
"16326","zcta",2023,"food_score",127.13
"16327","zcta",2023,"food_score",106.61
"16328","zcta",2023,"food_score",89.27
"16329","zcta",2023,"food_score",104.28
"16331","zcta",2023,"food_score",105.93
"16332","zcta",2023,"food_score",NA
"16333","zcta",2023,"food_score",89.51
"16334","zcta",2023,"food_score",123.7
"16335","zcta",2023,"food_score",82.87
"16340","zcta",2023,"food_score",96.64
"16341","zcta",2023,"food_score",93.97
"16342","zcta",2023,"food_score",102.07
"16343","zcta",2023,"food_score",91.69
"16344","zcta",2023,"food_score",58.82
"16345","zcta",2023,"food_score",112.52
"16346","zcta",2023,"food_score",93.51
"16347","zcta",2023,"food_score",87.22
"16350","zcta",2023,"food_score",117.74
"16351","zcta",2023,"food_score",73.82
"16352","zcta",2023,"food_score",77.21
"16353","zcta",2023,"food_score",102.86
"16354","zcta",2023,"food_score",78.79
"16360","zcta",2023,"food_score",88.69
"16361","zcta",2023,"food_score",NA
"16362","zcta",2023,"food_score",94.01
"16364","zcta",2023,"food_score",114.7
"16365","zcta",2023,"food_score",97.27
"16370","zcta",2023,"food_score",95.11
"16371","zcta",2023,"food_score",105.74
"16372","zcta",2023,"food_score",101.94
"16373","zcta",2023,"food_score",101.74
"16374","zcta",2023,"food_score",106.41
"16401","zcta",2023,"food_score",97.46
"16402","zcta",2023,"food_score",91.56
"16403","zcta",2023,"food_score",90.88
"16404","zcta",2023,"food_score",97.86
"16405","zcta",2023,"food_score",119.12
"16406","zcta",2023,"food_score",92.31
"16407","zcta",2023,"food_score",76.28
"16410","zcta",2023,"food_score",101.35
"16411","zcta",2023,"food_score",92.05
"16412","zcta",2023,"food_score",100.93
"16415","zcta",2023,"food_score",109.38
"16416","zcta",2023,"food_score",68.03
"16417","zcta",2023,"food_score",107.68
"16420","zcta",2023,"food_score",114.25
"16421","zcta",2023,"food_score",106.4
"16422","zcta",2023,"food_score",NA
"16423","zcta",2023,"food_score",98.63
"16424","zcta",2023,"food_score",105.73
"16426","zcta",2023,"food_score",105.44
"16427","zcta",2023,"food_score",82.36
"16428","zcta",2023,"food_score",86.73
"16430","zcta",2023,"food_score",128.38
"16433","zcta",2023,"food_score",108
"16434","zcta",2023,"food_score",104.77
"16435","zcta",2023,"food_score",86.63
"16436","zcta",2023,"food_score",77.16
"16438","zcta",2023,"food_score",84.92
"16440","zcta",2023,"food_score",112.03
"16441","zcta",2023,"food_score",104.33
"16442","zcta",2023,"food_score",98.66
"16443","zcta",2023,"food_score",91.07
"16444","zcta",2023,"food_score",NA
"16475","zcta",2023,"food_score",NA
"16501","zcta",2023,"food_score",52.01
"16502","zcta",2023,"food_score",44.13
"16503","zcta",2023,"food_score",26.01
"16504","zcta",2023,"food_score",78.51
"16505","zcta",2023,"food_score",108.15
"16506","zcta",2023,"food_score",107.7
"16507","zcta",2023,"food_score",44.8
"16508","zcta",2023,"food_score",73.34
"16509","zcta",2023,"food_score",96.52
"16510","zcta",2023,"food_score",81.36
"16511","zcta",2023,"food_score",84.24
"16546","zcta",2023,"food_score",NA
"16550","zcta",2023,"food_score",NA
"16563","zcta",2023,"food_score",NA
"16601","zcta",2023,"food_score",75.62
"16602","zcta",2023,"food_score",82.08
"16611","zcta",2023,"food_score",107.8
"16613","zcta",2023,"food_score",109.88
"16616","zcta",2023,"food_score",NA
"16617","zcta",2023,"food_score",100.18
"16619","zcta",2023,"food_score",77.66
"16620","zcta",2023,"food_score",100.32
"16621","zcta",2023,"food_score",101.33
"16622","zcta",2023,"food_score",NA
"16623","zcta",2023,"food_score",111.4
"16624","zcta",2023,"food_score",125.41
"16625","zcta",2023,"food_score",101.41
"16627","zcta",2023,"food_score",105.67
"16630","zcta",2023,"food_score",99.8
"16631","zcta",2023,"food_score",NA
"16633","zcta",2023,"food_score",106.87
"16634","zcta",2023,"food_score",118.09
"16635","zcta",2023,"food_score",105.3
"16636","zcta",2023,"food_score",112.95
"16637","zcta",2023,"food_score",111.13
"16638","zcta",2023,"food_score",NA
"16639","zcta",2023,"food_score",98.97
"16640","zcta",2023,"food_score",84.47
"16641","zcta",2023,"food_score",93.56
"16645","zcta",2023,"food_score",109.11
"16646","zcta",2023,"food_score",107
"16647","zcta",2023,"food_score",108.45
"16648","zcta",2023,"food_score",107.09
"16650","zcta",2023,"food_score",109.47
"16651","zcta",2023,"food_score",NA
"16652","zcta",2023,"food_score",95.71
"16654","zcta",2023,"food_score",NA
"16655","zcta",2023,"food_score",84.71
"16656","zcta",2023,"food_score",97.38
"16657","zcta",2023,"food_score",101.65
"16659","zcta",2023,"food_score",91.81
"16661","zcta",2023,"food_score",88.04
"16662","zcta",2023,"food_score",111.7
"16664","zcta",2023,"food_score",109.85
"16665","zcta",2023,"food_score",102.17
"16666","zcta",2023,"food_score",83.7
"16667","zcta",2023,"food_score",111.07
"16668","zcta",2023,"food_score",95.7
"16669","zcta",2023,"food_score",112.96
"16670","zcta",2023,"food_score",NA
"16671","zcta",2023,"food_score",105.83
"16672","zcta",2023,"food_score",83.44
"16673","zcta",2023,"food_score",100.76
"16674","zcta",2023,"food_score",96.12
"16675","zcta",2023,"food_score",NA
"16677","zcta",2023,"food_score",87.06
"16678","zcta",2023,"food_score",103.56
"16679","zcta",2023,"food_score",86.28
"16680","zcta",2023,"food_score",94.14
"16682","zcta",2023,"food_score",122.1
"16683","zcta",2023,"food_score",118.91
"16684","zcta",2023,"food_score",NA
"16685","zcta",2023,"food_score",122.3
"16686","zcta",2023,"food_score",94.6
"16689","zcta",2023,"food_score",126.28
"16691","zcta",2023,"food_score",103.61
"16692","zcta",2023,"food_score",96.13
"16693","zcta",2023,"food_score",97.01
"16694","zcta",2023,"food_score",121.48
"16695","zcta",2023,"food_score",106.65
"16699","zcta",2023,"food_score",NA
"16701","zcta",2023,"food_score",83.71
"16720","zcta",2023,"food_score",99.62
"16724","zcta",2023,"food_score",NA
"16725","zcta",2023,"food_score",129.72
"16726","zcta",2023,"food_score",74.47
"16727","zcta",2023,"food_score",128.47
"16729","zcta",2023,"food_score",71.6
"16730","zcta",2023,"food_score",NA
"16731","zcta",2023,"food_score",95.97
"16732","zcta",2023,"food_score",122.39
"16733","zcta",2023,"food_score",95.04
"16734","zcta",2023,"food_score",96.35
"16735","zcta",2023,"food_score",100.07
"16738","zcta",2023,"food_score",NA
"16740","zcta",2023,"food_score",85.13
"16743","zcta",2023,"food_score",77.43
"16744","zcta",2023,"food_score",128.17
"16745","zcta",2023,"food_score",115.29
"16746","zcta",2023,"food_score",68.69
"16748","zcta",2023,"food_score",99.25
"16749","zcta",2023,"food_score",108.06
"16750","zcta",2023,"food_score",103.98
"16801","zcta",2023,"food_score",108.73
"16802","zcta",2023,"food_score",NA
"16803","zcta",2023,"food_score",113.59
"16820","zcta",2023,"food_score",102.84
"16821","zcta",2023,"food_score",128.12
"16822","zcta",2023,"food_score",97.29
"16823","zcta",2023,"food_score",101.89
"16825","zcta",2023,"food_score",128.23
"16826","zcta",2023,"food_score",98.88
"16827","zcta",2023,"food_score",114.79
"16828","zcta",2023,"food_score",109.28
"16829","zcta",2023,"food_score",105.14
"16830","zcta",2023,"food_score",77.79
"16832","zcta",2023,"food_score",91.08
"16833","zcta",2023,"food_score",96.57
"16834","zcta",2023,"food_score",115.56
"16835","zcta",2023,"food_score",127.73
"16836","zcta",2023,"food_score",91.86
"16837","zcta",2023,"food_score",85.56
"16838","zcta",2023,"food_score",88.56
"16839","zcta",2023,"food_score",104.35
"16840","zcta",2023,"food_score",34.81
"16841","zcta",2023,"food_score",110.48
"16843","zcta",2023,"food_score",103.46
"16844","zcta",2023,"food_score",107.66
"16845","zcta",2023,"food_score",108.73
"16847","zcta",2023,"food_score",110.52
"16848","zcta",2023,"food_score",114.56
"16849","zcta",2023,"food_score",122.81
"16851","zcta",2023,"food_score",128.59
"16852","zcta",2023,"food_score",112.96
"16853","zcta",2023,"food_score",84.5
"16854","zcta",2023,"food_score",125.93
"16855","zcta",2023,"food_score",NA
"16856","zcta",2023,"food_score",121.07
"16858","zcta",2023,"food_score",106.67
"16859","zcta",2023,"food_score",107.55
"16860","zcta",2023,"food_score",68.02
"16861","zcta",2023,"food_score",83.54
"16863","zcta",2023,"food_score",102.61
"16864","zcta",2023,"food_score",NA
"16865","zcta",2023,"food_score",126.67
"16866","zcta",2023,"food_score",84.98
"16868","zcta",2023,"food_score",127.19
"16870","zcta",2023,"food_score",118.91
"16871","zcta",2023,"food_score",NA
"16872","zcta",2023,"food_score",97.59
"16874","zcta",2023,"food_score",100.84
"16875","zcta",2023,"food_score",108.07
"16876","zcta",2023,"food_score",109.52
"16877","zcta",2023,"food_score",117.84
"16878","zcta",2023,"food_score",89.02
"16879","zcta",2023,"food_score",90.88
"16881","zcta",2023,"food_score",80.49
"16882","zcta",2023,"food_score",111.29
"16901","zcta",2023,"food_score",102.19
"16910","zcta",2023,"food_score",NA
"16911","zcta",2023,"food_score",99.76
"16912","zcta",2023,"food_score",90.21
"16914","zcta",2023,"food_score",104.2
"16915","zcta",2023,"food_score",97.1
"16917","zcta",2023,"food_score",106.27
"16920","zcta",2023,"food_score",82.06
"16921","zcta",2023,"food_score",119.59
"16922","zcta",2023,"food_score",87.74
"16923","zcta",2023,"food_score",93.89
"16925","zcta",2023,"food_score",105.37
"16926","zcta",2023,"food_score",118.08
"16927","zcta",2023,"food_score",110.98
"16928","zcta",2023,"food_score",102.86
"16929","zcta",2023,"food_score",94.94
"16930","zcta",2023,"food_score",96.65
"16932","zcta",2023,"food_score",120.59
"16933","zcta",2023,"food_score",98.3
"16935","zcta",2023,"food_score",95.56
"16936","zcta",2023,"food_score",102.14
"16937","zcta",2023,"food_score",121.95
"16938","zcta",2023,"food_score",120.69
"16939","zcta",2023,"food_score",49.28
"16940","zcta",2023,"food_score",NA
"16941","zcta",2023,"food_score",NA
"16942","zcta",2023,"food_score",102.69
"16943","zcta",2023,"food_score",99.1
"16946","zcta",2023,"food_score",98.04
"16947","zcta",2023,"food_score",94.48
"16948","zcta",2023,"food_score",84.22
"16950","zcta",2023,"food_score",99.8
"17002","zcta",2023,"food_score",109.7
"17003","zcta",2023,"food_score",115.9
"17004","zcta",2023,"food_score",113.83
"17005","zcta",2023,"food_score",117.07
"17006","zcta",2023,"food_score",102.43
"17007","zcta",2023,"food_score",115.21
"17009","zcta",2023,"food_score",93.81
"17010","zcta",2023,"food_score",48.51
"17011","zcta",2023,"food_score",100.84
"17013","zcta",2023,"food_score",91.6
"17014","zcta",2023,"food_score",120.61
"17015","zcta",2023,"food_score",108.22
"17016","zcta",2023,"food_score",128.37
"17017","zcta",2023,"food_score",112.87
"17018","zcta",2023,"food_score",110.39
"17019","zcta",2023,"food_score",106.42
"17020","zcta",2023,"food_score",105.66
"17021","zcta",2023,"food_score",110.44
"17022","zcta",2023,"food_score",107.72
"17023","zcta",2023,"food_score",112.64
"17024","zcta",2023,"food_score",113.38
"17025","zcta",2023,"food_score",108.8
"17026","zcta",2023,"food_score",102.38
"17027","zcta",2023,"food_score",NA
"17028","zcta",2023,"food_score",118.41
"17029","zcta",2023,"food_score",118.25
"17030","zcta",2023,"food_score",109.2
"17032","zcta",2023,"food_score",102.4
"17033","zcta",2023,"food_score",110.2
"17034","zcta",2023,"food_score",101.62
"17035","zcta",2023,"food_score",89.86
"17036","zcta",2023,"food_score",111.59
"17037","zcta",2023,"food_score",110.09
"17038","zcta",2023,"food_score",108.22
"17039","zcta",2023,"food_score",NA
"17040","zcta",2023,"food_score",107.55
"17041","zcta",2023,"food_score",130.08
"17042","zcta",2023,"food_score",92.94
"17043","zcta",2023,"food_score",109.28
"17044","zcta",2023,"food_score",78.75
"17045","zcta",2023,"food_score",100.86
"17046","zcta",2023,"food_score",76.77
"17047","zcta",2023,"food_score",107.18
"17048","zcta",2023,"food_score",95.97
"17049","zcta",2023,"food_score",118.9
"17050","zcta",2023,"food_score",110.92
"17051","zcta",2023,"food_score",107.13
"17052","zcta",2023,"food_score",102.12
"17053","zcta",2023,"food_score",114.74
"17054","zcta",2023,"food_score",128.89
"17055","zcta",2023,"food_score",105.1
"17056","zcta",2023,"food_score",NA
"17057","zcta",2023,"food_score",100.31
"17058","zcta",2023,"food_score",88.8
"17059","zcta",2023,"food_score",109.93
"17060","zcta",2023,"food_score",97.09
"17061","zcta",2023,"food_score",98.74
"17062","zcta",2023,"food_score",114.84
"17063","zcta",2023,"food_score",103.64
"17064","zcta",2023,"food_score",130.35
"17065","zcta",2023,"food_score",94.79
"17066","zcta",2023,"food_score",71.76
"17067","zcta",2023,"food_score",108.29
"17068","zcta",2023,"food_score",96.2
"17069","zcta",2023,"food_score",121.07
"17070","zcta",2023,"food_score",101.72
"17071","zcta",2023,"food_score",100.8
"17073","zcta",2023,"food_score",121.69
"17074","zcta",2023,"food_score",106.42
"17075","zcta",2023,"food_score",112.08
"17076","zcta",2023,"food_score",117.28
"17077","zcta",2023,"food_score",NA
"17078","zcta",2023,"food_score",101.02
"17080","zcta",2023,"food_score",122.63
"17081","zcta",2023,"food_score",128.26
"17082","zcta",2023,"food_score",112.5
"17084","zcta",2023,"food_score",108.64
"17086","zcta",2023,"food_score",117
"17087","zcta",2023,"food_score",113.87
"17088","zcta",2023,"food_score",111.85
"17090","zcta",2023,"food_score",85.64
"17093","zcta",2023,"food_score",114.57
"17094","zcta",2023,"food_score",110.5
"17097","zcta",2023,"food_score",110.21
"17098","zcta",2023,"food_score",78.98
"17099","zcta",2023,"food_score",114.82
"17101","zcta",2023,"food_score",71.75
"17102","zcta",2023,"food_score",73.19
"17103","zcta",2023,"food_score",48.58
"17104","zcta",2023,"food_score",42.15
"17109","zcta",2023,"food_score",93.56
"17110","zcta",2023,"food_score",95.98
"17111","zcta",2023,"food_score",95.07
"17112","zcta",2023,"food_score",111.44
"17113","zcta",2023,"food_score",82.12
"17120","zcta",2023,"food_score",NA
"17201","zcta",2023,"food_score",84.68
"17202","zcta",2023,"food_score",100.63
"17210","zcta",2023,"food_score",123.67
"17211","zcta",2023,"food_score",118.73
"17212","zcta",2023,"food_score",115.02
"17213","zcta",2023,"food_score",101.08
"17214","zcta",2023,"food_score",118.83
"17215","zcta",2023,"food_score",118.05
"17217","zcta",2023,"food_score",102.34
"17219","zcta",2023,"food_score",98.23
"17220","zcta",2023,"food_score",117.89
"17221","zcta",2023,"food_score",111.14
"17222","zcta",2023,"food_score",111.49
"17223","zcta",2023,"food_score",90.58
"17224","zcta",2023,"food_score",105.78
"17225","zcta",2023,"food_score",108.94
"17228","zcta",2023,"food_score",106.22
"17229","zcta",2023,"food_score",117.05
"17232","zcta",2023,"food_score",NA
"17233","zcta",2023,"food_score",87.7
"17235","zcta",2023,"food_score",129.43
"17236","zcta",2023,"food_score",111.94
"17237","zcta",2023,"food_score",109.13
"17238","zcta",2023,"food_score",108.41
"17239","zcta",2023,"food_score",110.21
"17240","zcta",2023,"food_score",115.68
"17241","zcta",2023,"food_score",106.92
"17243","zcta",2023,"food_score",95.8
"17244","zcta",2023,"food_score",117.22
"17246","zcta",2023,"food_score",117.31
"17247","zcta",2023,"food_score",NA
"17249","zcta",2023,"food_score",107.29
"17250","zcta",2023,"food_score",NA
"17251","zcta",2023,"food_score",NA
"17252","zcta",2023,"food_score",98.95
"17253","zcta",2023,"food_score",106.01
"17254","zcta",2023,"food_score",127.29
"17255","zcta",2023,"food_score",102.52
"17257","zcta",2023,"food_score",105.94
"17260","zcta",2023,"food_score",101.8
"17261","zcta",2023,"food_score",NA
"17262","zcta",2023,"food_score",114.44
"17263","zcta",2023,"food_score",97.44
"17264","zcta",2023,"food_score",105.06
"17265","zcta",2023,"food_score",99.4
"17266","zcta",2023,"food_score",109.21
"17267","zcta",2023,"food_score",105.83
"17268","zcta",2023,"food_score",91.5
"17271","zcta",2023,"food_score",100.75
"17301","zcta",2023,"food_score",112.47
"17302","zcta",2023,"food_score",116.09
"17303","zcta",2023,"food_score",98.91
"17304","zcta",2023,"food_score",110.99
"17306","zcta",2023,"food_score",66.91
"17307","zcta",2023,"food_score",104.1
"17309","zcta",2023,"food_score",115.63
"17311","zcta",2023,"food_score",107
"17313","zcta",2023,"food_score",107.24
"17314","zcta",2023,"food_score",111.17
"17315","zcta",2023,"food_score",107.21
"17316","zcta",2023,"food_score",107.92
"17317","zcta",2023,"food_score",113.19
"17318","zcta",2023,"food_score",128.14
"17319","zcta",2023,"food_score",109.99
"17320","zcta",2023,"food_score",110.4
"17321","zcta",2023,"food_score",116.38
"17322","zcta",2023,"food_score",112.95
"17323","zcta",2023,"food_score",NA
"17324","zcta",2023,"food_score",97.49
"17325","zcta",2023,"food_score",102.03
"17327","zcta",2023,"food_score",109.31
"17329","zcta",2023,"food_score",108.24
"17331","zcta",2023,"food_score",94.07
"17339","zcta",2023,"food_score",115.83
"17340","zcta",2023,"food_score",99.44
"17342","zcta",2023,"food_score",91.86
"17343","zcta",2023,"food_score",NA
"17344","zcta",2023,"food_score",96.76
"17345","zcta",2023,"food_score",101.4
"17347","zcta",2023,"food_score",113.92
"17349","zcta",2023,"food_score",109.62
"17350","zcta",2023,"food_score",108.89
"17352","zcta",2023,"food_score",112.16
"17353","zcta",2023,"food_score",121.03
"17355","zcta",2023,"food_score",104.09
"17356","zcta",2023,"food_score",99.35
"17360","zcta",2023,"food_score",110.28
"17361","zcta",2023,"food_score",121.19
"17362","zcta",2023,"food_score",110.77
"17363","zcta",2023,"food_score",108.97
"17364","zcta",2023,"food_score",104.4
"17365","zcta",2023,"food_score",119.31
"17366","zcta",2023,"food_score",104.75
"17368","zcta",2023,"food_score",112.94
"17370","zcta",2023,"food_score",104.97
"17371","zcta",2023,"food_score",116.77
"17372","zcta",2023,"food_score",103.27
"17401","zcta",2023,"food_score",56.33
"17402","zcta",2023,"food_score",99.21
"17403","zcta",2023,"food_score",80.67
"17404","zcta",2023,"food_score",90.04
"17406","zcta",2023,"food_score",107.18
"17407","zcta",2023,"food_score",116.05
"17408","zcta",2023,"food_score",102.61
"17501","zcta",2023,"food_score",110.69
"17502","zcta",2023,"food_score",102.67
"17504","zcta",2023,"food_score",NA
"17505","zcta",2023,"food_score",111.17
"17506","zcta",2023,"food_score",24.71
"17507","zcta",2023,"food_score",120.68
"17508","zcta",2023,"food_score",121
"17509","zcta",2023,"food_score",114.4
"17512","zcta",2023,"food_score",89.92
"17516","zcta",2023,"food_score",114.56
"17517","zcta",2023,"food_score",110.59
"17518","zcta",2023,"food_score",107.91
"17519","zcta",2023,"food_score",113.81
"17520","zcta",2023,"food_score",111.67
"17522","zcta",2023,"food_score",105.21
"17527","zcta",2023,"food_score",103.87
"17529","zcta",2023,"food_score",120.16
"17532","zcta",2023,"food_score",119.52
"17534","zcta",2023,"food_score",NA
"17535","zcta",2023,"food_score",110.3
"17536","zcta",2023,"food_score",108.67
"17538","zcta",2023,"food_score",118.53
"17540","zcta",2023,"food_score",111.05
"17543","zcta",2023,"food_score",109.48
"17545","zcta",2023,"food_score",107.62
"17547","zcta",2023,"food_score",103.51
"17550","zcta",2023,"food_score",127.34
"17551","zcta",2023,"food_score",112.38
"17552","zcta",2023,"food_score",106.64
"17554","zcta",2023,"food_score",106.06
"17555","zcta",2023,"food_score",118.67
"17557","zcta",2023,"food_score",108.1
"17560","zcta",2023,"food_score",106.4
"17562","zcta",2023,"food_score",110.91
"17563","zcta",2023,"food_score",95.46
"17565","zcta",2023,"food_score",115.66
"17566","zcta",2023,"food_score",110
"17568","zcta",2023,"food_score",NA
"17569","zcta",2023,"food_score",110.89
"17570","zcta",2023,"food_score",127.35
"17572","zcta",2023,"food_score",107.09
"17576","zcta",2023,"food_score",129.34
"17578","zcta",2023,"food_score",103.99
"17579","zcta",2023,"food_score",119.31
"17581","zcta",2023,"food_score",117.58
"17582","zcta",2023,"food_score",129.66
"17584","zcta",2023,"food_score",116.25
"17601","zcta",2023,"food_score",102.98
"17602","zcta",2023,"food_score",81
"17603","zcta",2023,"food_score",79.84
"17606","zcta",2023,"food_score",NA
"17701","zcta",2023,"food_score",63.87
"17702","zcta",2023,"food_score",104.93
"17720","zcta",2023,"food_score",110.37
"17721","zcta",2023,"food_score",104.41
"17723","zcta",2023,"food_score",NA
"17724","zcta",2023,"food_score",97.32
"17727","zcta",2023,"food_score",NA
"17728","zcta",2023,"food_score",106.47
"17729","zcta",2023,"food_score",93.64
"17730","zcta",2023,"food_score",NA
"17731","zcta",2023,"food_score",104.31
"17737","zcta",2023,"food_score",105.14
"17739","zcta",2023,"food_score",NA
"17740","zcta",2023,"food_score",110.47
"17742","zcta",2023,"food_score",NA
"17744","zcta",2023,"food_score",91.97
"17745","zcta",2023,"food_score",87
"17747","zcta",2023,"food_score",113.84
"17748","zcta",2023,"food_score",128.76
"17749","zcta",2023,"food_score",108.12
"17750","zcta",2023,"food_score",124.59
"17751","zcta",2023,"food_score",98.57
"17752","zcta",2023,"food_score",106.74
"17754","zcta",2023,"food_score",110.08
"17756","zcta",2023,"food_score",100.27
"17758","zcta",2023,"food_score",117.22
"17760","zcta",2023,"food_score",110.81
"17762","zcta",2023,"food_score",89.13
"17763","zcta",2023,"food_score",59.71
"17764","zcta",2023,"food_score",67.43
"17765","zcta",2023,"food_score",110.67
"17768","zcta",2023,"food_score",105.87
"17769","zcta",2023,"food_score",NA
"17771","zcta",2023,"food_score",104.29
"17772","zcta",2023,"food_score",103.32
"17774","zcta",2023,"food_score",91.13
"17776","zcta",2023,"food_score",113.7
"17777","zcta",2023,"food_score",112.41
"17778","zcta",2023,"food_score",NA
"17779","zcta",2023,"food_score",130.18
"17801","zcta",2023,"food_score",95.59
"17810","zcta",2023,"food_score",NA
"17812","zcta",2023,"food_score",107.98
"17813","zcta",2023,"food_score",105.33
"17814","zcta",2023,"food_score",106.36
"17815","zcta",2023,"food_score",100.6
"17820","zcta",2023,"food_score",114.59
"17821","zcta",2023,"food_score",108.55
"17822","zcta",2023,"food_score",NA
"17823","zcta",2023,"food_score",114.33
"17824","zcta",2023,"food_score",124.12
"17827","zcta",2023,"food_score",115.31
"17829","zcta",2023,"food_score",109.62
"17830","zcta",2023,"food_score",115.97
"17832","zcta",2023,"food_score",93.3
"17834","zcta",2023,"food_score",107.33
"17835","zcta",2023,"food_score",127.36
"17836","zcta",2023,"food_score",100.04
"17837","zcta",2023,"food_score",103.55
"17840","zcta",2023,"food_score",59.11
"17841","zcta",2023,"food_score",97.93
"17842","zcta",2023,"food_score",105.57
"17844","zcta",2023,"food_score",103.57
"17845","zcta",2023,"food_score",113.12
"17846","zcta",2023,"food_score",108.79
"17847","zcta",2023,"food_score",102.58
"17850","zcta",2023,"food_score",75.07
"17851","zcta",2023,"food_score",73.6
"17853","zcta",2023,"food_score",112.14
"17855","zcta",2023,"food_score",103.42
"17856","zcta",2023,"food_score",106.72
"17857","zcta",2023,"food_score",105.97
"17858","zcta",2023,"food_score",NA
"17859","zcta",2023,"food_score",117.4
"17860","zcta",2023,"food_score",127.31
"17861","zcta",2023,"food_score",81.23
"17862","zcta",2023,"food_score",128.72
"17864","zcta",2023,"food_score",105.3
"17865","zcta",2023,"food_score",NA
"17866","zcta",2023,"food_score",86.21
"17867","zcta",2023,"food_score",125.61
"17868","zcta",2023,"food_score",124.63
"17870","zcta",2023,"food_score",110.92
"17872","zcta",2023,"food_score",81.7
"17876","zcta",2023,"food_score",107
"17878","zcta",2023,"food_score",107.26
"17880","zcta",2023,"food_score",NA
"17881","zcta",2023,"food_score",97.05
"17884","zcta",2023,"food_score",96.2
"17885","zcta",2023,"food_score",97.35
"17886","zcta",2023,"food_score",73.17
"17887","zcta",2023,"food_score",118.72
"17888","zcta",2023,"food_score",94.46
"17889","zcta",2023,"food_score",115.66
"17901","zcta",2023,"food_score",79.06
"17920","zcta",2023,"food_score",124.71
"17921","zcta",2023,"food_score",103.39
"17922","zcta",2023,"food_score",107.79
"17923","zcta",2023,"food_score",96.31
"17925","zcta",2023,"food_score",99.85
"17929","zcta",2023,"food_score",109.15
"17930","zcta",2023,"food_score",66.77
"17931","zcta",2023,"food_score",NA
"17933","zcta",2023,"food_score",94.79
"17934","zcta",2023,"food_score",58.89
"17935","zcta",2023,"food_score",84.78
"17936","zcta",2023,"food_score",108
"17938","zcta",2023,"food_score",117.85
"17941","zcta",2023,"food_score",117.54
"17943","zcta",2023,"food_score",NA
"17944","zcta",2023,"food_score",109.89
"17945","zcta",2023,"food_score",90.27
"17946","zcta",2023,"food_score",118.05
"17948","zcta",2023,"food_score",53.41
"17949","zcta",2023,"food_score",107.58
"17951","zcta",2023,"food_score",129.15
"17952","zcta",2023,"food_score",110.57
"17953","zcta",2023,"food_score",119.36
"17954","zcta",2023,"food_score",58.57
"17957","zcta",2023,"food_score",97
"17959","zcta",2023,"food_score",88.73
"17960","zcta",2023,"food_score",114.97
"17961","zcta",2023,"food_score",109.75
"17963","zcta",2023,"food_score",109.16
"17964","zcta",2023,"food_score",112.61
"17965","zcta",2023,"food_score",93.61
"17967","zcta",2023,"food_score",106.07
"17968","zcta",2023,"food_score",122.63
"17970","zcta",2023,"food_score",98.93
"17972","zcta",2023,"food_score",104.87
"17974","zcta",2023,"food_score",84.81
"17976","zcta",2023,"food_score",77.3
"17978","zcta",2023,"food_score",94.82
"17979","zcta",2023,"food_score",NA
"17980","zcta",2023,"food_score",103.98
"17981","zcta",2023,"food_score",97.01
"17982","zcta",2023,"food_score",88.18
"17983","zcta",2023,"food_score",99.48
"17985","zcta",2023,"food_score",117.29
"18011","zcta",2023,"food_score",110.57
"18012","zcta",2023,"food_score",NA
"18013","zcta",2023,"food_score",100.85
"18014","zcta",2023,"food_score",113.1
"18015","zcta",2023,"food_score",82.09
"18017","zcta",2023,"food_score",94.1
"18018","zcta",2023,"food_score",83.6
"18020","zcta",2023,"food_score",109.06
"18030","zcta",2023,"food_score",106.8
"18031","zcta",2023,"food_score",111.74
"18032","zcta",2023,"food_score",107.86
"18034","zcta",2023,"food_score",109.5
"18035","zcta",2023,"food_score",NA
"18036","zcta",2023,"food_score",117.19
"18037","zcta",2023,"food_score",107.07
"18038","zcta",2023,"food_score",129.06
"18040","zcta",2023,"food_score",115.82
"18041","zcta",2023,"food_score",112.34
"18042","zcta",2023,"food_score",78.32
"18045","zcta",2023,"food_score",114.92
"18046","zcta",2023,"food_score",129.61
"18049","zcta",2023,"food_score",102.34
"18051","zcta",2023,"food_score",118.98
"18052","zcta",2023,"food_score",91.64
"18053","zcta",2023,"food_score",119.76
"18054","zcta",2023,"food_score",122.59
"18055","zcta",2023,"food_score",111.83
"18056","zcta",2023,"food_score",107.87
"18058","zcta",2023,"food_score",94.01
"18059","zcta",2023,"food_score",120.3
"18062","zcta",2023,"food_score",111.8
"18063","zcta",2023,"food_score",107.96
"18064","zcta",2023,"food_score",109.38
"18065","zcta",2023,"food_score",95.18
"18066","zcta",2023,"food_score",120.84
"18067","zcta",2023,"food_score",109.68
"18069","zcta",2023,"food_score",117.91
"18070","zcta",2023,"food_score",129.61
"18071","zcta",2023,"food_score",108.34
"18072","zcta",2023,"food_score",94.81
"18073","zcta",2023,"food_score",122.13
"18074","zcta",2023,"food_score",122.62
"18076","zcta",2023,"food_score",106.43
"18077","zcta",2023,"food_score",123.97
"18078","zcta",2023,"food_score",112.06
"18079","zcta",2023,"food_score",62.76
"18080","zcta",2023,"food_score",107.67
"18081","zcta",2023,"food_score",131.63
"18083","zcta",2023,"food_score",122.26
"18085","zcta",2023,"food_score",124.32
"18086","zcta",2023,"food_score",129.44
"18087","zcta",2023,"food_score",111.26
"18088","zcta",2023,"food_score",105.32
"18091","zcta",2023,"food_score",112.15
"18092","zcta",2023,"food_score",128
"18101","zcta",2023,"food_score",42.19
"18102","zcta",2023,"food_score",36.5
"18103","zcta",2023,"food_score",83.07
"18104","zcta",2023,"food_score",100.66
"18106","zcta",2023,"food_score",118.99
"18109","zcta",2023,"food_score",62.44
"18195","zcta",2023,"food_score",NA
"18201","zcta",2023,"food_score",66.65
"18202","zcta",2023,"food_score",74.7
"18210","zcta",2023,"food_score",100.34
"18211","zcta",2023,"food_score",102.07
"18212","zcta",2023,"food_score",NA
"18214","zcta",2023,"food_score",98.04
"18216","zcta",2023,"food_score",94.87
"18218","zcta",2023,"food_score",80.24
"18219","zcta",2023,"food_score",97.32
"18220","zcta",2023,"food_score",91.67
"18221","zcta",2023,"food_score",38.97
"18222","zcta",2023,"food_score",104.59
"18223","zcta",2023,"food_score",NA
"18224","zcta",2023,"food_score",80.58
"18225","zcta",2023,"food_score",NA
"18229","zcta",2023,"food_score",99.31
"18230","zcta",2023,"food_score",56.49
"18231","zcta",2023,"food_score",116.49
"18232","zcta",2023,"food_score",53.28
"18234","zcta",2023,"food_score",81.16
"18235","zcta",2023,"food_score",102.14
"18237","zcta",2023,"food_score",94.22
"18239","zcta",2023,"food_score",NA
"18240","zcta",2023,"food_score",80.13
"18241","zcta",2023,"food_score",122.48
"18242","zcta",2023,"food_score",101.11
"18244","zcta",2023,"food_score",110.53
"18245","zcta",2023,"food_score",119.57
"18246","zcta",2023,"food_score",129.06
"18248","zcta",2023,"food_score",42.1
"18249","zcta",2023,"food_score",113.3
"18250","zcta",2023,"food_score",48.15
"18252","zcta",2023,"food_score",81.59
"18254","zcta",2023,"food_score",114.08
"18255","zcta",2023,"food_score",96.46
"18256","zcta",2023,"food_score",125.35
"18301","zcta",2023,"food_score",93.54
"18302","zcta",2023,"food_score",92.31
"18321","zcta",2023,"food_score",92.84
"18322","zcta",2023,"food_score",123.58
"18323","zcta",2023,"food_score",118.21
"18324","zcta",2023,"food_score",90.35
"18325","zcta",2023,"food_score",104.59
"18326","zcta",2023,"food_score",119.4
"18327","zcta",2023,"food_score",116.77
"18328","zcta",2023,"food_score",97.41
"18330","zcta",2023,"food_score",113.42
"18331","zcta",2023,"food_score",128.88
"18332","zcta",2023,"food_score",105.94
"18333","zcta",2023,"food_score",NA
"18334","zcta",2023,"food_score",97.6
"18335","zcta",2023,"food_score",109.14
"18336","zcta",2023,"food_score",90.32
"18337","zcta",2023,"food_score",102.71
"18340","zcta",2023,"food_score",39.36
"18342","zcta",2023,"food_score",127.33
"18343","zcta",2023,"food_score",121.99
"18344","zcta",2023,"food_score",90.66
"18346","zcta",2023,"food_score",102.79
"18347","zcta",2023,"food_score",89.39
"18349","zcta",2023,"food_score",129.45
"18350","zcta",2023,"food_score",117.75
"18351","zcta",2023,"food_score",108.2
"18353","zcta",2023,"food_score",101.07
"18354","zcta",2023,"food_score",129.35
"18355","zcta",2023,"food_score",67.9
"18356","zcta",2023,"food_score",NA
"18357","zcta",2023,"food_score",NA
"18360","zcta",2023,"food_score",96.23
"18370","zcta",2023,"food_score",87.73
"18371","zcta",2023,"food_score",56.65
"18372","zcta",2023,"food_score",97.04
"18403","zcta",2023,"food_score",110.29
"18405","zcta",2023,"food_score",107.66
"18407","zcta",2023,"food_score",72.8
"18411","zcta",2023,"food_score",111.31
"18413","zcta",2023,"food_score",NA
"18414","zcta",2023,"food_score",110.26
"18415","zcta",2023,"food_score",114.79
"18417","zcta",2023,"food_score",108.63
"18419","zcta",2023,"food_score",95.14
"18420","zcta",2023,"food_score",NA
"18421","zcta",2023,"food_score",100.99
"18424","zcta",2023,"food_score",92.14
"18425","zcta",2023,"food_score",77.91
"18426","zcta",2023,"food_score",103.73
"18428","zcta",2023,"food_score",109.96
"18430","zcta",2023,"food_score",NA
"18431","zcta",2023,"food_score",100.45
"18433","zcta",2023,"food_score",110.78
"18434","zcta",2023,"food_score",80.44
"18435","zcta",2023,"food_score",124.77
"18436","zcta",2023,"food_score",100.27
"18437","zcta",2023,"food_score",125.13
"18438","zcta",2023,"food_score",86
"18439","zcta",2023,"food_score",87.34
"18440","zcta",2023,"food_score",NA
"18441","zcta",2023,"food_score",114.44
"18443","zcta",2023,"food_score",130.7
"18444","zcta",2023,"food_score",105.65
"18445","zcta",2023,"food_score",96.98
"18446","zcta",2023,"food_score",95.92
"18447","zcta",2023,"food_score",102.21
"18451","zcta",2023,"food_score",86.79
"18452","zcta",2023,"food_score",100.43
"18453","zcta",2023,"food_score",108.06
"18454","zcta",2023,"food_score",NA
"18455","zcta",2023,"food_score",129.7
"18456","zcta",2023,"food_score",122.48
"18457","zcta",2023,"food_score",NA
"18458","zcta",2023,"food_score",109.24
"18460","zcta",2023,"food_score",86.81
"18461","zcta",2023,"food_score",115.23
"18462","zcta",2023,"food_score",114.71
"18463","zcta",2023,"food_score",62.72
"18464","zcta",2023,"food_score",112.63
"18465","zcta",2023,"food_score",90.31
"18466","zcta",2023,"food_score",81.99
"18469","zcta",2023,"food_score",125.06
"18470","zcta",2023,"food_score",108.91
"18471","zcta",2023,"food_score",105.62
"18472","zcta",2023,"food_score",NA
"18473","zcta",2023,"food_score",19.87
"18503","zcta",2023,"food_score",NA
"18504","zcta",2023,"food_score",69.21
"18505","zcta",2023,"food_score",72.1
"18507","zcta",2023,"food_score",106.15
"18508","zcta",2023,"food_score",65.18
"18509","zcta",2023,"food_score",88.37
"18510","zcta",2023,"food_score",70.08
"18512","zcta",2023,"food_score",100.54
"18517","zcta",2023,"food_score",84.88
"18518","zcta",2023,"food_score",88.79
"18519","zcta",2023,"food_score",78.64
"18602","zcta",2023,"food_score",111.32
"18603","zcta",2023,"food_score",93.78
"18610","zcta",2023,"food_score",76.29
"18612","zcta",2023,"food_score",110.36
"18614","zcta",2023,"food_score",100.51
"18615","zcta",2023,"food_score",110.24
"18616","zcta",2023,"food_score",119.98
"18617","zcta",2023,"food_score",79.97
"18618","zcta",2023,"food_score",85.58
"18619","zcta",2023,"food_score",110.83
"18621","zcta",2023,"food_score",89.26
"18622","zcta",2023,"food_score",103.42
"18623","zcta",2023,"food_score",99.72
"18624","zcta",2023,"food_score",129.56
"18625","zcta",2023,"food_score",119.67
"18626","zcta",2023,"food_score",127.19
"18627","zcta",2023,"food_score",NA
"18628","zcta",2023,"food_score",117.02
"18629","zcta",2023,"food_score",97.18
"18630","zcta",2023,"food_score",95.85
"18631","zcta",2023,"food_score",117.97
"18632","zcta",2023,"food_score",102.96
"18634","zcta",2023,"food_score",74.73
"18635","zcta",2023,"food_score",111.66
"18636","zcta",2023,"food_score",95.79
"18640","zcta",2023,"food_score",79.99
"18641","zcta",2023,"food_score",100.98
"18642","zcta",2023,"food_score",83.62
"18643","zcta",2023,"food_score",90.71
"18644","zcta",2023,"food_score",113.65
"18651","zcta",2023,"food_score",74.52
"18655","zcta",2023,"food_score",100.79
"18656","zcta",2023,"food_score",103.25
"18657","zcta",2023,"food_score",92.83
"18660","zcta",2023,"food_score",113.18
"18661","zcta",2023,"food_score",92.35
"18701","zcta",2023,"food_score",NA
"18702","zcta",2023,"food_score",67.13
"18704","zcta",2023,"food_score",79.64
"18705","zcta",2023,"food_score",83.06
"18706","zcta",2023,"food_score",66.41
"18707","zcta",2023,"food_score",101.84
"18708","zcta",2023,"food_score",106.39
"18709","zcta",2023,"food_score",66.17
"18801","zcta",2023,"food_score",109.62
"18810","zcta",2023,"food_score",89.65
"18812","zcta",2023,"food_score",117.22
"18814","zcta",2023,"food_score",105.16
"18816","zcta",2023,"food_score",94.08
"18817","zcta",2023,"food_score",89.69
"18818","zcta",2023,"food_score",114.01
"18820","zcta",2023,"food_score",NA
"18821","zcta",2023,"food_score",107.88
"18822","zcta",2023,"food_score",96.83
"18823","zcta",2023,"food_score",121.52
"18824","zcta",2023,"food_score",112.6
"18825","zcta",2023,"food_score",120.49
"18826","zcta",2023,"food_score",121.51
"18828","zcta",2023,"food_score",98.17
"18829","zcta",2023,"food_score",121.05
"18830","zcta",2023,"food_score",106.63
"18831","zcta",2023,"food_score",116.1
"18832","zcta",2023,"food_score",101.66
"18833","zcta",2023,"food_score",100.9
"18834","zcta",2023,"food_score",112.54
"18837","zcta",2023,"food_score",111.54
"18840","zcta",2023,"food_score",102.27
"18842","zcta",2023,"food_score",99.22
"18843","zcta",2023,"food_score",55.28
"18844","zcta",2023,"food_score",111.17
"18845","zcta",2023,"food_score",114.53
"18846","zcta",2023,"food_score",108.2
"18847","zcta",2023,"food_score",87.43
"18848","zcta",2023,"food_score",94.32
"18850","zcta",2023,"food_score",100.41
"18851","zcta",2023,"food_score",114.39
"18853","zcta",2023,"food_score",105.51
"18854","zcta",2023,"food_score",84.86
"18901","zcta",2023,"food_score",112.82
"18902","zcta",2023,"food_score",118.76
"18912","zcta",2023,"food_score",131.02
"18913","zcta",2023,"food_score",130.91
"18914","zcta",2023,"food_score",116.3
"18915","zcta",2023,"food_score",118.31
"18917","zcta",2023,"food_score",105.47
"18920","zcta",2023,"food_score",88.16
"18921","zcta",2023,"food_score",131.39
"18923","zcta",2023,"food_score",130.22
"18925","zcta",2023,"food_score",122.11
"18927","zcta",2023,"food_score",112.1
"18929","zcta",2023,"food_score",115.52
"18930","zcta",2023,"food_score",120.12
"18932","zcta",2023,"food_score",130.3
"18933","zcta",2023,"food_score",120.86
"18935","zcta",2023,"food_score",130.48
"18936","zcta",2023,"food_score",130.08
"18938","zcta",2023,"food_score",121.37
"18940","zcta",2023,"food_score",117.63
"18942","zcta",2023,"food_score",122.65
"18944","zcta",2023,"food_score",112.16
"18946","zcta",2023,"food_score",127.79
"18947","zcta",2023,"food_score",125.16
"18951","zcta",2023,"food_score",103.68
"18954","zcta",2023,"food_score",122.21
"18955","zcta",2023,"food_score",127.49
"18960","zcta",2023,"food_score",108.87
"18962","zcta",2023,"food_score",79.2
"18964","zcta",2023,"food_score",112.4
"18966","zcta",2023,"food_score",109.81
"18969","zcta",2023,"food_score",114.18
"18970","zcta",2023,"food_score",122.5
"18972","zcta",2023,"food_score",121.96
"18974","zcta",2023,"food_score",101.65
"18976","zcta",2023,"food_score",114.8
"18977","zcta",2023,"food_score",125.41
"18980","zcta",2023,"food_score",NA
"19001","zcta",2023,"food_score",110.77
"19002","zcta",2023,"food_score",111.26
"19003","zcta",2023,"food_score",110.96
"19004","zcta",2023,"food_score",109.83
"19006","zcta",2023,"food_score",108.58
"19007","zcta",2023,"food_score",88.61
"19008","zcta",2023,"food_score",115.35
"19009","zcta",2023,"food_score",129.99
"19010","zcta",2023,"food_score",120.63
"19012","zcta",2023,"food_score",109.99
"19013","zcta",2023,"food_score",38.82
"19014","zcta",2023,"food_score",101.52
"19015","zcta",2023,"food_score",96.47
"19017","zcta",2023,"food_score",101.64
"19018","zcta",2023,"food_score",97.49
"19020","zcta",2023,"food_score",83.23
"19021","zcta",2023,"food_score",83.29
"19022","zcta",2023,"food_score",75.22
"19023","zcta",2023,"food_score",59.54
"19025","zcta",2023,"food_score",123.56
"19026","zcta",2023,"food_score",99.31
"19027","zcta",2023,"food_score",105.21
"19029","zcta",2023,"food_score",85.08
"19030","zcta",2023,"food_score",96.13
"19031","zcta",2023,"food_score",118.67
"19032","zcta",2023,"food_score",65.52
"19033","zcta",2023,"food_score",100.63
"19034","zcta",2023,"food_score",122.57
"19035","zcta",2023,"food_score",130.05
"19036","zcta",2023,"food_score",89.44
"19038","zcta",2023,"food_score",109.28
"19040","zcta",2023,"food_score",111.6
"19041","zcta",2023,"food_score",123.53
"19043","zcta",2023,"food_score",110.12
"19044","zcta",2023,"food_score",108.28
"19046","zcta",2023,"food_score",115.29
"19047","zcta",2023,"food_score",104.64
"19050","zcta",2023,"food_score",85.36
"19052","zcta",2023,"food_score",106.56
"19053","zcta",2023,"food_score",112.76
"19054","zcta",2023,"food_score",102.57
"19055","zcta",2023,"food_score",101.57
"19056","zcta",2023,"food_score",97.43
"19057","zcta",2023,"food_score",98.48
"19060","zcta",2023,"food_score",118.44
"19061","zcta",2023,"food_score",87.59
"19063","zcta",2023,"food_score",112.36
"19064","zcta",2023,"food_score",116.94
"19066","zcta",2023,"food_score",122.69
"19067","zcta",2023,"food_score",103.3
"19070","zcta",2023,"food_score",107.36
"19072","zcta",2023,"food_score",117.88
"19073","zcta",2023,"food_score",117.87
"19074","zcta",2023,"food_score",91.17
"19075","zcta",2023,"food_score",112.71
"19076","zcta",2023,"food_score",94.93
"19078","zcta",2023,"food_score",104.15
"19079","zcta",2023,"food_score",73.73
"19081","zcta",2023,"food_score",112.15
"19082","zcta",2023,"food_score",77.42
"19083","zcta",2023,"food_score",108.02
"19085","zcta",2023,"food_score",NA
"19086","zcta",2023,"food_score",115.73
"19087","zcta",2023,"food_score",111.92
"19090","zcta",2023,"food_score",107.33
"19094","zcta",2023,"food_score",100.39
"19095","zcta",2023,"food_score",119.68
"19096","zcta",2023,"food_score",117.54
"19102","zcta",2023,"food_score",120.18
"19103","zcta",2023,"food_score",107.35
"19104","zcta",2023,"food_score",53.09
"19106","zcta",2023,"food_score",120.37
"19107","zcta",2023,"food_score",91.37
"19108","zcta",2023,"food_score",127.2
"19109","zcta",2023,"food_score",NA
"19111","zcta",2023,"food_score",62.73
"19112","zcta",2023,"food_score",NA
"19113","zcta",2023,"food_score",NA
"19114","zcta",2023,"food_score",84.26
"19115","zcta",2023,"food_score",89.97
"19116","zcta",2023,"food_score",80.82
"19118","zcta",2023,"food_score",116.17
"19119","zcta",2023,"food_score",94.14
"19120","zcta",2023,"food_score",35.64
"19121","zcta",2023,"food_score",47.48
"19122","zcta",2023,"food_score",56.39
"19123","zcta",2023,"food_score",83.24
"19124","zcta",2023,"food_score",27.86
"19125","zcta",2023,"food_score",87.07
"19126","zcta",2023,"food_score",79.38
"19127","zcta",2023,"food_score",121.51
"19128","zcta",2023,"food_score",102.5
"19129","zcta",2023,"food_score",90.05
"19130","zcta",2023,"food_score",107.3
"19131","zcta",2023,"food_score",66.11
"19132","zcta",2023,"food_score",25.86
"19133","zcta",2023,"food_score",22.6
"19134","zcta",2023,"food_score",28.03
"19135","zcta",2023,"food_score",56.29
"19136","zcta",2023,"food_score",67.9
"19137","zcta",2023,"food_score",93.08
"19138","zcta",2023,"food_score",50.51
"19139","zcta",2023,"food_score",49.5
"19140","zcta",2023,"food_score",25.38
"19141","zcta",2023,"food_score",51.83
"19142","zcta",2023,"food_score",52.57
"19143","zcta",2023,"food_score",47.14
"19144","zcta",2023,"food_score",51.39
"19145","zcta",2023,"food_score",74.51
"19146","zcta",2023,"food_score",86.47
"19147","zcta",2023,"food_score",92
"19148","zcta",2023,"food_score",62.9
"19149","zcta",2023,"food_score",55.07
"19150","zcta",2023,"food_score",89.07
"19151","zcta",2023,"food_score",75.04
"19152","zcta",2023,"food_score",75.32
"19153","zcta",2023,"food_score",85.22
"19154","zcta",2023,"food_score",91.73
"19301","zcta",2023,"food_score",117.53
"19310","zcta",2023,"food_score",95.63
"19311","zcta",2023,"food_score",116.12
"19312","zcta",2023,"food_score",120.2
"19316","zcta",2023,"food_score",NA
"19317","zcta",2023,"food_score",123.22
"19319","zcta",2023,"food_score",107.61
"19320","zcta",2023,"food_score",87.04
"19330","zcta",2023,"food_score",118.17
"19333","zcta",2023,"food_score",124.05
"19335","zcta",2023,"food_score",109.87
"19341","zcta",2023,"food_score",119.83
"19342","zcta",2023,"food_score",114.22
"19343","zcta",2023,"food_score",123.49
"19344","zcta",2023,"food_score",110.08
"19345","zcta",2023,"food_score",NA
"19348","zcta",2023,"food_score",112.78
"19350","zcta",2023,"food_score",121.88
"19352","zcta",2023,"food_score",120.41
"19355","zcta",2023,"food_score",115.21
"19358","zcta",2023,"food_score",60.47
"19362","zcta",2023,"food_score",110.09
"19363","zcta",2023,"food_score",98.57
"19365","zcta",2023,"food_score",99.6
"19367","zcta",2023,"food_score",48.55
"19369","zcta",2023,"food_score",130.42
"19372","zcta",2023,"food_score",116.49
"19373","zcta",2023,"food_score",130.1
"19374","zcta",2023,"food_score",67.52
"19375","zcta",2023,"food_score",131.16
"19380","zcta",2023,"food_score",112.09
"19382","zcta",2023,"food_score",109.52
"19383","zcta",2023,"food_score",NA
"19390","zcta",2023,"food_score",119.35
"19401","zcta",2023,"food_score",69.44
"19403","zcta",2023,"food_score",106.48
"19405","zcta",2023,"food_score",104.28
"19406","zcta",2023,"food_score",110.81
"19422","zcta",2023,"food_score",115.98
"19425","zcta",2023,"food_score",125.13
"19426","zcta",2023,"food_score",112.78
"19428","zcta",2023,"food_score",113.58
"19435","zcta",2023,"food_score",NA
"19436","zcta",2023,"food_score",120.66
"19437","zcta",2023,"food_score",NA
"19438","zcta",2023,"food_score",108.9
"19440","zcta",2023,"food_score",111.22
"19442","zcta",2023,"food_score",NA
"19444","zcta",2023,"food_score",123.48
"19446","zcta",2023,"food_score",100.3
"19453","zcta",2023,"food_score",121.4
"19454","zcta",2023,"food_score",112.37
"19456","zcta",2023,"food_score",127.35
"19457","zcta",2023,"food_score",NA
"19460","zcta",2023,"food_score",105.83
"19462","zcta",2023,"food_score",112.33
"19464","zcta",2023,"food_score",80.4
"19465","zcta",2023,"food_score",116.13
"19468","zcta",2023,"food_score",106.81
"19472","zcta",2023,"food_score",NA
"19473","zcta",2023,"food_score",112.23
"19474","zcta",2023,"food_score",129.62
"19475","zcta",2023,"food_score",95.54
"19477","zcta",2023,"food_score",NA
"19490","zcta",2023,"food_score",130.59
"19492","zcta",2023,"food_score",129.54
"19501","zcta",2023,"food_score",109.44
"19503","zcta",2023,"food_score",105.41
"19504","zcta",2023,"food_score",115.35
"19505","zcta",2023,"food_score",106.52
"19506","zcta",2023,"food_score",116.55
"19507","zcta",2023,"food_score",103.26
"19508","zcta",2023,"food_score",105.46
"19510","zcta",2023,"food_score",114.71
"19511","zcta",2023,"food_score",130.29
"19512","zcta",2023,"food_score",109.66
"19516","zcta",2023,"food_score",88.52
"19518","zcta",2023,"food_score",116.2
"19520","zcta",2023,"food_score",107.51
"19522","zcta",2023,"food_score",112.33
"19523","zcta",2023,"food_score",NA
"19525","zcta",2023,"food_score",112.5
"19526","zcta",2023,"food_score",110.51
"19529","zcta",2023,"food_score",113
"19530","zcta",2023,"food_score",112.13
"19533","zcta",2023,"food_score",112.8
"19534","zcta",2023,"food_score",114.72
"19535","zcta",2023,"food_score",NA
"19536","zcta",2023,"food_score",101.96
"19538","zcta",2023,"food_score",NA
"19539","zcta",2023,"food_score",122.8
"19540","zcta",2023,"food_score",110.65
"19541","zcta",2023,"food_score",126.16
"19543","zcta",2023,"food_score",113.72
"19544","zcta",2023,"food_score",80.32
"19545","zcta",2023,"food_score",69.26
"19547","zcta",2023,"food_score",111.62
"19549","zcta",2023,"food_score",82.12
"19550","zcta",2023,"food_score",NA
"19551","zcta",2023,"food_score",116.11
"19554","zcta",2023,"food_score",129.68
"19555","zcta",2023,"food_score",98.61
"19559","zcta",2023,"food_score",127.35
"19560","zcta",2023,"food_score",94.93
"19562","zcta",2023,"food_score",102.95
"19564","zcta",2023,"food_score",120.17
"19565","zcta",2023,"food_score",122.18
"19567","zcta",2023,"food_score",118.72
"19601","zcta",2023,"food_score",46.13
"19602","zcta",2023,"food_score",43.59
"19604","zcta",2023,"food_score",64.46
"19605","zcta",2023,"food_score",95.83
"19606","zcta",2023,"food_score",89.02
"19607","zcta",2023,"food_score",92.33
"19608","zcta",2023,"food_score",107.71
"19609","zcta",2023,"food_score",109.05
"19610","zcta",2023,"food_score",113.84
"19611","zcta",2023,"food_score",68.4
"15001","zcta",2023,"food_rnk",25.4103
"15003","zcta",2023,"food_rnk",25.0963
"15004","zcta",2023,"food_rnk",64.0857
"15005","zcta",2023,"food_rnk",70.8478
"15006","zcta",2023,"food_rnk",NA
"15007","zcta",2023,"food_rnk",18.6062
"15009","zcta",2023,"food_rnk",65.9437
"15010","zcta",2023,"food_rnk",24.6561
"15012","zcta",2023,"food_rnk",31.8583
"15014","zcta",2023,"food_rnk",18.3569
"15015","zcta",2023,"food_rnk",96.1512
"15017","zcta",2023,"food_rnk",67.0476
"15018","zcta",2023,"food_rnk",16.9585
"15019","zcta",2023,"food_rnk",81.8503
"15020","zcta",2023,"food_rnk",2.2432
"15021","zcta",2023,"food_rnk",43.1069
"15022","zcta",2023,"food_rnk",15.9745
"15024","zcta",2023,"food_rnk",52.3452
"15025","zcta",2023,"food_rnk",29.5213
"15026","zcta",2023,"food_rnk",76.9462
"15027","zcta",2023,"food_rnk",57.3204
"15028","zcta",2023,"food_rnk",66.3225
"15030","zcta",2023,"food_rnk",28.1714
"15031","zcta",2023,"food_rnk",20.8494
"15033","zcta",2023,"food_rnk",5.3281
"15034","zcta",2023,"food_rnk",53.1415
"15035","zcta",2023,"food_rnk",50.1246
"15037","zcta",2023,"food_rnk",43.327
"15038","zcta",2023,"food_rnk",25.1772
"15042","zcta",2023,"food_rnk",31.9004
"15043","zcta",2023,"food_rnk",38.8211
"15044","zcta",2023,"food_rnk",73.706
"15045","zcta",2023,"food_rnk",16.7611
"15046","zcta",2023,"food_rnk",83.5011
"15047","zcta",2023,"food_rnk",85.9645
"15049","zcta",2023,"food_rnk",41.2294
"15050","zcta",2023,"food_rnk",54.2777
"15051","zcta",2023,"food_rnk",83.3911
"15052","zcta",2023,"food_rnk",66.1412
"15053","zcta",2023,"food_rnk",97.4039
"15054","zcta",2023,"food_rnk",13.0094
"15055","zcta",2023,"food_rnk",66.5037
"15056","zcta",2023,"food_rnk",27.9189
"15057","zcta",2023,"food_rnk",73.6478
"15059","zcta",2023,"food_rnk",13.0936
"15060","zcta",2023,"food_rnk",23.4357
"15061","zcta",2023,"food_rnk",52.7628
"15062","zcta",2023,"food_rnk",15.4598
"15063","zcta",2023,"food_rnk",40.8086
"15064","zcta",2023,"food_rnk",17.7128
"15065","zcta",2023,"food_rnk",27.5046
"15066","zcta",2023,"food_rnk",23.3613
"15067","zcta",2023,"food_rnk",21.8949
"15068","zcta",2023,"food_rnk",18.7939
"15071","zcta",2023,"food_rnk",68.8538
"15072","zcta",2023,"food_rnk",NA
"15074","zcta",2023,"food_rnk",33.1726
"15075","zcta",2023,"food_rnk",NA
"15076","zcta",2023,"food_rnk",14.3333
"15077","zcta",2023,"food_rnk",98.9221
"15078","zcta",2023,"food_rnk",9.4941
"15081","zcta",2023,"food_rnk",17.7451
"15082","zcta",2023,"food_rnk",7.3479
"15083","zcta",2023,"food_rnk",64.814
"15084","zcta",2023,"food_rnk",41.2585
"15085","zcta",2023,"food_rnk",52.3646
"15086","zcta",2023,"food_rnk",99.1034
"15087","zcta",2023,"food_rnk",NA
"15088","zcta",2023,"food_rnk",15.0552
"15089","zcta",2023,"food_rnk",29.654
"15090","zcta",2023,"food_rnk",80.2512
"15101","zcta",2023,"food_rnk",78.3025
"15102","zcta",2023,"food_rnk",69.1192
"15104","zcta",2023,"food_rnk",4.9914
"15106","zcta",2023,"food_rnk",35.3284
"15108","zcta",2023,"food_rnk",57.9775
"15110","zcta",2023,"food_rnk",0.8449
"15112","zcta",2023,"food_rnk",3.4862
"15116","zcta",2023,"food_rnk",76.1694
"15120","zcta",2023,"food_rnk",16.2885
"15122","zcta",2023,"food_rnk",12.8508
"15123","zcta",2023,"food_rnk",NA
"15126","zcta",2023,"food_rnk",42.686
"15129","zcta",2023,"food_rnk",77.7781
"15131","zcta",2023,"food_rnk",55.2229
"15132","zcta",2023,"food_rnk",2.7935
"15133","zcta",2023,"food_rnk",16.1137
"15135","zcta",2023,"food_rnk",71.2265
"15136","zcta",2023,"food_rnk",10.9248
"15137","zcta",2023,"food_rnk",23.1962
"15139","zcta",2023,"food_rnk",86.1425
"15140","zcta",2023,"food_rnk",2.6867
"15142","zcta",2023,"food_rnk",96.9572
"15143","zcta",2023,"food_rnk",77.762
"15144","zcta",2023,"food_rnk",48.8654
"15145","zcta",2023,"food_rnk",10.3001
"15146","zcta",2023,"food_rnk",34.6227
"15147","zcta",2023,"food_rnk",29.1717
"15148","zcta",2023,"food_rnk",2.9327
"15201","zcta",2023,"food_rnk",59.7773
"15202","zcta",2023,"food_rnk",52.6851
"15203","zcta",2023,"food_rnk",59.0652
"15204","zcta",2023,"food_rnk",13.7442
"15205","zcta",2023,"food_rnk",28.0614
"15206","zcta",2023,"food_rnk",20.079
"15207","zcta",2023,"food_rnk",9.5102
"15208","zcta",2023,"food_rnk",8.8693
"15209","zcta",2023,"food_rnk",50.963
"15210","zcta",2023,"food_rnk",3.593
"15211","zcta",2023,"food_rnk",31.2854
"15212","zcta",2023,"food_rnk",7.076
"15213","zcta",2023,"food_rnk",NA
"15214","zcta",2023,"food_rnk",6.6131
"15215","zcta",2023,"food_rnk",54.7438
"15216","zcta",2023,"food_rnk",49.8236
"15217","zcta",2023,"food_rnk",40.9543
"15218","zcta",2023,"food_rnk",30.7286
"15219","zcta",2023,"food_rnk",2.4245
"15220","zcta",2023,"food_rnk",51.824
"15221","zcta",2023,"food_rnk",6.4416
"15222","zcta",2023,"food_rnk",93.3707
"15223","zcta",2023,"food_rnk",35.9272
"15224","zcta",2023,"food_rnk",32.4151
"15225","zcta",2023,"food_rnk",73.6478
"15226","zcta",2023,"food_rnk",62.7197
"15227","zcta",2023,"food_rnk",14.6053
"15228","zcta",2023,"food_rnk",71.8577
"15229","zcta",2023,"food_rnk",59.4892
"15232","zcta",2023,"food_rnk",71.8577
"15233","zcta",2023,"food_rnk",53.6141
"15234","zcta",2023,"food_rnk",36.73
"15235","zcta",2023,"food_rnk",22.9923
"15236","zcta",2023,"food_rnk",38.1899
"15237","zcta",2023,"food_rnk",64.5486
"15238","zcta",2023,"food_rnk",76.9009
"15239","zcta",2023,"food_rnk",66.9084
"15241","zcta",2023,"food_rnk",81.3647
"15243","zcta",2023,"food_rnk",77.5321
"15260","zcta",2023,"food_rnk",NA
"15275","zcta",2023,"food_rnk",NA
"15282","zcta",2023,"food_rnk",NA
"15290","zcta",2023,"food_rnk",NA
"15301","zcta",2023,"food_rnk",22.1442
"15310","zcta",2023,"food_rnk",38.0863
"15311","zcta",2023,"food_rnk",72.2656
"15312","zcta",2023,"food_rnk",32.4669
"15313","zcta",2023,"food_rnk",78.4126
"15314","zcta",2023,"food_rnk",20.9206
"15315","zcta",2023,"food_rnk",0.942
"15316","zcta",2023,"food_rnk",54.0414
"15317","zcta",2023,"food_rnk",52.0733
"15320","zcta",2023,"food_rnk",24.1058
"15321","zcta",2023,"food_rnk",50.5357
"15322","zcta",2023,"food_rnk",26.6112
"15323","zcta",2023,"food_rnk",65.9017
"15324","zcta",2023,"food_rnk",31.9814
"15325","zcta",2023,"food_rnk",10.9572
"15327","zcta",2023,"food_rnk",28.2588
"15329","zcta",2023,"food_rnk",87.2981
"15330","zcta",2023,"food_rnk",80.5846
"15331","zcta",2023,"food_rnk",5.7327
"15332","zcta",2023,"food_rnk",26.0221
"15333","zcta",2023,"food_rnk",14.0711
"15334","zcta",2023,"food_rnk",96.0509
"15337","zcta",2023,"food_rnk",72.6443
"15338","zcta",2023,"food_rnk",27.9481
"15340","zcta",2023,"food_rnk",92.3834
"15341","zcta",2023,"food_rnk",56.9223
"15342","zcta",2023,"food_rnk",62.7909
"15344","zcta",2023,"food_rnk",37.345
"15345","zcta",2023,"food_rnk",33.7876
"15346","zcta",2023,"food_rnk",12.9738
"15347","zcta",2023,"food_rnk",43.6507
"15348","zcta",2023,"food_rnk",NA
"15349","zcta",2023,"food_rnk",47.8555
"15350","zcta",2023,"food_rnk",8.2446
"15351","zcta",2023,"food_rnk",0.505
"15352","zcta",2023,"food_rnk",45.4666
"15353","zcta",2023,"food_rnk",NA
"15357","zcta",2023,"food_rnk",78.9791
"15358","zcta",2023,"food_rnk",54.7179
"15359","zcta",2023,"food_rnk",7.5163
"15360","zcta",2023,"food_rnk",74.2951
"15361","zcta",2023,"food_rnk",NA
"15362","zcta",2023,"food_rnk",74.0135
"15363","zcta",2023,"food_rnk",86.7769
"15364","zcta",2023,"food_rnk",82.7307
"15365","zcta",2023,"food_rnk",39.0056
"15366","zcta",2023,"food_rnk",13.741
"15367","zcta",2023,"food_rnk",83.1094
"15368","zcta",2023,"food_rnk",6.9304
"15370","zcta",2023,"food_rnk",17.0265
"15376","zcta",2023,"food_rnk",42.7055
"15377","zcta",2023,"food_rnk",13.1777
"15378","zcta",2023,"food_rnk",NA
"15379","zcta",2023,"food_rnk",NA
"15380","zcta",2023,"food_rnk",74.635
"15401","zcta",2023,"food_rnk",10.2839
"15410","zcta",2023,"food_rnk",23.8209
"15411","zcta",2023,"food_rnk",67.7144
"15412","zcta",2023,"food_rnk",1.8613
"15413","zcta",2023,"food_rnk",9.3581
"15416","zcta",2023,"food_rnk",5.6453
"15417","zcta",2023,"food_rnk",12.5692
"15419","zcta",2023,"food_rnk",NA
"15420","zcta",2023,"food_rnk",1.4016
"15421","zcta",2023,"food_rnk",NA
"15422","zcta",2023,"food_rnk",6.8494
"15423","zcta",2023,"food_rnk",41.2229
"15424","zcta",2023,"food_rnk",13.3881
"15425","zcta",2023,"food_rnk",14.9257
"15427","zcta",2023,"food_rnk",48.7068
"15428","zcta",2023,"food_rnk",30.1395
"15429","zcta",2023,"food_rnk",6.6164
"15430","zcta",2023,"food_rnk",10.7209
"15431","zcta",2023,"food_rnk",13.4885
"15432","zcta",2023,"food_rnk",66.3743
"15433","zcta",2023,"food_rnk",68.2129
"15434","zcta",2023,"food_rnk",39.4458
"15435","zcta",2023,"food_rnk",13.0839
"15436","zcta",2023,"food_rnk",4.6807
"15437","zcta",2023,"food_rnk",46.1367
"15438","zcta",2023,"food_rnk",7.6198
"15440","zcta",2023,"food_rnk",8.3352
"15442","zcta",2023,"food_rnk",21.8302
"15443","zcta",2023,"food_rnk",0.2298
"15444","zcta",2023,"food_rnk",66.6494
"15445","zcta",2023,"food_rnk",18.1109
"15446","zcta",2023,"food_rnk",NA
"15447","zcta",2023,"food_rnk",93.7688
"15448","zcta",2023,"food_rnk",97.5075
"15449","zcta",2023,"food_rnk",86.696
"15450","zcta",2023,"food_rnk",NA
"15451","zcta",2023,"food_rnk",1.188
"15454","zcta",2023,"food_rnk",0
"15455","zcta",2023,"food_rnk",4.8263
"15456","zcta",2023,"food_rnk",10.326
"15458","zcta",2023,"food_rnk",22.7171
"15459","zcta",2023,"food_rnk",42.686
"15460","zcta",2023,"food_rnk",NA
"15461","zcta",2023,"food_rnk",5.587
"15462","zcta",2023,"food_rnk",NA
"15463","zcta",2023,"food_rnk",13.495
"15464","zcta",2023,"food_rnk",8.5909
"15465","zcta",2023,"food_rnk",3.4247
"15466","zcta",2023,"food_rnk",5.464
"15467","zcta",2023,"food_rnk",NA
"15468","zcta",2023,"food_rnk",30.2301
"15469","zcta",2023,"food_rnk",26.1062
"15470","zcta",2023,"food_rnk",73.8743
"15472","zcta",2023,"food_rnk",67.3259
"15473","zcta",2023,"food_rnk",45.2077
"15474","zcta",2023,"food_rnk",12.1031
"15475","zcta",2023,"food_rnk",4.7648
"15476","zcta",2023,"food_rnk",NA
"15477","zcta",2023,"food_rnk",57.4693
"15478","zcta",2023,"food_rnk",19.1208
"15479","zcta",2023,"food_rnk",19.6129
"15480","zcta",2023,"food_rnk",24.1382
"15482","zcta",2023,"food_rnk",30.2593
"15483","zcta",2023,"food_rnk",44.9519
"15484","zcta",2023,"food_rnk",65.6362
"15486","zcta",2023,"food_rnk",56.2458
"15488","zcta",2023,"food_rnk",NA
"15489","zcta",2023,"food_rnk",69.7893
"15490","zcta",2023,"food_rnk",78.2702
"15492","zcta",2023,"food_rnk",3.4021
"15501","zcta",2023,"food_rnk",36.5358
"15502","zcta",2023,"food_rnk",NA
"15510","zcta",2023,"food_rnk",NA
"15520","zcta",2023,"food_rnk",81.6107
"15521","zcta",2023,"food_rnk",26.3717
"15522","zcta",2023,"food_rnk",54.8959
"15530","zcta",2023,"food_rnk",38.5945
"15531","zcta",2023,"food_rnk",23.8209
"15532","zcta",2023,"food_rnk",8.4161
"15533","zcta",2023,"food_rnk",18.9719
"15534","zcta",2023,"food_rnk",72.1426
"15535","zcta",2023,"food_rnk",74.2628
"15536","zcta",2023,"food_rnk",12.8217
"15537","zcta",2023,"food_rnk",40.5917
"15538","zcta",2023,"food_rnk",64.6522
"15539","zcta",2023,"food_rnk",4.0106
"15540","zcta",2023,"food_rnk",79.1215
"15541","zcta",2023,"food_rnk",38.1705
"15542","zcta",2023,"food_rnk",40.8733
"15544","zcta",2023,"food_rnk",82.6854
"15545","zcta",2023,"food_rnk",23.6202
"15546","zcta",2023,"food_rnk",2.8356
"15547","zcta",2023,"food_rnk",74.4505
"15550","zcta",2023,"food_rnk",59.5701
"15551","zcta",2023,"food_rnk",64.2637
"15552","zcta",2023,"food_rnk",46.3989
"15554","zcta",2023,"food_rnk",33.3927
"15555","zcta",2023,"food_rnk",NA
"15557","zcta",2023,"food_rnk",48.6097
"15558","zcta",2023,"food_rnk",58.557
"15559","zcta",2023,"food_rnk",77.6551
"15560","zcta",2023,"food_rnk",67.0702
"15561","zcta",2023,"food_rnk",99.3073
"15562","zcta",2023,"food_rnk",44.871
"15563","zcta",2023,"food_rnk",42.3267
"15564","zcta",2023,"food_rnk",19.4413
"15565","zcta",2023,"food_rnk",NA
"15601","zcta",2023,"food_rnk",35.2572
"15610","zcta",2023,"food_rnk",64.8529
"15611","zcta",2023,"food_rnk",38.9959
"15612","zcta",2023,"food_rnk",49.8236
"15613","zcta",2023,"food_rnk",38.6819
"15615","zcta",2023,"food_rnk",98.0675
"15616","zcta",2023,"food_rnk",99.4918
"15617","zcta",2023,"food_rnk",60.5445
"15618","zcta",2023,"food_rnk",64.0857
"15619","zcta",2023,"food_rnk",55.2229
"15620","zcta",2023,"food_rnk",3.551
"15622","zcta",2023,"food_rnk",49.2442
"15623","zcta",2023,"food_rnk",0.9646
"15624","zcta",2023,"food_rnk",86.7672
"15625","zcta",2023,"food_rnk",NA
"15626","zcta",2023,"food_rnk",69.8993
"15627","zcta",2023,"food_rnk",33.5124
"15628","zcta",2023,"food_rnk",10.381
"15629","zcta",2023,"food_rnk",59.4892
"15631","zcta",2023,"food_rnk",15.3271
"15632","zcta",2023,"food_rnk",57.4175
"15633","zcta",2023,"food_rnk",98.1226
"15634","zcta",2023,"food_rnk",6.5452
"15635","zcta",2023,"food_rnk",2.6705
"15636","zcta",2023,"food_rnk",77.8558
"15637","zcta",2023,"food_rnk",18.9072
"15638","zcta",2023,"food_rnk",NA
"15639","zcta",2023,"food_rnk",50.2768
"15640","zcta",2023,"food_rnk",8.0633
"15641","zcta",2023,"food_rnk",30.4244
"15642","zcta",2023,"food_rnk",40.404
"15644","zcta",2023,"food_rnk",27.7441
"15646","zcta",2023,"food_rnk",95.1801
"15647","zcta",2023,"food_rnk",NA
"15650","zcta",2023,"food_rnk",29.7414
"15655","zcta",2023,"food_rnk",44.3175
"15656","zcta",2023,"food_rnk",44.6574
"15658","zcta",2023,"food_rnk",70.4852
"15660","zcta",2023,"food_rnk",32.577
"15661","zcta",2023,"food_rnk",77.6875
"15662","zcta",2023,"food_rnk",94.9794
"15663","zcta",2023,"food_rnk",54.3327
"15665","zcta",2023,"food_rnk",97.8539
"15666","zcta",2023,"food_rnk",38.4747
"15668","zcta",2023,"food_rnk",71.6538
"15670","zcta",2023,"food_rnk",72.6508
"15671","zcta",2023,"food_rnk",27.2845
"15672","zcta",2023,"food_rnk",85.4304
"15673","zcta",2023,"food_rnk",42.9418
"15674","zcta",2023,"food_rnk",98.511
"15675","zcta",2023,"food_rnk",38.0701
"15676","zcta",2023,"food_rnk",95.7078
"15677","zcta",2023,"food_rnk",41.9901
"15678","zcta",2023,"food_rnk",18.5479
"15679","zcta",2023,"food_rnk",46.4118
"15680","zcta",2023,"food_rnk",89.0687
"15681","zcta",2023,"food_rnk",57.7348
"15682","zcta",2023,"food_rnk",40.0317
"15683","zcta",2023,"food_rnk",14.1488
"15684","zcta",2023,"food_rnk",36.73
"15686","zcta",2023,"food_rnk",71.0031
"15687","zcta",2023,"food_rnk",52.5232
"15688","zcta",2023,"food_rnk",22.6394
"15689","zcta",2023,"food_rnk",NA
"15690","zcta",2023,"food_rnk",13.1777
"15691","zcta",2023,"food_rnk",95.7596
"15692","zcta",2023,"food_rnk",85.6116
"15693","zcta",2023,"food_rnk",59.8712
"15695","zcta",2023,"food_rnk",21.2411
"15696","zcta",2023,"food_rnk",39.3908
"15697","zcta",2023,"food_rnk",72.1426
"15698","zcta",2023,"food_rnk",65.0698
"15701","zcta",2023,"food_rnk",40.6565
"15705","zcta",2023,"food_rnk",NA
"15710","zcta",2023,"food_rnk",16.3306
"15711","zcta",2023,"food_rnk",46.7096
"15712","zcta",2023,"food_rnk",0.4532
"15713","zcta",2023,"food_rnk",0.1424
"15714","zcta",2023,"food_rnk",18.1303
"15715","zcta",2023,"food_rnk",25.9832
"15716","zcta",2023,"food_rnk",0.5309
"15717","zcta",2023,"food_rnk",20.1275
"15720","zcta",2023,"food_rnk",43.0195
"15721","zcta",2023,"food_rnk",30.8063
"15722","zcta",2023,"food_rnk",44.0974
"15723","zcta",2023,"food_rnk",NA
"15724","zcta",2023,"food_rnk",64.1343
"15725","zcta",2023,"food_rnk",42.7443
"15727","zcta",2023,"food_rnk",25.0769
"15728","zcta",2023,"food_rnk",44.1977
"15729","zcta",2023,"food_rnk",33.4412
"15730","zcta",2023,"food_rnk",98.6825
"15731","zcta",2023,"food_rnk",62.6744
"15732","zcta",2023,"food_rnk",31.1915
"15733","zcta",2023,"food_rnk",NA
"15734","zcta",2023,"food_rnk",11.7761
"15736","zcta",2023,"food_rnk",52.329
"15737","zcta",2023,"food_rnk",60.1852
"15738","zcta",2023,"food_rnk",39.8019
"15739","zcta",2023,"food_rnk",49.215
"15741","zcta",2023,"food_rnk",NA
"15742","zcta",2023,"food_rnk",44.3369
"15744","zcta",2023,"food_rnk",NA
"15745","zcta",2023,"food_rnk",32.8359
"15746","zcta",2023,"food_rnk",NA
"15747","zcta",2023,"food_rnk",84.2877
"15748","zcta",2023,"food_rnk",39.9702
"15750","zcta",2023,"food_rnk",0.4791
"15752","zcta",2023,"food_rnk",NA
"15753","zcta",2023,"food_rnk",29.0681
"15754","zcta",2023,"food_rnk",9.5102
"15756","zcta",2023,"food_rnk",3.3924
"15757","zcta",2023,"food_rnk",26.4267
"15759","zcta",2023,"food_rnk",41.0222
"15760","zcta",2023,"food_rnk",95.6754
"15761","zcta",2023,"food_rnk",90.7358
"15762","zcta",2023,"food_rnk",87.9455
"15763","zcta",2023,"food_rnk",NA
"15764","zcta",2023,"food_rnk",93.2315
"15765","zcta",2023,"food_rnk",33.0301
"15767","zcta",2023,"food_rnk",30.091
"15770","zcta",2023,"food_rnk",58.3983
"15771","zcta",2023,"food_rnk",88.3954
"15772","zcta",2023,"food_rnk",36.5811
"15773","zcta",2023,"food_rnk",21.7849
"15774","zcta",2023,"food_rnk",49.8819
"15775","zcta",2023,"food_rnk",61.5447
"15776","zcta",2023,"food_rnk",NA
"15777","zcta",2023,"food_rnk",NA
"15778","zcta",2023,"food_rnk",53.2451
"15779","zcta",2023,"food_rnk",NA
"15780","zcta",2023,"food_rnk",NA
"15781","zcta",2023,"food_rnk",NA
"15783","zcta",2023,"food_rnk",NA
"15784","zcta",2023,"food_rnk",NA
"15801","zcta",2023,"food_rnk",24.6982
"15821","zcta",2023,"food_rnk",NA
"15823","zcta",2023,"food_rnk",47.5189
"15824","zcta",2023,"food_rnk",54.9866
"15825","zcta",2023,"food_rnk",41.3459
"15827","zcta",2023,"food_rnk",95.6527
"15828","zcta",2023,"food_rnk",76.2406
"15829","zcta",2023,"food_rnk",33.6322
"15831","zcta",2023,"food_rnk",NA
"15832","zcta",2023,"food_rnk",54.4784
"15834","zcta",2023,"food_rnk",12.3102
"15840","zcta",2023,"food_rnk",23.1412
"15841","zcta",2023,"food_rnk",37.9698
"15845","zcta",2023,"food_rnk",29.9323
"15846","zcta",2023,"food_rnk",32.0299
"15847","zcta",2023,"food_rnk",NA
"15848","zcta",2023,"food_rnk",50.4289
"15849","zcta",2023,"food_rnk",19.4089
"15851","zcta",2023,"food_rnk",36.2477
"15853","zcta",2023,"food_rnk",27.6179
"15856","zcta",2023,"food_rnk",53.5655
"15857","zcta",2023,"food_rnk",32.8165
"15860","zcta",2023,"food_rnk",31.5605
"15861","zcta",2023,"food_rnk",75.9849
"15863","zcta",2023,"food_rnk",25.3132
"15864","zcta",2023,"food_rnk",60.3211
"15865","zcta",2023,"food_rnk",12.8638
"15866","zcta",2023,"food_rnk",70.4237
"15868","zcta",2023,"food_rnk",48.723
"15870","zcta",2023,"food_rnk",36.9436
"15901","zcta",2023,"food_rnk",1.926
"15902","zcta",2023,"food_rnk",4.1271
"15904","zcta",2023,"food_rnk",49.1697
"15905","zcta",2023,"food_rnk",42.003
"15906","zcta",2023,"food_rnk",4.1369
"15909","zcta",2023,"food_rnk",31.1559
"15920","zcta",2023,"food_rnk",72.9712
"15921","zcta",2023,"food_rnk",74.5476
"15922","zcta",2023,"food_rnk",NA
"15923","zcta",2023,"food_rnk",20.8267
"15924","zcta",2023,"food_rnk",36.6135
"15925","zcta",2023,"food_rnk",NA
"15926","zcta",2023,"food_rnk",56.1486
"15927","zcta",2023,"food_rnk",84.2359
"15928","zcta",2023,"food_rnk",70.4237
"15929","zcta",2023,"food_rnk",95.9246
"15930","zcta",2023,"food_rnk",91.0595
"15931","zcta",2023,"food_rnk",69.7634
"15934","zcta",2023,"food_rnk",NA
"15935","zcta",2023,"food_rnk",65.4032
"15936","zcta",2023,"food_rnk",56.4464
"15937","zcta",2023,"food_rnk",40.1321
"15938","zcta",2023,"food_rnk",64.7881
"15940","zcta",2023,"food_rnk",NA
"15942","zcta",2023,"food_rnk",58.9583
"15943","zcta",2023,"food_rnk",14.3333
"15944","zcta",2023,"food_rnk",55.5045
"15945","zcta",2023,"food_rnk",23.2933
"15946","zcta",2023,"food_rnk",28.22
"15948","zcta",2023,"food_rnk",32.7712
"15949","zcta",2023,"food_rnk",48.4317
"15951","zcta",2023,"food_rnk",6.8106
"15952","zcta",2023,"food_rnk",64.6748
"15953","zcta",2023,"food_rnk",98.8509
"15954","zcta",2023,"food_rnk",11.3391
"15955","zcta",2023,"food_rnk",79.5391
"15956","zcta",2023,"food_rnk",23.0991
"15957","zcta",2023,"food_rnk",75.4313
"15958","zcta",2023,"food_rnk",82.8699
"15960","zcta",2023,"food_rnk",93.3189
"15961","zcta",2023,"food_rnk",51.947
"15962","zcta",2023,"food_rnk",10.0055
"15963","zcta",2023,"food_rnk",34.053
"16001","zcta",2023,"food_rnk",19.3442
"16002","zcta",2023,"food_rnk",45.3242
"16020","zcta",2023,"food_rnk",41.948
"16022","zcta",2023,"food_rnk",57.6215
"16023","zcta",2023,"food_rnk",87.0391
"16024","zcta",2023,"food_rnk",42.4077
"16025","zcta",2023,"food_rnk",57.1133
"16027","zcta",2023,"food_rnk",13.3946
"16028","zcta",2023,"food_rnk",33.5513
"16029","zcta",2023,"food_rnk",49.9013
"16030","zcta",2023,"food_rnk",41.1485
"16033","zcta",2023,"food_rnk",83.6953
"16034","zcta",2023,"food_rnk",52.889
"16035","zcta",2023,"food_rnk",22.1183
"16036","zcta",2023,"food_rnk",12.7019
"16037","zcta",2023,"food_rnk",79.2413
"16038","zcta",2023,"food_rnk",68.433
"16040","zcta",2023,"food_rnk",71.7865
"16041","zcta",2023,"food_rnk",33.4866
"16045","zcta",2023,"food_rnk",15.6799
"16046","zcta",2023,"food_rnk",86.6636
"16048","zcta",2023,"food_rnk",25.9735
"16049","zcta",2023,"food_rnk",32.8133
"16050","zcta",2023,"food_rnk",61.7842
"16051","zcta",2023,"food_rnk",55.3394
"16052","zcta",2023,"food_rnk",72.5245
"16053","zcta",2023,"food_rnk",90.1499
"16054","zcta",2023,"food_rnk",75.7324
"16055","zcta",2023,"food_rnk",80.7853
"16056","zcta",2023,"food_rnk",81.6463
"16057","zcta",2023,"food_rnk",43.4273
"16059","zcta",2023,"food_rnk",82.8052
"16061","zcta",2023,"food_rnk",52.6559
"16063","zcta",2023,"food_rnk",78.1213
"16066","zcta",2023,"food_rnk",74.962
"16101","zcta",2023,"food_rnk",5.7845
"16102","zcta",2023,"food_rnk",12.4494
"16105","zcta",2023,"food_rnk",43.5309
"16110","zcta",2023,"food_rnk",84.6761
"16111","zcta",2023,"food_rnk",73.0942
"16112","zcta",2023,"food_rnk",33.0075
"16113","zcta",2023,"food_rnk",89.2921
"16114","zcta",2023,"food_rnk",90.6775
"16115","zcta",2023,"food_rnk",65.811
"16116","zcta",2023,"food_rnk",66.8145
"16117","zcta",2023,"food_rnk",32.5931
"16120","zcta",2023,"food_rnk",38.9603
"16121","zcta",2023,"food_rnk",4.6256
"16123","zcta",2023,"food_rnk",87.5765
"16124","zcta",2023,"food_rnk",27.2359
"16125","zcta",2023,"food_rnk",19.6258
"16127","zcta",2023,"food_rnk",44.5344
"16130","zcta",2023,"food_rnk",68.1967
"16131","zcta",2023,"food_rnk",25.0575
"16132","zcta",2023,"food_rnk",43.2881
"16133","zcta",2023,"food_rnk",74.5638
"16134","zcta",2023,"food_rnk",45.8745
"16136","zcta",2023,"food_rnk",5.2569
"16137","zcta",2023,"food_rnk",33.5934
"16140","zcta",2023,"food_rnk",98.6372
"16141","zcta",2023,"food_rnk",28.6602
"16142","zcta",2023,"food_rnk",70.0418
"16143","zcta",2023,"food_rnk",13.2975
"16145","zcta",2023,"food_rnk",41.7506
"16146","zcta",2023,"food_rnk",4.794
"16148","zcta",2023,"food_rnk",33.1499
"16150","zcta",2023,"food_rnk",39.8828
"16151","zcta",2023,"food_rnk",NA
"16153","zcta",2023,"food_rnk",39.9929
"16154","zcta",2023,"food_rnk",70.9028
"16155","zcta",2023,"food_rnk",NA
"16156","zcta",2023,"food_rnk",66.2513
"16157","zcta",2023,"food_rnk",34.6519
"16159","zcta",2023,"food_rnk",38.1025
"16160","zcta",2023,"food_rnk",4.8263
"16161","zcta",2023,"food_rnk",5.7456
"16172","zcta",2023,"food_rnk",NA
"16201","zcta",2023,"food_rnk",32.0073
"16210","zcta",2023,"food_rnk",13.9093
"16211","zcta",2023,"food_rnk",2.6058
"16212","zcta",2023,"food_rnk",69.4688
"16213","zcta",2023,"food_rnk",65.0471
"16214","zcta",2023,"food_rnk",23.9278
"16217","zcta",2023,"food_rnk",NA
"16218","zcta",2023,"food_rnk",56.5338
"16220","zcta",2023,"food_rnk",NA
"16222","zcta",2023,"food_rnk",47.1854
"16223","zcta",2023,"food_rnk",NA
"16224","zcta",2023,"food_rnk",58.2138
"16226","zcta",2023,"food_rnk",35.4902
"16228","zcta",2023,"food_rnk",39.3649
"16229","zcta",2023,"food_rnk",56.9611
"16230","zcta",2023,"food_rnk",24.5266
"16232","zcta",2023,"food_rnk",33.998
"16233","zcta",2023,"food_rnk",82.9023
"16235","zcta",2023,"food_rnk",93.2023
"16236","zcta",2023,"food_rnk",13.2425
"16238","zcta",2023,"food_rnk",29.7705
"16239","zcta",2023,"food_rnk",NA
"16240","zcta",2023,"food_rnk",41.7829
"16242","zcta",2023,"food_rnk",45.117
"16244","zcta",2023,"food_rnk",9.2869
"16245","zcta",2023,"food_rnk",43.3529
"16246","zcta",2023,"food_rnk",8.3482
"16248","zcta",2023,"food_rnk",28.0743
"16249","zcta",2023,"food_rnk",53.6465
"16250","zcta",2023,"food_rnk",11.4848
"16253","zcta",2023,"food_rnk",97.1579
"16254","zcta",2023,"food_rnk",55.4333
"16255","zcta",2023,"food_rnk",46.988
"16256","zcta",2023,"food_rnk",48.7651
"16258","zcta",2023,"food_rnk",38.0863
"16259","zcta",2023,"food_rnk",33.7261
"16260","zcta",2023,"food_rnk",94.3644
"16262","zcta",2023,"food_rnk",48.9625
"16263","zcta",2023,"food_rnk",7.4483
"16301","zcta",2023,"food_rnk",8.4906
"16311","zcta",2023,"food_rnk",83.0059
"16312","zcta",2023,"food_rnk",NA
"16313","zcta",2023,"food_rnk",27.5046
"16314","zcta",2023,"food_rnk",50.0631
"16316","zcta",2023,"food_rnk",21.1375
"16317","zcta",2023,"food_rnk",33.1305
"16319","zcta",2023,"food_rnk",49.296
"16321","zcta",2023,"food_rnk",NA
"16322","zcta",2023,"food_rnk",42.8544
"16323","zcta",2023,"food_rnk",31.3372
"16326","zcta",2023,"food_rnk",95.5168
"16327","zcta",2023,"food_rnk",57.0032
"16328","zcta",2023,"food_rnk",24.4554
"16329","zcta",2023,"food_rnk",51.4
"16331","zcta",2023,"food_rnk",55.2941
"16332","zcta",2023,"food_rnk",NA
"16333","zcta",2023,"food_rnk",24.7694
"16334","zcta",2023,"food_rnk",92.3445
"16335","zcta",2023,"food_rnk",17.0459
"16340","zcta",2023,"food_rnk",35.9823
"16341","zcta",2023,"food_rnk",31.5314
"16342","zcta",2023,"food_rnk",46.7096
"16343","zcta",2023,"food_rnk",27.8672
"16344","zcta",2023,"food_rnk",4.2243
"16345","zcta",2023,"food_rnk",71.0031
"16346","zcta",2023,"food_rnk",30.7286
"16347","zcta",2023,"food_rnk",21.8949
"16350","zcta",2023,"food_rnk",82.6498
"16351","zcta",2023,"food_rnk",9.9569
"16352","zcta",2023,"food_rnk",12.1775
"16353","zcta",2023,"food_rnk",48.4317
"16354","zcta",2023,"food_rnk",13.4173
"16360","zcta",2023,"food_rnk",23.7271
"16361","zcta",2023,"food_rnk",NA
"16362","zcta",2023,"food_rnk",31.5962
"16364","zcta",2023,"food_rnk",75.8813
"16365","zcta",2023,"food_rnk",37.1799
"16370","zcta",2023,"food_rnk",33.3927
"16371","zcta",2023,"food_rnk",54.8182
"16372","zcta",2023,"food_rnk",46.3989
"16373","zcta",2023,"food_rnk",46.0007
"16374","zcta",2023,"food_rnk",56.5015
"16401","zcta",2023,"food_rnk",37.5263
"16402","zcta",2023,"food_rnk",27.6535
"16403","zcta",2023,"food_rnk",26.7018
"16404","zcta",2023,"food_rnk",38.342
"16405","zcta",2023,"food_rnk",85.4757
"16406","zcta",2023,"food_rnk",28.8965
"16407","zcta",2023,"food_rnk",11.4913
"16410","zcta",2023,"food_rnk",45.1882
"16411","zcta",2023,"food_rnk",28.4757
"16412","zcta",2023,"food_rnk",44.3175
"16415","zcta",2023,"food_rnk",63.5354
"16416","zcta",2023,"food_rnk",7.0955
"16417","zcta",2023,"food_rnk",59.5151
"16420","zcta",2023,"food_rnk",74.9814
"16421","zcta",2023,"food_rnk",56.4691
"16422","zcta",2023,"food_rnk",NA
"16423","zcta",2023,"food_rnk",39.7404
"16424","zcta",2023,"food_rnk",54.8021
"16426","zcta",2023,"food_rnk",54.0414
"16427","zcta",2023,"food_rnk",16.5701
"16428","zcta",2023,"food_rnk",21.322
"16430","zcta",2023,"food_rnk",96.7922
"16433","zcta",2023,"food_rnk",60.3211
"16434","zcta",2023,"food_rnk",52.4747
"16435","zcta",2023,"food_rnk",21.199
"16436","zcta",2023,"food_rnk",12.1322
"16438","zcta",2023,"food_rnk",19.2989
"16440","zcta",2023,"food_rnk",69.8767
"16441","zcta",2023,"food_rnk",51.5262
"16442","zcta",2023,"food_rnk",39.8019
"16443","zcta",2023,"food_rnk",26.9252
"16444","zcta",2023,"food_rnk",NA
"16475","zcta",2023,"food_rnk",NA
"16501","zcta",2023,"food_rnk",2.8129
"16502","zcta",2023,"food_rnk",1.7609
"16503","zcta",2023,"food_rnk",0.4694
"16504","zcta",2023,"food_rnk",13.1777
"16505","zcta",2023,"food_rnk",60.6739
"16506","zcta",2023,"food_rnk",59.5701
"16507","zcta",2023,"food_rnk",1.8321
"16508","zcta",2023,"food_rnk",9.6171
"16509","zcta",2023,"food_rnk",35.7751
"16510","zcta",2023,"food_rnk",15.6896
"16511","zcta",2023,"food_rnk",18.4443
"16546","zcta",2023,"food_rnk",NA
"16550","zcta",2023,"food_rnk",NA
"16563","zcta",2023,"food_rnk",NA
"16601","zcta",2023,"food_rnk",11.0672
"16602","zcta",2023,"food_rnk",16.2723
"16611","zcta",2023,"food_rnk",59.7773
"16613","zcta",2023,"food_rnk",64.6522
"16616","zcta",2023,"food_rnk",NA
"16617","zcta",2023,"food_rnk",42.7281
"16619","zcta",2023,"food_rnk",12.4947
"16620","zcta",2023,"food_rnk",43.0195
"16621","zcta",2023,"food_rnk",45.1494
"16622","zcta",2023,"food_rnk",NA
"16623","zcta",2023,"food_rnk",68.3682
"16624","zcta",2023,"food_rnk",93.9048
"16625","zcta",2023,"food_rnk",45.3404
"16627","zcta",2023,"food_rnk",54.6758
"16630","zcta",2023,"food_rnk",41.9901
"16631","zcta",2023,"food_rnk",NA
"16633","zcta",2023,"food_rnk",57.5956
"16634","zcta",2023,"food_rnk",83.4105
"16635","zcta",2023,"food_rnk",53.7112
"16636","zcta",2023,"food_rnk",71.9969
"16637","zcta",2023,"food_rnk",67.7144
"16638","zcta",2023,"food_rnk",NA
"16639","zcta",2023,"food_rnk",40.4363
"16640","zcta",2023,"food_rnk",18.7
"16641","zcta",2023,"food_rnk",30.8063
"16645","zcta",2023,"food_rnk",62.9431
"16646","zcta",2023,"food_rnk",57.8416
"16647","zcta",2023,"food_rnk",61.4379
"16648","zcta",2023,"food_rnk",58.0455
"16650","zcta",2023,"food_rnk",63.7329
"16651","zcta",2023,"food_rnk",NA
"16652","zcta",2023,"food_rnk",34.3735
"16654","zcta",2023,"food_rnk",NA
"16655","zcta",2023,"food_rnk",19.027
"16656","zcta",2023,"food_rnk",37.4001
"16657","zcta",2023,"food_rnk",45.8097
"16659","zcta",2023,"food_rnk",28.097
"16661","zcta",2023,"food_rnk",22.9243
"16662","zcta",2023,"food_rnk",69.1192
"16664","zcta",2023,"food_rnk",64.581
"16665","zcta",2023,"food_rnk",46.9394
"16666","zcta",2023,"food_rnk",17.894
"16667","zcta",2023,"food_rnk",67.546
"16668","zcta",2023,"food_rnk",34.3605
"16669","zcta",2023,"food_rnk",72.0196
"16670","zcta",2023,"food_rnk",NA
"16671","zcta",2023,"food_rnk",55.0416
"16672","zcta",2023,"food_rnk",17.6124
"16673","zcta",2023,"food_rnk",43.9096
"16674","zcta",2023,"food_rnk",35.0694
"16675","zcta",2023,"food_rnk",NA
"16677","zcta",2023,"food_rnk",21.7007
"16678","zcta",2023,"food_rnk",49.9336
"16679","zcta",2023,"food_rnk",20.7911
"16680","zcta",2023,"food_rnk",31.7807
"16682","zcta",2023,"food_rnk",90.4865
"16683","zcta",2023,"food_rnk",85.0775
"16684","zcta",2023,"food_rnk",NA
"16685","zcta",2023,"food_rnk",90.7358
"16686","zcta",2023,"food_rnk",32.4863
"16689","zcta",2023,"food_rnk",94.7108
"16691","zcta",2023,"food_rnk",50.0405
"16692","zcta",2023,"food_rnk",35.0856
"16693","zcta",2023,"food_rnk",36.6653
"16694","zcta",2023,"food_rnk",89.7096
"16695","zcta",2023,"food_rnk",57.0874
"16699","zcta",2023,"food_rnk",NA
"16701","zcta",2023,"food_rnk",17.907
"16720","zcta",2023,"food_rnk",41.6567
"16724","zcta",2023,"food_rnk",NA
"16725","zcta",2023,"food_rnk",98.3653
"16726","zcta",2023,"food_rnk",10.3001
"16727","zcta",2023,"food_rnk",96.8796
"16729","zcta",2023,"food_rnk",8.7528
"16730","zcta",2023,"food_rnk",NA
"16731","zcta",2023,"food_rnk",34.8785
"16732","zcta",2023,"food_rnk",90.8555
"16733","zcta",2023,"food_rnk",33.2664
"16734","zcta",2023,"food_rnk",35.4902
"16735","zcta",2023,"food_rnk",42.4627
"16738","zcta",2023,"food_rnk",NA
"16740","zcta",2023,"food_rnk",19.5481
"16743","zcta",2023,"food_rnk",12.3361
"16744","zcta",2023,"food_rnk",96.585
"16745","zcta",2023,"food_rnk",77.1922
"16746","zcta",2023,"food_rnk",7.3771
"16748","zcta",2023,"food_rnk",40.9348
"16749","zcta",2023,"food_rnk",60.4571
"16750","zcta",2023,"food_rnk",50.7947
"16801","zcta",2023,"food_rnk",62.1047
"16802","zcta",2023,"food_rnk",NA
"16803","zcta",2023,"food_rnk",73.4827
"16820","zcta",2023,"food_rnk",48.3702
"16821","zcta",2023,"food_rnk",96.5267
"16822","zcta",2023,"food_rnk",37.2382
"16823","zcta",2023,"food_rnk",46.2856
"16825","zcta",2023,"food_rnk",96.6368
"16826","zcta",2023,"food_rnk",40.2324
"16827","zcta",2023,"food_rnk",76.1564
"16828","zcta",2023,"food_rnk",63.3056
"16829","zcta",2023,"food_rnk",53.3487
"16830","zcta",2023,"food_rnk",12.608
"16832","zcta",2023,"food_rnk",26.9446
"16833","zcta",2023,"food_rnk",35.8625
"16834","zcta",2023,"food_rnk",77.762
"16835","zcta",2023,"food_rnk",96.1965
"16836","zcta",2023,"food_rnk",28.1811
"16837","zcta",2023,"food_rnk",19.9948
"16838","zcta",2023,"food_rnk",23.5846
"16839","zcta",2023,"food_rnk",51.5877
"16840","zcta",2023,"food_rnk",0.9323
"16841","zcta",2023,"food_rnk",66.1703
"16843","zcta",2023,"food_rnk",49.7135
"16844","zcta",2023,"food_rnk",59.4504
"16845","zcta",2023,"food_rnk",62.1047
"16847","zcta",2023,"food_rnk",66.2642
"16848","zcta",2023,"food_rnk",75.6029
"16849","zcta",2023,"food_rnk",91.3637
"16851","zcta",2023,"food_rnk",97.0026
"16852","zcta",2023,"food_rnk",72.0196
"16853","zcta",2023,"food_rnk",18.7421
"16854","zcta",2023,"food_rnk",94.4227
"16855","zcta",2023,"food_rnk",NA
"16856","zcta",2023,"food_rnk",89.127
"16858","zcta",2023,"food_rnk",57.1359
"16859","zcta",2023,"food_rnk",59.1882
"16860","zcta",2023,"food_rnk",7.089
"16861","zcta",2023,"food_rnk",17.7128
"16863","zcta",2023,"food_rnk",47.8555
"16864","zcta",2023,"food_rnk",NA
"16865","zcta",2023,"food_rnk",95.028
"16866","zcta",2023,"food_rnk",19.3636
"16868","zcta",2023,"food_rnk",95.5848
"16870","zcta",2023,"food_rnk",85.0775
"16871","zcta",2023,"food_rnk",NA
"16872","zcta",2023,"food_rnk",37.782
"16874","zcta",2023,"food_rnk",44.0974
"16875","zcta",2023,"food_rnk",60.4894
"16876","zcta",2023,"food_rnk",63.8656
"16877","zcta",2023,"food_rnk",82.8537
"16878","zcta",2023,"food_rnk",24.1252
"16879","zcta",2023,"food_rnk",26.7018
"16881","zcta",2023,"food_rnk",14.8059
"16882","zcta",2023,"food_rnk",68.0801
"16901","zcta",2023,"food_rnk",46.988
"16910","zcta",2023,"food_rnk",NA
"16911","zcta",2023,"food_rnk",41.8897
"16912","zcta",2023,"food_rnk",25.8052
"16914","zcta",2023,"food_rnk",51.2349
"16915","zcta",2023,"food_rnk",36.8627
"16917","zcta",2023,"food_rnk",56.1745
"16920","zcta",2023,"food_rnk",16.2561
"16921","zcta",2023,"food_rnk",86.4727
"16922","zcta",2023,"food_rnk",22.6038
"16923","zcta",2023,"food_rnk",31.4246
"16925","zcta",2023,"food_rnk",53.8795
"16926","zcta",2023,"food_rnk",83.3911
"16927","zcta",2023,"food_rnk",67.3259
"16928","zcta",2023,"food_rnk",48.4317
"16929","zcta",2023,"food_rnk",33.0884
"16930","zcta",2023,"food_rnk",35.9984
"16932","zcta",2023,"food_rnk",88.308
"16933","zcta",2023,"food_rnk",39.0962
"16935","zcta",2023,"food_rnk",34.121
"16936","zcta",2023,"food_rnk",46.8553
"16937","zcta",2023,"food_rnk",90.3052
"16938","zcta",2023,"food_rnk",88.4828
"16939","zcta",2023,"food_rnk",2.363
"16940","zcta",2023,"food_rnk",NA
"16941","zcta",2023,"food_rnk",NA
"16942","zcta",2023,"food_rnk",48.0368
"16943","zcta",2023,"food_rnk",40.6241
"16946","zcta",2023,"food_rnk",38.6172
"16947","zcta",2023,"food_rnk",32.2986
"16948","zcta",2023,"food_rnk",18.4184
"16950","zcta",2023,"food_rnk",41.9901
"17002","zcta",2023,"food_rnk",64.2476
"17003","zcta",2023,"food_rnk",78.5194
"17004","zcta",2023,"food_rnk",74.0265
"17005","zcta",2023,"food_rnk",81.164
"17006","zcta",2023,"food_rnk",47.4865
"17007","zcta",2023,"food_rnk",77.0142
"17009","zcta",2023,"food_rnk",31.2563
"17010","zcta",2023,"food_rnk",2.2594
"17011","zcta",2023,"food_rnk",44.0974
"17013","zcta",2023,"food_rnk",27.715
"17014","zcta",2023,"food_rnk",88.3307
"17015","zcta",2023,"food_rnk",60.839
"17016","zcta",2023,"food_rnk",96.7792
"17017","zcta",2023,"food_rnk",71.8091
"17018","zcta",2023,"food_rnk",65.9437
"17019","zcta",2023,"food_rnk",56.5338
"17020","zcta",2023,"food_rnk",54.6596
"17021","zcta",2023,"food_rnk",66.0506
"17022","zcta",2023,"food_rnk",59.5928
"17023","zcta",2023,"food_rnk",71.2686
"17024","zcta",2023,"food_rnk",72.9712
"17025","zcta",2023,"food_rnk",62.2374
"17026","zcta",2023,"food_rnk",47.4088
"17027","zcta",2023,"food_rnk",NA
"17028","zcta",2023,"food_rnk",84.0935
"17029","zcta",2023,"food_rnk",83.7763
"17030","zcta",2023,"food_rnk",63.1276
"17032","zcta",2023,"food_rnk",47.4509
"17033","zcta",2023,"food_rnk",65.4582
"17034","zcta",2023,"food_rnk",45.7547
"17035","zcta",2023,"food_rnk",25.3132
"17036","zcta",2023,"food_rnk",68.8052
"17037","zcta",2023,"food_rnk",65.196
"17038","zcta",2023,"food_rnk",60.839
"17039","zcta",2023,"food_rnk",NA
"17040","zcta",2023,"food_rnk",59.1882
"17041","zcta",2023,"food_rnk",98.812
"17042","zcta",2023,"food_rnk",29.8482
"17043","zcta",2023,"food_rnk",63.3056
"17044","zcta",2023,"food_rnk",13.3881
"17045","zcta",2023,"food_rnk",44.1621
"17046","zcta",2023,"food_rnk",11.8473
"17047","zcta",2023,"food_rnk",58.2818
"17048","zcta",2023,"food_rnk",34.8785
"17049","zcta",2023,"food_rnk",85.0646
"17050","zcta",2023,"food_rnk",67.2288
"17051","zcta",2023,"food_rnk",58.1523
"17052","zcta",2023,"food_rnk",46.7938
"17053","zcta",2023,"food_rnk",75.9849
"17054","zcta",2023,"food_rnk",97.3845
"17055","zcta",2023,"food_rnk",53.2677
"17056","zcta",2023,"food_rnk",NA
"17057","zcta",2023,"food_rnk",43
"17058","zcta",2023,"food_rnk",23.8501
"17059","zcta",2023,"food_rnk",64.7881
"17060","zcta",2023,"food_rnk",36.8368
"17061","zcta",2023,"food_rnk",39.9929
"17062","zcta",2023,"food_rnk",76.2406
"17063","zcta",2023,"food_rnk",50.0987
"17064","zcta",2023,"food_rnk",99.1487
"17065","zcta",2023,"food_rnk",32.8618
"17066","zcta",2023,"food_rnk",8.8531
"17067","zcta",2023,"food_rnk",61.0365
"17068","zcta",2023,"food_rnk",35.2248
"17069","zcta",2023,"food_rnk",89.127
"17070","zcta",2023,"food_rnk",45.9554
"17071","zcta",2023,"food_rnk",43.997
"17073","zcta",2023,"food_rnk",89.9718
"17074","zcta",2023,"food_rnk",56.5338
"17075","zcta",2023,"food_rnk",70.0029
"17076","zcta",2023,"food_rnk",81.6463
"17077","zcta",2023,"food_rnk",NA
"17078","zcta",2023,"food_rnk",44.5117
"17080","zcta",2023,"food_rnk",91.1695
"17081","zcta",2023,"food_rnk",96.6562
"17082","zcta",2023,"food_rnk",70.9546
"17084","zcta",2023,"food_rnk",61.8716
"17086","zcta",2023,"food_rnk",81.0086
"17087","zcta",2023,"food_rnk",74.1268
"17088","zcta",2023,"food_rnk",69.4429
"17090","zcta",2023,"food_rnk",20.079
"17093","zcta",2023,"food_rnk",75.6158
"17094","zcta",2023,"food_rnk",66.2351
"17097","zcta",2023,"food_rnk",65.4776
"17098","zcta",2023,"food_rnk",13.5856
"17099","zcta",2023,"food_rnk",76.1985
"17101","zcta",2023,"food_rnk",8.8402
"17102","zcta",2023,"food_rnk",9.5361
"17103","zcta",2023,"food_rnk",2.2788
"17104","zcta",2023,"food_rnk",1.5699
"17109","zcta",2023,"food_rnk",30.8063
"17110","zcta",2023,"food_rnk",34.8882
"17111","zcta",2023,"food_rnk",33.3085
"17112","zcta",2023,"food_rnk",68.4653
"17113","zcta",2023,"food_rnk",16.3435
"17120","zcta",2023,"food_rnk",NA
"17201","zcta",2023,"food_rnk",18.9881
"17202","zcta",2023,"food_rnk",43.6895
"17210","zcta",2023,"food_rnk",92.3025
"17211","zcta",2023,"food_rnk",84.7247
"17212","zcta",2023,"food_rnk",76.6128
"17213","zcta",2023,"food_rnk",44.625
"17214","zcta",2023,"food_rnk",84.9124
"17215","zcta",2023,"food_rnk",83.3296
"17217","zcta",2023,"food_rnk",47.3246
"17219","zcta",2023,"food_rnk",38.9765
"17220","zcta",2023,"food_rnk",82.9735
"17221","zcta",2023,"food_rnk",67.7273
"17222","zcta",2023,"food_rnk",68.5851
"17223","zcta",2023,"food_rnk",26.281
"17224","zcta",2023,"food_rnk",54.9218
"17225","zcta",2023,"food_rnk",62.5546
"17228","zcta",2023,"food_rnk",56.0548
"17229","zcta",2023,"food_rnk",81.1187
"17232","zcta",2023,"food_rnk",NA
"17233","zcta",2023,"food_rnk",22.5197
"17235","zcta",2023,"food_rnk",98.0125
"17236","zcta",2023,"food_rnk",69.6468
"17237","zcta",2023,"food_rnk",62.9722
"17238","zcta",2023,"food_rnk",61.3149
"17239","zcta",2023,"food_rnk",65.4776
"17240","zcta",2023,"food_rnk",78.0371
"17241","zcta",2023,"food_rnk",57.6862
"17243","zcta",2023,"food_rnk",34.5515
"17244","zcta",2023,"food_rnk",81.4974
"17246","zcta",2023,"food_rnk",81.737
"17247","zcta",2023,"food_rnk",NA
"17249","zcta",2023,"food_rnk",58.5246
"17250","zcta",2023,"food_rnk",NA
"17251","zcta",2023,"food_rnk",NA
"17252","zcta",2023,"food_rnk",40.404
"17253","zcta",2023,"food_rnk",55.4754
"17254","zcta",2023,"food_rnk",95.7078
"17255","zcta",2023,"food_rnk",47.6872
"17257","zcta",2023,"food_rnk",55.3394
"17260","zcta",2023,"food_rnk",46.1205
"17261","zcta",2023,"food_rnk",NA
"17262","zcta",2023,"food_rnk",75.3051
"17263","zcta",2023,"food_rnk",37.481
"17264","zcta",2023,"food_rnk",53.1933
"17265","zcta",2023,"food_rnk",41.2326
"17266","zcta",2023,"food_rnk",63.1438
"17267","zcta",2023,"food_rnk",55.0416
"17268","zcta",2023,"food_rnk",27.5888
"17271","zcta",2023,"food_rnk",43.874
"17301","zcta",2023,"food_rnk",70.8931
"17302","zcta",2023,"food_rnk",78.9078
"17303","zcta",2023,"food_rnk",40.3133
"17304","zcta",2023,"food_rnk",67.3615
"17306","zcta",2023,"food_rnk",6.6034
"17307","zcta",2023,"food_rnk",51.0698
"17309","zcta",2023,"food_rnk",77.9141
"17311","zcta",2023,"food_rnk",57.8416
"17313","zcta",2023,"food_rnk",58.3983
"17314","zcta",2023,"food_rnk",67.7823
"17315","zcta",2023,"food_rnk",58.3271
"17316","zcta",2023,"food_rnk",60.1139
"17317","zcta",2023,"food_rnk",72.5407
"17318","zcta",2023,"food_rnk",96.5429
"17319","zcta",2023,"food_rnk",64.9435
"17320","zcta",2023,"food_rnk",65.9696
"17321","zcta",2023,"food_rnk",79.5682
"17322","zcta",2023,"food_rnk",71.9969
"17323","zcta",2023,"food_rnk",NA
"17324","zcta",2023,"food_rnk",37.6008
"17325","zcta",2023,"food_rnk",46.5996
"17327","zcta",2023,"food_rnk",63.3639
"17329","zcta",2023,"food_rnk",60.8908
"17331","zcta",2023,"food_rnk",31.6771
"17339","zcta",2023,"food_rnk",78.3673
"17340","zcta",2023,"food_rnk",41.2941
"17342","zcta",2023,"food_rnk",28.1811
"17343","zcta",2023,"food_rnk",NA
"17344","zcta",2023,"food_rnk",36.1765
"17345","zcta",2023,"food_rnk",45.3242
"17347","zcta",2023,"food_rnk",74.2466
"17349","zcta",2023,"food_rnk",64.0857
"17350","zcta",2023,"food_rnk",62.4251
"17352","zcta",2023,"food_rnk",70.2004
"17353","zcta",2023,"food_rnk",89.0687
"17355","zcta",2023,"food_rnk",51.0601
"17356","zcta",2023,"food_rnk",41.1485
"17360","zcta",2023,"food_rnk",65.6362
"17361","zcta",2023,"food_rnk",89.2921
"17362","zcta",2023,"food_rnk",66.8663
"17363","zcta",2023,"food_rnk",62.6355
"17364","zcta",2023,"food_rnk",51.7043
"17365","zcta",2023,"food_rnk",85.9159
"17366","zcta",2023,"food_rnk",52.4326
"17368","zcta",2023,"food_rnk",71.9807
"17370","zcta",2023,"food_rnk",53.0088
"17371","zcta",2023,"food_rnk",80.4584
"17372","zcta",2023,"food_rnk",49.3121
"17401","zcta",2023,"food_rnk",3.6351
"17402","zcta",2023,"food_rnk",40.8733
"17403","zcta",2023,"food_rnk",14.984
"17404","zcta",2023,"food_rnk",25.5495
"17406","zcta",2023,"food_rnk",58.2818
"17407","zcta",2023,"food_rnk",78.8496
"17408","zcta",2023,"food_rnk",47.8555
"17501","zcta",2023,"food_rnk",66.6947
"17502","zcta",2023,"food_rnk",48.0012
"17504","zcta",2023,"food_rnk",NA
"17505","zcta",2023,"food_rnk",67.7823
"17506","zcta",2023,"food_rnk",0.4273
"17507","zcta",2023,"food_rnk",88.4569
"17508","zcta",2023,"food_rnk",89.0169
"17509","zcta",2023,"food_rnk",75.2177
"17512","zcta",2023,"food_rnk",25.4006
"17516","zcta",2023,"food_rnk",75.6029
"17517","zcta",2023,"food_rnk",66.4584
"17518","zcta",2023,"food_rnk",60.0783
"17519","zcta",2023,"food_rnk",73.9844
"17520","zcta",2023,"food_rnk",69.0318
"17522","zcta",2023,"food_rnk",53.5235
"17527","zcta",2023,"food_rnk",50.5843
"17529","zcta",2023,"food_rnk",87.6412
"17532","zcta",2023,"food_rnk",86.327
"17534","zcta",2023,"food_rnk",NA
"17535","zcta",2023,"food_rnk",65.6815
"17536","zcta",2023,"food_rnk",61.9558
"17538","zcta",2023,"food_rnk",84.3395
"17540","zcta",2023,"food_rnk",67.491
"17543","zcta",2023,"food_rnk",63.7717
"17545","zcta",2023,"food_rnk",59.3565
"17547","zcta",2023,"food_rnk",49.8236
"17550","zcta",2023,"food_rnk",95.7855
"17551","zcta",2023,"food_rnk",70.6697
"17552","zcta",2023,"food_rnk",57.0518
"17554","zcta",2023,"food_rnk",55.6145
"17555","zcta",2023,"food_rnk",84.6114
"17557","zcta",2023,"food_rnk",60.5606
"17560","zcta",2023,"food_rnk",56.4691
"17562","zcta",2023,"food_rnk",67.2062
"17563","zcta",2023,"food_rnk",33.9559
"17565","zcta",2023,"food_rnk",77.9788
"17566","zcta",2023,"food_rnk",64.9726
"17568","zcta",2023,"food_rnk",NA
"17569","zcta",2023,"food_rnk",67.1544
"17570","zcta",2023,"food_rnk",95.8146
"17572","zcta",2023,"food_rnk",58.0455
"17576","zcta",2023,"food_rnk",97.8992
"17578","zcta",2023,"food_rnk",50.827
"17579","zcta",2023,"food_rnk",85.9159
"17581","zcta",2023,"food_rnk",82.3002
"17582","zcta",2023,"food_rnk",98.3071
"17584","zcta",2023,"food_rnk",79.2671
"17601","zcta",2023,"food_rnk",48.6777
"17602","zcta",2023,"food_rnk",15.353
"17603","zcta",2023,"food_rnk",14.2459
"17606","zcta",2023,"food_rnk",NA
"17701","zcta",2023,"food_rnk",5.5611
"17702","zcta",2023,"food_rnk",52.889
"17720","zcta",2023,"food_rnk",65.8758
"17721","zcta",2023,"food_rnk",51.7205
"17723","zcta",2023,"food_rnk",NA
"17724","zcta",2023,"food_rnk",37.3094
"17727","zcta",2023,"food_rnk",NA
"17728","zcta",2023,"food_rnk",56.6763
"17729","zcta",2023,"food_rnk",30.9779
"17730","zcta",2023,"food_rnk",NA
"17731","zcta",2023,"food_rnk",51.4518
"17737","zcta",2023,"food_rnk",53.3487
"17739","zcta",2023,"food_rnk",NA
"17740","zcta",2023,"food_rnk",66.1412
"17742","zcta",2023,"food_rnk",NA
"17744","zcta",2023,"food_rnk",28.3495
"17745","zcta",2023,"food_rnk",21.6165
"17747","zcta",2023,"food_rnk",74.0524
"17748","zcta",2023,"food_rnk",97.2162
"17749","zcta",2023,"food_rnk",60.6124
"17750","zcta",2023,"food_rnk",93.2185
"17751","zcta",2023,"food_rnk",39.6206
"17752","zcta",2023,"food_rnk",57.3204
"17754","zcta",2023,"food_rnk",65.1604
"17756","zcta",2023,"food_rnk",42.9062
"17758","zcta",2023,"food_rnk",81.4974
"17760","zcta",2023,"food_rnk",66.9666
"17762","zcta",2023,"food_rnk",24.2514
"17763","zcta",2023,"food_rnk",4.4152
"17764","zcta",2023,"food_rnk",6.8592
"17765","zcta",2023,"food_rnk",66.6494
"17768","zcta",2023,"food_rnk",55.1581
"17769","zcta",2023,"food_rnk",NA
"17771","zcta",2023,"food_rnk",51.4194
"17772","zcta",2023,"food_rnk",49.4351
"17774","zcta",2023,"food_rnk",27.0158
"17776","zcta",2023,"food_rnk",73.7254
"17777","zcta",2023,"food_rnk",70.7345
"17778","zcta",2023,"food_rnk",NA
"17779","zcta",2023,"food_rnk",98.9383
"17801","zcta",2023,"food_rnk",34.189
"17810","zcta",2023,"food_rnk",NA
"17812","zcta",2023,"food_rnk",60.2531
"17813","zcta",2023,"food_rnk",53.7792
"17814","zcta",2023,"food_rnk",56.3785
"17815","zcta",2023,"food_rnk",43.6215
"17820","zcta",2023,"food_rnk",75.6579
"17821","zcta",2023,"food_rnk",61.6871
"17822","zcta",2023,"food_rnk",NA
"17823","zcta",2023,"food_rnk",75.1141
"17824","zcta",2023,"food_rnk",92.7912
"17827","zcta",2023,"food_rnk",77.244
"17829","zcta",2023,"food_rnk",64.0857
"17830","zcta",2023,"food_rnk",78.6683
"17832","zcta",2023,"food_rnk",30.3888
"17834","zcta",2023,"food_rnk",58.6444
"17835","zcta",2023,"food_rnk",95.8243
"17836","zcta",2023,"food_rnk",42.4077
"17837","zcta",2023,"food_rnk",49.9013
"17840","zcta",2023,"food_rnk",4.2858
"17841","zcta",2023,"food_rnk",38.4359
"17842","zcta",2023,"food_rnk",54.4201
"17844","zcta",2023,"food_rnk",49.9563
"17845","zcta",2023,"food_rnk",72.4112
"17846","zcta",2023,"food_rnk",62.2147
"17847","zcta",2023,"food_rnk",47.8037
"17850","zcta",2023,"food_rnk",10.7015
"17851","zcta",2023,"food_rnk",9.8016
"17853","zcta",2023,"food_rnk",70.1389
"17855","zcta",2023,"food_rnk",49.6197
"17856","zcta",2023,"food_rnk",57.2654
"17857","zcta",2023,"food_rnk",55.3977
"17858","zcta",2023,"food_rnk",NA
"17859","zcta",2023,"food_rnk",81.9085
"17860","zcta",2023,"food_rnk",95.7498
"17861","zcta",2023,"food_rnk",15.5796
"17862","zcta",2023,"food_rnk",97.1676
"17864","zcta",2023,"food_rnk",53.7112
"17865","zcta",2023,"food_rnk",NA
"17866","zcta",2023,"food_rnk",20.7037
"17867","zcta",2023,"food_rnk",94.1184
"17868","zcta",2023,"food_rnk",93.2509
"17870","zcta",2023,"food_rnk",67.2288
"17872","zcta",2023,"food_rnk",15.9551
"17876","zcta",2023,"food_rnk",57.8416
"17878","zcta",2023,"food_rnk",58.4534
"17880","zcta",2023,"food_rnk",NA
"17881","zcta",2023,"food_rnk",36.7721
"17884","zcta",2023,"food_rnk",35.2248
"17885","zcta",2023,"food_rnk",37.3515
"17886","zcta",2023,"food_rnk",9.5329
"17887","zcta",2023,"food_rnk",84.7053
"17888","zcta",2023,"food_rnk",32.2694
"17889","zcta",2023,"food_rnk",77.9788
"17901","zcta",2023,"food_rnk",13.6536
"17920","zcta",2023,"food_rnk",93.3286
"17921","zcta",2023,"food_rnk",49.5549
"17922","zcta",2023,"food_rnk",59.7482
"17923","zcta",2023,"food_rnk",35.4223
"17925","zcta",2023,"food_rnk",42.071
"17929","zcta",2023,"food_rnk",63.0434
"17930","zcta",2023,"food_rnk",6.5549
"17931","zcta",2023,"food_rnk",NA
"17933","zcta",2023,"food_rnk",32.8618
"17934","zcta",2023,"food_rnk",4.2469
"17935","zcta",2023,"food_rnk",19.1014
"17936","zcta",2023,"food_rnk",60.3211
"17938","zcta",2023,"food_rnk",82.8699
"17941","zcta",2023,"food_rnk",82.2355
"17943","zcta",2023,"food_rnk",NA
"17944","zcta",2023,"food_rnk",64.6748
"17945","zcta",2023,"food_rnk",25.8829
"17946","zcta",2023,"food_rnk",83.3296
"17948","zcta",2023,"food_rnk",3.0687
"17949","zcta",2023,"food_rnk",59.2432
"17951","zcta",2023,"food_rnk",97.7341
"17952","zcta",2023,"food_rnk",66.3872
"17953","zcta",2023,"food_rnk",86.0227
"17954","zcta",2023,"food_rnk",4.1628
"17957","zcta",2023,"food_rnk",36.6394
"17959","zcta",2023,"food_rnk",23.7788
"17960","zcta",2023,"food_rnk",76.5287
"17961","zcta",2023,"food_rnk",64.3479
"17963","zcta",2023,"food_rnk",63.0628
"17964","zcta",2023,"food_rnk",71.2135
"17965","zcta",2023,"food_rnk",30.9164
"17967","zcta",2023,"food_rnk",55.6631
"17968","zcta",2023,"food_rnk",91.1695
"17970","zcta",2023,"food_rnk",40.3489
"17972","zcta",2023,"food_rnk",52.7336
"17974","zcta",2023,"food_rnk",19.1305
"17976","zcta",2023,"food_rnk",12.2423
"17978","zcta",2023,"food_rnk",32.9071
"17979","zcta",2023,"food_rnk",NA
"17980","zcta",2023,"food_rnk",50.7947
"17981","zcta",2023,"food_rnk",36.6653
"17982","zcta",2023,"food_rnk",23.0991
"17983","zcta",2023,"food_rnk",41.3589
"17985","zcta",2023,"food_rnk",81.6657
"18011","zcta",2023,"food_rnk",66.3872
"18012","zcta",2023,"food_rnk",NA
"18013","zcta",2023,"food_rnk",44.1265
"18014","zcta",2023,"food_rnk",72.353
"18015","zcta",2023,"food_rnk",16.2885
"18017","zcta",2023,"food_rnk",31.7224
"18018","zcta",2023,"food_rnk",17.771
"18020","zcta",2023,"food_rnk",62.8298
"18030","zcta",2023,"food_rnk",57.4531
"18031","zcta",2023,"food_rnk",69.2099
"18032","zcta",2023,"food_rnk",59.9456
"18034","zcta",2023,"food_rnk",63.8235
"18035","zcta",2023,"food_rnk",NA
"18036","zcta",2023,"food_rnk",81.4003
"18037","zcta",2023,"food_rnk",58.0002
"18038","zcta",2023,"food_rnk",97.5917
"18040","zcta",2023,"food_rnk",78.3414
"18041","zcta",2023,"food_rnk",70.5726
"18042","zcta",2023,"food_rnk",13.0256
"18045","zcta",2023,"food_rnk",76.4316
"18046","zcta",2023,"food_rnk",98.2391
"18049","zcta",2023,"food_rnk",47.3246
"18051","zcta",2023,"food_rnk",85.1908
"18052","zcta",2023,"food_rnk",27.77
"18053","zcta",2023,"food_rnk",86.7931
"18054","zcta",2023,"food_rnk",91.121
"18055","zcta",2023,"food_rnk",69.417
"18056","zcta",2023,"food_rnk",59.9748
"18058","zcta",2023,"food_rnk",31.5962
"18059","zcta",2023,"food_rnk",87.8516
"18062","zcta",2023,"food_rnk",69.349
"18063","zcta",2023,"food_rnk",60.2078
"18064","zcta",2023,"food_rnk",63.5354
"18065","zcta",2023,"food_rnk",33.5286
"18066","zcta",2023,"food_rnk",88.7547
"18067","zcta",2023,"food_rnk",64.212
"18069","zcta",2023,"food_rnk",83.0285
"18070","zcta",2023,"food_rnk",98.2391
"18071","zcta",2023,"food_rnk",61.153
"18072","zcta",2023,"food_rnk",32.8877
"18073","zcta",2023,"food_rnk",90.5254
"18074","zcta",2023,"food_rnk",91.1533
"18076","zcta",2023,"food_rnk",56.5597
"18077","zcta",2023,"food_rnk",92.6262
"18078","zcta",2023,"food_rnk",69.9446
"18079","zcta",2023,"food_rnk",5.218
"18080","zcta",2023,"food_rnk",59.4892
"18081","zcta",2023,"food_rnk",99.9385
"18083","zcta",2023,"food_rnk",90.6872
"18085","zcta",2023,"food_rnk",92.9984
"18086","zcta",2023,"food_rnk",98.0352
"18087","zcta",2023,"food_rnk",67.9992
"18088","zcta",2023,"food_rnk",53.7598
"18091","zcta",2023,"food_rnk",70.168
"18092","zcta",2023,"food_rnk",96.4426
"18101","zcta",2023,"food_rnk",1.5764
"18102","zcta",2023,"food_rnk",1.0682
"18103","zcta",2023,"food_rnk",17.2531
"18104","zcta",2023,"food_rnk",43.7316
"18106","zcta",2023,"food_rnk",85.2394
"18109","zcta",2023,"food_rnk",5.1047
"18195","zcta",2023,"food_rnk",NA
"18201","zcta",2023,"food_rnk",6.5031
"18202","zcta",2023,"food_rnk",10.4425
"18210","zcta",2023,"food_rnk",43.0615
"18211","zcta",2023,"food_rnk",46.7096
"18212","zcta",2023,"food_rnk",NA
"18214","zcta",2023,"food_rnk",38.6172
"18216","zcta",2023,"food_rnk",32.9783
"18218","zcta",2023,"food_rnk",14.5276
"18219","zcta",2023,"food_rnk",37.3094
"18220","zcta",2023,"food_rnk",27.8283
"18221","zcta",2023,"food_rnk",1.2624
"18222","zcta",2023,"food_rnk",52.0733
"18223","zcta",2023,"food_rnk",NA
"18224","zcta",2023,"food_rnk",14.8966
"18225","zcta",2023,"food_rnk",NA
"18229","zcta",2023,"food_rnk",41.0708
"18230","zcta",2023,"food_rnk",3.6772
"18231","zcta",2023,"food_rnk",79.8466
"18232","zcta",2023,"food_rnk",3.0525
"18234","zcta",2023,"food_rnk",15.5116
"18235","zcta",2023,"food_rnk",46.8553
"18237","zcta",2023,"food_rnk",31.9199
"18239","zcta",2023,"food_rnk",NA
"18240","zcta",2023,"food_rnk",14.4499
"18241","zcta",2023,"food_rnk",90.9591
"18242","zcta",2023,"food_rnk",44.6994
"18244","zcta",2023,"food_rnk",66.2901
"18245","zcta",2023,"food_rnk",86.4435
"18246","zcta",2023,"food_rnk",97.5917
"18248","zcta",2023,"food_rnk",1.557
"18249","zcta",2023,"food_rnk",72.7997
"18250","zcta",2023,"food_rnk",2.2109
"18252","zcta",2023,"food_rnk",15.8547
"18254","zcta",2023,"food_rnk",74.6124
"18255","zcta",2023,"food_rnk",35.6683
"18256","zcta",2023,"food_rnk",93.8497
"18301","zcta",2023,"food_rnk",30.761
"18302","zcta",2023,"food_rnk",28.8965
"18321","zcta",2023,"food_rnk",29.6799
"18322","zcta",2023,"food_rnk",92.2086
"18323","zcta",2023,"food_rnk",83.6565
"18324","zcta",2023,"food_rnk",25.9735
"18325","zcta",2023,"food_rnk",52.0733
"18326","zcta",2023,"food_rnk",86.0778
"18327","zcta",2023,"food_rnk",80.4584
"18328","zcta",2023,"food_rnk",37.4454
"18330","zcta",2023,"food_rnk",73.0457
"18331","zcta",2023,"food_rnk",97.3619
"18332","zcta",2023,"food_rnk",55.3394
"18333","zcta",2023,"food_rnk",NA
"18334","zcta",2023,"food_rnk",37.8112
"18335","zcta",2023,"food_rnk",62.9981
"18336","zcta",2023,"food_rnk",25.9379
"18337","zcta",2023,"food_rnk",48.0594
"18340","zcta",2023,"food_rnk",1.3077
"18342","zcta",2023,"food_rnk",95.7693
"18343","zcta",2023,"food_rnk",90.3635
"18344","zcta",2023,"food_rnk",26.404
"18346","zcta",2023,"food_rnk",48.2504
"18347","zcta",2023,"food_rnk",24.601
"18349","zcta",2023,"food_rnk",98.0449
"18350","zcta",2023,"food_rnk",82.6725
"18351","zcta",2023,"food_rnk",60.7743
"18353","zcta",2023,"food_rnk",44.612
"18354","zcta",2023,"food_rnk",97.9121
"18355","zcta",2023,"food_rnk",7.0469
"18356","zcta",2023,"food_rnk",NA
"18357","zcta",2023,"food_rnk",NA
"18360","zcta",2023,"food_rnk",35.2798
"18370","zcta",2023,"food_rnk",22.5812
"18371","zcta",2023,"food_rnk",3.7128
"18372","zcta",2023,"food_rnk",36.7624
"18403","zcta",2023,"food_rnk",65.6654
"18405","zcta",2023,"food_rnk",59.4504
"18407","zcta",2023,"food_rnk",9.3808
"18411","zcta",2023,"food_rnk",68.1417
"18413","zcta",2023,"food_rnk",NA
"18414","zcta",2023,"food_rnk",65.5909
"18415","zcta",2023,"food_rnk",76.1564
"18417","zcta",2023,"food_rnk",61.849
"18419","zcta",2023,"food_rnk",33.4542
"18420","zcta",2023,"food_rnk",NA
"18421","zcta",2023,"food_rnk",44.4405
"18424","zcta",2023,"food_rnk",28.6117
"18425","zcta",2023,"food_rnk",12.7019
"18426","zcta",2023,"food_rnk",50.2962
"18428","zcta",2023,"food_rnk",64.8529
"18430","zcta",2023,"food_rnk",NA
"18431","zcta",2023,"food_rnk",43.314
"18433","zcta",2023,"food_rnk",66.8792
"18434","zcta",2023,"food_rnk",14.7606
"18435","zcta",2023,"food_rnk",93.3933
"18436","zcta",2023,"food_rnk",42.9062
"18437","zcta",2023,"food_rnk",93.6749
"18438","zcta",2023,"food_rnk",20.4545
"18439","zcta",2023,"food_rnk",22.0341
"18440","zcta",2023,"food_rnk",NA
"18441","zcta",2023,"food_rnk",75.3051
"18443","zcta",2023,"food_rnk",99.4918
"18444","zcta",2023,"food_rnk",54.6305
"18445","zcta",2023,"food_rnk",36.5941
"18446","zcta",2023,"food_rnk",34.7619
"18447","zcta",2023,"food_rnk",47.0204
"18451","zcta",2023,"food_rnk",21.3802
"18452","zcta",2023,"food_rnk",43.259
"18453","zcta",2023,"food_rnk",60.4571
"18454","zcta",2023,"food_rnk",NA
"18455","zcta",2023,"food_rnk",98.3394
"18456","zcta",2023,"food_rnk",90.9591
"18457","zcta",2023,"food_rnk",NA
"18458","zcta",2023,"food_rnk",63.2247
"18460","zcta",2023,"food_rnk",21.4029
"18461","zcta",2023,"food_rnk",77.0628
"18462","zcta",2023,"food_rnk",75.9104
"18463","zcta",2023,"food_rnk",5.2051
"18464","zcta",2023,"food_rnk",71.2427
"18465","zcta",2023,"food_rnk",25.925
"18466","zcta",2023,"food_rnk",16.1978
"18469","zcta",2023,"food_rnk",93.6037
"18470","zcta",2023,"food_rnk",62.4737
"18471","zcta",2023,"food_rnk",54.569
"18472","zcta",2023,"food_rnk",NA
"18473","zcta",2023,"food_rnk",0.2913
"18503","zcta",2023,"food_rnk",NA
"18504","zcta",2023,"food_rnk",7.5745
"18505","zcta",2023,"food_rnk",9.0085
"18507","zcta",2023,"food_rnk",55.8508
"18508","zcta",2023,"food_rnk",5.969
"18509","zcta",2023,"food_rnk",23.3613
"18510","zcta",2023,"food_rnk",7.9727
"18512","zcta",2023,"food_rnk",43.505
"18517","zcta",2023,"food_rnk",19.2309
"18518","zcta",2023,"food_rnk",23.8436
"18519","zcta",2023,"food_rnk",13.3105
"18602","zcta",2023,"food_rnk",68.174
"18603","zcta",2023,"food_rnk",31.2174
"18610","zcta",2023,"food_rnk",11.501
"18612","zcta",2023,"food_rnk",65.8369
"18614","zcta",2023,"food_rnk",43.45
"18615","zcta",2023,"food_rnk",65.5424
"18616","zcta",2023,"food_rnk",87.2495
"18617","zcta",2023,"food_rnk",14.3236
"18618","zcta",2023,"food_rnk",20.0272
"18619","zcta",2023,"food_rnk",66.999
"18621","zcta",2023,"food_rnk",24.4424
"18622","zcta",2023,"food_rnk",49.6197
"18623","zcta",2023,"food_rnk",41.8121
"18624","zcta",2023,"food_rnk",98.1711
"18625","zcta",2023,"food_rnk",86.6377
"18626","zcta",2023,"food_rnk",95.5848
"18627","zcta",2023,"food_rnk",NA
"18628","zcta",2023,"food_rnk",81.041
"18629","zcta",2023,"food_rnk",37.0505
"18630","zcta",2023,"food_rnk",34.6519
"18631","zcta",2023,"food_rnk",83.1256
"18632","zcta",2023,"food_rnk",48.6291
"18634","zcta",2023,"food_rnk",10.4619
"18635","zcta",2023,"food_rnk",68.9897
"18636","zcta",2023,"food_rnk",34.5289
"18640","zcta",2023,"food_rnk",14.3398
"18641","zcta",2023,"food_rnk",44.4081
"18642","zcta",2023,"food_rnk",17.7937
"18643","zcta",2023,"food_rnk",26.4785
"18644","zcta",2023,"food_rnk",73.6121
"18651","zcta",2023,"food_rnk",10.3357
"18655","zcta",2023,"food_rnk",43.9744
"18656","zcta",2023,"food_rnk",49.2701
"18657","zcta",2023,"food_rnk",29.6702
"18660","zcta",2023,"food_rnk",72.5245
"18661","zcta",2023,"food_rnk",28.9613
"18701","zcta",2023,"food_rnk",NA
"18702","zcta",2023,"food_rnk",6.7135
"18704","zcta",2023,"food_rnk",14.0711
"18705","zcta",2023,"food_rnk",17.2402
"18706","zcta",2023,"food_rnk",6.4189
"18707","zcta",2023,"food_rnk",46.2014
"18708","zcta",2023,"food_rnk",56.4464
"18709","zcta",2023,"food_rnk",6.351
"18801","zcta",2023,"food_rnk",64.0857
"18810","zcta",2023,"food_rnk",24.9798
"18812","zcta",2023,"food_rnk",81.4974
"18814","zcta",2023,"food_rnk",53.394
"18816","zcta",2023,"food_rnk",31.69
"18817","zcta",2023,"food_rnk",25.0575
"18818","zcta",2023,"food_rnk",74.4797
"18820","zcta",2023,"food_rnk",NA
"18821","zcta",2023,"food_rnk",60.0071
"18822","zcta",2023,"food_rnk",36.3027
"18823","zcta",2023,"food_rnk",89.7679
"18824","zcta",2023,"food_rnk",71.1974
"18825","zcta",2023,"food_rnk",88.1527
"18826","zcta",2023,"food_rnk",89.7452
"18828","zcta",2023,"food_rnk",38.8955
"18829","zcta",2023,"food_rnk",89.1043
"18830","zcta",2023,"food_rnk",57.0356
"18831","zcta",2023,"food_rnk",78.9273
"18832","zcta",2023,"food_rnk",45.8324
"18833","zcta",2023,"food_rnk",44.256
"18834","zcta",2023,"food_rnk",71.0549
"18837","zcta",2023,"food_rnk",68.6952
"18840","zcta",2023,"food_rnk",47.1466
"18842","zcta",2023,"food_rnk",40.8895
"18843","zcta",2023,"food_rnk",3.4021
"18844","zcta",2023,"food_rnk",67.7823
"18845","zcta",2023,"food_rnk",75.5317
"18846","zcta",2023,"food_rnk",60.7743
"18847","zcta",2023,"food_rnk",22.1636
"18848","zcta",2023,"food_rnk",32.0882
"18850","zcta",2023,"food_rnk",43.2104
"18851","zcta",2023,"food_rnk",75.1983
"18853","zcta",2023,"food_rnk",54.2777
"18854","zcta",2023,"food_rnk",19.205
"18901","zcta",2023,"food_rnk",71.6732
"18902","zcta",2023,"food_rnk",84.7732
"18912","zcta",2023,"food_rnk",99.7443
"18913","zcta",2023,"food_rnk",99.6601
"18914","zcta",2023,"food_rnk",79.3772
"18915","zcta",2023,"food_rnk",83.8863
"18917","zcta",2023,"food_rnk",54.1514
"18920","zcta",2023,"food_rnk",23.0829
"18921","zcta",2023,"food_rnk",99.8964
"18923","zcta",2023,"food_rnk",98.9901
"18925","zcta",2023,"food_rnk",90.5059
"18927","zcta",2023,"food_rnk",70.0418
"18929","zcta",2023,"food_rnk",77.6875
"18930","zcta",2023,"food_rnk",87.5765
"18932","zcta",2023,"food_rnk",99.0904
"18933","zcta",2023,"food_rnk",88.7839
"18935","zcta",2023,"food_rnk",99.2782
"18936","zcta",2023,"food_rnk",98.812
"18938","zcta",2023,"food_rnk",89.5737
"18940","zcta",2023,"food_rnk",82.42
"18942","zcta",2023,"food_rnk",91.1954
"18944","zcta",2023,"food_rnk",70.2004
"18946","zcta",2023,"food_rnk",96.2581
"18947","zcta",2023,"food_rnk",93.6976
"18951","zcta",2023,"food_rnk",50.1699
"18954","zcta",2023,"food_rnk",90.6387
"18955","zcta",2023,"food_rnk",95.9667
"18960","zcta",2023,"food_rnk",62.3928
"18962","zcta",2023,"food_rnk",13.7572
"18964","zcta",2023,"food_rnk",70.7118
"18966","zcta",2023,"food_rnk",64.4806
"18969","zcta",2023,"food_rnk",74.8325
"18970","zcta",2023,"food_rnk",90.9915
"18972","zcta",2023,"food_rnk",90.3117
"18974","zcta",2023,"food_rnk",45.8097
"18976","zcta",2023,"food_rnk",76.1694
"18977","zcta",2023,"food_rnk",93.9048
"18980","zcta",2023,"food_rnk",NA
"19001","zcta",2023,"food_rnk",66.8663
"19002","zcta",2023,"food_rnk",67.9992
"19003","zcta",2023,"food_rnk",67.2903
"19004","zcta",2023,"food_rnk",64.5357
"19006","zcta",2023,"food_rnk",61.7227
"19007","zcta",2023,"food_rnk",23.6397
"19008","zcta",2023,"food_rnk",77.325
"19009","zcta",2023,"food_rnk",98.6955
"19010","zcta",2023,"food_rnk",88.3825
"19012","zcta",2023,"food_rnk",64.9435
"19013","zcta",2023,"food_rnk",1.2398
"19014","zcta",2023,"food_rnk",45.5314
"19015","zcta",2023,"food_rnk",35.6909
"19017","zcta",2023,"food_rnk",45.7676
"19018","zcta",2023,"food_rnk",37.6008
"19020","zcta",2023,"food_rnk",17.3826
"19021","zcta",2023,"food_rnk",17.4473
"19022","zcta",2023,"food_rnk",10.7921
"19023","zcta",2023,"food_rnk",4.3764
"19025","zcta",2023,"food_rnk",92.1827
"19026","zcta",2023,"food_rnk",41.0708
"19027","zcta",2023,"food_rnk",53.5235
"19029","zcta",2023,"food_rnk",19.4963
"19030","zcta",2023,"food_rnk",35.0856
"19031","zcta",2023,"food_rnk",84.6114
"19032","zcta",2023,"food_rnk",6.1373
"19033","zcta",2023,"food_rnk",43.6895
"19034","zcta",2023,"food_rnk",91.0918
"19035","zcta",2023,"food_rnk",98.7473
"19036","zcta",2023,"food_rnk",24.6723
"19038","zcta",2023,"food_rnk",63.3056
"19040","zcta",2023,"food_rnk",68.8182
"19041","zcta",2023,"food_rnk",92.1665
"19043","zcta",2023,"food_rnk",65.2704
"19044","zcta",2023,"food_rnk",61.0073
"19046","zcta",2023,"food_rnk",77.1922
"19047","zcta",2023,"food_rnk",52.1898
"19050","zcta",2023,"food_rnk",19.8168
"19052","zcta",2023,"food_rnk",56.8899
"19053","zcta",2023,"food_rnk",71.5146
"19054","zcta",2023,"food_rnk",47.7616
"19055","zcta",2023,"food_rnk",45.6479
"19056","zcta",2023,"food_rnk",37.468
"19057","zcta",2023,"food_rnk",39.4555
"19060","zcta",2023,"food_rnk",84.1712
"19061","zcta",2023,"food_rnk",22.3999
"19063","zcta",2023,"food_rnk",70.6244
"19064","zcta",2023,"food_rnk",80.8921
"19066","zcta",2023,"food_rnk",91.231
"19067","zcta",2023,"food_rnk",49.3801
"19070","zcta",2023,"food_rnk",58.7253
"19072","zcta",2023,"food_rnk",82.9476
"19073","zcta",2023,"food_rnk",82.9314
"19074","zcta",2023,"food_rnk",27.0644
"19075","zcta",2023,"food_rnk",71.3981
"19076","zcta",2023,"food_rnk",33.0755
"19078","zcta",2023,"food_rnk",51.1572
"19079","zcta",2023,"food_rnk",9.8857
"19081","zcta",2023,"food_rnk",70.168
"19082","zcta",2023,"food_rnk",12.3167
"19083","zcta",2023,"food_rnk",60.3535
"19085","zcta",2023,"food_rnk",NA
"19086","zcta",2023,"food_rnk",78.1407
"19087","zcta",2023,"food_rnk",69.6145
"19090","zcta",2023,"food_rnk",58.6444
"19094","zcta",2023,"food_rnk",43.1684
"19095","zcta",2023,"food_rnk",86.6636
"19096","zcta",2023,"food_rnk",82.2355
"19102","zcta",2023,"food_rnk",87.6736
"19103","zcta",2023,"food_rnk",58.7091
"19104","zcta",2023,"food_rnk",3.0201
"19106","zcta",2023,"food_rnk",87.994
"19107","zcta",2023,"food_rnk",27.3687
"19108","zcta",2023,"food_rnk",95.6042
"19109","zcta",2023,"food_rnk",NA
"19111","zcta",2023,"food_rnk",5.2083
"19112","zcta",2023,"food_rnk",NA
"19113","zcta",2023,"food_rnk",NA
"19114","zcta",2023,"food_rnk",18.4799
"19115","zcta",2023,"food_rnk",25.4718
"19116","zcta",2023,"food_rnk",15.1426
"19118","zcta",2023,"food_rnk",79.1085
"19119","zcta",2023,"food_rnk",31.7807
"19120","zcta",2023,"food_rnk",1.0035
"19121","zcta",2023,"food_rnk",2.1202
"19122","zcta",2023,"food_rnk",3.6513
"19123","zcta",2023,"food_rnk",17.3955
"19124","zcta",2023,"food_rnk",0.5568
"19125","zcta",2023,"food_rnk",21.7169
"19126","zcta",2023,"food_rnk",13.8866
"19127","zcta",2023,"food_rnk",89.7452
"19128","zcta",2023,"food_rnk",47.6613
"19129","zcta",2023,"food_rnk",25.5721
"19130","zcta",2023,"food_rnk",58.557
"19131","zcta",2023,"food_rnk",6.3315
"19132","zcta",2023,"food_rnk",0.4597
"19133","zcta",2023,"food_rnk",0.3658
"19134","zcta",2023,"food_rnk",0.5729
"19135","zcta",2023,"food_rnk",3.6189
"19136","zcta",2023,"food_rnk",7.0469
"19137","zcta",2023,"food_rnk",30.0683
"19138","zcta",2023,"food_rnk",2.5378
"19139","zcta",2023,"food_rnk",2.4083
"19140","zcta",2023,"food_rnk",0.4435
"19141","zcta",2023,"food_rnk",2.7838
"19142","zcta",2023,"food_rnk",2.91
"19143","zcta",2023,"food_rnk",2.062
"19144","zcta",2023,"food_rnk",2.7191
"19145","zcta",2023,"food_rnk",10.326
"19146","zcta",2023,"food_rnk",21.0112
"19147","zcta",2023,"food_rnk",28.3915
"19148","zcta",2023,"food_rnk",5.2892
"19149","zcta",2023,"food_rnk",3.3794
"19150","zcta",2023,"food_rnk",24.1641
"19151","zcta",2023,"food_rnk",10.6756
"19152","zcta",2023,"food_rnk",10.8827
"19153","zcta",2023,"food_rnk",19.6808
"19154","zcta",2023,"food_rnk",27.9481
"19301","zcta",2023,"food_rnk",82.2031
"19310","zcta",2023,"food_rnk",34.257
"19311","zcta",2023,"food_rnk",78.9791
"19312","zcta",2023,"food_rnk",87.6962
"19316","zcta",2023,"food_rnk",NA
"19317","zcta",2023,"food_rnk",91.8169
"19319","zcta",2023,"food_rnk",59.3371
"19320","zcta",2023,"food_rnk",21.6683
"19330","zcta",2023,"food_rnk",83.595
"19333","zcta",2023,"food_rnk",92.7168
"19335","zcta",2023,"food_rnk",64.6263
"19341","zcta",2023,"food_rnk",86.9323
"19342","zcta",2023,"food_rnk",74.9296
"19343","zcta",2023,"food_rnk",92.1341
"19344","zcta",2023,"food_rnk",65.1604
"19345","zcta",2023,"food_rnk",NA
"19348","zcta",2023,"food_rnk",71.5761
"19350","zcta",2023,"food_rnk",90.2243
"19352","zcta",2023,"food_rnk",88.0588
"19355","zcta",2023,"food_rnk",77.0142
"19358","zcta",2023,"food_rnk",4.5997
"19362","zcta",2023,"food_rnk",65.196
"19363","zcta",2023,"food_rnk",39.6206
"19365","zcta",2023,"food_rnk",41.6211
"19367","zcta",2023,"food_rnk",2.2691
"19369","zcta",2023,"food_rnk",99.2167
"19372","zcta",2023,"food_rnk",79.8466
"19373","zcta",2023,"food_rnk",98.8509
"19374","zcta",2023,"food_rnk",6.8948
"19375","zcta",2023,"food_rnk",99.822
"19380","zcta",2023,"food_rnk",70.0223
"19382","zcta",2023,"food_rnk",63.8656
"19383","zcta",2023,"food_rnk",NA
"19390","zcta",2023,"food_rnk",86.0001
"19401","zcta",2023,"food_rnk",7.6587
"19403","zcta",2023,"food_rnk",56.7151
"19405","zcta",2023,"food_rnk",51.4
"19406","zcta",2023,"food_rnk",66.9666
"19422","zcta",2023,"food_rnk",78.6845
"19425","zcta",2023,"food_rnk",93.6749
"19426","zcta",2023,"food_rnk",71.5761
"19428","zcta",2023,"food_rnk",73.4568
"19435","zcta",2023,"food_rnk",NA
"19436","zcta",2023,"food_rnk",88.4407
"19437","zcta",2023,"food_rnk",NA
"19438","zcta",2023,"food_rnk",62.4575
"19440","zcta",2023,"food_rnk",67.8892
"19442","zcta",2023,"food_rnk",NA
"19444","zcta",2023,"food_rnk",92.118
"19446","zcta",2023,"food_rnk",42.9612
"19453","zcta",2023,"food_rnk",89.619
"19454","zcta",2023,"food_rnk",70.6471
"19456","zcta",2023,"food_rnk",95.8146
"19457","zcta",2023,"food_rnk",NA
"19460","zcta",2023,"food_rnk",55.0416
"19462","zcta",2023,"food_rnk",70.5564
"19464","zcta",2023,"food_rnk",14.7088
"19465","zcta",2023,"food_rnk",79.0114
"19468","zcta",2023,"food_rnk",57.4693
"19472","zcta",2023,"food_rnk",NA
"19473","zcta",2023,"food_rnk",70.3687
"19474","zcta",2023,"food_rnk",98.265
"19475","zcta",2023,"food_rnk",34.0886
"19477","zcta",2023,"food_rnk",NA
"19490","zcta",2023,"food_rnk",99.4044
"19492","zcta",2023,"food_rnk",98.1484
"19501","zcta",2023,"food_rnk",63.6746
"19503","zcta",2023,"food_rnk",53.9669
"19504","zcta",2023,"food_rnk",77.325
"19505","zcta",2023,"food_rnk",56.8187
"19506","zcta",2023,"food_rnk",79.989
"19507","zcta",2023,"food_rnk",49.296
"19508","zcta",2023,"food_rnk",54.1126
"19510","zcta",2023,"food_rnk",75.9104
"19511","zcta",2023,"food_rnk",99.0645
"19512","zcta",2023,"food_rnk",64.1569
"19516","zcta",2023,"food_rnk",23.5393
"19518","zcta",2023,"food_rnk",79.1733
"19520","zcta",2023,"food_rnk",59.0652
"19522","zcta",2023,"food_rnk",70.5564
"19523","zcta",2023,"food_rnk",NA
"19525","zcta",2023,"food_rnk",70.9546
"19526","zcta",2023,"food_rnk",66.2513
"19529","zcta",2023,"food_rnk",72.1426
"19530","zcta",2023,"food_rnk",70.1065
"19533","zcta",2023,"food_rnk",71.6149
"19534","zcta",2023,"food_rnk",75.9428
"19535","zcta",2023,"food_rnk",NA
"19536","zcta",2023,"food_rnk",46.428
"19538","zcta",2023,"food_rnk",NA
"19539","zcta",2023,"food_rnk",91.3573
"19540","zcta",2023,"food_rnk",66.6008
"19541","zcta",2023,"food_rnk",94.6331
"19543","zcta",2023,"food_rnk",73.7869
"19544","zcta",2023,"food_rnk",14.6182
"19545","zcta",2023,"food_rnk",7.6004
"19547","zcta",2023,"food_rnk",68.8797
"19549","zcta",2023,"food_rnk",16.3435
"19550","zcta",2023,"food_rnk",NA
"19551","zcta",2023,"food_rnk",78.9532
"19554","zcta",2023,"food_rnk",98.3232
"19555","zcta",2023,"food_rnk",39.6789
"19559","zcta",2023,"food_rnk",95.8146
"19560","zcta",2023,"food_rnk",33.0755
"19562","zcta",2023,"food_rnk",48.6097
"19564","zcta",2023,"food_rnk",87.6606
"19565","zcta",2023,"food_rnk",90.5966
"19567","zcta",2023,"food_rnk",84.7053
"19601","zcta",2023,"food_rnk",1.9778
"19602","zcta",2023,"food_rnk",1.7059
"19604","zcta",2023,"food_rnk",5.7359
"19605","zcta",2023,"food_rnk",34.6227
"19606","zcta",2023,"food_rnk",24.1252
"19607","zcta",2023,"food_rnk",28.9256
"19608","zcta",2023,"food_rnk",59.5798
"19609","zcta",2023,"food_rnk",62.8136
"19610","zcta",2023,"food_rnk",74.0524
"19611","zcta",2023,"food_rnk",7.267
"15001","zcta",2023,"food_state_rnk",23.5928
"15003","zcta",2023,"food_state_rnk",23.2934
"15004","zcta",2023,"food_state_rnk",65.0898
"15005","zcta",2023,"food_state_rnk",74.0719
"15006","zcta",2023,"food_state_rnk",NA
"15007","zcta",2023,"food_state_rnk",17.3054
"15009","zcta",2023,"food_state_rnk",67.9341
"15010","zcta",2023,"food_state_rnk",22.8144
"15012","zcta",2023,"food_state_rnk",29.521
"15014","zcta",2023,"food_state_rnk",17.006
"15015","zcta",2023,"food_state_rnk",95.988
"15017","zcta",2023,"food_state_rnk",69.7006
"15018","zcta",2023,"food_state_rnk",15.9281
"15019","zcta",2023,"food_state_rnk",84.3114
"15020","zcta",2023,"food_state_rnk",2.2754
"15021","zcta",2023,"food_state_rnk",42.0359
"15022","zcta",2023,"food_state_rnk",15.2096
"15024","zcta",2023,"food_state_rnk",51.8563
"15025","zcta",2023,"food_state_rnk",27.1856
"15026","zcta",2023,"food_state_rnk",80.1796
"15027","zcta",2023,"food_state_rnk",57.515
"15028","zcta",2023,"food_state_rnk",68.6228
"15030","zcta",2023,"food_state_rnk",26.2275
"15031","zcta",2023,"food_state_rnk",19.2814
"15033","zcta",2023,"food_state_rnk",5.6886
"15034","zcta",2023,"food_state_rnk",52.5749
"15035","zcta",2023,"food_state_rnk",50.0599
"15037","zcta",2023,"food_state_rnk",42.3952
"15038","zcta",2023,"food_state_rnk",23.3533
"15042","zcta",2023,"food_state_rnk",29.5808
"15043","zcta",2023,"food_state_rnk",37.2455
"15044","zcta",2023,"food_state_rnk",77.0659
"15045","zcta",2023,"food_state_rnk",15.8683
"15046","zcta",2023,"food_state_rnk",85.988
"15047","zcta",2023,"food_state_rnk",87.7246
"15049","zcta",2023,"food_state_rnk",39.8802
"15050","zcta",2023,"food_state_rnk",53.9222
"15051","zcta",2023,"food_state_rnk",85.8383
"15052","zcta",2023,"food_state_rnk",68.1737
"15053","zcta",2023,"food_state_rnk",97.1257
"15054","zcta",2023,"food_state_rnk",12.0958
"15055","zcta",2023,"food_state_rnk",68.9222
"15056","zcta",2023,"food_state_rnk",25.8683
"15057","zcta",2023,"food_state_rnk",76.976
"15059","zcta",2023,"food_state_rnk",12.2754
"15060","zcta",2023,"food_state_rnk",21.497
"15061","zcta",2023,"food_state_rnk",52.3353
"15062","zcta",2023,"food_state_rnk",14.7904
"15063","zcta",2023,"food_state_rnk",39.1617
"15064","zcta",2023,"food_state_rnk",16.497
"15065","zcta",2023,"food_state_rnk",25.2994
"15066","zcta",2023,"food_state_rnk",21.4072
"15067","zcta",2023,"food_state_rnk",20.2096
"15068","zcta",2023,"food_state_rnk",17.485
"15071","zcta",2023,"food_state_rnk",71.6766
"15072","zcta",2023,"food_state_rnk",NA
"15074","zcta",2023,"food_state_rnk",31.3174
"15075","zcta",2023,"food_state_rnk",NA
"15076","zcta",2023,"food_state_rnk",13.8024
"15077","zcta",2023,"food_state_rnk",98.982
"15078","zcta",2023,"food_state_rnk",9.1018
"15081","zcta",2023,"food_state_rnk",16.5868
"15082","zcta",2023,"food_state_rnk",7.6647
"15083","zcta",2023,"food_state_rnk",66.2874
"15084","zcta",2023,"food_state_rnk",40
"15085","zcta",2023,"food_state_rnk",51.9162
"15086","zcta",2023,"food_state_rnk",99.2814
"15087","zcta",2023,"food_state_rnk",NA
"15088","zcta",2023,"food_state_rnk",14.5509
"15089","zcta",2023,"food_state_rnk",27.2455
"15090","zcta",2023,"food_state_rnk",83.1138
"15101","zcta",2023,"food_state_rnk",81.6168
"15102","zcta",2023,"food_state_rnk",71.9461
"15104","zcta",2023,"food_state_rnk",5.2695
"15106","zcta",2023,"food_state_rnk",33.7725
"15108","zcta",2023,"food_state_rnk",58.2635
"15110","zcta",2023,"food_state_rnk",0.8982
"15112","zcta",2023,"food_state_rnk",3.8323
"15116","zcta",2023,"food_state_rnk",79.6707
"15120","zcta",2023,"food_state_rnk",15.5389
"15122","zcta",2023,"food_state_rnk",11.9162
"15123","zcta",2023,"food_state_rnk",NA
"15126","zcta",2023,"food_state_rnk",41.2275
"15129","zcta",2023,"food_state_rnk",81.0778
"15131","zcta",2023,"food_state_rnk",55.1198
"15132","zcta",2023,"food_state_rnk",3.0539
"15133","zcta",2023,"food_state_rnk",15.2695
"15135","zcta",2023,"food_state_rnk",74.6707
"15136","zcta",2023,"food_state_rnk",10.5389
"15137","zcta",2023,"food_state_rnk",21.2575
"15139","zcta",2023,"food_state_rnk",87.9641
"15140","zcta",2023,"food_state_rnk",2.8743
"15142","zcta",2023,"food_state_rnk",96.7066
"15143","zcta",2023,"food_state_rnk",80.988
"15144","zcta",2023,"food_state_rnk",48.503
"15145","zcta",2023,"food_state_rnk",9.7904
"15146","zcta",2023,"food_state_rnk",32.9042
"15147","zcta",2023,"food_state_rnk",27.1257
"15148","zcta",2023,"food_state_rnk",3.2934
"15201","zcta",2023,"food_state_rnk",60.5689
"15202","zcta",2023,"food_state_rnk",52.2156
"15203","zcta",2023,"food_state_rnk",59.491
"15204","zcta",2023,"food_state_rnk",13.2335
"15205","zcta",2023,"food_state_rnk",26.0479
"15206","zcta",2023,"food_state_rnk",18.8922
"15207","zcta",2023,"food_state_rnk",9.1916
"15208","zcta",2023,"food_state_rnk",8.8024
"15209","zcta",2023,"food_state_rnk",50.6587
"15210","zcta",2023,"food_state_rnk",3.9521
"15211","zcta",2023,"food_state_rnk",28.8024
"15212","zcta",2023,"food_state_rnk",7.4251
"15213","zcta",2023,"food_state_rnk",NA
"15214","zcta",2023,"food_state_rnk",6.8263
"15215","zcta",2023,"food_state_rnk",54.491
"15216","zcta",2023,"food_state_rnk",49.4611
"15217","zcta",2023,"food_state_rnk",39.4611
"15218","zcta",2023,"food_state_rnk",28.1138
"15219","zcta",2023,"food_state_rnk",2.6347
"15220","zcta",2023,"food_state_rnk",51.4371
"15221","zcta",2023,"food_state_rnk",6.5269
"15222","zcta",2023,"food_state_rnk",93.7725
"15223","zcta",2023,"food_state_rnk",34.2515
"15224","zcta",2023,"food_state_rnk",30.0599
"15225","zcta",2023,"food_state_rnk",76.976
"15226","zcta",2023,"food_state_rnk",63.5329
"15227","zcta",2023,"food_state_rnk",14.0719
"15228","zcta",2023,"food_state_rnk",75.4192
"15229","zcta",2023,"food_state_rnk",60.0599
"15232","zcta",2023,"food_state_rnk",75.4192
"15233","zcta",2023,"food_state_rnk",53.1737
"15234","zcta",2023,"food_state_rnk",35.0599
"15235","zcta",2023,"food_state_rnk",20.9581
"15236","zcta",2023,"food_state_rnk",36.7665
"15237","zcta",2023,"food_state_rnk",65.7485
"15238","zcta",2023,"food_state_rnk",80.1198
"15239","zcta",2023,"food_state_rnk",69.4611
"15241","zcta",2023,"food_state_rnk",83.7126
"15243","zcta",2023,"food_state_rnk",80.7186
"15260","zcta",2023,"food_state_rnk",NA
"15275","zcta",2023,"food_state_rnk",NA
"15282","zcta",2023,"food_state_rnk",NA
"15290","zcta",2023,"food_state_rnk",NA
"15301","zcta",2023,"food_state_rnk",20.4192
"15310","zcta",2023,"food_state_rnk",36.5569
"15311","zcta",2023,"food_state_rnk",75.988
"15312","zcta",2023,"food_state_rnk",30.1198
"15313","zcta",2023,"food_state_rnk",81.7964
"15314","zcta",2023,"food_state_rnk",19.3413
"15315","zcta",2023,"food_state_rnk",1.018
"15316","zcta",2023,"food_state_rnk",53.6826
"15317","zcta",2023,"food_state_rnk",51.6168
"15320","zcta",2023,"food_state_rnk",22.2156
"15321","zcta",2023,"food_state_rnk",50.3593
"15322","zcta",2023,"food_state_rnk",24.6707
"15323","zcta",2023,"food_state_rnk",67.8443
"15324","zcta",2023,"food_state_rnk",29.7006
"15325","zcta",2023,"food_state_rnk",10.5988
"15327","zcta",2023,"food_state_rnk",26.4671
"15329","zcta",2023,"food_state_rnk",88.8024
"15330","zcta",2023,"food_state_rnk",83.2934
"15331","zcta",2023,"food_state_rnk",5.988
"15332","zcta",2023,"food_state_rnk",24.2515
"15333","zcta",2023,"food_state_rnk",13.503
"15334","zcta",2023,"food_state_rnk",95.9281
"15337","zcta",2023,"food_state_rnk",76.3473
"15338","zcta",2023,"food_state_rnk",25.9581
"15340","zcta",2023,"food_state_rnk",93.1138
"15341","zcta",2023,"food_state_rnk",56.9461
"15342","zcta",2023,"food_state_rnk",63.5928
"15344","zcta",2023,"food_state_rnk",35.7485
"15345","zcta",2023,"food_state_rnk",32.1557
"15346","zcta",2023,"food_state_rnk",12.0359
"15347","zcta",2023,"food_state_rnk",42.8144
"15348","zcta",2023,"food_state_rnk",NA
"15349","zcta",2023,"food_state_rnk",47.485
"15350","zcta",2023,"food_state_rnk",8.2635
"15351","zcta",2023,"food_state_rnk",0.6587
"15352","zcta",2023,"food_state_rnk",44.9102
"15353","zcta",2023,"food_state_rnk",NA
"15357","zcta",2023,"food_state_rnk",82.3054
"15358","zcta",2023,"food_state_rnk",54.4311
"15359","zcta",2023,"food_state_rnk",7.8443
"15360","zcta",2023,"food_state_rnk",77.7844
"15361","zcta",2023,"food_state_rnk",NA
"15362","zcta",2023,"food_state_rnk",77.3653
"15363","zcta",2023,"food_state_rnk",88.503
"15364","zcta",2023,"food_state_rnk",84.9102
"15365","zcta",2023,"food_state_rnk",37.5449
"15366","zcta",2023,"food_state_rnk",13.1737
"15367","zcta",2023,"food_state_rnk",85.5689
"15368","zcta",2023,"food_state_rnk",7.2455
"15370","zcta",2023,"food_state_rnk",15.988
"15376","zcta",2023,"food_state_rnk",41.3174
"15377","zcta",2023,"food_state_rnk",12.3952
"15378","zcta",2023,"food_state_rnk",NA
"15379","zcta",2023,"food_state_rnk",NA
"15380","zcta",2023,"food_state_rnk",78.1437
"15401","zcta",2023,"food_state_rnk",9.7006
"15410","zcta",2023,"food_state_rnk",21.9461
"15411","zcta",2023,"food_state_rnk",70.4491
"15412","zcta",2023,"food_state_rnk",1.9162
"15413","zcta",2023,"food_state_rnk",8.982
"15416","zcta",2023,"food_state_rnk",5.9281
"15417","zcta",2023,"food_state_rnk",11.6168
"15419","zcta",2023,"food_state_rnk",NA
"15420","zcta",2023,"food_state_rnk",1.497
"15421","zcta",2023,"food_state_rnk",NA
"15422","zcta",2023,"food_state_rnk",7.0659
"15423","zcta",2023,"food_state_rnk",39.8204
"15424","zcta",2023,"food_state_rnk",12.7246
"15425","zcta",2023,"food_state_rnk",14.4311
"15427","zcta",2023,"food_state_rnk",48.3234
"15428","zcta",2023,"food_state_rnk",27.7844
"15429","zcta",2023,"food_state_rnk",6.8862
"15430","zcta",2023,"food_state_rnk",10.3593
"15431","zcta",2023,"food_state_rnk",12.9341
"15432","zcta",2023,"food_state_rnk",68.6826
"15433","zcta",2023,"food_state_rnk",71.1976
"15434","zcta",2023,"food_state_rnk",37.7844
"15435","zcta",2023,"food_state_rnk",12.2156
"15436","zcta",2023,"food_state_rnk",4.9701
"15437","zcta",2023,"food_state_rnk",45.6287
"15438","zcta",2023,"food_state_rnk",8.024
"15440","zcta",2023,"food_state_rnk",8.3234
"15442","zcta",2023,"food_state_rnk",20.1198
"15443","zcta",2023,"food_state_rnk",0.1198
"15444","zcta",2023,"food_state_rnk",69.0719
"15445","zcta",2023,"food_state_rnk",16.8862
"15446","zcta",2023,"food_state_rnk",NA
"15447","zcta",2023,"food_state_rnk",94.1317
"15448","zcta",2023,"food_state_rnk",97.1856
"15449","zcta",2023,"food_state_rnk",88.3832
"15450","zcta",2023,"food_state_rnk",NA
"15451","zcta",2023,"food_state_rnk",1.2575
"15454","zcta",2023,"food_state_rnk",0
"15455","zcta",2023,"food_state_rnk",5.1796
"15456","zcta",2023,"food_state_rnk",9.9102
"15458","zcta",2023,"food_state_rnk",20.8383
"15459","zcta",2023,"food_state_rnk",41.2275
"15460","zcta",2023,"food_state_rnk",NA
"15461","zcta",2023,"food_state_rnk",5.8683
"15462","zcta",2023,"food_state_rnk",NA
"15463","zcta",2023,"food_state_rnk",12.994
"15464","zcta",2023,"food_state_rnk",8.5629
"15465","zcta",2023,"food_state_rnk",3.7725
"15466","zcta",2023,"food_state_rnk",5.7485
"15467","zcta",2023,"food_state_rnk",NA
"15468","zcta",2023,"food_state_rnk",27.8443
"15469","zcta",2023,"food_state_rnk",24.3114
"15470","zcta",2023,"food_state_rnk",77.2455
"15472","zcta",2023,"food_state_rnk",70.1497
"15473","zcta",2023,"food_state_rnk",44.6707
"15474","zcta",2023,"food_state_rnk",11.0778
"15475","zcta",2023,"food_state_rnk",5.0299
"15476","zcta",2023,"food_state_rnk",NA
"15477","zcta",2023,"food_state_rnk",57.7545
"15478","zcta",2023,"food_state_rnk",17.8443
"15479","zcta",2023,"food_state_rnk",18.503
"15480","zcta",2023,"food_state_rnk",22.3952
"15482","zcta",2023,"food_state_rnk",27.9042
"15483","zcta",2023,"food_state_rnk",44.4311
"15484","zcta",2023,"food_state_rnk",67.4551
"15486","zcta",2023,"food_state_rnk",56.0479
"15488","zcta",2023,"food_state_rnk",NA
"15489","zcta",2023,"food_state_rnk",72.515
"15490","zcta",2023,"food_state_rnk",81.5569
"15492","zcta",2023,"food_state_rnk",3.6826
"15501","zcta",2023,"food_state_rnk",34.6108
"15502","zcta",2023,"food_state_rnk",NA
"15510","zcta",2023,"food_state_rnk",NA
"15520","zcta",2023,"food_state_rnk",84.012
"15521","zcta",2023,"food_state_rnk",24.4311
"15522","zcta",2023,"food_state_rnk",54.6707
"15530","zcta",2023,"food_state_rnk",37.006
"15531","zcta",2023,"food_state_rnk",21.9461
"15532","zcta",2023,"food_state_rnk",8.4431
"15533","zcta",2023,"food_state_rnk",17.6048
"15534","zcta",2023,"food_state_rnk",75.8683
"15535","zcta",2023,"food_state_rnk",77.7246
"15536","zcta",2023,"food_state_rnk",11.8563
"15537","zcta",2023,"food_state_rnk",38.982
"15538","zcta",2023,"food_state_rnk",65.9581
"15539","zcta",2023,"food_state_rnk",4.3114
"15540","zcta",2023,"food_state_rnk",82.515
"15541","zcta",2023,"food_state_rnk",36.7066
"15542","zcta",2023,"food_state_rnk",39.2515
"15544","zcta",2023,"food_state_rnk",84.8503
"15545","zcta",2023,"food_state_rnk",21.6766
"15546","zcta",2023,"food_state_rnk",3.1737
"15547","zcta",2023,"food_state_rnk",77.8443
"15550","zcta",2023,"food_state_rnk",60.2695
"15551","zcta",2023,"food_state_rnk",65.509
"15552","zcta",2023,"food_state_rnk",45.8383
"15554","zcta",2023,"food_state_rnk",31.5269
"15555","zcta",2023,"food_state_rnk",NA
"15557","zcta",2023,"food_state_rnk",48.1138
"15558","zcta",2023,"food_state_rnk",59.0719
"15559","zcta",2023,"food_state_rnk",80.7784
"15560","zcta",2023,"food_state_rnk",69.7605
"15561","zcta",2023,"food_state_rnk",99.521
"15562","zcta",2023,"food_state_rnk",44.3713
"15563","zcta",2023,"food_state_rnk",40.9581
"15564","zcta",2023,"food_state_rnk",18.3234
"15565","zcta",2023,"food_state_rnk",NA
"15601","zcta",2023,"food_state_rnk",33.6527
"15610","zcta",2023,"food_state_rnk",66.3772
"15611","zcta",2023,"food_state_rnk",37.485
"15612","zcta",2023,"food_state_rnk",49.4611
"15613","zcta",2023,"food_state_rnk",37.1856
"15615","zcta",2023,"food_state_rnk",97.7844
"15616","zcta",2023,"food_state_rnk",99.6707
"15617","zcta",2023,"food_state_rnk",61.6168
"15618","zcta",2023,"food_state_rnk",65.0898
"15619","zcta",2023,"food_state_rnk",55.1198
"15620","zcta",2023,"food_state_rnk",3.8922
"15622","zcta",2023,"food_state_rnk",48.7425
"15623","zcta",2023,"food_state_rnk",1.0778
"15624","zcta",2023,"food_state_rnk",88.4431
"15625","zcta",2023,"food_state_rnk",NA
"15626","zcta",2023,"food_state_rnk",72.6347
"15627","zcta",2023,"food_state_rnk",31.7964
"15628","zcta",2023,"food_state_rnk",10.0599
"15629","zcta",2023,"food_state_rnk",60.0599
"15631","zcta",2023,"food_state_rnk",14.6707
"15632","zcta",2023,"food_state_rnk",57.6048
"15633","zcta",2023,"food_state_rnk",97.8443
"15634","zcta",2023,"food_state_rnk",6.6467
"15635","zcta",2023,"food_state_rnk",2.8144
"15636","zcta",2023,"food_state_rnk",81.1377
"15637","zcta",2023,"food_state_rnk",17.5449
"15638","zcta",2023,"food_state_rnk",NA
"15639","zcta",2023,"food_state_rnk",50.1796
"15640","zcta",2023,"food_state_rnk",8.2036
"15641","zcta",2023,"food_state_rnk",28.024
"15642","zcta",2023,"food_state_rnk",38.8323
"15644","zcta",2023,"food_state_rnk",25.6287
"15646","zcta",2023,"food_state_rnk",94.7904
"15647","zcta",2023,"food_state_rnk",NA
"15650","zcta",2023,"food_state_rnk",27.4251
"15655","zcta",2023,"food_state_rnk",43.7425
"15656","zcta",2023,"food_state_rnk",44.2515
"15658","zcta",2023,"food_state_rnk",73.5329
"15660","zcta",2023,"food_state_rnk",30.2395
"15661","zcta",2023,"food_state_rnk",80.8683
"15662","zcta",2023,"food_state_rnk",94.6707
"15663","zcta",2023,"food_state_rnk",54.012
"15665","zcta",2023,"food_state_rnk",97.4251
"15666","zcta",2023,"food_state_rnk",36.9461
"15668","zcta",2023,"food_state_rnk",75.1497
"15670","zcta",2023,"food_state_rnk",76.4072
"15671","zcta",2023,"food_state_rnk",25.1497
"15672","zcta",2023,"food_state_rnk",87.4251
"15673","zcta",2023,"food_state_rnk",41.6766
"15674","zcta",2023,"food_state_rnk",98.4431
"15675","zcta",2023,"food_state_rnk",36.4671
"15676","zcta",2023,"food_state_rnk",95.2395
"15677","zcta",2023,"food_state_rnk",40.7186
"15678","zcta",2023,"food_state_rnk",17.2455
"15679","zcta",2023,"food_state_rnk",45.9281
"15680","zcta",2023,"food_state_rnk",90.1497
"15681","zcta",2023,"food_state_rnk",58.024
"15682","zcta",2023,"food_state_rnk",38.503
"15683","zcta",2023,"food_state_rnk",13.5928
"15684","zcta",2023,"food_state_rnk",35.0599
"15686","zcta",2023,"food_state_rnk",74.4012
"15687","zcta",2023,"food_state_rnk",52.0958
"15688","zcta",2023,"food_state_rnk",20.7784
"15689","zcta",2023,"food_state_rnk",NA
"15690","zcta",2023,"food_state_rnk",12.3952
"15691","zcta",2023,"food_state_rnk",95.3892
"15692","zcta",2023,"food_state_rnk",87.5449
"15693","zcta",2023,"food_state_rnk",60.6587
"15695","zcta",2023,"food_state_rnk",19.5808
"15696","zcta",2023,"food_state_rnk",37.7246
"15697","zcta",2023,"food_state_rnk",75.8683
"15698","zcta",2023,"food_state_rnk",66.7066
"15701","zcta",2023,"food_state_rnk",39.1018
"15705","zcta",2023,"food_state_rnk",NA
"15710","zcta",2023,"food_state_rnk",15.6287
"15711","zcta",2023,"food_state_rnk",46.1677
"15712","zcta",2023,"food_state_rnk",0.4192
"15713","zcta",2023,"food_state_rnk",0.0599
"15714","zcta",2023,"food_state_rnk",16.9461
"15715","zcta",2023,"food_state_rnk",24.1916
"15716","zcta",2023,"food_state_rnk",0.7186
"15717","zcta",2023,"food_state_rnk",18.982
"15720","zcta",2023,"food_state_rnk",41.8862
"15721","zcta",2023,"food_state_rnk",28.3234
"15722","zcta",2023,"food_state_rnk",43.3533
"15723","zcta",2023,"food_state_rnk",NA
"15724","zcta",2023,"food_state_rnk",65.2695
"15725","zcta",2023,"food_state_rnk",41.4371
"15727","zcta",2023,"food_state_rnk",23.2335
"15728","zcta",2023,"food_state_rnk",43.5928
"15729","zcta",2023,"food_state_rnk",31.6168
"15730","zcta",2023,"food_state_rnk",98.5629
"15731","zcta",2023,"food_state_rnk",63.4731
"15732","zcta",2023,"food_state_rnk",28.6228
"15733","zcta",2023,"food_state_rnk",NA
"15734","zcta",2023,"food_state_rnk",10.9581
"15736","zcta",2023,"food_state_rnk",51.7964
"15737","zcta",2023,"food_state_rnk",61.018
"15738","zcta",2023,"food_state_rnk",38.1737
"15739","zcta",2023,"food_state_rnk",48.6826
"15741","zcta",2023,"food_state_rnk",NA
"15742","zcta",2023,"food_state_rnk",43.8323
"15744","zcta",2023,"food_state_rnk",NA
"15745","zcta",2023,"food_state_rnk",30.5389
"15746","zcta",2023,"food_state_rnk",NA
"15747","zcta",2023,"food_state_rnk",86.5269
"15748","zcta",2023,"food_state_rnk",38.3234
"15750","zcta",2023,"food_state_rnk",0.5988
"15752","zcta",2023,"food_state_rnk",NA
"15753","zcta",2023,"food_state_rnk",27.0659
"15754","zcta",2023,"food_state_rnk",9.1916
"15756","zcta",2023,"food_state_rnk",3.5928
"15757","zcta",2023,"food_state_rnk",24.5509
"15759","zcta",2023,"food_state_rnk",39.521
"15760","zcta",2023,"food_state_rnk",95.1497
"15761","zcta",2023,"food_state_rnk",91.7066
"15762","zcta",2023,"food_state_rnk",89.2814
"15763","zcta",2023,"food_state_rnk",NA
"15764","zcta",2023,"food_state_rnk",93.5329
"15765","zcta",2023,"food_state_rnk",30.9581
"15767","zcta",2023,"food_state_rnk",27.7246
"15770","zcta",2023,"food_state_rnk",58.8323
"15771","zcta",2023,"food_state_rnk",89.7006
"15772","zcta",2023,"food_state_rnk",34.6707
"15773","zcta",2023,"food_state_rnk",20.0599
"15774","zcta",2023,"food_state_rnk",49.5808
"15775","zcta",2023,"food_state_rnk",62.4551
"15776","zcta",2023,"food_state_rnk",NA
"15777","zcta",2023,"food_state_rnk",NA
"15778","zcta",2023,"food_state_rnk",52.6946
"15779","zcta",2023,"food_state_rnk",NA
"15780","zcta",2023,"food_state_rnk",NA
"15781","zcta",2023,"food_state_rnk",NA
"15783","zcta",2023,"food_state_rnk",NA
"15784","zcta",2023,"food_state_rnk",NA
"15801","zcta",2023,"food_state_rnk",22.9341
"15821","zcta",2023,"food_state_rnk",NA
"15823","zcta",2023,"food_state_rnk",47.1257
"15824","zcta",2023,"food_state_rnk",54.7904
"15825","zcta",2023,"food_state_rnk",40.1198
"15827","zcta",2023,"food_state_rnk",95.0898
"15828","zcta",2023,"food_state_rnk",79.8503
"15829","zcta",2023,"food_state_rnk",32.0359
"15831","zcta",2023,"food_state_rnk",NA
"15832","zcta",2023,"food_state_rnk",54.1317
"15834","zcta",2023,"food_state_rnk",11.3174
"15840","zcta",2023,"food_state_rnk",21.1976
"15841","zcta",2023,"food_state_rnk",36.4072
"15845","zcta",2023,"food_state_rnk",27.6048
"15846","zcta",2023,"food_state_rnk",29.8204
"15847","zcta",2023,"food_state_rnk",NA
"15848","zcta",2023,"food_state_rnk",50.2994
"15849","zcta",2023,"food_state_rnk",18.2635
"15851","zcta",2023,"food_state_rnk",34.491
"15853","zcta",2023,"food_state_rnk",25.4491
"15856","zcta",2023,"food_state_rnk",53.1138
"15857","zcta",2023,"food_state_rnk",30.479
"15860","zcta",2023,"food_state_rnk",29.0419
"15861","zcta",2023,"food_state_rnk",79.4311
"15863","zcta",2023,"food_state_rnk",23.4431
"15864","zcta",2023,"food_state_rnk",61.2575
"15865","zcta",2023,"food_state_rnk",11.976
"15866","zcta",2023,"food_state_rnk",73.4431
"15868","zcta",2023,"food_state_rnk",48.3832
"15870","zcta",2023,"food_state_rnk",35.3892
"15901","zcta",2023,"food_state_rnk",1.976
"15902","zcta",2023,"food_state_rnk",4.3713
"15904","zcta",2023,"food_state_rnk",48.6228
"15905","zcta",2023,"food_state_rnk",40.8383
"15906","zcta",2023,"food_state_rnk",4.4311
"15909","zcta",2023,"food_state_rnk",28.5629
"15920","zcta",2023,"food_state_rnk",76.5569
"15921","zcta",2023,"food_state_rnk",77.9641
"15922","zcta",2023,"food_state_rnk",NA
"15923","zcta",2023,"food_state_rnk",19.2216
"15924","zcta",2023,"food_state_rnk",34.7904
"15925","zcta",2023,"food_state_rnk",NA
"15926","zcta",2023,"food_state_rnk",55.9281
"15927","zcta",2023,"food_state_rnk",86.4671
"15928","zcta",2023,"food_state_rnk",73.4431
"15929","zcta",2023,"food_state_rnk",95.8084
"15930","zcta",2023,"food_state_rnk",92.0359
"15931","zcta",2023,"food_state_rnk",72.4551
"15934","zcta",2023,"food_state_rnk",NA
"15935","zcta",2023,"food_state_rnk",67.0659
"15936","zcta",2023,"food_state_rnk",56.1976
"15937","zcta",2023,"food_state_rnk",38.5629
"15938","zcta",2023,"food_state_rnk",66.1976
"15940","zcta",2023,"food_state_rnk",NA
"15942","zcta",2023,"food_state_rnk",59.4012
"15943","zcta",2023,"food_state_rnk",13.8024
"15944","zcta",2023,"food_state_rnk",55.6287
"15945","zcta",2023,"food_state_rnk",21.3174
"15946","zcta",2023,"food_state_rnk",26.4072
"15948","zcta",2023,"food_state_rnk",30.3593
"15949","zcta",2023,"food_state_rnk",47.9641
"15951","zcta",2023,"food_state_rnk",7.006
"15952","zcta",2023,"food_state_rnk",66.0778
"15953","zcta",2023,"food_state_rnk",98.8922
"15954","zcta",2023,"food_state_rnk",10.7186
"15955","zcta",2023,"food_state_rnk",82.8144
"15956","zcta",2023,"food_state_rnk",21.1078
"15957","zcta",2023,"food_state_rnk",78.7425
"15958","zcta",2023,"food_state_rnk",85.1198
"15960","zcta",2023,"food_state_rnk",93.6527
"15961","zcta",2023,"food_state_rnk",51.497
"15962","zcta",2023,"food_state_rnk",9.6407
"15963","zcta",2023,"food_state_rnk",32.3353
"16001","zcta",2023,"food_state_rnk",18.1437
"16002","zcta",2023,"food_state_rnk",44.7605
"16020","zcta",2023,"food_state_rnk",40.5988
"16022","zcta",2023,"food_state_rnk",57.9042
"16023","zcta",2023,"food_state_rnk",88.6826
"16024","zcta",2023,"food_state_rnk",41.0479
"16025","zcta",2023,"food_state_rnk",57.3054
"16027","zcta",2023,"food_state_rnk",12.8144
"16028","zcta",2023,"food_state_rnk",31.9162
"16029","zcta",2023,"food_state_rnk",49.6707
"16030","zcta",2023,"food_state_rnk",39.7305
"16033","zcta",2023,"food_state_rnk",86.1677
"16034","zcta",2023,"food_state_rnk",52.4251
"16035","zcta",2023,"food_state_rnk",20.3593
"16036","zcta",2023,"food_state_rnk",11.7665
"16037","zcta",2023,"food_state_rnk",82.6347
"16038","zcta",2023,"food_state_rnk",71.3174
"16040","zcta",2023,"food_state_rnk",75.2695
"16041","zcta",2023,"food_state_rnk",31.7365
"16045","zcta",2023,"food_state_rnk",14.9701
"16046","zcta",2023,"food_state_rnk",88.2934
"16048","zcta",2023,"food_state_rnk",24.1018
"16049","zcta",2023,"food_state_rnk",30.4192
"16050","zcta",2023,"food_state_rnk",62.6347
"16051","zcta",2023,"food_state_rnk",55.3293
"16052","zcta",2023,"food_state_rnk",76.1976
"16053","zcta",2023,"food_state_rnk",90.9581
"16054","zcta",2023,"food_state_rnk",79.1018
"16055","zcta",2023,"food_state_rnk",83.3533
"16056","zcta",2023,"food_state_rnk",84.1018
"16057","zcta",2023,"food_state_rnk",42.515
"16059","zcta",2023,"food_state_rnk",84.9701
"16061","zcta",2023,"food_state_rnk",52.1557
"16063","zcta",2023,"food_state_rnk",81.4371
"16066","zcta",2023,"food_state_rnk",78.3234
"16101","zcta",2023,"food_state_rnk",6.1677
"16102","zcta",2023,"food_state_rnk",11.497
"16105","zcta",2023,"food_state_rnk",42.6946
"16110","zcta",2023,"food_state_rnk",86.7665
"16111","zcta",2023,"food_state_rnk",76.7066
"16112","zcta",2023,"food_state_rnk",30.8982
"16113","zcta",2023,"food_state_rnk",90.4491
"16114","zcta",2023,"food_state_rnk",91.5569
"16115","zcta",2023,"food_state_rnk",67.6647
"16116","zcta",2023,"food_state_rnk",69.2216
"16117","zcta",2023,"food_state_rnk",30.2994
"16120","zcta",2023,"food_state_rnk",37.3653
"16121","zcta",2023,"food_state_rnk",4.9102
"16123","zcta",2023,"food_state_rnk",88.8922
"16124","zcta",2023,"food_state_rnk",25.0898
"16125","zcta",2023,"food_state_rnk",18.5629
"16127","zcta",2023,"food_state_rnk",44.0719
"16130","zcta",2023,"food_state_rnk",71.1377
"16131","zcta",2023,"food_state_rnk",23.1437
"16132","zcta",2023,"food_state_rnk",42.2754
"16133","zcta",2023,"food_state_rnk",78.024
"16134","zcta",2023,"food_state_rnk",45.3892
"16136","zcta",2023,"food_state_rnk",5.5689
"16137","zcta",2023,"food_state_rnk",31.976
"16140","zcta",2023,"food_state_rnk",98.503
"16141","zcta",2023,"food_state_rnk",26.7665
"16142","zcta",2023,"food_state_rnk",72.9042
"16143","zcta",2023,"food_state_rnk",12.5749
"16145","zcta",2023,"food_state_rnk",40.3593
"16146","zcta",2023,"food_state_rnk",5.0898
"16148","zcta",2023,"food_state_rnk",31.2575
"16150","zcta",2023,"food_state_rnk",38.2635
"16151","zcta",2023,"food_state_rnk",NA
"16153","zcta",2023,"food_state_rnk",38.4132
"16154","zcta",2023,"food_state_rnk",74.1916
"16155","zcta",2023,"food_state_rnk",NA
"16156","zcta",2023,"food_state_rnk",68.4132
"16157","zcta",2023,"food_state_rnk",33.024
"16159","zcta",2023,"food_state_rnk",36.6467
"16160","zcta",2023,"food_state_rnk",5.1796
"16161","zcta",2023,"food_state_rnk",6.1078
"16172","zcta",2023,"food_state_rnk",NA
"16201","zcta",2023,"food_state_rnk",29.7605
"16210","zcta",2023,"food_state_rnk",13.4132
"16211","zcta",2023,"food_state_rnk",2.7545
"16212","zcta",2023,"food_state_rnk",72.2754
"16213","zcta",2023,"food_state_rnk",66.6467
"16214","zcta",2023,"food_state_rnk",22.1557
"16217","zcta",2023,"food_state_rnk",NA
"16218","zcta",2023,"food_state_rnk",56.5269
"16220","zcta",2023,"food_state_rnk",NA
"16222","zcta",2023,"food_state_rnk",46.7665
"16223","zcta",2023,"food_state_rnk",NA
"16224","zcta",2023,"food_state_rnk",58.5629
"16226","zcta",2023,"food_state_rnk",33.9222
"16228","zcta",2023,"food_state_rnk",37.6647
"16229","zcta",2023,"food_state_rnk",57.006
"16230","zcta",2023,"food_state_rnk",22.6946
"16232","zcta",2023,"food_state_rnk",32.2754
"16233","zcta",2023,"food_state_rnk",85.2096
"16235","zcta",2023,"food_state_rnk",93.4132
"16236","zcta",2023,"food_state_rnk",12.515
"16238","zcta",2023,"food_state_rnk",27.485
"16239","zcta",2023,"food_state_rnk",NA
"16240","zcta",2023,"food_state_rnk",40.4192
"16242","zcta",2023,"food_state_rnk",44.491
"16244","zcta",2023,"food_state_rnk",8.9222
"16245","zcta",2023,"food_state_rnk",42.4551
"16246","zcta",2023,"food_state_rnk",8.3832
"16248","zcta",2023,"food_state_rnk",26.1078
"16249","zcta",2023,"food_state_rnk",53.2335
"16250","zcta",2023,"food_state_rnk",10.7784
"16253","zcta",2023,"food_state_rnk",96.8263
"16254","zcta",2023,"food_state_rnk",55.509
"16255","zcta",2023,"food_state_rnk",46.5569
"16256","zcta",2023,"food_state_rnk",48.4431
"16258","zcta",2023,"food_state_rnk",36.5569
"16259","zcta",2023,"food_state_rnk",32.0958
"16260","zcta",2023,"food_state_rnk",94.4311
"16262","zcta",2023,"food_state_rnk",48.5629
"16263","zcta",2023,"food_state_rnk",7.7844
"16301","zcta",2023,"food_state_rnk",8.503
"16311","zcta",2023,"food_state_rnk",85.4491
"16312","zcta",2023,"food_state_rnk",NA
"16313","zcta",2023,"food_state_rnk",25.2994
"16314","zcta",2023,"food_state_rnk",49.9401
"16316","zcta",2023,"food_state_rnk",19.4611
"16317","zcta",2023,"food_state_rnk",31.1976
"16319","zcta",2023,"food_state_rnk",48.8922
"16321","zcta",2023,"food_state_rnk",NA
"16322","zcta",2023,"food_state_rnk",41.497
"16323","zcta",2023,"food_state_rnk",28.8623
"16326","zcta",2023,"food_state_rnk",94.8503
"16327","zcta",2023,"food_state_rnk",57.0659
"16328","zcta",2023,"food_state_rnk",22.6347
"16329","zcta",2023,"food_state_rnk",50.988
"16331","zcta",2023,"food_state_rnk",55.2096
"16332","zcta",2023,"food_state_rnk",NA
"16333","zcta",2023,"food_state_rnk",22.994
"16334","zcta",2023,"food_state_rnk",93.0539
"16335","zcta",2023,"food_state_rnk",16.0479
"16340","zcta",2023,"food_state_rnk",34.3114
"16341","zcta",2023,"food_state_rnk",28.982
"16342","zcta",2023,"food_state_rnk",46.1677
"16343","zcta",2023,"food_state_rnk",25.8084
"16344","zcta",2023,"food_state_rnk",4.5509
"16345","zcta",2023,"food_state_rnk",74.4012
"16346","zcta",2023,"food_state_rnk",28.1138
"16347","zcta",2023,"food_state_rnk",20.2096
"16350","zcta",2023,"food_state_rnk",84.7305
"16351","zcta",2023,"food_state_rnk",9.5808
"16352","zcta",2023,"food_state_rnk",11.1976
"16353","zcta",2023,"food_state_rnk",47.9641
"16354","zcta",2023,"food_state_rnk",12.8743
"16360","zcta",2023,"food_state_rnk",21.7964
"16361","zcta",2023,"food_state_rnk",NA
"16362","zcta",2023,"food_state_rnk",29.1317
"16364","zcta",2023,"food_state_rnk",79.1617
"16365","zcta",2023,"food_state_rnk",35.509
"16370","zcta",2023,"food_state_rnk",31.5269
"16371","zcta",2023,"food_state_rnk",54.6108
"16372","zcta",2023,"food_state_rnk",45.8383
"16373","zcta",2023,"food_state_rnk",45.509
"16374","zcta",2023,"food_state_rnk",56.4072
"16401","zcta",2023,"food_state_rnk",36.1078
"16402","zcta",2023,"food_state_rnk",25.509
"16403","zcta",2023,"food_state_rnk",24.7605
"16404","zcta",2023,"food_state_rnk",36.8263
"16405","zcta",2023,"food_state_rnk",87.485
"16406","zcta",2023,"food_state_rnk",26.8563
"16407","zcta",2023,"food_state_rnk",10.8383
"16410","zcta",2023,"food_state_rnk",44.6108
"16411","zcta",2023,"food_state_rnk",26.6467
"16412","zcta",2023,"food_state_rnk",43.7425
"16415","zcta",2023,"food_state_rnk",64.521
"16416","zcta",2023,"food_state_rnk",7.5449
"16417","zcta",2023,"food_state_rnk",60.1796
"16420","zcta",2023,"food_state_rnk",78.3832
"16421","zcta",2023,"food_state_rnk",56.3174
"16422","zcta",2023,"food_state_rnk",NA
"16423","zcta",2023,"food_state_rnk",38.0838
"16424","zcta",2023,"food_state_rnk",54.5509
"16426","zcta",2023,"food_state_rnk",53.6826
"16427","zcta",2023,"food_state_rnk",15.8084
"16428","zcta",2023,"food_state_rnk",19.6407
"16430","zcta",2023,"food_state_rnk",96.5868
"16433","zcta",2023,"food_state_rnk",61.2575
"16434","zcta",2023,"food_state_rnk",52.0359
"16435","zcta",2023,"food_state_rnk",19.521
"16436","zcta",2023,"food_state_rnk",11.1377
"16438","zcta",2023,"food_state_rnk",18.0838
"16440","zcta",2023,"food_state_rnk",72.5749
"16441","zcta",2023,"food_state_rnk",51.1976
"16442","zcta",2023,"food_state_rnk",38.1737
"16443","zcta",2023,"food_state_rnk",24.8503
"16444","zcta",2023,"food_state_rnk",NA
"16475","zcta",2023,"food_state_rnk",NA
"16501","zcta",2023,"food_state_rnk",3.1138
"16502","zcta",2023,"food_state_rnk",1.7964
"16503","zcta",2023,"food_state_rnk",0.5389
"16504","zcta",2023,"food_state_rnk",12.3952
"16505","zcta",2023,"food_state_rnk",61.7964
"16506","zcta",2023,"food_state_rnk",60.2695
"16507","zcta",2023,"food_state_rnk",1.8563
"16508","zcta",2023,"food_state_rnk",9.4012
"16509","zcta",2023,"food_state_rnk",34.1317
"16510","zcta",2023,"food_state_rnk",15.0299
"16511","zcta",2023,"food_state_rnk",17.1257
"16546","zcta",2023,"food_state_rnk",NA
"16550","zcta",2023,"food_state_rnk",NA
"16563","zcta",2023,"food_state_rnk",NA
"16601","zcta",2023,"food_state_rnk",10.6587
"16602","zcta",2023,"food_state_rnk",15.4491
"16611","zcta",2023,"food_state_rnk",60.5689
"16613","zcta",2023,"food_state_rnk",65.9581
"16616","zcta",2023,"food_state_rnk",NA
"16617","zcta",2023,"food_state_rnk",41.3772
"16619","zcta",2023,"food_state_rnk",11.5569
"16620","zcta",2023,"food_state_rnk",41.8862
"16621","zcta",2023,"food_state_rnk",44.5509
"16622","zcta",2023,"food_state_rnk",NA
"16623","zcta",2023,"food_state_rnk",71.2575
"16624","zcta",2023,"food_state_rnk",94.2814
"16625","zcta",2023,"food_state_rnk",44.8503
"16627","zcta",2023,"food_state_rnk",54.3713
"16630","zcta",2023,"food_state_rnk",40.7186
"16631","zcta",2023,"food_state_rnk",NA
"16633","zcta",2023,"food_state_rnk",57.8443
"16634","zcta",2023,"food_state_rnk",85.9281
"16635","zcta",2023,"food_state_rnk",53.3234
"16636","zcta",2023,"food_state_rnk",75.5988
"16637","zcta",2023,"food_state_rnk",70.4491
"16638","zcta",2023,"food_state_rnk",NA
"16639","zcta",2023,"food_state_rnk",38.9222
"16640","zcta",2023,"food_state_rnk",17.3653
"16641","zcta",2023,"food_state_rnk",28.3234
"16645","zcta",2023,"food_state_rnk",63.7725
"16646","zcta",2023,"food_state_rnk",58.1437
"16647","zcta",2023,"food_state_rnk",62.3952
"16648","zcta",2023,"food_state_rnk",58.4132
"16650","zcta",2023,"food_state_rnk",64.6707
"16651","zcta",2023,"food_state_rnk",NA
"16652","zcta",2023,"food_state_rnk",32.6946
"16654","zcta",2023,"food_state_rnk",NA
"16655","zcta",2023,"food_state_rnk",17.7246
"16656","zcta",2023,"food_state_rnk",35.8683
"16657","zcta",2023,"food_state_rnk",45.2395
"16659","zcta",2023,"food_state_rnk",26.1677
"16661","zcta",2023,"food_state_rnk",20.8982
"16662","zcta",2023,"food_state_rnk",71.9461
"16664","zcta",2023,"food_state_rnk",65.8084
"16665","zcta",2023,"food_state_rnk",46.4671
"16666","zcta",2023,"food_state_rnk",16.7665
"16667","zcta",2023,"food_state_rnk",70.3593
"16668","zcta",2023,"food_state_rnk",32.6347
"16669","zcta",2023,"food_state_rnk",75.7186
"16670","zcta",2023,"food_state_rnk",NA
"16671","zcta",2023,"food_state_rnk",54.9102
"16672","zcta",2023,"food_state_rnk",16.4072
"16673","zcta",2023,"food_state_rnk",43.1138
"16674","zcta",2023,"food_state_rnk",33.3533
"16675","zcta",2023,"food_state_rnk",NA
"16677","zcta",2023,"food_state_rnk",19.9401
"16678","zcta",2023,"food_state_rnk",49.7605
"16679","zcta",2023,"food_state_rnk",19.1617
"16680","zcta",2023,"food_state_rnk",29.4311
"16682","zcta",2023,"food_state_rnk",91.2575
"16683","zcta",2023,"food_state_rnk",87.2156
"16684","zcta",2023,"food_state_rnk",NA
"16685","zcta",2023,"food_state_rnk",91.7066
"16686","zcta",2023,"food_state_rnk",30.1796
"16689","zcta",2023,"food_state_rnk",94.6108
"16691","zcta",2023,"food_state_rnk",49.8802
"16692","zcta",2023,"food_state_rnk",33.4431
"16693","zcta",2023,"food_state_rnk",34.9401
"16694","zcta",2023,"food_state_rnk",90.6587
"16695","zcta",2023,"food_state_rnk",57.2455
"16699","zcta",2023,"food_state_rnk",NA
"16701","zcta",2023,"food_state_rnk",16.8263
"16720","zcta",2023,"food_state_rnk",40.2994
"16724","zcta",2023,"food_state_rnk",NA
"16725","zcta",2023,"food_state_rnk",98.3832
"16726","zcta",2023,"food_state_rnk",9.7904
"16727","zcta",2023,"food_state_rnk",96.6467
"16729","zcta",2023,"food_state_rnk",8.6228
"16730","zcta",2023,"food_state_rnk",NA
"16731","zcta",2023,"food_state_rnk",33.2036
"16732","zcta",2023,"food_state_rnk",91.7964
"16733","zcta",2023,"food_state_rnk",31.3772
"16734","zcta",2023,"food_state_rnk",33.9222
"16735","zcta",2023,"food_state_rnk",41.1377
"16738","zcta",2023,"food_state_rnk",NA
"16740","zcta",2023,"food_state_rnk",18.4431
"16743","zcta",2023,"food_state_rnk",11.4371
"16744","zcta",2023,"food_state_rnk",96.3473
"16745","zcta",2023,"food_state_rnk",80.4491
"16746","zcta",2023,"food_state_rnk",7.7246
"16748","zcta",2023,"food_state_rnk",39.4012
"16749","zcta",2023,"food_state_rnk",61.4671
"16750","zcta",2023,"food_state_rnk",50.509
"16801","zcta",2023,"food_state_rnk",62.9042
"16802","zcta",2023,"food_state_rnk",NA
"16803","zcta",2023,"food_state_rnk",76.8263
"16820","zcta",2023,"food_state_rnk",47.8443
"16821","zcta",2023,"food_state_rnk",96.2275
"16822","zcta",2023,"food_state_rnk",35.5689
"16823","zcta",2023,"food_state_rnk",45.7485
"16825","zcta",2023,"food_state_rnk",96.4072
"16826","zcta",2023,"food_state_rnk",38.6228
"16827","zcta",2023,"food_state_rnk",79.5509
"16828","zcta",2023,"food_state_rnk",64.3114
"16829","zcta",2023,"food_state_rnk",52.8443
"16830","zcta",2023,"food_state_rnk",11.6766
"16832","zcta",2023,"food_state_rnk",24.9102
"16833","zcta",2023,"food_state_rnk",34.1916
"16834","zcta",2023,"food_state_rnk",80.988
"16835","zcta",2023,"food_state_rnk",96.0479
"16836","zcta",2023,"food_state_rnk",26.3174
"16837","zcta",2023,"food_state_rnk",18.7425
"16838","zcta",2023,"food_state_rnk",21.6168
"16839","zcta",2023,"food_state_rnk",51.2575
"16840","zcta",2023,"food_state_rnk",0.9581
"16841","zcta",2023,"food_state_rnk",68.2635
"16843","zcta",2023,"food_state_rnk",49.3413
"16844","zcta",2023,"food_state_rnk",59.9102
"16845","zcta",2023,"food_state_rnk",62.9042
"16847","zcta",2023,"food_state_rnk",68.503
"16848","zcta",2023,"food_state_rnk",78.8922
"16849","zcta",2023,"food_state_rnk",92.5749
"16851","zcta",2023,"food_state_rnk",96.7665
"16852","zcta",2023,"food_state_rnk",75.7186
"16853","zcta",2023,"food_state_rnk",17.4251
"16854","zcta",2023,"food_state_rnk",94.491
"16855","zcta",2023,"food_state_rnk",NA
"16856","zcta",2023,"food_state_rnk",90.3293
"16858","zcta",2023,"food_state_rnk",57.3653
"16859","zcta",2023,"food_state_rnk",59.6108
"16860","zcta",2023,"food_state_rnk",7.485
"16861","zcta",2023,"food_state_rnk",16.497
"16863","zcta",2023,"food_state_rnk",47.485
"16864","zcta",2023,"food_state_rnk",NA
"16865","zcta",2023,"food_state_rnk",94.7305
"16866","zcta",2023,"food_state_rnk",18.2036
"16868","zcta",2023,"food_state_rnk",94.9401
"16870","zcta",2023,"food_state_rnk",87.2156
"16871","zcta",2023,"food_state_rnk",NA
"16872","zcta",2023,"food_state_rnk",36.2874
"16874","zcta",2023,"food_state_rnk",43.3533
"16875","zcta",2023,"food_state_rnk",61.5569
"16876","zcta",2023,"food_state_rnk",64.8802
"16877","zcta",2023,"food_state_rnk",85.0299
"16878","zcta",2023,"food_state_rnk",22.3054
"16879","zcta",2023,"food_state_rnk",24.7605
"16881","zcta",2023,"food_state_rnk",14.3114
"16882","zcta",2023,"food_state_rnk",70.9581
"16901","zcta",2023,"food_state_rnk",46.5569
"16910","zcta",2023,"food_state_rnk",NA
"16911","zcta",2023,"food_state_rnk",40.5389
"16912","zcta",2023,"food_state_rnk",23.8323
"16914","zcta",2023,"food_state_rnk",50.8982
"16915","zcta",2023,"food_state_rnk",35.3293
"16917","zcta",2023,"food_state_rnk",55.988
"16920","zcta",2023,"food_state_rnk",15.3892
"16921","zcta",2023,"food_state_rnk",88.1437
"16922","zcta",2023,"food_state_rnk",20.7186
"16923","zcta",2023,"food_state_rnk",28.9222
"16925","zcta",2023,"food_state_rnk",53.5329
"16926","zcta",2023,"food_state_rnk",85.8383
"16927","zcta",2023,"food_state_rnk",70.1497
"16928","zcta",2023,"food_state_rnk",47.9641
"16929","zcta",2023,"food_state_rnk",31.1377
"16930","zcta",2023,"food_state_rnk",34.3713
"16932","zcta",2023,"food_state_rnk",89.521
"16933","zcta",2023,"food_state_rnk",37.6048
"16935","zcta",2023,"food_state_rnk",32.4551
"16936","zcta",2023,"food_state_rnk",46.3772
"16937","zcta",2023,"food_state_rnk",91.0778
"16938","zcta",2023,"food_state_rnk",89.8802
"16939","zcta",2023,"food_state_rnk",2.515
"16940","zcta",2023,"food_state_rnk",NA
"16941","zcta",2023,"food_state_rnk",NA
"16942","zcta",2023,"food_state_rnk",47.6647
"16943","zcta",2023,"food_state_rnk",39.0419
"16946","zcta",2023,"food_state_rnk",37.0958
"16947","zcta",2023,"food_state_rnk",30
"16948","zcta",2023,"food_state_rnk",17.0659
"16950","zcta",2023,"food_state_rnk",40.7186
"17002","zcta",2023,"food_state_rnk",65.4491
"17003","zcta",2023,"food_state_rnk",81.8563
"17004","zcta",2023,"food_state_rnk",77.4251
"17005","zcta",2023,"food_state_rnk",83.6527
"17006","zcta",2023,"food_state_rnk",47.0659
"17007","zcta",2023,"food_state_rnk",80.2695
"17009","zcta",2023,"food_state_rnk",28.7425
"17010","zcta",2023,"food_state_rnk",2.3353
"17011","zcta",2023,"food_state_rnk",43.3533
"17013","zcta",2023,"food_state_rnk",25.5689
"17014","zcta",2023,"food_state_rnk",89.5808
"17015","zcta",2023,"food_state_rnk",62.006
"17016","zcta",2023,"food_state_rnk",96.5269
"17017","zcta",2023,"food_state_rnk",75.3293
"17018","zcta",2023,"food_state_rnk",67.9341
"17019","zcta",2023,"food_state_rnk",56.5269
"17020","zcta",2023,"food_state_rnk",54.3114
"17021","zcta",2023,"food_state_rnk",68.0838
"17022","zcta",2023,"food_state_rnk",60.4192
"17023","zcta",2023,"food_state_rnk",74.7904
"17024","zcta",2023,"food_state_rnk",76.5569
"17025","zcta",2023,"food_state_rnk",63.0539
"17026","zcta",2023,"food_state_rnk",46.9461
"17027","zcta",2023,"food_state_rnk",NA
"17028","zcta",2023,"food_state_rnk",86.3473
"17029","zcta",2023,"food_state_rnk",86.2275
"17030","zcta",2023,"food_state_rnk",64.0719
"17032","zcta",2023,"food_state_rnk",47.006
"17033","zcta",2023,"food_state_rnk",67.1257
"17034","zcta",2023,"food_state_rnk",45.0898
"17035","zcta",2023,"food_state_rnk",23.4431
"17036","zcta",2023,"food_state_rnk",71.5569
"17037","zcta",2023,"food_state_rnk",66.9162
"17038","zcta",2023,"food_state_rnk",62.006
"17039","zcta",2023,"food_state_rnk",NA
"17040","zcta",2023,"food_state_rnk",59.6108
"17041","zcta",2023,"food_state_rnk",98.7725
"17042","zcta",2023,"food_state_rnk",27.5449
"17043","zcta",2023,"food_state_rnk",64.3114
"17044","zcta",2023,"food_state_rnk",12.7246
"17045","zcta",2023,"food_state_rnk",43.5329
"17046","zcta",2023,"food_state_rnk",11.018
"17047","zcta",2023,"food_state_rnk",58.6527
"17048","zcta",2023,"food_state_rnk",33.2036
"17049","zcta",2023,"food_state_rnk",87.1257
"17050","zcta",2023,"food_state_rnk",69.9701
"17051","zcta",2023,"food_state_rnk",58.503
"17052","zcta",2023,"food_state_rnk",46.2874
"17053","zcta",2023,"food_state_rnk",79.4311
"17054","zcta",2023,"food_state_rnk",97.0659
"17055","zcta",2023,"food_state_rnk",52.7545
"17056","zcta",2023,"food_state_rnk",NA
"17057","zcta",2023,"food_state_rnk",41.7964
"17058","zcta",2023,"food_state_rnk",22.0958
"17059","zcta",2023,"food_state_rnk",66.1976
"17060","zcta",2023,"food_state_rnk",35.2695
"17061","zcta",2023,"food_state_rnk",38.4132
"17062","zcta",2023,"food_state_rnk",79.8503
"17063","zcta",2023,"food_state_rnk",50
"17064","zcta",2023,"food_state_rnk",99.3413
"17065","zcta",2023,"food_state_rnk",30.6287
"17066","zcta",2023,"food_state_rnk",8.7425
"17067","zcta",2023,"food_state_rnk",62.2156
"17068","zcta",2023,"food_state_rnk",33.5629
"17069","zcta",2023,"food_state_rnk",90.3293
"17070","zcta",2023,"food_state_rnk",45.4491
"17071","zcta",2023,"food_state_rnk",43.2335
"17073","zcta",2023,"food_state_rnk",90.8982
"17074","zcta",2023,"food_state_rnk",56.5269
"17075","zcta",2023,"food_state_rnk",72.7545
"17076","zcta",2023,"food_state_rnk",84.1018
"17077","zcta",2023,"food_state_rnk",NA
"17078","zcta",2023,"food_state_rnk",44.012
"17080","zcta",2023,"food_state_rnk",92.3054
"17081","zcta",2023,"food_state_rnk",96.4671
"17082","zcta",2023,"food_state_rnk",74.2814
"17084","zcta",2023,"food_state_rnk",62.7545
"17086","zcta",2023,"food_state_rnk",83.4731
"17087","zcta",2023,"food_state_rnk",77.6048
"17088","zcta",2023,"food_state_rnk",72.2156
"17090","zcta",2023,"food_state_rnk",18.8922
"17093","zcta",2023,"food_state_rnk",78.982
"17094","zcta",2023,"food_state_rnk",68.3234
"17097","zcta",2023,"food_state_rnk",67.2156
"17098","zcta",2023,"food_state_rnk",13.0539
"17099","zcta",2023,"food_state_rnk",79.7605
"17101","zcta",2023,"food_state_rnk",8.6826
"17102","zcta",2023,"food_state_rnk",9.3413
"17103","zcta",2023,"food_state_rnk",2.4551
"17104","zcta",2023,"food_state_rnk",1.6168
"17109","zcta",2023,"food_state_rnk",28.3234
"17110","zcta",2023,"food_state_rnk",33.2934
"17111","zcta",2023,"food_state_rnk",31.4371
"17112","zcta",2023,"food_state_rnk",71.3772
"17113","zcta",2023,"food_state_rnk",15.7186
"17120","zcta",2023,"food_state_rnk",NA
"17201","zcta",2023,"food_state_rnk",17.6647
"17202","zcta",2023,"food_state_rnk",42.9042
"17210","zcta",2023,"food_state_rnk",92.994
"17211","zcta",2023,"food_state_rnk",86.9461
"17212","zcta",2023,"food_state_rnk",80.0599
"17213","zcta",2023,"food_state_rnk",44.1916
"17214","zcta",2023,"food_state_rnk",87.0659
"17215","zcta",2023,"food_state_rnk",85.7186
"17217","zcta",2023,"food_state_rnk",46.8563
"17219","zcta",2023,"food_state_rnk",37.4251
"17220","zcta",2023,"food_state_rnk",85.3892
"17221","zcta",2023,"food_state_rnk",70.5389
"17222","zcta",2023,"food_state_rnk",71.4371
"17223","zcta",2023,"food_state_rnk",24.3713
"17224","zcta",2023,"food_state_rnk",54.7305
"17225","zcta",2023,"food_state_rnk",63.3533
"17228","zcta",2023,"food_state_rnk",55.8683
"17229","zcta",2023,"food_state_rnk",83.5928
"17232","zcta",2023,"food_state_rnk",NA
"17233","zcta",2023,"food_state_rnk",20.5988
"17235","zcta",2023,"food_state_rnk",97.6048
"17236","zcta",2023,"food_state_rnk",72.3952
"17237","zcta",2023,"food_state_rnk",63.8323
"17238","zcta",2023,"food_state_rnk",62.3353
"17239","zcta",2023,"food_state_rnk",67.2156
"17240","zcta",2023,"food_state_rnk",81.3772
"17241","zcta",2023,"food_state_rnk",57.9641
"17243","zcta",2023,"food_state_rnk",32.8144
"17244","zcta",2023,"food_state_rnk",83.8922
"17246","zcta",2023,"food_state_rnk",84.2515
"17247","zcta",2023,"food_state_rnk",NA
"17249","zcta",2023,"food_state_rnk",58.982
"17250","zcta",2023,"food_state_rnk",NA
"17251","zcta",2023,"food_state_rnk",NA
"17252","zcta",2023,"food_state_rnk",38.8323
"17253","zcta",2023,"food_state_rnk",55.5689
"17254","zcta",2023,"food_state_rnk",95.2395
"17255","zcta",2023,"food_state_rnk",47.2455
"17257","zcta",2023,"food_state_rnk",55.3293
"17260","zcta",2023,"food_state_rnk",45.5689
"17261","zcta",2023,"food_state_rnk",NA
"17262","zcta",2023,"food_state_rnk",78.6527
"17263","zcta",2023,"food_state_rnk",36.0479
"17264","zcta",2023,"food_state_rnk",52.6347
"17265","zcta",2023,"food_state_rnk",39.9401
"17266","zcta",2023,"food_state_rnk",64.1317
"17267","zcta",2023,"food_state_rnk",54.9102
"17268","zcta",2023,"food_state_rnk",25.3892
"17271","zcta",2023,"food_state_rnk",43.0539
"17301","zcta",2023,"food_state_rnk",74.1317
"17302","zcta",2023,"food_state_rnk",82.0958
"17303","zcta",2023,"food_state_rnk",38.6826
"17304","zcta",2023,"food_state_rnk",70.2395
"17306","zcta",2023,"food_state_rnk",6.7665
"17307","zcta",2023,"food_state_rnk",50.7784
"17309","zcta",2023,"food_state_rnk",81.1976
"17311","zcta",2023,"food_state_rnk",58.1437
"17313","zcta",2023,"food_state_rnk",58.8323
"17314","zcta",2023,"food_state_rnk",70.6587
"17315","zcta",2023,"food_state_rnk",58.7425
"17316","zcta",2023,"food_state_rnk",60.9581
"17317","zcta",2023,"food_state_rnk",76.2874
"17318","zcta",2023,"food_state_rnk",96.2874
"17319","zcta",2023,"food_state_rnk",66.497
"17320","zcta",2023,"food_state_rnk",68.024
"17321","zcta",2023,"food_state_rnk",82.8743
"17322","zcta",2023,"food_state_rnk",75.5988
"17323","zcta",2023,"food_state_rnk",NA
"17324","zcta",2023,"food_state_rnk",36.1976
"17325","zcta",2023,"food_state_rnk",46.0479
"17327","zcta",2023,"food_state_rnk",64.4311
"17329","zcta",2023,"food_state_rnk",62.0958
"17331","zcta",2023,"food_state_rnk",29.2216
"17339","zcta",2023,"food_state_rnk",81.7365
"17340","zcta",2023,"food_state_rnk",40.0599
"17342","zcta",2023,"food_state_rnk",26.3174
"17343","zcta",2023,"food_state_rnk",NA
"17344","zcta",2023,"food_state_rnk",34.4311
"17345","zcta",2023,"food_state_rnk",44.7605
"17347","zcta",2023,"food_state_rnk",77.6647
"17349","zcta",2023,"food_state_rnk",65.0898
"17350","zcta",2023,"food_state_rnk",63.1737
"17352","zcta",2023,"food_state_rnk",73.2635
"17353","zcta",2023,"food_state_rnk",90.1497
"17355","zcta",2023,"food_state_rnk",50.7186
"17356","zcta",2023,"food_state_rnk",39.7305
"17360","zcta",2023,"food_state_rnk",67.4551
"17361","zcta",2023,"food_state_rnk",90.4491
"17362","zcta",2023,"food_state_rnk",69.3114
"17363","zcta",2023,"food_state_rnk",63.4132
"17364","zcta",2023,"food_state_rnk",51.3174
"17365","zcta",2023,"food_state_rnk",87.6347
"17366","zcta",2023,"food_state_rnk",51.976
"17368","zcta",2023,"food_state_rnk",75.509
"17370","zcta",2023,"food_state_rnk",52.515
"17371","zcta",2023,"food_state_rnk",83.2036
"17372","zcta",2023,"food_state_rnk",48.982
"17401","zcta",2023,"food_state_rnk",4.0719
"17402","zcta",2023,"food_state_rnk",39.2515
"17403","zcta",2023,"food_state_rnk",14.491
"17404","zcta",2023,"food_state_rnk",23.7126
"17406","zcta",2023,"food_state_rnk",58.6527
"17407","zcta",2023,"food_state_rnk",82.0359
"17408","zcta",2023,"food_state_rnk",47.485
"17501","zcta",2023,"food_state_rnk",69.1617
"17502","zcta",2023,"food_state_rnk",47.6048
"17504","zcta",2023,"food_state_rnk",NA
"17505","zcta",2023,"food_state_rnk",70.6587
"17506","zcta",2023,"food_state_rnk",0.2994
"17507","zcta",2023,"food_state_rnk",89.8204
"17508","zcta",2023,"food_state_rnk",90.0599
"17509","zcta",2023,"food_state_rnk",78.5629
"17512","zcta",2023,"food_state_rnk",23.5329
"17516","zcta",2023,"food_state_rnk",78.8922
"17517","zcta",2023,"food_state_rnk",68.8623
"17518","zcta",2023,"food_state_rnk",60.8982
"17519","zcta",2023,"food_state_rnk",77.3054
"17520","zcta",2023,"food_state_rnk",71.8563
"17522","zcta",2023,"food_state_rnk",53.024
"17527","zcta",2023,"food_state_rnk",50.4192
"17529","zcta",2023,"food_state_rnk",88.982
"17532","zcta",2023,"food_state_rnk",88.024
"17534","zcta",2023,"food_state_rnk",NA
"17535","zcta",2023,"food_state_rnk",67.6048
"17536","zcta",2023,"food_state_rnk",62.8144
"17538","zcta",2023,"food_state_rnk",86.5868
"17540","zcta",2023,"food_state_rnk",70.2994
"17543","zcta",2023,"food_state_rnk",64.7305
"17545","zcta",2023,"food_state_rnk",59.8204
"17547","zcta",2023,"food_state_rnk",49.4611
"17550","zcta",2023,"food_state_rnk",95.509
"17551","zcta",2023,"food_state_rnk",73.8922
"17552","zcta",2023,"food_state_rnk",57.1856
"17554","zcta",2023,"food_state_rnk",55.6886
"17555","zcta",2023,"food_state_rnk",86.6766
"17557","zcta",2023,"food_state_rnk",61.6766
"17560","zcta",2023,"food_state_rnk",56.3174
"17562","zcta",2023,"food_state_rnk",69.8802
"17563","zcta",2023,"food_state_rnk",32.2156
"17565","zcta",2023,"food_state_rnk",81.2874
"17566","zcta",2023,"food_state_rnk",66.5868
"17568","zcta",2023,"food_state_rnk",NA
"17569","zcta",2023,"food_state_rnk",69.8204
"17570","zcta",2023,"food_state_rnk",95.6287
"17572","zcta",2023,"food_state_rnk",58.4132
"17576","zcta",2023,"food_state_rnk",97.485
"17578","zcta",2023,"food_state_rnk",50.5988
"17579","zcta",2023,"food_state_rnk",87.6347
"17581","zcta",2023,"food_state_rnk",84.6108
"17582","zcta",2023,"food_state_rnk",98.2036
"17584","zcta",2023,"food_state_rnk",82.6946
"17601","zcta",2023,"food_state_rnk",48.2635
"17602","zcta",2023,"food_state_rnk",14.7305
"17603","zcta",2023,"food_state_rnk",13.6527
"17606","zcta",2023,"food_state_rnk",NA
"17701","zcta",2023,"food_state_rnk",5.8084
"17702","zcta",2023,"food_state_rnk",52.4251
"17720","zcta",2023,"food_state_rnk",67.7844
"17721","zcta",2023,"food_state_rnk",51.3772
"17723","zcta",2023,"food_state_rnk",NA
"17724","zcta",2023,"food_state_rnk",35.6587
"17727","zcta",2023,"food_state_rnk",NA
"17728","zcta",2023,"food_state_rnk",56.7066
"17729","zcta",2023,"food_state_rnk",28.503
"17730","zcta",2023,"food_state_rnk",NA
"17731","zcta",2023,"food_state_rnk",51.1377
"17737","zcta",2023,"food_state_rnk",52.8443
"17739","zcta",2023,"food_state_rnk",NA
"17740","zcta",2023,"food_state_rnk",68.1737
"17742","zcta",2023,"food_state_rnk",NA
"17744","zcta",2023,"food_state_rnk",26.5269
"17745","zcta",2023,"food_state_rnk",19.8204
"17747","zcta",2023,"food_state_rnk",77.515
"17748","zcta",2023,"food_state_rnk",96.9461
"17749","zcta",2023,"food_state_rnk",61.7365
"17750","zcta",2023,"food_state_rnk",93.4731
"17751","zcta",2023,"food_state_rnk",37.9341
"17752","zcta",2023,"food_state_rnk",57.515
"17754","zcta",2023,"food_state_rnk",66.7964
"17756","zcta",2023,"food_state_rnk",41.5868
"17758","zcta",2023,"food_state_rnk",83.8922
"17760","zcta",2023,"food_state_rnk",69.5509
"17762","zcta",2023,"food_state_rnk",22.515
"17763","zcta",2023,"food_state_rnk",4.7904
"17764","zcta",2023,"food_state_rnk",7.1257
"17765","zcta",2023,"food_state_rnk",69.0719
"17768","zcta",2023,"food_state_rnk",55.0299
"17769","zcta",2023,"food_state_rnk",NA
"17771","zcta",2023,"food_state_rnk",51.0778
"17772","zcta",2023,"food_state_rnk",49.1018
"17774","zcta",2023,"food_state_rnk",24.9701
"17776","zcta",2023,"food_state_rnk",77.1257
"17777","zcta",2023,"food_state_rnk",74.012
"17778","zcta",2023,"food_state_rnk",NA
"17779","zcta",2023,"food_state_rnk",99.0419
"17801","zcta",2023,"food_state_rnk",32.515
"17810","zcta",2023,"food_state_rnk",NA
"17812","zcta",2023,"food_state_rnk",61.1377
"17813","zcta",2023,"food_state_rnk",53.4731
"17814","zcta",2023,"food_state_rnk",56.1078
"17815","zcta",2023,"food_state_rnk",42.7545
"17820","zcta",2023,"food_state_rnk",79.0419
"17821","zcta",2023,"food_state_rnk",62.515
"17822","zcta",2023,"food_state_rnk",NA
"17823","zcta",2023,"food_state_rnk",78.4431
"17824","zcta",2023,"food_state_rnk",93.2934
"17827","zcta",2023,"food_state_rnk",80.5389
"17829","zcta",2023,"food_state_rnk",65.0898
"17830","zcta",2023,"food_state_rnk",81.9162
"17832","zcta",2023,"food_state_rnk",27.9641
"17834","zcta",2023,"food_state_rnk",59.1916
"17835","zcta",2023,"food_state_rnk",95.7485
"17836","zcta",2023,"food_state_rnk",41.0479
"17837","zcta",2023,"food_state_rnk",49.6707
"17840","zcta",2023,"food_state_rnk",4.6707
"17841","zcta",2023,"food_state_rnk",36.8862
"17842","zcta",2023,"food_state_rnk",54.0719
"17844","zcta",2023,"food_state_rnk",49.8204
"17845","zcta",2023,"food_state_rnk",76.1078
"17846","zcta",2023,"food_state_rnk",62.994
"17847","zcta",2023,"food_state_rnk",47.3653
"17850","zcta",2023,"food_state_rnk",10.2994
"17851","zcta",2023,"food_state_rnk",9.4611
"17853","zcta",2023,"food_state_rnk",73.0539
"17855","zcta",2023,"food_state_rnk",49.2515
"17856","zcta",2023,"food_state_rnk",57.4251
"17857","zcta",2023,"food_state_rnk",55.4491
"17858","zcta",2023,"food_state_rnk",NA
"17859","zcta",2023,"food_state_rnk",84.3713
"17860","zcta",2023,"food_state_rnk",95.3293
"17861","zcta",2023,"food_state_rnk",14.9102
"17862","zcta",2023,"food_state_rnk",96.8862
"17864","zcta",2023,"food_state_rnk",53.3234
"17865","zcta",2023,"food_state_rnk",NA
"17866","zcta",2023,"food_state_rnk",19.1018
"17867","zcta",2023,"food_state_rnk",94.3713
"17868","zcta",2023,"food_state_rnk",93.5928
"17870","zcta",2023,"food_state_rnk",69.9701
"17872","zcta",2023,"food_state_rnk",15.1497
"17876","zcta",2023,"food_state_rnk",58.1437
"17878","zcta",2023,"food_state_rnk",58.9222
"17880","zcta",2023,"food_state_rnk",NA
"17881","zcta",2023,"food_state_rnk",35.2096
"17884","zcta",2023,"food_state_rnk",33.5629
"17885","zcta",2023,"food_state_rnk",35.8084
"17886","zcta",2023,"food_state_rnk",9.2814
"17887","zcta",2023,"food_state_rnk",86.8563
"17888","zcta",2023,"food_state_rnk",29.9401
"17889","zcta",2023,"food_state_rnk",81.2874
"17901","zcta",2023,"food_state_rnk",13.1138
"17920","zcta",2023,"food_state_rnk",93.7126
"17921","zcta",2023,"food_state_rnk",49.1617
"17922","zcta",2023,"food_state_rnk",60.479
"17923","zcta",2023,"food_state_rnk",33.8323
"17925","zcta",2023,"food_state_rnk",40.8982
"17929","zcta",2023,"food_state_rnk",63.9521
"17930","zcta",2023,"food_state_rnk",6.7066
"17931","zcta",2023,"food_state_rnk",NA
"17933","zcta",2023,"food_state_rnk",30.6287
"17934","zcta",2023,"food_state_rnk",4.6108
"17935","zcta",2023,"food_state_rnk",17.7844
"17936","zcta",2023,"food_state_rnk",61.2575
"17938","zcta",2023,"food_state_rnk",85.1198
"17941","zcta",2023,"food_state_rnk",84.521
"17943","zcta",2023,"food_state_rnk",NA
"17944","zcta",2023,"food_state_rnk",66.0778
"17945","zcta",2023,"food_state_rnk",23.8922
"17946","zcta",2023,"food_state_rnk",85.7186
"17948","zcta",2023,"food_state_rnk",3.4731
"17949","zcta",2023,"food_state_rnk",59.7006
"17951","zcta",2023,"food_state_rnk",97.3653
"17952","zcta",2023,"food_state_rnk",68.7725
"17953","zcta",2023,"food_state_rnk",87.8443
"17954","zcta",2023,"food_state_rnk",4.491
"17957","zcta",2023,"food_state_rnk",34.8503
"17959","zcta",2023,"food_state_rnk",21.8563
"17960","zcta",2023,"food_state_rnk",80
"17961","zcta",2023,"food_state_rnk",65.5689
"17963","zcta",2023,"food_state_rnk",64.012
"17964","zcta",2023,"food_state_rnk",74.6108
"17965","zcta",2023,"food_state_rnk",28.4431
"17967","zcta",2023,"food_state_rnk",55.7485
"17968","zcta",2023,"food_state_rnk",92.3054
"17970","zcta",2023,"food_state_rnk",38.7425
"17972","zcta",2023,"food_state_rnk",52.2754
"17974","zcta",2023,"food_state_rnk",17.9042
"17976","zcta",2023,"food_state_rnk",11.2575
"17978","zcta",2023,"food_state_rnk",30.7784
"17979","zcta",2023,"food_state_rnk",NA
"17980","zcta",2023,"food_state_rnk",50.509
"17981","zcta",2023,"food_state_rnk",34.9401
"17982","zcta",2023,"food_state_rnk",21.1078
"17983","zcta",2023,"food_state_rnk",40.1796
"17985","zcta",2023,"food_state_rnk",84.1916
"18011","zcta",2023,"food_state_rnk",68.7725
"18012","zcta",2023,"food_state_rnk",NA
"18013","zcta",2023,"food_state_rnk",43.4731
"18014","zcta",2023,"food_state_rnk",76.0479
"18015","zcta",2023,"food_state_rnk",15.5389
"18017","zcta",2023,"food_state_rnk",29.3413
"18018","zcta",2023,"food_state_rnk",16.6467
"18020","zcta",2023,"food_state_rnk",63.7126
"18030","zcta",2023,"food_state_rnk",57.6647
"18031","zcta",2023,"food_state_rnk",72.0359
"18032","zcta",2023,"food_state_rnk",60.7186
"18034","zcta",2023,"food_state_rnk",64.7904
"18035","zcta",2023,"food_state_rnk",NA
"18036","zcta",2023,"food_state_rnk",83.7725
"18037","zcta",2023,"food_state_rnk",58.3234
"18038","zcta",2023,"food_state_rnk",97.2754
"18040","zcta",2023,"food_state_rnk",81.6766
"18041","zcta",2023,"food_state_rnk",73.7126
"18042","zcta",2023,"food_state_rnk",12.1557
"18045","zcta",2023,"food_state_rnk",79.9401
"18046","zcta",2023,"food_state_rnk",98.0539
"18049","zcta",2023,"food_state_rnk",46.8563
"18051","zcta",2023,"food_state_rnk",87.3054
"18052","zcta",2023,"food_state_rnk",25.6886
"18053","zcta",2023,"food_state_rnk",88.5629
"18054","zcta",2023,"food_state_rnk",92.1557
"18055","zcta",2023,"food_state_rnk",72.1557
"18056","zcta",2023,"food_state_rnk",60.7784
"18058","zcta",2023,"food_state_rnk",29.1317
"18059","zcta",2023,"food_state_rnk",89.2216
"18062","zcta",2023,"food_state_rnk",72.0958
"18063","zcta",2023,"food_state_rnk",61.0778
"18064","zcta",2023,"food_state_rnk",64.521
"18065","zcta",2023,"food_state_rnk",31.8563
"18066","zcta",2023,"food_state_rnk",89.9401
"18067","zcta",2023,"food_state_rnk",65.3892
"18069","zcta",2023,"food_state_rnk",85.509
"18070","zcta",2023,"food_state_rnk",98.0539
"18071","zcta",2023,"food_state_rnk",62.2754
"18072","zcta",2023,"food_state_rnk",30.7186
"18073","zcta",2023,"food_state_rnk",91.3772
"18074","zcta",2023,"food_state_rnk",92.2156
"18076","zcta",2023,"food_state_rnk",56.6467
"18077","zcta",2023,"food_state_rnk",93.1737
"18078","zcta",2023,"food_state_rnk",72.6946
"18079","zcta",2023,"food_state_rnk",5.509
"18080","zcta",2023,"food_state_rnk",60.0599
"18081","zcta",2023,"food_state_rnk",100
"18083","zcta",2023,"food_state_rnk",91.6168
"18085","zcta",2023,"food_state_rnk",93.3533
"18086","zcta",2023,"food_state_rnk",97.6647
"18087","zcta",2023,"food_state_rnk",70.8683
"18088","zcta",2023,"food_state_rnk",53.4132
"18091","zcta",2023,"food_state_rnk",73.1437
"18092","zcta",2023,"food_state_rnk",96.1677
"18101","zcta",2023,"food_state_rnk",1.6766
"18102","zcta",2023,"food_state_rnk",1.1976
"18103","zcta",2023,"food_state_rnk",16.1677
"18104","zcta",2023,"food_state_rnk",42.994
"18106","zcta",2023,"food_state_rnk",87.3653
"18109","zcta",2023,"food_state_rnk",5.3293
"18195","zcta",2023,"food_state_rnk",NA
"18201","zcta",2023,"food_state_rnk",6.5868
"18202","zcta",2023,"food_state_rnk",10.1198
"18210","zcta",2023,"food_state_rnk",41.976
"18211","zcta",2023,"food_state_rnk",46.1677
"18212","zcta",2023,"food_state_rnk",NA
"18214","zcta",2023,"food_state_rnk",37.0958
"18216","zcta",2023,"food_state_rnk",30.8383
"18218","zcta",2023,"food_state_rnk",14.012
"18219","zcta",2023,"food_state_rnk",35.6587
"18220","zcta",2023,"food_state_rnk",25.7485
"18221","zcta",2023,"food_state_rnk",1.3772
"18222","zcta",2023,"food_state_rnk",51.6168
"18223","zcta",2023,"food_state_rnk",NA
"18224","zcta",2023,"food_state_rnk",14.3713
"18225","zcta",2023,"food_state_rnk",NA
"18229","zcta",2023,"food_state_rnk",39.6108
"18230","zcta",2023,"food_state_rnk",4.1916
"18231","zcta",2023,"food_state_rnk",82.9641
"18232","zcta",2023,"food_state_rnk",3.4132
"18234","zcta",2023,"food_state_rnk",14.8503
"18235","zcta",2023,"food_state_rnk",46.3772
"18237","zcta",2023,"food_state_rnk",29.6407
"18239","zcta",2023,"food_state_rnk",NA
"18240","zcta",2023,"food_state_rnk",13.9521
"18241","zcta",2023,"food_state_rnk",91.8862
"18242","zcta",2023,"food_state_rnk",44.3114
"18244","zcta",2023,"food_state_rnk",68.5629
"18245","zcta",2023,"food_state_rnk",88.0838
"18246","zcta",2023,"food_state_rnk",97.2754
"18248","zcta",2023,"food_state_rnk",1.5569
"18249","zcta",2023,"food_state_rnk",76.4671
"18250","zcta",2023,"food_state_rnk",2.2156
"18252","zcta",2023,"food_state_rnk",15.0898
"18254","zcta",2023,"food_state_rnk",78.0838
"18255","zcta",2023,"food_state_rnk",34.012
"18256","zcta",2023,"food_state_rnk",94.1916
"18301","zcta",2023,"food_state_rnk",28.2036
"18302","zcta",2023,"food_state_rnk",26.8563
"18321","zcta",2023,"food_state_rnk",27.3653
"18322","zcta",2023,"food_state_rnk",92.9341
"18323","zcta",2023,"food_state_rnk",86.1078
"18324","zcta",2023,"food_state_rnk",24.1018
"18325","zcta",2023,"food_state_rnk",51.6168
"18326","zcta",2023,"food_state_rnk",87.9042
"18327","zcta",2023,"food_state_rnk",83.2036
"18328","zcta",2023,"food_state_rnk",35.9281
"18330","zcta",2023,"food_state_rnk",76.6467
"18331","zcta",2023,"food_state_rnk",97.006
"18332","zcta",2023,"food_state_rnk",55.3293
"18333","zcta",2023,"food_state_rnk",NA
"18334","zcta",2023,"food_state_rnk",36.3473
"18335","zcta",2023,"food_state_rnk",63.8922
"18336","zcta",2023,"food_state_rnk",24.012
"18337","zcta",2023,"food_state_rnk",47.7246
"18340","zcta",2023,"food_state_rnk",1.4371
"18342","zcta",2023,"food_state_rnk",95.4491
"18343","zcta",2023,"food_state_rnk",91.1976
"18344","zcta",2023,"food_state_rnk",24.491
"18346","zcta",2023,"food_state_rnk",47.7844
"18347","zcta",2023,"food_state_rnk",22.7545
"18349","zcta",2023,"food_state_rnk",97.7246
"18350","zcta",2023,"food_state_rnk",84.7904
"18351","zcta",2023,"food_state_rnk",61.8862
"18353","zcta",2023,"food_state_rnk",44.1317
"18354","zcta",2023,"food_state_rnk",97.5449
"18355","zcta",2023,"food_state_rnk",7.3353
"18356","zcta",2023,"food_state_rnk",NA
"18357","zcta",2023,"food_state_rnk",NA
"18360","zcta",2023,"food_state_rnk",33.7126
"18370","zcta",2023,"food_state_rnk",20.6587
"18371","zcta",2023,"food_state_rnk",4.2515
"18372","zcta",2023,"food_state_rnk",35.1497
"18403","zcta",2023,"food_state_rnk",67.5449
"18405","zcta",2023,"food_state_rnk",59.9102
"18407","zcta",2023,"food_state_rnk",9.0419
"18411","zcta",2023,"food_state_rnk",71.018
"18413","zcta",2023,"food_state_rnk",NA
"18414","zcta",2023,"food_state_rnk",67.3653
"18415","zcta",2023,"food_state_rnk",79.5509
"18417","zcta",2023,"food_state_rnk",62.6946
"18419","zcta",2023,"food_state_rnk",31.6766
"18420","zcta",2023,"food_state_rnk",NA
"18421","zcta",2023,"food_state_rnk",43.9521
"18424","zcta",2023,"food_state_rnk",26.7066
"18425","zcta",2023,"food_state_rnk",11.7665
"18426","zcta",2023,"food_state_rnk",50.2395
"18428","zcta",2023,"food_state_rnk",66.3772
"18430","zcta",2023,"food_state_rnk",NA
"18431","zcta",2023,"food_state_rnk",42.3353
"18433","zcta",2023,"food_state_rnk",69.4012
"18434","zcta",2023,"food_state_rnk",14.2515
"18435","zcta",2023,"food_state_rnk",93.8323
"18436","zcta",2023,"food_state_rnk",41.5868
"18437","zcta",2023,"food_state_rnk",93.982
"18438","zcta",2023,"food_state_rnk",19.0419
"18439","zcta",2023,"food_state_rnk",20.2994
"18440","zcta",2023,"food_state_rnk",NA
"18441","zcta",2023,"food_state_rnk",78.6527
"18443","zcta",2023,"food_state_rnk",99.6707
"18444","zcta",2023,"food_state_rnk",54.2515
"18445","zcta",2023,"food_state_rnk",34.7305
"18446","zcta",2023,"food_state_rnk",33.1138
"18447","zcta",2023,"food_state_rnk",46.6467
"18451","zcta",2023,"food_state_rnk",19.7006
"18452","zcta",2023,"food_state_rnk",42.2156
"18453","zcta",2023,"food_state_rnk",61.4671
"18454","zcta",2023,"food_state_rnk",NA
"18455","zcta",2023,"food_state_rnk",98.3234
"18456","zcta",2023,"food_state_rnk",91.8862
"18457","zcta",2023,"food_state_rnk",NA
"18458","zcta",2023,"food_state_rnk",64.1916
"18460","zcta",2023,"food_state_rnk",19.7605
"18461","zcta",2023,"food_state_rnk",80.3593
"18462","zcta",2023,"food_state_rnk",79.2515
"18463","zcta",2023,"food_state_rnk",5.3892
"18464","zcta",2023,"food_state_rnk",74.7305
"18465","zcta",2023,"food_state_rnk",23.9521
"18466","zcta",2023,"food_state_rnk",15.3293
"18469","zcta",2023,"food_state_rnk",93.8922
"18470","zcta",2023,"food_state_rnk",63.2934
"18471","zcta",2023,"food_state_rnk",54.1916
"18472","zcta",2023,"food_state_rnk",NA
"18473","zcta",2023,"food_state_rnk",0.1796
"18503","zcta",2023,"food_state_rnk",NA
"18504","zcta",2023,"food_state_rnk",7.9042
"18505","zcta",2023,"food_state_rnk",8.8623
"18507","zcta",2023,"food_state_rnk",55.8084
"18508","zcta",2023,"food_state_rnk",6.2275
"18509","zcta",2023,"food_state_rnk",21.4072
"18510","zcta",2023,"food_state_rnk",8.1437
"18512","zcta",2023,"food_state_rnk",42.6347
"18517","zcta",2023,"food_state_rnk",18.024
"18518","zcta",2023,"food_state_rnk",22.0359
"18519","zcta",2023,"food_state_rnk",12.6347
"18602","zcta",2023,"food_state_rnk",71.0778
"18603","zcta",2023,"food_state_rnk",28.6826
"18610","zcta",2023,"food_state_rnk",10.8982
"18612","zcta",2023,"food_state_rnk",67.7246
"18614","zcta",2023,"food_state_rnk",42.5749
"18615","zcta",2023,"food_state_rnk",67.3054
"18616","zcta",2023,"food_state_rnk",88.7425
"18617","zcta",2023,"food_state_rnk",13.7126
"18618","zcta",2023,"food_state_rnk",18.8024
"18619","zcta",2023,"food_state_rnk",69.6407
"18621","zcta",2023,"food_state_rnk",22.5749
"18622","zcta",2023,"food_state_rnk",49.2515
"18623","zcta",2023,"food_state_rnk",40.479
"18624","zcta",2023,"food_state_rnk",97.9641
"18625","zcta",2023,"food_state_rnk",88.2036
"18626","zcta",2023,"food_state_rnk",94.9401
"18627","zcta",2023,"food_state_rnk",NA
"18628","zcta",2023,"food_state_rnk",83.5329
"18629","zcta",2023,"food_state_rnk",35.4491
"18630","zcta",2023,"food_state_rnk",33.024
"18631","zcta",2023,"food_state_rnk",85.6287
"18632","zcta",2023,"food_state_rnk",48.2036
"18634","zcta",2023,"food_state_rnk",10.1796
"18635","zcta",2023,"food_state_rnk",71.7964
"18636","zcta",2023,"food_state_rnk",32.7545
"18640","zcta",2023,"food_state_rnk",13.8922
"18641","zcta",2023,"food_state_rnk",43.8922
"18642","zcta",2023,"food_state_rnk",16.7066
"18643","zcta",2023,"food_state_rnk",24.6108
"18644","zcta",2023,"food_state_rnk",76.8862
"18651","zcta",2023,"food_state_rnk",10
"18655","zcta",2023,"food_state_rnk",43.1737
"18656","zcta",2023,"food_state_rnk",48.8024
"18657","zcta",2023,"food_state_rnk",27.3054
"18660","zcta",2023,"food_state_rnk",76.1976
"18661","zcta",2023,"food_state_rnk",27.006
"18701","zcta",2023,"food_state_rnk",NA
"18702","zcta",2023,"food_state_rnk",6.9461
"18704","zcta",2023,"food_state_rnk",13.503
"18705","zcta",2023,"food_state_rnk",16.1078
"18706","zcta",2023,"food_state_rnk",6.4671
"18707","zcta",2023,"food_state_rnk",45.6886
"18708","zcta",2023,"food_state_rnk",56.1976
"18709","zcta",2023,"food_state_rnk",6.4072
"18801","zcta",2023,"food_state_rnk",65.0898
"18810","zcta",2023,"food_state_rnk",23.0539
"18812","zcta",2023,"food_state_rnk",83.8922
"18814","zcta",2023,"food_state_rnk",52.9341
"18816","zcta",2023,"food_state_rnk",29.2814
"18817","zcta",2023,"food_state_rnk",23.1437
"18818","zcta",2023,"food_state_rnk",77.9042
"18820","zcta",2023,"food_state_rnk",NA
"18821","zcta",2023,"food_state_rnk",60.8383
"18822","zcta",2023,"food_state_rnk",34.5509
"18823","zcta",2023,"food_state_rnk",90.8383
"18824","zcta",2023,"food_state_rnk",74.5509
"18825","zcta",2023,"food_state_rnk",89.4611
"18826","zcta",2023,"food_state_rnk",90.7485
"18828","zcta",2023,"food_state_rnk",37.3054
"18829","zcta",2023,"food_state_rnk",90.2395
"18830","zcta",2023,"food_state_rnk",57.1257
"18831","zcta",2023,"food_state_rnk",82.1557
"18832","zcta",2023,"food_state_rnk",45.3293
"18833","zcta",2023,"food_state_rnk",43.6527
"18834","zcta",2023,"food_state_rnk",74.491
"18837","zcta",2023,"food_state_rnk",71.497
"18840","zcta",2023,"food_state_rnk",46.7066
"18842","zcta",2023,"food_state_rnk",39.3413
"18843","zcta",2023,"food_state_rnk",3.6826
"18844","zcta",2023,"food_state_rnk",70.6587
"18845","zcta",2023,"food_state_rnk",78.8024
"18846","zcta",2023,"food_state_rnk",61.8862
"18847","zcta",2023,"food_state_rnk",20.479
"18848","zcta",2023,"food_state_rnk",29.8802
"18850","zcta",2023,"food_state_rnk",42.1557
"18851","zcta",2023,"food_state_rnk",78.503
"18853","zcta",2023,"food_state_rnk",53.9222
"18854","zcta",2023,"food_state_rnk",17.9641
"18901","zcta",2023,"food_state_rnk",75.2096
"18902","zcta",2023,"food_state_rnk",87.006
"18912","zcta",2023,"food_state_rnk",99.8204
"18913","zcta",2023,"food_state_rnk",99.7605
"18914","zcta",2023,"food_state_rnk",82.7545
"18915","zcta",2023,"food_state_rnk",86.2874
"18917","zcta",2023,"food_state_rnk",53.8323
"18920","zcta",2023,"food_state_rnk",21.018
"18921","zcta",2023,"food_state_rnk",99.9401
"18923","zcta",2023,"food_state_rnk",99.1018
"18925","zcta",2023,"food_state_rnk",91.3174
"18927","zcta",2023,"food_state_rnk",72.9042
"18929","zcta",2023,"food_state_rnk",80.8683
"18930","zcta",2023,"food_state_rnk",88.8922
"18932","zcta",2023,"food_state_rnk",99.2216
"18933","zcta",2023,"food_state_rnk",90
"18935","zcta",2023,"food_state_rnk",99.4611
"18936","zcta",2023,"food_state_rnk",98.7725
"18938","zcta",2023,"food_state_rnk",90.5389
"18940","zcta",2023,"food_state_rnk",84.6707
"18942","zcta",2023,"food_state_rnk",92.3952
"18944","zcta",2023,"food_state_rnk",73.2635
"18946","zcta",2023,"food_state_rnk",96.1078
"18947","zcta",2023,"food_state_rnk",94.0719
"18951","zcta",2023,"food_state_rnk",50.1198
"18954","zcta",2023,"food_state_rnk",91.497
"18955","zcta",2023,"food_state_rnk",95.8683
"18960","zcta",2023,"food_state_rnk",63.1138
"18962","zcta",2023,"food_state_rnk",13.2934
"18964","zcta",2023,"food_state_rnk",73.9521
"18966","zcta",2023,"food_state_rnk",65.6287
"18969","zcta",2023,"food_state_rnk",78.2036
"18970","zcta",2023,"food_state_rnk",91.976
"18972","zcta",2023,"food_state_rnk",91.1377
"18974","zcta",2023,"food_state_rnk",45.2395
"18976","zcta",2023,"food_state_rnk",79.6707
"18977","zcta",2023,"food_state_rnk",94.2814
"18980","zcta",2023,"food_state_rnk",NA
"19001","zcta",2023,"food_state_rnk",69.3114
"19002","zcta",2023,"food_state_rnk",70.8683
"19003","zcta",2023,"food_state_rnk",70.0599
"19004","zcta",2023,"food_state_rnk",65.6886
"19006","zcta",2023,"food_state_rnk",62.5749
"19007","zcta",2023,"food_state_rnk",21.7365
"19008","zcta",2023,"food_state_rnk",80.6287
"19009","zcta",2023,"food_state_rnk",98.6228
"19010","zcta",2023,"food_state_rnk",89.6407
"19012","zcta",2023,"food_state_rnk",66.497
"19013","zcta",2023,"food_state_rnk",1.3174
"19014","zcta",2023,"food_state_rnk",44.9701
"19015","zcta",2023,"food_state_rnk",34.0719
"19017","zcta",2023,"food_state_rnk",45.1497
"19018","zcta",2023,"food_state_rnk",36.1976
"19020","zcta",2023,"food_state_rnk",16.2275
"19021","zcta",2023,"food_state_rnk",16.3473
"19022","zcta",2023,"food_state_rnk",10.4192
"19023","zcta",2023,"food_state_rnk",4.7305
"19025","zcta",2023,"food_state_rnk",92.8743
"19026","zcta",2023,"food_state_rnk",39.6108
"19027","zcta",2023,"food_state_rnk",53.024
"19029","zcta",2023,"food_state_rnk",18.3832
"19030","zcta",2023,"food_state_rnk",33.4431
"19031","zcta",2023,"food_state_rnk",86.6766
"19032","zcta",2023,"food_state_rnk",6.2874
"19033","zcta",2023,"food_state_rnk",42.9042
"19034","zcta",2023,"food_state_rnk",92.0958
"19035","zcta",2023,"food_state_rnk",98.6826
"19036","zcta",2023,"food_state_rnk",22.8743
"19038","zcta",2023,"food_state_rnk",64.3114
"19040","zcta",2023,"food_state_rnk",71.6168
"19041","zcta",2023,"food_state_rnk",92.8144
"19043","zcta",2023,"food_state_rnk",67.006
"19044","zcta",2023,"food_state_rnk",62.1557
"19046","zcta",2023,"food_state_rnk",80.4491
"19047","zcta",2023,"food_state_rnk",51.7365
"19050","zcta",2023,"food_state_rnk",18.6826
"19052","zcta",2023,"food_state_rnk",56.8862
"19053","zcta",2023,"food_state_rnk",74.9102
"19054","zcta",2023,"food_state_rnk",47.3054
"19055","zcta",2023,"food_state_rnk",45.0299
"19056","zcta",2023,"food_state_rnk",35.988
"19057","zcta",2023,"food_state_rnk",37.8443
"19060","zcta",2023,"food_state_rnk",86.4072
"19061","zcta",2023,"food_state_rnk",20.5389
"19063","zcta",2023,"food_state_rnk",73.7725
"19064","zcta",2023,"food_state_rnk",83.4132
"19066","zcta",2023,"food_state_rnk",92.4551
"19067","zcta",2023,"food_state_rnk",49.0419
"19070","zcta",2023,"food_state_rnk",59.3413
"19072","zcta",2023,"food_state_rnk",85.3293
"19073","zcta",2023,"food_state_rnk",85.2695
"19074","zcta",2023,"food_state_rnk",25.0299
"19075","zcta",2023,"food_state_rnk",74.8503
"19076","zcta",2023,"food_state_rnk",31.0479
"19078","zcta",2023,"food_state_rnk",50.8383
"19079","zcta",2023,"food_state_rnk",9.521
"19081","zcta",2023,"food_state_rnk",73.1437
"19082","zcta",2023,"food_state_rnk",11.3772
"19083","zcta",2023,"food_state_rnk",61.3772
"19085","zcta",2023,"food_state_rnk",NA
"19086","zcta",2023,"food_state_rnk",81.497
"19087","zcta",2023,"food_state_rnk",72.3353
"19090","zcta",2023,"food_state_rnk",59.1916
"19094","zcta",2023,"food_state_rnk",42.0958
"19095","zcta",2023,"food_state_rnk",88.2934
"19096","zcta",2023,"food_state_rnk",84.521
"19102","zcta",2023,"food_state_rnk",89.1018
"19103","zcta",2023,"food_state_rnk",59.2814
"19104","zcta",2023,"food_state_rnk",3.3533
"19106","zcta",2023,"food_state_rnk",89.3413
"19107","zcta",2023,"food_state_rnk",25.2096
"19108","zcta",2023,"food_state_rnk",95.0299
"19109","zcta",2023,"food_state_rnk",NA
"19111","zcta",2023,"food_state_rnk",5.4491
"19112","zcta",2023,"food_state_rnk",NA
"19113","zcta",2023,"food_state_rnk",NA
"19114","zcta",2023,"food_state_rnk",17.1856
"19115","zcta",2023,"food_state_rnk",23.6527
"19116","zcta",2023,"food_state_rnk",14.6108
"19118","zcta",2023,"food_state_rnk",82.4551
"19119","zcta",2023,"food_state_rnk",29.4311
"19120","zcta",2023,"food_state_rnk",1.1377
"19121","zcta",2023,"food_state_rnk",2.1557
"19122","zcta",2023,"food_state_rnk",4.1317
"19123","zcta",2023,"food_state_rnk",16.2874
"19124","zcta",2023,"food_state_rnk",0.7784
"19125","zcta",2023,"food_state_rnk",20
"19126","zcta",2023,"food_state_rnk",13.3533
"19127","zcta",2023,"food_state_rnk",90.7485
"19128","zcta",2023,"food_state_rnk",47.1856
"19129","zcta",2023,"food_state_rnk",23.7725
"19130","zcta",2023,"food_state_rnk",59.0719
"19131","zcta",2023,"food_state_rnk",6.3473
"19132","zcta",2023,"food_state_rnk",0.479
"19133","zcta",2023,"food_state_rnk",0.2395
"19134","zcta",2023,"food_state_rnk",0.8383
"19135","zcta",2023,"food_state_rnk",4.012
"19136","zcta",2023,"food_state_rnk",7.3353
"19137","zcta",2023,"food_state_rnk",27.6647
"19138","zcta",2023,"food_state_rnk",2.6946
"19139","zcta",2023,"food_state_rnk",2.5749
"19140","zcta",2023,"food_state_rnk",0.3593
"19141","zcta",2023,"food_state_rnk",2.994
"19142","zcta",2023,"food_state_rnk",3.2335
"19143","zcta",2023,"food_state_rnk",2.0958
"19144","zcta",2023,"food_state_rnk",2.9341
"19145","zcta",2023,"food_state_rnk",9.9102
"19146","zcta",2023,"food_state_rnk",19.4012
"19147","zcta",2023,"food_state_rnk",26.5868
"19148","zcta",2023,"food_state_rnk",5.6287
"19149","zcta",2023,"food_state_rnk",3.5329
"19150","zcta",2023,"food_state_rnk",22.4551
"19151","zcta",2023,"food_state_rnk",10.2395
"19152","zcta",2023,"food_state_rnk",10.479
"19153","zcta",2023,"food_state_rnk",18.6228
"19154","zcta",2023,"food_state_rnk",25.9581
"19301","zcta",2023,"food_state_rnk",84.4311
"19310","zcta",2023,"food_state_rnk",32.5749
"19311","zcta",2023,"food_state_rnk",82.3054
"19312","zcta",2023,"food_state_rnk",89.1617
"19316","zcta",2023,"food_state_rnk",NA
"19317","zcta",2023,"food_state_rnk",92.6347
"19319","zcta",2023,"food_state_rnk",59.7605
"19320","zcta",2023,"food_state_rnk",19.8802
"19330","zcta",2023,"food_state_rnk",86.0479
"19333","zcta",2023,"food_state_rnk",93.2335
"19335","zcta",2023,"food_state_rnk",65.8683
"19341","zcta",2023,"food_state_rnk",88.6228
"19342","zcta",2023,"food_state_rnk",78.2635
"19343","zcta",2023,"food_state_rnk",92.7545
"19344","zcta",2023,"food_state_rnk",66.7964
"19345","zcta",2023,"food_state_rnk",NA
"19348","zcta",2023,"food_state_rnk",75
"19350","zcta",2023,"food_state_rnk",91.018
"19352","zcta",2023,"food_state_rnk",89.4012
"19355","zcta",2023,"food_state_rnk",80.2695
"19358","zcta",2023,"food_state_rnk",4.8503
"19362","zcta",2023,"food_state_rnk",66.9162
"19363","zcta",2023,"food_state_rnk",37.9341
"19365","zcta",2023,"food_state_rnk",40.2395
"19367","zcta",2023,"food_state_rnk",2.3952
"19369","zcta",2023,"food_state_rnk",99.4012
"19372","zcta",2023,"food_state_rnk",82.9641
"19373","zcta",2023,"food_state_rnk",98.8922
"19374","zcta",2023,"food_state_rnk",7.1856
"19375","zcta",2023,"food_state_rnk",99.8802
"19380","zcta",2023,"food_state_rnk",72.8144
"19382","zcta",2023,"food_state_rnk",64.8802
"19383","zcta",2023,"food_state_rnk",NA
"19390","zcta",2023,"food_state_rnk",87.7844
"19401","zcta",2023,"food_state_rnk",8.0838
"19403","zcta",2023,"food_state_rnk",56.7665
"19405","zcta",2023,"food_state_rnk",50.988
"19406","zcta",2023,"food_state_rnk",69.5509
"19422","zcta",2023,"food_state_rnk",81.976
"19425","zcta",2023,"food_state_rnk",93.982
"19426","zcta",2023,"food_state_rnk",75
"19428","zcta",2023,"food_state_rnk",76.7665
"19435","zcta",2023,"food_state_rnk",NA
"19436","zcta",2023,"food_state_rnk",89.7605
"19437","zcta",2023,"food_state_rnk",NA
"19438","zcta",2023,"food_state_rnk",63.2335
"19440","zcta",2023,"food_state_rnk",70.7784
"19442","zcta",2023,"food_state_rnk",NA
"19444","zcta",2023,"food_state_rnk",92.6946
"19446","zcta",2023,"food_state_rnk",41.7365
"19453","zcta",2023,"food_state_rnk",90.5988
"19454","zcta",2023,"food_state_rnk",73.8323
"19456","zcta",2023,"food_state_rnk",95.6287
"19457","zcta",2023,"food_state_rnk",NA
"19460","zcta",2023,"food_state_rnk",54.9102
"19462","zcta",2023,"food_state_rnk",73.6228
"19464","zcta",2023,"food_state_rnk",14.1916
"19465","zcta",2023,"food_state_rnk",82.3952
"19468","zcta",2023,"food_state_rnk",57.7545
"19472","zcta",2023,"food_state_rnk",NA
"19473","zcta",2023,"food_state_rnk",73.3533
"19474","zcta",2023,"food_state_rnk",98.1437
"19475","zcta",2023,"food_state_rnk",32.3952
"19477","zcta",2023,"food_state_rnk",NA
"19490","zcta",2023,"food_state_rnk",99.5808
"19492","zcta",2023,"food_state_rnk",97.9042
"19501","zcta",2023,"food_state_rnk",64.6108
"19503","zcta",2023,"food_state_rnk",53.5928
"19504","zcta",2023,"food_state_rnk",80.6287
"19505","zcta",2023,"food_state_rnk",56.8263
"19506","zcta",2023,"food_state_rnk",83.0539
"19507","zcta",2023,"food_state_rnk",48.8922
"19508","zcta",2023,"food_state_rnk",53.7725
"19510","zcta",2023,"food_state_rnk",79.2515
"19511","zcta",2023,"food_state_rnk",99.1617
"19512","zcta",2023,"food_state_rnk",65.3293
"19516","zcta",2023,"food_state_rnk",21.5569
"19518","zcta",2023,"food_state_rnk",82.5749
"19520","zcta",2023,"food_state_rnk",59.491
"19522","zcta",2023,"food_state_rnk",73.6228
"19523","zcta",2023,"food_state_rnk",NA
"19525","zcta",2023,"food_state_rnk",74.2814
"19526","zcta",2023,"food_state_rnk",68.4132
"19529","zcta",2023,"food_state_rnk",75.8683
"19530","zcta",2023,"food_state_rnk",72.994
"19533","zcta",2023,"food_state_rnk",75.0898
"19534","zcta",2023,"food_state_rnk",79.3413
"19535","zcta",2023,"food_state_rnk",NA
"19536","zcta",2023,"food_state_rnk",45.988
"19538","zcta",2023,"food_state_rnk",NA
"19539","zcta",2023,"food_state_rnk",92.515
"19540","zcta",2023,"food_state_rnk",68.982
"19541","zcta",2023,"food_state_rnk",94.5509
"19543","zcta",2023,"food_state_rnk",77.1856
"19544","zcta",2023,"food_state_rnk",14.1317
"19545","zcta",2023,"food_state_rnk",7.9641
"19547","zcta",2023,"food_state_rnk",71.7365
"19549","zcta",2023,"food_state_rnk",15.7186
"19550","zcta",2023,"food_state_rnk",NA
"19551","zcta",2023,"food_state_rnk",82.2156
"19554","zcta",2023,"food_state_rnk",98.2635
"19555","zcta",2023,"food_state_rnk",38.024
"19559","zcta",2023,"food_state_rnk",95.6287
"19560","zcta",2023,"food_state_rnk",31.0479
"19562","zcta",2023,"food_state_rnk",48.1138
"19564","zcta",2023,"food_state_rnk",89.0419
"19565","zcta",2023,"food_state_rnk",91.4371
"19567","zcta",2023,"food_state_rnk",86.8563
"19601","zcta",2023,"food_state_rnk",2.0359
"19602","zcta",2023,"food_state_rnk",1.7365
"19604","zcta",2023,"food_state_rnk",6.0479
"19605","zcta",2023,"food_state_rnk",32.9042
"19606","zcta",2023,"food_state_rnk",22.3054
"19607","zcta",2023,"food_state_rnk",26.9461
"19608","zcta",2023,"food_state_rnk",60.3593
"19609","zcta",2023,"food_state_rnk",63.6527
"19610","zcta",2023,"food_state_rnk",77.515
"19611","zcta",2023,"food_state_rnk",7.6048
