"geoid","geolevel","year","level","value"
"50001","zcta",2023,"food_score",117.71
"50002","zcta",2023,"food_score",112.55
"50003","zcta",2023,"food_score",115.98
"50005","zcta",2023,"food_score",116.61
"50006","zcta",2023,"food_score",118.86
"50007","zcta",2023,"food_score",130.49
"50008","zcta",2023,"food_score",108.52
"50009","zcta",2023,"food_score",106.67
"50010","zcta",2023,"food_score",110.35
"50012","zcta",2023,"food_score",NA
"50013","zcta",2023,"food_score",NA
"50014","zcta",2023,"food_score",112.83
"50020","zcta",2023,"food_score",113.53
"50021","zcta",2023,"food_score",111.77
"50022","zcta",2023,"food_score",85.11
"50023","zcta",2023,"food_score",108.83
"50025","zcta",2023,"food_score",101.9
"50026","zcta",2023,"food_score",104.57
"50027","zcta",2023,"food_score",95.12
"50028","zcta",2023,"food_score",108.64
"50029","zcta",2023,"food_score",77.69
"50031","zcta",2023,"food_score",NA
"50032","zcta",2023,"food_score",123.64
"50033","zcta",2023,"food_score",NA
"50034","zcta",2023,"food_score",121.85
"50035","zcta",2023,"food_score",118.11
"50036","zcta",2023,"food_score",112.06
"50038","zcta",2023,"food_score",129.4
"50039","zcta",2023,"food_score",102.33
"50040","zcta",2023,"food_score",70.46
"50041","zcta",2023,"food_score",NA
"50042","zcta",2023,"food_score",106.47
"50044","zcta",2023,"food_score",104.03
"50046","zcta",2023,"food_score",122.72
"50047","zcta",2023,"food_score",108.9
"50048","zcta",2023,"food_score",98.17
"50049","zcta",2023,"food_score",96.92
"50050","zcta",2023,"food_score",104.15
"50051","zcta",2023,"food_score",128.17
"50052","zcta",2023,"food_score",NA
"50054","zcta",2023,"food_score",99.76
"50055","zcta",2023,"food_score",108.36
"50056","zcta",2023,"food_score",118.96
"50057","zcta",2023,"food_score",103.28
"50058","zcta",2023,"food_score",107.32
"50060","zcta",2023,"food_score",100.43
"50061","zcta",2023,"food_score",113
"50062","zcta",2023,"food_score",104.43
"50063","zcta",2023,"food_score",117.33
"50064","zcta",2023,"food_score",NA
"50065","zcta",2023,"food_score",108.44
"50066","zcta",2023,"food_score",116.5
"50067","zcta",2023,"food_score",106.28
"50068","zcta",2023,"food_score",118.52
"50069","zcta",2023,"food_score",123.28
"50070","zcta",2023,"food_score",111.11
"50071","zcta",2023,"food_score",98.74
"50072","zcta",2023,"food_score",120.08
"50073","zcta",2023,"food_score",122.33
"50074","zcta",2023,"food_score",128.83
"50075","zcta",2023,"food_score",114.5
"50076","zcta",2023,"food_score",100.56
"50078","zcta",2023,"food_score",NA
"50101","zcta",2023,"food_score",NA
"50102","zcta",2023,"food_score",NA
"50103","zcta",2023,"food_score",73.22
"50104","zcta",2023,"food_score",NA
"50105","zcta",2023,"food_score",121.39
"50106","zcta",2023,"food_score",102.53
"50107","zcta",2023,"food_score",93.86
"50108","zcta",2023,"food_score",110.48
"50109","zcta",2023,"food_score",117.62
"50110","zcta",2023,"food_score",NA
"50111","zcta",2023,"food_score",110.03
"50112","zcta",2023,"food_score",108.42
"50115","zcta",2023,"food_score",111.47
"50116","zcta",2023,"food_score",105.47
"50117","zcta",2023,"food_score",130.68
"50118","zcta",2023,"food_score",109.23
"50119","zcta",2023,"food_score",107.74
"50120","zcta",2023,"food_score",117.45
"50122","zcta",2023,"food_score",121.57
"50123","zcta",2023,"food_score",109.24
"50124","zcta",2023,"food_score",117.77
"50125","zcta",2023,"food_score",107.67
"50126","zcta",2023,"food_score",105.34
"50127","zcta",2023,"food_score",NA
"50128","zcta",2023,"food_score",88.6
"50129","zcta",2023,"food_score",105.93
"50130","zcta",2023,"food_score",115.41
"50131","zcta",2023,"food_score",104.85
"50132","zcta",2023,"food_score",105.62
"50133","zcta",2023,"food_score",109.41
"50134","zcta",2023,"food_score",125.94
"50135","zcta",2023,"food_score",96.37
"50136","zcta",2023,"food_score",107.02
"50137","zcta",2023,"food_score",130.52
"50138","zcta",2023,"food_score",103.06
"50139","zcta",2023,"food_score",113.22
"50140","zcta",2023,"food_score",106.29
"50141","zcta",2023,"food_score",123.56
"50142","zcta",2023,"food_score",109
"50143","zcta",2023,"food_score",123.53
"50144","zcta",2023,"food_score",111.31
"50145","zcta",2023,"food_score",130.26
"50146","zcta",2023,"food_score",119.49
"50147","zcta",2023,"food_score",105.6
"50148","zcta",2023,"food_score",99.33
"50149","zcta",2023,"food_score",99.29
"50150","zcta",2023,"food_score",110.8
"50151","zcta",2023,"food_score",116.13
"50152","zcta",2023,"food_score",126.88
"50153","zcta",2023,"food_score",125.09
"50154","zcta",2023,"food_score",95.15
"50155","zcta",2023,"food_score",119.8
"50156","zcta",2023,"food_score",119.52
"50157","zcta",2023,"food_score",97.28
"50158","zcta",2023,"food_score",92.11
"50160","zcta",2023,"food_score",108.7
"50161","zcta",2023,"food_score",108.31
"50162","zcta",2023,"food_score",121.17
"50163","zcta",2023,"food_score",114.13
"50164","zcta",2023,"food_score",95.8
"50165","zcta",2023,"food_score",NA
"50166","zcta",2023,"food_score",116.28
"50167","zcta",2023,"food_score",122.93
"50168","zcta",2023,"food_score",110.09
"50169","zcta",2023,"food_score",110
"50170","zcta",2023,"food_score",118.99
"50171","zcta",2023,"food_score",110.72
"50173","zcta",2023,"food_score",117.67
"50174","zcta",2023,"food_score",99.12
"50201","zcta",2023,"food_score",109.48
"50206","zcta",2023,"food_score",106.59
"50207","zcta",2023,"food_score",108.03
"50208","zcta",2023,"food_score",98.95
"50210","zcta",2023,"food_score",120.71
"50211","zcta",2023,"food_score",110.25
"50212","zcta",2023,"food_score",113.21
"50213","zcta",2023,"food_score",98.96
"50214","zcta",2023,"food_score",129.11
"50216","zcta",2023,"food_score",109.45
"50217","zcta",2023,"food_score",115.31
"50218","zcta",2023,"food_score",83.74
"50219","zcta",2023,"food_score",110.49
"50220","zcta",2023,"food_score",106.07
"50222","zcta",2023,"food_score",101.77
"50223","zcta",2023,"food_score",106.73
"50225","zcta",2023,"food_score",97.65
"50226","zcta",2023,"food_score",118.74
"50227","zcta",2023,"food_score",115.01
"50228","zcta",2023,"food_score",113.5
"50229","zcta",2023,"food_score",122.7
"50230","zcta",2023,"food_score",109.34
"50231","zcta",2023,"food_score",124.99
"50232","zcta",2023,"food_score",111.46
"50233","zcta",2023,"food_score",101.27
"50234","zcta",2023,"food_score",117.91
"50235","zcta",2023,"food_score",113.78
"50236","zcta",2023,"food_score",125.39
"50237","zcta",2023,"food_score",113.65
"50238","zcta",2023,"food_score",111.49
"50239","zcta",2023,"food_score",128.74
"50240","zcta",2023,"food_score",116.37
"50241","zcta",2023,"food_score",112.23
"50242","zcta",2023,"food_score",109.33
"50243","zcta",2023,"food_score",120.81
"50244","zcta",2023,"food_score",118.16
"50246","zcta",2023,"food_score",121.05
"50247","zcta",2023,"food_score",98.99
"50248","zcta",2023,"food_score",119.45
"50249","zcta",2023,"food_score",109.23
"50250","zcta",2023,"food_score",109.89
"50251","zcta",2023,"food_score",122.76
"50252","zcta",2023,"food_score",127.27
"50254","zcta",2023,"food_score",94.37
"50255","zcta",2023,"food_score",NA
"50256","zcta",2023,"food_score",109.42
"50257","zcta",2023,"food_score",108.11
"50258","zcta",2023,"food_score",111.42
"50261","zcta",2023,"food_score",119.69
"50262","zcta",2023,"food_score",108.67
"50263","zcta",2023,"food_score",110.86
"50264","zcta",2023,"food_score",97.58
"50265","zcta",2023,"food_score",100.31
"50266","zcta",2023,"food_score",104.94
"50268","zcta",2023,"food_score",83.54
"50269","zcta",2023,"food_score",107.6
"50271","zcta",2023,"food_score",110.85
"50272","zcta",2023,"food_score",114.79
"50273","zcta",2023,"food_score",108.91
"50274","zcta",2023,"food_score",110.1
"50275","zcta",2023,"food_score",104.71
"50276","zcta",2023,"food_score",102.58
"50277","zcta",2023,"food_score",122.55
"50278","zcta",2023,"food_score",104.84
"50309","zcta",2023,"food_score",104.76
"50310","zcta",2023,"food_score",91.37
"50311","zcta",2023,"food_score",78.26
"50312","zcta",2023,"food_score",113.46
"50313","zcta",2023,"food_score",87.14
"50314","zcta",2023,"food_score",67.34
"50315","zcta",2023,"food_score",82.58
"50316","zcta",2023,"food_score",75.2
"50317","zcta",2023,"food_score",78.13
"50319","zcta",2023,"food_score",NA
"50320","zcta",2023,"food_score",84.99
"50321","zcta",2023,"food_score",80.4
"50322","zcta",2023,"food_score",101.15
"50323","zcta",2023,"food_score",120.75
"50324","zcta",2023,"food_score",89.79
"50325","zcta",2023,"food_score",109.15
"50327","zcta",2023,"food_score",98.7
"50401","zcta",2023,"food_score",94.82
"50420","zcta",2023,"food_score",104.48
"50421","zcta",2023,"food_score",102.87
"50423","zcta",2023,"food_score",110.57
"50424","zcta",2023,"food_score",105.83
"50426","zcta",2023,"food_score",NA
"50427","zcta",2023,"food_score",131.16
"50428","zcta",2023,"food_score",112.55
"50430","zcta",2023,"food_score",88.85
"50431","zcta",2023,"food_score",109.03
"50432","zcta",2023,"food_score",106.6
"50433","zcta",2023,"food_score",115.09
"50434","zcta",2023,"food_score",98.52
"50435","zcta",2023,"food_score",103.17
"50436","zcta",2023,"food_score",112.81
"50438","zcta",2023,"food_score",108.04
"50439","zcta",2023,"food_score",83.32
"50440","zcta",2023,"food_score",113.17
"50441","zcta",2023,"food_score",101.84
"50444","zcta",2023,"food_score",89.27
"50446","zcta",2023,"food_score",97.24
"50447","zcta",2023,"food_score",115.07
"50448","zcta",2023,"food_score",103.42
"50449","zcta",2023,"food_score",110.29
"50450","zcta",2023,"food_score",100.9
"50451","zcta",2023,"food_score",96.09
"50452","zcta",2023,"food_score",103.09
"50453","zcta",2023,"food_score",116.7
"50454","zcta",2023,"food_score",131.07
"50455","zcta",2023,"food_score",122.13
"50456","zcta",2023,"food_score",114.5
"50457","zcta",2023,"food_score",113.91
"50458","zcta",2023,"food_score",119.51
"50459","zcta",2023,"food_score",111.68
"50460","zcta",2023,"food_score",128.67
"50461","zcta",2023,"food_score",108.81
"50464","zcta",2023,"food_score",107.8
"50465","zcta",2023,"food_score",105.85
"50466","zcta",2023,"food_score",117.04
"50467","zcta",2023,"food_score",NA
"50468","zcta",2023,"food_score",105.52
"50469","zcta",2023,"food_score",117.25
"50470","zcta",2023,"food_score",93.1
"50471","zcta",2023,"food_score",122.7
"50472","zcta",2023,"food_score",114.67
"50473","zcta",2023,"food_score",126.57
"50475","zcta",2023,"food_score",114.2
"50476","zcta",2023,"food_score",117.54
"50477","zcta",2023,"food_score",108.8
"50478","zcta",2023,"food_score",113.89
"50479","zcta",2023,"food_score",116.94
"50480","zcta",2023,"food_score",124.15
"50482","zcta",2023,"food_score",121.81
"50483","zcta",2023,"food_score",117.18
"50484","zcta",2023,"food_score",102.08
"50501","zcta",2023,"food_score",94.81
"50510","zcta",2023,"food_score",110.2
"50511","zcta",2023,"food_score",109.93
"50514","zcta",2023,"food_score",111.4
"50515","zcta",2023,"food_score",76.78
"50516","zcta",2023,"food_score",117.3
"50517","zcta",2023,"food_score",115.87
"50518","zcta",2023,"food_score",123.96
"50519","zcta",2023,"food_score",118.33
"50520","zcta",2023,"food_score",76.02
"50521","zcta",2023,"food_score",NA
"50522","zcta",2023,"food_score",96.01
"50523","zcta",2023,"food_score",110.16
"50524","zcta",2023,"food_score",119.51
"50525","zcta",2023,"food_score",109.35
"50527","zcta",2023,"food_score",NA
"50528","zcta",2023,"food_score",112.91
"50529","zcta",2023,"food_score",103.59
"50530","zcta",2023,"food_score",116.85
"50531","zcta",2023,"food_score",129.14
"50532","zcta",2023,"food_score",126
"50533","zcta",2023,"food_score",105.65
"50535","zcta",2023,"food_score",102.42
"50536","zcta",2023,"food_score",98.02
"50538","zcta",2023,"food_score",102.87
"50539","zcta",2023,"food_score",120.2
"50540","zcta",2023,"food_score",111.78
"50541","zcta",2023,"food_score",107.45
"50542","zcta",2023,"food_score",120.13
"50543","zcta",2023,"food_score",113.53
"50544","zcta",2023,"food_score",92.86
"50545","zcta",2023,"food_score",82.79
"50546","zcta",2023,"food_score",113.34
"50548","zcta",2023,"food_score",108.38
"50551","zcta",2023,"food_score",NA
"50552","zcta",2023,"food_score",NA
"50554","zcta",2023,"food_score",94.7
"50556","zcta",2023,"food_score",112.22
"50557","zcta",2023,"food_score",110.85
"50558","zcta",2023,"food_score",95.79
"50559","zcta",2023,"food_score",126.17
"50560","zcta",2023,"food_score",100.74
"50561","zcta",2023,"food_score",101.93
"50562","zcta",2023,"food_score",104.46
"50563","zcta",2023,"food_score",111.75
"50565","zcta",2023,"food_score",101.75
"50566","zcta",2023,"food_score",101.58
"50567","zcta",2023,"food_score",110.33
"50568","zcta",2023,"food_score",118.11
"50569","zcta",2023,"food_score",105.65
"50570","zcta",2023,"food_score",126.45
"50571","zcta",2023,"food_score",112.84
"50573","zcta",2023,"food_score",NA
"50574","zcta",2023,"food_score",120.02
"50575","zcta",2023,"food_score",101.51
"50576","zcta",2023,"food_score",119.22
"50577","zcta",2023,"food_score",97.68
"50578","zcta",2023,"food_score",100.25
"50579","zcta",2023,"food_score",107.93
"50581","zcta",2023,"food_score",85.61
"50582","zcta",2023,"food_score",126.55
"50583","zcta",2023,"food_score",105.92
"50585","zcta",2023,"food_score",109.81
"50586","zcta",2023,"food_score",84.53
"50588","zcta",2023,"food_score",102.41
"50590","zcta",2023,"food_score",95.94
"50591","zcta",2023,"food_score",67.77
"50592","zcta",2023,"food_score",128.53
"50593","zcta",2023,"food_score",NA
"50594","zcta",2023,"food_score",122.3
"50595","zcta",2023,"food_score",94.26
"50597","zcta",2023,"food_score",111.08
"50598","zcta",2023,"food_score",125.07
"50599","zcta",2023,"food_score",88.82
"50601","zcta",2023,"food_score",107.63
"50602","zcta",2023,"food_score",109.34
"50603","zcta",2023,"food_score",122.46
"50604","zcta",2023,"food_score",109.18
"50605","zcta",2023,"food_score",123.3
"50606","zcta",2023,"food_score",113.19
"50607","zcta",2023,"food_score",88.21
"50608","zcta",2023,"food_score",NA
"50609","zcta",2023,"food_score",84.34
"50611","zcta",2023,"food_score",97.9
"50612","zcta",2023,"food_score",61.89
"50613","zcta",2023,"food_score",102.16
"50616","zcta",2023,"food_score",102.99
"50619","zcta",2023,"food_score",106.67
"50620","zcta",2023,"food_score",NA
"50621","zcta",2023,"food_score",103.34
"50622","zcta",2023,"food_score",123.47
"50623","zcta",2023,"food_score",128.36
"50624","zcta",2023,"food_score",118.16
"50625","zcta",2023,"food_score",109.74
"50626","zcta",2023,"food_score",118.23
"50627","zcta",2023,"food_score",97.36
"50628","zcta",2023,"food_score",107.34
"50629","zcta",2023,"food_score",126.71
"50630","zcta",2023,"food_score",115.32
"50631","zcta",2023,"food_score",113.68
"50632","zcta",2023,"food_score",107.22
"50633","zcta",2023,"food_score",110.06
"50634","zcta",2023,"food_score",113.54
"50635","zcta",2023,"food_score",107.02
"50636","zcta",2023,"food_score",104.35
"50638","zcta",2023,"food_score",116.75
"50641","zcta",2023,"food_score",104.34
"50642","zcta",2023,"food_score",116.8
"50643","zcta",2023,"food_score",116.92
"50644","zcta",2023,"food_score",108.42
"50645","zcta",2023,"food_score",112.09
"50647","zcta",2023,"food_score",118.24
"50648","zcta",2023,"food_score",109.63
"50649","zcta",2023,"food_score",NA
"50650","zcta",2023,"food_score",99.36
"50651","zcta",2023,"food_score",109.07
"50652","zcta",2023,"food_score",NA
"50653","zcta",2023,"food_score",118.92
"50654","zcta",2023,"food_score",119.39
"50655","zcta",2023,"food_score",116.75
"50657","zcta",2023,"food_score",108.83
"50658","zcta",2023,"food_score",119.63
"50659","zcta",2023,"food_score",109.11
"50660","zcta",2023,"food_score",101.31
"50662","zcta",2023,"food_score",102.53
"50664","zcta",2023,"food_score",113.5
"50665","zcta",2023,"food_score",113.13
"50666","zcta",2023,"food_score",110.49
"50667","zcta",2023,"food_score",122.88
"50668","zcta",2023,"food_score",113.9
"50669","zcta",2023,"food_score",116.33
"50670","zcta",2023,"food_score",108.96
"50671","zcta",2023,"food_score",114.94
"50672","zcta",2023,"food_score",103.89
"50673","zcta",2023,"food_score",128.59
"50674","zcta",2023,"food_score",114.02
"50675","zcta",2023,"food_score",117.07
"50676","zcta",2023,"food_score",120.33
"50677","zcta",2023,"food_score",111.56
"50680","zcta",2023,"food_score",111.57
"50681","zcta",2023,"food_score",122.17
"50682","zcta",2023,"food_score",114.1
"50701","zcta",2023,"food_score",91.34
"50702","zcta",2023,"food_score",83.57
"50703","zcta",2023,"food_score",74.25
"50707","zcta",2023,"food_score",78.58
"50801","zcta",2023,"food_score",85.72
"50830","zcta",2023,"food_score",98.88
"50831","zcta",2023,"food_score",NA
"50833","zcta",2023,"food_score",110.54
"50835","zcta",2023,"food_score",NA
"50836","zcta",2023,"food_score",100.53
"50837","zcta",2023,"food_score",117.11
"50839","zcta",2023,"food_score",NA
"50840","zcta",2023,"food_score",107.34
"50841","zcta",2023,"food_score",104.86
"50842","zcta",2023,"food_score",NA
"50843","zcta",2023,"food_score",90.44
"50845","zcta",2023,"food_score",110.89
"50846","zcta",2023,"food_score",107.63
"50847","zcta",2023,"food_score",NA
"50848","zcta",2023,"food_score",116.9
"50849","zcta",2023,"food_score",107.35
"50851","zcta",2023,"food_score",112.19
"50853","zcta",2023,"food_score",117.9
"50854","zcta",2023,"food_score",87.26
"50857","zcta",2023,"food_score",76.42
"50858","zcta",2023,"food_score",102.85
"50859","zcta",2023,"food_score",98.14
"50860","zcta",2023,"food_score",74.58
"50861","zcta",2023,"food_score",115.58
"50862","zcta",2023,"food_score",NA
"50863","zcta",2023,"food_score",119.94
"50864","zcta",2023,"food_score",109.99
"51001","zcta",2023,"food_score",116.45
"51002","zcta",2023,"food_score",96.37
"51003","zcta",2023,"food_score",120.62
"51004","zcta",2023,"food_score",115.34
"51005","zcta",2023,"food_score",105.63
"51006","zcta",2023,"food_score",112.24
"51007","zcta",2023,"food_score",120.65
"51008","zcta",2023,"food_score",89.95
"51009","zcta",2023,"food_score",88.16
"51010","zcta",2023,"food_score",107.53
"51011","zcta",2023,"food_score",NA
"51012","zcta",2023,"food_score",112.14
"51014","zcta",2023,"food_score",121.26
"51015","zcta",2023,"food_score",NA
"51016","zcta",2023,"food_score",94.8
"51018","zcta",2023,"food_score",107.01
"51019","zcta",2023,"food_score",101.95
"51020","zcta",2023,"food_score",108.86
"51022","zcta",2023,"food_score",122.2
"51023","zcta",2023,"food_score",116.01
"51024","zcta",2023,"food_score",121.27
"51025","zcta",2023,"food_score",113.5
"51026","zcta",2023,"food_score",126.17
"51027","zcta",2023,"food_score",112.95
"51028","zcta",2023,"food_score",102.2
"51029","zcta",2023,"food_score",122.85
"51030","zcta",2023,"food_score",120.37
"51031","zcta",2023,"food_score",108.24
"51033","zcta",2023,"food_score",117.1
"51034","zcta",2023,"food_score",98.03
"51035","zcta",2023,"food_score",117.5
"51036","zcta",2023,"food_score",117.5
"51037","zcta",2023,"food_score",105.84
"51038","zcta",2023,"food_score",114.75
"51039","zcta",2023,"food_score",121.04
"51040","zcta",2023,"food_score",105.32
"51041","zcta",2023,"food_score",120.1
"51044","zcta",2023,"food_score",101.57
"51045","zcta",2023,"food_score",NA
"51046","zcta",2023,"food_score",114.39
"51047","zcta",2023,"food_score",127.76
"51048","zcta",2023,"food_score",107.25
"51049","zcta",2023,"food_score",120.55
"51050","zcta",2023,"food_score",119.33
"51051","zcta",2023,"food_score",NA
"51052","zcta",2023,"food_score",109.51
"51053","zcta",2023,"food_score",117.64
"51054","zcta",2023,"food_score",109.01
"51055","zcta",2023,"food_score",111.09
"51056","zcta",2023,"food_score",98.46
"51058","zcta",2023,"food_score",107.03
"51060","zcta",2023,"food_score",92.31
"51061","zcta",2023,"food_score",107.17
"51062","zcta",2023,"food_score",125.87
"51063","zcta",2023,"food_score",113.75
"51101","zcta",2023,"food_score",60.18
"51103","zcta",2023,"food_score",80.82
"51104","zcta",2023,"food_score",101.66
"51105","zcta",2023,"food_score",78.8
"51106","zcta",2023,"food_score",97.44
"51108","zcta",2023,"food_score",113.66
"51109","zcta",2023,"food_score",102.04
"51111","zcta",2023,"food_score",NA
"51201","zcta",2023,"food_score",111.24
"51230","zcta",2023,"food_score",114.76
"51231","zcta",2023,"food_score",121.71
"51232","zcta",2023,"food_score",99.99
"51234","zcta",2023,"food_score",125.28
"51235","zcta",2023,"food_score",120.75
"51237","zcta",2023,"food_score",119.08
"51238","zcta",2023,"food_score",112.46
"51239","zcta",2023,"food_score",123.68
"51240","zcta",2023,"food_score",118.08
"51241","zcta",2023,"food_score",123.7
"51242","zcta",2023,"food_score",113.9
"51243","zcta",2023,"food_score",113.67
"51244","zcta",2023,"food_score",115.86
"51245","zcta",2023,"food_score",104.47
"51246","zcta",2023,"food_score",107.9
"51247","zcta",2023,"food_score",102.62
"51248","zcta",2023,"food_score",110.74
"51249","zcta",2023,"food_score",107.26
"51250","zcta",2023,"food_score",125.03
"51301","zcta",2023,"food_score",93.92
"51331","zcta",2023,"food_score",125.84
"51333","zcta",2023,"food_score",117.98
"51334","zcta",2023,"food_score",104.6
"51338","zcta",2023,"food_score",112.76
"51340","zcta",2023,"food_score",NA
"51341","zcta",2023,"food_score",NA
"51342","zcta",2023,"food_score",113.86
"51343","zcta",2023,"food_score",117.93
"51345","zcta",2023,"food_score",118.22
"51346","zcta",2023,"food_score",105
"51347","zcta",2023,"food_score",120.61
"51350","zcta",2023,"food_score",93
"51351","zcta",2023,"food_score",118.09
"51354","zcta",2023,"food_score",123.03
"51355","zcta",2023,"food_score",114.09
"51357","zcta",2023,"food_score",104.45
"51358","zcta",2023,"food_score",106.96
"51360","zcta",2023,"food_score",111.12
"51363","zcta",2023,"food_score",102.37
"51364","zcta",2023,"food_score",117.89
"51365","zcta",2023,"food_score",111.42
"51366","zcta",2023,"food_score",125.77
"51401","zcta",2023,"food_score",107.27
"51430","zcta",2023,"food_score",118.87
"51431","zcta",2023,"food_score",119.57
"51432","zcta",2023,"food_score",NA
"51433","zcta",2023,"food_score",116.06
"51436","zcta",2023,"food_score",116.57
"51439","zcta",2023,"food_score",112.65
"51440","zcta",2023,"food_score",115.16
"51441","zcta",2023,"food_score",123.09
"51442","zcta",2023,"food_score",103.65
"51443","zcta",2023,"food_score",122.59
"51444","zcta",2023,"food_score",126.31
"51445","zcta",2023,"food_score",111.9
"51446","zcta",2023,"food_score",90.48
"51447","zcta",2023,"food_score",127.29
"51448","zcta",2023,"food_score",85.23
"51449","zcta",2023,"food_score",109
"51450","zcta",2023,"food_score",108.52
"51451","zcta",2023,"food_score",NA
"51452","zcta",2023,"food_score",116.67
"51453","zcta",2023,"food_score",110.52
"51454","zcta",2023,"food_score",124.44
"51455","zcta",2023,"food_score",123.47
"51458","zcta",2023,"food_score",96.47
"51459","zcta",2023,"food_score",NA
"51460","zcta",2023,"food_score",NA
"51461","zcta",2023,"food_score",111.72
"51462","zcta",2023,"food_score",109.91
"51463","zcta",2023,"food_score",113.18
"51465","zcta",2023,"food_score",122.36
"51466","zcta",2023,"food_score",118.75
"51467","zcta",2023,"food_score",115.6
"51501","zcta",2023,"food_score",88.24
"51503","zcta",2023,"food_score",97.52
"51510","zcta",2023,"food_score",96.4
"51520","zcta",2023,"food_score",69.54
"51521","zcta",2023,"food_score",109.26
"51523","zcta",2023,"food_score",112.76
"51525","zcta",2023,"food_score",125.2
"51526","zcta",2023,"food_score",117.48
"51527","zcta",2023,"food_score",109
"51528","zcta",2023,"food_score",117.27
"51529","zcta",2023,"food_score",118.24
"51530","zcta",2023,"food_score",111.03
"51531","zcta",2023,"food_score",126.34
"51532","zcta",2023,"food_score",105.91
"51533","zcta",2023,"food_score",111.48
"51534","zcta",2023,"food_score",114.21
"51535","zcta",2023,"food_score",115.81
"51536","zcta",2023,"food_score",122.36
"51537","zcta",2023,"food_score",106.89
"51540","zcta",2023,"food_score",108.28
"51541","zcta",2023,"food_score",86.48
"51542","zcta",2023,"food_score",128.74
"51543","zcta",2023,"food_score",78.93
"51544","zcta",2023,"food_score",101.7
"51545","zcta",2023,"food_score",105.53
"51546","zcta",2023,"food_score",120.84
"51548","zcta",2023,"food_score",130.36
"51549","zcta",2023,"food_score",122.49
"51550","zcta",2023,"food_score",114.83
"51551","zcta",2023,"food_score",108.92
"51552","zcta",2023,"food_score",121.25
"51553","zcta",2023,"food_score",116.97
"51554","zcta",2023,"food_score",130.87
"51555","zcta",2023,"food_score",113.91
"51556","zcta",2023,"food_score",118.78
"51557","zcta",2023,"food_score",108.39
"51558","zcta",2023,"food_score",92.2
"51559","zcta",2023,"food_score",114.11
"51560","zcta",2023,"food_score",96.71
"51561","zcta",2023,"food_score",126.42
"51562","zcta",2023,"food_score",130
"51563","zcta",2023,"food_score",120.05
"51564","zcta",2023,"food_score",115.65
"51565","zcta",2023,"food_score",128.78
"51566","zcta",2023,"food_score",95.05
"51570","zcta",2023,"food_score",105.64
"51571","zcta",2023,"food_score",111.86
"51572","zcta",2023,"food_score",128.77
"51573","zcta",2023,"food_score",106.5
"51575","zcta",2023,"food_score",122.04
"51576","zcta",2023,"food_score",121.47
"51577","zcta",2023,"food_score",NA
"51578","zcta",2023,"food_score",115.99
"51579","zcta",2023,"food_score",107.93
"51601","zcta",2023,"food_score",80.76
"51630","zcta",2023,"food_score",114.24
"51631","zcta",2023,"food_score",128.87
"51632","zcta",2023,"food_score",103.53
"51636","zcta",2023,"food_score",97.86
"51637","zcta",2023,"food_score",111.22
"51638","zcta",2023,"food_score",119.97
"51639","zcta",2023,"food_score",113.25
"51640","zcta",2023,"food_score",105.61
"51645","zcta",2023,"food_score",87.59
"51646","zcta",2023,"food_score",115.06
"51647","zcta",2023,"food_score",129.46
"51648","zcta",2023,"food_score",95.68
"51649","zcta",2023,"food_score",76.41
"51650","zcta",2023,"food_score",90.59
"51651","zcta",2023,"food_score",85.68
"51652","zcta",2023,"food_score",106.85
"51653","zcta",2023,"food_score",118.13
"51654","zcta",2023,"food_score",99.37
"51656","zcta",2023,"food_score",NA
"52001","zcta",2023,"food_score",88.39
"52002","zcta",2023,"food_score",108.1
"52003","zcta",2023,"food_score",117.22
"52030","zcta",2023,"food_score",102.85
"52031","zcta",2023,"food_score",109.85
"52032","zcta",2023,"food_score",117.03
"52033","zcta",2023,"food_score",109.28
"52035","zcta",2023,"food_score",104.72
"52036","zcta",2023,"food_score",108.92
"52037","zcta",2023,"food_score",104.36
"52038","zcta",2023,"food_score",90.68
"52039","zcta",2023,"food_score",124.95
"52040","zcta",2023,"food_score",118.71
"52041","zcta",2023,"food_score",115.25
"52042","zcta",2023,"food_score",124.24
"52043","zcta",2023,"food_score",121.86
"52044","zcta",2023,"food_score",115.56
"52045","zcta",2023,"food_score",119.11
"52046","zcta",2023,"food_score",117.29
"52047","zcta",2023,"food_score",58.82
"52048","zcta",2023,"food_score",105.43
"52049","zcta",2023,"food_score",99.88
"52050","zcta",2023,"food_score",118.89
"52052","zcta",2023,"food_score",105.2
"52053","zcta",2023,"food_score",113.89
"52054","zcta",2023,"food_score",120.04
"52056","zcta",2023,"food_score",119.08
"52057","zcta",2023,"food_score",105.46
"52060","zcta",2023,"food_score",96.48
"52064","zcta",2023,"food_score",119.55
"52065","zcta",2023,"food_score",122.39
"52066","zcta",2023,"food_score",NA
"52068","zcta",2023,"food_score",114.7
"52069","zcta",2023,"food_score",96.15
"52070","zcta",2023,"food_score",117.19
"52071","zcta",2023,"food_score",104.24
"52072","zcta",2023,"food_score",119.7
"52073","zcta",2023,"food_score",119.92
"52074","zcta",2023,"food_score",122.88
"52075","zcta",2023,"food_score",99.23
"52076","zcta",2023,"food_score",111.77
"52077","zcta",2023,"food_score",105.6
"52078","zcta",2023,"food_score",121.85
"52079","zcta",2023,"food_score",113.22
"52101","zcta",2023,"food_score",115.68
"52132","zcta",2023,"food_score",105.78
"52133","zcta",2023,"food_score",125.77
"52134","zcta",2023,"food_score",103.55
"52135","zcta",2023,"food_score",118.89
"52136","zcta",2023,"food_score",111.32
"52140","zcta",2023,"food_score",128.5
"52141","zcta",2023,"food_score",113.35
"52142","zcta",2023,"food_score",112
"52144","zcta",2023,"food_score",111.78
"52146","zcta",2023,"food_score",124.73
"52147","zcta",2023,"food_score",119.83
"52151","zcta",2023,"food_score",118.49
"52154","zcta",2023,"food_score",115.97
"52155","zcta",2023,"food_score",123.55
"52156","zcta",2023,"food_score",117.6
"52157","zcta",2023,"food_score",106.05
"52158","zcta",2023,"food_score",109.38
"52159","zcta",2023,"food_score",119.85
"52160","zcta",2023,"food_score",121.35
"52161","zcta",2023,"food_score",119.29
"52162","zcta",2023,"food_score",104.01
"52163","zcta",2023,"food_score",121.98
"52164","zcta",2023,"food_score",92.12
"52165","zcta",2023,"food_score",113.22
"52166","zcta",2023,"food_score",121.55
"52168","zcta",2023,"food_score",115
"52169","zcta",2023,"food_score",112.99
"52170","zcta",2023,"food_score",129.19
"52171","zcta",2023,"food_score",119.23
"52172","zcta",2023,"food_score",105.06
"52175","zcta",2023,"food_score",103.93
"52201","zcta",2023,"food_score",97.34
"52202","zcta",2023,"food_score",111.83
"52203","zcta",2023,"food_score",113.09
"52205","zcta",2023,"food_score",101.59
"52206","zcta",2023,"food_score",124.01
"52207","zcta",2023,"food_score",73.63
"52208","zcta",2023,"food_score",118.83
"52209","zcta",2023,"food_score",110.59
"52210","zcta",2023,"food_score",114.76
"52211","zcta",2023,"food_score",114.16
"52212","zcta",2023,"food_score",122.52
"52213","zcta",2023,"food_score",116.97
"52214","zcta",2023,"food_score",115.19
"52215","zcta",2023,"food_score",89.19
"52216","zcta",2023,"food_score",90.55
"52217","zcta",2023,"food_score",100.09
"52218","zcta",2023,"food_score",123.66
"52219","zcta",2023,"food_score",109.72
"52220","zcta",2023,"food_score",121.06
"52221","zcta",2023,"food_score",91.25
"52222","zcta",2023,"food_score",112.07
"52223","zcta",2023,"food_score",114.89
"52224","zcta",2023,"food_score",103.61
"52225","zcta",2023,"food_score",90.17
"52227","zcta",2023,"food_score",118.44
"52228","zcta",2023,"food_score",100.54
"52229","zcta",2023,"food_score",98.35
"52231","zcta",2023,"food_score",115.09
"52232","zcta",2023,"food_score",129.28
"52233","zcta",2023,"food_score",106.04
"52235","zcta",2023,"food_score",103.47
"52236","zcta",2023,"food_score",119.82
"52237","zcta",2023,"food_score",116.49
"52240","zcta",2023,"food_score",97.26
"52241","zcta",2023,"food_score",98.67
"52242","zcta",2023,"food_score",NA
"52245","zcta",2023,"food_score",109.85
"52246","zcta",2023,"food_score",98.44
"52247","zcta",2023,"food_score",116.38
"52248","zcta",2023,"food_score",112.84
"52249","zcta",2023,"food_score",95.09
"52251","zcta",2023,"food_score",107.26
"52252","zcta",2023,"food_score",38.51
"52253","zcta",2023,"food_score",107.89
"52254","zcta",2023,"food_score",108.25
"52255","zcta",2023,"food_score",115.09
"52257","zcta",2023,"food_score",112.79
"52301","zcta",2023,"food_score",106.1
"52302","zcta",2023,"food_score",100.74
"52305","zcta",2023,"food_score",121.29
"52306","zcta",2023,"food_score",123.18
"52307","zcta",2023,"food_score",NA
"52308","zcta",2023,"food_score",112.94
"52309","zcta",2023,"food_score",118.4
"52310","zcta",2023,"food_score",110.94
"52312","zcta",2023,"food_score",NA
"52313","zcta",2023,"food_score",107.73
"52314","zcta",2023,"food_score",120.51
"52315","zcta",2023,"food_score",120.03
"52316","zcta",2023,"food_score",110.62
"52317","zcta",2023,"food_score",110.99
"52318","zcta",2023,"food_score",118.98
"52320","zcta",2023,"food_score",93.57
"52321","zcta",2023,"food_score",78.92
"52322","zcta",2023,"food_score",102.02
"52323","zcta",2023,"food_score",107.3
"52324","zcta",2023,"food_score",123.75
"52325","zcta",2023,"food_score",115.97
"52326","zcta",2023,"food_score",107.75
"52327","zcta",2023,"food_score",122.94
"52328","zcta",2023,"food_score",118.74
"52329","zcta",2023,"food_score",127.9
"52330","zcta",2023,"food_score",126.47
"52332","zcta",2023,"food_score",113.32
"52333","zcta",2023,"food_score",113.94
"52334","zcta",2023,"food_score",104.91
"52335","zcta",2023,"food_score",104.63
"52336","zcta",2023,"food_score",109.7
"52337","zcta",2023,"food_score",113.14
"52338","zcta",2023,"food_score",122.8
"52339","zcta",2023,"food_score",103.19
"52340","zcta",2023,"food_score",118.33
"52341","zcta",2023,"food_score",125.66
"52342","zcta",2023,"food_score",95.57
"52344","zcta",2023,"food_score",NA
"52345","zcta",2023,"food_score",119.62
"52346","zcta",2023,"food_score",111.73
"52347","zcta",2023,"food_score",97.67
"52348","zcta",2023,"food_score",NA
"52349","zcta",2023,"food_score",114.72
"52351","zcta",2023,"food_score",117.59
"52352","zcta",2023,"food_score",113.52
"52353","zcta",2023,"food_score",100.63
"52354","zcta",2023,"food_score",130.15
"52355","zcta",2023,"food_score",118.21
"52356","zcta",2023,"food_score",104.85
"52358","zcta",2023,"food_score",119.45
"52359","zcta",2023,"food_score",101.69
"52361","zcta",2023,"food_score",111.13
"52362","zcta",2023,"food_score",108.48
"52401","zcta",2023,"food_score",79.31
"52402","zcta",2023,"food_score",93.32
"52403","zcta",2023,"food_score",106.25
"52404","zcta",2023,"food_score",90.03
"52405","zcta",2023,"food_score",93.39
"52411","zcta",2023,"food_score",118.32
"52501","zcta",2023,"food_score",81.48
"52530","zcta",2023,"food_score",88.41
"52531","zcta",2023,"food_score",106.57
"52533","zcta",2023,"food_score",107.26
"52534","zcta",2023,"food_score",106.03
"52535","zcta",2023,"food_score",110.66
"52536","zcta",2023,"food_score",108.16
"52537","zcta",2023,"food_score",109.12
"52540","zcta",2023,"food_score",103.29
"52542","zcta",2023,"food_score",111.94
"52543","zcta",2023,"food_score",128.86
"52544","zcta",2023,"food_score",95.17
"52548","zcta",2023,"food_score",NA
"52549","zcta",2023,"food_score",116.66
"52550","zcta",2023,"food_score",108.22
"52551","zcta",2023,"food_score",124.5
"52552","zcta",2023,"food_score",121.44
"52553","zcta",2023,"food_score",95.44
"52554","zcta",2023,"food_score",90.28
"52555","zcta",2023,"food_score",92.57
"52556","zcta",2023,"food_score",95.82
"52557","zcta",2023,"food_score",NA
"52560","zcta",2023,"food_score",113.31
"52561","zcta",2023,"food_score",87.4
"52562","zcta",2023,"food_score",NA
"52563","zcta",2023,"food_score",82.84
"52565","zcta",2023,"food_score",108.51
"52566","zcta",2023,"food_score",103.69
"52567","zcta",2023,"food_score",105.37
"52568","zcta",2023,"food_score",NA
"52569","zcta",2023,"food_score",106.07
"52570","zcta",2023,"food_score",97.83
"52571","zcta",2023,"food_score",103.31
"52572","zcta",2023,"food_score",87.98
"52573","zcta",2023,"food_score",129.39
"52574","zcta",2023,"food_score",95.47
"52576","zcta",2023,"food_score",109.63
"52577","zcta",2023,"food_score",92.3
"52580","zcta",2023,"food_score",82.66
"52581","zcta",2023,"food_score",119.21
"52583","zcta",2023,"food_score",79.79
"52584","zcta",2023,"food_score",114.51
"52585","zcta",2023,"food_score",113.34
"52586","zcta",2023,"food_score",115.52
"52588","zcta",2023,"food_score",NA
"52590","zcta",2023,"food_score",111.26
"52591","zcta",2023,"food_score",97.73
"52593","zcta",2023,"food_score",112.91
"52594","zcta",2023,"food_score",86.39
"52595","zcta",2023,"food_score",99.36
"52601","zcta",2023,"food_score",88.96
"52619","zcta",2023,"food_score",124.26
"52620","zcta",2023,"food_score",96.86
"52621","zcta",2023,"food_score",101.64
"52623","zcta",2023,"food_score",104.41
"52624","zcta",2023,"food_score",106.65
"52625","zcta",2023,"food_score",109.87
"52626","zcta",2023,"food_score",111.58
"52627","zcta",2023,"food_score",97.37
"52630","zcta",2023,"food_score",70.68
"52631","zcta",2023,"food_score",NA
"52632","zcta",2023,"food_score",85.24
"52635","zcta",2023,"food_score",72.24
"52637","zcta",2023,"food_score",115.53
"52638","zcta",2023,"food_score",105.98
"52639","zcta",2023,"food_score",105.85
"52640","zcta",2023,"food_score",110.96
"52641","zcta",2023,"food_score",105.4
"52644","zcta",2023,"food_score",115.72
"52645","zcta",2023,"food_score",106.69
"52646","zcta",2023,"food_score",84.63
"52647","zcta",2023,"food_score",NA
"52649","zcta",2023,"food_score",110.59
"52650","zcta",2023,"food_score",129.53
"52651","zcta",2023,"food_score",100.87
"52652","zcta",2023,"food_score",NA
"52653","zcta",2023,"food_score",101.39
"52654","zcta",2023,"food_score",105
"52655","zcta",2023,"food_score",95.43
"52656","zcta",2023,"food_score",101.48
"52657","zcta",2023,"food_score",NA
"52658","zcta",2023,"food_score",123.03
"52659","zcta",2023,"food_score",110.28
"52660","zcta",2023,"food_score",128.75
"52701","zcta",2023,"food_score",65.44
"52720","zcta",2023,"food_score",95.85
"52721","zcta",2023,"food_score",116.45
"52722","zcta",2023,"food_score",102.49
"52726","zcta",2023,"food_score",115.93
"52727","zcta",2023,"food_score",119.8
"52728","zcta",2023,"food_score",117.33
"52729","zcta",2023,"food_score",124.3
"52730","zcta",2023,"food_score",114.98
"52731","zcta",2023,"food_score",117.16
"52732","zcta",2023,"food_score",82.61
"52737","zcta",2023,"food_score",102.14
"52738","zcta",2023,"food_score",105.43
"52739","zcta",2023,"food_score",78.73
"52742","zcta",2023,"food_score",107.7
"52745","zcta",2023,"food_score",104.88
"52746","zcta",2023,"food_score",123.47
"52747","zcta",2023,"food_score",116.81
"52748","zcta",2023,"food_score",116.72
"52749","zcta",2023,"food_score",112.81
"52750","zcta",2023,"food_score",101.49
"52751","zcta",2023,"food_score",122.69
"52752","zcta",2023,"food_score",113.87
"52753","zcta",2023,"food_score",100.1
"52754","zcta",2023,"food_score",116.37
"52755","zcta",2023,"food_score",116.94
"52756","zcta",2023,"food_score",115.83
"52757","zcta",2023,"food_score",80.56
"52758","zcta",2023,"food_score",108.3
"52759","zcta",2023,"food_score",113.17
"52760","zcta",2023,"food_score",129.58
"52761","zcta",2023,"food_score",88.38
"52765","zcta",2023,"food_score",100.14
"52766","zcta",2023,"food_score",125.17
"52767","zcta",2023,"food_score",130.53
"52768","zcta",2023,"food_score",127.08
"52769","zcta",2023,"food_score",121.76
"52771","zcta",2023,"food_score",NA
"52772","zcta",2023,"food_score",112.76
"52773","zcta",2023,"food_score",112.98
"52774","zcta",2023,"food_score",107.18
"52776","zcta",2023,"food_score",94.93
"52777","zcta",2023,"food_score",109.79
"52778","zcta",2023,"food_score",102.8
"52801","zcta",2023,"food_score",60.1
"52802","zcta",2023,"food_score",84.51
"52803","zcta",2023,"food_score",90.32
"52804","zcta",2023,"food_score",77.91
"52806","zcta",2023,"food_score",95.12
"52807","zcta",2023,"food_score",105.45
"68110","zcta",2023,"food_score",76.29
"50001","zcta",2023,"food_rnk",82.5915
"50002","zcta",2023,"food_rnk",71.0744
"50003","zcta",2023,"food_rnk",78.6845
"50005","zcta",2023,"food_rnk",80.1088
"50006","zcta",2023,"food_rnk",84.9869
"50007","zcta",2023,"food_rnk",99.2879
"50008","zcta",2023,"food_rnk",61.6224
"50009","zcta",2023,"food_rnk",57.1359
"50010","zcta",2023,"food_rnk",65.811
"50012","zcta",2023,"food_rnk",NA
"50013","zcta",2023,"food_rnk",NA
"50014","zcta",2023,"food_rnk",71.6991
"50020","zcta",2023,"food_rnk",73.3597
"50021","zcta",2023,"food_rnk",69.2843
"50022","zcta",2023,"food_rnk",19.5255
"50023","zcta",2023,"food_rnk",62.2892
"50025","zcta",2023,"food_rnk",46.2953
"50026","zcta",2023,"food_rnk",52.0312
"50027","zcta",2023,"food_rnk",33.4121
"50028","zcta",2023,"food_rnk",61.8716
"50029","zcta",2023,"food_rnk",12.5239
"50031","zcta",2023,"food_rnk",NA
"50032","zcta",2023,"food_rnk",92.283
"50033","zcta",2023,"food_rnk",NA
"50034","zcta",2023,"food_rnk",90.2017
"50035","zcta",2023,"food_rnk",83.4558
"50036","zcta",2023,"food_rnk",69.9446
"50038","zcta",2023,"food_rnk",97.9607
"50039","zcta",2023,"food_rnk",47.2858
"50040","zcta",2023,"food_rnk",8.1896
"50041","zcta",2023,"food_rnk",NA
"50042","zcta",2023,"food_rnk",56.6763
"50044","zcta",2023,"food_rnk",50.9274
"50046","zcta",2023,"food_rnk",91.2699
"50047","zcta",2023,"food_rnk",62.4575
"50048","zcta",2023,"food_rnk",38.8955
"50049","zcta",2023,"food_rnk",36.4678
"50050","zcta",2023,"food_rnk",51.1572
"50051","zcta",2023,"food_rnk",96.585
"50052","zcta",2023,"food_rnk",NA
"50054","zcta",2023,"food_rnk",41.8897
"50055","zcta",2023,"food_rnk",61.1951
"50056","zcta",2023,"food_rnk",85.152
"50057","zcta",2023,"food_rnk",49.3251
"50058","zcta",2023,"food_rnk",58.6152
"50060","zcta",2023,"food_rnk",43.259
"50061","zcta",2023,"food_rnk",72.1426
"50062","zcta",2023,"food_rnk",51.7431
"50063","zcta",2023,"food_rnk",81.779
"50064","zcta",2023,"food_rnk",NA
"50065","zcta",2023,"food_rnk",61.4249
"50066","zcta",2023,"food_rnk",79.8628
"50067","zcta",2023,"food_rnk",56.2166
"50068","zcta",2023,"food_rnk",84.3136
"50069","zcta",2023,"food_rnk",91.8914
"50070","zcta",2023,"food_rnk",67.6367
"50071","zcta",2023,"food_rnk",39.9929
"50072","zcta",2023,"food_rnk",87.4697
"50073","zcta",2023,"food_rnk",90.7552
"50074","zcta",2023,"food_rnk",97.3004
"50075","zcta",2023,"food_rnk",75.4313
"50076","zcta",2023,"food_rnk",43.5471
"50078","zcta",2023,"food_rnk",NA
"50101","zcta",2023,"food_rnk",NA
"50102","zcta",2023,"food_rnk",NA
"50103","zcta",2023,"food_rnk",9.5523
"50104","zcta",2023,"food_rnk",NA
"50105","zcta",2023,"food_rnk",89.5996
"50106","zcta",2023,"food_rnk",47.7098
"50107","zcta",2023,"food_rnk",31.3663
"50108","zcta",2023,"food_rnk",66.1703
"50109","zcta",2023,"food_rnk",82.3844
"50110","zcta",2023,"food_rnk",NA
"50111","zcta",2023,"food_rnk",65.0471
"50112","zcta",2023,"food_rnk",61.3537
"50115","zcta",2023,"food_rnk",68.5269
"50116","zcta",2023,"food_rnk",54.1514
"50117","zcta",2023,"food_rnk",99.4756
"50118","zcta",2023,"food_rnk",63.1988
"50119","zcta",2023,"food_rnk",59.6284
"50120","zcta",2023,"food_rnk",82.0056
"50122","zcta",2023,"food_rnk",89.8132
"50123","zcta",2023,"food_rnk",63.2247
"50124","zcta",2023,"food_rnk",82.6854
"50125","zcta",2023,"food_rnk",59.4892
"50126","zcta",2023,"food_rnk",53.8083
"50127","zcta",2023,"food_rnk",NA
"50128","zcta",2023,"food_rnk",23.6267
"50129","zcta",2023,"food_rnk",55.2941
"50130","zcta",2023,"food_rnk",77.4577
"50131","zcta",2023,"food_rnk",52.6851
"50132","zcta",2023,"food_rnk",54.569
"50133","zcta",2023,"food_rnk",63.6034
"50134","zcta",2023,"food_rnk",94.4356
"50135","zcta",2023,"food_rnk",35.5291
"50136","zcta",2023,"food_rnk",57.9128
"50137","zcta",2023,"food_rnk",99.3235
"50138","zcta",2023,"food_rnk",48.8654
"50139","zcta",2023,"food_rnk",72.6184
"50140","zcta",2023,"food_rnk",56.236
"50141","zcta",2023,"food_rnk",92.1827
"50142","zcta",2023,"food_rnk",62.7035
"50143","zcta",2023,"food_rnk",92.1665
"50144","zcta",2023,"food_rnk",68.1417
"50145","zcta",2023,"food_rnk",99.0289
"50146","zcta",2023,"food_rnk",86.2493
"50147","zcta",2023,"food_rnk",54.5075
"50148","zcta",2023,"food_rnk",41.1064
"50149","zcta",2023,"food_rnk",41.0222
"50150","zcta",2023,"food_rnk",66.9213
"50151","zcta",2023,"food_rnk",79.0114
"50152","zcta",2023,"food_rnk",95.2772
"50153","zcta",2023,"food_rnk",93.6296
"50154","zcta",2023,"food_rnk",33.4607
"50155","zcta",2023,"food_rnk",86.887
"50156","zcta",2023,"food_rnk",86.327
"50157","zcta",2023,"food_rnk",37.2091
"50158","zcta",2023,"food_rnk",28.5631
"50160","zcta",2023,"food_rnk",62.0497
"50161","zcta",2023,"food_rnk",61.0753
"50162","zcta",2023,"food_rnk",89.2629
"50163","zcta",2023,"food_rnk",74.7289
"50164","zcta",2023,"food_rnk",34.5515
"50165","zcta",2023,"food_rnk",NA
"50166","zcta",2023,"food_rnk",79.3416
"50167","zcta",2023,"food_rnk",91.5062
"50168","zcta",2023,"food_rnk",65.196
"50169","zcta",2023,"food_rnk",64.9726
"50170","zcta",2023,"food_rnk",85.2394
"50171","zcta",2023,"food_rnk",66.753
"50173","zcta",2023,"food_rnk",82.5009
"50174","zcta",2023,"food_rnk",40.6856
"50201","zcta",2023,"food_rnk",63.7717
"50206","zcta",2023,"food_rnk",56.9611
"50207","zcta",2023,"food_rnk",60.3826
"50208","zcta",2023,"food_rnk",40.404
"50210","zcta",2023,"food_rnk",88.5087
"50211","zcta",2023,"food_rnk",65.565
"50212","zcta",2023,"food_rnk",72.599
"50213","zcta",2023,"food_rnk",40.4266
"50214","zcta",2023,"food_rnk",97.6661
"50216","zcta",2023,"food_rnk",63.6973
"50217","zcta",2023,"food_rnk",77.244
"50218","zcta",2023,"food_rnk",17.9264
"50219","zcta",2023,"food_rnk",66.2059
"50220","zcta",2023,"food_rnk",55.6631
"50222","zcta",2023,"food_rnk",46.059
"50223","zcta",2023,"food_rnk",57.2848
"50225","zcta",2023,"food_rnk",37.9147
"50226","zcta",2023,"food_rnk",84.7344
"50227","zcta",2023,"food_rnk",76.6031
"50228","zcta",2023,"food_rnk",73.282
"50229","zcta",2023,"food_rnk",91.244
"50230","zcta",2023,"food_rnk",63.448
"50231","zcta",2023,"food_rnk",93.5519
"50232","zcta",2023,"food_rnk",68.4945
"50233","zcta",2023,"food_rnk",44.9908
"50234","zcta",2023,"food_rnk",83.0285
"50235","zcta",2023,"food_rnk",73.9197
"50236","zcta",2023,"food_rnk",93.8789
"50237","zcta",2023,"food_rnk",73.6121
"50238","zcta",2023,"food_rnk",68.5851
"50239","zcta",2023,"food_rnk",97.2032
"50240","zcta",2023,"food_rnk",79.5391
"50241","zcta",2023,"food_rnk",70.3687
"50242","zcta",2023,"food_rnk",63.4254
"50243","zcta",2023,"food_rnk",88.6997
"50244","zcta",2023,"food_rnk",83.5756
"50246","zcta",2023,"food_rnk",89.1043
"50247","zcta",2023,"food_rnk",40.4687
"50248","zcta",2023,"food_rnk",86.1878
"50249","zcta",2023,"food_rnk",63.1988
"50250","zcta",2023,"food_rnk",64.6748
"50251","zcta",2023,"food_rnk",91.3022
"50252","zcta",2023,"food_rnk",95.6754
"50254","zcta",2023,"food_rnk",32.14
"50255","zcta",2023,"food_rnk",NA
"50256","zcta",2023,"food_rnk",63.6325
"50257","zcta",2023,"food_rnk",60.5865
"50258","zcta",2023,"food_rnk",68.4136
"50261","zcta",2023,"food_rnk",86.6831
"50262","zcta",2023,"food_rnk",61.9558
"50263","zcta",2023,"food_rnk",67.0702
"50264","zcta",2023,"food_rnk",37.7626
"50265","zcta",2023,"food_rnk",43
"50266","zcta",2023,"food_rnk",52.9181
"50268","zcta",2023,"food_rnk",17.7128
"50269","zcta",2023,"food_rnk",59.2885
"50271","zcta",2023,"food_rnk",67.0476
"50272","zcta",2023,"food_rnk",76.1564
"50273","zcta",2023,"food_rnk",62.4737
"50274","zcta",2023,"food_rnk",65.2284
"50275","zcta",2023,"food_rnk",52.3452
"50276","zcta",2023,"food_rnk",47.8037
"50277","zcta",2023,"food_rnk",91.0595
"50278","zcta",2023,"food_rnk",52.6559
"50309","zcta",2023,"food_rnk",52.4585
"50310","zcta",2023,"food_rnk",27.3687
"50311","zcta",2023,"food_rnk",12.9835
"50312","zcta",2023,"food_rnk",73.1557
"50313","zcta",2023,"food_rnk",21.8043
"50314","zcta",2023,"food_rnk",6.8203
"50315","zcta",2023,"food_rnk",16.7805
"50316","zcta",2023,"food_rnk",10.7791
"50317","zcta",2023,"food_rnk",12.8897
"50319","zcta",2023,"food_rnk",NA
"50320","zcta",2023,"food_rnk",19.3863
"50321","zcta",2023,"food_rnk",14.7088
"50322","zcta",2023,"food_rnk",44.7739
"50323","zcta",2023,"food_rnk",88.5896
"50324","zcta",2023,"food_rnk",25.2064
"50325","zcta",2023,"food_rnk",63.0434
"50327","zcta",2023,"food_rnk",39.8828
"50401","zcta",2023,"food_rnk",32.9071
"50420","zcta",2023,"food_rnk",51.8402
"50421","zcta",2023,"food_rnk",48.4543
"50423","zcta",2023,"food_rnk",66.3872
"50424","zcta",2023,"food_rnk",55.0416
"50426","zcta",2023,"food_rnk",NA
"50427","zcta",2023,"food_rnk",99.822
"50428","zcta",2023,"food_rnk",71.0744
"50430","zcta",2023,"food_rnk",23.9116
"50431","zcta",2023,"food_rnk",62.765
"50432","zcta",2023,"food_rnk",56.9805
"50433","zcta",2023,"food_rnk",76.7682
"50434","zcta",2023,"food_rnk",39.517
"50435","zcta",2023,"food_rnk",49.092
"50436","zcta",2023,"food_rnk",71.6538
"50438","zcta",2023,"food_rnk",60.4085
"50439","zcta",2023,"food_rnk",17.4862
"50440","zcta",2023,"food_rnk",72.5051
"50441","zcta",2023,"food_rnk",46.2014
"50444","zcta",2023,"food_rnk",24.4554
"50446","zcta",2023,"food_rnk",37.1282
"50447","zcta",2023,"food_rnk",76.7067
"50448","zcta",2023,"food_rnk",49.6197
"50449","zcta",2023,"food_rnk",65.6654
"50450","zcta",2023,"food_rnk",44.256
"50451","zcta",2023,"food_rnk",35.0241
"50452","zcta",2023,"food_rnk",48.9399
"50453","zcta",2023,"food_rnk",80.2868
"50454","zcta",2023,"food_rnk",99.7702
"50455","zcta",2023,"food_rnk",90.5254
"50456","zcta",2023,"food_rnk",75.4313
"50457","zcta",2023,"food_rnk",74.2304
"50458","zcta",2023,"food_rnk",86.2979
"50459","zcta",2023,"food_rnk",69.0577
"50460","zcta",2023,"food_rnk",97.0964
"50461","zcta",2023,"food_rnk",62.2633
"50464","zcta",2023,"food_rnk",59.7773
"50465","zcta",2023,"food_rnk",55.0934
"50466","zcta",2023,"food_rnk",81.0831
"50467","zcta",2023,"food_rnk",NA
"50468","zcta",2023,"food_rnk",54.2971
"50469","zcta",2023,"food_rnk",81.5751
"50470","zcta",2023,"food_rnk",30.1071
"50471","zcta",2023,"food_rnk",91.244
"50472","zcta",2023,"food_rnk",75.8295
"50473","zcta",2023,"food_rnk",94.9341
"50475","zcta",2023,"food_rnk",74.881
"50476","zcta",2023,"food_rnk",82.2355
"50477","zcta",2023,"food_rnk",62.2374
"50478","zcta",2023,"food_rnk",74.1819
"50479","zcta",2023,"food_rnk",80.8921
"50480","zcta",2023,"food_rnk",92.8236
"50482","zcta",2023,"food_rnk",90.1402
"50483","zcta",2023,"food_rnk",81.3809
"50484","zcta",2023,"food_rnk",46.7226
"50501","zcta",2023,"food_rnk",32.8877
"50510","zcta",2023,"food_rnk",65.4582
"50511","zcta",2023,"food_rnk",64.7881
"50514","zcta",2023,"food_rnk",68.3682
"50515","zcta",2023,"food_rnk",11.8603
"50516","zcta",2023,"food_rnk",81.6949
"50517","zcta",2023,"food_rnk",78.4644
"50518","zcta",2023,"food_rnk",92.6165
"50519","zcta",2023,"food_rnk",83.9284
"50520","zcta",2023,"food_rnk",11.323
"50521","zcta",2023,"food_rnk",NA
"50522","zcta",2023,"food_rnk",34.9302
"50523","zcta",2023,"food_rnk",65.3481
"50524","zcta",2023,"food_rnk",86.2979
"50525","zcta",2023,"food_rnk",63.4675
"50527","zcta",2023,"food_rnk",NA
"50528","zcta",2023,"food_rnk",71.8901
"50529","zcta",2023,"food_rnk",49.9887
"50530","zcta",2023,"food_rnk",80.6267
"50531","zcta",2023,"food_rnk",97.7212
"50532","zcta",2023,"food_rnk",94.4939
"50533","zcta",2023,"food_rnk",54.6305
"50535","zcta",2023,"food_rnk",47.4638
"50536","zcta",2023,"food_rnk",38.5816
"50538","zcta",2023,"food_rnk",48.4543
"50539","zcta",2023,"food_rnk",87.6962
"50540","zcta",2023,"food_rnk",69.3005
"50541","zcta",2023,"food_rnk",58.9163
"50542","zcta",2023,"food_rnk",87.5927
"50543","zcta",2023,"food_rnk",73.3597
"50544","zcta",2023,"food_rnk",29.7122
"50545","zcta",2023,"food_rnk",16.978
"50546","zcta",2023,"food_rnk",72.8935
"50548","zcta",2023,"food_rnk",61.2404
"50551","zcta",2023,"food_rnk",NA
"50552","zcta",2023,"food_rnk",NA
"50554","zcta",2023,"food_rnk",32.7
"50556","zcta",2023,"food_rnk",70.3428
"50557","zcta",2023,"food_rnk",67.0476
"50558","zcta",2023,"food_rnk",34.5289
"50559","zcta",2023,"food_rnk",94.646
"50560","zcta",2023,"food_rnk",43.8514
"50561","zcta",2023,"food_rnk",46.3794
"50562","zcta",2023,"food_rnk",51.8079
"50563","zcta",2023,"food_rnk",69.2293
"50565","zcta",2023,"food_rnk",46.0104
"50566","zcta",2023,"food_rnk",45.6641
"50567","zcta",2023,"food_rnk",65.7722
"50568","zcta",2023,"food_rnk",83.4558
"50569","zcta",2023,"food_rnk",54.6305
"50570","zcta",2023,"food_rnk",94.8597
"50571","zcta",2023,"food_rnk",71.7347
"50573","zcta",2023,"food_rnk",NA
"50574","zcta",2023,"food_rnk",87.3402
"50575","zcta",2023,"food_rnk",45.5216
"50576","zcta",2023,"food_rnk",85.7152
"50577","zcta",2023,"food_rnk",37.9827
"50578","zcta",2023,"food_rnk",42.8544
"50579","zcta",2023,"food_rnk",60.1398
"50581","zcta",2023,"food_rnk",20.0628
"50582","zcta",2023,"food_rnk",94.9244
"50583","zcta",2023,"food_rnk",55.2617
"50585","zcta",2023,"food_rnk",64.4806
"50586","zcta",2023,"food_rnk",18.7842
"50588","zcta",2023,"food_rnk",47.4574
"50590","zcta",2023,"food_rnk",34.8137
"50591","zcta",2023,"food_rnk",6.9692
"50592","zcta",2023,"food_rnk",96.9346
"50593","zcta",2023,"food_rnk",NA
"50594","zcta",2023,"food_rnk",90.7358
"50595","zcta",2023,"food_rnk",31.9878
"50597","zcta",2023,"food_rnk",67.5784
"50598","zcta",2023,"food_rnk",93.6167
"50599","zcta",2023,"food_rnk",23.8662
"50601","zcta",2023,"food_rnk",59.3953
"50602","zcta",2023,"food_rnk",63.448
"50603","zcta",2023,"food_rnk",90.9365
"50604","zcta",2023,"food_rnk",63.0952
"50605","zcta",2023,"food_rnk",91.914
"50606","zcta",2023,"food_rnk",72.5407
"50607","zcta",2023,"food_rnk",23.1412
"50608","zcta",2023,"food_rnk",NA
"50609","zcta",2023,"food_rnk",18.5673
"50611","zcta",2023,"food_rnk",38.4068
"50612","zcta",2023,"food_rnk",4.9752
"50613","zcta",2023,"food_rnk",46.8974
"50616","zcta",2023,"food_rnk",48.7068
"50619","zcta",2023,"food_rnk",57.1359
"50620","zcta",2023,"food_rnk",NA
"50621","zcta",2023,"food_rnk",49.4675
"50622","zcta",2023,"food_rnk",92.0921
"50623","zcta",2023,"food_rnk",96.7533
"50624","zcta",2023,"food_rnk",83.5756
"50625","zcta",2023,"food_rnk",64.3253
"50626","zcta",2023,"food_rnk",83.7245
"50627","zcta",2023,"food_rnk",37.3645
"50628","zcta",2023,"food_rnk",58.6864
"50629","zcta",2023,"food_rnk",95.0604
"50630","zcta",2023,"food_rnk",77.2537
"50631","zcta",2023,"food_rnk",73.6704
"50632","zcta",2023,"food_rnk",58.3498
"50633","zcta",2023,"food_rnk",65.1086
"50634","zcta",2023,"food_rnk",73.3856
"50635","zcta",2023,"food_rnk",57.9128
"50636","zcta",2023,"food_rnk",51.5877
"50638","zcta",2023,"food_rnk",80.426
"50641","zcta",2023,"food_rnk",51.5457
"50642","zcta",2023,"food_rnk",80.5101
"50643","zcta",2023,"food_rnk",80.8241
"50644","zcta",2023,"food_rnk",61.3537
"50645","zcta",2023,"food_rnk",70.0223
"50647","zcta",2023,"food_rnk",83.7374
"50648","zcta",2023,"food_rnk",64.0987
"50649","zcta",2023,"food_rnk",NA
"50650","zcta",2023,"food_rnk",41.1679
"50651","zcta",2023,"food_rnk",62.8589
"50652","zcta",2023,"food_rnk",NA
"50653","zcta",2023,"food_rnk",85.1034
"50654","zcta",2023,"food_rnk",86.068
"50655","zcta",2023,"food_rnk",80.426
"50657","zcta",2023,"food_rnk",62.2892
"50658","zcta",2023,"food_rnk",86.5698
"50659","zcta",2023,"food_rnk",62.9431
"50660","zcta",2023,"food_rnk",45.0879
"50662","zcta",2023,"food_rnk",47.7098
"50664","zcta",2023,"food_rnk",73.282
"50665","zcta",2023,"food_rnk",72.4339
"50666","zcta",2023,"food_rnk",66.2059
"50667","zcta",2023,"food_rnk",91.4544
"50668","zcta",2023,"food_rnk",74.2077
"50669","zcta",2023,"food_rnk",79.4614
"50670","zcta",2023,"food_rnk",62.5935
"50671","zcta",2023,"food_rnk",76.4574
"50672","zcta",2023,"food_rnk",50.6328
"50673","zcta",2023,"food_rnk",97.0026
"50674","zcta",2023,"food_rnk",74.4991
"50675","zcta",2023,"food_rnk",81.164
"50676","zcta",2023,"food_rnk",87.9261
"50677","zcta",2023,"food_rnk",68.747
"50680","zcta",2023,"food_rnk",68.7696
"50681","zcta",2023,"food_rnk",90.5869
"50682","zcta",2023,"food_rnk",74.6674
"50701","zcta",2023,"food_rnk",27.3007
"50702","zcta",2023,"food_rnk",17.7451
"50703","zcta",2023,"food_rnk",10.1835
"50707","zcta",2023,"food_rnk",13.2587
"50801","zcta",2023,"food_rnk",20.1631
"50830","zcta",2023,"food_rnk",40.2324
"50831","zcta",2023,"food_rnk",NA
"50833","zcta",2023,"food_rnk",66.3225
"50835","zcta",2023,"food_rnk",NA
"50836","zcta",2023,"food_rnk",43.4823
"50837","zcta",2023,"food_rnk",81.2611
"50839","zcta",2023,"food_rnk",NA
"50840","zcta",2023,"food_rnk",58.6864
"50841","zcta",2023,"food_rnk",52.7045
"50842","zcta",2023,"food_rnk",NA
"50843","zcta",2023,"food_rnk",26.1062
"50845","zcta",2023,"food_rnk",67.1544
"50846","zcta",2023,"food_rnk",59.3953
"50847","zcta",2023,"food_rnk",NA
"50848","zcta",2023,"food_rnk",80.7594
"50849","zcta",2023,"food_rnk",58.7091
"50851","zcta",2023,"food_rnk",70.2683
"50853","zcta",2023,"food_rnk",83.0059
"50854","zcta",2023,"food_rnk",21.9241
"50857","zcta",2023,"food_rnk",11.6272
"50858","zcta",2023,"food_rnk",48.3961
"50859","zcta",2023,"food_rnk",38.8211
"50860","zcta",2023,"food_rnk",10.3745
"50861","zcta",2023,"food_rnk",77.7943
"50862","zcta",2023,"food_rnk",NA
"50863","zcta",2023,"food_rnk",87.1589
"50864","zcta",2023,"food_rnk",64.9435
"51001","zcta",2023,"food_rnk",79.7462
"51002","zcta",2023,"food_rnk",35.5291
"51003","zcta",2023,"food_rnk",88.3566
"51004","zcta",2023,"food_rnk",77.2926
"51005","zcta",2023,"food_rnk",54.6046
"51006","zcta",2023,"food_rnk",70.3784
"51007","zcta",2023,"food_rnk",88.4149
"51008","zcta",2023,"food_rnk",25.4329
"51009","zcta",2023,"food_rnk",23.0829
"51010","zcta",2023,"food_rnk",59.1331
"51011","zcta",2023,"food_rnk",NA
"51012","zcta",2023,"food_rnk",70.1389
"51014","zcta",2023,"food_rnk",89.4021
"51015","zcta",2023,"food_rnk",NA
"51016","zcta",2023,"food_rnk",32.8715
"51018","zcta",2023,"food_rnk",57.8772
"51019","zcta",2023,"food_rnk",46.4118
"51020","zcta",2023,"food_rnk",62.3734
"51022","zcta",2023,"food_rnk",90.6128
"51023","zcta",2023,"food_rnk",78.7719
"51024","zcta",2023,"food_rnk",89.4151
"51025","zcta",2023,"food_rnk",73.282
"51026","zcta",2023,"food_rnk",94.646
"51027","zcta",2023,"food_rnk",71.9969
"51028","zcta",2023,"food_rnk",47.0139
"51029","zcta",2023,"food_rnk",91.4155
"51030","zcta",2023,"food_rnk",87.994
"51031","zcta",2023,"food_rnk",60.8908
"51033","zcta",2023,"food_rnk",81.232
"51034","zcta",2023,"food_rnk",38.5945
"51035","zcta",2023,"food_rnk",82.1319
"51036","zcta",2023,"food_rnk",82.1319
"51037","zcta",2023,"food_rnk",55.0545
"51038","zcta",2023,"food_rnk",76.014
"51039","zcta",2023,"food_rnk",89.0849
"51040","zcta",2023,"food_rnk",53.7598
"51041","zcta",2023,"food_rnk",87.5182
"51044","zcta",2023,"food_rnk",45.6479
"51045","zcta",2023,"food_rnk",NA
"51046","zcta",2023,"food_rnk",75.1983
"51047","zcta",2023,"food_rnk",96.216
"51048","zcta",2023,"food_rnk",58.421
"51049","zcta",2023,"food_rnk",88.2498
"51050","zcta",2023,"food_rnk",85.9645
"51051","zcta",2023,"food_rnk",NA
"51052","zcta",2023,"food_rnk",63.8397
"51053","zcta",2023,"food_rnk",82.4394
"51054","zcta",2023,"food_rnk",62.7197
"51055","zcta",2023,"food_rnk",67.5946
"51056","zcta",2023,"food_rnk",39.4232
"51058","zcta",2023,"food_rnk",57.9257
"51060","zcta",2023,"food_rnk",28.8965
"51061","zcta",2023,"food_rnk",58.2494
"51062","zcta",2023,"food_rnk",94.3644
"51063","zcta",2023,"food_rnk",73.8614
"51101","zcta",2023,"food_rnk",4.5253
"51103","zcta",2023,"food_rnk",15.1426
"51104","zcta",2023,"food_rnk",45.8324
"51105","zcta",2023,"food_rnk",13.4302
"51106","zcta",2023,"food_rnk",37.481
"51108","zcta",2023,"food_rnk",73.6219
"51109","zcta",2023,"food_rnk",46.6319
"51111","zcta",2023,"food_rnk",NA
"51201","zcta",2023,"food_rnk",67.9345
"51230","zcta",2023,"food_rnk",76.0399
"51231","zcta",2023,"food_rnk",90.0042
"51232","zcta",2023,"food_rnk",42.317
"51234","zcta",2023,"food_rnk",93.7753
"51235","zcta",2023,"food_rnk",88.5896
"51237","zcta",2023,"food_rnk",85.4077
"51238","zcta",2023,"food_rnk",70.8478
"51239","zcta",2023,"food_rnk",92.3219
"51240","zcta",2023,"food_rnk",83.3911
"51241","zcta",2023,"food_rnk",92.3445
"51242","zcta",2023,"food_rnk",74.2077
"51243","zcta",2023,"food_rnk",73.6478
"51244","zcta",2023,"food_rnk",78.4223
"51245","zcta",2023,"food_rnk",51.824
"51246","zcta",2023,"food_rnk",60.0427
"51247","zcta",2023,"food_rnk",47.8782
"51248","zcta",2023,"food_rnk",66.8048
"51249","zcta",2023,"food_rnk",58.4534
"51250","zcta",2023,"food_rnk",93.594
"51301","zcta",2023,"food_rnk",31.4602
"51331","zcta",2023,"food_rnk",94.3418
"51333","zcta",2023,"food_rnk",83.158
"51334","zcta",2023,"food_rnk",52.0959
"51338","zcta",2023,"food_rnk",71.5146
"51340","zcta",2023,"food_rnk",NA
"51341","zcta",2023,"food_rnk",NA
"51342","zcta",2023,"food_rnk",74.0815
"51343","zcta",2023,"food_rnk",83.0609
"51345","zcta",2023,"food_rnk",83.6953
"51346","zcta",2023,"food_rnk",53.0573
"51347","zcta",2023,"food_rnk",88.3307
"51350","zcta",2023,"food_rnk",29.9323
"51351","zcta",2023,"food_rnk",83.4105
"51354","zcta",2023,"food_rnk",91.6
"51355","zcta",2023,"food_rnk",74.635
"51357","zcta",2023,"food_rnk",51.7949
"51358","zcta",2023,"food_rnk",57.7509
"51360","zcta",2023,"food_rnk",67.6755
"51363","zcta",2023,"food_rnk",47.3926
"51364","zcta",2023,"food_rnk",82.9735
"51365","zcta",2023,"food_rnk",68.4136
"51366","zcta",2023,"food_rnk",94.2835
"51401","zcta",2023,"food_rnk",58.4696
"51430","zcta",2023,"food_rnk",85.016
"51431","zcta",2023,"food_rnk",86.4435
"51432","zcta",2023,"food_rnk",NA
"51433","zcta",2023,"food_rnk",78.8593
"51436","zcta",2023,"food_rnk",80.0311
"51439","zcta",2023,"food_rnk",71.288
"51440","zcta",2023,"food_rnk",76.93
"51441","zcta",2023,"food_rnk",91.6551
"51442","zcta",2023,"food_rnk",50.1246
"51443","zcta",2023,"food_rnk",91.121
"51444","zcta",2023,"food_rnk",94.7237
"51445","zcta",2023,"food_rnk",69.5497
"51446","zcta",2023,"food_rnk",26.1418
"51447","zcta",2023,"food_rnk",95.7078
"51448","zcta",2023,"food_rnk",19.6938
"51449","zcta",2023,"food_rnk",62.7035
"51450","zcta",2023,"food_rnk",61.6224
"51451","zcta",2023,"food_rnk",NA
"51452","zcta",2023,"food_rnk",80.2188
"51453","zcta",2023,"food_rnk",66.2642
"51454","zcta",2023,"food_rnk",93.1182
"51455","zcta",2023,"food_rnk",92.0921
"51458","zcta",2023,"food_rnk",35.6909
"51459","zcta",2023,"food_rnk",NA
"51460","zcta",2023,"food_rnk",NA
"51461","zcta",2023,"food_rnk",69.1548
"51462","zcta",2023,"food_rnk",64.7331
"51463","zcta",2023,"food_rnk",72.5245
"51465","zcta",2023,"food_rnk",90.807
"51466","zcta",2023,"food_rnk",84.7603
"51467","zcta",2023,"food_rnk",77.8558
"51501","zcta",2023,"food_rnk",23.1735
"51503","zcta",2023,"food_rnk",37.6784
"51510","zcta",2023,"food_rnk",35.5744
"51520","zcta",2023,"food_rnk",7.704
"51521","zcta",2023,"food_rnk",63.2603
"51523","zcta",2023,"food_rnk",71.5146
"51525","zcta",2023,"food_rnk",93.7203
"51526","zcta",2023,"food_rnk",82.0833
"51527","zcta",2023,"food_rnk",62.7035
"51528","zcta",2023,"food_rnk",81.6237
"51529","zcta",2023,"food_rnk",83.7374
"51530","zcta",2023,"food_rnk",67.4457
"51531","zcta",2023,"food_rnk",94.7431
"51532","zcta",2023,"food_rnk",55.252
"51533","zcta",2023,"food_rnk",68.5463
"51534","zcta",2023,"food_rnk",74.9134
"51535","zcta",2023,"food_rnk",78.3219
"51536","zcta",2023,"food_rnk",90.807
"51537","zcta",2023,"food_rnk",57.6215
"51540","zcta",2023,"food_rnk",61.0073
"51541","zcta",2023,"food_rnk",21.0177
"51542","zcta",2023,"food_rnk",97.2032
"51543","zcta",2023,"food_rnk",13.5468
"51544","zcta",2023,"food_rnk",45.9101
"51545","zcta",2023,"food_rnk",54.3165
"51546","zcta",2023,"food_rnk",88.7547
"51548","zcta",2023,"food_rnk",99.1713
"51549","zcta",2023,"food_rnk",90.9785
"51550","zcta",2023,"food_rnk",76.2244
"51551","zcta",2023,"food_rnk",62.4996
"51552","zcta",2023,"food_rnk",89.3924
"51553","zcta",2023,"food_rnk",80.9536
"51554","zcta",2023,"food_rnk",99.6245
"51555","zcta",2023,"food_rnk",74.2304
"51556","zcta",2023,"food_rnk",84.8121
"51557","zcta",2023,"food_rnk",61.2631
"51558","zcta",2023,"food_rnk",28.7055
"51559","zcta",2023,"food_rnk",74.6868
"51560","zcta",2023,"food_rnk",36.0923
"51561","zcta",2023,"food_rnk",94.8241
"51562","zcta",2023,"food_rnk",98.7084
"51563","zcta",2023,"food_rnk",87.3855
"51564","zcta",2023,"food_rnk",77.9562
"51565","zcta",2023,"food_rnk",97.2421
"51566","zcta",2023,"food_rnk",33.2794
"51570","zcta",2023,"food_rnk",54.6078
"51571","zcta",2023,"food_rnk",69.4688
"51572","zcta",2023,"food_rnk",97.2291
"51573","zcta",2023,"food_rnk",56.7734
"51575","zcta",2023,"food_rnk",90.4218
"51576","zcta",2023,"food_rnk",89.6999
"51577","zcta",2023,"food_rnk",NA
"51578","zcta",2023,"food_rnk",78.7169
"51579","zcta",2023,"food_rnk",60.1398
"51601","zcta",2023,"food_rnk",15.0778
"51630","zcta",2023,"food_rnk",74.962
"51631","zcta",2023,"food_rnk",97.3522
"51632","zcta",2023,"food_rnk",49.8657
"51636","zcta",2023,"food_rnk",38.342
"51637","zcta",2023,"food_rnk",67.8892
"51638","zcta",2023,"food_rnk",87.2172
"51639","zcta",2023,"food_rnk",72.6767
"51640","zcta",2023,"food_rnk",54.5334
"51645","zcta",2023,"food_rnk",22.3999
"51646","zcta",2023,"food_rnk",76.6873
"51647","zcta",2023,"food_rnk",98.061
"51648","zcta",2023,"food_rnk",34.3282
"51649","zcta",2023,"food_rnk",11.6046
"51650","zcta",2023,"food_rnk",26.3069
"51651","zcta",2023,"food_rnk",20.1211
"51652","zcta",2023,"food_rnk",57.5664
"51653","zcta",2023,"food_rnk",83.5011
"51654","zcta",2023,"food_rnk",41.2067
"51656","zcta",2023,"food_rnk",NA
"52001","zcta",2023,"food_rnk",23.3936
"52002","zcta",2023,"food_rnk",60.5606
"52003","zcta",2023,"food_rnk",81.4974
"52030","zcta",2023,"food_rnk",48.3961
"52031","zcta",2023,"food_rnk",64.581
"52032","zcta",2023,"food_rnk",81.0604
"52033","zcta",2023,"food_rnk",63.3056
"52035","zcta",2023,"food_rnk",52.3646
"52036","zcta",2023,"food_rnk",62.4996
"52037","zcta",2023,"food_rnk",51.6201
"52038","zcta",2023,"food_rnk",26.4267
"52039","zcta",2023,"food_rnk",93.5325
"52040","zcta",2023,"food_rnk",84.6761
"52041","zcta",2023,"food_rnk",77.1081
"52042","zcta",2023,"food_rnk",92.9175
"52043","zcta",2023,"food_rnk",90.2049
"52044","zcta",2023,"food_rnk",77.762
"52045","zcta",2023,"food_rnk",85.4465
"52046","zcta",2023,"food_rnk",81.6657
"52047","zcta",2023,"food_rnk",4.2243
"52048","zcta",2023,"food_rnk",54.009
"52049","zcta",2023,"food_rnk",42.1325
"52050","zcta",2023,"food_rnk",85.0484
"52052","zcta",2023,"food_rnk",53.4943
"52053","zcta",2023,"food_rnk",74.1819
"52054","zcta",2023,"food_rnk",87.3661
"52056","zcta",2023,"food_rnk",85.4077
"52057","zcta",2023,"food_rnk",54.1126
"52060","zcta",2023,"food_rnk",35.7039
"52064","zcta",2023,"food_rnk",86.3853
"52065","zcta",2023,"food_rnk",90.8555
"52066","zcta",2023,"food_rnk",NA
"52068","zcta",2023,"food_rnk",75.8813
"52069","zcta",2023,"food_rnk",35.1212
"52070","zcta",2023,"food_rnk",81.4003
"52071","zcta",2023,"food_rnk",51.2932
"52072","zcta",2023,"food_rnk",86.696
"52073","zcta",2023,"food_rnk",87.1233
"52074","zcta",2023,"food_rnk",91.4544
"52075","zcta",2023,"food_rnk",40.9089
"52076","zcta",2023,"food_rnk",69.2843
"52077","zcta",2023,"food_rnk",54.5075
"52078","zcta",2023,"food_rnk",90.2017
"52079","zcta",2023,"food_rnk",72.6184
"52101","zcta",2023,"food_rnk",78.0371
"52132","zcta",2023,"food_rnk",54.9218
"52133","zcta",2023,"food_rnk",94.2835
"52134","zcta",2023,"food_rnk",49.9013
"52135","zcta",2023,"food_rnk",85.0484
"52136","zcta",2023,"food_rnk",68.174
"52140","zcta",2023,"food_rnk",96.9054
"52141","zcta",2023,"food_rnk",72.9097
"52142","zcta",2023,"food_rnk",69.7893
"52144","zcta",2023,"food_rnk",69.3005
"52146","zcta",2023,"food_rnk",93.3545
"52147","zcta",2023,"food_rnk",86.9323
"52151","zcta",2023,"food_rnk",84.2586
"52154","zcta",2023,"food_rnk",78.6683
"52155","zcta",2023,"food_rnk",92.1762
"52156","zcta",2023,"food_rnk",82.3261
"52157","zcta",2023,"food_rnk",55.5822
"52158","zcta",2023,"food_rnk",63.5354
"52159","zcta",2023,"food_rnk",86.9841
"52160","zcta",2023,"food_rnk",89.5284
"52161","zcta",2023,"food_rnk",85.8771
"52162","zcta",2023,"food_rnk",50.8756
"52163","zcta",2023,"food_rnk",90.357
"52164","zcta",2023,"food_rnk",28.5793
"52165","zcta",2023,"food_rnk",72.6184
"52166","zcta",2023,"food_rnk",89.7906
"52168","zcta",2023,"food_rnk",76.574
"52169","zcta",2023,"food_rnk",72.094
"52170","zcta",2023,"food_rnk",97.7632
"52171","zcta",2023,"food_rnk",85.7443
"52172","zcta",2023,"food_rnk",53.1933
"52175","zcta",2023,"food_rnk",50.6911
"52201","zcta",2023,"food_rnk",37.345
"52202","zcta",2023,"food_rnk",69.417
"52203","zcta",2023,"food_rnk",72.34
"52205","zcta",2023,"food_rnk",45.6997
"52206","zcta",2023,"food_rnk",92.6747
"52207","zcta",2023,"food_rnk",9.821
"52208","zcta",2023,"food_rnk",84.9124
"52209","zcta",2023,"food_rnk",66.4584
"52210","zcta",2023,"food_rnk",76.0399
"52211","zcta",2023,"food_rnk",74.7839
"52212","zcta",2023,"food_rnk",91.0141
"52213","zcta",2023,"food_rnk",80.9536
"52214","zcta",2023,"food_rnk",76.9721
"52215","zcta",2023,"food_rnk",24.355
"52216","zcta",2023,"food_rnk",26.2519
"52217","zcta",2023,"food_rnk",42.5112
"52218","zcta",2023,"food_rnk",92.2992
"52219","zcta",2023,"food_rnk",64.2896
"52220","zcta",2023,"food_rnk",89.114
"52221","zcta",2023,"food_rnk",27.1874
"52222","zcta",2023,"food_rnk",69.9738
"52223","zcta",2023,"food_rnk",76.3603
"52224","zcta",2023,"food_rnk",50.0405
"52225","zcta",2023,"food_rnk",25.7405
"52227","zcta",2023,"food_rnk",84.1712
"52228","zcta",2023,"food_rnk",43.505
"52229","zcta",2023,"food_rnk",39.1804
"52231","zcta",2023,"food_rnk",76.7682
"52232","zcta",2023,"food_rnk",97.8312
"52233","zcta",2023,"food_rnk",55.5563
"52235","zcta",2023,"food_rnk",49.7491
"52236","zcta",2023,"food_rnk",86.9194
"52237","zcta",2023,"food_rnk",79.8466
"52240","zcta",2023,"food_rnk",37.1638
"52241","zcta",2023,"food_rnk",39.8181
"52242","zcta",2023,"food_rnk",NA
"52245","zcta",2023,"food_rnk",64.581
"52246","zcta",2023,"food_rnk",39.3908
"52247","zcta",2023,"food_rnk",79.5682
"52248","zcta",2023,"food_rnk",71.7347
"52249","zcta",2023,"food_rnk",33.3635
"52251","zcta",2023,"food_rnk",58.4534
"52252","zcta",2023,"food_rnk",1.1977
"52253","zcta",2023,"food_rnk",60.0201
"52254","zcta",2023,"food_rnk",60.9232
"52255","zcta",2023,"food_rnk",76.7682
"52257","zcta",2023,"food_rnk",71.5858
"52301","zcta",2023,"food_rnk",55.7278
"52302","zcta",2023,"food_rnk",43.8514
"52305","zcta",2023,"food_rnk",89.4539
"52306","zcta",2023,"food_rnk",91.7425
"52307","zcta",2023,"food_rnk",NA
"52308","zcta",2023,"food_rnk",71.9807
"52309","zcta",2023,"food_rnk",84.0741
"52310","zcta",2023,"food_rnk",67.2547
"52312","zcta",2023,"food_rnk",NA
"52313","zcta",2023,"food_rnk",59.6057
"52314","zcta",2023,"food_rnk",88.185
"52315","zcta",2023,"food_rnk",87.3499
"52316","zcta",2023,"food_rnk",66.5296
"52317","zcta",2023,"food_rnk",67.3615
"52318","zcta",2023,"food_rnk",85.1908
"52320","zcta",2023,"food_rnk",30.8355
"52321","zcta",2023,"food_rnk",13.5338
"52322","zcta",2023,"food_rnk",46.5639
"52323","zcta",2023,"food_rnk",58.557
"52324","zcta",2023,"food_rnk",92.3931
"52325","zcta",2023,"food_rnk",78.6683
"52326","zcta",2023,"food_rnk",59.6413
"52327","zcta",2023,"food_rnk",91.5126
"52328","zcta",2023,"food_rnk",84.7344
"52329","zcta",2023,"food_rnk",96.3487
"52330","zcta",2023,"food_rnk",94.8726
"52332","zcta",2023,"food_rnk",72.8417
"52333","zcta",2023,"food_rnk",74.2951
"52334","zcta",2023,"food_rnk",52.8404
"52335","zcta",2023,"food_rnk",52.1801
"52336","zcta",2023,"food_rnk",64.2476
"52337","zcta",2023,"food_rnk",72.4565
"52338","zcta",2023,"food_rnk",91.3573
"52339","zcta",2023,"food_rnk",49.1406
"52340","zcta",2023,"food_rnk",83.9284
"52341","zcta",2023,"food_rnk",94.1702
"52342","zcta",2023,"food_rnk",34.1437
"52344","zcta",2023,"food_rnk",NA
"52345","zcta",2023,"food_rnk",86.5568
"52346","zcta",2023,"food_rnk",69.184
"52347","zcta",2023,"food_rnk",37.9698
"52348","zcta",2023,"food_rnk",NA
"52349","zcta",2023,"food_rnk",75.9428
"52351","zcta",2023,"food_rnk",82.3099
"52352","zcta",2023,"food_rnk",73.3208
"52353","zcta",2023,"food_rnk",43.6895
"52354","zcta",2023,"food_rnk",98.9027
"52355","zcta",2023,"food_rnk",83.6565
"52356","zcta",2023,"food_rnk",52.6851
"52358","zcta",2023,"food_rnk",86.1878
"52359","zcta",2023,"food_rnk",45.8874
"52361","zcta",2023,"food_rnk",67.7144
"52362","zcta",2023,"food_rnk",61.5317
"52401","zcta",2023,"food_rnk",13.8446
"52402","zcta",2023,"food_rnk",30.4114
"52403","zcta",2023,"food_rnk",56.1195
"52404","zcta",2023,"food_rnk",25.5333
"52405","zcta",2023,"food_rnk",30.5247
"52411","zcta",2023,"food_rnk",83.9057
"52501","zcta",2023,"food_rnk",15.7835
"52530","zcta",2023,"food_rnk",23.4228
"52531","zcta",2023,"food_rnk",56.9223
"52533","zcta",2023,"food_rnk",58.4534
"52534","zcta",2023,"food_rnk",55.5304
"52535","zcta",2023,"food_rnk",66.6267
"52536","zcta",2023,"food_rnk",60.6934
"52537","zcta",2023,"food_rnk",62.9463
"52540","zcta",2023,"food_rnk",49.351
"52542","zcta",2023,"food_rnk",69.6468
"52543","zcta",2023,"food_rnk",97.3392
"52544","zcta",2023,"food_rnk",33.5124
"52548","zcta",2023,"food_rnk",NA
"52549","zcta",2023,"food_rnk",80.2026
"52550","zcta",2023,"food_rnk",60.839
"52551","zcta",2023,"food_rnk",93.1473
"52552","zcta",2023,"food_rnk",89.6676
"52553","zcta",2023,"food_rnk",33.9268
"52554","zcta",2023,"food_rnk",25.8958
"52555","zcta",2023,"food_rnk",29.3011
"52556","zcta",2023,"food_rnk",34.5904
"52557","zcta",2023,"food_rnk",NA
"52560","zcta",2023,"food_rnk",72.8223
"52561","zcta",2023,"food_rnk",22.1183
"52562","zcta",2023,"food_rnk",NA
"52563","zcta",2023,"food_rnk",17.0136
"52565","zcta",2023,"food_rnk",61.5965
"52566","zcta",2023,"food_rnk",50.1926
"52567","zcta",2023,"food_rnk",53.8795
"52568","zcta",2023,"food_rnk",NA
"52569","zcta",2023,"food_rnk",55.6631
"52570","zcta",2023,"food_rnk",38.2676
"52571","zcta",2023,"food_rnk",49.3963
"52572","zcta",2023,"food_rnk",22.866
"52573","zcta",2023,"food_rnk",97.9542
"52574","zcta",2023,"food_rnk",33.9786
"52576","zcta",2023,"food_rnk",64.0987
"52577","zcta",2023,"food_rnk",28.8739
"52580","zcta",2023,"food_rnk",16.8355
"52581","zcta",2023,"food_rnk",85.6958
"52583","zcta",2023,"food_rnk",14.2103
"52584","zcta",2023,"food_rnk",75.4637
"52585","zcta",2023,"food_rnk",72.8935
"52586","zcta",2023,"food_rnk",77.6875
"52588","zcta",2023,"food_rnk",NA
"52590","zcta",2023,"food_rnk",67.9992
"52591","zcta",2023,"food_rnk",38.0572
"52593","zcta",2023,"food_rnk",71.8901
"52594","zcta",2023,"food_rnk",20.9109
"52595","zcta",2023,"food_rnk",41.1679
"52601","zcta",2023,"food_rnk",24.0572
"52619","zcta",2023,"food_rnk",92.9401
"52620","zcta",2023,"food_rnk",36.3707
"52621","zcta",2023,"food_rnk",45.7676
"52623","zcta",2023,"food_rnk",51.7205
"52624","zcta",2023,"food_rnk",57.0874
"52625","zcta",2023,"food_rnk",64.6263
"52626","zcta",2023,"food_rnk",68.7826
"52627","zcta",2023,"food_rnk",37.3774
"52630","zcta",2023,"food_rnk",8.3029
"52631","zcta",2023,"food_rnk",NA
"52632","zcta",2023,"food_rnk",19.697
"52635","zcta",2023,"food_rnk",9.0765
"52637","zcta",2023,"food_rnk",77.7069
"52638","zcta",2023,"food_rnk",55.4203
"52639","zcta",2023,"food_rnk",55.0934
"52640","zcta",2023,"food_rnk",67.2903
"52641","zcta",2023,"food_rnk",53.9313
"52644","zcta",2023,"food_rnk",78.1213
"52645","zcta",2023,"food_rnk",57.1877
"52646","zcta",2023,"food_rnk",18.9234
"52647","zcta",2023,"food_rnk",NA
"52649","zcta",2023,"food_rnk",66.4584
"52650","zcta",2023,"food_rnk",98.1387
"52651","zcta",2023,"food_rnk",44.1815
"52652","zcta",2023,"food_rnk",NA
"52653","zcta",2023,"food_rnk",45.3048
"52654","zcta",2023,"food_rnk",53.0573
"52655","zcta",2023,"food_rnk",33.8976
"52656","zcta",2023,"food_rnk",45.4666
"52657","zcta",2023,"food_rnk",NA
"52658","zcta",2023,"food_rnk",91.6
"52659","zcta",2023,"food_rnk",65.6362
"52660","zcta",2023,"food_rnk",97.2097
"52701","zcta",2023,"food_rnk",6.1147
"52720","zcta",2023,"food_rnk",34.6519
"52721","zcta",2023,"food_rnk",79.7462
"52722","zcta",2023,"food_rnk",47.6354
"52726","zcta",2023,"food_rnk",78.5744
"52727","zcta",2023,"food_rnk",86.887
"52728","zcta",2023,"food_rnk",81.779
"52729","zcta",2023,"food_rnk",92.9822
"52730","zcta",2023,"food_rnk",76.5481
"52731","zcta",2023,"food_rnk",81.3453
"52732","zcta",2023,"food_rnk",16.7967
"52737","zcta",2023,"food_rnk",46.8553
"52738","zcta",2023,"food_rnk",54.009
"52739","zcta",2023,"food_rnk",13.372
"52742","zcta",2023,"food_rnk",59.5701
"52745","zcta",2023,"food_rnk",52.7628
"52746","zcta",2023,"food_rnk",92.0921
"52747","zcta",2023,"food_rnk",80.5296
"52748","zcta",2023,"food_rnk",80.3321
"52749","zcta",2023,"food_rnk",71.6538
"52750","zcta",2023,"food_rnk",45.4828
"52751","zcta",2023,"food_rnk",91.231
"52752","zcta",2023,"food_rnk",74.1268
"52753","zcta",2023,"food_rnk",42.5566
"52754","zcta",2023,"food_rnk",79.5391
"52755","zcta",2023,"food_rnk",80.8921
"52756","zcta",2023,"food_rnk",78.3673
"52757","zcta",2023,"food_rnk",14.8739
"52758","zcta",2023,"food_rnk",61.0527
"52759","zcta",2023,"food_rnk",72.5051
"52760","zcta",2023,"food_rnk",98.2035
"52761","zcta",2023,"food_rnk",23.3775
"52765","zcta",2023,"food_rnk",42.6504
"52766","zcta",2023,"food_rnk",93.7041
"52767","zcta",2023,"food_rnk",99.3267
"52768","zcta",2023,"food_rnk",95.465
"52769","zcta",2023,"food_rnk",90.0916
"52771","zcta",2023,"food_rnk",NA
"52772","zcta",2023,"food_rnk",71.5146
"52773","zcta",2023,"food_rnk",72.0713
"52774","zcta",2023,"food_rnk",58.2818
"52776","zcta",2023,"food_rnk",33.0755
"52777","zcta",2023,"food_rnk",64.4224
"52778","zcta",2023,"food_rnk",48.2763
"52801","zcta",2023,"food_rnk",4.5026
"52802","zcta",2023,"food_rnk",18.7518
"52803","zcta",2023,"food_rnk",25.9379
"52804","zcta",2023,"food_rnk",12.7019
"52806","zcta",2023,"food_rnk",33.4121
"52807","zcta",2023,"food_rnk",54.0867
"68110","zcta",2023,"food_rnk",11.501
"50001","zcta",2023,"food_state_rnk",75.0827
"50002","zcta",2023,"food_state_rnk",56.6152
"50003","zcta",2023,"food_state_rnk",68.9085
"50005","zcta",2023,"food_state_rnk",70.5623
"50006","zcta",2023,"food_state_rnk",78.6108
"50007","zcta",2023,"food_state_rnk",99.3385
"50008","zcta",2023,"food_state_rnk",42.3925
"50009","zcta",2023,"food_state_rnk",35.9978
"50010","zcta",2023,"food_state_rnk",49.5039
"50012","zcta",2023,"food_state_rnk",NA
"50013","zcta",2023,"food_state_rnk",NA
"50014","zcta",2023,"food_state_rnk",57.5524
"50020","zcta",2023,"food_state_rnk",61.1356
"50021","zcta",2023,"food_state_rnk",54.6307
"50022","zcta",2023,"food_state_rnk",5.7332
"50023","zcta",2023,"food_state_rnk",43.1643
"50025","zcta",2023,"food_state_rnk",23.2635
"50026","zcta",2023,"food_state_rnk",29.3275
"50027","zcta",2023,"food_state_rnk",12.624
"50028","zcta",2023,"food_state_rnk",42.5579
"50029","zcta",2023,"food_state_rnk",2.4256
"50031","zcta",2023,"food_state_rnk",NA
"50032","zcta",2023,"food_state_rnk",91.29
"50033","zcta",2023,"food_state_rnk",NA
"50034","zcta",2023,"food_state_rnk",86.8247
"50035","zcta",2023,"food_state_rnk",76.1301
"50036","zcta",2023,"food_state_rnk",55.5678
"50038","zcta",2023,"food_state_rnk",98.4564
"50039","zcta",2023,"food_state_rnk",24.2558
"50040","zcta",2023,"food_state_rnk",0.9923
"50041","zcta",2023,"food_state_rnk",NA
"50042","zcta",2023,"food_state_rnk",35.2811
"50044","zcta",2023,"food_state_rnk",28.0044
"50046","zcta",2023,"food_state_rnk",89.0849
"50047","zcta",2023,"food_state_rnk",43.4399
"50048","zcta",2023,"food_state_rnk",17.4201
"50049","zcta",2023,"food_state_rnk",15.215
"50050","zcta",2023,"food_state_rnk",28.1147
"50051","zcta",2023,"food_state_rnk",96.3616
"50052","zcta",2023,"food_state_rnk",NA
"50054","zcta",2023,"food_state_rnk",19.5149
"50055","zcta",2023,"food_state_rnk",41.4553
"50056","zcta",2023,"food_state_rnk",79.1621
"50057","zcta",2023,"food_state_rnk",26.3506
"50058","zcta",2023,"food_state_rnk",38.1477
"50060","zcta",2023,"food_state_rnk",20.3969
"50061","zcta",2023,"food_state_rnk",58.5447
"50062","zcta",2023,"food_state_rnk",28.7762
"50063","zcta",2023,"food_state_rnk",73.8148
"50064","zcta",2023,"food_state_rnk",NA
"50065","zcta",2023,"food_state_rnk",42.0066
"50066","zcta",2023,"food_state_rnk",70.3418
"50067","zcta",2023,"food_state_rnk",35.0606
"50068","zcta",2023,"food_state_rnk",77.839
"50069","zcta",2023,"food_state_rnk",90.4079
"50070","zcta",2023,"food_state_rnk",52.1499
"50071","zcta",2023,"food_state_rnk",18.1918
"50072","zcta",2023,"food_state_rnk",83.1312
"50073","zcta",2023,"food_state_rnk",87.7619
"50074","zcta",2023,"food_state_rnk",97.5744
"50075","zcta",2023,"food_state_rnk",64.2227
"50076","zcta",2023,"food_state_rnk",20.7277
"50078","zcta",2023,"food_state_rnk",NA
"50101","zcta",2023,"food_state_rnk",NA
"50102","zcta",2023,"food_state_rnk",NA
"50103","zcta",2023,"food_state_rnk",1.323
"50104","zcta",2023,"food_state_rnk",NA
"50105","zcta",2023,"food_state_rnk",85.8875
"50106","zcta",2023,"food_state_rnk",24.8622
"50107","zcta",2023,"food_state_rnk",11.3561
"50108","zcta",2023,"food_state_rnk",49.6141
"50109","zcta",2023,"food_state_rnk",74.7519
"50110","zcta",2023,"food_state_rnk",NA
"50111","zcta",2023,"food_state_rnk",48.4013
"50112","zcta",2023,"food_state_rnk",41.8412
"50115","zcta",2023,"food_state_rnk",53.473
"50116","zcta",2023,"food_state_rnk",32.0838
"50117","zcta",2023,"food_state_rnk",99.6692
"50118","zcta",2023,"food_state_rnk",45.1488
"50119","zcta",2023,"food_state_rnk",39.4708
"50120","zcta",2023,"food_state_rnk",73.9802
"50122","zcta",2023,"food_state_rnk",86.3286
"50123","zcta",2023,"food_state_rnk",45.3142
"50124","zcta",2023,"food_state_rnk",75.1929
"50125","zcta",2023,"food_state_rnk",39.14
"50126","zcta",2023,"food_state_rnk",31.312
"50127","zcta",2023,"food_state_rnk",NA
"50128","zcta",2023,"food_state_rnk",7.828
"50129","zcta",2023,"food_state_rnk",34.0684
"50130","zcta",2023,"food_state_rnk",67.1444
"50131","zcta",2023,"food_state_rnk",30.1544
"50132","zcta",2023,"food_state_rnk",32.7453
"50133","zcta",2023,"food_state_rnk",46.1963
"50134","zcta",2023,"food_state_rnk",94.3771
"50135","zcta",2023,"food_state_rnk",14.4983
"50136","zcta",2023,"food_state_rnk",36.8798
"50137","zcta",2023,"food_state_rnk",99.4487
"50138","zcta",2023,"food_state_rnk",25.9096
"50139","zcta",2023,"food_state_rnk",59.6472
"50140","zcta",2023,"food_state_rnk",35.1709
"50141","zcta",2023,"food_state_rnk",91.1797
"50142","zcta",2023,"food_state_rnk",44.1014
"50143","zcta",2023,"food_state_rnk",90.9592
"50144","zcta",2023,"food_state_rnk",52.8115
"50145","zcta",2023,"food_state_rnk",99.118
"50146","zcta",2023,"food_state_rnk",80.7056
"50147","zcta",2023,"food_state_rnk",32.4697
"50148","zcta",2023,"food_state_rnk",19.0739
"50149","zcta",2023,"food_state_rnk",18.9636
"50150","zcta",2023,"food_state_rnk",50.9372
"50151","zcta",2023,"food_state_rnk",69.3495
"50152","zcta",2023,"food_state_rnk",95.7001
"50153","zcta",2023,"food_state_rnk",93.2745
"50154","zcta",2023,"food_state_rnk",12.7894
"50155","zcta",2023,"food_state_rnk",81.8633
"50156","zcta",2023,"food_state_rnk",81.0364
"50157","zcta",2023,"food_state_rnk",15.5458
"50158","zcta",2023,"food_state_rnk",10.0331
"50160","zcta",2023,"food_state_rnk",42.7784
"50161","zcta",2023,"food_state_rnk",41.3451
"50162","zcta",2023,"food_state_rnk",85.226
"50163","zcta",2023,"food_state_rnk",63.5061
"50164","zcta",2023,"food_state_rnk",13.6714
"50165","zcta",2023,"food_state_rnk",NA
"50166","zcta",2023,"food_state_rnk",69.4598
"50167","zcta",2023,"food_state_rnk",89.7464
"50168","zcta",2023,"food_state_rnk",48.6218
"50169","zcta",2023,"food_state_rnk",48.2911
"50170","zcta",2023,"food_state_rnk",79.3826
"50171","zcta",2023,"food_state_rnk",50.7166
"50173","zcta",2023,"food_state_rnk",74.9724
"50174","zcta",2023,"food_state_rnk",18.7431
"50201","zcta",2023,"food_state_rnk",46.527
"50206","zcta",2023,"food_state_rnk",35.6119
"50207","zcta",2023,"food_state_rnk",40.2426
"50208","zcta",2023,"food_state_rnk",18.4123
"50210","zcta",2023,"food_state_rnk",84.344
"50211","zcta",2023,"food_state_rnk",49.0628
"50212","zcta",2023,"food_state_rnk",59.4267
"50213","zcta",2023,"food_state_rnk",18.5226
"50214","zcta",2023,"food_state_rnk",97.9052
"50216","zcta",2023,"food_state_rnk",46.4168
"50217","zcta",2023,"food_state_rnk",66.8137
"50218","zcta",2023,"food_state_rnk",5.0717
"50219","zcta",2023,"food_state_rnk",49.7795
"50220","zcta",2023,"food_state_rnk",34.6748
"50222","zcta",2023,"food_state_rnk",23.043
"50223","zcta",2023,"food_state_rnk",36.2734
"50225","zcta",2023,"food_state_rnk",16.3175
"50226","zcta",2023,"food_state_rnk",78.1147
"50227","zcta",2023,"food_state_rnk",65.8214
"50228","zcta",2023,"food_state_rnk",60.7497
"50229","zcta",2023,"food_state_rnk",88.9195
"50230","zcta",2023,"food_state_rnk",45.8104
"50231","zcta",2023,"food_state_rnk",92.9438
"50232","zcta",2023,"food_state_rnk",53.3627
"50233","zcta",2023,"food_state_rnk",21.4994
"50234","zcta",2023,"food_state_rnk",75.5237
"50235","zcta",2023,"food_state_rnk",61.9625
"50236","zcta",2023,"food_state_rnk",93.7155
"50237","zcta",2023,"food_state_rnk",61.4112
"50238","zcta",2023,"food_state_rnk",53.6935
"50239","zcta",2023,"food_state_rnk",97.0783
"50240","zcta",2023,"food_state_rnk",69.7354
"50241","zcta",2023,"food_state_rnk",56.2293
"50242","zcta",2023,"food_state_rnk",45.645
"50243","zcta",2023,"food_state_rnk",84.6748
"50244","zcta",2023,"food_state_rnk",76.4609
"50246","zcta",2023,"food_state_rnk",85.0055
"50247","zcta",2023,"food_state_rnk",18.6329
"50248","zcta",2023,"food_state_rnk",80.5402
"50249","zcta",2023,"food_state_rnk",45.1488
"50250","zcta",2023,"food_state_rnk",47.8501
"50251","zcta",2023,"food_state_rnk",89.1951
"50252","zcta",2023,"food_state_rnk",95.9206
"50254","zcta",2023,"food_state_rnk",11.6869
"50255","zcta",2023,"food_state_rnk",NA
"50256","zcta",2023,"food_state_rnk",46.3065
"50257","zcta",2023,"food_state_rnk",40.5733
"50258","zcta",2023,"food_state_rnk",53.1974
"50261","zcta",2023,"food_state_rnk",81.5877
"50262","zcta",2023,"food_state_rnk",42.6681
"50263","zcta",2023,"food_state_rnk",51.2679
"50264","zcta",2023,"food_state_rnk",16.2073
"50265","zcta",2023,"food_state_rnk",20.2867
"50266","zcta",2023,"food_state_rnk",30.6505
"50268","zcta",2023,"food_state_rnk",4.8512
"50269","zcta",2023,"food_state_rnk",38.8093
"50271","zcta",2023,"food_state_rnk",51.1025
"50272","zcta",2023,"food_state_rnk",65.1599
"50273","zcta",2023,"food_state_rnk",43.5502
"50274","zcta",2023,"food_state_rnk",48.7321
"50275","zcta",2023,"food_state_rnk",29.6582
"50276","zcta",2023,"food_state_rnk",25.0276
"50277","zcta",2023,"food_state_rnk",88.5336
"50278","zcta",2023,"food_state_rnk",29.989
"50309","zcta",2023,"food_state_rnk",29.8787
"50310","zcta",2023,"food_state_rnk",9.9228
"50311","zcta",2023,"food_state_rnk",2.7563
"50312","zcta",2023,"food_state_rnk",60.5292
"50313","zcta",2023,"food_state_rnk",6.6152
"50314","zcta",2023,"food_state_rnk",0.6615
"50315","zcta",2023,"food_state_rnk",4.1896
"50316","zcta",2023,"food_state_rnk",1.7641
"50317","zcta",2023,"food_state_rnk",2.6461
"50319","zcta",2023,"food_state_rnk",NA
"50320","zcta",2023,"food_state_rnk",5.6229
"50321","zcta",2023,"food_state_rnk",3.6384
"50322","zcta",2023,"food_state_rnk",21.3892
"50323","zcta",2023,"food_state_rnk",84.5094
"50324","zcta",2023,"food_state_rnk",8.4895
"50325","zcta",2023,"food_state_rnk",44.8732
"50327","zcta",2023,"food_state_rnk",18.0816
"50401","zcta",2023,"food_state_rnk",12.1279
"50420","zcta",2023,"food_state_rnk",29.2172
"50421","zcta",2023,"food_state_rnk",25.634
"50423","zcta",2023,"food_state_rnk",50.1654
"50424","zcta",2023,"food_state_rnk",33.4068
"50426","zcta",2023,"food_state_rnk",NA
"50427","zcta",2023,"food_state_rnk",100
"50428","zcta",2023,"food_state_rnk",56.6152
"50430","zcta",2023,"food_state_rnk",8.0485
"50431","zcta",2023,"food_state_rnk",44.4322
"50432","zcta",2023,"food_state_rnk",35.7222
"50433","zcta",2023,"food_state_rnk",66.2624
"50434","zcta",2023,"food_state_rnk",17.8611
"50435","zcta",2023,"food_state_rnk",26.1301
"50436","zcta",2023,"food_state_rnk",57.387
"50438","zcta",2023,"food_state_rnk",40.3528
"50439","zcta",2023,"food_state_rnk",4.7409
"50440","zcta",2023,"food_state_rnk",59.0408
"50441","zcta",2023,"food_state_rnk",23.1533
"50444","zcta",2023,"food_state_rnk",8.3793
"50446","zcta",2023,"food_state_rnk",15.3252
"50447","zcta",2023,"food_state_rnk",66.0419
"50448","zcta",2023,"food_state_rnk",26.7916
"50449","zcta",2023,"food_state_rnk",49.2834
"50450","zcta",2023,"food_state_rnk",21.2789
"50451","zcta",2023,"food_state_rnk",14.2227
"50452","zcta",2023,"food_state_rnk",26.0198
"50453","zcta",2023,"food_state_rnk",70.8931
"50454","zcta",2023,"food_state_rnk",99.8897
"50455","zcta",2023,"food_state_rnk",87.3208
"50456","zcta",2023,"food_state_rnk",64.2227
"50457","zcta",2023,"food_state_rnk",62.7894
"50458","zcta",2023,"food_state_rnk",80.871
"50459","zcta",2023,"food_state_rnk",54.1345
"50460","zcta",2023,"food_state_rnk",96.9129
"50461","zcta",2023,"food_state_rnk",42.9989
"50464","zcta",2023,"food_state_rnk",39.6913
"50465","zcta",2023,"food_state_rnk",33.6825
"50466","zcta",2023,"food_state_rnk",72.4366
"50467","zcta",2023,"food_state_rnk",NA
"50468","zcta",2023,"food_state_rnk",32.194
"50469","zcta",2023,"food_state_rnk",73.3186
"50470","zcta",2023,"food_state_rnk",10.9151
"50471","zcta",2023,"food_state_rnk",88.9195
"50472","zcta",2023,"food_state_rnk",64.4983
"50473","zcta",2023,"food_state_rnk",95.4796
"50475","zcta",2023,"food_state_rnk",63.7266
"50476","zcta",2023,"food_state_rnk",74.4212
"50477","zcta",2023,"food_state_rnk",42.8886
"50478","zcta",2023,"food_state_rnk",62.3484
"50479","zcta",2023,"food_state_rnk",71.9405
"50480","zcta",2023,"food_state_rnk",92.0617
"50482","zcta",2023,"food_state_rnk",86.6593
"50483","zcta",2023,"food_state_rnk",72.9879
"50484","zcta",2023,"food_state_rnk",23.8148
"50501","zcta",2023,"food_state_rnk",12.0176
"50510","zcta",2023,"food_state_rnk",48.9526
"50511","zcta",2023,"food_state_rnk",48.0706
"50514","zcta",2023,"food_state_rnk",53.032
"50515","zcta",2023,"food_state_rnk",2.3153
"50516","zcta",2023,"food_state_rnk",73.6494
"50517","zcta",2023,"food_state_rnk",68.4675
"50518","zcta",2023,"food_state_rnk",91.8412
"50519","zcta",2023,"food_state_rnk",77.3429
"50520","zcta",2023,"food_state_rnk",1.8743
"50521","zcta",2023,"food_state_rnk",NA
"50522","zcta",2023,"food_state_rnk",14.1125
"50523","zcta",2023,"food_state_rnk",48.8423
"50524","zcta",2023,"food_state_rnk",80.871
"50525","zcta",2023,"food_state_rnk",45.9757
"50527","zcta",2023,"food_state_rnk",NA
"50528","zcta",2023,"food_state_rnk",57.9383
"50529","zcta",2023,"food_state_rnk",27.2326
"50530","zcta",2023,"food_state_rnk",71.5546
"50531","zcta",2023,"food_state_rnk",98.0154
"50532","zcta",2023,"food_state_rnk",94.4873
"50533","zcta",2023,"food_state_rnk",33.1312
"50535","zcta",2023,"food_state_rnk",24.5865
"50536","zcta",2023,"food_state_rnk",17.0893
"50538","zcta",2023,"food_state_rnk",25.634
"50539","zcta",2023,"food_state_rnk",83.462
"50540","zcta",2023,"food_state_rnk",54.8512
"50541","zcta",2023,"food_state_rnk",38.5888
"50542","zcta",2023,"food_state_rnk",83.3517
"50543","zcta",2023,"food_state_rnk",61.1356
"50544","zcta",2023,"food_state_rnk",10.6946
"50545","zcta",2023,"food_state_rnk",4.5204
"50546","zcta",2023,"food_state_rnk",60.2536
"50548","zcta",2023,"food_state_rnk",41.5656
"50551","zcta",2023,"food_state_rnk",NA
"50552","zcta",2023,"food_state_rnk",NA
"50554","zcta",2023,"food_state_rnk",11.7971
"50556","zcta",2023,"food_state_rnk",56.1191
"50557","zcta",2023,"food_state_rnk",51.1025
"50558","zcta",2023,"food_state_rnk",13.5612
"50559","zcta",2023,"food_state_rnk",94.6527
"50560","zcta",2023,"food_state_rnk",21.0033
"50561","zcta",2023,"food_state_rnk",23.3738
"50562","zcta",2023,"food_state_rnk",28.9967
"50563","zcta",2023,"food_state_rnk",54.4653
"50565","zcta",2023,"food_state_rnk",22.9327
"50566","zcta",2023,"food_state_rnk",22.2712
"50567","zcta",2023,"food_state_rnk",49.3936
"50568","zcta",2023,"food_state_rnk",76.1301
"50569","zcta",2023,"food_state_rnk",33.1312
"50570","zcta",2023,"food_state_rnk",95.1488
"50571","zcta",2023,"food_state_rnk",57.7178
"50573","zcta",2023,"food_state_rnk",NA
"50574","zcta",2023,"food_state_rnk",82.6902
"50575","zcta",2023,"food_state_rnk",22.0507
"50576","zcta",2023,"food_state_rnk",79.9338
"50577","zcta",2023,"food_state_rnk",16.538
"50578","zcta",2023,"food_state_rnk",20.1764
"50579","zcta",2023,"food_state_rnk",40.0772
"50581","zcta",2023,"food_state_rnk",6.0639
"50582","zcta",2023,"food_state_rnk",95.3693
"50583","zcta",2023,"food_state_rnk",33.9581
"50585","zcta",2023,"food_state_rnk",47.409
"50586","zcta",2023,"food_state_rnk",5.4024
"50588","zcta",2023,"food_state_rnk",24.4763
"50590","zcta",2023,"food_state_rnk",14.0022
"50591","zcta",2023,"food_state_rnk",0.7718
"50592","zcta",2023,"food_state_rnk",96.6924
"50593","zcta",2023,"food_state_rnk",NA
"50594","zcta",2023,"food_state_rnk",87.6516
"50595","zcta",2023,"food_state_rnk",11.5766
"50597","zcta",2023,"food_state_rnk",51.9294
"50598","zcta",2023,"food_state_rnk",93.1643
"50599","zcta",2023,"food_state_rnk",7.9383
"50601","zcta",2023,"food_state_rnk",38.9746
"50602","zcta",2023,"food_state_rnk",45.8104
"50603","zcta",2023,"food_state_rnk",88.2029
"50604","zcta",2023,"food_state_rnk",44.9835
"50605","zcta",2023,"food_state_rnk",90.5182
"50606","zcta",2023,"food_state_rnk",59.3164
"50607","zcta",2023,"food_state_rnk",7.2767
"50608","zcta",2023,"food_state_rnk",NA
"50609","zcta",2023,"food_state_rnk",5.1819
"50611","zcta",2023,"food_state_rnk",16.9791
"50612","zcta",2023,"food_state_rnk",0.441
"50613","zcta",2023,"food_state_rnk",24.0353
"50616","zcta",2023,"food_state_rnk",25.7993
"50619","zcta",2023,"food_state_rnk",35.9978
"50620","zcta",2023,"food_state_rnk",NA
"50621","zcta",2023,"food_state_rnk",26.6814
"50622","zcta",2023,"food_state_rnk",90.7387
"50623","zcta",2023,"food_state_rnk",96.4719
"50624","zcta",2023,"food_state_rnk",76.4609
"50625","zcta",2023,"food_state_rnk",47.1885
"50626","zcta",2023,"food_state_rnk",76.8467
"50627","zcta",2023,"food_state_rnk",15.7663
"50628","zcta",2023,"food_state_rnk",38.3131
"50629","zcta",2023,"food_state_rnk",95.5899
"50630","zcta",2023,"food_state_rnk",66.9239
"50631","zcta",2023,"food_state_rnk",61.742
"50632","zcta",2023,"food_state_rnk",37.376
"50633","zcta",2023,"food_state_rnk",48.5116
"50634","zcta",2023,"food_state_rnk",61.301
"50635","zcta",2023,"food_state_rnk",36.8798
"50636","zcta",2023,"food_state_rnk",28.4454
"50638","zcta",2023,"food_state_rnk",71.1687
"50641","zcta",2023,"food_state_rnk",28.3352
"50642","zcta",2023,"food_state_rnk",71.3341
"50643","zcta",2023,"food_state_rnk",71.7751
"50644","zcta",2023,"food_state_rnk",41.8412
"50645","zcta",2023,"food_state_rnk",55.7883
"50647","zcta",2023,"food_state_rnk",77.0121
"50648","zcta",2023,"food_state_rnk",46.8026
"50649","zcta",2023,"food_state_rnk",NA
"50650","zcta",2023,"food_state_rnk",19.2393
"50651","zcta",2023,"food_state_rnk",44.5424
"50652","zcta",2023,"food_state_rnk",NA
"50653","zcta",2023,"food_state_rnk",79.0518
"50654","zcta",2023,"food_state_rnk",80.3749
"50655","zcta",2023,"food_state_rnk",71.1687
"50657","zcta",2023,"food_state_rnk",43.1643
"50658","zcta",2023,"food_state_rnk",81.4774
"50659","zcta",2023,"food_state_rnk",44.6527
"50660","zcta",2023,"food_state_rnk",21.6097
"50662","zcta",2023,"food_state_rnk",24.8622
"50664","zcta",2023,"food_state_rnk",60.7497
"50665","zcta",2023,"food_state_rnk",58.7652
"50666","zcta",2023,"food_state_rnk",49.7795
"50667","zcta",2023,"food_state_rnk",89.581
"50668","zcta",2023,"food_state_rnk",62.5689
"50669","zcta",2023,"food_state_rnk",69.57
"50670","zcta",2023,"food_state_rnk",43.8809
"50671","zcta",2023,"food_state_rnk",65.4906
"50672","zcta",2023,"food_state_rnk",27.6736
"50673","zcta",2023,"food_state_rnk",96.8026
"50674","zcta",2023,"food_state_rnk",63.065
"50675","zcta",2023,"food_state_rnk",72.5469
"50676","zcta",2023,"food_state_rnk",83.5722
"50677","zcta",2023,"food_state_rnk",53.8037
"50680","zcta",2023,"food_state_rnk",53.914
"50681","zcta",2023,"food_state_rnk",87.4311
"50682","zcta",2023,"food_state_rnk",63.2856
"50701","zcta",2023,"food_state_rnk",9.8126
"50702","zcta",2023,"food_state_rnk",4.9614
"50703","zcta",2023,"food_state_rnk",1.5436
"50707","zcta",2023,"food_state_rnk",2.8666
"50801","zcta",2023,"food_state_rnk",6.2845
"50830","zcta",2023,"food_state_rnk",18.3021
"50831","zcta",2023,"food_state_rnk",NA
"50833","zcta",2023,"food_state_rnk",50.0551
"50835","zcta",2023,"food_state_rnk",NA
"50836","zcta",2023,"food_state_rnk",20.5072
"50837","zcta",2023,"food_state_rnk",72.7674
"50839","zcta",2023,"food_state_rnk",NA
"50840","zcta",2023,"food_state_rnk",38.3131
"50841","zcta",2023,"food_state_rnk",30.3197
"50842","zcta",2023,"food_state_rnk",NA
"50843","zcta",2023,"food_state_rnk",9.151
"50845","zcta",2023,"food_state_rnk",51.3782
"50846","zcta",2023,"food_state_rnk",38.9746
"50847","zcta",2023,"food_state_rnk",NA
"50848","zcta",2023,"food_state_rnk",71.6648
"50849","zcta",2023,"food_state_rnk",38.4785
"50851","zcta",2023,"food_state_rnk",56.0088
"50853","zcta",2023,"food_state_rnk",75.4135
"50854","zcta",2023,"food_state_rnk",6.7255
"50857","zcta",2023,"food_state_rnk",2.2051
"50858","zcta",2023,"food_state_rnk",25.4135
"50859","zcta",2023,"food_state_rnk",17.3098
"50860","zcta",2023,"food_state_rnk",1.6538
"50861","zcta",2023,"food_state_rnk",67.5854
"50862","zcta",2023,"food_state_rnk",NA
"50863","zcta",2023,"food_state_rnk",82.4697
"50864","zcta",2023,"food_state_rnk",48.1808
"51001","zcta",2023,"food_state_rnk",70.0662
"51002","zcta",2023,"food_state_rnk",14.4983
"51003","zcta",2023,"food_state_rnk",84.1235
"51004","zcta",2023,"food_state_rnk",67.0342
"51005","zcta",2023,"food_state_rnk",32.8556
"51006","zcta",2023,"food_state_rnk",56.3396
"51007","zcta",2023,"food_state_rnk",84.2337
"51008","zcta",2023,"food_state_rnk",8.5998
"51009","zcta",2023,"food_state_rnk",7.1665
"51010","zcta",2023,"food_state_rnk",38.699
"51011","zcta",2023,"food_state_rnk",NA
"51012","zcta",2023,"food_state_rnk",55.8986
"51014","zcta",2023,"food_state_rnk",85.4465
"51015","zcta",2023,"food_state_rnk",NA
"51016","zcta",2023,"food_state_rnk",11.9074
"51018","zcta",2023,"food_state_rnk",36.7144
"51019","zcta",2023,"food_state_rnk",23.484
"51020","zcta",2023,"food_state_rnk",43.3297
"51022","zcta",2023,"food_state_rnk",87.5413
"51023","zcta",2023,"food_state_rnk",69.129
"51024","zcta",2023,"food_state_rnk",85.5568
"51025","zcta",2023,"food_state_rnk",60.7497
"51026","zcta",2023,"food_state_rnk",94.6527
"51027","zcta",2023,"food_state_rnk",58.2139
"51028","zcta",2023,"food_state_rnk",24.1455
"51029","zcta",2023,"food_state_rnk",89.4157
"51030","zcta",2023,"food_state_rnk",83.6825
"51031","zcta",2023,"food_state_rnk",40.9041
"51033","zcta",2023,"food_state_rnk",72.6571
"51034","zcta",2023,"food_state_rnk",17.1996
"51035","zcta",2023,"food_state_rnk",74.2558
"51036","zcta",2023,"food_state_rnk",74.2558
"51037","zcta",2023,"food_state_rnk",33.5171
"51038","zcta",2023,"food_state_rnk",64.8291
"51039","zcta",2023,"food_state_rnk",84.8953
"51040","zcta",2023,"food_state_rnk",31.2018
"51041","zcta",2023,"food_state_rnk",83.2415
"51044","zcta",2023,"food_state_rnk",22.161
"51045","zcta",2023,"food_state_rnk",NA
"51046","zcta",2023,"food_state_rnk",64.0573
"51047","zcta",2023,"food_state_rnk",96.1411
"51048","zcta",2023,"food_state_rnk",37.4862
"51049","zcta",2023,"food_state_rnk",83.903
"51050","zcta",2023,"food_state_rnk",80.2646
"51051","zcta",2023,"food_state_rnk",NA
"51052","zcta",2023,"food_state_rnk",46.6373
"51053","zcta",2023,"food_state_rnk",74.8622
"51054","zcta",2023,"food_state_rnk",44.3219
"51055","zcta",2023,"food_state_rnk",52.0397
"51056","zcta",2023,"food_state_rnk",17.7508
"51058","zcta",2023,"food_state_rnk",37.0452
"51060","zcta",2023,"food_state_rnk",10.4741
"51061","zcta",2023,"food_state_rnk",37.1555
"51062","zcta",2023,"food_state_rnk",94.2668
"51063","zcta",2023,"food_state_rnk",61.8523
"51101","zcta",2023,"food_state_rnk",0.3308
"51103","zcta",2023,"food_state_rnk",3.9691
"51104","zcta",2023,"food_state_rnk",22.602
"51105","zcta",2023,"food_state_rnk",3.0871
"51106","zcta",2023,"food_state_rnk",15.9868
"51108","zcta",2023,"food_state_rnk",61.5215
"51109","zcta",2023,"food_state_rnk",23.7045
"51111","zcta",2023,"food_state_rnk",NA
"51201","zcta",2023,"food_state_rnk",52.591
"51230","zcta",2023,"food_state_rnk",64.9945
"51231","zcta",2023,"food_state_rnk",86.4388
"51232","zcta",2023,"food_state_rnk",19.7354
"51234","zcta",2023,"food_state_rnk",93.6053
"51235","zcta",2023,"food_state_rnk",84.5094
"51237","zcta",2023,"food_state_rnk",79.548
"51238","zcta",2023,"food_state_rnk",56.4498
"51239","zcta",2023,"food_state_rnk",91.5105
"51240","zcta",2023,"food_state_rnk",75.8545
"51241","zcta",2023,"food_state_rnk",91.6207
"51242","zcta",2023,"food_state_rnk",62.5689
"51243","zcta",2023,"food_state_rnk",61.6318
"51244","zcta",2023,"food_state_rnk",68.3572
"51245","zcta",2023,"food_state_rnk",29.1069
"51246","zcta",2023,"food_state_rnk",39.9118
"51247","zcta",2023,"food_state_rnk",25.1378
"51248","zcta",2023,"food_state_rnk",50.8269
"51249","zcta",2023,"food_state_rnk",37.7067
"51250","zcta",2023,"food_state_rnk",93.054
"51301","zcta",2023,"food_state_rnk",11.4664
"51331","zcta",2023,"food_state_rnk",94.1566
"51333","zcta",2023,"food_state_rnk",75.7442
"51334","zcta",2023,"food_state_rnk",29.4377
"51338","zcta",2023,"food_state_rnk",57.0011
"51340","zcta",2023,"food_state_rnk",NA
"51341","zcta",2023,"food_state_rnk",NA
"51342","zcta",2023,"food_state_rnk",62.0728
"51343","zcta",2023,"food_state_rnk",75.634
"51345","zcta",2023,"food_state_rnk",76.7365
"51346","zcta",2023,"food_state_rnk",30.8159
"51347","zcta",2023,"food_state_rnk",84.0132
"51350","zcta",2023,"food_state_rnk",10.8049
"51351","zcta",2023,"food_state_rnk",75.9647
"51354","zcta",2023,"food_state_rnk",90.0221
"51355","zcta",2023,"food_state_rnk",63.1753
"51357","zcta",2023,"food_state_rnk",28.8864
"51358","zcta",2023,"food_state_rnk",36.6042
"51360","zcta",2023,"food_state_rnk",52.2602
"51363","zcta",2023,"food_state_rnk",24.366
"51364","zcta",2023,"food_state_rnk",75.3032
"51365","zcta",2023,"food_state_rnk",53.1974
"51366","zcta",2023,"food_state_rnk",93.9912
"51401","zcta",2023,"food_state_rnk",37.9272
"51430","zcta",2023,"food_state_rnk",78.7211
"51431","zcta",2023,"food_state_rnk",81.2569
"51432","zcta",2023,"food_state_rnk",NA
"51433","zcta",2023,"food_state_rnk",69.2393
"51436","zcta",2023,"food_state_rnk",70.452
"51439","zcta",2023,"food_state_rnk",56.7806
"51440","zcta",2023,"food_state_rnk",66.4829
"51441","zcta",2023,"food_state_rnk",90.1874
"51442","zcta",2023,"food_state_rnk",27.4531
"51443","zcta",2023,"food_state_rnk",88.6439
"51444","zcta",2023,"food_state_rnk",94.8181
"51445","zcta",2023,"food_state_rnk",55.237
"51446","zcta",2023,"food_state_rnk",9.2613
"51447","zcta",2023,"food_state_rnk",96.0309
"51448","zcta",2023,"food_state_rnk",5.8434
"51449","zcta",2023,"food_state_rnk",44.1014
"51450","zcta",2023,"food_state_rnk",42.3925
"51451","zcta",2023,"food_state_rnk",NA
"51452","zcta",2023,"food_state_rnk",70.7828
"51453","zcta",2023,"food_state_rnk",49.9449
"51454","zcta",2023,"food_state_rnk",92.5028
"51455","zcta",2023,"food_state_rnk",90.7387
"51458","zcta",2023,"food_state_rnk",14.774
"51459","zcta",2023,"food_state_rnk",NA
"51460","zcta",2023,"food_state_rnk",NA
"51461","zcta",2023,"food_state_rnk",54.2448
"51462","zcta",2023,"food_state_rnk",47.9603
"51463","zcta",2023,"food_state_rnk",59.2062
"51465","zcta",2023,"food_state_rnk",87.9272
"51466","zcta",2023,"food_state_rnk",78.28
"51467","zcta",2023,"food_state_rnk",67.6957
"51501","zcta",2023,"food_state_rnk",7.387
"51503","zcta",2023,"food_state_rnk",16.097
"51510","zcta",2023,"food_state_rnk",14.6637
"51520","zcta",2023,"food_state_rnk",0.882
"51521","zcta",2023,"food_state_rnk",45.4245
"51523","zcta",2023,"food_state_rnk",57.0011
"51525","zcta",2023,"food_state_rnk",93.495
"51526","zcta",2023,"food_state_rnk",74.0904
"51527","zcta",2023,"food_state_rnk",44.1014
"51528","zcta",2023,"food_state_rnk",73.4289
"51529","zcta",2023,"food_state_rnk",77.0121
"51530","zcta",2023,"food_state_rnk",51.8192
"51531","zcta",2023,"food_state_rnk",94.9283
"51532","zcta",2023,"food_state_rnk",33.8479
"51533","zcta",2023,"food_state_rnk",53.5832
"51534","zcta",2023,"food_state_rnk",63.8368
"51535","zcta",2023,"food_state_rnk",68.1367
"51536","zcta",2023,"food_state_rnk",87.9272
"51537","zcta",2023,"food_state_rnk",36.4939
"51540","zcta",2023,"food_state_rnk",41.1246
"51541","zcta",2023,"food_state_rnk",6.505
"51542","zcta",2023,"food_state_rnk",97.0783
"51543","zcta",2023,"food_state_rnk",3.3076
"51544","zcta",2023,"food_state_rnk",22.8225
"51545","zcta",2023,"food_state_rnk",32.3043
"51546","zcta",2023,"food_state_rnk",84.785
"51548","zcta",2023,"food_state_rnk",99.2282
"51549","zcta",2023,"food_state_rnk",88.3131
"51550","zcta",2023,"food_state_rnk",65.2701
"51551","zcta",2023,"food_state_rnk",43.7155
"51552","zcta",2023,"food_state_rnk",85.3363
"51553","zcta",2023,"food_state_rnk",72.161
"51554","zcta",2023,"food_state_rnk",99.7795
"51555","zcta",2023,"food_state_rnk",62.7894
"51556","zcta",2023,"food_state_rnk",78.3903
"51557","zcta",2023,"food_state_rnk",41.6759
"51558","zcta",2023,"food_state_rnk",10.2536
"51559","zcta",2023,"food_state_rnk",63.3958
"51560","zcta",2023,"food_state_rnk",14.9945
"51561","zcta",2023,"food_state_rnk",95.0386
"51562","zcta",2023,"food_state_rnk",98.8975
"51563","zcta",2023,"food_state_rnk",83.0209
"51564","zcta",2023,"food_state_rnk",67.806
"51565","zcta",2023,"food_state_rnk",97.4642
"51566","zcta",2023,"food_state_rnk",12.3484
"51570","zcta",2023,"food_state_rnk",32.9658
"51571","zcta",2023,"food_state_rnk",55.1268
"51572","zcta",2023,"food_state_rnk",97.3539
"51573","zcta",2023,"food_state_rnk",35.3914
"51575","zcta",2023,"food_state_rnk",87.2106
"51576","zcta",2023,"food_state_rnk",86.108
"51577","zcta",2023,"food_state_rnk",NA
"51578","zcta",2023,"food_state_rnk",69.0187
"51579","zcta",2023,"food_state_rnk",40.0772
"51601","zcta",2023,"food_state_rnk",3.8589
"51630","zcta",2023,"food_state_rnk",63.9471
"51631","zcta",2023,"food_state_rnk",97.7949
"51632","zcta",2023,"food_state_rnk",27.0121
"51636","zcta",2023,"food_state_rnk",16.8688
"51637","zcta",2023,"food_state_rnk",52.4807
"51638","zcta",2023,"food_state_rnk",82.5799
"51639","zcta",2023,"food_state_rnk",59.8677
"51640","zcta",2023,"food_state_rnk",32.6351
"51645","zcta",2023,"food_state_rnk",6.946
"51646","zcta",2023,"food_state_rnk",65.9316
"51647","zcta",2023,"food_state_rnk",98.5667
"51648","zcta",2023,"food_state_rnk",13.4509
"51649","zcta",2023,"food_state_rnk",2.0948
"51650","zcta",2023,"food_state_rnk",9.4818
"51651","zcta",2023,"food_state_rnk",6.1742
"51652","zcta",2023,"food_state_rnk",36.3837
"51653","zcta",2023,"food_state_rnk",76.2955
"51654","zcta",2023,"food_state_rnk",19.4046
"51656","zcta",2023,"food_state_rnk",NA
"52001","zcta",2023,"food_state_rnk",7.6075
"52002","zcta",2023,"food_state_rnk",40.4631
"52003","zcta",2023,"food_state_rnk",73.2084
"52030","zcta",2023,"food_state_rnk",25.4135
"52031","zcta",2023,"food_state_rnk",47.5744
"52032","zcta",2023,"food_state_rnk",72.3264
"52033","zcta",2023,"food_state_rnk",45.5347
"52035","zcta",2023,"food_state_rnk",29.7685
"52036","zcta",2023,"food_state_rnk",43.7155
"52037","zcta",2023,"food_state_rnk",28.5557
"52038","zcta",2023,"food_state_rnk",9.5921
"52039","zcta",2023,"food_state_rnk",92.8335
"52040","zcta",2023,"food_state_rnk",77.9493
"52041","zcta",2023,"food_state_rnk",66.7034
"52042","zcta",2023,"food_state_rnk",92.172
"52043","zcta",2023,"food_state_rnk",86.9901
"52044","zcta",2023,"food_state_rnk",67.4752
"52045","zcta",2023,"food_state_rnk",79.7133
"52046","zcta",2023,"food_state_rnk",73.5391
"52047","zcta",2023,"food_state_rnk",0.1103
"52048","zcta",2023,"food_state_rnk",31.6979
"52049","zcta",2023,"food_state_rnk",19.6251
"52050","zcta",2023,"food_state_rnk",78.8864
"52052","zcta",2023,"food_state_rnk",31.0915
"52053","zcta",2023,"food_state_rnk",62.3484
"52054","zcta",2023,"food_state_rnk",82.9107
"52056","zcta",2023,"food_state_rnk",79.548
"52057","zcta",2023,"food_state_rnk",31.9735
"52060","zcta",2023,"food_state_rnk",14.8842
"52064","zcta",2023,"food_state_rnk",81.1466
"52065","zcta",2023,"food_state_rnk",88.0926
"52066","zcta",2023,"food_state_rnk",NA
"52068","zcta",2023,"food_state_rnk",64.6086
"52069","zcta",2023,"food_state_rnk",14.333
"52070","zcta",2023,"food_state_rnk",73.0981
"52071","zcta",2023,"food_state_rnk",28.2249
"52072","zcta",2023,"food_state_rnk",81.6979
"52073","zcta",2023,"food_state_rnk",82.3594
"52074","zcta",2023,"food_state_rnk",89.581
"52075","zcta",2023,"food_state_rnk",18.8534
"52076","zcta",2023,"food_state_rnk",54.6307
"52077","zcta",2023,"food_state_rnk",32.4697
"52078","zcta",2023,"food_state_rnk",86.8247
"52079","zcta",2023,"food_state_rnk",59.6472
"52101","zcta",2023,"food_state_rnk",67.9162
"52132","zcta",2023,"food_state_rnk",33.2966
"52133","zcta",2023,"food_state_rnk",93.9912
"52134","zcta",2023,"food_state_rnk",27.1224
"52135","zcta",2023,"food_state_rnk",78.8864
"52136","zcta",2023,"food_state_rnk",52.9217
"52140","zcta",2023,"food_state_rnk",96.5821
"52141","zcta",2023,"food_state_rnk",60.419
"52142","zcta",2023,"food_state_rnk",55.4576
"52144","zcta",2023,"food_state_rnk",54.8512
"52146","zcta",2023,"food_state_rnk",92.7233
"52147","zcta",2023,"food_state_rnk",82.1389
"52151","zcta",2023,"food_state_rnk",77.7288
"52154","zcta",2023,"food_state_rnk",68.7431
"52155","zcta",2023,"food_state_rnk",91.0695
"52156","zcta",2023,"food_state_rnk",74.6417
"52157","zcta",2023,"food_state_rnk",34.5094
"52158","zcta",2023,"food_state_rnk",46.086
"52159","zcta",2023,"food_state_rnk",82.2492
"52160","zcta",2023,"food_state_rnk",85.7773
"52161","zcta",2023,"food_state_rnk",80.1544
"52162","zcta",2023,"food_state_rnk",27.8942
"52163","zcta",2023,"food_state_rnk",87.1003
"52164","zcta",2023,"food_state_rnk",10.1433
"52165","zcta",2023,"food_state_rnk",59.6472
"52166","zcta",2023,"food_state_rnk",86.2183
"52168","zcta",2023,"food_state_rnk",65.7111
"52169","zcta",2023,"food_state_rnk",58.4344
"52170","zcta",2023,"food_state_rnk",98.1257
"52171","zcta",2023,"food_state_rnk",80.0441
"52172","zcta",2023,"food_state_rnk",30.9813
"52175","zcta",2023,"food_state_rnk",27.7839
"52201","zcta",2023,"food_state_rnk",15.656
"52202","zcta",2023,"food_state_rnk",55.0165
"52203","zcta",2023,"food_state_rnk",58.6549
"52205","zcta",2023,"food_state_rnk",22.3815
"52206","zcta",2023,"food_state_rnk",91.9515
"52207","zcta",2023,"food_state_rnk",1.4333
"52208","zcta",2023,"food_state_rnk",78.5006
"52209","zcta",2023,"food_state_rnk",50.3308
"52210","zcta",2023,"food_state_rnk",64.9945
"52211","zcta",2023,"food_state_rnk",63.6163
"52212","zcta",2023,"food_state_rnk",88.4234
"52213","zcta",2023,"food_state_rnk",72.161
"52214","zcta",2023,"food_state_rnk",66.5932
"52215","zcta",2023,"food_state_rnk",8.269
"52216","zcta",2023,"food_state_rnk",9.3716
"52217","zcta",2023,"food_state_rnk",19.8456
"52218","zcta",2023,"food_state_rnk",91.4002
"52219","zcta",2023,"food_state_rnk",47.0783
"52220","zcta",2023,"food_state_rnk",85.1158
"52221","zcta",2023,"food_state_rnk",9.7023
"52222","zcta",2023,"food_state_rnk",55.6781
"52223","zcta",2023,"food_state_rnk",65.3804
"52224","zcta",2023,"food_state_rnk",27.3429
"52225","zcta",2023,"food_state_rnk",8.8203
"52227","zcta",2023,"food_state_rnk",77.6185
"52228","zcta",2023,"food_state_rnk",20.6174
"52229","zcta",2023,"food_state_rnk",17.5303
"52231","zcta",2023,"food_state_rnk",66.2624
"52232","zcta",2023,"food_state_rnk",98.2359
"52233","zcta",2023,"food_state_rnk",34.3991
"52235","zcta",2023,"food_state_rnk",26.9019
"52236","zcta",2023,"food_state_rnk",82.0287
"52237","zcta",2023,"food_state_rnk",70.2315
"52240","zcta",2023,"food_state_rnk",15.4355
"52241","zcta",2023,"food_state_rnk",17.9713
"52242","zcta",2023,"food_state_rnk",NA
"52245","zcta",2023,"food_state_rnk",47.5744
"52246","zcta",2023,"food_state_rnk",17.6406
"52247","zcta",2023,"food_state_rnk",69.9008
"52248","zcta",2023,"food_state_rnk",57.7178
"52249","zcta",2023,"food_state_rnk",12.4587
"52251","zcta",2023,"food_state_rnk",37.7067
"52252","zcta",2023,"food_state_rnk",0
"52253","zcta",2023,"food_state_rnk",39.8015
"52254","zcta",2023,"food_state_rnk",41.0143
"52255","zcta",2023,"food_state_rnk",66.2624
"52257","zcta",2023,"food_state_rnk",57.2216
"52301","zcta",2023,"food_state_rnk",34.8401
"52302","zcta",2023,"food_state_rnk",21.0033
"52305","zcta",2023,"food_state_rnk",85.667
"52306","zcta",2023,"food_state_rnk",90.2977
"52307","zcta",2023,"food_state_rnk",NA
"52308","zcta",2023,"food_state_rnk",58.1036
"52309","zcta",2023,"food_state_rnk",77.5083
"52310","zcta",2023,"food_state_rnk",51.4884
"52312","zcta",2023,"food_state_rnk",NA
"52313","zcta",2023,"food_state_rnk",39.3605
"52314","zcta",2023,"food_state_rnk",83.7927
"52315","zcta",2023,"food_state_rnk",82.8004
"52316","zcta",2023,"food_state_rnk",50.4961
"52317","zcta",2023,"food_state_rnk",51.7089
"52318","zcta",2023,"food_state_rnk",79.2723
"52320","zcta",2023,"food_state_rnk",11.2459
"52321","zcta",2023,"food_state_rnk",3.1974
"52322","zcta",2023,"food_state_rnk",23.5943
"52323","zcta",2023,"food_state_rnk",38.0375
"52324","zcta",2023,"food_state_rnk",91.731
"52325","zcta",2023,"food_state_rnk",68.7431
"52326","zcta",2023,"food_state_rnk",39.581
"52327","zcta",2023,"food_state_rnk",89.8567
"52328","zcta",2023,"food_state_rnk",78.1147
"52329","zcta",2023,"food_state_rnk",96.2514
"52330","zcta",2023,"food_state_rnk",95.2591
"52332","zcta",2023,"food_state_rnk",60.0882
"52333","zcta",2023,"food_state_rnk",62.9548
"52334","zcta",2023,"food_state_rnk",30.5402
"52335","zcta",2023,"food_state_rnk",29.548
"52336","zcta",2023,"food_state_rnk",46.968
"52337","zcta",2023,"food_state_rnk",58.8754
"52338","zcta",2023,"food_state_rnk",89.3054
"52339","zcta",2023,"food_state_rnk",26.2404
"52340","zcta",2023,"food_state_rnk",77.3429
"52341","zcta",2023,"food_state_rnk",93.8258
"52342","zcta",2023,"food_state_rnk",13.3407
"52344","zcta",2023,"food_state_rnk",NA
"52345","zcta",2023,"food_state_rnk",81.3671
"52346","zcta",2023,"food_state_rnk",54.355
"52347","zcta",2023,"food_state_rnk",16.4278
"52348","zcta",2023,"food_state_rnk",NA
"52349","zcta",2023,"food_state_rnk",64.7189
"52351","zcta",2023,"food_state_rnk",74.5314
"52352","zcta",2023,"food_state_rnk",60.9702
"52353","zcta",2023,"food_state_rnk",20.8379
"52354","zcta",2023,"food_state_rnk",99.0077
"52355","zcta",2023,"food_state_rnk",76.6262
"52356","zcta",2023,"food_state_rnk",30.1544
"52358","zcta",2023,"food_state_rnk",80.5402
"52359","zcta",2023,"food_state_rnk",22.7122
"52361","zcta",2023,"food_state_rnk",52.3705
"52362","zcta",2023,"food_state_rnk",42.1169
"52401","zcta",2023,"food_state_rnk",3.4179
"52402","zcta",2023,"food_state_rnk",11.0254
"52403","zcta",2023,"food_state_rnk",34.9504
"52404","zcta",2023,"food_state_rnk",8.71
"52405","zcta",2023,"food_state_rnk",11.1356
"52411","zcta",2023,"food_state_rnk",77.1775
"52501","zcta",2023,"food_state_rnk",4.0794
"52530","zcta",2023,"food_state_rnk",7.7178
"52531","zcta",2023,"food_state_rnk",35.5017
"52533","zcta",2023,"food_state_rnk",37.7067
"52534","zcta",2023,"food_state_rnk",34.2889
"52535","zcta",2023,"food_state_rnk",50.6064
"52536","zcta",2023,"food_state_rnk",40.6836
"52537","zcta",2023,"food_state_rnk",44.763
"52540","zcta",2023,"food_state_rnk",26.4609
"52542","zcta",2023,"food_state_rnk",55.3473
"52543","zcta",2023,"food_state_rnk",97.6847
"52544","zcta",2023,"food_state_rnk",12.8997
"52548","zcta",2023,"food_state_rnk",NA
"52549","zcta",2023,"food_state_rnk",70.6725
"52550","zcta",2023,"food_state_rnk",40.7938
"52551","zcta",2023,"food_state_rnk",92.613
"52552","zcta",2023,"food_state_rnk",85.9978
"52553","zcta",2023,"food_state_rnk",13.1202
"52554","zcta",2023,"food_state_rnk",8.9305
"52555","zcta",2023,"food_state_rnk",10.5843
"52556","zcta",2023,"food_state_rnk",13.7817
"52557","zcta",2023,"food_state_rnk",NA
"52560","zcta",2023,"food_state_rnk",59.9779
"52561","zcta",2023,"food_state_rnk",6.8357
"52562","zcta",2023,"food_state_rnk",NA
"52563","zcta",2023,"food_state_rnk",4.6307
"52565","zcta",2023,"food_state_rnk",42.2271
"52566","zcta",2023,"food_state_rnk",27.5634
"52567","zcta",2023,"food_state_rnk",31.4223
"52568","zcta",2023,"food_state_rnk",NA
"52569","zcta",2023,"food_state_rnk",34.6748
"52570","zcta",2023,"food_state_rnk",16.7585
"52571","zcta",2023,"food_state_rnk",26.5711
"52572","zcta",2023,"food_state_rnk",7.0562
"52573","zcta",2023,"food_state_rnk",98.3462
"52574","zcta",2023,"food_state_rnk",13.2304
"52576","zcta",2023,"food_state_rnk",46.8026
"52577","zcta",2023,"food_state_rnk",10.3638
"52580","zcta",2023,"food_state_rnk",4.4101
"52581","zcta",2023,"food_state_rnk",79.8236
"52583","zcta",2023,"food_state_rnk",3.5281
"52584","zcta",2023,"food_state_rnk",64.3881
"52585","zcta",2023,"food_state_rnk",60.2536
"52586","zcta",2023,"food_state_rnk",67.2547
"52588","zcta",2023,"food_state_rnk",NA
"52590","zcta",2023,"food_state_rnk",52.7012
"52591","zcta",2023,"food_state_rnk",16.6483
"52593","zcta",2023,"food_state_rnk",57.9383
"52594","zcta",2023,"food_state_rnk",6.3947
"52595","zcta",2023,"food_state_rnk",19.2393
"52601","zcta",2023,"food_state_rnk",8.1588
"52619","zcta",2023,"food_state_rnk",92.2822
"52620","zcta",2023,"food_state_rnk",15.1047
"52621","zcta",2023,"food_state_rnk",22.4917
"52623","zcta",2023,"food_state_rnk",28.6659
"52624","zcta",2023,"food_state_rnk",35.8324
"52625","zcta",2023,"food_state_rnk",47.7398
"52626","zcta",2023,"food_state_rnk",54.0243
"52627","zcta",2023,"food_state_rnk",15.8765
"52630","zcta",2023,"food_state_rnk",1.1025
"52631","zcta",2023,"food_state_rnk",NA
"52632","zcta",2023,"food_state_rnk",5.9537
"52635","zcta",2023,"food_state_rnk",1.2128
"52637","zcta",2023,"food_state_rnk",67.3649
"52638","zcta",2023,"food_state_rnk",34.1786
"52639","zcta",2023,"food_state_rnk",33.6825
"52640","zcta",2023,"food_state_rnk",51.5987
"52641","zcta",2023,"food_state_rnk",31.5325
"52644","zcta",2023,"food_state_rnk",68.0265
"52645","zcta",2023,"food_state_rnk",36.1632
"52646","zcta",2023,"food_state_rnk",5.5127
"52647","zcta",2023,"food_state_rnk",NA
"52649","zcta",2023,"food_state_rnk",50.3308
"52650","zcta",2023,"food_state_rnk",98.677
"52651","zcta",2023,"food_state_rnk",21.1687
"52652","zcta",2023,"food_state_rnk",NA
"52653","zcta",2023,"food_state_rnk",21.72
"52654","zcta",2023,"food_state_rnk",30.8159
"52655","zcta",2023,"food_state_rnk",13.0099
"52656","zcta",2023,"food_state_rnk",21.8302
"52657","zcta",2023,"food_state_rnk",NA
"52658","zcta",2023,"food_state_rnk",90.0221
"52659","zcta",2023,"food_state_rnk",49.1731
"52660","zcta",2023,"food_state_rnk",97.2437
"52701","zcta",2023,"food_state_rnk",0.5513
"52720","zcta",2023,"food_state_rnk",13.892
"52721","zcta",2023,"food_state_rnk",70.0662
"52722","zcta",2023,"food_state_rnk",24.6968
"52726","zcta",2023,"food_state_rnk",68.5777
"52727","zcta",2023,"food_state_rnk",81.8633
"52728","zcta",2023,"food_state_rnk",73.8148
"52729","zcta",2023,"food_state_rnk",92.3925
"52730","zcta",2023,"food_state_rnk",65.6009
"52731","zcta",2023,"food_state_rnk",72.8776
"52732","zcta",2023,"food_state_rnk",4.2999
"52737","zcta",2023,"food_state_rnk",23.925
"52738","zcta",2023,"food_state_rnk",31.6979
"52739","zcta",2023,"food_state_rnk",2.9768
"52742","zcta",2023,"food_state_rnk",39.2503
"52745","zcta",2023,"food_state_rnk",30.43
"52746","zcta",2023,"food_state_rnk",90.7387
"52747","zcta",2023,"food_state_rnk",71.4443
"52748","zcta",2023,"food_state_rnk",71.0033
"52749","zcta",2023,"food_state_rnk",57.387
"52750","zcta",2023,"food_state_rnk",21.9405
"52751","zcta",2023,"food_state_rnk",88.7541
"52752","zcta",2023,"food_state_rnk",62.183
"52753","zcta",2023,"food_state_rnk",19.9559
"52754","zcta",2023,"food_state_rnk",69.7354
"52755","zcta",2023,"food_state_rnk",71.9405
"52756","zcta",2023,"food_state_rnk",68.247
"52757","zcta",2023,"food_state_rnk",3.7486
"52758","zcta",2023,"food_state_rnk",41.2348
"52759","zcta",2023,"food_state_rnk",59.0408
"52760","zcta",2023,"food_state_rnk",98.7872
"52761","zcta",2023,"food_state_rnk",7.4972
"52765","zcta",2023,"food_state_rnk",20.0662
"52766","zcta",2023,"food_state_rnk",93.3848
"52767","zcta",2023,"food_state_rnk",99.559
"52768","zcta",2023,"food_state_rnk",95.8104
"52769","zcta",2023,"food_state_rnk",86.5491
"52771","zcta",2023,"food_state_rnk",NA
"52772","zcta",2023,"food_state_rnk",57.0011
"52773","zcta",2023,"food_state_rnk",58.3241
"52774","zcta",2023,"food_state_rnk",37.2657
"52776","zcta",2023,"food_state_rnk",12.2381
"52777","zcta",2023,"food_state_rnk",47.2988
"52778","zcta",2023,"food_state_rnk",25.2481
"52801","zcta",2023,"food_state_rnk",0.2205
"52802","zcta",2023,"food_state_rnk",5.2922
"52803","zcta",2023,"food_state_rnk",9.0408
"52804","zcta",2023,"food_state_rnk",2.5358
"52806","zcta",2023,"food_state_rnk",12.624
"52807","zcta",2023,"food_state_rnk",31.8633
"68110","zcta",2023,"food_state_rnk",1.9846
