"geoid","geolevel","year","level","value"
"48001","zcta",2023,"food_score",97.26
"48002","zcta",2023,"food_score",123.24
"48003","zcta",2023,"food_score",110.4
"48005","zcta",2023,"food_score",113.32
"48006","zcta",2023,"food_score",109.45
"48009","zcta",2023,"food_score",113.34
"48014","zcta",2023,"food_score",97.58
"48015","zcta",2023,"food_score",79.75
"48017","zcta",2023,"food_score",113.11
"48021","zcta",2023,"food_score",67.88
"48022","zcta",2023,"food_score",109.72
"48023","zcta",2023,"food_score",110.59
"48025","zcta",2023,"food_score",121.93
"48026","zcta",2023,"food_score",99.02
"48027","zcta",2023,"food_score",108.24
"48028","zcta",2023,"food_score",126.68
"48030","zcta",2023,"food_score",95.24
"48032","zcta",2023,"food_score",99.12
"48033","zcta",2023,"food_score",86.67
"48034","zcta",2023,"food_score",99.78
"48035","zcta",2023,"food_score",90.33
"48036","zcta",2023,"food_score",90.76
"48038","zcta",2023,"food_score",98.18
"48039","zcta",2023,"food_score",104.38
"48040","zcta",2023,"food_score",104.8
"48041","zcta",2023,"food_score",112.13
"48042","zcta",2023,"food_score",114.94
"48043","zcta",2023,"food_score",85.99
"48044","zcta",2023,"food_score",99.16
"48045","zcta",2023,"food_score",92.32
"48047","zcta",2023,"food_score",106.17
"48048","zcta",2023,"food_score",94.57
"48049","zcta",2023,"food_score",108.38
"48050","zcta",2023,"food_score",117.26
"48051","zcta",2023,"food_score",102.06
"48054","zcta",2023,"food_score",113.81
"48059","zcta",2023,"food_score",107.07
"48060","zcta",2023,"food_score",66.02
"48062","zcta",2023,"food_score",101.91
"48063","zcta",2023,"food_score",109.18
"48064","zcta",2023,"food_score",104.86
"48065","zcta",2023,"food_score",108.76
"48066","zcta",2023,"food_score",77.61
"48067","zcta",2023,"food_score",111.41
"48069","zcta",2023,"food_score",126.43
"48070","zcta",2023,"food_score",123.57
"48071","zcta",2023,"food_score",92.86
"48072","zcta",2023,"food_score",110.94
"48073","zcta",2023,"food_score",104.17
"48074","zcta",2023,"food_score",97.62
"48075","zcta",2023,"food_score",97.41
"48076","zcta",2023,"food_score",98.72
"48079","zcta",2023,"food_score",109.13
"48080","zcta",2023,"food_score",107.36
"48081","zcta",2023,"food_score",106.27
"48082","zcta",2023,"food_score",104.05
"48083","zcta",2023,"food_score",102.63
"48084","zcta",2023,"food_score",114.65
"48085","zcta",2023,"food_score",113.12
"48088","zcta",2023,"food_score",98.75
"48089","zcta",2023,"food_score",61.92
"48091","zcta",2023,"food_score",66.78
"48092","zcta",2023,"food_score",87.15
"48093","zcta",2023,"food_score",84.05
"48094","zcta",2023,"food_score",114.16
"48095","zcta",2023,"food_score",119.34
"48096","zcta",2023,"food_score",124.01
"48097","zcta",2023,"food_score",93.43
"48098","zcta",2023,"food_score",116.28
"48101","zcta",2023,"food_score",101.01
"48103","zcta",2023,"food_score",105.35
"48104","zcta",2023,"food_score",109.23
"48105","zcta",2023,"food_score",109.35
"48108","zcta",2023,"food_score",102.28
"48109","zcta",2023,"food_score",NA
"48111","zcta",2023,"food_score",87.89
"48114","zcta",2023,"food_score",112.16
"48116","zcta",2023,"food_score",115.94
"48117","zcta",2023,"food_score",96.85
"48118","zcta",2023,"food_score",122.2
"48120","zcta",2023,"food_score",74.46
"48122","zcta",2023,"food_score",70.5
"48124","zcta",2023,"food_score",88.78
"48125","zcta",2023,"food_score",81.1
"48126","zcta",2023,"food_score",45.83
"48127","zcta",2023,"food_score",73.39
"48128","zcta",2023,"food_score",101.09
"48130","zcta",2023,"food_score",117.41
"48131","zcta",2023,"food_score",118.49
"48133","zcta",2023,"food_score",100.51
"48134","zcta",2023,"food_score",101.55
"48135","zcta",2023,"food_score",94.78
"48137","zcta",2023,"food_score",119.57
"48138","zcta",2023,"food_score",115.13
"48139","zcta",2023,"food_score",NA
"48140","zcta",2023,"food_score",122.97
"48141","zcta",2023,"food_score",51.47
"48143","zcta",2023,"food_score",130.55
"48144","zcta",2023,"food_score",110.9
"48145","zcta",2023,"food_score",114.07
"48146","zcta",2023,"food_score",71.57
"48150","zcta",2023,"food_score",105.58
"48152","zcta",2023,"food_score",105
"48154","zcta",2023,"food_score",107.26
"48157","zcta",2023,"food_score",93.51
"48158","zcta",2023,"food_score",118.18
"48159","zcta",2023,"food_score",117.13
"48160","zcta",2023,"food_score",107.97
"48161","zcta",2023,"food_score",87.01
"48162","zcta",2023,"food_score",97.96
"48164","zcta",2023,"food_score",115.97
"48165","zcta",2023,"food_score",113.97
"48166","zcta",2023,"food_score",99.32
"48167","zcta",2023,"food_score",105.46
"48168","zcta",2023,"food_score",116.96
"48169","zcta",2023,"food_score",109.52
"48170","zcta",2023,"food_score",110.39
"48173","zcta",2023,"food_score",106.35
"48174","zcta",2023,"food_score",88.15
"48176","zcta",2023,"food_score",113.54
"48177","zcta",2023,"food_score",129.6
"48178","zcta",2023,"food_score",112.3
"48179","zcta",2023,"food_score",105.09
"48180","zcta",2023,"food_score",68.72
"48182","zcta",2023,"food_score",113.84
"48183","zcta",2023,"food_score",97.92
"48184","zcta",2023,"food_score",82.36
"48185","zcta",2023,"food_score",83.84
"48186","zcta",2023,"food_score",78.05
"48187","zcta",2023,"food_score",101.32
"48188","zcta",2023,"food_score",100.83
"48189","zcta",2023,"food_score",108.88
"48190","zcta",2023,"food_score",113.28
"48191","zcta",2023,"food_score",111.85
"48192","zcta",2023,"food_score",95.24
"48193","zcta",2023,"food_score",99.86
"48195","zcta",2023,"food_score",98.33
"48197","zcta",2023,"food_score",83.37
"48198","zcta",2023,"food_score",76.14
"48201","zcta",2023,"food_score",52.27
"48202","zcta",2023,"food_score",53.84
"48203","zcta",2023,"food_score",45.8
"48204","zcta",2023,"food_score",41.22
"48205","zcta",2023,"food_score",36.24
"48206","zcta",2023,"food_score",51.03
"48207","zcta",2023,"food_score",52.43
"48208","zcta",2023,"food_score",50.91
"48209","zcta",2023,"food_score",64.52
"48210","zcta",2023,"food_score",61.76
"48211","zcta",2023,"food_score",71.61
"48212","zcta",2023,"food_score",32.96
"48213","zcta",2023,"food_score",44.07
"48214","zcta",2023,"food_score",58.43
"48215","zcta",2023,"food_score",41.49
"48216","zcta",2023,"food_score",53.57
"48217","zcta",2023,"food_score",67.25
"48218","zcta",2023,"food_score",55.66
"48219","zcta",2023,"food_score",36.38
"48220","zcta",2023,"food_score",105.98
"48221","zcta",2023,"food_score",47.38
"48223","zcta",2023,"food_score",44.03
"48224","zcta",2023,"food_score",40.79
"48225","zcta",2023,"food_score",77.09
"48226","zcta",2023,"food_score",96.47
"48227","zcta",2023,"food_score",41.67
"48228","zcta",2023,"food_score",20.41
"48229","zcta",2023,"food_score",64.77
"48230","zcta",2023,"food_score",109.38
"48233","zcta",2023,"food_score",NA
"48234","zcta",2023,"food_score",42.47
"48235","zcta",2023,"food_score",40.94
"48236","zcta",2023,"food_score",106
"48237","zcta",2023,"food_score",81.92
"48238","zcta",2023,"food_score",34.97
"48239","zcta",2023,"food_score",74.27
"48240","zcta",2023,"food_score",88.04
"48242","zcta",2023,"food_score",NA
"48243","zcta",2023,"food_score",NA
"48301","zcta",2023,"food_score",119.98
"48302","zcta",2023,"food_score",113.53
"48304","zcta",2023,"food_score",117.92
"48306","zcta",2023,"food_score",116.45
"48307","zcta",2023,"food_score",104.75
"48309","zcta",2023,"food_score",113.99
"48310","zcta",2023,"food_score",75.29
"48312","zcta",2023,"food_score",93.94
"48313","zcta",2023,"food_score",94.72
"48314","zcta",2023,"food_score",99.9
"48315","zcta",2023,"food_score",105.35
"48316","zcta",2023,"food_score",111.03
"48317","zcta",2023,"food_score",98.45
"48320","zcta",2023,"food_score",106.96
"48322","zcta",2023,"food_score",105.86
"48323","zcta",2023,"food_score",115.61
"48324","zcta",2023,"food_score",118
"48326","zcta",2023,"food_score",101.39
"48327","zcta",2023,"food_score",103.11
"48328","zcta",2023,"food_score",90.93
"48329","zcta",2023,"food_score",107.54
"48331","zcta",2023,"food_score",113.26
"48334","zcta",2023,"food_score",109.75
"48335","zcta",2023,"food_score",113.69
"48336","zcta",2023,"food_score",105.84
"48340","zcta",2023,"food_score",71.93
"48341","zcta",2023,"food_score",67.49
"48342","zcta",2023,"food_score",41.18
"48346","zcta",2023,"food_score",107.91
"48348","zcta",2023,"food_score",109.06
"48350","zcta",2023,"food_score",103.83
"48353","zcta",2023,"food_score",121.44
"48356","zcta",2023,"food_score",118.59
"48357","zcta",2023,"food_score",111.72
"48359","zcta",2023,"food_score",113.53
"48360","zcta",2023,"food_score",119.43
"48362","zcta",2023,"food_score",112.79
"48363","zcta",2023,"food_score",120.04
"48367","zcta",2023,"food_score",115.26
"48370","zcta",2023,"food_score",127.48
"48371","zcta",2023,"food_score",107.52
"48374","zcta",2023,"food_score",113.03
"48375","zcta",2023,"food_score",113.7
"48377","zcta",2023,"food_score",100.73
"48380","zcta",2023,"food_score",117.83
"48381","zcta",2023,"food_score",108.79
"48382","zcta",2023,"food_score",111.35
"48383","zcta",2023,"food_score",103.73
"48386","zcta",2023,"food_score",106.03
"48390","zcta",2023,"food_score",105.45
"48393","zcta",2023,"food_score",104.79
"48401","zcta",2023,"food_score",106.41
"48410","zcta",2023,"food_score",NA
"48411","zcta",2023,"food_score",NA
"48412","zcta",2023,"food_score",105.05
"48413","zcta",2023,"food_score",95.83
"48414","zcta",2023,"food_score",114.69
"48415","zcta",2023,"food_score",106.58
"48416","zcta",2023,"food_score",100.93
"48417","zcta",2023,"food_score",104.45
"48418","zcta",2023,"food_score",110.56
"48419","zcta",2023,"food_score",100.37
"48420","zcta",2023,"food_score",97.86
"48421","zcta",2023,"food_score",111.8
"48422","zcta",2023,"food_score",102.78
"48423","zcta",2023,"food_score",97.1
"48426","zcta",2023,"food_score",97.81
"48427","zcta",2023,"food_score",105.86
"48428","zcta",2023,"food_score",113.07
"48429","zcta",2023,"food_score",96.24
"48430","zcta",2023,"food_score",103.25
"48432","zcta",2023,"food_score",112.6
"48433","zcta",2023,"food_score",102.9
"48434","zcta",2023,"food_score",123.84
"48435","zcta",2023,"food_score",100.33
"48436","zcta",2023,"food_score",116.29
"48437","zcta",2023,"food_score",60.87
"48438","zcta",2023,"food_score",115.13
"48439","zcta",2023,"food_score",97.38
"48440","zcta",2023,"food_score",130.52
"48441","zcta",2023,"food_score",103.94
"48442","zcta",2023,"food_score",95.93
"48444","zcta",2023,"food_score",105.8
"48445","zcta",2023,"food_score",96.67
"48446","zcta",2023,"food_score",94.75
"48449","zcta",2023,"food_score",85.34
"48450","zcta",2023,"food_score",107.13
"48451","zcta",2023,"food_score",113.71
"48453","zcta",2023,"food_score",89.67
"48454","zcta",2023,"food_score",105.99
"48455","zcta",2023,"food_score",116.59
"48456","zcta",2023,"food_score",108.4
"48457","zcta",2023,"food_score",89.31
"48458","zcta",2023,"food_score",71.03
"48460","zcta",2023,"food_score",109.59
"48461","zcta",2023,"food_score",106.79
"48462","zcta",2023,"food_score",114.49
"48463","zcta",2023,"food_score",99.14
"48464","zcta",2023,"food_score",89.87
"48465","zcta",2023,"food_score",105.55
"48466","zcta",2023,"food_score",102.13
"48467","zcta",2023,"food_score",110.65
"48468","zcta",2023,"food_score",108.44
"48469","zcta",2023,"food_score",94.45
"48470","zcta",2023,"food_score",110.17
"48471","zcta",2023,"food_score",96.2
"48472","zcta",2023,"food_score",115.69
"48473","zcta",2023,"food_score",100.06
"48475","zcta",2023,"food_score",107.58
"48476","zcta",2023,"food_score",98.92
"48502","zcta",2023,"food_score",NA
"48503","zcta",2023,"food_score",55.67
"48504","zcta",2023,"food_score",48.38
"48505","zcta",2023,"food_score",35.74
"48506","zcta",2023,"food_score",62.72
"48507","zcta",2023,"food_score",63.82
"48509","zcta",2023,"food_score",89.12
"48519","zcta",2023,"food_score",93.63
"48529","zcta",2023,"food_score",55.97
"48532","zcta",2023,"food_score",76.41
"48601","zcta",2023,"food_score",39.91
"48602","zcta",2023,"food_score",44.81
"48603","zcta",2023,"food_score",91.71
"48604","zcta",2023,"food_score",91.71
"48607","zcta",2023,"food_score",79
"48609","zcta",2023,"food_score",102.32
"48610","zcta",2023,"food_score",81.31
"48611","zcta",2023,"food_score",115.67
"48612","zcta",2023,"food_score",95.73
"48613","zcta",2023,"food_score",99.04
"48614","zcta",2023,"food_score",95.39
"48615","zcta",2023,"food_score",103.08
"48616","zcta",2023,"food_score",102.13
"48617","zcta",2023,"food_score",94.28
"48618","zcta",2023,"food_score",88.32
"48619","zcta",2023,"food_score",91.61
"48620","zcta",2023,"food_score",97.56
"48621","zcta",2023,"food_score",87.32
"48622","zcta",2023,"food_score",100.28
"48623","zcta",2023,"food_score",105.35
"48624","zcta",2023,"food_score",87.37
"48625","zcta",2023,"food_score",82.83
"48626","zcta",2023,"food_score",111.35
"48627","zcta",2023,"food_score",96.67
"48628","zcta",2023,"food_score",104.62
"48629","zcta",2023,"food_score",94.88
"48630","zcta",2023,"food_score",NA
"48631","zcta",2023,"food_score",117.46
"48632","zcta",2023,"food_score",90.69
"48633","zcta",2023,"food_score",113.19
"48634","zcta",2023,"food_score",110.45
"48635","zcta",2023,"food_score",97.96
"48636","zcta",2023,"food_score",110.66
"48637","zcta",2023,"food_score",94.79
"48638","zcta",2023,"food_score",100.49
"48640","zcta",2023,"food_score",91.59
"48642","zcta",2023,"food_score",99.86
"48647","zcta",2023,"food_score",84.51
"48649","zcta",2023,"food_score",99.26
"48650","zcta",2023,"food_score",97.61
"48651","zcta",2023,"food_score",75.94
"48652","zcta",2023,"food_score",109.25
"48653","zcta",2023,"food_score",97.11
"48654","zcta",2023,"food_score",97.99
"48655","zcta",2023,"food_score",101.94
"48656","zcta",2023,"food_score",81.85
"48657","zcta",2023,"food_score",107.25
"48658","zcta",2023,"food_score",92.47
"48659","zcta",2023,"food_score",86.99
"48661","zcta",2023,"food_score",88.2
"48662","zcta",2023,"food_score",96.4
"48701","zcta",2023,"food_score",105.94
"48703","zcta",2023,"food_score",86.99
"48705","zcta",2023,"food_score",65.65
"48706","zcta",2023,"food_score",92.98
"48708","zcta",2023,"food_score",76.47
"48710","zcta",2023,"food_score",NA
"48720","zcta",2023,"food_score",99.64
"48721","zcta",2023,"food_score",108.85
"48722","zcta",2023,"food_score",113.49
"48723","zcta",2023,"food_score",86.41
"48724","zcta",2023,"food_score",-8.11
"48725","zcta",2023,"food_score",109.41
"48726","zcta",2023,"food_score",96.13
"48727","zcta",2023,"food_score",90.71
"48728","zcta",2023,"food_score",90.68
"48729","zcta",2023,"food_score",105.7
"48730","zcta",2023,"food_score",99.13
"48731","zcta",2023,"food_score",97.14
"48732","zcta",2023,"food_score",93.15
"48733","zcta",2023,"food_score",94.6
"48734","zcta",2023,"food_score",117.91
"48735","zcta",2023,"food_score",108.94
"48737","zcta",2023,"food_score",91.25
"48738","zcta",2023,"food_score",88.67
"48739","zcta",2023,"food_score",100.78
"48740","zcta",2023,"food_score",97.31
"48741","zcta",2023,"food_score",93.05
"48742","zcta",2023,"food_score",106.28
"48743","zcta",2023,"food_score",NA
"48744","zcta",2023,"food_score",98.81
"48745","zcta",2023,"food_score",94.95
"48746","zcta",2023,"food_score",99.99
"48747","zcta",2023,"food_score",109.55
"48748","zcta",2023,"food_score",102.04
"48749","zcta",2023,"food_score",98.31
"48750","zcta",2023,"food_score",94.25
"48754","zcta",2023,"food_score",102.27
"48755","zcta",2023,"food_score",109.59
"48756","zcta",2023,"food_score",70.6
"48757","zcta",2023,"food_score",112.64
"48759","zcta",2023,"food_score",114.51
"48760","zcta",2023,"food_score",114.66
"48761","zcta",2023,"food_score",109.14
"48762","zcta",2023,"food_score",99.61
"48763","zcta",2023,"food_score",98.33
"48765","zcta",2023,"food_score",95
"48766","zcta",2023,"food_score",95.03
"48767","zcta",2023,"food_score",114.22
"48768","zcta",2023,"food_score",97.86
"48770","zcta",2023,"food_score",81.43
"48801","zcta",2023,"food_score",86.11
"48806","zcta",2023,"food_score",107.6
"48807","zcta",2023,"food_score",115.82
"48808","zcta",2023,"food_score",105.78
"48809","zcta",2023,"food_score",88.43
"48811","zcta",2023,"food_score",100.83
"48813","zcta",2023,"food_score",101.76
"48815","zcta",2023,"food_score",115.12
"48816","zcta",2023,"food_score",130.12
"48817","zcta",2023,"food_score",94.2
"48818","zcta",2023,"food_score",95.78
"48819","zcta",2023,"food_score",119.48
"48820","zcta",2023,"food_score",115.76
"48821","zcta",2023,"food_score",108.71
"48822","zcta",2023,"food_score",121.24
"48823","zcta",2023,"food_score",100.53
"48824","zcta",2023,"food_score",NA
"48825","zcta",2023,"food_score",NA
"48827","zcta",2023,"food_score",98.69
"48829","zcta",2023,"food_score",90.34
"48831","zcta",2023,"food_score",114.18
"48832","zcta",2023,"food_score",99.31
"48834","zcta",2023,"food_score",100.6
"48835","zcta",2023,"food_score",117.09
"48836","zcta",2023,"food_score",105.17
"48837","zcta",2023,"food_score",113.73
"48838","zcta",2023,"food_score",100.96
"48840","zcta",2023,"food_score",115.59
"48841","zcta",2023,"food_score",96.22
"48842","zcta",2023,"food_score",98.63
"48843","zcta",2023,"food_score",107.37
"48845","zcta",2023,"food_score",108.44
"48846","zcta",2023,"food_score",96.06
"48847","zcta",2023,"food_score",103.57
"48848","zcta",2023,"food_score",111.21
"48849","zcta",2023,"food_score",104.06
"48850","zcta",2023,"food_score",91.02
"48851","zcta",2023,"food_score",97.82
"48852","zcta",2023,"food_score",105.46
"48853","zcta",2023,"food_score",59.94
"48854","zcta",2023,"food_score",114.7
"48855","zcta",2023,"food_score",112.81
"48856","zcta",2023,"food_score",118.4
"48857","zcta",2023,"food_score",94.67
"48858","zcta",2023,"food_score",88.26
"48859","zcta",2023,"food_score",NA
"48860","zcta",2023,"food_score",103.51
"48861","zcta",2023,"food_score",113.72
"48862","zcta",2023,"food_score",NA
"48864","zcta",2023,"food_score",113.74
"48865","zcta",2023,"food_score",81.77
"48866","zcta",2023,"food_score",99.83
"48867","zcta",2023,"food_score",91.02
"48870","zcta",2023,"food_score",111.73
"48871","zcta",2023,"food_score",102.74
"48872","zcta",2023,"food_score",109.49
"48873","zcta",2023,"food_score",116.93
"48874","zcta",2023,"food_score",103.53
"48875","zcta",2023,"food_score",112.2
"48876","zcta",2023,"food_score",109.71
"48877","zcta",2023,"food_score",80.1
"48878","zcta",2023,"food_score",114.46
"48879","zcta",2023,"food_score",98.99
"48880","zcta",2023,"food_score",NA
"48881","zcta",2023,"food_score",110.03
"48883","zcta",2023,"food_score",100.58
"48884","zcta",2023,"food_score",111.12
"48885","zcta",2023,"food_score",97.64
"48886","zcta",2023,"food_score",112.02
"48888","zcta",2023,"food_score",100.03
"48889","zcta",2023,"food_score",94.68
"48890","zcta",2023,"food_score",101.09
"48891","zcta",2023,"food_score",81.28
"48892","zcta",2023,"food_score",102.61
"48893","zcta",2023,"food_score",90.54
"48894","zcta",2023,"food_score",122.77
"48895","zcta",2023,"food_score",113.2
"48896","zcta",2023,"food_score",89.77
"48897","zcta",2023,"food_score",113.79
"48906","zcta",2023,"food_score",78.49
"48910","zcta",2023,"food_score",87.34
"48911","zcta",2023,"food_score",76.21
"48912","zcta",2023,"food_score",75.69
"48915","zcta",2023,"food_score",75.13
"48917","zcta",2023,"food_score",95.3
"48933","zcta",2023,"food_score",55.33
"49001","zcta",2023,"food_score",87.24
"49002","zcta",2023,"food_score",103.47
"49004","zcta",2023,"food_score",95.2
"49006","zcta",2023,"food_score",86.67
"49007","zcta",2023,"food_score",67.54
"49008","zcta",2023,"food_score",99.13
"49009","zcta",2023,"food_score",89.28
"49010","zcta",2023,"food_score",104.17
"49011","zcta",2023,"food_score",108.35
"49012","zcta",2023,"food_score",120.02
"49013","zcta",2023,"food_score",86.99
"49014","zcta",2023,"food_score",92.59
"49015","zcta",2023,"food_score",94.69
"49017","zcta",2023,"food_score",98.81
"49021","zcta",2023,"food_score",103.46
"49022","zcta",2023,"food_score",51.18
"49024","zcta",2023,"food_score",108.48
"49026","zcta",2023,"food_score",81.11
"49027","zcta",2023,"food_score",107.15
"49028","zcta",2023,"food_score",105.95
"49029","zcta",2023,"food_score",114.77
"49030","zcta",2023,"food_score",108.68
"49031","zcta",2023,"food_score",103.79
"49032","zcta",2023,"food_score",99.94
"49033","zcta",2023,"food_score",122.09
"49034","zcta",2023,"food_score",113.96
"49036","zcta",2023,"food_score",90.5
"49037","zcta",2023,"food_score",80.65
"49038","zcta",2023,"food_score",87.97
"49040","zcta",2023,"food_score",107.45
"49042","zcta",2023,"food_score",90.89
"49043","zcta",2023,"food_score",77.36
"49045","zcta",2023,"food_score",98.55
"49046","zcta",2023,"food_score",108.73
"49047","zcta",2023,"food_score",85.02
"49048","zcta",2023,"food_score",83.53
"49050","zcta",2023,"food_score",111.58
"49051","zcta",2023,"food_score",125.82
"49052","zcta",2023,"food_score",110.2
"49053","zcta",2023,"food_score",107.42
"49055","zcta",2023,"food_score",92.59
"49056","zcta",2023,"food_score",82.76
"49057","zcta",2023,"food_score",84.99
"49058","zcta",2023,"food_score",104.31
"49060","zcta",2023,"food_score",122.08
"49061","zcta",2023,"food_score",113.74
"49063","zcta",2023,"food_score",117.06
"49064","zcta",2023,"food_score",96.08
"49065","zcta",2023,"food_score",104.26
"49066","zcta",2023,"food_score",89.02
"49067","zcta",2023,"food_score",101.97
"49068","zcta",2023,"food_score",111.66
"49070","zcta",2023,"food_score",102.39
"49071","zcta",2023,"food_score",105.2
"49072","zcta",2023,"food_score",106.6
"49073","zcta",2023,"food_score",96.57
"49074","zcta",2023,"food_score",NA
"49075","zcta",2023,"food_score",50.9
"49076","zcta",2023,"food_score",105.76
"49078","zcta",2023,"food_score",110.21
"49079","zcta",2023,"food_score",96.85
"49080","zcta",2023,"food_score",101.87
"49082","zcta",2023,"food_score",110.78
"49083","zcta",2023,"food_score",111.61
"49084","zcta",2023,"food_score",NA
"49085","zcta",2023,"food_score",112.61
"49087","zcta",2023,"food_score",117.78
"49088","zcta",2023,"food_score",120.74
"49089","zcta",2023,"food_score",88.7
"49090","zcta",2023,"food_score",91.14
"49091","zcta",2023,"food_score",92.27
"49092","zcta",2023,"food_score",101.82
"49093","zcta",2023,"food_score",93.83
"49094","zcta",2023,"food_score",84.92
"49095","zcta",2023,"food_score",89.57
"49096","zcta",2023,"food_score",108.53
"49097","zcta",2023,"food_score",106.13
"49098","zcta",2023,"food_score",93.3
"49099","zcta",2023,"food_score",102.57
"49101","zcta",2023,"food_score",114.56
"49102","zcta",2023,"food_score",109.49
"49103","zcta",2023,"food_score",102.06
"49104","zcta",2023,"food_score",NA
"49106","zcta",2023,"food_score",91.99
"49107","zcta",2023,"food_score",100.47
"49111","zcta",2023,"food_score",94.12
"49112","zcta",2023,"food_score",99.5
"49113","zcta",2023,"food_score",109.19
"49115","zcta",2023,"food_score",117.07
"49116","zcta",2023,"food_score",117.07
"49117","zcta",2023,"food_score",112.06
"49119","zcta",2023,"food_score",72.51
"49120","zcta",2023,"food_score",92.56
"49125","zcta",2023,"food_score",105.09
"49126","zcta",2023,"food_score",95.45
"49127","zcta",2023,"food_score",117.89
"49128","zcta",2023,"food_score",118.09
"49129","zcta",2023,"food_score",115.04
"49130","zcta",2023,"food_score",103.26
"49201","zcta",2023,"food_score",90.48
"49202","zcta",2023,"food_score",78.61
"49203","zcta",2023,"food_score",80.7
"49220","zcta",2023,"food_score",108.08
"49221","zcta",2023,"food_score",82.05
"49224","zcta",2023,"food_score",83.69
"49227","zcta",2023,"food_score",91.88
"49228","zcta",2023,"food_score",109.48
"49229","zcta",2023,"food_score",103.34
"49230","zcta",2023,"food_score",109.04
"49232","zcta",2023,"food_score",106.8
"49233","zcta",2023,"food_score",105.45
"49234","zcta",2023,"food_score",110.07
"49235","zcta",2023,"food_score",115.37
"49236","zcta",2023,"food_score",108.81
"49237","zcta",2023,"food_score",110.49
"49238","zcta",2023,"food_score",115.7
"49240","zcta",2023,"food_score",120.1
"49241","zcta",2023,"food_score",104.33
"49242","zcta",2023,"food_score",100.48
"49245","zcta",2023,"food_score",106.25
"49246","zcta",2023,"food_score",116.48
"49247","zcta",2023,"food_score",99.44
"49248","zcta",2023,"food_score",110.26
"49249","zcta",2023,"food_score",113.95
"49250","zcta",2023,"food_score",100.47
"49251","zcta",2023,"food_score",108.76
"49252","zcta",2023,"food_score",100.81
"49253","zcta",2023,"food_score",111.67
"49254","zcta",2023,"food_score",102.97
"49255","zcta",2023,"food_score",116.27
"49256","zcta",2023,"food_score",96.29
"49258","zcta",2023,"food_score",NA
"49259","zcta",2023,"food_score",97.18
"49261","zcta",2023,"food_score",117.26
"49262","zcta",2023,"food_score",106.73
"49263","zcta",2023,"food_score",NA
"49264","zcta",2023,"food_score",118.66
"49265","zcta",2023,"food_score",113.89
"49266","zcta",2023,"food_score",112.99
"49267","zcta",2023,"food_score",124.14
"49268","zcta",2023,"food_score",101.68
"49269","zcta",2023,"food_score",100.25
"49270","zcta",2023,"food_score",112.83
"49271","zcta",2023,"food_score",108.46
"49272","zcta",2023,"food_score",100.08
"49274","zcta",2023,"food_score",104.68
"49276","zcta",2023,"food_score",113.08
"49277","zcta",2023,"food_score",110.47
"49279","zcta",2023,"food_score",104.34
"49282","zcta",2023,"food_score",NA
"49283","zcta",2023,"food_score",111.86
"49284","zcta",2023,"food_score",95.82
"49285","zcta",2023,"food_score",116.87
"49286","zcta",2023,"food_score",109.98
"49287","zcta",2023,"food_score",123.72
"49288","zcta",2023,"food_score",86.58
"49289","zcta",2023,"food_score",NA
"49301","zcta",2023,"food_score",118.14
"49302","zcta",2023,"food_score",120.96
"49303","zcta",2023,"food_score",87.21
"49304","zcta",2023,"food_score",78.55
"49305","zcta",2023,"food_score",84.47
"49306","zcta",2023,"food_score",112.83
"49307","zcta",2023,"food_score",91.12
"49309","zcta",2023,"food_score",81.51
"49310","zcta",2023,"food_score",107.68
"49312","zcta",2023,"food_score",43.7
"49315","zcta",2023,"food_score",118.43
"49316","zcta",2023,"food_score",113.95
"49318","zcta",2023,"food_score",90.95
"49319","zcta",2023,"food_score",105.17
"49320","zcta",2023,"food_score",122.18
"49321","zcta",2023,"food_score",98.67
"49322","zcta",2023,"food_score",103.57
"49323","zcta",2023,"food_score",120.33
"49325","zcta",2023,"food_score",111.72
"49326","zcta",2023,"food_score",107.63
"49327","zcta",2023,"food_score",95.78
"49328","zcta",2023,"food_score",108.16
"49329","zcta",2023,"food_score",99.46
"49330","zcta",2023,"food_score",95.51
"49331","zcta",2023,"food_score",112.17
"49332","zcta",2023,"food_score",99.82
"49333","zcta",2023,"food_score",115.94
"49335","zcta",2023,"food_score",127.15
"49336","zcta",2023,"food_score",100.01
"49337","zcta",2023,"food_score",85.47
"49338","zcta",2023,"food_score",83.67
"49339","zcta",2023,"food_score",121.49
"49340","zcta",2023,"food_score",97.23
"49341","zcta",2023,"food_score",110.62
"49342","zcta",2023,"food_score",104.59
"49343","zcta",2023,"food_score",104.23
"49344","zcta",2023,"food_score",106.2
"49345","zcta",2023,"food_score",106.35
"49346","zcta",2023,"food_score",95.65
"49347","zcta",2023,"food_score",116.38
"49348","zcta",2023,"food_score",105.88
"49349","zcta",2023,"food_score",80.42
"49401","zcta",2023,"food_score",111.11
"49402","zcta",2023,"food_score",91.96
"49403","zcta",2023,"food_score",117.4
"49404","zcta",2023,"food_score",105.31
"49405","zcta",2023,"food_score",100.56
"49406","zcta",2023,"food_score",124.89
"49408","zcta",2023,"food_score",99.73
"49409","zcta",2023,"food_score",126.11
"49410","zcta",2023,"food_score",87.84
"49411","zcta",2023,"food_score",96.81
"49412","zcta",2023,"food_score",92.96
"49415","zcta",2023,"food_score",107.86
"49417","zcta",2023,"food_score",100.04
"49418","zcta",2023,"food_score",105.37
"49419","zcta",2023,"food_score",115.96
"49420","zcta",2023,"food_score",96.85
"49421","zcta",2023,"food_score",81.99
"49423","zcta",2023,"food_score",98.53
"49424","zcta",2023,"food_score",99.68
"49425","zcta",2023,"food_score",86.27
"49426","zcta",2023,"food_score",111.03
"49428","zcta",2023,"food_score",109.6
"49430","zcta",2023,"food_score",NA
"49431","zcta",2023,"food_score",99.35
"49434","zcta",2023,"food_score",NA
"49435","zcta",2023,"food_score",118.92
"49436","zcta",2023,"food_score",101.85
"49437","zcta",2023,"food_score",104.79
"49440","zcta",2023,"food_score",62.53
"49441","zcta",2023,"food_score",91.43
"49442","zcta",2023,"food_score",66.53
"49443","zcta",2023,"food_score",NA
"49444","zcta",2023,"food_score",67.74
"49445","zcta",2023,"food_score",99.07
"49446","zcta",2023,"food_score",86.9
"49448","zcta",2023,"food_score",104.64
"49449","zcta",2023,"food_score",101.16
"49450","zcta",2023,"food_score",89.58
"49451","zcta",2023,"food_score",99.15
"49452","zcta",2023,"food_score",83.26
"49453","zcta",2023,"food_score",120.52
"49454","zcta",2023,"food_score",91.64
"49455","zcta",2023,"food_score",99.25
"49456","zcta",2023,"food_score",112.83
"49457","zcta",2023,"food_score",95.36
"49458","zcta",2023,"food_score",99.36
"49459","zcta",2023,"food_score",76.34
"49460","zcta",2023,"food_score",118.36
"49461","zcta",2023,"food_score",100.27
"49464","zcta",2023,"food_score",109.75
"49503","zcta",2023,"food_score",79.7
"49504","zcta",2023,"food_score",93.64
"49505","zcta",2023,"food_score",84.07
"49506","zcta",2023,"food_score",104.57
"49507","zcta",2023,"food_score",78.3
"49508","zcta",2023,"food_score",85.82
"49509","zcta",2023,"food_score",95.05
"49512","zcta",2023,"food_score",105.41
"49519","zcta",2023,"food_score",91.9
"49525","zcta",2023,"food_score",105.71
"49534","zcta",2023,"food_score",106.76
"49544","zcta",2023,"food_score",96.39
"49546","zcta",2023,"food_score",112.1
"49548","zcta",2023,"food_score",80.74
"49601","zcta",2023,"food_score",87.2
"49611","zcta",2023,"food_score",128.19
"49612","zcta",2023,"food_score",113.28
"49613","zcta",2023,"food_score",114.42
"49614","zcta",2023,"food_score",112.18
"49615","zcta",2023,"food_score",111.56
"49616","zcta",2023,"food_score",106.84
"49617","zcta",2023,"food_score",115.11
"49618","zcta",2023,"food_score",90.2
"49619","zcta",2023,"food_score",96.06
"49620","zcta",2023,"food_score",96.17
"49621","zcta",2023,"food_score",111.99
"49622","zcta",2023,"food_score",100.09
"49623","zcta",2023,"food_score",107.35
"49625","zcta",2023,"food_score",86.46
"49626","zcta",2023,"food_score",108.84
"49627","zcta",2023,"food_score",115.08
"49628","zcta",2023,"food_score",129.73
"49629","zcta",2023,"food_score",126.08
"49630","zcta",2023,"food_score",111.08
"49631","zcta",2023,"food_score",88.54
"49632","zcta",2023,"food_score",109.32
"49633","zcta",2023,"food_score",104.53
"49634","zcta",2023,"food_score",84.49
"49635","zcta",2023,"food_score",108.19
"49636","zcta",2023,"food_score",115.16
"49637","zcta",2023,"food_score",111.73
"49638","zcta",2023,"food_score",89.45
"49639","zcta",2023,"food_score",97.22
"49640","zcta",2023,"food_score",113.33
"49642","zcta",2023,"food_score",57.58
"49643","zcta",2023,"food_score",111.07
"49644","zcta",2023,"food_score",104.52
"49645","zcta",2023,"food_score",80.24
"49646","zcta",2023,"food_score",87.75
"49648","zcta",2023,"food_score",105.03
"49649","zcta",2023,"food_score",108.65
"49650","zcta",2023,"food_score",114.79
"49651","zcta",2023,"food_score",92.95
"49653","zcta",2023,"food_score",128.94
"49654","zcta",2023,"food_score",103.17
"49655","zcta",2023,"food_score",103.22
"49656","zcta",2023,"food_score",100.24
"49657","zcta",2023,"food_score",98.2
"49659","zcta",2023,"food_score",90.51
"49660","zcta",2023,"food_score",98.21
"49663","zcta",2023,"food_score",95.06
"49664","zcta",2023,"food_score",118.62
"49665","zcta",2023,"food_score",97.04
"49667","zcta",2023,"food_score",77.83
"49668","zcta",2023,"food_score",85.4
"49670","zcta",2023,"food_score",113.44
"49674","zcta",2023,"food_score",119.85
"49675","zcta",2023,"food_score",120.52
"49676","zcta",2023,"food_score",103.65
"49677","zcta",2023,"food_score",102.1
"49679","zcta",2023,"food_score",107.28
"49680","zcta",2023,"food_score",98.13
"49682","zcta",2023,"food_score",107.48
"49683","zcta",2023,"food_score",92.67
"49684","zcta",2023,"food_score",103.57
"49685","zcta",2023,"food_score",105.76
"49686","zcta",2023,"food_score",99.17
"49688","zcta",2023,"food_score",102
"49689","zcta",2023,"food_score",86.59
"49690","zcta",2023,"food_score",120.03
"49696","zcta",2023,"food_score",115.96
"49701","zcta",2023,"food_score",106.92
"49705","zcta",2023,"food_score",100.31
"49706","zcta",2023,"food_score",106.22
"49707","zcta",2023,"food_score",79.11
"49709","zcta",2023,"food_score",89.57
"49710","zcta",2023,"food_score",129.91
"49712","zcta",2023,"food_score",108.26
"49713","zcta",2023,"food_score",107.76
"49715","zcta",2023,"food_score",103.56
"49716","zcta",2023,"food_score",113.85
"49717","zcta",2023,"food_score",NA
"49718","zcta",2023,"food_score",67.92
"49719","zcta",2023,"food_score",127.27
"49720","zcta",2023,"food_score",106.55
"49721","zcta",2023,"food_score",91.45
"49722","zcta",2023,"food_score",NA
"49724","zcta",2023,"food_score",113.64
"49725","zcta",2023,"food_score",121.95
"49726","zcta",2023,"food_score",100.1
"49727","zcta",2023,"food_score",109.73
"49728","zcta",2023,"food_score",67.09
"49729","zcta",2023,"food_score",114.97
"49730","zcta",2023,"food_score",111.57
"49733","zcta",2023,"food_score",93.79
"49735","zcta",2023,"food_score",97.61
"49736","zcta",2023,"food_score",104.28
"49738","zcta",2023,"food_score",95.59
"49740","zcta",2023,"food_score",114.4
"49743","zcta",2023,"food_score",118.99
"49744","zcta",2023,"food_score",111.17
"49745","zcta",2023,"food_score",114.75
"49746","zcta",2023,"food_score",87.07
"49747","zcta",2023,"food_score",104.49
"49748","zcta",2023,"food_score",104.05
"49749","zcta",2023,"food_score",104.77
"49751","zcta",2023,"food_score",113.44
"49752","zcta",2023,"food_score",NA
"49753","zcta",2023,"food_score",102.75
"49755","zcta",2023,"food_score",100.64
"49756","zcta",2023,"food_score",87.94
"49757","zcta",2023,"food_score",102.13
"49759","zcta",2023,"food_score",102.65
"49760","zcta",2023,"food_score",83.32
"49762","zcta",2023,"food_score",86.87
"49764","zcta",2023,"food_score",NA
"49765","zcta",2023,"food_score",88.63
"49766","zcta",2023,"food_score",94.41
"49768","zcta",2023,"food_score",85.67
"49769","zcta",2023,"food_score",93.73
"49770","zcta",2023,"food_score",105.21
"49774","zcta",2023,"food_score",115.5
"49775","zcta",2023,"food_score",NA
"49776","zcta",2023,"food_score",109.13
"49777","zcta",2023,"food_score",121.7
"49779","zcta",2023,"food_score",95.62
"49780","zcta",2023,"food_score",107.11
"49781","zcta",2023,"food_score",87.86
"49782","zcta",2023,"food_score",113.53
"49783","zcta",2023,"food_score",90.42
"49784","zcta",2023,"food_score",NA
"49788","zcta",2023,"food_score",57.28
"49791","zcta",2023,"food_score",96.39
"49793","zcta",2023,"food_score",118.86
"49795","zcta",2023,"food_score",97.07
"49796","zcta",2023,"food_score",129.86
"49799","zcta",2023,"food_score",103.18
"49801","zcta",2023,"food_score",105.33
"49802","zcta",2023,"food_score",108.04
"49805","zcta",2023,"food_score",126.86
"49806","zcta",2023,"food_score",75.31
"49807","zcta",2023,"food_score",116.82
"49808","zcta",2023,"food_score",119.41
"49812","zcta",2023,"food_score",114.21
"49814","zcta",2023,"food_score",118.08
"49815","zcta",2023,"food_score",99.05
"49816","zcta",2023,"food_score",121.37
"49817","zcta",2023,"food_score",103.54
"49818","zcta",2023,"food_score",122.4
"49820","zcta",2023,"food_score",82.1
"49821","zcta",2023,"food_score",115.11
"49822","zcta",2023,"food_score",114.94
"49825","zcta",2023,"food_score",85.52
"49826","zcta",2023,"food_score",128.11
"49827","zcta",2023,"food_score",87.21
"49829","zcta",2023,"food_score",91.49
"49831","zcta",2023,"food_score",118.85
"49833","zcta",2023,"food_score",103.48
"49834","zcta",2023,"food_score",107.66
"49835","zcta",2023,"food_score",92.57
"49836","zcta",2023,"food_score",107.32
"49837","zcta",2023,"food_score",99.94
"49838","zcta",2023,"food_score",108.03
"49839","zcta",2023,"food_score",128.4
"49840","zcta",2023,"food_score",107.88
"49841","zcta",2023,"food_score",94.85
"49847","zcta",2023,"food_score",84.63
"49848","zcta",2023,"food_score",87.33
"49849","zcta",2023,"food_score",93.61
"49852","zcta",2023,"food_score",92.4
"49853","zcta",2023,"food_score",105.89
"49854","zcta",2023,"food_score",100.25
"49855","zcta",2023,"food_score",103.88
"49858","zcta",2023,"food_score",99.57
"49861","zcta",2023,"food_score",102.39
"49862","zcta",2023,"food_score",108.27
"49863","zcta",2023,"food_score",124.67
"49864","zcta",2023,"food_score",NA
"49866","zcta",2023,"food_score",110.38
"49868","zcta",2023,"food_score",92.11
"49870","zcta",2023,"food_score",97.13
"49871","zcta",2023,"food_score",105.78
"49872","zcta",2023,"food_score",93.27
"49873","zcta",2023,"food_score",NA
"49874","zcta",2023,"food_score",104.49
"49876","zcta",2023,"food_score",94.64
"49877","zcta",2023,"food_score",NA
"49878","zcta",2023,"food_score",108.9
"49879","zcta",2023,"food_score",105.2
"49880","zcta",2023,"food_score",106.32
"49881","zcta",2023,"food_score",109.65
"49883","zcta",2023,"food_score",73.46
"49884","zcta",2023,"food_score",87.73
"49885","zcta",2023,"food_score",91.5
"49886","zcta",2023,"food_score",109.49
"49887","zcta",2023,"food_score",109.99
"49891","zcta",2023,"food_score",93.47
"49892","zcta",2023,"food_score",108.37
"49893","zcta",2023,"food_score",112.38
"49894","zcta",2023,"food_score",97.21
"49895","zcta",2023,"food_score",109.05
"49896","zcta",2023,"food_score",98.68
"49901","zcta",2023,"food_score",114.89
"49902","zcta",2023,"food_score",68.18
"49903","zcta",2023,"food_score",116.68
"49905","zcta",2023,"food_score",102.58
"49908","zcta",2023,"food_score",85.35
"49910","zcta",2023,"food_score",124.21
"49911","zcta",2023,"food_score",90.8
"49912","zcta",2023,"food_score",111.31
"49913","zcta",2023,"food_score",98.05
"49915","zcta",2023,"food_score",91.29
"49916","zcta",2023,"food_score",114.71
"49917","zcta",2023,"food_score",111.32
"49918","zcta",2023,"food_score",127.97
"49919","zcta",2023,"food_score",120.64
"49920","zcta",2023,"food_score",106.36
"49921","zcta",2023,"food_score",127.79
"49922","zcta",2023,"food_score",107.15
"49925","zcta",2023,"food_score",101.27
"49927","zcta",2023,"food_score",84.59
"49929","zcta",2023,"food_score",57.89
"49930","zcta",2023,"food_score",112.75
"49931","zcta",2023,"food_score",NA
"49934","zcta",2023,"food_score",123.59
"49935","zcta",2023,"food_score",93.49
"49938","zcta",2023,"food_score",84.92
"49942","zcta",2023,"food_score",NA
"49945","zcta",2023,"food_score",104.05
"49946","zcta",2023,"food_score",98.4
"49947","zcta",2023,"food_score",88.68
"49948","zcta",2023,"food_score",107.8
"49950","zcta",2023,"food_score",103.16
"49952","zcta",2023,"food_score",NA
"49953","zcta",2023,"food_score",97.03
"49955","zcta",2023,"food_score",110.61
"49958","zcta",2023,"food_score",120.39
"49959","zcta",2023,"food_score",110.09
"49960","zcta",2023,"food_score",84.32
"49961","zcta",2023,"food_score",105.57
"49962","zcta",2023,"food_score",107.92
"49963","zcta",2023,"food_score",91.64
"49965","zcta",2023,"food_score",126.1
"49967","zcta",2023,"food_score",108
"49968","zcta",2023,"food_score",92.33
"49969","zcta",2023,"food_score",95.7
"49970","zcta",2023,"food_score",120.33
"49971","zcta",2023,"food_score",102.82
"48001","zcta",2023,"food_rnk",37.1638
"48002","zcta",2023,"food_rnk",91.8331
"48003","zcta",2023,"food_rnk",65.9696
"48005","zcta",2023,"food_rnk",72.8417
"48006","zcta",2023,"food_rnk",63.6973
"48009","zcta",2023,"food_rnk",72.8935
"48014","zcta",2023,"food_rnk",37.7626
"48015","zcta",2023,"food_rnk",14.165
"48017","zcta",2023,"food_rnk",72.3756
"48021","zcta",2023,"food_rnk",7.0307
"48022","zcta",2023,"food_rnk",64.2896
"48023","zcta",2023,"food_rnk",66.4584
"48025","zcta",2023,"food_rnk",90.2696
"48026","zcta",2023,"food_rnk",40.5011
"48027","zcta",2023,"food_rnk",60.8908
"48028","zcta",2023,"food_rnk",95.0377
"48030","zcta",2023,"food_rnk",33.6549
"48032","zcta",2023,"food_rnk",40.6856
"48033","zcta",2023,"food_rnk",21.2637
"48034","zcta",2023,"food_rnk",41.948
"48035","zcta",2023,"food_rnk",25.9412
"48036","zcta",2023,"food_rnk",26.5465
"48038","zcta",2023,"food_rnk",38.9117
"48039","zcta",2023,"food_rnk",51.6687
"48040","zcta",2023,"food_rnk",52.5426
"48041","zcta",2023,"food_rnk",70.1065
"48042","zcta",2023,"food_rnk",76.4574
"48043","zcta",2023,"food_rnk",20.448
"48044","zcta",2023,"food_rnk",40.7827
"48045","zcta",2023,"food_rnk",28.9062
"48047","zcta",2023,"food_rnk",55.9188
"48048","zcta",2023,"food_rnk",32.4475
"48049","zcta",2023,"food_rnk",61.2404
"48050","zcta",2023,"food_rnk",81.6107
"48051","zcta",2023,"food_rnk",46.6805
"48054","zcta",2023,"food_rnk",73.9844
"48059","zcta",2023,"food_rnk",58.0002
"48060","zcta",2023,"food_rnk",6.3056
"48062","zcta",2023,"food_rnk",46.3276
"48063","zcta",2023,"food_rnk",63.0952
"48064","zcta",2023,"food_rnk",52.7045
"48065","zcta",2023,"food_rnk",62.1565
"48066","zcta",2023,"food_rnk",12.4721
"48067","zcta",2023,"food_rnk",68.3909
"48069","zcta",2023,"food_rnk",94.8403
"48070","zcta",2023,"food_rnk",92.1956
"48071","zcta",2023,"food_rnk",29.7122
"48072","zcta",2023,"food_rnk",67.2547
"48073","zcta",2023,"food_rnk",51.1896
"48074","zcta",2023,"food_rnk",37.8468
"48075","zcta",2023,"food_rnk",37.4454
"48076","zcta",2023,"food_rnk",39.9378
"48079","zcta",2023,"food_rnk",62.9722
"48080","zcta",2023,"food_rnk",58.7253
"48081","zcta",2023,"food_rnk",56.1745
"48082","zcta",2023,"food_rnk",50.963
"48083","zcta",2023,"food_rnk",47.9041
"48084","zcta",2023,"food_rnk",75.7712
"48085","zcta",2023,"food_rnk",72.4112
"48088","zcta",2023,"food_rnk",40.0058
"48089","zcta",2023,"food_rnk",4.9914
"48091","zcta",2023,"food_rnk",6.5614
"48092","zcta",2023,"food_rnk",21.8237
"48093","zcta",2023,"food_rnk",18.2242
"48094","zcta",2023,"food_rnk",74.7839
"48095","zcta",2023,"food_rnk",85.9806
"48096","zcta",2023,"food_rnk",92.6747
"48097","zcta",2023,"food_rnk",30.5862
"48098","zcta",2023,"food_rnk",79.3416
"48101","zcta",2023,"food_rnk",44.4923
"48103","zcta",2023,"food_rnk",53.8439
"48104","zcta",2023,"food_rnk",63.1988
"48105","zcta",2023,"food_rnk",63.4675
"48108","zcta",2023,"food_rnk",47.1854
"48109","zcta",2023,"food_rnk",NA
"48111","zcta",2023,"food_rnk",22.7721
"48114","zcta",2023,"food_rnk",70.2004
"48116","zcta",2023,"food_rnk",78.5939
"48117","zcta",2023,"food_rnk",36.348
"48118","zcta",2023,"food_rnk",90.6128
"48120","zcta",2023,"food_rnk",10.2904
"48122","zcta",2023,"food_rnk",8.2187
"48124","zcta",2023,"food_rnk",23.8306
"48125","zcta",2023,"food_rnk",15.4598
"48126","zcta",2023,"food_rnk",1.9195
"48127","zcta",2023,"food_rnk",9.6591
"48128","zcta",2023,"food_rnk",44.6574
"48130","zcta",2023,"food_rnk",81.9312
"48131","zcta",2023,"food_rnk",84.2586
"48133","zcta",2023,"food_rnk",43.45
"48134","zcta",2023,"food_rnk",45.5929
"48135","zcta",2023,"food_rnk",32.8359
"48137","zcta",2023,"food_rnk",86.4435
"48138","zcta",2023,"food_rnk",76.8653
"48139","zcta",2023,"food_rnk",NA
"48140","zcta",2023,"food_rnk",91.5482
"48141","zcta",2023,"food_rnk",2.7288
"48143","zcta",2023,"food_rnk",99.3558
"48144","zcta",2023,"food_rnk",67.177
"48145","zcta",2023,"food_rnk",74.5929
"48146","zcta",2023,"food_rnk",8.7269
"48150","zcta",2023,"food_rnk",54.4622
"48152","zcta",2023,"food_rnk",53.0573
"48154","zcta",2023,"food_rnk",58.4534
"48157","zcta",2023,"food_rnk",30.7286
"48158","zcta",2023,"food_rnk",83.6047
"48159","zcta",2023,"food_rnk",81.3
"48160","zcta",2023,"food_rnk",60.2208
"48161","zcta",2023,"food_rnk",21.6263
"48162","zcta",2023,"food_rnk",38.4942
"48164","zcta",2023,"food_rnk",78.6683
"48165","zcta",2023,"food_rnk",74.3728
"48166","zcta",2023,"food_rnk",41.0935
"48167","zcta",2023,"food_rnk",54.1126
"48168","zcta",2023,"food_rnk",80.931
"48169","zcta",2023,"food_rnk",63.8656
"48170","zcta",2023,"food_rnk",65.9437
"48173","zcta",2023,"food_rnk",56.3558
"48174","zcta",2023,"food_rnk",23.0667
"48176","zcta",2023,"food_rnk",73.3856
"48177","zcta",2023,"food_rnk",98.2164
"48178","zcta",2023,"food_rnk",70.4852
"48179","zcta",2023,"food_rnk",53.2451
"48180","zcta",2023,"food_rnk",7.3835
"48182","zcta",2023,"food_rnk",74.0524
"48183","zcta",2023,"food_rnk",38.4229
"48184","zcta",2023,"food_rnk",16.5701
"48185","zcta",2023,"food_rnk",18.0267
"48186","zcta",2023,"food_rnk",12.8411
"48187","zcta",2023,"food_rnk",45.117
"48188","zcta",2023,"food_rnk",44.065
"48189","zcta",2023,"food_rnk",62.4057
"48190","zcta",2023,"food_rnk",72.7576
"48191","zcta",2023,"food_rnk",69.4429
"48192","zcta",2023,"food_rnk",33.6549
"48193","zcta",2023,"food_rnk",42.0969
"48195","zcta",2023,"food_rnk",39.1383
"48197","zcta",2023,"food_rnk",17.5444
"48198","zcta",2023,"food_rnk",11.4006
"48201","zcta",2023,"food_rnk",2.8647
"48202","zcta",2023,"food_rnk",3.1528
"48203","zcta",2023,"food_rnk",1.9163
"48204","zcta",2023,"food_rnk",1.4793
"48205","zcta",2023,"food_rnk",1.0488
"48206","zcta",2023,"food_rnk",2.6284
"48207","zcta",2023,"food_rnk",2.8906
"48208","zcta",2023,"food_rnk",2.6058
"48209","zcta",2023,"food_rnk",5.7586
"48210","zcta",2023,"food_rnk",4.9526
"48211","zcta",2023,"food_rnk",8.7625
"48212","zcta",2023,"food_rnk",0.8546
"48213","zcta",2023,"food_rnk",1.7577
"48214","zcta",2023,"food_rnk",4.1207
"48215","zcta",2023,"food_rnk",1.5084
"48216","zcta",2023,"food_rnk",3.1043
"48217","zcta",2023,"food_rnk",6.7815
"48218","zcta",2023,"food_rnk",3.4571
"48219","zcta",2023,"food_rnk",1.065
"48220","zcta",2023,"food_rnk",55.4203
"48221","zcta",2023,"food_rnk",2.1008
"48223","zcta",2023,"food_rnk",1.7512
"48224","zcta",2023,"food_rnk",1.4405
"48225","zcta",2023,"food_rnk",12.0772
"48226","zcta",2023,"food_rnk",35.6909
"48227","zcta",2023,"food_rnk",1.5246
"48228","zcta",2023,"food_rnk",0.3043
"48229","zcta",2023,"food_rnk",5.8427
"48230","zcta",2023,"food_rnk",63.5354
"48233","zcta",2023,"food_rnk",NA
"48234","zcta",2023,"food_rnk",1.5991
"48235","zcta",2023,"food_rnk",1.4502
"48236","zcta",2023,"food_rnk",55.4527
"48237","zcta",2023,"food_rnk",16.1363
"48238","zcta",2023,"food_rnk",0.9549
"48239","zcta",2023,"food_rnk",10.1965
"48240","zcta",2023,"food_rnk",22.9243
"48242","zcta",2023,"food_rnk",NA
"48243","zcta",2023,"food_rnk",NA
"48301","zcta",2023,"food_rnk",87.2495
"48302","zcta",2023,"food_rnk",73.3597
"48304","zcta",2023,"food_rnk",83.0447
"48306","zcta",2023,"food_rnk",79.7462
"48307","zcta",2023,"food_rnk",52.4326
"48309","zcta",2023,"food_rnk",74.4311
"48310","zcta",2023,"food_rnk",10.8471
"48312","zcta",2023,"food_rnk",31.4861
"48313","zcta",2023,"food_rnk",32.7323
"48314","zcta",2023,"food_rnk",42.1617
"48315","zcta",2023,"food_rnk",53.8439
"48316","zcta",2023,"food_rnk",67.4457
"48317","zcta",2023,"food_rnk",39.4102
"48320","zcta",2023,"food_rnk",57.7509
"48322","zcta",2023,"food_rnk",55.129
"48323","zcta",2023,"food_rnk",77.8785
"48324","zcta",2023,"food_rnk",83.2227
"48326","zcta",2023,"food_rnk",45.3048
"48327","zcta",2023,"food_rnk",48.982
"48328","zcta",2023,"food_rnk",26.7536
"48329","zcta",2023,"food_rnk",59.1526
"48331","zcta",2023,"food_rnk",72.6993
"48334","zcta",2023,"food_rnk",64.3479
"48335","zcta",2023,"food_rnk",73.706
"48336","zcta",2023,"food_rnk",55.0545
"48340","zcta",2023,"food_rnk",8.9276
"48341","zcta",2023,"food_rnk",6.8915
"48342","zcta",2023,"food_rnk",1.4728
"48346","zcta",2023,"food_rnk",60.0783
"48348","zcta",2023,"food_rnk",62.8298
"48350","zcta",2023,"food_rnk",50.5195
"48353","zcta",2023,"food_rnk",89.6676
"48356","zcta",2023,"food_rnk",84.4463
"48357","zcta",2023,"food_rnk",69.1548
"48359","zcta",2023,"food_rnk",73.3597
"48360","zcta",2023,"food_rnk",86.1425
"48362","zcta",2023,"food_rnk",71.5858
"48363","zcta",2023,"food_rnk",87.3661
"48367","zcta",2023,"food_rnk",77.1243
"48370","zcta",2023,"food_rnk",95.9505
"48371","zcta",2023,"food_rnk",59.0943
"48374","zcta",2023,"food_rnk",72.1814
"48375","zcta",2023,"food_rnk",73.7254
"48377","zcta",2023,"food_rnk",43.8352
"48380","zcta",2023,"food_rnk",82.8311
"48381","zcta",2023,"food_rnk",62.2147
"48382","zcta",2023,"food_rnk",68.2485
"48383","zcta",2023,"food_rnk",50.2962
"48386","zcta",2023,"food_rnk",55.5304
"48390","zcta",2023,"food_rnk",54.0867
"48393","zcta",2023,"food_rnk",52.5232
"48401","zcta",2023,"food_rnk",56.5015
"48410","zcta",2023,"food_rnk",NA
"48411","zcta",2023,"food_rnk",NA
"48412","zcta",2023,"food_rnk",53.1641
"48413","zcta",2023,"food_rnk",34.6227
"48414","zcta",2023,"food_rnk",75.8651
"48415","zcta",2023,"food_rnk",56.9352
"48416","zcta",2023,"food_rnk",44.3175
"48417","zcta",2023,"food_rnk",51.7949
"48418","zcta",2023,"food_rnk",66.3743
"48419","zcta",2023,"food_rnk",43.1133
"48420","zcta",2023,"food_rnk",38.342
"48421","zcta",2023,"food_rnk",69.349
"48422","zcta",2023,"food_rnk",48.218
"48423","zcta",2023,"food_rnk",36.8627
"48426","zcta",2023,"food_rnk",38.2158
"48427","zcta",2023,"food_rnk",55.129
"48428","zcta",2023,"food_rnk",72.2656
"48429","zcta",2023,"food_rnk",35.2928
"48430","zcta",2023,"food_rnk",49.2701
"48432","zcta",2023,"food_rnk",71.1974
"48433","zcta",2023,"food_rnk",48.5061
"48434","zcta",2023,"food_rnk",92.4967
"48435","zcta",2023,"food_rnk",43.0356
"48436","zcta",2023,"food_rnk",79.3545
"48437","zcta",2023,"food_rnk",4.7195
"48438","zcta",2023,"food_rnk",76.8653
"48439","zcta",2023,"food_rnk",37.4001
"48440","zcta",2023,"food_rnk",99.3235
"48441","zcta",2023,"food_rnk",50.717
"48442","zcta",2023,"food_rnk",34.7911
"48444","zcta",2023,"food_rnk",54.9639
"48445","zcta",2023,"food_rnk",36.0438
"48446","zcta",2023,"food_rnk",32.8133
"48449","zcta",2023,"food_rnk",19.7974
"48450","zcta",2023,"food_rnk",58.1523
"48451","zcta",2023,"food_rnk",73.7546
"48453","zcta",2023,"food_rnk",25.0186
"48454","zcta",2023,"food_rnk",55.4333
"48455","zcta",2023,"food_rnk",80.0764
"48456","zcta",2023,"food_rnk",61.2793
"48457","zcta",2023,"food_rnk",24.5169
"48458","zcta",2023,"food_rnk",8.4809
"48460","zcta",2023,"food_rnk",64.0145
"48461","zcta",2023,"food_rnk",57.4175
"48462","zcta",2023,"food_rnk",75.3957
"48463","zcta",2023,"food_rnk",40.7244
"48464","zcta",2023,"food_rnk",25.3326
"48465","zcta",2023,"food_rnk",54.3489
"48466","zcta",2023,"food_rnk",46.8261
"48467","zcta",2023,"food_rnk",66.6008
"48468","zcta",2023,"food_rnk",61.4249
"48469","zcta",2023,"food_rnk",32.2565
"48470","zcta",2023,"food_rnk",65.3773
"48471","zcta",2023,"food_rnk",35.2248
"48472","zcta",2023,"food_rnk",78.0533
"48473","zcta",2023,"food_rnk",42.4336
"48475","zcta",2023,"food_rnk",59.2432
"48476","zcta",2023,"food_rnk",40.3392
"48502","zcta",2023,"food_rnk",NA
"48503","zcta",2023,"food_rnk",3.4603
"48504","zcta",2023,"food_rnk",2.2465
"48505","zcta",2023,"food_rnk",1.0099
"48506","zcta",2023,"food_rnk",5.2051
"48507","zcta",2023,"food_rnk",5.5352
"48509","zcta",2023,"food_rnk",24.232
"48519","zcta",2023,"food_rnk",30.9488
"48529","zcta",2023,"food_rnk",3.538
"48532","zcta",2023,"food_rnk",11.6046
"48601","zcta",2023,"food_rnk",1.3401
"48602","zcta",2023,"food_rnk",1.8386
"48603","zcta",2023,"food_rnk",27.8963
"48604","zcta",2023,"food_rnk",27.8963
"48607","zcta",2023,"food_rnk",13.5985
"48609","zcta",2023,"food_rnk",47.2631
"48610","zcta",2023,"food_rnk",15.6508
"48611","zcta",2023,"food_rnk",78.0015
"48612","zcta",2023,"food_rnk",34.3994
"48613","zcta",2023,"food_rnk",40.5399
"48614","zcta",2023,"food_rnk",33.8361
"48615","zcta",2023,"food_rnk",48.9269
"48616","zcta",2023,"food_rnk",46.8261
"48617","zcta",2023,"food_rnk",32.0299
"48618","zcta",2023,"food_rnk",23.2804
"48619","zcta",2023,"food_rnk",27.728
"48620","zcta",2023,"food_rnk",37.7238
"48621","zcta",2023,"food_rnk",21.9856
"48622","zcta",2023,"food_rnk",42.9223
"48623","zcta",2023,"food_rnk",53.8439
"48624","zcta",2023,"food_rnk",22.0697
"48625","zcta",2023,"food_rnk",17.0071
"48626","zcta",2023,"food_rnk",68.2485
"48627","zcta",2023,"food_rnk",36.0438
"48628","zcta",2023,"food_rnk",52.1607
"48629","zcta",2023,"food_rnk",32.9978
"48630","zcta",2023,"food_rnk",NA
"48631","zcta",2023,"food_rnk",82.0283
"48632","zcta",2023,"food_rnk",26.4461
"48633","zcta",2023,"food_rnk",72.5407
"48634","zcta",2023,"food_rnk",66.0765
"48635","zcta",2023,"food_rnk",38.4942
"48636","zcta",2023,"food_rnk",66.6267
"48637","zcta",2023,"food_rnk",32.8618
"48638","zcta",2023,"food_rnk",43.4079
"48640","zcta",2023,"food_rnk",27.6988
"48642","zcta",2023,"food_rnk",42.0969
"48647","zcta",2023,"food_rnk",18.7518
"48649","zcta",2023,"food_rnk",40.9543
"48650","zcta",2023,"food_rnk",37.8338
"48651","zcta",2023,"food_rnk",11.2679
"48652","zcta",2023,"food_rnk",63.2441
"48653","zcta",2023,"food_rnk",36.8919
"48654","zcta",2023,"food_rnk",38.5492
"48655","zcta",2023,"food_rnk",46.3989
"48656","zcta",2023,"food_rnk",16.0684
"48657","zcta",2023,"food_rnk",58.421
"48658","zcta",2023,"food_rnk",29.1328
"48659","zcta",2023,"food_rnk",21.6004
"48661","zcta",2023,"food_rnk",23.1282
"48662","zcta",2023,"food_rnk",35.5744
"48701","zcta",2023,"food_rnk",55.3394
"48703","zcta",2023,"food_rnk",21.6004
"48705","zcta",2023,"food_rnk",6.1729
"48706","zcta",2023,"food_rnk",29.9032
"48708","zcta",2023,"food_rnk",11.6596
"48710","zcta",2023,"food_rnk",NA
"48720","zcta",2023,"food_rnk",41.6955
"48721","zcta",2023,"food_rnk",62.341
"48722","zcta",2023,"food_rnk",73.2593
"48723","zcta",2023,"food_rnk",20.9271
"48724","zcta",2023,"food_rnk",0.0324
"48725","zcta",2023,"food_rnk",63.6034
"48726","zcta",2023,"food_rnk",35.0856
"48727","zcta",2023,"food_rnk",26.4785
"48728","zcta",2023,"food_rnk",26.4267
"48729","zcta",2023,"food_rnk",54.7438
"48730","zcta",2023,"food_rnk",40.7018
"48731","zcta",2023,"food_rnk",36.9728
"48732","zcta",2023,"food_rnk",30.1784
"48733","zcta",2023,"food_rnk",32.4863
"48734","zcta",2023,"food_rnk",83.0285
"48735","zcta",2023,"food_rnk",62.5546
"48737","zcta",2023,"food_rnk",27.1874
"48738","zcta",2023,"food_rnk",23.7141
"48739","zcta",2023,"food_rnk",43.9614
"48740","zcta",2023,"food_rnk",37.2868
"48741","zcta",2023,"food_rnk",30.0036
"48742","zcta",2023,"food_rnk",56.2166
"48743","zcta",2023,"food_rnk",NA
"48744","zcta",2023,"food_rnk",40.0965
"48745","zcta",2023,"food_rnk",33.1111
"48746","zcta",2023,"food_rnk",42.317
"48747","zcta",2023,"food_rnk",63.9336
"48748","zcta",2023,"food_rnk",46.6319
"48749","zcta",2023,"food_rnk",39.1092
"48750","zcta",2023,"food_rnk",31.9814
"48754","zcta",2023,"food_rnk",47.1466
"48755","zcta",2023,"food_rnk",64.0145
"48756","zcta",2023,"food_rnk",8.264
"48757","zcta",2023,"food_rnk",71.2686
"48759","zcta",2023,"food_rnk",75.4637
"48760","zcta",2023,"food_rnk",75.8068
"48761","zcta",2023,"food_rnk",62.9981
"48762","zcta",2023,"food_rnk",41.634
"48763","zcta",2023,"food_rnk",39.1383
"48765","zcta",2023,"food_rnk",33.1855
"48766","zcta",2023,"food_rnk",33.2503
"48767","zcta",2023,"food_rnk",74.9296
"48768","zcta",2023,"food_rnk",38.342
"48770","zcta",2023,"food_rnk",15.7317
"48801","zcta",2023,"food_rnk",20.5937
"48806","zcta",2023,"food_rnk",59.2885
"48807","zcta",2023,"food_rnk",78.3414
"48808","zcta",2023,"food_rnk",54.9218
"48809","zcta",2023,"food_rnk",23.4357
"48811","zcta",2023,"food_rnk",44.065
"48813","zcta",2023,"food_rnk",46.0331
"48815","zcta",2023,"food_rnk",76.8491
"48816","zcta",2023,"food_rnk",98.8703
"48817","zcta",2023,"food_rnk",31.8875
"48818","zcta",2023,"food_rnk",34.5062
"48819","zcta",2023,"food_rnk",86.2364
"48820","zcta",2023,"food_rnk",78.1925
"48821","zcta",2023,"food_rnk",62.0626
"48822","zcta",2023,"food_rnk",89.3762
"48823","zcta",2023,"food_rnk",43.4823
"48824","zcta",2023,"food_rnk",NA
"48825","zcta",2023,"food_rnk",NA
"48827","zcta",2023,"food_rnk",39.8537
"48829","zcta",2023,"food_rnk",25.9606
"48831","zcta",2023,"food_rnk",74.8325
"48832","zcta",2023,"food_rnk",41.0708
"48834","zcta",2023,"food_rnk",43.6215
"48835","zcta",2023,"food_rnk",81.2029
"48836","zcta",2023,"food_rnk",53.4263
"48837","zcta",2023,"food_rnk",73.8031
"48838","zcta",2023,"food_rnk",44.379
"48840","zcta",2023,"food_rnk",77.8235
"48841","zcta",2023,"food_rnk",35.2572
"48842","zcta",2023,"food_rnk",39.7404
"48843","zcta",2023,"food_rnk",58.7415
"48845","zcta",2023,"food_rnk",61.4249
"48846","zcta",2023,"food_rnk",34.995
"48847","zcta",2023,"food_rnk",49.9563
"48848","zcta",2023,"food_rnk",67.86
"48849","zcta",2023,"food_rnk",50.9889
"48850","zcta",2023,"food_rnk",26.8507
"48851","zcta",2023,"food_rnk",38.2417
"48852","zcta",2023,"food_rnk",54.1126
"48853","zcta",2023,"food_rnk",4.467
"48854","zcta",2023,"food_rnk",75.8813
"48855","zcta",2023,"food_rnk",71.6538
"48856","zcta",2023,"food_rnk",84.0741
"48857","zcta",2023,"food_rnk",32.6385
"48858","zcta",2023,"food_rnk",23.1962
"48859","zcta",2023,"food_rnk",NA
"48860","zcta",2023,"food_rnk",49.8236
"48861","zcta",2023,"food_rnk",73.7869
"48862","zcta",2023,"food_rnk",NA
"48864","zcta",2023,"food_rnk",73.8323
"48865","zcta",2023,"food_rnk",15.9939
"48866","zcta",2023,"food_rnk",42.0451
"48867","zcta",2023,"food_rnk",26.8507
"48870","zcta",2023,"food_rnk",69.184
"48871","zcta",2023,"food_rnk",48.1404
"48872","zcta",2023,"food_rnk",63.7944
"48873","zcta",2023,"food_rnk",80.8565
"48874","zcta",2023,"food_rnk",49.8657
"48875","zcta",2023,"food_rnk",70.2942
"48876","zcta",2023,"food_rnk",64.2637
"48877","zcta",2023,"food_rnk",14.424
"48878","zcta",2023,"food_rnk",75.3439
"48879","zcta",2023,"food_rnk",40.4687
"48880","zcta",2023,"food_rnk",NA
"48881","zcta",2023,"food_rnk",65.0471
"48883","zcta",2023,"food_rnk",43.5762
"48884","zcta",2023,"food_rnk",67.6755
"48885","zcta",2023,"food_rnk",37.9018
"48886","zcta",2023,"food_rnk",69.8411
"48888","zcta",2023,"food_rnk",42.3818
"48889","zcta",2023,"food_rnk",32.6579
"48890","zcta",2023,"food_rnk",44.6574
"48891","zcta",2023,"food_rnk",15.6249
"48892","zcta",2023,"food_rnk",47.8555
"48893","zcta",2023,"food_rnk",26.2325
"48894","zcta",2023,"food_rnk",91.3152
"48895","zcta",2023,"food_rnk",72.5731
"48896","zcta",2023,"food_rnk",25.1772
"48897","zcta",2023,"food_rnk",73.9423
"48906","zcta",2023,"food_rnk",13.1551
"48910","zcta",2023,"food_rnk",22.0341
"48911","zcta",2023,"food_rnk",11.4362
"48912","zcta",2023,"food_rnk",11.1417
"48915","zcta",2023,"food_rnk",10.7273
"48917","zcta",2023,"food_rnk",33.7131
"48933","zcta",2023,"food_rnk",3.415
"49001","zcta",2023,"food_rnk",21.9079
"49002","zcta",2023,"food_rnk",49.7491
"49004","zcta",2023,"food_rnk",33.5739
"49006","zcta",2023,"food_rnk",21.2637
"49007","zcta",2023,"food_rnk",6.9012
"49008","zcta",2023,"food_rnk",40.7018
"49009","zcta",2023,"food_rnk",24.4813
"49010","zcta",2023,"food_rnk",51.1896
"49011","zcta",2023,"food_rnk",61.1757
"49012","zcta",2023,"food_rnk",87.3402
"49013","zcta",2023,"food_rnk",21.6004
"49014","zcta",2023,"food_rnk",29.3367
"49015","zcta",2023,"food_rnk",32.6773
"49017","zcta",2023,"food_rnk",40.0965
"49021","zcta",2023,"food_rnk",49.7135
"49022","zcta",2023,"food_rnk",2.6608
"49024","zcta",2023,"food_rnk",61.5317
"49026","zcta",2023,"food_rnk",15.4695
"49027","zcta",2023,"food_rnk",58.1912
"49028","zcta",2023,"food_rnk",55.3523
"49029","zcta",2023,"food_rnk",76.0658
"49030","zcta",2023,"food_rnk",61.9817
"49031","zcta",2023,"food_rnk",50.4289
"49032","zcta",2023,"food_rnk",42.2232
"49033","zcta",2023,"food_rnk",90.4736
"49034","zcta",2023,"food_rnk",74.3534
"49036","zcta",2023,"food_rnk",26.1742
"49037","zcta",2023,"food_rnk",14.9484
"49038","zcta",2023,"food_rnk",22.8531
"49040","zcta",2023,"food_rnk",58.9163
"49042","zcta",2023,"food_rnk",26.7116
"49043","zcta",2023,"food_rnk",12.2649
"49045","zcta",2023,"food_rnk",39.5753
"49046","zcta",2023,"food_rnk",62.1047
"49047","zcta",2023,"food_rnk",19.4219
"49048","zcta",2023,"food_rnk",17.6933
"49050","zcta",2023,"food_rnk",68.7826
"49051","zcta",2023,"food_rnk",94.3191
"49052","zcta",2023,"food_rnk",65.4582
"49053","zcta",2023,"food_rnk",58.8548
"49055","zcta",2023,"food_rnk",29.3367
"49056","zcta",2023,"food_rnk",16.9423
"49057","zcta",2023,"food_rnk",19.3863
"49058","zcta",2023,"food_rnk",51.4518
"49060","zcta",2023,"food_rnk",90.4574
"49061","zcta",2023,"food_rnk",73.8323
"49063","zcta",2023,"food_rnk",81.1381
"49064","zcta",2023,"food_rnk",35.0079
"49065","zcta",2023,"food_rnk",51.3417
"49066","zcta",2023,"food_rnk",24.1252
"49067","zcta",2023,"food_rnk",46.4474
"49068","zcta",2023,"food_rnk",68.9897
"49070","zcta",2023,"food_rnk",47.4282
"49071","zcta",2023,"food_rnk",53.4943
"49072","zcta",2023,"food_rnk",56.9805
"49073","zcta",2023,"food_rnk",35.8625
"49074","zcta",2023,"food_rnk",NA
"49075","zcta",2023,"food_rnk",2.5961
"49076","zcta",2023,"food_rnk",54.8765
"49078","zcta",2023,"food_rnk",65.4776
"49079","zcta",2023,"food_rnk",36.348
"49080","zcta",2023,"food_rnk",46.2564
"49082","zcta",2023,"food_rnk",66.8792
"49083","zcta",2023,"food_rnk",68.8538
"49084","zcta",2023,"food_rnk",NA
"49085","zcta",2023,"food_rnk",71.2135
"49087","zcta",2023,"food_rnk",82.7145
"49088","zcta",2023,"food_rnk",88.5702
"49089","zcta",2023,"food_rnk",23.7497
"49090","zcta",2023,"food_rnk",27.0255
"49091","zcta",2023,"food_rnk",28.8059
"49092","zcta",2023,"food_rnk",46.1658
"49093","zcta",2023,"food_rnk",31.3048
"49094","zcta",2023,"food_rnk",19.2989
"49095","zcta",2023,"food_rnk",24.8729
"49096","zcta",2023,"food_rnk",61.6547
"49097","zcta",2023,"food_rnk",55.8088
"49098","zcta",2023,"food_rnk",30.3888
"49099","zcta",2023,"food_rnk",47.7616
"49101","zcta",2023,"food_rnk",75.6029
"49102","zcta",2023,"food_rnk",63.7944
"49103","zcta",2023,"food_rnk",46.6805
"49104","zcta",2023,"food_rnk",NA
"49106","zcta",2023,"food_rnk",28.3721
"49107","zcta",2023,"food_rnk",43.3529
"49111","zcta",2023,"food_rnk",31.7612
"49112","zcta",2023,"food_rnk",41.4042
"49113","zcta",2023,"food_rnk",63.1114
"49115","zcta",2023,"food_rnk",81.164
"49116","zcta",2023,"food_rnk",81.164
"49117","zcta",2023,"food_rnk",69.9446
"49119","zcta",2023,"food_rnk",9.2319
"49120","zcta",2023,"food_rnk",29.2817
"49125","zcta",2023,"food_rnk",53.2451
"49126","zcta",2023,"food_rnk",33.9494
"49127","zcta",2023,"food_rnk",82.9735
"49128","zcta",2023,"food_rnk",83.4105
"49129","zcta",2023,"food_rnk",76.6549
"49130","zcta",2023,"food_rnk",49.296
"49201","zcta",2023,"food_rnk",26.1418
"49202","zcta",2023,"food_rnk",13.2846
"49203","zcta",2023,"food_rnk",15.0099
"49220","zcta",2023,"food_rnk",60.5153
"49221","zcta",2023,"food_rnk",16.2399
"49224","zcta",2023,"food_rnk",17.8811
"49227","zcta",2023,"food_rnk",28.22
"49228","zcta",2023,"food_rnk",63.7717
"49229","zcta",2023,"food_rnk",49.4675
"49230","zcta",2023,"food_rnk",62.7909
"49232","zcta",2023,"food_rnk",57.4531
"49233","zcta",2023,"food_rnk",54.0867
"49234","zcta",2023,"food_rnk",65.1345
"49235","zcta",2023,"food_rnk",77.3768
"49236","zcta",2023,"food_rnk",62.2633
"49237","zcta",2023,"food_rnk",66.2059
"49238","zcta",2023,"food_rnk",78.0662
"49240","zcta",2023,"food_rnk",87.5182
"49241","zcta",2023,"food_rnk",51.5262
"49242","zcta",2023,"food_rnk",43.382
"49245","zcta",2023,"food_rnk",56.1195
"49246","zcta",2023,"food_rnk",79.811
"49247","zcta",2023,"food_rnk",41.2941
"49248","zcta",2023,"food_rnk",65.5909
"49249","zcta",2023,"food_rnk",74.3275
"49250","zcta",2023,"food_rnk",43.3529
"49251","zcta",2023,"food_rnk",62.1565
"49252","zcta",2023,"food_rnk",44.01
"49253","zcta",2023,"food_rnk",69.0318
"49254","zcta",2023,"food_rnk",48.6583
"49255","zcta",2023,"food_rnk",79.3157
"49256","zcta",2023,"food_rnk",35.3899
"49258","zcta",2023,"food_rnk",NA
"49259","zcta",2023,"food_rnk",37.0505
"49261","zcta",2023,"food_rnk",81.6107
"49262","zcta",2023,"food_rnk",57.2848
"49263","zcta",2023,"food_rnk",NA
"49264","zcta",2023,"food_rnk",84.5823
"49265","zcta",2023,"food_rnk",74.1819
"49266","zcta",2023,"food_rnk",72.094
"49267","zcta",2023,"food_rnk",92.8171
"49268","zcta",2023,"food_rnk",45.8745
"49269","zcta",2023,"food_rnk",42.8544
"49270","zcta",2023,"food_rnk",71.6991
"49271","zcta",2023,"food_rnk",61.4735
"49272","zcta",2023,"food_rnk",42.4854
"49274","zcta",2023,"food_rnk",52.2805
"49276","zcta",2023,"food_rnk",72.3076
"49277","zcta",2023,"food_rnk",66.1412
"49279","zcta",2023,"food_rnk",51.5457
"49282","zcta",2023,"food_rnk",NA
"49283","zcta",2023,"food_rnk",69.4688
"49284","zcta",2023,"food_rnk",34.5904
"49285","zcta",2023,"food_rnk",80.672
"49286","zcta",2023,"food_rnk",64.9047
"49287","zcta",2023,"food_rnk",92.364
"49288","zcta",2023,"food_rnk",21.1083
"49289","zcta",2023,"food_rnk",NA
"49301","zcta",2023,"food_rnk",83.5205
"49302","zcta",2023,"food_rnk",88.949
"49303","zcta",2023,"food_rnk",21.882
"49304","zcta",2023,"food_rnk",13.2166
"49305","zcta",2023,"food_rnk",18.7
"49306","zcta",2023,"food_rnk",71.6991
"49307","zcta",2023,"food_rnk",27.0029
"49309","zcta",2023,"food_rnk",15.8126
"49310","zcta",2023,"food_rnk",59.5151
"49312","zcta",2023,"food_rnk",1.7091
"49315","zcta",2023,"food_rnk",84.1453
"49316","zcta",2023,"food_rnk",74.3275
"49318","zcta",2023,"food_rnk",26.7763
"49319","zcta",2023,"food_rnk",53.4263
"49320","zcta",2023,"food_rnk",90.5966
"49321","zcta",2023,"food_rnk",39.8181
"49322","zcta",2023,"food_rnk",49.9563
"49323","zcta",2023,"food_rnk",87.9261
"49325","zcta",2023,"food_rnk",69.1548
"49326","zcta",2023,"food_rnk",59.3953
"49327","zcta",2023,"food_rnk",34.5062
"49328","zcta",2023,"food_rnk",60.6934
"49329","zcta",2023,"food_rnk",41.32
"49330","zcta",2023,"food_rnk",34.053
"49331","zcta",2023,"food_rnk",70.2295
"49332","zcta",2023,"food_rnk",42.0192
"49333","zcta",2023,"food_rnk",78.5939
"49335","zcta",2023,"food_rnk",95.5524
"49336","zcta",2023,"food_rnk",42.3494
"49337","zcta",2023,"food_rnk",19.9009
"49338","zcta",2023,"food_rnk",17.8552
"49339","zcta",2023,"food_rnk",89.7291
"49340","zcta",2023,"food_rnk",37.112
"49341","zcta",2023,"food_rnk",66.5296
"49342","zcta",2023,"food_rnk",52.0733
"49343","zcta",2023,"food_rnk",51.277
"49344","zcta",2023,"food_rnk",55.9933
"49345","zcta",2023,"food_rnk",56.3558
"49346","zcta",2023,"food_rnk",34.2731
"49347","zcta",2023,"food_rnk",79.5682
"49348","zcta",2023,"food_rnk",55.184
"49349","zcta",2023,"food_rnk",14.7347
"49401","zcta",2023,"food_rnk",67.6367
"49402","zcta",2023,"food_rnk",28.3333
"49403","zcta",2023,"food_rnk",81.9085
"49404","zcta",2023,"food_rnk",53.7339
"49405","zcta",2023,"food_rnk",43.5471
"49406","zcta",2023,"food_rnk",93.4742
"49408","zcta",2023,"food_rnk",41.8282
"49409","zcta",2023,"food_rnk",94.591
"49410","zcta",2023,"food_rnk",22.7106
"49411","zcta",2023,"food_rnk",36.2671
"49412","zcta",2023,"food_rnk",29.8741
"49415","zcta",2023,"food_rnk",59.9456
"49417","zcta",2023,"food_rnk",42.4077
"49418","zcta",2023,"food_rnk",53.8795
"49419","zcta",2023,"food_rnk",78.6327
"49420","zcta",2023,"food_rnk",36.348
"49421","zcta",2023,"food_rnk",16.1978
"49423","zcta",2023,"food_rnk",39.5429
"49424","zcta",2023,"food_rnk",41.7506
"49425","zcta",2023,"food_rnk",20.7685
"49426","zcta",2023,"food_rnk",67.4457
"49428","zcta",2023,"food_rnk",64.0242
"49430","zcta",2023,"food_rnk",NA
"49431","zcta",2023,"food_rnk",41.1485
"49434","zcta",2023,"food_rnk",NA
"49435","zcta",2023,"food_rnk",85.1034
"49436","zcta",2023,"food_rnk",46.2305
"49437","zcta",2023,"food_rnk",52.5232
"49440","zcta",2023,"food_rnk",5.1371
"49441","zcta",2023,"food_rnk",27.4625
"49442","zcta",2023,"food_rnk",6.474
"49443","zcta",2023,"food_rnk",NA
"49444","zcta",2023,"food_rnk",6.9595
"49445","zcta",2023,"food_rnk",40.582
"49446","zcta",2023,"food_rnk",21.4968
"49448","zcta",2023,"food_rnk",52.1898
"49449","zcta",2023,"food_rnk",44.7933
"49450","zcta",2023,"food_rnk",24.8859
"49451","zcta",2023,"food_rnk",40.7439
"49452","zcta",2023,"food_rnk",17.4344
"49453","zcta",2023,"food_rnk",88.1947
"49454","zcta",2023,"food_rnk",27.77
"49455","zcta",2023,"food_rnk",40.9348
"49456","zcta",2023,"food_rnk",71.6991
"49457","zcta",2023,"food_rnk",33.7714
"49458","zcta",2023,"food_rnk",41.1679
"49459","zcta",2023,"food_rnk",11.5334
"49460","zcta",2023,"food_rnk",83.9931
"49461","zcta",2023,"food_rnk",42.9062
"49464","zcta",2023,"food_rnk",64.3479
"49503","zcta",2023,"food_rnk",14.1229
"49504","zcta",2023,"food_rnk",30.9779
"49505","zcta",2023,"food_rnk",18.2566
"49506","zcta",2023,"food_rnk",52.0312
"49507","zcta",2023,"food_rnk",13.0094
"49508","zcta",2023,"food_rnk",20.2473
"49509","zcta",2023,"food_rnk",33.2794
"49512","zcta",2023,"food_rnk",53.9669
"49519","zcta",2023,"food_rnk",28.2426
"49525","zcta",2023,"food_rnk",54.7632
"49534","zcta",2023,"food_rnk",57.3657
"49544","zcta",2023,"food_rnk",35.5517
"49546","zcta",2023,"food_rnk",70.0418
"49548","zcta",2023,"food_rnk",15.0455
"49601","zcta",2023,"food_rnk",21.8755
"49611","zcta",2023,"food_rnk",96.5979
"49612","zcta",2023,"food_rnk",72.7576
"49613","zcta",2023,"food_rnk",75.2662
"49614","zcta",2023,"food_rnk",70.2457
"49615","zcta",2023,"food_rnk",68.747
"49616","zcta",2023,"food_rnk",57.5341
"49617","zcta",2023,"food_rnk",76.8232
"49618","zcta",2023,"food_rnk",25.7955
"49619","zcta",2023,"food_rnk",34.995
"49620","zcta",2023,"food_rnk",35.1568
"49621","zcta",2023,"food_rnk",69.7634
"49622","zcta",2023,"food_rnk",42.5112
"49623","zcta",2023,"food_rnk",58.7091
"49625","zcta",2023,"food_rnk",20.995
"49626","zcta",2023,"food_rnk",62.3086
"49627","zcta",2023,"food_rnk",76.7358
"49628","zcta",2023,"food_rnk",98.375
"49629","zcta",2023,"food_rnk",94.5554
"49630","zcta",2023,"food_rnk",67.5784
"49631","zcta",2023,"food_rnk",23.562
"49632","zcta",2023,"food_rnk",63.3962
"49633","zcta",2023,"food_rnk",51.947
"49634","zcta",2023,"food_rnk",18.7356
"49635","zcta",2023,"food_rnk",60.7354
"49636","zcta",2023,"food_rnk",76.93
"49637","zcta",2023,"food_rnk",69.184
"49638","zcta",2023,"food_rnk",24.6787
"49639","zcta",2023,"food_rnk",37.099
"49640","zcta",2023,"food_rnk",72.8612
"49642","zcta",2023,"food_rnk",3.9135
"49643","zcta",2023,"food_rnk",67.546
"49644","zcta",2023,"food_rnk",51.9309
"49645","zcta",2023,"food_rnk",14.5276
"49646","zcta",2023,"food_rnk",22.62
"49648","zcta",2023,"food_rnk",53.1156
"49649","zcta",2023,"food_rnk",61.8943
"49650","zcta",2023,"food_rnk",76.1564
"49651","zcta",2023,"food_rnk",29.8611
"49653","zcta",2023,"food_rnk",97.4331
"49654","zcta",2023,"food_rnk",49.092
"49655","zcta",2023,"food_rnk",49.215
"49656","zcta",2023,"food_rnk",42.8123
"49657","zcta",2023,"food_rnk",38.9376
"49659","zcta",2023,"food_rnk",26.1904
"49660","zcta",2023,"food_rnk",38.9473
"49663","zcta",2023,"food_rnk",33.2891
"49664","zcta",2023,"food_rnk",84.5046
"49665","zcta",2023,"food_rnk",36.7624
"49667","zcta",2023,"food_rnk",12.6404
"49668","zcta",2023,"food_rnk",19.8459
"49670","zcta",2023,"food_rnk",73.0942
"49674","zcta",2023,"food_rnk",86.9841
"49675","zcta",2023,"food_rnk",88.1947
"49676","zcta",2023,"food_rnk",50.1246
"49677","zcta",2023,"food_rnk",46.7679
"49679","zcta",2023,"food_rnk",58.5019
"49680","zcta",2023,"food_rnk",38.7952
"49682","zcta",2023,"food_rnk",59.0069
"49683","zcta",2023,"food_rnk",29.4371
"49684","zcta",2023,"food_rnk",49.9563
"49685","zcta",2023,"food_rnk",54.8765
"49686","zcta",2023,"food_rnk",40.8086
"49688","zcta",2023,"food_rnk",46.5154
"49689","zcta",2023,"food_rnk",21.1375
"49690","zcta",2023,"food_rnk",87.3499
"49696","zcta",2023,"food_rnk",78.6327
"49701","zcta",2023,"food_rnk",57.6862
"49705","zcta",2023,"food_rnk",43
"49706","zcta",2023,"food_rnk",56.0548
"49707","zcta",2023,"food_rnk",13.7021
"49709","zcta",2023,"food_rnk",24.8729
"49710","zcta",2023,"food_rnk",98.5919
"49712","zcta",2023,"food_rnk",60.9426
"49713","zcta",2023,"food_rnk",59.6672
"49715","zcta",2023,"food_rnk",49.9336
"49716","zcta",2023,"food_rnk",74.0686
"49717","zcta",2023,"food_rnk",NA
"49718","zcta",2023,"food_rnk",7.0599
"49719","zcta",2023,"food_rnk",95.6754
"49720","zcta",2023,"food_rnk",56.8737
"49721","zcta",2023,"food_rnk",27.4884
"49722","zcta",2023,"food_rnk",NA
"49724","zcta",2023,"food_rnk",73.596
"49725","zcta",2023,"food_rnk",90.3052
"49726","zcta",2023,"food_rnk",42.5566
"49727","zcta",2023,"food_rnk",64.3091
"49728","zcta",2023,"food_rnk",6.6876
"49729","zcta",2023,"food_rnk",76.5287
"49730","zcta",2023,"food_rnk",68.7696
"49733","zcta",2023,"food_rnk",31.2304
"49735","zcta",2023,"food_rnk",37.8338
"49736","zcta",2023,"food_rnk",51.4
"49738","zcta",2023,"food_rnk",34.189
"49740","zcta",2023,"food_rnk",75.2177
"49743","zcta",2023,"food_rnk",85.2394
"49744","zcta",2023,"food_rnk",67.7823
"49745","zcta",2023,"food_rnk",76.014
"49746","zcta",2023,"food_rnk",21.7169
"49747","zcta",2023,"food_rnk",51.8758
"49748","zcta",2023,"food_rnk",50.963
"49749","zcta",2023,"food_rnk",52.4747
"49751","zcta",2023,"food_rnk",73.0942
"49752","zcta",2023,"food_rnk",NA
"49753","zcta",2023,"food_rnk",48.1598
"49755","zcta",2023,"food_rnk",43.7025
"49756","zcta",2023,"food_rnk",22.8175
"49757","zcta",2023,"food_rnk",46.8261
"49759","zcta",2023,"food_rnk",47.9688
"49760","zcta",2023,"food_rnk",17.4862
"49762","zcta",2023,"food_rnk",21.4676
"49764","zcta",2023,"food_rnk",NA
"49765","zcta",2023,"food_rnk",23.6785
"49766","zcta",2023,"food_rnk",32.2015
"49768","zcta",2023,"food_rnk",20.1081
"49769","zcta",2023,"food_rnk",31.1397
"49770","zcta",2023,"food_rnk",53.5235
"49774","zcta",2023,"food_rnk",77.6325
"49775","zcta",2023,"food_rnk",NA
"49776","zcta",2023,"food_rnk",62.9722
"49777","zcta",2023,"food_rnk",89.9783
"49779","zcta",2023,"food_rnk",34.2408
"49780","zcta",2023,"food_rnk",58.0876
"49781","zcta",2023,"food_rnk",22.7268
"49782","zcta",2023,"food_rnk",73.3597
"49783","zcta",2023,"food_rnk",26.0706
"49784","zcta",2023,"food_rnk",NA
"49788","zcta",2023,"food_rnk",3.8423
"49791","zcta",2023,"food_rnk",35.5517
"49793","zcta",2023,"food_rnk",84.9869
"49795","zcta",2023,"food_rnk",36.8109
"49796","zcta",2023,"food_rnk",98.5628
"49799","zcta",2023,"food_rnk",49.1114
"49801","zcta",2023,"food_rnk",53.7792
"49802","zcta",2023,"food_rnk",60.4085
"49805","zcta",2023,"food_rnk",95.2255
"49806","zcta",2023,"food_rnk",10.8698
"49807","zcta",2023,"food_rnk",80.5619
"49808","zcta",2023,"food_rnk",86.1134
"49812","zcta",2023,"food_rnk",74.9134
"49814","zcta",2023,"food_rnk",83.3911
"49815","zcta",2023,"food_rnk",40.5529
"49816","zcta",2023,"food_rnk",89.5737
"49817","zcta",2023,"food_rnk",49.8819
"49818","zcta",2023,"food_rnk",90.8652
"49820","zcta",2023,"food_rnk",16.3144
"49821","zcta",2023,"food_rnk",76.8232
"49822","zcta",2023,"food_rnk",76.4574
"49825","zcta",2023,"food_rnk",19.9333
"49826","zcta",2023,"food_rnk",96.517
"49827","zcta",2023,"food_rnk",21.882
"49829","zcta",2023,"food_rnk",27.5629
"49831","zcta",2023,"food_rnk",84.9675
"49833","zcta",2023,"food_rnk",49.7686
"49834","zcta",2023,"food_rnk",59.4504
"49835","zcta",2023,"food_rnk",29.3011
"49836","zcta",2023,"food_rnk",58.6152
"49837","zcta",2023,"food_rnk",42.2232
"49838","zcta",2023,"food_rnk",60.3826
"49839","zcta",2023,"food_rnk",96.8116
"49840","zcta",2023,"food_rnk",60.0071
"49841","zcta",2023,"food_rnk",32.9589
"49847","zcta",2023,"food_rnk",18.9234
"49848","zcta",2023,"food_rnk",22.0115
"49849","zcta",2023,"food_rnk",30.9164
"49852","zcta",2023,"food_rnk",29.0422
"49853","zcta",2023,"food_rnk",55.2229
"49854","zcta",2023,"food_rnk",42.8544
"49855","zcta",2023,"food_rnk",50.6166
"49858","zcta",2023,"food_rnk",41.5531
"49861","zcta",2023,"food_rnk",47.4282
"49862","zcta",2023,"food_rnk",60.9815
"49863","zcta",2023,"food_rnk",93.2962
"49864","zcta",2023,"food_rnk",NA
"49866","zcta",2023,"food_rnk",65.9017
"49868","zcta",2023,"food_rnk",28.5631
"49870","zcta",2023,"food_rnk",36.9436
"49871","zcta",2023,"food_rnk",54.9218
"49872","zcta",2023,"food_rnk",30.3467
"49873","zcta",2023,"food_rnk",NA
"49874","zcta",2023,"food_rnk",51.8758
"49876","zcta",2023,"food_rnk",32.577
"49877","zcta",2023,"food_rnk",NA
"49878","zcta",2023,"food_rnk",62.4575
"49879","zcta",2023,"food_rnk",53.4943
"49880","zcta",2023,"food_rnk",56.2814
"49881","zcta",2023,"food_rnk",64.1343
"49883","zcta",2023,"food_rnk",9.698
"49884","zcta",2023,"food_rnk",22.5812
"49885","zcta",2023,"food_rnk",27.5888
"49886","zcta",2023,"food_rnk",63.7944
"49887","zcta",2023,"food_rnk",64.9435
"49891","zcta",2023,"food_rnk",30.6542
"49892","zcta",2023,"food_rnk",61.2145
"49893","zcta",2023,"food_rnk",70.6697
"49894","zcta",2023,"food_rnk",37.0764
"49895","zcta",2023,"food_rnk",62.8136
"49896","zcta",2023,"food_rnk",39.8246
"49901","zcta",2023,"food_rnk",76.3603
"49902","zcta",2023,"food_rnk",7.1764
"49903","zcta",2023,"food_rnk",80.2512
"49905","zcta",2023,"food_rnk",47.8037
"49908","zcta",2023,"food_rnk",19.8038
"49910","zcta",2023,"food_rnk",92.8851
"49911","zcta",2023,"food_rnk",26.5821
"49912","zcta",2023,"food_rnk",68.1417
"49913","zcta",2023,"food_rnk",38.6431
"49915","zcta",2023,"food_rnk",27.2521
"49916","zcta",2023,"food_rnk",75.9104
"49917","zcta",2023,"food_rnk",68.174
"49918","zcta",2023,"food_rnk",96.4005
"49919","zcta",2023,"food_rnk",88.3954
"49920","zcta",2023,"food_rnk",56.3785
"49921","zcta",2023,"food_rnk",96.2581
"49922","zcta",2023,"food_rnk",58.1912
"49925","zcta",2023,"food_rnk",44.9908
"49927","zcta",2023,"food_rnk",18.8781
"49929","zcta",2023,"food_rnk",3.9912
"49930","zcta",2023,"food_rnk",71.479
"49931","zcta",2023,"food_rnk",NA
"49934","zcta",2023,"food_rnk",92.228
"49935","zcta",2023,"food_rnk",30.6736
"49938","zcta",2023,"food_rnk",19.2989
"49942","zcta",2023,"food_rnk",NA
"49945","zcta",2023,"food_rnk",50.963
"49946","zcta",2023,"food_rnk",39.2807
"49947","zcta",2023,"food_rnk",23.7238
"49948","zcta",2023,"food_rnk",59.7773
"49950","zcta",2023,"food_rnk",49.0758
"49952","zcta",2023,"food_rnk",NA
"49953","zcta",2023,"food_rnk",36.73
"49955","zcta",2023,"food_rnk",66.5037
"49958","zcta",2023,"food_rnk",88.0329
"49959","zcta",2023,"food_rnk",65.196
"49960","zcta",2023,"food_rnk",18.5414
"49961","zcta",2023,"food_rnk",54.4201
"49962","zcta",2023,"food_rnk",60.1139
"49963","zcta",2023,"food_rnk",27.77
"49965","zcta",2023,"food_rnk",94.5781
"49967","zcta",2023,"food_rnk",60.3211
"49968","zcta",2023,"food_rnk",28.9256
"49969","zcta",2023,"food_rnk",34.3605
"49970","zcta",2023,"food_rnk",87.9261
"49971","zcta",2023,"food_rnk",48.3184
"48001","zcta",2023,"food_state_rnk",35.2571
"48002","zcta",2023,"food_state_rnk",96.6422
"48003","zcta",2023,"food_state_rnk",73.5572
"48005","zcta",2023,"food_state_rnk",80.9024
"48006","zcta",2023,"food_state_rnk",70.724
"48009","zcta",2023,"food_state_rnk",81.1123
"48014","zcta",2023,"food_state_rnk",35.7817
"48015","zcta",2023,"food_state_rnk",9.9685
"48017","zcta",2023,"food_state_rnk",80.1679
"48021","zcta",2023,"food_state_rnk",6.086
"48022","zcta",2023,"food_state_rnk",71.9832
"48023","zcta",2023,"food_state_rnk",74.0818
"48025","zcta",2023,"food_state_rnk",95.6978
"48026","zcta",2023,"food_state_rnk",39.4544
"48027","zcta",2023,"food_state_rnk",66.6317
"48028","zcta",2023,"food_state_rnk",98.2162
"48030","zcta",2023,"food_state_rnk",30.2728
"48032","zcta",2023,"food_state_rnk",39.8741
"48033","zcta",2023,"food_state_rnk",15.7922
"48034","zcta",2023,"food_state_rnk",42.0776
"48035","zcta",2023,"food_state_rnk",20.8814
"48036","zcta",2023,"food_state_rnk",21.9307
"48038","zcta",2023,"food_state_rnk",37.3557
"48039","zcta",2023,"food_state_rnk",54.4596
"48040","zcta",2023,"food_state_rnk",56.0336
"48041","zcta",2023,"food_state_rnk",78.0693
"48042","zcta",2023,"food_state_rnk",85.9916
"48043","zcta",2023,"food_state_rnk",15.0052
"48044","zcta",2023,"food_state_rnk",40.3987
"48045","zcta",2023,"food_state_rnk",24.7639
"48047","zcta",2023,"food_state_rnk",60.7555
"48048","zcta",2023,"food_state_rnk",28.3316
"48049","zcta",2023,"food_state_rnk",67.1563
"48050","zcta",2023,"food_state_rnk",90.5037
"48051","zcta",2023,"food_state_rnk",48.3211
"48054","zcta",2023,"food_state_rnk",82.8961
"48059","zcta",2023,"food_state_rnk",62.9591
"48060","zcta",2023,"food_state_rnk",5.2466
"48062","zcta",2023,"food_state_rnk",47.744
"48063","zcta",2023,"food_state_rnk",69.8846
"48064","zcta",2023,"food_state_rnk",56.1385
"48065","zcta",2023,"food_state_rnk",68.3631
"48066","zcta",2023,"food_state_rnk",8.9192
"48067","zcta",2023,"food_state_rnk",76.1805
"48069","zcta",2023,"food_state_rnk",98.1112
"48070","zcta",2023,"food_state_rnk",96.7471
"48071","zcta",2023,"food_state_rnk",25.7083
"48072","zcta",2023,"food_state_rnk",74.8164
"48073","zcta",2023,"food_state_rnk",53.6726
"48074","zcta",2023,"food_state_rnk",36.0965
"48075","zcta",2023,"food_state_rnk",35.5719
"48076","zcta",2023,"food_state_rnk",38.8248
"48079","zcta",2023,"food_state_rnk",69.6222
"48080","zcta",2023,"food_state_rnk",64.0084
"48081","zcta",2023,"food_state_rnk",61.1752
"48082","zcta",2023,"food_state_rnk",53.3054
"48083","zcta",2023,"food_state_rnk",49.7377
"48084","zcta",2023,"food_state_rnk",84.9948
"48085","zcta",2023,"food_state_rnk",80.2728
"48088","zcta",2023,"food_state_rnk",38.9297
"48089","zcta",2023,"food_state_rnk",4.5121
"48091","zcta",2023,"food_state_rnk",5.4565
"48092","zcta",2023,"food_state_rnk",16.6842
"48093","zcta",2023,"food_state_rnk",13.0115
"48094","zcta",2023,"food_state_rnk",83.9454
"48095","zcta",2023,"food_state_rnk",93.1794
"48096","zcta",2023,"food_state_rnk",97.1668
"48097","zcta",2023,"food_state_rnk",26.5477
"48098","zcta",2023,"food_state_rnk",88.7723
"48101","zcta",2023,"food_state_rnk",46.3799
"48103","zcta",2023,"food_state_rnk",57.6076
"48104","zcta",2023,"food_state_rnk",70.0944
"48105","zcta",2023,"food_state_rnk",70.4092
"48108","zcta",2023,"food_state_rnk",49.0031
"48109","zcta",2023,"food_state_rnk",NA
"48111","zcta",2023,"food_state_rnk",18.0483
"48114","zcta",2023,"food_state_rnk",78.1742
"48116","zcta",2023,"food_state_rnk",88.1952
"48117","zcta",2023,"food_state_rnk",33.893
"48118","zcta",2023,"food_state_rnk",96.2225
"48120","zcta",2023,"food_state_rnk",7.5551
"48122","zcta",2023,"food_state_rnk",6.5058
"48124","zcta",2023,"food_state_rnk",19.5173
"48125","zcta",2023,"food_state_rnk",10.703
"48126","zcta",2023,"food_state_rnk",2.0986
"48127","zcta",2023,"food_state_rnk",7.2403
"48128","zcta",2023,"food_state_rnk",46.5373
"48130","zcta",2023,"food_state_rnk",90.766
"48131","zcta",2023,"food_state_rnk",92.34
"48133","zcta",2023,"food_state_rnk",45.0157
"48134","zcta",2023,"food_state_rnk",47.1144
"48135","zcta",2023,"food_state_rnk",29.171
"48137","zcta",2023,"food_state_rnk",93.5992
"48138","zcta",2023,"food_state_rnk",86.8311
"48139","zcta",2023,"food_state_rnk",NA
"48140","zcta",2023,"food_state_rnk",96.5373
"48141","zcta",2023,"food_state_rnk",2.8332
"48143","zcta",2023,"food_state_rnk",100
"48144","zcta",2023,"food_state_rnk",74.7114
"48145","zcta",2023,"food_state_rnk",83.8405
"48146","zcta",2023,"food_state_rnk",6.8206
"48150","zcta",2023,"food_state_rnk",58.6569
"48152","zcta",2023,"food_state_rnk",56.2434
"48154","zcta",2023,"food_state_rnk",63.5887
"48157","zcta",2023,"food_state_rnk",26.8625
"48158","zcta",2023,"food_state_rnk",91.9203
"48159","zcta",2023,"food_state_rnk",90.3463
"48160","zcta",2023,"food_state_rnk",65.8972
"48161","zcta",2023,"food_state_rnk",16.4743
"48162","zcta",2023,"food_state_rnk",36.8835
"48164","zcta",2023,"food_state_rnk",88.5624
"48165","zcta",2023,"food_state_rnk",83.6306
"48166","zcta",2023,"food_state_rnk",40.9234
"48167","zcta",2023,"food_state_rnk",58.2896
"48168","zcta",2023,"food_state_rnk",89.8216
"48169","zcta",2023,"food_state_rnk",71.2487
"48170","zcta",2023,"food_state_rnk",73.4523
"48173","zcta",2023,"food_state_rnk",61.5425
"48174","zcta",2023,"food_state_rnk",18.468
"48176","zcta",2023,"food_state_rnk",81.8468
"48177","zcta",2023,"food_state_rnk",99.3704
"48178","zcta",2023,"food_state_rnk",78.5939
"48179","zcta",2023,"food_state_rnk",56.6107
"48180","zcta",2023,"food_state_rnk",6.4008
"48182","zcta",2023,"food_state_rnk",83.001
"48183","zcta",2023,"food_state_rnk",36.7261
"48184","zcta",2023,"food_state_rnk",11.9622
"48185","zcta",2023,"food_state_rnk",12.9066
"48186","zcta",2023,"food_state_rnk",9.1291
"48187","zcta",2023,"food_state_rnk",46.9045
"48188","zcta",2023,"food_state_rnk",46.0126
"48189","zcta",2023,"food_state_rnk",68.9402
"48190","zcta",2023,"food_state_rnk",80.745
"48191","zcta",2023,"food_state_rnk",77.4397
"48192","zcta",2023,"food_state_rnk",30.2728
"48193","zcta",2023,"food_state_rnk",42.4449
"48195","zcta",2023,"food_state_rnk",37.8279
"48197","zcta",2023,"food_state_rnk",12.4869
"48198","zcta",2023,"food_state_rnk",8.1847
"48201","zcta",2023,"food_state_rnk",2.9381
"48202","zcta",2023,"food_state_rnk",3.2529
"48203","zcta",2023,"food_state_rnk",1.9937
"48204","zcta",2023,"food_state_rnk",1.1542
"48205","zcta",2023,"food_state_rnk",0.5247
"48206","zcta",2023,"food_state_rnk",2.6233
"48207","zcta",2023,"food_state_rnk",3.043
"48208","zcta",2023,"food_state_rnk",2.5184
"48209","zcta",2023,"food_state_rnk",4.9318
"48210","zcta",2023,"food_state_rnk",4.4071
"48211","zcta",2023,"food_state_rnk",6.9255
"48212","zcta",2023,"food_state_rnk",0.2099
"48213","zcta",2023,"food_state_rnk",1.7838
"48214","zcta",2023,"food_state_rnk",4.0923
"48215","zcta",2023,"food_state_rnk",1.2592
"48216","zcta",2023,"food_state_rnk",3.148
"48217","zcta",2023,"food_state_rnk",5.6663
"48218","zcta",2023,"food_state_rnk",3.4627
"48219","zcta",2023,"food_state_rnk",0.6296
"48220","zcta",2023,"food_state_rnk",60.2308
"48221","zcta",2023,"food_state_rnk",2.2036
"48223","zcta",2023,"food_state_rnk",1.6789
"48224","zcta",2023,"food_state_rnk",0.8395
"48225","zcta",2023,"food_state_rnk",8.7093
"48226","zcta",2023,"food_state_rnk",33.2634
"48227","zcta",2023,"food_state_rnk",1.3641
"48228","zcta",2023,"food_state_rnk",0.1049
"48229","zcta",2023,"food_state_rnk",5.0367
"48230","zcta",2023,"food_state_rnk",70.5142
"48233","zcta",2023,"food_state_rnk",NA
"48234","zcta",2023,"food_state_rnk",1.469
"48235","zcta",2023,"food_state_rnk",0.9444
"48236","zcta",2023,"food_state_rnk",60.4407
"48237","zcta",2023,"food_state_rnk",11.5425
"48238","zcta",2023,"food_state_rnk",0.3148
"48239","zcta",2023,"food_state_rnk",7.4502
"48240","zcta",2023,"food_state_rnk",18.3631
"48242","zcta",2023,"food_state_rnk",NA
"48243","zcta",2023,"food_state_rnk",NA
"48301","zcta",2023,"food_state_rnk",93.809
"48302","zcta",2023,"food_state_rnk",81.6369
"48304","zcta",2023,"food_state_rnk",91.3956
"48306","zcta",2023,"food_state_rnk",89.0871
"48307","zcta",2023,"food_state_rnk",55.6139
"48309","zcta",2023,"food_state_rnk",83.7356
"48310","zcta",2023,"food_state_rnk",7.765
"48312","zcta",2023,"food_state_rnk",27.5971
"48313","zcta",2023,"food_state_rnk",28.9612
"48314","zcta",2023,"food_state_rnk",42.6023
"48315","zcta",2023,"food_state_rnk",57.6076
"48316","zcta",2023,"food_state_rnk",74.9738
"48317","zcta",2023,"food_state_rnk",38.0902
"48320","zcta",2023,"food_state_rnk",62.8541
"48322","zcta",2023,"food_state_rnk",59.6537
"48323","zcta",2023,"food_state_rnk",87.5131
"48324","zcta",2023,"food_state_rnk",91.5005
"48326","zcta",2023,"food_state_rnk",47.0094
"48327","zcta",2023,"food_state_rnk",50.6821
"48328","zcta",2023,"food_state_rnk",22.2455
"48329","zcta",2023,"food_state_rnk",64.638
"48331","zcta",2023,"food_state_rnk",80.5876
"48334","zcta",2023,"food_state_rnk",72.2455
"48335","zcta",2023,"food_state_rnk",82.0567
"48336","zcta",2023,"food_state_rnk",59.4963
"48340","zcta",2023,"food_state_rnk",7.0304
"48341","zcta",2023,"food_state_rnk",5.7712
"48342","zcta",2023,"food_state_rnk",1.0493
"48346","zcta",2023,"food_state_rnk",65.6873
"48348","zcta",2023,"food_state_rnk",69.4648
"48350","zcta",2023,"food_state_rnk",52.8856
"48353","zcta",2023,"food_state_rnk",95.383
"48356","zcta",2023,"food_state_rnk",92.4449
"48357","zcta",2023,"food_state_rnk",76.9675
"48359","zcta",2023,"food_state_rnk",81.6369
"48360","zcta",2023,"food_state_rnk",93.3893
"48362","zcta",2023,"food_state_rnk",79.2235
"48363","zcta",2023,"food_state_rnk",94.1238
"48367","zcta",2023,"food_state_rnk",87.0934
"48370","zcta",2023,"food_state_rnk",98.6359
"48371","zcta",2023,"food_state_rnk",64.5331
"48374","zcta",2023,"food_state_rnk",79.8531
"48375","zcta",2023,"food_state_rnk",82.1616
"48377","zcta",2023,"food_state_rnk",45.6453
"48380","zcta",2023,"food_state_rnk",91.0808
"48381","zcta",2023,"food_state_rnk",68.5205
"48382","zcta",2023,"food_state_rnk",76.0231
"48383","zcta",2023,"food_state_rnk",52.6758
"48386","zcta",2023,"food_state_rnk",60.5456
"48390","zcta",2023,"food_state_rnk",58.0797
"48393","zcta",2023,"food_state_rnk",55.8762
"48401","zcta",2023,"food_state_rnk",61.8048
"48410","zcta",2023,"food_state_rnk",NA
"48411","zcta",2023,"food_state_rnk",NA
"48412","zcta",2023,"food_state_rnk",56.4533
"48413","zcta",2023,"food_state_rnk",31.7943
"48414","zcta",2023,"food_state_rnk",85.2046
"48415","zcta",2023,"food_state_rnk",62.0147
"48416","zcta",2023,"food_state_rnk",46.17
"48417","zcta",2023,"food_state_rnk",54.5645
"48418","zcta",2023,"food_state_rnk",73.9769
"48419","zcta",2023,"food_state_rnk",44.4911
"48420","zcta",2023,"food_state_rnk",36.5687
"48421","zcta",2023,"food_state_rnk",77.3347
"48422","zcta",2023,"food_state_rnk",50.1574
"48423","zcta",2023,"food_state_rnk",34.4176
"48426","zcta",2023,"food_state_rnk",36.3064
"48427","zcta",2023,"food_state_rnk",59.6537
"48428","zcta",2023,"food_state_rnk",79.958
"48429","zcta",2023,"food_state_rnk",32.7387
"48430","zcta",2023,"food_state_rnk",51.2067
"48432","zcta",2023,"food_state_rnk",78.8038
"48433","zcta",2023,"food_state_rnk",50.3673
"48434","zcta",2023,"food_state_rnk",97.0619
"48435","zcta",2023,"food_state_rnk",44.3861
"48436","zcta",2023,"food_state_rnk",88.8772
"48437","zcta",2023,"food_state_rnk",4.3022
"48438","zcta",2023,"food_state_rnk",86.8311
"48439","zcta",2023,"food_state_rnk",35.4669
"48440","zcta",2023,"food_state_rnk",99.8951
"48441","zcta",2023,"food_state_rnk",53.0955
"48442","zcta",2023,"food_state_rnk",31.8993
"48444","zcta",2023,"food_state_rnk",59.3914
"48445","zcta",2023,"food_state_rnk",33.5257
"48446","zcta",2023,"food_state_rnk",29.0661
"48449","zcta",2023,"food_state_rnk",14.2707
"48450","zcta",2023,"food_state_rnk",63.1689
"48451","zcta",2023,"food_state_rnk",82.2665
"48453","zcta",2023,"food_state_rnk",20.4617
"48454","zcta",2023,"food_state_rnk",60.3358
"48455","zcta",2023,"food_state_rnk",89.297
"48456","zcta",2023,"food_state_rnk",67.2613
"48457","zcta",2023,"food_state_rnk",19.937
"48458","zcta",2023,"food_state_rnk",6.7156
"48460","zcta",2023,"food_state_rnk",71.511
"48461","zcta",2023,"food_state_rnk",62.4344
"48462","zcta",2023,"food_state_rnk",84.68
"48463","zcta",2023,"food_state_rnk",40.1889
"48464","zcta",2023,"food_state_rnk",20.6716
"48465","zcta",2023,"food_state_rnk",58.447
"48466","zcta",2023,"food_state_rnk",48.6884
"48467","zcta",2023,"food_state_rnk",74.3966
"48468","zcta",2023,"food_state_rnk",67.4187
"48469","zcta",2023,"food_state_rnk",28.2267
"48470","zcta",2023,"food_state_rnk",72.9276
"48471","zcta",2023,"food_state_rnk",32.5289
"48472","zcta",2023,"food_state_rnk",87.723
"48473","zcta",2023,"food_state_rnk",43.3368
"48475","zcta",2023,"food_state_rnk",64.7429
"48476","zcta",2023,"food_state_rnk",39.2445
"48502","zcta",2023,"food_state_rnk",NA
"48503","zcta",2023,"food_state_rnk",3.5677
"48504","zcta",2023,"food_state_rnk",2.3085
"48505","zcta",2023,"food_state_rnk",0.4197
"48506","zcta",2023,"food_state_rnk",4.7219
"48507","zcta",2023,"food_state_rnk",4.8269
"48509","zcta",2023,"food_state_rnk",19.7272
"48519","zcta",2023,"food_state_rnk",27.0724
"48529","zcta",2023,"food_state_rnk",3.6726
"48532","zcta",2023,"food_state_rnk",8.4995
"48601","zcta",2023,"food_state_rnk",0.7345
"48602","zcta",2023,"food_state_rnk",1.8888
"48603","zcta",2023,"food_state_rnk",23.9769
"48604","zcta",2023,"food_state_rnk",23.9769
"48607","zcta",2023,"food_state_rnk",9.6537
"48609","zcta",2023,"food_state_rnk",49.1081
"48610","zcta",2023,"food_state_rnk",11.0178
"48611","zcta",2023,"food_state_rnk",87.618
"48612","zcta",2023,"food_state_rnk",31.3746
"48613","zcta",2023,"food_state_rnk",39.5593
"48614","zcta",2023,"food_state_rnk",30.6401
"48615","zcta",2023,"food_state_rnk",50.5771
"48616","zcta",2023,"food_state_rnk",48.6884
"48617","zcta",2023,"food_state_rnk",28.0168
"48618","zcta",2023,"food_state_rnk",18.7828
"48619","zcta",2023,"food_state_rnk",23.6097
"48620","zcta",2023,"food_state_rnk",35.6768
"48621","zcta",2023,"food_state_rnk",17.2088
"48622","zcta",2023,"food_state_rnk",44.1763
"48623","zcta",2023,"food_state_rnk",57.6076
"48624","zcta",2023,"food_state_rnk",17.5236
"48625","zcta",2023,"food_state_rnk",12.1721
"48626","zcta",2023,"food_state_rnk",76.0231
"48627","zcta",2023,"food_state_rnk",33.5257
"48628","zcta",2023,"food_state_rnk",55.2991
"48629","zcta",2023,"food_state_rnk",29.4858
"48630","zcta",2023,"food_state_rnk",NA
"48631","zcta",2023,"food_state_rnk",90.8709
"48632","zcta",2023,"food_state_rnk",21.7209
"48633","zcta",2023,"food_state_rnk",80.3778
"48634","zcta",2023,"food_state_rnk",73.6621
"48635","zcta",2023,"food_state_rnk",36.8835
"48636","zcta",2023,"food_state_rnk",74.5016
"48637","zcta",2023,"food_state_rnk",29.276
"48638","zcta",2023,"food_state_rnk",44.9108
"48640","zcta",2023,"food_state_rnk",23.5047
"48642","zcta",2023,"food_state_rnk",42.4449
"48647","zcta",2023,"food_state_rnk",13.5362
"48649","zcta",2023,"food_state_rnk",40.7135
"48650","zcta",2023,"food_state_rnk",35.9391
"48651","zcta",2023,"food_state_rnk",8.0797
"48652","zcta",2023,"food_state_rnk",70.1994
"48653","zcta",2023,"food_state_rnk",34.5226
"48654","zcta",2023,"food_state_rnk",37.0409
"48655","zcta",2023,"food_state_rnk",47.8489
"48656","zcta",2023,"food_state_rnk",11.4376
"48657","zcta",2023,"food_state_rnk",63.4837
"48658","zcta",2023,"food_state_rnk",25.0787
"48659","zcta",2023,"food_state_rnk",16.2644
"48661","zcta",2023,"food_state_rnk",18.5729
"48662","zcta",2023,"food_state_rnk",33.1584
"48701","zcta",2023,"food_state_rnk",60.021
"48703","zcta",2023,"food_state_rnk",16.2644
"48705","zcta",2023,"food_state_rnk",5.1417
"48706","zcta",2023,"food_state_rnk",26.0231
"48708","zcta",2023,"food_state_rnk",8.6044
"48710","zcta",2023,"food_state_rnk",NA
"48720","zcta",2023,"food_state_rnk",41.7629
"48721","zcta",2023,"food_state_rnk",68.8353
"48722","zcta",2023,"food_state_rnk",81.4271
"48723","zcta",2023,"food_state_rnk",15.32
"48724","zcta",2023,"food_state_rnk",0
"48725","zcta",2023,"food_state_rnk",70.6191
"48726","zcta",2023,"food_state_rnk",32.319
"48727","zcta",2023,"food_state_rnk",21.8258
"48728","zcta",2023,"food_state_rnk",21.6159
"48729","zcta",2023,"food_state_rnk",58.7618
"48730","zcta",2023,"food_state_rnk",40.0315
"48731","zcta",2023,"food_state_rnk",34.7324
"48732","zcta",2023,"food_state_rnk",26.2329
"48733","zcta",2023,"food_state_rnk",28.4365
"48734","zcta",2023,"food_state_rnk",91.2907
"48735","zcta",2023,"food_state_rnk",69.1501
"48737","zcta",2023,"food_state_rnk",22.8751
"48738","zcta",2023,"food_state_rnk",19.2025
"48739","zcta",2023,"food_state_rnk",45.7503
"48740","zcta",2023,"food_state_rnk",35.362
"48741","zcta",2023,"food_state_rnk",26.128
"48742","zcta",2023,"food_state_rnk",61.2802
"48743","zcta",2023,"food_state_rnk",NA
"48744","zcta",2023,"food_state_rnk",39.0871
"48745","zcta",2023,"food_state_rnk",29.5908
"48746","zcta",2023,"food_state_rnk",42.9171
"48747","zcta",2023,"food_state_rnk",71.3536
"48748","zcta",2023,"food_state_rnk",48.1637
"48749","zcta",2023,"food_state_rnk",37.6705
"48750","zcta",2023,"food_state_rnk",27.9119
"48754","zcta",2023,"food_state_rnk",48.8982
"48755","zcta",2023,"food_state_rnk",71.511
"48756","zcta",2023,"food_state_rnk",6.6107
"48757","zcta",2023,"food_state_rnk",79.0136
"48759","zcta",2023,"food_state_rnk",84.7849
"48760","zcta",2023,"food_state_rnk",85.0997
"48761","zcta",2023,"food_state_rnk",69.7796
"48762","zcta",2023,"food_state_rnk",41.6579
"48763","zcta",2023,"food_state_rnk",37.8279
"48765","zcta",2023,"food_state_rnk",29.6957
"48766","zcta",2023,"food_state_rnk",29.8006
"48767","zcta",2023,"food_state_rnk",84.2602
"48768","zcta",2023,"food_state_rnk",36.5687
"48770","zcta",2023,"food_state_rnk",11.1228
"48801","zcta",2023,"food_state_rnk",15.1102
"48806","zcta",2023,"food_state_rnk",64.8478
"48807","zcta",2023,"food_state_rnk",88.0378
"48808","zcta",2023,"food_state_rnk",59.234
"48809","zcta",2023,"food_state_rnk",18.8877
"48811","zcta",2023,"food_state_rnk",46.0126
"48813","zcta",2023,"food_state_rnk",47.3242
"48815","zcta",2023,"food_state_rnk",86.6737
"48816","zcta",2023,"food_state_rnk",99.7901
"48817","zcta",2023,"food_state_rnk",27.8069
"48818","zcta",2023,"food_state_rnk",31.532
"48819","zcta",2023,"food_state_rnk",93.4942
"48820","zcta",2023,"food_state_rnk",87.9328
"48821","zcta",2023,"food_state_rnk",68.1007
"48822","zcta",2023,"food_state_rnk",95.1731
"48823","zcta",2023,"food_state_rnk",45.1207
"48824","zcta",2023,"food_state_rnk",NA
"48825","zcta",2023,"food_state_rnk",NA
"48827","zcta",2023,"food_state_rnk",38.7198
"48829","zcta",2023,"food_state_rnk",20.9864
"48831","zcta",2023,"food_state_rnk",84.0504
"48832","zcta",2023,"food_state_rnk",40.8185
"48834","zcta",2023,"food_state_rnk",45.4355
"48835","zcta",2023,"food_state_rnk",90.2413
"48836","zcta",2023,"food_state_rnk",56.8206
"48837","zcta",2023,"food_state_rnk",82.4764
"48838","zcta",2023,"food_state_rnk",46.2749
"48840","zcta",2023,"food_state_rnk",87.4082
"48841","zcta",2023,"food_state_rnk",32.6338
"48842","zcta",2023,"food_state_rnk",38.405
"48843","zcta",2023,"food_state_rnk",64.1133
"48845","zcta",2023,"food_state_rnk",67.4187
"48846","zcta",2023,"food_state_rnk",32.0567
"48847","zcta",2023,"food_state_rnk",52.361
"48848","zcta",2023,"food_state_rnk",75.6558
"48849","zcta",2023,"food_state_rnk",53.5152
"48850","zcta",2023,"food_state_rnk",22.5079
"48851","zcta",2023,"food_state_rnk",36.4113
"48852","zcta",2023,"food_state_rnk",58.2896
"48853","zcta",2023,"food_state_rnk",4.1973
"48854","zcta",2023,"food_state_rnk",85.3095
"48855","zcta",2023,"food_state_rnk",79.3284
"48856","zcta",2023,"food_state_rnk",92.1301
"48857","zcta",2023,"food_state_rnk",28.6464
"48858","zcta",2023,"food_state_rnk",18.6779
"48859","zcta",2023,"food_state_rnk",NA
"48860","zcta",2023,"food_state_rnk",51.8363
"48861","zcta",2023,"food_state_rnk",82.3715
"48862","zcta",2023,"food_state_rnk",NA
"48864","zcta",2023,"food_state_rnk",82.6338
"48865","zcta",2023,"food_state_rnk",11.3326
"48866","zcta",2023,"food_state_rnk",42.2875
"48867","zcta",2023,"food_state_rnk",22.5079
"48870","zcta",2023,"food_state_rnk",77.1773
"48871","zcta",2023,"food_state_rnk",49.9475
"48872","zcta",2023,"food_state_rnk",71.0388
"48873","zcta",2023,"food_state_rnk",89.7167
"48874","zcta",2023,"food_state_rnk",51.9412
"48875","zcta",2023,"food_state_rnk",78.489
"48876","zcta",2023,"food_state_rnk",71.8783
"48877","zcta",2023,"food_state_rnk",10.0735
"48878","zcta",2023,"food_state_rnk",84.575
"48879","zcta",2023,"food_state_rnk",39.3494
"48880","zcta",2023,"food_state_rnk",NA
"48881","zcta",2023,"food_state_rnk",72.6128
"48883","zcta",2023,"food_state_rnk",45.3305
"48884","zcta",2023,"food_state_rnk",75.446
"48885","zcta",2023,"food_state_rnk",36.2015
"48886","zcta",2023,"food_state_rnk",77.7545
"48888","zcta",2023,"food_state_rnk",43.127
"48889","zcta",2023,"food_state_rnk",28.7513
"48890","zcta",2023,"food_state_rnk",46.5373
"48891","zcta",2023,"food_state_rnk",10.9129
"48892","zcta",2023,"food_state_rnk",49.6327
"48893","zcta",2023,"food_state_rnk",21.511
"48894","zcta",2023,"food_state_rnk",96.4323
"48895","zcta",2023,"food_state_rnk",80.4827
"48896","zcta",2023,"food_state_rnk",20.5666
"48897","zcta",2023,"food_state_rnk",82.7912
"48906","zcta",2023,"food_state_rnk",9.3389
"48910","zcta",2023,"food_state_rnk",17.4187
"48911","zcta",2023,"food_state_rnk",8.2896
"48912","zcta",2023,"food_state_rnk",7.9748
"48915","zcta",2023,"food_state_rnk",7.66
"48917","zcta",2023,"food_state_rnk",30.4302
"48933","zcta",2023,"food_state_rnk",3.3578
"49001","zcta",2023,"food_state_rnk",17.1039
"49002","zcta",2023,"food_state_rnk",51.6264
"49004","zcta",2023,"food_state_rnk",30.1154
"49006","zcta",2023,"food_state_rnk",15.7922
"49007","zcta",2023,"food_state_rnk",5.8762
"49008","zcta",2023,"food_state_rnk",40.0315
"49009","zcta",2023,"food_state_rnk",19.8321
"49010","zcta",2023,"food_state_rnk",53.6726
"49011","zcta",2023,"food_state_rnk",66.9465
"49012","zcta",2023,"food_state_rnk",93.914
"49013","zcta",2023,"food_state_rnk",16.2644
"49014","zcta",2023,"food_state_rnk",25.446
"49015","zcta",2023,"food_state_rnk",28.8562
"49017","zcta",2023,"food_state_rnk",39.0871
"49021","zcta",2023,"food_state_rnk",51.5215
"49022","zcta",2023,"food_state_rnk",2.7282
"49024","zcta",2023,"food_state_rnk",67.681
"49026","zcta",2023,"food_state_rnk",10.808
"49027","zcta",2023,"food_state_rnk",63.3263
"49028","zcta",2023,"food_state_rnk",60.1259
"49029","zcta",2023,"food_state_rnk",85.6243
"49030","zcta",2023,"food_state_rnk",67.9958
"49031","zcta",2023,"food_state_rnk",52.7807
"49032","zcta",2023,"food_state_rnk",42.7597
"49033","zcta",2023,"food_state_rnk",96.0126
"49034","zcta",2023,"food_state_rnk",83.5257
"49036","zcta",2023,"food_state_rnk",21.3012
"49037","zcta",2023,"food_state_rnk",10.3882
"49038","zcta",2023,"food_state_rnk",18.2581
"49040","zcta",2023,"food_state_rnk",64.3232
"49042","zcta",2023,"food_state_rnk",22.1406
"49043","zcta",2023,"food_state_rnk",8.8143
"49045","zcta",2023,"food_state_rnk",38.3001
"49046","zcta",2023,"food_state_rnk",68.2057
"49047","zcta",2023,"food_state_rnk",14.1658
"49048","zcta",2023,"food_state_rnk",12.5918
"49050","zcta",2023,"food_state_rnk",76.4953
"49051","zcta",2023,"food_state_rnk",97.6915
"49052","zcta",2023,"food_state_rnk",73.0325
"49053","zcta",2023,"food_state_rnk",64.2183
"49055","zcta",2023,"food_state_rnk",25.446
"49056","zcta",2023,"food_state_rnk",12.0672
"49057","zcta",2023,"food_state_rnk",14.0609
"49058","zcta",2023,"food_state_rnk",54.1448
"49060","zcta",2023,"food_state_rnk",95.9077
"49061","zcta",2023,"food_state_rnk",82.6338
"49063","zcta",2023,"food_state_rnk",89.9265
"49064","zcta",2023,"food_state_rnk",32.2141
"49065","zcta",2023,"food_state_rnk",53.9349
"49066","zcta",2023,"food_state_rnk",19.6222
"49067","zcta",2023,"food_state_rnk",47.9538
"49068","zcta",2023,"food_state_rnk",76.7051
"49070","zcta",2023,"food_state_rnk",49.2655
"49071","zcta",2023,"food_state_rnk",57.0304
"49072","zcta",2023,"food_state_rnk",62.1196
"49073","zcta",2023,"food_state_rnk",33.3683
"49074","zcta",2023,"food_state_rnk",NA
"49075","zcta",2023,"food_state_rnk",2.4134
"49076","zcta",2023,"food_state_rnk",59.0241
"49078","zcta",2023,"food_state_rnk",73.1375
"49079","zcta",2023,"food_state_rnk",33.893
"49080","zcta",2023,"food_state_rnk",47.639
"49082","zcta",2023,"food_state_rnk",74.6065
"49083","zcta",2023,"food_state_rnk",76.6002
"49084","zcta",2023,"food_state_rnk",NA
"49085","zcta",2023,"food_state_rnk",78.9087
"49087","zcta",2023,"food_state_rnk",90.9759
"49088","zcta",2023,"food_state_rnk",94.9633
"49089","zcta",2023,"food_state_rnk",19.4124
"49090","zcta",2023,"food_state_rnk",22.7702
"49091","zcta",2023,"food_state_rnk",24.659
"49092","zcta",2023,"food_state_rnk",47.4292
"49093","zcta",2023,"food_state_rnk",27.4921
"49094","zcta",2023,"food_state_rnk",13.9035
"49095","zcta",2023,"food_state_rnk",20.1994
"49096","zcta",2023,"food_state_rnk",67.7859
"49097","zcta",2023,"food_state_rnk",60.6506
"49098","zcta",2023,"food_state_rnk",26.4428
"49099","zcta",2023,"food_state_rnk",49.4229
"49101","zcta",2023,"food_state_rnk",84.8898
"49102","zcta",2023,"food_state_rnk",71.0388
"49103","zcta",2023,"food_state_rnk",48.3211
"49104","zcta",2023,"food_state_rnk",NA
"49106","zcta",2023,"food_state_rnk",24.4491
"49107","zcta",2023,"food_state_rnk",44.6485
"49111","zcta",2023,"food_state_rnk",27.702
"49112","zcta",2023,"food_state_rnk",41.4481
"49113","zcta",2023,"food_state_rnk",69.9895
"49115","zcta",2023,"food_state_rnk",90.0839
"49116","zcta",2023,"food_state_rnk",90.0839
"49117","zcta",2023,"food_state_rnk",77.8594
"49119","zcta",2023,"food_state_rnk",7.1354
"49120","zcta",2023,"food_state_rnk",25.1836
"49125","zcta",2023,"food_state_rnk",56.6107
"49126","zcta",2023,"food_state_rnk",30.745
"49127","zcta",2023,"food_state_rnk",91.1857
"49128","zcta",2023,"food_state_rnk",91.7104
"49129","zcta",2023,"food_state_rnk",86.2539
"49130","zcta",2023,"food_state_rnk",51.3116
"49201","zcta",2023,"food_state_rnk",21.1962
"49202","zcta",2023,"food_state_rnk",9.5488
"49203","zcta",2023,"food_state_rnk",10.4932
"49220","zcta",2023,"food_state_rnk",66.3169
"49221","zcta",2023,"food_state_rnk",11.7524
"49224","zcta",2023,"food_state_rnk",12.8017
"49227","zcta",2023,"food_state_rnk",24.1343
"49228","zcta",2023,"food_state_rnk",70.829
"49229","zcta",2023,"food_state_rnk",51.4166
"49230","zcta",2023,"food_state_rnk",69.255
"49232","zcta",2023,"food_state_rnk",62.5393
"49233","zcta",2023,"food_state_rnk",58.0797
"49234","zcta",2023,"food_state_rnk",72.7177
"49235","zcta",2023,"food_state_rnk",87.1983
"49236","zcta",2023,"food_state_rnk",68.6254
"49237","zcta",2023,"food_state_rnk",73.872
"49238","zcta",2023,"food_state_rnk",87.8279
"49240","zcta",2023,"food_state_rnk",94.2288
"49241","zcta",2023,"food_state_rnk",54.2497
"49242","zcta",2023,"food_state_rnk",44.8059
"49245","zcta",2023,"food_state_rnk",61.0703
"49246","zcta",2023,"food_state_rnk",89.192
"49247","zcta",2023,"food_state_rnk",41.2382
"49248","zcta",2023,"food_state_rnk",73.2424
"49249","zcta",2023,"food_state_rnk",83.3683
"49250","zcta",2023,"food_state_rnk",44.6485
"49251","zcta",2023,"food_state_rnk",68.3631
"49252","zcta",2023,"food_state_rnk",45.8552
"49253","zcta",2023,"food_state_rnk",76.8101
"49254","zcta",2023,"food_state_rnk",50.4722
"49255","zcta",2023,"food_state_rnk",88.6674
"49256","zcta",2023,"food_state_rnk",32.8437
"49258","zcta",2023,"food_state_rnk",NA
"49259","zcta",2023,"food_state_rnk",34.8374
"49261","zcta",2023,"food_state_rnk",90.5037
"49262","zcta",2023,"food_state_rnk",62.2246
"49263","zcta",2023,"food_state_rnk",NA
"49264","zcta",2023,"food_state_rnk",92.6548
"49265","zcta",2023,"food_state_rnk",83.2109
"49266","zcta",2023,"food_state_rnk",79.7482
"49267","zcta",2023,"food_state_rnk",97.2718
"49268","zcta",2023,"food_state_rnk",47.2193
"49269","zcta",2023,"food_state_rnk",43.914
"49270","zcta",2023,"food_state_rnk",79.5383
"49271","zcta",2023,"food_state_rnk",67.5761
"49272","zcta",2023,"food_state_rnk",43.4418
"49274","zcta",2023,"food_state_rnk",55.5089
"49276","zcta",2023,"food_state_rnk",80.063
"49277","zcta",2023,"food_state_rnk",73.7671
"49279","zcta",2023,"food_state_rnk",54.3547
"49282","zcta",2023,"food_state_rnk",NA
"49283","zcta",2023,"food_state_rnk",77.5446
"49284","zcta",2023,"food_state_rnk",31.6894
"49285","zcta",2023,"food_state_rnk",89.6118
"49286","zcta",2023,"food_state_rnk",72.4029
"49287","zcta",2023,"food_state_rnk",96.957
"49288","zcta",2023,"food_state_rnk",15.5299
"49289","zcta",2023,"food_state_rnk",NA
"49301","zcta",2023,"food_state_rnk",91.8153
"49302","zcta",2023,"food_state_rnk",95.0682
"49303","zcta",2023,"food_state_rnk",16.9465
"49304","zcta",2023,"food_state_rnk",9.4439
"49305","zcta",2023,"food_state_rnk",13.3263
"49306","zcta",2023,"food_state_rnk",79.5383
"49307","zcta",2023,"food_state_rnk",22.6653
"49309","zcta",2023,"food_state_rnk",11.2277
"49310","zcta",2023,"food_state_rnk",65.1626
"49312","zcta",2023,"food_state_rnk",1.574
"49315","zcta",2023,"food_state_rnk",92.235
"49316","zcta",2023,"food_state_rnk",83.3683
"49318","zcta",2023,"food_state_rnk",22.3505
"49319","zcta",2023,"food_state_rnk",56.8206
"49320","zcta",2023,"food_state_rnk",96.1175
"49321","zcta",2023,"food_state_rnk",38.51
"49322","zcta",2023,"food_state_rnk",52.361
"49323","zcta",2023,"food_state_rnk",94.3861
"49325","zcta",2023,"food_state_rnk",76.9675
"49326","zcta",2023,"food_state_rnk",64.9528
"49327","zcta",2023,"food_state_rnk",31.532
"49328","zcta",2023,"food_state_rnk",66.4218
"49329","zcta",2023,"food_state_rnk",41.3431
"49330","zcta",2023,"food_state_rnk",30.8499
"49331","zcta",2023,"food_state_rnk",78.2791
"49332","zcta",2023,"food_state_rnk",42.1826
"49333","zcta",2023,"food_state_rnk",88.1952
"49335","zcta",2023,"food_state_rnk",98.426
"49336","zcta",2023,"food_state_rnk",43.022
"49337","zcta",2023,"food_state_rnk",14.5855
"49338","zcta",2023,"food_state_rnk",12.6967
"49339","zcta",2023,"food_state_rnk",95.4879
"49340","zcta",2023,"food_state_rnk",35.1522
"49341","zcta",2023,"food_state_rnk",74.2917
"49342","zcta",2023,"food_state_rnk",55.1941
"49343","zcta",2023,"food_state_rnk",53.83
"49344","zcta",2023,"food_state_rnk",60.8604
"49345","zcta",2023,"food_state_rnk",61.5425
"49346","zcta",2023,"food_state_rnk",31.1647
"49347","zcta",2023,"food_state_rnk",88.9822
"49348","zcta",2023,"food_state_rnk",59.8111
"49349","zcta",2023,"food_state_rnk",10.2833
"49401","zcta",2023,"food_state_rnk",75.341
"49402","zcta",2023,"food_state_rnk",24.3442
"49403","zcta",2023,"food_state_rnk",90.6611
"49404","zcta",2023,"food_state_rnk",57.2928
"49405","zcta",2023,"food_state_rnk",45.2256
"49406","zcta",2023,"food_state_rnk",97.5866
"49408","zcta",2023,"food_state_rnk",41.9727
"49409","zcta",2023,"food_state_rnk",98.0063
"49410","zcta",2023,"food_state_rnk",17.8384
"49411","zcta",2023,"food_state_rnk",33.6831
"49412","zcta",2023,"food_state_rnk",25.9182
"49415","zcta",2023,"food_state_rnk",65.4774
"49417","zcta",2023,"food_state_rnk",43.2319
"49418","zcta",2023,"food_state_rnk",57.8174
"49419","zcta",2023,"food_state_rnk",88.405
"49420","zcta",2023,"food_state_rnk",33.893
"49421","zcta",2023,"food_state_rnk",11.6474
"49423","zcta",2023,"food_state_rnk",38.1952
"49424","zcta",2023,"food_state_rnk",41.8678
"49425","zcta",2023,"food_state_rnk",15.2151
"49426","zcta",2023,"food_state_rnk",74.9738
"49428","zcta",2023,"food_state_rnk",71.6684
"49430","zcta",2023,"food_state_rnk",NA
"49431","zcta",2023,"food_state_rnk",41.0283
"49434","zcta",2023,"food_state_rnk",NA
"49435","zcta",2023,"food_state_rnk",92.9696
"49436","zcta",2023,"food_state_rnk",47.5341
"49437","zcta",2023,"food_state_rnk",55.8762
"49440","zcta",2023,"food_state_rnk",4.617
"49441","zcta",2023,"food_state_rnk",23.085
"49442","zcta",2023,"food_state_rnk",5.3515
"49443","zcta",2023,"food_state_rnk",NA
"49444","zcta",2023,"food_state_rnk",5.9811
"49445","zcta",2023,"food_state_rnk",39.7692
"49446","zcta",2023,"food_state_rnk",16.0546
"49448","zcta",2023,"food_state_rnk",55.404
"49449","zcta",2023,"food_state_rnk",46.6946
"49450","zcta",2023,"food_state_rnk",20.3568
"49451","zcta",2023,"food_state_rnk",40.2938
"49452","zcta",2023,"food_state_rnk",12.277
"49453","zcta",2023,"food_state_rnk",94.7009
"49454","zcta",2023,"food_state_rnk",23.7671
"49455","zcta",2023,"food_state_rnk",40.6086
"49456","zcta",2023,"food_state_rnk",79.5383
"49457","zcta",2023,"food_state_rnk",30.5352
"49458","zcta",2023,"food_state_rnk",41.1333
"49459","zcta",2023,"food_state_rnk",8.3945
"49460","zcta",2023,"food_state_rnk",92.0252
"49461","zcta",2023,"food_state_rnk",44.0714
"49464","zcta",2023,"food_state_rnk",72.2455
"49503","zcta",2023,"food_state_rnk",9.8636
"49504","zcta",2023,"food_state_rnk",27.1773
"49505","zcta",2023,"food_state_rnk",13.1165
"49506","zcta",2023,"food_state_rnk",55.0892
"49507","zcta",2023,"food_state_rnk",9.234
"49508","zcta",2023,"food_state_rnk",14.9003
"49509","zcta",2023,"food_state_rnk",29.9056
"49512","zcta",2023,"food_state_rnk",57.9224
"49519","zcta",2023,"food_state_rnk",24.2392
"49525","zcta",2023,"food_state_rnk",58.8667
"49534","zcta",2023,"food_state_rnk",62.3295
"49544","zcta",2023,"food_state_rnk",33.001
"49546","zcta",2023,"food_state_rnk",77.9643
"49548","zcta",2023,"food_state_rnk",10.5981
"49601","zcta",2023,"food_state_rnk",16.7891
"49611","zcta",2023,"food_state_rnk",99.0556
"49612","zcta",2023,"food_state_rnk",80.745
"49613","zcta",2023,"food_state_rnk",84.4701
"49614","zcta",2023,"food_state_rnk",78.3841
"49615","zcta",2023,"food_state_rnk",76.2854
"49616","zcta",2023,"food_state_rnk",62.6443
"49617","zcta",2023,"food_state_rnk",86.5163
"49618","zcta",2023,"food_state_rnk",20.7765
"49619","zcta",2023,"food_state_rnk",32.0567
"49620","zcta",2023,"food_state_rnk",32.4239
"49621","zcta",2023,"food_state_rnk",77.6495
"49622","zcta",2023,"food_state_rnk",43.5467
"49623","zcta",2023,"food_state_rnk",63.9035
"49625","zcta",2023,"food_state_rnk",15.425
"49626","zcta",2023,"food_state_rnk",68.7303
"49627","zcta",2023,"food_state_rnk",86.3589
"49628","zcta",2023,"food_state_rnk",99.4753
"49629","zcta",2023,"food_state_rnk",97.7964
"49630","zcta",2023,"food_state_rnk",75.2361
"49631","zcta",2023,"food_state_rnk",18.9927
"49632","zcta",2023,"food_state_rnk",70.3043
"49633","zcta",2023,"food_state_rnk",54.9843
"49634","zcta",2023,"food_state_rnk",13.4313
"49635","zcta",2023,"food_state_rnk",66.5268
"49636","zcta",2023,"food_state_rnk",86.9885
"49637","zcta",2023,"food_state_rnk",77.1773
"49638","zcta",2023,"food_state_rnk",20.042
"49639","zcta",2023,"food_state_rnk",35.0472
"49640","zcta",2023,"food_state_rnk",81.0073
"49642","zcta",2023,"food_state_rnk",3.8825
"49643","zcta",2023,"food_state_rnk",75.1312
"49644","zcta",2023,"food_state_rnk",54.8793
"49645","zcta",2023,"food_state_rnk",10.1784
"49646","zcta",2023,"food_state_rnk",17.7335
"49648","zcta",2023,"food_state_rnk",56.3484
"49649","zcta",2023,"food_state_rnk",67.8909
"49650","zcta",2023,"food_state_rnk",85.7293
"49651","zcta",2023,"food_state_rnk",25.8132
"49653","zcta",2023,"food_state_rnk",99.2655
"49654","zcta",2023,"food_state_rnk",50.8919
"49655","zcta",2023,"food_state_rnk",51.1018
"49656","zcta",2023,"food_state_rnk",43.7566
"49657","zcta",2023,"food_state_rnk",37.4607
"49659","zcta",2023,"food_state_rnk",21.4061
"49660","zcta",2023,"food_state_rnk",37.5656
"49663","zcta",2023,"food_state_rnk",30.0105
"49664","zcta",2023,"food_state_rnk",92.5498
"49665","zcta",2023,"food_state_rnk",34.2078
"49667","zcta",2023,"food_state_rnk",9.0241
"49668","zcta",2023,"food_state_rnk",14.4806
"49670","zcta",2023,"food_state_rnk",81.2697
"49674","zcta",2023,"food_state_rnk",93.7041
"49675","zcta",2023,"food_state_rnk",94.7009
"49676","zcta",2023,"food_state_rnk",52.5708
"49677","zcta",2023,"food_state_rnk",48.4785
"49679","zcta",2023,"food_state_rnk",63.6936
"49680","zcta",2023,"food_state_rnk",37.2508
"49682","zcta",2023,"food_state_rnk",64.4281
"49683","zcta",2023,"food_state_rnk",25.6034
"49684","zcta",2023,"food_state_rnk",52.361
"49685","zcta",2023,"food_state_rnk",59.0241
"49686","zcta",2023,"food_state_rnk",40.5037
"49688","zcta",2023,"food_state_rnk",48.0588
"49689","zcta",2023,"food_state_rnk",15.6348
"49690","zcta",2023,"food_state_rnk",94.0189
"49696","zcta",2023,"food_state_rnk",88.405
"49701","zcta",2023,"food_state_rnk",62.7492
"49705","zcta",2023,"food_state_rnk",44.2812
"49706","zcta",2023,"food_state_rnk",60.9654
"49707","zcta",2023,"food_state_rnk",9.7587
"49709","zcta",2023,"food_state_rnk",20.1994
"49710","zcta",2023,"food_state_rnk",99.6852
"49712","zcta",2023,"food_state_rnk",66.7366
"49713","zcta",2023,"food_state_rnk",65.2676
"49715","zcta",2023,"food_state_rnk",52.1511
"49716","zcta",2023,"food_state_rnk",83.106
"49717","zcta",2023,"food_state_rnk",NA
"49718","zcta",2023,"food_state_rnk",6.191
"49719","zcta",2023,"food_state_rnk",98.531
"49720","zcta",2023,"food_state_rnk",61.9098
"49721","zcta",2023,"food_state_rnk",23.1899
"49722","zcta",2023,"food_state_rnk",NA
"49724","zcta",2023,"food_state_rnk",81.9517
"49725","zcta",2023,"food_state_rnk",95.8027
"49726","zcta",2023,"food_state_rnk",43.6516
"49727","zcta",2023,"food_state_rnk",72.0881
"49728","zcta",2023,"food_state_rnk",5.5614
"49729","zcta",2023,"food_state_rnk",86.149
"49730","zcta",2023,"food_state_rnk",76.3903
"49733","zcta",2023,"food_state_rnk",27.3872
"49735","zcta",2023,"food_state_rnk",35.9391
"49736","zcta",2023,"food_state_rnk",54.0399
"49738","zcta",2023,"food_state_rnk",30.9549
"49740","zcta",2023,"food_state_rnk",84.3652
"49743","zcta",2023,"food_state_rnk",93.0745
"49744","zcta",2023,"food_state_rnk",75.5509
"49745","zcta",2023,"food_state_rnk",85.5194
"49746","zcta",2023,"food_state_rnk",16.5792
"49747","zcta",2023,"food_state_rnk",54.7219
"49748","zcta",2023,"food_state_rnk",53.3054
"49749","zcta",2023,"food_state_rnk",55.7188
"49751","zcta",2023,"food_state_rnk",81.2697
"49752","zcta",2023,"food_state_rnk",NA
"49753","zcta",2023,"food_state_rnk",50.0525
"49755","zcta",2023,"food_state_rnk",45.5404
"49756","zcta",2023,"food_state_rnk",18.1532
"49757","zcta",2023,"food_state_rnk",48.6884
"49759","zcta",2023,"food_state_rnk",49.8426
"49760","zcta",2023,"food_state_rnk",12.382
"49762","zcta",2023,"food_state_rnk",15.9496
"49764","zcta",2023,"food_state_rnk",NA
"49765","zcta",2023,"food_state_rnk",19.0976
"49766","zcta",2023,"food_state_rnk",28.1217
"49768","zcta",2023,"food_state_rnk",14.7954
"49769","zcta",2023,"food_state_rnk",27.2823
"49770","zcta",2023,"food_state_rnk",57.1878
"49774","zcta",2023,"food_state_rnk",87.3033
"49775","zcta",2023,"food_state_rnk",NA
"49776","zcta",2023,"food_state_rnk",69.6222
"49777","zcta",2023,"food_state_rnk",95.5929
"49779","zcta",2023,"food_state_rnk",31.0598
"49780","zcta",2023,"food_state_rnk",63.064
"49781","zcta",2023,"food_state_rnk",17.9433
"49782","zcta",2023,"food_state_rnk",81.6369
"49783","zcta",2023,"food_state_rnk",21.0913
"49784","zcta",2023,"food_state_rnk",NA
"49788","zcta",2023,"food_state_rnk",3.7775
"49791","zcta",2023,"food_state_rnk",33.001
"49793","zcta",2023,"food_state_rnk",92.8646
"49795","zcta",2023,"food_state_rnk",34.3127
"49796","zcta",2023,"food_state_rnk",99.5803
"49799","zcta",2023,"food_state_rnk",50.9969
"49801","zcta",2023,"food_state_rnk",57.3977
"49802","zcta",2023,"food_state_rnk",66.212
"49805","zcta",2023,"food_state_rnk",98.3211
"49806","zcta",2023,"food_state_rnk",7.8699
"49807","zcta",2023,"food_state_rnk",89.5068
"49808","zcta",2023,"food_state_rnk",93.2844
"49812","zcta",2023,"food_state_rnk",84.1553
"49814","zcta",2023,"food_state_rnk",91.6055
"49815","zcta",2023,"food_state_rnk",39.6642
"49816","zcta",2023,"food_state_rnk",95.2781
"49817","zcta",2023,"food_state_rnk",52.0462
"49818","zcta",2023,"food_state_rnk",96.3274
"49820","zcta",2023,"food_state_rnk",11.8573
"49821","zcta",2023,"food_state_rnk",86.5163
"49822","zcta",2023,"food_state_rnk",85.9916
"49825","zcta",2023,"food_state_rnk",14.6905
"49826","zcta",2023,"food_state_rnk",98.9507
"49827","zcta",2023,"food_state_rnk",16.9465
"49829","zcta",2023,"food_state_rnk",23.2949
"49831","zcta",2023,"food_state_rnk",92.7597
"49833","zcta",2023,"food_state_rnk",51.7314
"49834","zcta",2023,"food_state_rnk",65.0577
"49835","zcta",2023,"food_state_rnk",25.2886
"49836","zcta",2023,"food_state_rnk",63.7985
"49837","zcta",2023,"food_state_rnk",42.7597
"49838","zcta",2023,"food_state_rnk",66.107
"49839","zcta",2023,"food_state_rnk",99.1605
"49840","zcta",2023,"food_state_rnk",65.5824
"49841","zcta",2023,"food_state_rnk",29.3809
"49847","zcta",2023,"food_state_rnk",13.7461
"49848","zcta",2023,"food_state_rnk",17.3137
"49849","zcta",2023,"food_state_rnk",26.9675
"49852","zcta",2023,"food_state_rnk",24.9738
"49853","zcta",2023,"food_state_rnk",59.9161
"49854","zcta",2023,"food_state_rnk",43.914
"49855","zcta",2023,"food_state_rnk",52.9906
"49858","zcta",2023,"food_state_rnk",41.553
"49861","zcta",2023,"food_state_rnk",49.2655
"49862","zcta",2023,"food_state_rnk",66.8416
"49863","zcta",2023,"food_state_rnk",97.4816
"49864","zcta",2023,"food_state_rnk",NA
"49866","zcta",2023,"food_state_rnk",73.3473
"49868","zcta",2023,"food_state_rnk",24.554
"49870","zcta",2023,"food_state_rnk",34.6275
"49871","zcta",2023,"food_state_rnk",59.234
"49872","zcta",2023,"food_state_rnk",26.3379
"49873","zcta",2023,"food_state_rnk",NA
"49874","zcta",2023,"food_state_rnk",54.7219
"49876","zcta",2023,"food_state_rnk",28.5414
"49877","zcta",2023,"food_state_rnk",NA
"49878","zcta",2023,"food_state_rnk",69.0451
"49879","zcta",2023,"food_state_rnk",57.0304
"49880","zcta",2023,"food_state_rnk",61.3851
"49881","zcta",2023,"food_state_rnk",71.7733
"49883","zcta",2023,"food_state_rnk",7.3452
"49884","zcta",2023,"food_state_rnk",17.6285
"49885","zcta",2023,"food_state_rnk",23.3998
"49886","zcta",2023,"food_state_rnk",71.0388
"49887","zcta",2023,"food_state_rnk",72.5079
"49891","zcta",2023,"food_state_rnk",26.6527
"49892","zcta",2023,"food_state_rnk",67.0514
"49893","zcta",2023,"food_state_rnk",78.6988
"49894","zcta",2023,"food_state_rnk",34.9423
"49895","zcta",2023,"food_state_rnk",69.3599
"49896","zcta",2023,"food_state_rnk",38.6149
"49901","zcta",2023,"food_state_rnk",85.8342
"49902","zcta",2023,"food_state_rnk",6.2959
"49903","zcta",2023,"food_state_rnk",89.4019
"49905","zcta",2023,"food_state_rnk",49.5278
"49908","zcta",2023,"food_state_rnk",14.3757
"49910","zcta",2023,"food_state_rnk",97.3767
"49911","zcta",2023,"food_state_rnk",22.0357
"49912","zcta",2023,"food_state_rnk",75.7608
"49913","zcta",2023,"food_state_rnk",37.1459
"49915","zcta",2023,"food_state_rnk",22.9801
"49916","zcta",2023,"food_state_rnk",85.4145
"49917","zcta",2023,"food_state_rnk",75.8657
"49918","zcta",2023,"food_state_rnk",98.8458
"49919","zcta",2023,"food_state_rnk",94.8583
"49920","zcta",2023,"food_state_rnk",61.6999
"49921","zcta",2023,"food_state_rnk",98.7408
"49922","zcta",2023,"food_state_rnk",63.3263
"49925","zcta",2023,"food_state_rnk",46.7996
"49927","zcta",2023,"food_state_rnk",13.6411
"49929","zcta",2023,"food_state_rnk",3.9874
"49930","zcta",2023,"food_state_rnk",79.1186
"49931","zcta",2023,"food_state_rnk",NA
"49934","zcta",2023,"food_state_rnk",96.852
"49935","zcta",2023,"food_state_rnk",26.7576
"49938","zcta",2023,"food_state_rnk",13.9035
"49942","zcta",2023,"food_state_rnk",NA
"49945","zcta",2023,"food_state_rnk",53.3054
"49946","zcta",2023,"food_state_rnk",37.9853
"49947","zcta",2023,"food_state_rnk",19.3075
"49948","zcta",2023,"food_state_rnk",65.3725
"49950","zcta",2023,"food_state_rnk",50.787
"49952","zcta",2023,"food_state_rnk",NA
"49953","zcta",2023,"food_state_rnk",34.1028
"49955","zcta",2023,"food_state_rnk",74.1868
"49958","zcta",2023,"food_state_rnk",94.5435
"49959","zcta",2023,"food_state_rnk",72.8227
"49960","zcta",2023,"food_state_rnk",13.2214
"49961","zcta",2023,"food_state_rnk",58.5519
"49962","zcta",2023,"food_state_rnk",65.7922
"49963","zcta",2023,"food_state_rnk",23.7671
"49965","zcta",2023,"food_state_rnk",97.9014
"49967","zcta",2023,"food_state_rnk",66.0021
"49968","zcta",2023,"food_state_rnk",24.8688
"49969","zcta",2023,"food_state_rnk",31.2697
"49970","zcta",2023,"food_state_rnk",94.3861
"49971","zcta",2023,"food_state_rnk",50.2623
