"geoid","geolevel","year","level","value"
"63005","zcta",2019,"food_score",122.06
"63010","zcta",2019,"food_score",99.52
"63011","zcta",2019,"food_score",119.06
"63012","zcta",2019,"food_score",105.17
"63013","zcta",2019,"food_score",104.72
"63014","zcta",2019,"food_score",109.61
"63015","zcta",2019,"food_score",103.77
"63016","zcta",2019,"food_score",103.48
"63017","zcta",2019,"food_score",118.18
"63019","zcta",2019,"food_score",107.27
"63020","zcta",2019,"food_score",90.82
"63021","zcta",2019,"food_score",116.71
"63023","zcta",2019,"food_score",80.52
"63025","zcta",2019,"food_score",118.24
"63026","zcta",2019,"food_score",101.74
"63028","zcta",2019,"food_score",100.71
"63030","zcta",2019,"food_score",71.31
"63031","zcta",2019,"food_score",96.27
"63033","zcta",2019,"food_score",94.88
"63034","zcta",2019,"food_score",104.46
"63036","zcta",2019,"food_score",91.93
"63037","zcta",2019,"food_score",113.64
"63038","zcta",2019,"food_score",122.54
"63039","zcta",2019,"food_score",111.7
"63040","zcta",2019,"food_score",121.52
"63041","zcta",2019,"food_score",94.14
"63042","zcta",2019,"food_score",100.24
"63043","zcta",2019,"food_score",113.05
"63044","zcta",2019,"food_score",105.6
"63045","zcta",2019,"food_score",NA
"63047","zcta",2019,"food_score",NA
"63048","zcta",2019,"food_score",106.9
"63049","zcta",2019,"food_score",105.72
"63050","zcta",2019,"food_score",107.9
"63051","zcta",2019,"food_score",96.34
"63052","zcta",2019,"food_score",109.55
"63053","zcta",2019,"food_score",NA
"63055","zcta",2019,"food_score",107.72
"63056","zcta",2019,"food_score",116.44
"63057","zcta",2019,"food_score",NA
"63060","zcta",2019,"food_score",105.45
"63061","zcta",2019,"food_score",128.21
"63068","zcta",2019,"food_score",113.41
"63069","zcta",2019,"food_score",111.78
"63070","zcta",2019,"food_score",99.64
"63071","zcta",2019,"food_score",58.73
"63072","zcta",2019,"food_score",78.6
"63073","zcta",2019,"food_score",129.47
"63074","zcta",2019,"food_score",78.01
"63077","zcta",2019,"food_score",92.97
"63079","zcta",2019,"food_score",NA
"63080","zcta",2019,"food_score",92.03
"63084","zcta",2019,"food_score",99.61
"63087","zcta",2019,"food_score",53.76
"63088","zcta",2019,"food_score",117.75
"63089","zcta",2019,"food_score",103.71
"63090","zcta",2019,"food_score",108.72
"63091","zcta",2019,"food_score",110.82
"63101","zcta",2019,"food_score",101.33
"63102","zcta",2019,"food_score",NA
"63103","zcta",2019,"food_score",91.02
"63104","zcta",2019,"food_score",82.8
"63105","zcta",2019,"food_score",119.95
"63106","zcta",2019,"food_score",38.25
"63107","zcta",2019,"food_score",47.61
"63108","zcta",2019,"food_score",85.82
"63109","zcta",2019,"food_score",115.05
"63110","zcta",2019,"food_score",102.38
"63111","zcta",2019,"food_score",57.19
"63112","zcta",2019,"food_score",71.18
"63113","zcta",2019,"food_score",48.54
"63114","zcta",2019,"food_score",86.98
"63115","zcta",2019,"food_score",51.97
"63116","zcta",2019,"food_score",84.5
"63117","zcta",2019,"food_score",123.72
"63118","zcta",2019,"food_score",68.25
"63119","zcta",2019,"food_score",114.45
"63120","zcta",2019,"food_score",28.62
"63121","zcta",2019,"food_score",67.26
"63122","zcta",2019,"food_score",118.35
"63123","zcta",2019,"food_score",107.45
"63124","zcta",2019,"food_score",124.52
"63125","zcta",2019,"food_score",99.33
"63126","zcta",2019,"food_score",120.04
"63127","zcta",2019,"food_score",114.19
"63128","zcta",2019,"food_score",119.64
"63129","zcta",2019,"food_score",113.39
"63130","zcta",2019,"food_score",102.63
"63131","zcta",2019,"food_score",126.77
"63132","zcta",2019,"food_score",105.83
"63133","zcta",2019,"food_score",39.57
"63134","zcta",2019,"food_score",78.94
"63135","zcta",2019,"food_score",72.82
"63136","zcta",2019,"food_score",58.53
"63137","zcta",2019,"food_score",61.27
"63138","zcta",2019,"food_score",62.21
"63139","zcta",2019,"food_score",107.3
"63140","zcta",2019,"food_score",64.3
"63141","zcta",2019,"food_score",125.12
"63143","zcta",2019,"food_score",103.45
"63144","zcta",2019,"food_score",124.49
"63146","zcta",2019,"food_score",114.31
"63147","zcta",2019,"food_score",47.4
"63155","zcta",2019,"food_score",NA
"63301","zcta",2019,"food_score",104.09
"63303","zcta",2019,"food_score",109.41
"63304","zcta",2019,"food_score",117.7
"63330","zcta",2019,"food_score",118.74
"63332","zcta",2019,"food_score",129.41
"63333","zcta",2019,"food_score",106.66
"63334","zcta",2019,"food_score",105.9
"63336","zcta",2019,"food_score",98.93
"63339","zcta",2019,"food_score",99.35
"63341","zcta",2019,"food_score",123.38
"63343","zcta",2019,"food_score",78.82
"63344","zcta",2019,"food_score",116.15
"63345","zcta",2019,"food_score",62.37
"63347","zcta",2019,"food_score",79.55
"63348","zcta",2019,"food_score",116.44
"63349","zcta",2019,"food_score",109.57
"63350","zcta",2019,"food_score",96.12
"63351","zcta",2019,"food_score",96.44
"63352","zcta",2019,"food_score",105.22
"63353","zcta",2019,"food_score",99.31
"63357","zcta",2019,"food_score",112.79
"63359","zcta",2019,"food_score",112.84
"63361","zcta",2019,"food_score",99.72
"63362","zcta",2019,"food_score",102.46
"63363","zcta",2019,"food_score",85.55
"63366","zcta",2019,"food_score",107.11
"63367","zcta",2019,"food_score",123.2
"63368","zcta",2019,"food_score",115.5
"63369","zcta",2019,"food_score",98.83
"63370","zcta",2019,"food_score",NA
"63373","zcta",2019,"food_score",111.82
"63376","zcta",2019,"food_score",112.38
"63377","zcta",2019,"food_score",105.99
"63379","zcta",2019,"food_score",102.78
"63381","zcta",2019,"food_score",81.08
"63382","zcta",2019,"food_score",107.45
"63383","zcta",2019,"food_score",92.13
"63384","zcta",2019,"food_score",103.28
"63385","zcta",2019,"food_score",112.45
"63386","zcta",2019,"food_score",119.15
"63387","zcta",2019,"food_score",NA
"63388","zcta",2019,"food_score",112.16
"63389","zcta",2019,"food_score",110.72
"63390","zcta",2019,"food_score",94.45
"63401","zcta",2019,"food_score",89.47
"63430","zcta",2019,"food_score",114.79
"63431","zcta",2019,"food_score",118.01
"63432","zcta",2019,"food_score",122.02
"63433","zcta",2019,"food_score",NA
"63434","zcta",2019,"food_score",118.07
"63435","zcta",2019,"food_score",105.92
"63436","zcta",2019,"food_score",110.15
"63437","zcta",2019,"food_score",90.24
"63438","zcta",2019,"food_score",125.08
"63439","zcta",2019,"food_score",122.75
"63440","zcta",2019,"food_score",100.58
"63441","zcta",2019,"food_score",112.79
"63443","zcta",2019,"food_score",65.97
"63445","zcta",2019,"food_score",96.89
"63446","zcta",2019,"food_score",113.7
"63447","zcta",2019,"food_score",102.86
"63448","zcta",2019,"food_score",88.36
"63450","zcta",2019,"food_score",115.85
"63451","zcta",2019,"food_score",126.78
"63452","zcta",2019,"food_score",107.07
"63453","zcta",2019,"food_score",121.03
"63454","zcta",2019,"food_score",101.07
"63456","zcta",2019,"food_score",107.73
"63457","zcta",2019,"food_score",111.33
"63458","zcta",2019,"food_score",90.91
"63459","zcta",2019,"food_score",112.25
"63460","zcta",2019,"food_score",96.91
"63461","zcta",2019,"food_score",104.95
"63462","zcta",2019,"food_score",119.67
"63463","zcta",2019,"food_score",81.72
"63464","zcta",2019,"food_score",NA
"63465","zcta",2019,"food_score",113.52
"63467","zcta",2019,"food_score",NA
"63468","zcta",2019,"food_score",97.94
"63469","zcta",2019,"food_score",111.76
"63471","zcta",2019,"food_score",127.3
"63472","zcta",2019,"food_score",108.49
"63473","zcta",2019,"food_score",126.6
"63474","zcta",2019,"food_score",111.25
"63501","zcta",2019,"food_score",100.59
"63530","zcta",2019,"food_score",74.52
"63531","zcta",2019,"food_score",126.55
"63532","zcta",2019,"food_score",101.47
"63533","zcta",2019,"food_score",106.5
"63534","zcta",2019,"food_score",101.27
"63535","zcta",2019,"food_score",NA
"63536","zcta",2019,"food_score",108.55
"63537","zcta",2019,"food_score",98.05
"63538","zcta",2019,"food_score",64.34
"63539","zcta",2019,"food_score",99.86
"63540","zcta",2019,"food_score",113.64
"63541","zcta",2019,"food_score",110.03
"63543","zcta",2019,"food_score",114.62
"63544","zcta",2019,"food_score",95.43
"63545","zcta",2019,"food_score",111.37
"63546","zcta",2019,"food_score",92.74
"63547","zcta",2019,"food_score",101.19
"63548","zcta",2019,"food_score",99.54
"63549","zcta",2019,"food_score",102.77
"63551","zcta",2019,"food_score",99.44
"63552","zcta",2019,"food_score",103.67
"63555","zcta",2019,"food_score",114.57
"63556","zcta",2019,"food_score",104.4
"63557","zcta",2019,"food_score",107.75
"63558","zcta",2019,"food_score",99.33
"63559","zcta",2019,"food_score",86.75
"63560","zcta",2019,"food_score",68.71
"63561","zcta",2019,"food_score",92.93
"63563","zcta",2019,"food_score",108.08
"63565","zcta",2019,"food_score",101.9
"63566","zcta",2019,"food_score",NA
"63567","zcta",2019,"food_score",66.51
"63601","zcta",2019,"food_score",80.3
"63620","zcta",2019,"food_score",77.74
"63621","zcta",2019,"food_score",87.64
"63622","zcta",2019,"food_score",84.51
"63623","zcta",2019,"food_score",103.37
"63624","zcta",2019,"food_score",96.89
"63625","zcta",2019,"food_score",123.25
"63626","zcta",2019,"food_score",112.94
"63627","zcta",2019,"food_score",84.78
"63628","zcta",2019,"food_score",84.72
"63629","zcta",2019,"food_score",98.94
"63630","zcta",2019,"food_score",82.06
"63631","zcta",2019,"food_score",105.68
"63633","zcta",2019,"food_score",71.47
"63636","zcta",2019,"food_score",102.82
"63637","zcta",2019,"food_score",50.3
"63638","zcta",2019,"food_score",75.83
"63640","zcta",2019,"food_score",99.11
"63645","zcta",2019,"food_score",92.65
"63648","zcta",2019,"food_score",61.34
"63650","zcta",2019,"food_score",93.13
"63653","zcta",2019,"food_score",63.32
"63654","zcta",2019,"food_score",100.57
"63655","zcta",2019,"food_score",90.48
"63656","zcta",2019,"food_score",100.92
"63660","zcta",2019,"food_score",62.31
"63662","zcta",2019,"food_score",111.69
"63663","zcta",2019,"food_score",40.56
"63664","zcta",2019,"food_score",85.18
"63665","zcta",2019,"food_score",123.99
"63666","zcta",2019,"food_score",NA
"63670","zcta",2019,"food_score",102.05
"63673","zcta",2019,"food_score",117.85
"63674","zcta",2019,"food_score",NA
"63675","zcta",2019,"food_score",112.55
"63701","zcta",2019,"food_score",105.13
"63703","zcta",2019,"food_score",70.81
"63730","zcta",2019,"food_score",103.13
"63732","zcta",2019,"food_score",122.64
"63735","zcta",2019,"food_score",95.71
"63736","zcta",2019,"food_score",106.97
"63738","zcta",2019,"food_score",NA
"63739","zcta",2019,"food_score",73.45
"63740","zcta",2019,"food_score",100.23
"63742","zcta",2019,"food_score",NA
"63743","zcta",2019,"food_score",NA
"63744","zcta",2019,"food_score",67.67
"63745","zcta",2019,"food_score",NA
"63746","zcta",2019,"food_score",NA
"63747","zcta",2019,"food_score",119.65
"63748","zcta",2019,"food_score",109.83
"63750","zcta",2019,"food_score",NA
"63751","zcta",2019,"food_score",103.13
"63755","zcta",2019,"food_score",103.68
"63758","zcta",2019,"food_score",107.92
"63760","zcta",2019,"food_score",124.54
"63763","zcta",2019,"food_score",123.49
"63764","zcta",2019,"food_score",86.23
"63766","zcta",2019,"food_score",102.82
"63767","zcta",2019,"food_score",64.53
"63769","zcta",2019,"food_score",106.94
"63770","zcta",2019,"food_score",78.23
"63771","zcta",2019,"food_score",102.15
"63774","zcta",2019,"food_score",73.25
"63775","zcta",2019,"food_score",101.73
"63780","zcta",2019,"food_score",74.2
"63781","zcta",2019,"food_score",94.11
"63782","zcta",2019,"food_score",111.5
"63783","zcta",2019,"food_score",127.93
"63784","zcta",2019,"food_score",89.79
"63785","zcta",2019,"food_score",102.07
"63787","zcta",2019,"food_score",82.36
"63801","zcta",2019,"food_score",72.31
"63820","zcta",2019,"food_score",39.35
"63821","zcta",2019,"food_score",52.53
"63822","zcta",2019,"food_score",72.89
"63823","zcta",2019,"food_score",65.24
"63824","zcta",2019,"food_score",58.35
"63825","zcta",2019,"food_score",85.97
"63826","zcta",2019,"food_score",NA
"63827","zcta",2019,"food_score",82.32
"63828","zcta",2019,"food_score",50.92
"63829","zcta",2019,"food_score",49.46
"63830","zcta",2019,"food_score",62.02
"63833","zcta",2019,"food_score",113.02
"63834","zcta",2019,"food_score",55.9
"63837","zcta",2019,"food_score",73.84
"63839","zcta",2019,"food_score",70.35
"63841","zcta",2019,"food_score",80.78
"63845","zcta",2019,"food_score",72.48
"63846","zcta",2019,"food_score",85.91
"63847","zcta",2019,"food_score",21
"63848","zcta",2019,"food_score",78.14
"63849","zcta",2019,"food_score",58.28
"63851","zcta",2019,"food_score",37.89
"63852","zcta",2019,"food_score",65.66
"63853","zcta",2019,"food_score",108
"63855","zcta",2019,"food_score",95.83
"63857","zcta",2019,"food_score",72.47
"63860","zcta",2019,"food_score",106.16
"63862","zcta",2019,"food_score",44.51
"63863","zcta",2019,"food_score",61.34
"63866","zcta",2019,"food_score",61.08
"63867","zcta",2019,"food_score",73.69
"63868","zcta",2019,"food_score",78.33
"63869","zcta",2019,"food_score",53.48
"63870","zcta",2019,"food_score",54.79
"63873","zcta",2019,"food_score",65.77
"63874","zcta",2019,"food_score",87.45
"63876","zcta",2019,"food_score",68.75
"63877","zcta",2019,"food_score",63.64
"63878","zcta",2019,"food_score",NA
"63879","zcta",2019,"food_score",62.62
"63880","zcta",2019,"food_score",63.77
"63882","zcta",2019,"food_score",62.9
"63901","zcta",2019,"food_score",70.52
"63902","zcta",2019,"food_score",NA
"63932","zcta",2019,"food_score",64.16
"63933","zcta",2019,"food_score",61.22
"63934","zcta",2019,"food_score",111.86
"63935","zcta",2019,"food_score",79.91
"63936","zcta",2019,"food_score",82.7
"63937","zcta",2019,"food_score",96.99
"63939","zcta",2019,"food_score",93.29
"63940","zcta",2019,"food_score",107.21
"63941","zcta",2019,"food_score",124.1
"63942","zcta",2019,"food_score",101.39
"63943","zcta",2019,"food_score",63.83
"63944","zcta",2019,"food_score",84.34
"63945","zcta",2019,"food_score",81.23
"63951","zcta",2019,"food_score",75.03
"63952","zcta",2019,"food_score",82.8
"63953","zcta",2019,"food_score",80.4
"63954","zcta",2019,"food_score",66.09
"63955","zcta",2019,"food_score",75.5
"63956","zcta",2019,"food_score",74.17
"63957","zcta",2019,"food_score",74.33
"63960","zcta",2019,"food_score",85.3
"63961","zcta",2019,"food_score",84.48
"63962","zcta",2019,"food_score",-22.74
"63964","zcta",2019,"food_score",81.95
"63965","zcta",2019,"food_score",95.87
"63966","zcta",2019,"food_score",102.96
"63967","zcta",2019,"food_score",92.45
"64001","zcta",2019,"food_score",106.14
"64011","zcta",2019,"food_score",108.2
"64012","zcta",2019,"food_score",97.75
"64014","zcta",2019,"food_score",112.74
"64015","zcta",2019,"food_score",108.78
"64016","zcta",2019,"food_score",104.49
"64017","zcta",2019,"food_score",115.27
"64018","zcta",2019,"food_score",117.62
"64019","zcta",2019,"food_score",118.92
"64020","zcta",2019,"food_score",104.73
"64021","zcta",2019,"food_score",96.55
"64022","zcta",2019,"food_score",124.23
"64024","zcta",2019,"food_score",102.87
"64029","zcta",2019,"food_score",116.55
"64030","zcta",2019,"food_score",88.97
"64034","zcta",2019,"food_score",123.09
"64035","zcta",2019,"food_score",101.49
"64036","zcta",2019,"food_score",69.35
"64037","zcta",2019,"food_score",91.51
"64040","zcta",2019,"food_score",97.5
"64048","zcta",2019,"food_score",121.62
"64050","zcta",2019,"food_score",87.87
"64052","zcta",2019,"food_score",93.25
"64053","zcta",2019,"food_score",87.91
"64054","zcta",2019,"food_score",98.89
"64055","zcta",2019,"food_score",102.11
"64056","zcta",2019,"food_score",91.91
"64057","zcta",2019,"food_score",114.24
"64058","zcta",2019,"food_score",106.22
"64060","zcta",2019,"food_score",121.13
"64061","zcta",2019,"food_score",118.55
"64062","zcta",2019,"food_score",115.39
"64063","zcta",2019,"food_score",106.45
"64064","zcta",2019,"food_score",116.17
"64065","zcta",2019,"food_score",NA
"64066","zcta",2019,"food_score",NA
"64067","zcta",2019,"food_score",99.94
"64068","zcta",2019,"food_score",108.62
"64070","zcta",2019,"food_score",123.87
"64071","zcta",2019,"food_score",109.86
"64072","zcta",2019,"food_score",116.98
"64074","zcta",2019,"food_score",83.82
"64075","zcta",2019,"food_score",102.26
"64076","zcta",2019,"food_score",99.13
"64077","zcta",2019,"food_score",110.8
"64078","zcta",2019,"food_score",120.19
"64079","zcta",2019,"food_score",112.29
"64080","zcta",2019,"food_score",111.71
"64081","zcta",2019,"food_score",121.79
"64082","zcta",2019,"food_score",121.91
"64083","zcta",2019,"food_score",113.92
"64084","zcta",2019,"food_score",110.65
"64085","zcta",2019,"food_score",97.57
"64086","zcta",2019,"food_score",117.58
"64088","zcta",2019,"food_score",114.89
"64089","zcta",2019,"food_score",113.89
"64090","zcta",2019,"food_score",97.02
"64092","zcta",2019,"food_score",NA
"64093","zcta",2019,"food_score",102.76
"64096","zcta",2019,"food_score",112.11
"64097","zcta",2019,"food_score",97.4
"64098","zcta",2019,"food_score",123.33
"64101","zcta",2019,"food_score",NA
"64102","zcta",2019,"food_score",NA
"64105","zcta",2019,"food_score",94.76
"64106","zcta",2019,"food_score",55.51
"64108","zcta",2019,"food_score",98.75
"64109","zcta",2019,"food_score",81.14
"64110","zcta",2019,"food_score",97.54
"64111","zcta",2019,"food_score",105.16
"64112","zcta",2019,"food_score",122.21
"64113","zcta",2019,"food_score",121.91
"64114","zcta",2019,"food_score",121.47
"64116","zcta",2019,"food_score",107.12
"64117","zcta",2019,"food_score",89.28
"64118","zcta",2019,"food_score",95.75
"64119","zcta",2019,"food_score",110.1
"64120","zcta",2019,"food_score",101.99
"64123","zcta",2019,"food_score",87.98
"64124","zcta",2019,"food_score",81.92
"64125","zcta",2019,"food_score",70.36
"64126","zcta",2019,"food_score",60.45
"64127","zcta",2019,"food_score",61.02
"64128","zcta",2019,"food_score",53.15
"64129","zcta",2019,"food_score",83.6
"64130","zcta",2019,"food_score",68.68
"64131","zcta",2019,"food_score",95.32
"64132","zcta",2019,"food_score",65.92
"64133","zcta",2019,"food_score",93.67
"64134","zcta",2019,"food_score",83.33
"64136","zcta",2019,"food_score",77.11
"64137","zcta",2019,"food_score",108.15
"64138","zcta",2019,"food_score",92.88
"64139","zcta",2019,"food_score",125.27
"64145","zcta",2019,"food_score",118.26
"64146","zcta",2019,"food_score",112.3
"64147","zcta",2019,"food_score",-8.46
"64149","zcta",2019,"food_score",83.92
"64150","zcta",2019,"food_score",84.69
"64151","zcta",2019,"food_score",109.34
"64152","zcta",2019,"food_score",116.7
"64153","zcta",2019,"food_score",129.15
"64154","zcta",2019,"food_score",119.21
"64155","zcta",2019,"food_score",114.33
"64156","zcta",2019,"food_score",117.79
"64157","zcta",2019,"food_score",121.9
"64158","zcta",2019,"food_score",115.95
"64161","zcta",2019,"food_score",101.77
"64163","zcta",2019,"food_score",89.35
"64164","zcta",2019,"food_score",127.73
"64165","zcta",2019,"food_score",130.43
"64166","zcta",2019,"food_score",119.74
"64167","zcta",2019,"food_score",130.15
"64192","zcta",2019,"food_score",NA
"64401","zcta",2019,"food_score",97.06
"64402","zcta",2019,"food_score",105.87
"64420","zcta",2019,"food_score",NA
"64421","zcta",2019,"food_score",79.27
"64422","zcta",2019,"food_score",126.84
"64423","zcta",2019,"food_score",113.93
"64424","zcta",2019,"food_score",81.18
"64426","zcta",2019,"food_score",103.42
"64427","zcta",2019,"food_score",107.99
"64428","zcta",2019,"food_score",101.92
"64429","zcta",2019,"food_score",104.46
"64430","zcta",2019,"food_score",116.95
"64431","zcta",2019,"food_score",113.83
"64432","zcta",2019,"food_score",NA
"64433","zcta",2019,"food_score",NA
"64434","zcta",2019,"food_score",108.53
"64436","zcta",2019,"food_score",120.62
"64437","zcta",2019,"food_score",87.3
"64438","zcta",2019,"food_score",120.41
"64439","zcta",2019,"food_score",116.46
"64440","zcta",2019,"food_score",121.19
"64441","zcta",2019,"food_score",NA
"64442","zcta",2019,"food_score",109.8
"64443","zcta",2019,"food_score",118.57
"64444","zcta",2019,"food_score",108.98
"64445","zcta",2019,"food_score",109.65
"64446","zcta",2019,"food_score",103.81
"64448","zcta",2019,"food_score",128.44
"64449","zcta",2019,"food_score",120.22
"64451","zcta",2019,"food_score",115.35
"64453","zcta",2019,"food_score",116.59
"64454","zcta",2019,"food_score",104.97
"64455","zcta",2019,"food_score",106.25
"64456","zcta",2019,"food_score",108.3
"64457","zcta",2019,"food_score",112.59
"64458","zcta",2019,"food_score",128.26
"64459","zcta",2019,"food_score",102.59
"64461","zcta",2019,"food_score",114.27
"64463","zcta",2019,"food_score",93.02
"64465","zcta",2019,"food_score",105.47
"64466","zcta",2019,"food_score",107.01
"64467","zcta",2019,"food_score",122.32
"64468","zcta",2019,"food_score",96.82
"64469","zcta",2019,"food_score",108.51
"64470","zcta",2019,"food_score",121.98
"64471","zcta",2019,"food_score",107.01
"64473","zcta",2019,"food_score",100.43
"64474","zcta",2019,"food_score",116.46
"64475","zcta",2019,"food_score",97.66
"64476","zcta",2019,"food_score",101.99
"64477","zcta",2019,"food_score",112.76
"64479","zcta",2019,"food_score",105.83
"64480","zcta",2019,"food_score",128.13
"64481","zcta",2019,"food_score",99.15
"64482","zcta",2019,"food_score",108.91
"64483","zcta",2019,"food_score",116.97
"64484","zcta",2019,"food_score",92.06
"64485","zcta",2019,"food_score",110.25
"64486","zcta",2019,"food_score",96.91
"64487","zcta",2019,"food_score",112.5
"64489","zcta",2019,"food_score",106.75
"64490","zcta",2019,"food_score",118.94
"64491","zcta",2019,"food_score",107.36
"64492","zcta",2019,"food_score",112.39
"64493","zcta",2019,"food_score",103.62
"64494","zcta",2019,"food_score",111.92
"64496","zcta",2019,"food_score",NA
"64497","zcta",2019,"food_score",111.66
"64498","zcta",2019,"food_score",116.55
"64499","zcta",2019,"food_score",NA
"64501","zcta",2019,"food_score",61.92
"64503","zcta",2019,"food_score",87.4
"64504","zcta",2019,"food_score",93.18
"64505","zcta",2019,"food_score",95.66
"64506","zcta",2019,"food_score",111.16
"64507","zcta",2019,"food_score",94.46
"64601","zcta",2019,"food_score",94.95
"64620","zcta",2019,"food_score",93.03
"64622","zcta",2019,"food_score",108.48
"64623","zcta",2019,"food_score",99.55
"64624","zcta",2019,"food_score",105.08
"64625","zcta",2019,"food_score",103.01
"64628","zcta",2019,"food_score",98.44
"64630","zcta",2019,"food_score",112.13
"64631","zcta",2019,"food_score",107.08
"64632","zcta",2019,"food_score",88.37
"64633","zcta",2019,"food_score",87.43
"64635","zcta",2019,"food_score",103.89
"64636","zcta",2019,"food_score",73.02
"64637","zcta",2019,"food_score",102.29
"64638","zcta",2019,"food_score",109.78
"64639","zcta",2019,"food_score",84.37
"64640","zcta",2019,"food_score",91.89
"64641","zcta",2019,"food_score",120.72
"64642","zcta",2019,"food_score",104.7
"64643","zcta",2019,"food_score",110.21
"64644","zcta",2019,"food_score",99.69
"64645","zcta",2019,"food_score",125.34
"64646","zcta",2019,"food_score",111.47
"64647","zcta",2019,"food_score",85.14
"64648","zcta",2019,"food_score",107.1
"64649","zcta",2019,"food_score",107.72
"64650","zcta",2019,"food_score",115.37
"64651","zcta",2019,"food_score",120.59
"64652","zcta",2019,"food_score",98.28
"64653","zcta",2019,"food_score",113.17
"64654","zcta",2019,"food_score",NA
"64655","zcta",2019,"food_score",127.03
"64656","zcta",2019,"food_score",96.74
"64657","zcta",2019,"food_score",120.3
"64658","zcta",2019,"food_score",113.63
"64659","zcta",2019,"food_score",113.19
"64660","zcta",2019,"food_score",126.16
"64661","zcta",2019,"food_score",111.29
"64664","zcta",2019,"food_score",104.71
"64667","zcta",2019,"food_score",96.03
"64668","zcta",2019,"food_score",99.96
"64670","zcta",2019,"food_score",100.56
"64671","zcta",2019,"food_score",98.48
"64672","zcta",2019,"food_score",120.54
"64673","zcta",2019,"food_score",117.81
"64674","zcta",2019,"food_score",115.24
"64676","zcta",2019,"food_score",124.15
"64679","zcta",2019,"food_score",101.21
"64681","zcta",2019,"food_score",112.66
"64682","zcta",2019,"food_score",106.15
"64683","zcta",2019,"food_score",96.15
"64686","zcta",2019,"food_score",75.56
"64688","zcta",2019,"food_score",112.09
"64689","zcta",2019,"food_score",92.41
"64701","zcta",2019,"food_score",99.98
"64720","zcta",2019,"food_score",104.22
"64722","zcta",2019,"food_score",100.14
"64723","zcta",2019,"food_score",104.58
"64724","zcta",2019,"food_score",98.6
"64725","zcta",2019,"food_score",108.67
"64726","zcta",2019,"food_score",95.62
"64728","zcta",2019,"food_score",81.84
"64730","zcta",2019,"food_score",93.7
"64733","zcta",2019,"food_score",88.67
"64734","zcta",2019,"food_score",114.25
"64735","zcta",2019,"food_score",78.99
"64738","zcta",2019,"food_score",85.71
"64739","zcta",2019,"food_score",102.79
"64740","zcta",2019,"food_score",80.93
"64741","zcta",2019,"food_score",100.51
"64742","zcta",2019,"food_score",108.87
"64743","zcta",2019,"food_score",70.08
"64744","zcta",2019,"food_score",79.78
"64745","zcta",2019,"food_score",107.19
"64746","zcta",2019,"food_score",97.14
"64747","zcta",2019,"food_score",106.65
"64748","zcta",2019,"food_score",97.75
"64750","zcta",2019,"food_score",123.96
"64752","zcta",2019,"food_score",96.22
"64755","zcta",2019,"food_score",94.36
"64756","zcta",2019,"food_score",84.86
"64759","zcta",2019,"food_score",87.76
"64761","zcta",2019,"food_score",92.27
"64762","zcta",2019,"food_score",105.48
"64763","zcta",2019,"food_score",98.63
"64765","zcta",2019,"food_score",NA
"64767","zcta",2019,"food_score",78.41
"64769","zcta",2019,"food_score",94.02
"64770","zcta",2019,"food_score",102.5
"64771","zcta",2019,"food_score",117.93
"64772","zcta",2019,"food_score",95.21
"64776","zcta",2019,"food_score",99.75
"64778","zcta",2019,"food_score",113.84
"64779","zcta",2019,"food_score",99.08
"64780","zcta",2019,"food_score",91.67
"64781","zcta",2019,"food_score",NA
"64783","zcta",2019,"food_score",110.94
"64784","zcta",2019,"food_score",96.24
"64788","zcta",2019,"food_score",104.15
"64790","zcta",2019,"food_score",99.97
"64801","zcta",2019,"food_score",92.5
"64804","zcta",2019,"food_score",93.7
"64830","zcta",2019,"food_score",96.41
"64831","zcta",2019,"food_score",108.2
"64832","zcta",2019,"food_score",115.77
"64833","zcta",2019,"food_score",NA
"64834","zcta",2019,"food_score",101.72
"64835","zcta",2019,"food_score",91.09
"64836","zcta",2019,"food_score",95.03
"64840","zcta",2019,"food_score",115.03
"64841","zcta",2019,"food_score",92.56
"64842","zcta",2019,"food_score",95.48
"64843","zcta",2019,"food_score",89.53
"64844","zcta",2019,"food_score",93.21
"64847","zcta",2019,"food_score",84.04
"64848","zcta",2019,"food_score",78.15
"64849","zcta",2019,"food_score",82.54
"64850","zcta",2019,"food_score",91.01
"64854","zcta",2019,"food_score",76.13
"64855","zcta",2019,"food_score",112.32
"64856","zcta",2019,"food_score",103.1
"64857","zcta",2019,"food_score",100.11
"64858","zcta",2019,"food_score",119.12
"64859","zcta",2019,"food_score",75.99
"64861","zcta",2019,"food_score",93.37
"64862","zcta",2019,"food_score",94.75
"64863","zcta",2019,"food_score",89.45
"64865","zcta",2019,"food_score",91.67
"64866","zcta",2019,"food_score",96.84
"64867","zcta",2019,"food_score",108.58
"64870","zcta",2019,"food_score",97.61
"64873","zcta",2019,"food_score",120.43
"64874","zcta",2019,"food_score",86.66
"65001","zcta",2019,"food_score",128.05
"65010","zcta",2019,"food_score",114.41
"65011","zcta",2019,"food_score",102.85
"65013","zcta",2019,"food_score",99.11
"65014","zcta",2019,"food_score",107.14
"65016","zcta",2019,"food_score",121.79
"65017","zcta",2019,"food_score",104.03
"65018","zcta",2019,"food_score",114.36
"65020","zcta",2019,"food_score",88.3
"65023","zcta",2019,"food_score",116.73
"65024","zcta",2019,"food_score",102.23
"65025","zcta",2019,"food_score",108.56
"65026","zcta",2019,"food_score",87.61
"65032","zcta",2019,"food_score",117.12
"65034","zcta",2019,"food_score",110.86
"65035","zcta",2019,"food_score",114.14
"65037","zcta",2019,"food_score",106.86
"65039","zcta",2019,"food_score",110.07
"65040","zcta",2019,"food_score",94.74
"65041","zcta",2019,"food_score",107.66
"65043","zcta",2019,"food_score",103.69
"65046","zcta",2019,"food_score",113.52
"65047","zcta",2019,"food_score",76.33
"65048","zcta",2019,"food_score",128.77
"65049","zcta",2019,"food_score",97.71
"65050","zcta",2019,"food_score",108.26
"65051","zcta",2019,"food_score",110.61
"65052","zcta",2019,"food_score",103.34
"65053","zcta",2019,"food_score",116.13
"65054","zcta",2019,"food_score",125.48
"65058","zcta",2019,"food_score",117.71
"65059","zcta",2019,"food_score",107.6
"65061","zcta",2019,"food_score",84.26
"65062","zcta",2019,"food_score",NA
"65063","zcta",2019,"food_score",107.68
"65064","zcta",2019,"food_score",109.97
"65065","zcta",2019,"food_score",90.87
"65066","zcta",2019,"food_score",112.99
"65067","zcta",2019,"food_score",85.98
"65068","zcta",2019,"food_score",113.97
"65069","zcta",2019,"food_score",114.84
"65072","zcta",2019,"food_score",83.97
"65074","zcta",2019,"food_score",113.16
"65075","zcta",2019,"food_score",104.11
"65076","zcta",2019,"food_score",128.7
"65077","zcta",2019,"food_score",123.79
"65078","zcta",2019,"food_score",83.19
"65079","zcta",2019,"food_score",97.68
"65080","zcta",2019,"food_score",110.62
"65081","zcta",2019,"food_score",97.4
"65082","zcta",2019,"food_score",98.02
"65083","zcta",2019,"food_score",103.68
"65084","zcta",2019,"food_score",90.17
"65085","zcta",2019,"food_score",119.93
"65101","zcta",2019,"food_score",96.21
"65109","zcta",2019,"food_score",103.25
"65201","zcta",2019,"food_score",103.66
"65202","zcta",2019,"food_score",89.88
"65203","zcta",2019,"food_score",107.41
"65215","zcta",2019,"food_score",NA
"65230","zcta",2019,"food_score",89.19
"65231","zcta",2019,"food_score",105.98
"65232","zcta",2019,"food_score",100.35
"65233","zcta",2019,"food_score",101.02
"65236","zcta",2019,"food_score",99.22
"65237","zcta",2019,"food_score",87.86
"65239","zcta",2019,"food_score",112.77
"65240","zcta",2019,"food_score",96.75
"65243","zcta",2019,"food_score",103.91
"65244","zcta",2019,"food_score",112.72
"65246","zcta",2019,"food_score",NA
"65247","zcta",2019,"food_score",122.86
"65248","zcta",2019,"food_score",98.48
"65250","zcta",2019,"food_score",110.35
"65251","zcta",2019,"food_score",95.93
"65254","zcta",2019,"food_score",108.05
"65255","zcta",2019,"food_score",99.93
"65256","zcta",2019,"food_score",120.09
"65257","zcta",2019,"food_score",100.88
"65258","zcta",2019,"food_score",115.79
"65259","zcta",2019,"food_score",112.65
"65260","zcta",2019,"food_score",102.07
"65261","zcta",2019,"food_score",108.76
"65262","zcta",2019,"food_score",93.83
"65263","zcta",2019,"food_score",103.65
"65264","zcta",2019,"food_score",115.16
"65265","zcta",2019,"food_score",101.08
"65270","zcta",2019,"food_score",88.99
"65274","zcta",2019,"food_score",95.51
"65275","zcta",2019,"food_score",100.51
"65276","zcta",2019,"food_score",103.86
"65278","zcta",2019,"food_score",92.46
"65279","zcta",2019,"food_score",114.6
"65280","zcta",2019,"food_score",98.47
"65281","zcta",2019,"food_score",105.12
"65282","zcta",2019,"food_score",NA
"65283","zcta",2019,"food_score",105.43
"65284","zcta",2019,"food_score",110.41
"65285","zcta",2019,"food_score",123.68
"65286","zcta",2019,"food_score",91.83
"65287","zcta",2019,"food_score",123.7
"65301","zcta",2019,"food_score",91.55
"65305","zcta",2019,"food_score",112.28
"65320","zcta",2019,"food_score",NA
"65321","zcta",2019,"food_score",86.15
"65322","zcta",2019,"food_score",111.55
"65323","zcta",2019,"food_score",93.26
"65324","zcta",2019,"food_score",80.56
"65325","zcta",2019,"food_score",94.39
"65326","zcta",2019,"food_score",80.99
"65327","zcta",2019,"food_score",117.28
"65329","zcta",2019,"food_score",122.89
"65330","zcta",2019,"food_score",81.43
"65332","zcta",2019,"food_score",99.46
"65333","zcta",2019,"food_score",117.37
"65334","zcta",2019,"food_score",109.01
"65335","zcta",2019,"food_score",70.2
"65336","zcta",2019,"food_score",103.41
"65337","zcta",2019,"food_score",104.57
"65338","zcta",2019,"food_score",84.97
"65339","zcta",2019,"food_score",110.33
"65340","zcta",2019,"food_score",94.51
"65344","zcta",2019,"food_score",108.47
"65345","zcta",2019,"food_score",127.06
"65347","zcta",2019,"food_score",103.45
"65348","zcta",2019,"food_score",97.76
"65349","zcta",2019,"food_score",86.85
"65350","zcta",2019,"food_score",113.67
"65351","zcta",2019,"food_score",107.1
"65354","zcta",2019,"food_score",107.78
"65355","zcta",2019,"food_score",92.25
"65360","zcta",2019,"food_score",93.46
"65401","zcta",2019,"food_score",91.89
"65436","zcta",2019,"food_score",NA
"65438","zcta",2019,"food_score",67.42
"65439","zcta",2019,"food_score",53.96
"65440","zcta",2019,"food_score",102.97
"65441","zcta",2019,"food_score",89.23
"65443","zcta",2019,"food_score",126.34
"65444","zcta",2019,"food_score",85.88
"65446","zcta",2019,"food_score",120.49
"65449","zcta",2019,"food_score",97.71
"65452","zcta",2019,"food_score",86.77
"65453","zcta",2019,"food_score",82.44
"65456","zcta",2019,"food_score",96.81
"65457","zcta",2019,"food_score",117.63
"65459","zcta",2019,"food_score",97.73
"65461","zcta",2019,"food_score",NA
"65462","zcta",2019,"food_score",103.04
"65463","zcta",2019,"food_score",92.88
"65464","zcta",2019,"food_score",53.08
"65466","zcta",2019,"food_score",80.78
"65468","zcta",2019,"food_score",NA
"65470","zcta",2019,"food_score",83.02
"65473","zcta",2019,"food_score",NA
"65479","zcta",2019,"food_score",113.12
"65483","zcta",2019,"food_score",77.44
"65484","zcta",2019,"food_score",NA
"65486","zcta",2019,"food_score",103.69
"65501","zcta",2019,"food_score",113.8
"65529","zcta",2019,"food_score",126.83
"65534","zcta",2019,"food_score",115.68
"65535","zcta",2019,"food_score",74.64
"65536","zcta",2019,"food_score",89.58
"65541","zcta",2019,"food_score",112.11
"65542","zcta",2019,"food_score",91.75
"65543","zcta",2019,"food_score",114.29
"65548","zcta",2019,"food_score",85.16
"65550","zcta",2019,"food_score",103.42
"65552","zcta",2019,"food_score",110.84
"65555","zcta",2019,"food_score",89
"65556","zcta",2019,"food_score",81.53
"65557","zcta",2019,"food_score",123.63
"65559","zcta",2019,"food_score",99.58
"65560","zcta",2019,"food_score",83.78
"65564","zcta",2019,"food_score",121.95
"65565","zcta",2019,"food_score",93.28
"65566","zcta",2019,"food_score",85.91
"65567","zcta",2019,"food_score",105.88
"65570","zcta",2019,"food_score",96.9
"65571","zcta",2019,"food_score",106.48
"65580","zcta",2019,"food_score",122.28
"65582","zcta",2019,"food_score",94.24
"65583","zcta",2019,"food_score",101.85
"65584","zcta",2019,"food_score",103.54
"65586","zcta",2019,"food_score",NA
"65588","zcta",2019,"food_score",82.01
"65589","zcta",2019,"food_score",NA
"65590","zcta",2019,"food_score",116.41
"65591","zcta",2019,"food_score",79.91
"65601","zcta",2019,"food_score",100.37
"65603","zcta",2019,"food_score",111.42
"65604","zcta",2019,"food_score",103.69
"65605","zcta",2019,"food_score",87.18
"65606","zcta",2019,"food_score",84.86
"65608","zcta",2019,"food_score",67.34
"65609","zcta",2019,"food_score",68.51
"65610","zcta",2019,"food_score",106.58
"65611","zcta",2019,"food_score",108.22
"65612","zcta",2019,"food_score",119.51
"65613","zcta",2019,"food_score",87.74
"65614","zcta",2019,"food_score",113.72
"65616","zcta",2019,"food_score",90.29
"65617","zcta",2019,"food_score",117.01
"65618","zcta",2019,"food_score",70.69
"65619","zcta",2019,"food_score",111.01
"65620","zcta",2019,"food_score",126.75
"65622","zcta",2019,"food_score",96.07
"65623","zcta",2019,"food_score",NA
"65624","zcta",2019,"food_score",109.7
"65625","zcta",2019,"food_score",86.32
"65626","zcta",2019,"food_score",92.97
"65627","zcta",2019,"food_score",106.93
"65629","zcta",2019,"food_score",77.32
"65630","zcta",2019,"food_score",126.91
"65631","zcta",2019,"food_score",102.11
"65632","zcta",2019,"food_score",94.01
"65633","zcta",2019,"food_score",87.12
"65634","zcta",2019,"food_score",67.7
"65635","zcta",2019,"food_score",101.33
"65637","zcta",2019,"food_score",90.47
"65638","zcta",2019,"food_score",104.41
"65640","zcta",2019,"food_score",94.37
"65641","zcta",2019,"food_score",92.29
"65644","zcta",2019,"food_score",108.96
"65646","zcta",2019,"food_score",95.31
"65647","zcta",2019,"food_score",106.03
"65648","zcta",2019,"food_score",116.22
"65649","zcta",2019,"food_score",87.38
"65650","zcta",2019,"food_score",89.34
"65652","zcta",2019,"food_score",86.85
"65653","zcta",2019,"food_score",94.57
"65654","zcta",2019,"food_score",92.49
"65655","zcta",2019,"food_score",79.88
"65656","zcta",2019,"food_score",93.89
"65657","zcta",2019,"food_score",121.05
"65658","zcta",2019,"food_score",90.13
"65660","zcta",2019,"food_score",84.05
"65661","zcta",2019,"food_score",89.71
"65662","zcta",2019,"food_score",99.19
"65663","zcta",2019,"food_score",106.9
"65664","zcta",2019,"food_score",20.77
"65667","zcta",2019,"food_score",85.36
"65668","zcta",2019,"food_score",100.06
"65669","zcta",2019,"food_score",99.25
"65672","zcta",2019,"food_score",90.66
"65674","zcta",2019,"food_score",64.08
"65676","zcta",2019,"food_score",79.06
"65679","zcta",2019,"food_score",94.64
"65680","zcta",2019,"food_score",81.85
"65681","zcta",2019,"food_score",97.66
"65682","zcta",2019,"food_score",98.4
"65685","zcta",2019,"food_score",72.71
"65686","zcta",2019,"food_score",100.95
"65689","zcta",2019,"food_score",77.89
"65690","zcta",2019,"food_score",110.95
"65692","zcta",2019,"food_score",85.19
"65702","zcta",2019,"food_score",108.77
"65704","zcta",2019,"food_score",74.11
"65705","zcta",2019,"food_score",95.3
"65706","zcta",2019,"food_score",92.16
"65707","zcta",2019,"food_score",91.32
"65708","zcta",2019,"food_score",95.35
"65710","zcta",2019,"food_score",107.1
"65711","zcta",2019,"food_score",73.48
"65712","zcta",2019,"food_score",87.42
"65713","zcta",2019,"food_score",99.84
"65714","zcta",2019,"food_score",102.42
"65715","zcta",2019,"food_score",NA
"65717","zcta",2019,"food_score",80.85
"65720","zcta",2019,"food_score",80.02
"65721","zcta",2019,"food_score",103.55
"65722","zcta",2019,"food_score",110.28
"65723","zcta",2019,"food_score",97.85
"65724","zcta",2019,"food_score",112.75
"65725","zcta",2019,"food_score",89.49
"65727","zcta",2019,"food_score",115.84
"65728","zcta",2019,"food_score",NA
"65729","zcta",2019,"food_score",59.73
"65730","zcta",2019,"food_score",NA
"65731","zcta",2019,"food_score",79.72
"65732","zcta",2019,"food_score",96.77
"65733","zcta",2019,"food_score",95.77
"65734","zcta",2019,"food_score",96.02
"65735","zcta",2019,"food_score",NA
"65737","zcta",2019,"food_score",97.34
"65738","zcta",2019,"food_score",103.85
"65739","zcta",2019,"food_score",119.65
"65740","zcta",2019,"food_score",71.29
"65742","zcta",2019,"food_score",105.98
"65744","zcta",2019,"food_score",NA
"65745","zcta",2019,"food_score",78.1
"65746","zcta",2019,"food_score",98.86
"65747","zcta",2019,"food_score",83.27
"65752","zcta",2019,"food_score",78.53
"65753","zcta",2019,"food_score",100.57
"65754","zcta",2019,"food_score",125.32
"65755","zcta",2019,"food_score",109.45
"65756","zcta",2019,"food_score",79.48
"65757","zcta",2019,"food_score",103.87
"65759","zcta",2019,"food_score",91.45
"65760","zcta",2019,"food_score",99.49
"65761","zcta",2019,"food_score",74.18
"65762","zcta",2019,"food_score",72.88
"65764","zcta",2019,"food_score",100.8
"65766","zcta",2019,"food_score",NA
"65767","zcta",2019,"food_score",99
"65768","zcta",2019,"food_score",61.05
"65769","zcta",2019,"food_score",91.36
"65770","zcta",2019,"food_score",101.15
"65771","zcta",2019,"food_score",91.32
"65772","zcta",2019,"food_score",88.21
"65773","zcta",2019,"food_score",91.36
"65774","zcta",2019,"food_score",73.39
"65775","zcta",2019,"food_score",82.68
"65777","zcta",2019,"food_score",125.51
"65778","zcta",2019,"food_score",83.56
"65779","zcta",2019,"food_score",92.61
"65781","zcta",2019,"food_score",97.65
"65783","zcta",2019,"food_score",29.07
"65784","zcta",2019,"food_score",NA
"65785","zcta",2019,"food_score",85.08
"65786","zcta",2019,"food_score",96.44
"65787","zcta",2019,"food_score",123.51
"65788","zcta",2019,"food_score",87.98
"65789","zcta",2019,"food_score",78.8
"65790","zcta",2019,"food_score",111.06
"65791","zcta",2019,"food_score",83.16
"65793","zcta",2019,"food_score",79.16
"65802","zcta",2019,"food_score",86.06
"65803","zcta",2019,"food_score",90.05
"65804","zcta",2019,"food_score",104.11
"65806","zcta",2019,"food_score",73.01
"65807","zcta",2019,"food_score",94.26
"65809","zcta",2019,"food_score",122.85
"65810","zcta",2019,"food_score",112.81
"63005","zcta",2019,"food_rnk",90.571
"63010","zcta",2019,"food_rnk",41.6919
"63011","zcta",2019,"food_rnk",85.2253
"63012","zcta",2019,"food_rnk",53.3984
"63013","zcta",2019,"food_rnk",52.4158
"63014","zcta",2019,"food_rnk",63.5562
"63015","zcta",2019,"food_rnk",50.34
"63016","zcta",2019,"food_rnk",49.7446
"63017","zcta",2019,"food_rnk",83.3057
"63019","zcta",2019,"food_rnk",58.0673
"63020","zcta",2019,"food_rnk",26.735
"63021","zcta",2019,"food_rnk",80.0488
"63023","zcta",2019,"food_rnk",14.9732
"63025","zcta",2019,"food_rnk",83.4228
"63026","zcta",2019,"food_rnk",46.1005
"63028","zcta",2019,"food_rnk",43.9369
"63030","zcta",2019,"food_rnk",8.5896
"63031","zcta",2019,"food_rnk",35.51
"63033","zcta",2019,"food_rnk",33.021
"63034","zcta",2019,"food_rnk",51.8822
"63036","zcta",2019,"food_rnk",28.3
"63037","zcta",2019,"food_rnk",72.9039
"63038","zcta",2019,"food_rnk",91.2282
"63039","zcta",2019,"food_rnk",68.3781
"63040","zcta",2019,"food_rnk",89.7218
"63041","zcta",2019,"food_rnk",31.8855
"63042","zcta",2019,"food_rnk",43.0161
"63043","zcta",2019,"food_rnk",71.5211
"63044","zcta",2019,"food_rnk",54.2899
"63045","zcta",2019,"food_rnk",NA
"63047","zcta",2019,"food_rnk",NA
"63048","zcta",2019,"food_rnk",57.2735
"63049","zcta",2019,"food_rnk",54.5567
"63050","zcta",2019,"food_rnk",59.4664
"63051","zcta",2019,"food_rnk",35.6401
"63052","zcta",2019,"food_rnk",63.3968
"63053","zcta",2019,"food_rnk",NA
"63055","zcta",2019,"food_rnk",59.0695
"63056","zcta",2019,"food_rnk",79.3883
"63057","zcta",2019,"food_rnk",NA
"63060","zcta",2019,"food_rnk",54.0101
"63061","zcta",2019,"food_rnk",97.101
"63068","zcta",2019,"food_rnk",72.328
"63069","zcta",2019,"food_rnk",68.5538
"63070","zcta",2019,"food_rnk",41.9066
"63071","zcta",2019,"food_rnk",4.1484
"63072","zcta",2019,"food_rnk",13.483
"63073","zcta",2019,"food_rnk",98.5001
"63074","zcta",2019,"food_rnk",12.9852
"63077","zcta",2019,"food_rnk",29.917
"63079","zcta",2019,"food_rnk",NA
"63080","zcta",2019,"food_rnk",28.4724
"63084","zcta",2019,"food_rnk",41.8383
"63087","zcta",2019,"food_rnk",3.0551
"63088","zcta",2019,"food_rnk",82.3947
"63089","zcta",2019,"food_rnk",50.2131
"63090","zcta",2019,"food_rnk",61.4414
"63091","zcta",2019,"food_rnk",66.3088
"63101","zcta",2019,"food_rnk",45.2221
"63102","zcta",2019,"food_rnk",NA
"63103","zcta",2019,"food_rnk",26.9888
"63104","zcta",2019,"food_rnk",17.1466
"63105","zcta",2019,"food_rnk",87.0116
"63106","zcta",2019,"food_rnk",1.09
"63107","zcta",2019,"food_rnk",2.0563
"63108","zcta",2019,"food_rnk",20.4555
"63109","zcta",2019,"food_rnk",76.1705
"63110","zcta",2019,"food_rnk",47.4768
"63111","zcta",2019,"food_rnk",3.784
"63112","zcta",2019,"food_rnk",8.5277
"63113","zcta",2019,"food_rnk",2.2222
"63114","zcta",2019,"food_rnk",21.7862
"63115","zcta",2019,"food_rnk",2.7428
"63116","zcta",2019,"food_rnk",18.91
"63117","zcta",2019,"food_rnk",92.7867
"63118","zcta",2019,"food_rnk",7.3174
"63119","zcta",2019,"food_rnk",74.8137
"63120","zcta",2019,"food_rnk",0.5726
"63121","zcta",2019,"food_rnk",6.9172
"63122","zcta",2019,"food_rnk",83.6473
"63123","zcta",2019,"food_rnk",58.4675
"63124","zcta",2019,"food_rnk",93.6782
"63125","zcta",2019,"food_rnk",41.3242
"63126","zcta",2019,"food_rnk",87.1775
"63127","zcta",2019,"food_rnk",74.2151
"63128","zcta",2019,"food_rnk",86.3738
"63129","zcta",2019,"food_rnk",72.2889
"63130","zcta",2019,"food_rnk",47.9909
"63131","zcta",2019,"food_rnk",95.6597
"63132","zcta",2019,"food_rnk",54.8105
"63133","zcta",2019,"food_rnk",1.2006
"63134","zcta",2019,"food_rnk",13.7433
"63135","zcta",2019,"food_rnk",9.4127
"63136","zcta",2019,"food_rnk",4.1028
"63137","zcta",2019,"food_rnk",4.8349
"63138","zcta",2019,"food_rnk",5.0464
"63139","zcta",2019,"food_rnk",58.1227
"63140","zcta",2019,"food_rnk",5.7557
"63141","zcta",2019,"food_rnk",94.2606
"63143","zcta",2019,"food_rnk",49.6567
"63144","zcta",2019,"food_rnk",93.6359
"63146","zcta",2019,"food_rnk",74.5242
"63147","zcta",2019,"food_rnk",2.0075
"63155","zcta",2019,"food_rnk",NA
"63301","zcta",2019,"food_rnk",51.0428
"63303","zcta",2019,"food_rnk",63.0259
"63304","zcta",2019,"food_rnk",82.3133
"63330","zcta",2019,"food_rnk",84.4932
"63332","zcta",2019,"food_rnk",98.4187
"63333","zcta",2019,"food_rnk",56.665
"63334","zcta",2019,"food_rnk",55.0089
"63336","zcta",2019,"food_rnk",40.4653
"63339","zcta",2019,"food_rnk",41.3535
"63341","zcta",2019,"food_rnk",92.3442
"63343","zcta",2019,"food_rnk",13.6457
"63344","zcta",2019,"food_rnk",78.7441
"63345","zcta",2019,"food_rnk",5.0822
"63347","zcta",2019,"food_rnk",14.2606
"63348","zcta",2019,"food_rnk",79.3883
"63349","zcta",2019,"food_rnk",63.4391
"63350","zcta",2019,"food_rnk",35.1912
"63351","zcta",2019,"food_rnk",35.8386
"63352","zcta",2019,"food_rnk",53.5188
"63353","zcta",2019,"food_rnk",41.2624
"63357","zcta",2019,"food_rnk",70.9094
"63359","zcta",2019,"food_rnk",71.0656
"63361","zcta",2019,"food_rnk",42.0628
"63362","zcta",2019,"food_rnk",47.6688
"63363","zcta",2019,"food_rnk",20.1269
"63366","zcta",2019,"food_rnk",57.755
"63367","zcta",2019,"food_rnk",92.1393
"63368","zcta",2019,"food_rnk",77.28
"63369","zcta",2019,"food_rnk",40.2635
"63370","zcta",2019,"food_rnk",NA
"63373","zcta",2019,"food_rnk",68.6384
"63376","zcta",2019,"food_rnk",69.9203
"63377","zcta",2019,"food_rnk",55.2204
"63379","zcta",2019,"food_rnk",48.3032
"63381","zcta",2019,"food_rnk",15.523
"63382","zcta",2019,"food_rnk",58.4675
"63383","zcta",2019,"food_rnk",28.6384
"63384","zcta",2019,"food_rnk",49.3249
"63385","zcta",2019,"food_rnk",70.0732
"63386","zcta",2019,"food_rnk",85.4335
"63387","zcta",2019,"food_rnk",NA
"63388","zcta",2019,"food_rnk",69.3997
"63389","zcta",2019,"food_rnk",66.068
"63390","zcta",2019,"food_rnk",32.3312
"63401","zcta",2019,"food_rnk",25.0236
"63430","zcta",2019,"food_rnk",75.5556
"63431","zcta",2019,"food_rnk",82.9966
"63432","zcta",2019,"food_rnk",90.5124
"63433","zcta",2019,"food_rnk",NA
"63434","zcta",2019,"food_rnk",83.0877
"63435","zcta",2019,"food_rnk",55.048
"63436","zcta",2019,"food_rnk",64.8056
"63437","zcta",2019,"food_rnk",26.0224
"63438","zcta",2019,"food_rnk",94.2183
"63439","zcta",2019,"food_rnk",91.5666
"63440","zcta",2019,"food_rnk",43.6668
"63441","zcta",2019,"food_rnk",70.9094
"63443","zcta",2019,"food_rnk",6.3673
"63445","zcta",2019,"food_rnk",36.6032
"63446","zcta",2019,"food_rnk",73.0633
"63447","zcta",2019,"food_rnk",48.4757
"63448","zcta",2019,"food_rnk",23.5041
"63450","zcta",2019,"food_rnk",78.0869
"63451","zcta",2019,"food_rnk",95.6727
"63452","zcta",2019,"food_rnk",57.6476
"63453","zcta",2019,"food_rnk",88.9019
"63454","zcta",2019,"food_rnk",44.6852
"63456","zcta",2019,"food_rnk",59.0857
"63457","zcta",2019,"food_rnk",67.5549
"63458","zcta",2019,"food_rnk",26.8586
"63459","zcta",2019,"food_rnk",69.6112
"63460","zcta",2019,"food_rnk",36.6293
"63461","zcta",2019,"food_rnk",52.9429
"63462","zcta",2019,"food_rnk",86.4487
"63463","zcta",2019,"food_rnk",16.1347
"63464","zcta",2019,"food_rnk",NA
"63465","zcta",2019,"food_rnk",72.6143
"63467","zcta",2019,"food_rnk",NA
"63468","zcta",2019,"food_rnk",38.5294
"63469","zcta",2019,"food_rnk",68.4985
"63471","zcta",2019,"food_rnk",96.19
"63472","zcta",2019,"food_rnk",60.8655
"63473","zcta",2019,"food_rnk",95.5718
"63474","zcta",2019,"food_rnk",67.3532
"63501","zcta",2019,"food_rnk",43.7091
"63530","zcta",2019,"food_rnk",10.5255
"63531","zcta",2019,"food_rnk",95.5328
"63532","zcta",2019,"food_rnk",45.5474
"63533","zcta",2019,"food_rnk",56.3559
"63534","zcta",2019,"food_rnk",45.0756
"63535","zcta",2019,"food_rnk",NA
"63536","zcta",2019,"food_rnk",61.0444
"63537","zcta",2019,"food_rnk",38.7181
"63538","zcta",2019,"food_rnk",5.7654
"63539","zcta",2019,"food_rnk",42.3231
"63540","zcta",2019,"food_rnk",72.9039
"63541","zcta",2019,"food_rnk",64.5616
"63543","zcta",2019,"food_rnk",75.1651
"63544","zcta",2019,"food_rnk",33.9678
"63545","zcta",2019,"food_rnk",67.6428
"63546","zcta",2019,"food_rnk",29.5819
"63547","zcta",2019,"food_rnk",44.9227
"63548","zcta",2019,"food_rnk",41.7309
"63549","zcta",2019,"food_rnk",48.2642
"63551","zcta",2019,"food_rnk",41.5292
"63552","zcta",2019,"food_rnk",50.1253
"63555","zcta",2019,"food_rnk",75.0773
"63556","zcta",2019,"food_rnk",51.7391
"63557","zcta",2019,"food_rnk",59.1378
"63558","zcta",2019,"food_rnk",41.3242
"63559","zcta",2019,"food_rnk",21.5227
"63560","zcta",2019,"food_rnk",7.4508
"63561","zcta",2019,"food_rnk",29.8682
"63563","zcta",2019,"food_rnk",59.8764
"63565","zcta",2019,"food_rnk",46.4487
"63566","zcta",2019,"food_rnk",NA
"63567","zcta",2019,"food_rnk",6.6276
"63601","zcta",2019,"food_rnk",14.843
"63620","zcta",2019,"food_rnk",12.7867
"63621","zcta",2019,"food_rnk",22.5866
"63622","zcta",2019,"food_rnk",18.9165
"63623","zcta",2019,"food_rnk",49.4778
"63624","zcta",2019,"food_rnk",36.6032
"63625","zcta",2019,"food_rnk",92.1946
"63626","zcta",2019,"food_rnk",71.2673
"63627","zcta",2019,"food_rnk",19.2387
"63628","zcta",2019,"food_rnk",19.1703
"63629","zcta",2019,"food_rnk",40.488
"63630","zcta",2019,"food_rnk",16.4991
"63631","zcta",2019,"food_rnk",54.4721
"63633","zcta",2019,"food_rnk",8.6481
"63636","zcta",2019,"food_rnk",48.3976
"63637","zcta",2019,"food_rnk",2.4955
"63638","zcta",2019,"food_rnk",11.3096
"63640","zcta",2019,"food_rnk",40.859
"63645","zcta",2019,"food_rnk",29.4518
"63648","zcta",2019,"food_rnk",4.8577
"63650","zcta",2019,"food_rnk",30.1871
"63653","zcta",2019,"food_rnk",5.4173
"63654","zcta",2019,"food_rnk",43.631
"63655","zcta",2019,"food_rnk",26.3348
"63656","zcta",2019,"food_rnk",44.3826
"63660","zcta",2019,"food_rnk",5.0691
"63662","zcta",2019,"food_rnk",68.3683
"63663","zcta",2019,"food_rnk",1.2559
"63664","zcta",2019,"food_rnk",19.7202
"63665","zcta",2019,"food_rnk",93.1121
"63666","zcta",2019,"food_rnk",NA
"63670","zcta",2019,"food_rnk",46.7578
"63673","zcta",2019,"food_rnk",82.6224
"63674","zcta",2019,"food_rnk",NA
"63675","zcta",2019,"food_rnk",70.3335
"63701","zcta",2019,"food_rnk",53.3138
"63703","zcta",2019,"food_rnk",8.3358
"63730","zcta",2019,"food_rnk",49.0516
"63732","zcta",2019,"food_rnk",91.3714
"63735","zcta",2019,"food_rnk",34.4949
"63736","zcta",2019,"food_rnk",57.4427
"63738","zcta",2019,"food_rnk",NA
"63739","zcta",2019,"food_rnk",9.7966
"63740","zcta",2019,"food_rnk",42.9901
"63742","zcta",2019,"food_rnk",NA
"63743","zcta",2019,"food_rnk",NA
"63744","zcta",2019,"food_rnk",7.0896
"63745","zcta",2019,"food_rnk",NA
"63746","zcta",2019,"food_rnk",NA
"63747","zcta",2019,"food_rnk",86.3999
"63748","zcta",2019,"food_rnk",64.0996
"63750","zcta",2019,"food_rnk",NA
"63751","zcta",2019,"food_rnk",49.0516
"63755","zcta",2019,"food_rnk",50.1545
"63758","zcta",2019,"food_rnk",59.5022
"63760","zcta",2019,"food_rnk",93.7042
"63763","zcta",2019,"food_rnk",92.4874
"63764","zcta",2019,"food_rnk",20.9143
"63766","zcta",2019,"food_rnk",48.3976
"63767","zcta",2019,"food_rnk",5.8142
"63769","zcta",2019,"food_rnk",57.3678
"63770","zcta",2019,"food_rnk",13.1739
"63771","zcta",2019,"food_rnk",46.966
"63774","zcta",2019,"food_rnk",9.6665
"63775","zcta",2019,"food_rnk",46.0875
"63780","zcta",2019,"food_rnk",10.2749
"63781","zcta",2019,"food_rnk",31.8367
"63782","zcta",2019,"food_rnk",67.9323
"63783","zcta",2019,"food_rnk",96.7952
"63784","zcta",2019,"food_rnk",25.4563
"63785","zcta",2019,"food_rnk",46.7968
"63787","zcta",2019,"food_rnk",16.7724
"63801","zcta",2019,"food_rnk",9.0971
"63820","zcta",2019,"food_rnk",1.1843
"63821","zcta",2019,"food_rnk",2.8306
"63822","zcta",2019,"food_rnk",9.468
"63823","zcta",2019,"food_rnk",6.0745
"63824","zcta",2019,"food_rnk",4.054
"63825","zcta",2019,"food_rnk",20.6214
"63826","zcta",2019,"food_rnk",NA
"63827","zcta",2019,"food_rnk",16.7399
"63828","zcta",2019,"food_rnk",2.5866
"63829","zcta",2019,"food_rnk",2.3426
"63830","zcta",2019,"food_rnk",4.9943
"63833","zcta",2019,"food_rnk",71.4397
"63834","zcta",2019,"food_rnk",3.4911
"63837","zcta",2019,"food_rnk",10.0537
"63839","zcta",2019,"food_rnk",8.1308
"63841","zcta",2019,"food_rnk",15.1912
"63845","zcta",2019,"food_rnk",9.198
"63846","zcta",2019,"food_rnk",20.5499
"63847","zcta",2019,"food_rnk",0.3449
"63848","zcta",2019,"food_rnk",13.0893
"63849","zcta",2019,"food_rnk",4.041
"63851","zcta",2019,"food_rnk",1.0542
"63852","zcta",2019,"food_rnk",6.2372
"63853","zcta",2019,"food_rnk",59.6421
"63855","zcta",2019,"food_rnk",34.6933
"63857","zcta",2019,"food_rnk",9.1882
"63860","zcta",2019,"food_rnk",55.6336
"63862","zcta",2019,"food_rnk",1.6756
"63863","zcta",2019,"food_rnk",4.8577
"63866","zcta",2019,"food_rnk",4.7828
"63867","zcta",2019,"food_rnk",9.9496
"63868","zcta",2019,"food_rnk",13.278
"63869","zcta",2019,"food_rnk",2.9998
"63870","zcta",2019,"food_rnk",3.2666
"63873","zcta",2019,"food_rnk",6.2892
"63874","zcta",2019,"food_rnk",22.3589
"63876","zcta",2019,"food_rnk",7.4638
"63877","zcta",2019,"food_rnk",5.5246
"63878","zcta",2019,"food_rnk",NA
"63879","zcta",2019,"food_rnk",5.1733
"63880","zcta",2019,"food_rnk",5.5604
"63882","zcta",2019,"food_rnk",5.2644
"63901","zcta",2019,"food_rnk",8.1959
"63902","zcta",2019,"food_rnk",NA
"63932","zcta",2019,"food_rnk",5.7036
"63933","zcta",2019,"food_rnk",4.8186
"63934","zcta",2019,"food_rnk",68.7327
"63935","zcta",2019,"food_rnk",14.5079
"63936","zcta",2019,"food_rnk",17.0587
"63937","zcta",2019,"food_rnk",36.7692
"63939","zcta",2019,"food_rnk",30.4409
"63940","zcta",2019,"food_rnk",57.9502
"63941","zcta",2019,"food_rnk",93.2325
"63942","zcta",2019,"food_rnk",45.3815
"63943","zcta",2019,"food_rnk",5.5832
"63944","zcta",2019,"food_rnk",18.7311
"63945","zcta",2019,"food_rnk",15.6532
"63951","zcta",2019,"food_rnk",10.8801
"63952","zcta",2019,"food_rnk",17.1466
"63953","zcta",2019,"food_rnk",14.9178
"63954","zcta",2019,"food_rnk",6.4389
"63955","zcta",2019,"food_rnk",11.1274
"63956","zcta",2019,"food_rnk",10.2619
"63957","zcta",2019,"food_rnk",10.353
"63960","zcta",2019,"food_rnk",19.8568
"63961","zcta",2019,"food_rnk",18.8547
"63962","zcta",2019,"food_rnk",0.0098
"63964","zcta",2019,"food_rnk",16.3787
"63965","zcta",2019,"food_rnk",34.7714
"63966","zcta",2019,"food_rnk",48.6969
"63967","zcta",2019,"food_rnk",29.1492
"64001","zcta",2019,"food_rnk",55.5783
"64011","zcta",2019,"food_rnk",60.1952
"64012","zcta",2019,"food_rnk",38.1552
"64014","zcta",2019,"food_rnk",70.802
"64015","zcta",2019,"food_rnk",61.6008
"64016","zcta",2019,"food_rnk",51.9408
"64017","zcta",2019,"food_rnk",76.6585
"64018","zcta",2019,"food_rnk",82.1344
"64019","zcta",2019,"food_rnk",84.9325
"64020","zcta",2019,"food_rnk",52.4288
"64021","zcta",2019,"food_rnk",36.0403
"64022","zcta",2019,"food_rnk",93.3561
"64024","zcta",2019,"food_rnk",48.4919
"64029","zcta",2019,"food_rnk",79.6877
"64030","zcta",2019,"food_rnk",24.3468
"64034","zcta",2019,"food_rnk",92.0189
"64035","zcta",2019,"food_rnk",45.5865
"64036","zcta",2019,"food_rnk",7.7078
"64037","zcta",2019,"food_rnk",27.6623
"64040","zcta",2019,"food_rnk",37.6249
"64048","zcta",2019,"food_rnk",89.8747
"64050","zcta",2019,"food_rnk",22.8404
"64052","zcta",2019,"food_rnk",30.3498
"64053","zcta",2019,"food_rnk",22.9087
"64054","zcta",2019,"food_rnk",40.3742
"64055","zcta",2019,"food_rnk",46.8782
"64056","zcta",2019,"food_rnk",28.274
"64057","zcta",2019,"food_rnk",74.3289
"64058","zcta",2019,"food_rnk",55.7573
"64060","zcta",2019,"food_rnk",89.0678
"64061","zcta",2019,"food_rnk",84.08
"64062","zcta",2019,"food_rnk",77.0392
"64063","zcta",2019,"food_rnk",56.2486
"64064","zcta",2019,"food_rnk",78.7929
"64065","zcta",2019,"food_rnk",NA
"64066","zcta",2019,"food_rnk",NA
"64067","zcta",2019,"food_rnk",42.489
"64068","zcta",2019,"food_rnk",61.2071
"64070","zcta",2019,"food_rnk",92.9657
"64071","zcta",2019,"food_rnk",64.1711
"64072","zcta",2019,"food_rnk",80.6865
"64074","zcta",2019,"food_rnk",18.1422
"64075","zcta",2019,"food_rnk",47.1938
"64076","zcta",2019,"food_rnk",40.898
"64077","zcta",2019,"food_rnk",66.2632
"64078","zcta",2019,"food_rnk",87.4768
"64079","zcta",2019,"food_rnk",69.7023
"64080","zcta",2019,"food_rnk",68.3943
"64081","zcta",2019,"food_rnk",90.1871
"64082","zcta",2019,"food_rnk",90.3725
"64083","zcta",2019,"food_rnk",73.6164
"64084","zcta",2019,"food_rnk",65.8891
"64085","zcta",2019,"food_rnk",37.781
"64086","zcta",2019,"food_rnk",82.0172
"64088","zcta",2019,"food_rnk",75.7768
"64089","zcta",2019,"food_rnk",73.5383
"64090","zcta",2019,"food_rnk",36.8147
"64092","zcta",2019,"food_rnk",NA
"64093","zcta",2019,"food_rnk",48.2479
"64096","zcta",2019,"food_rnk",69.2663
"64097","zcta",2019,"food_rnk",37.4687
"64098","zcta",2019,"food_rnk",92.2922
"64101","zcta",2019,"food_rnk",NA
"64102","zcta",2019,"food_rnk",NA
"64105","zcta",2019,"food_rnk",32.8062
"64106","zcta",2019,"food_rnk",3.4163
"64108","zcta",2019,"food_rnk",40.1106
"64109","zcta",2019,"food_rnk",15.5816
"64110","zcta",2019,"food_rnk",37.7095
"64111","zcta",2019,"food_rnk",53.3756
"64112","zcta",2019,"food_rnk",90.776
"64113","zcta",2019,"food_rnk",90.3725
"64114","zcta",2019,"food_rnk",89.5982
"64116","zcta",2019,"food_rnk",57.7745
"64117","zcta",2019,"food_rnk",24.747
"64118","zcta",2019,"food_rnk",34.5567
"64119","zcta",2019,"food_rnk",64.708
"64120","zcta",2019,"food_rnk",46.6634
"64123","zcta",2019,"food_rnk",23.0063
"64124","zcta",2019,"food_rnk",16.3332
"64125","zcta",2019,"food_rnk",8.1373
"64126","zcta",2019,"food_rnk",4.5941
"64127","zcta",2019,"food_rnk",4.7535
"64128","zcta",2019,"food_rnk",2.9478
"64129","zcta",2019,"food_rnk",17.9242
"64130","zcta",2019,"food_rnk",7.441
"64131","zcta",2019,"food_rnk",33.7661
"64132","zcta",2019,"food_rnk",6.3478
"64133","zcta",2019,"food_rnk",31.0883
"64134","zcta",2019,"food_rnk",17.6509
"64136","zcta",2019,"food_rnk",12.2987
"64137","zcta",2019,"food_rnk",60.0488
"64138","zcta",2019,"food_rnk",29.7999
"64139","zcta",2019,"food_rnk",94.3973
"64145","zcta",2019,"food_rnk",83.4619
"64146","zcta",2019,"food_rnk",69.7283
"64147","zcta",2019,"food_rnk",0.0293
"64149","zcta",2019,"food_rnk",18.2496
"64150","zcta",2019,"food_rnk",19.1248
"64151","zcta",2019,"food_rnk",62.8827
"64152","zcta",2019,"food_rnk",80.013
"64153","zcta",2019,"food_rnk",98.2007
"64154","zcta",2019,"food_rnk",85.5767
"64155","zcta",2019,"food_rnk",74.5567
"64156","zcta",2019,"food_rnk",82.4695
"64157","zcta",2019,"food_rnk",90.353
"64158","zcta",2019,"food_rnk",78.3341
"64161","zcta",2019,"food_rnk",46.1884
"64163","zcta",2019,"food_rnk",24.8544
"64164","zcta",2019,"food_rnk",96.5804
"64165","zcta",2019,"food_rnk",99.5087
"64166","zcta",2019,"food_rnk",86.6146
"64167","zcta",2019,"food_rnk",99.281
"64192","zcta",2019,"food_rnk",NA
"64401","zcta",2019,"food_rnk",36.8798
"64402","zcta",2019,"food_rnk",54.9309
"64420","zcta",2019,"food_rnk",NA
"64421","zcta",2019,"food_rnk",13.9873
"64422","zcta",2019,"food_rnk",95.7703
"64423","zcta",2019,"food_rnk",73.6489
"64424","zcta",2019,"food_rnk",15.6076
"64426","zcta",2019,"food_rnk",49.5852
"64427","zcta",2019,"food_rnk",59.6388
"64428","zcta",2019,"food_rnk",46.491
"64429","zcta",2019,"food_rnk",51.8822
"64430","zcta",2019,"food_rnk",80.5922
"64431","zcta",2019,"food_rnk",73.3854
"64432","zcta",2019,"food_rnk",NA
"64433","zcta",2019,"food_rnk",NA
"64434","zcta",2019,"food_rnk",60.9989
"64436","zcta",2019,"food_rnk",88.2089
"64437","zcta",2019,"food_rnk",22.1734
"64438","zcta",2019,"food_rnk",87.8607
"64439","zcta",2019,"food_rnk",79.4501
"64440","zcta",2019,"food_rnk",89.1427
"64441","zcta",2019,"food_rnk",NA
"64442","zcta",2019,"food_rnk",64.0052
"64443","zcta",2019,"food_rnk",84.1191
"64444","zcta",2019,"food_rnk",62.0335
"64445","zcta",2019,"food_rnk",63.6408
"64446","zcta",2019,"food_rnk",50.4311
"64448","zcta",2019,"food_rnk",97.3516
"64449","zcta",2019,"food_rnk",87.5289
"64451","zcta",2019,"food_rnk",76.9221
"64453","zcta",2019,"food_rnk",79.7625
"64454","zcta",2019,"food_rnk",52.9754
"64455","zcta",2019,"food_rnk",55.8386
"64456","zcta",2019,"food_rnk",60.4262
"64457","zcta",2019,"food_rnk",70.4474
"64458","zcta",2019,"food_rnk",97.1563
"64459","zcta",2019,"food_rnk",47.9226
"64461","zcta",2019,"food_rnk",74.4135
"64463","zcta",2019,"food_rnk",30.0146
"64465","zcta",2019,"food_rnk",54.0459
"64466","zcta",2019,"food_rnk",57.524
"64467","zcta",2019,"food_rnk",90.9094
"64468","zcta",2019,"food_rnk",36.4601
"64469","zcta",2019,"food_rnk",60.9305
"64470","zcta",2019,"food_rnk",90.4571
"64471","zcta",2019,"food_rnk",57.524
"64473","zcta",2019,"food_rnk",43.3903
"64474","zcta",2019,"food_rnk",79.4501
"64475","zcta",2019,"food_rnk",37.9567
"64476","zcta",2019,"food_rnk",46.6634
"64477","zcta",2019,"food_rnk",70.8443
"64479","zcta",2019,"food_rnk",54.8105
"64480","zcta",2019,"food_rnk",97.0262
"64481","zcta",2019,"food_rnk",40.9273
"64482","zcta",2019,"food_rnk",61.8643
"64483","zcta",2019,"food_rnk",80.654
"64484","zcta",2019,"food_rnk",28.518
"64485","zcta",2019,"food_rnk",64.9585
"64486","zcta",2019,"food_rnk",36.6293
"64487","zcta",2019,"food_rnk",70.2001
"64489","zcta",2019,"food_rnk",56.9026
"64490","zcta",2019,"food_rnk",84.9845
"64491","zcta",2019,"food_rnk",58.2463
"64492","zcta",2019,"food_rnk",69.9528
"64493","zcta",2019,"food_rnk",50.0277
"64494","zcta",2019,"food_rnk",68.8661
"64496","zcta",2019,"food_rnk",NA
"64497","zcta",2019,"food_rnk",68.3097
"64498","zcta",2019,"food_rnk",79.6877
"64499","zcta",2019,"food_rnk",NA
"64501","zcta",2019,"food_rnk",4.9715
"64503","zcta",2019,"food_rnk",22.2938
"64504","zcta",2019,"food_rnk",30.2424
"64505","zcta",2019,"food_rnk",34.3875
"64506","zcta",2019,"food_rnk",67.1872
"64507","zcta",2019,"food_rnk",32.354
"64601","zcta",2019,"food_rnk",33.1446
"64620","zcta",2019,"food_rnk",30.0179
"64622","zcta",2019,"food_rnk",60.8524
"64623","zcta",2019,"food_rnk",41.7504
"64624","zcta",2019,"food_rnk",53.2162
"64625","zcta",2019,"food_rnk",48.7945
"64628","zcta",2019,"food_rnk",39.4794
"64630","zcta",2019,"food_rnk",69.3216
"64631","zcta",2019,"food_rnk",57.6704
"64632","zcta",2019,"food_rnk",23.5302
"64633","zcta",2019,"food_rnk",22.3459
"64635","zcta",2019,"food_rnk",50.5905
"64636","zcta",2019,"food_rnk",9.5331
"64637","zcta",2019,"food_rnk",47.2718
"64638","zcta",2019,"food_rnk",63.9597
"64639","zcta",2019,"food_rnk",18.7571
"64640","zcta",2019,"food_rnk",28.2577
"64641","zcta",2019,"food_rnk",88.3943
"64642","zcta",2019,"food_rnk",52.3735
"64643","zcta",2019,"food_rnk",64.8934
"64644","zcta",2019,"food_rnk",41.9977
"64645","zcta",2019,"food_rnk",94.4754
"64646","zcta",2019,"food_rnk",67.864
"64647","zcta",2019,"food_rnk",19.6746
"64648","zcta",2019,"food_rnk",57.7322
"64649","zcta",2019,"food_rnk",59.0695
"64650","zcta",2019,"food_rnk",76.9871
"64651","zcta",2019,"food_rnk",88.1601
"64652","zcta",2019,"food_rnk",39.1736
"64653","zcta",2019,"food_rnk",71.7976
"64654","zcta",2019,"food_rnk",NA
"64655","zcta",2019,"food_rnk",95.946
"64656","zcta",2019,"food_rnk",36.3559
"64657","zcta",2019,"food_rnk",87.6428
"64658","zcta",2019,"food_rnk",72.8713
"64659","zcta",2019,"food_rnk",71.8529
"64660","zcta",2019,"food_rnk",95.1716
"64661","zcta",2019,"food_rnk",67.4345
"64664","zcta",2019,"food_rnk",52.393
"64667","zcta",2019,"food_rnk",35.0447
"64668","zcta",2019,"food_rnk",42.5411
"64670","zcta",2019,"food_rnk",43.6083
"64671","zcta",2019,"food_rnk",39.6031
"64672","zcta",2019,"food_rnk",88.0787
"64673","zcta",2019,"food_rnk",82.515
"64674","zcta",2019,"food_rnk",76.6097
"64676","zcta",2019,"food_rnk",93.2683
"64679","zcta",2019,"food_rnk",44.978
"64681","zcta",2019,"food_rnk",70.6101
"64682","zcta",2019,"food_rnk",55.6044
"64683","zcta",2019,"food_rnk",35.2562
"64686","zcta",2019,"food_rnk",11.1599
"64688","zcta",2019,"food_rnk",69.2175
"64689","zcta",2019,"food_rnk",29.0906
"64701","zcta",2019,"food_rnk",42.5866
"64720","zcta",2019,"food_rnk",51.3779
"64722","zcta",2019,"food_rnk",42.8469
"64723","zcta",2019,"food_rnk",52.123
"64724","zcta",2019,"food_rnk",39.7853
"64725","zcta",2019,"food_rnk",61.3372
"64726","zcta",2019,"food_rnk",34.3159
"64728","zcta",2019,"food_rnk",16.2388
"64730","zcta",2019,"food_rnk",31.1469
"64733","zcta",2019,"food_rnk",23.9271
"64734","zcta",2019,"food_rnk",74.355
"64735","zcta",2019,"food_rnk",13.7823
"64738","zcta",2019,"food_rnk",20.3319
"64739","zcta",2019,"food_rnk",48.326
"64740","zcta",2019,"food_rnk",15.3473
"64741","zcta",2019,"food_rnk",43.5074
"64742","zcta",2019,"food_rnk",61.7927
"64743","zcta",2019,"food_rnk",8.0234
"64744","zcta",2019,"food_rnk",14.4168
"64745","zcta",2019,"food_rnk",57.9144
"64746","zcta",2019,"food_rnk",36.9839
"64747","zcta",2019,"food_rnk",56.639
"64748","zcta",2019,"food_rnk",38.1552
"64750","zcta",2019,"food_rnk",93.073
"64752","zcta",2019,"food_rnk",35.4026
"64755","zcta",2019,"food_rnk",32.1816
"64756","zcta",2019,"food_rnk",19.3265
"64759","zcta",2019,"food_rnk",22.7265
"64761","zcta",2019,"food_rnk",28.8564
"64762","zcta",2019,"food_rnk",54.0556
"64763","zcta",2019,"food_rnk",39.8536
"64765","zcta",2019,"food_rnk",NA
"64767","zcta",2019,"food_rnk",13.3626
"64769","zcta",2019,"food_rnk",31.6772
"64770","zcta",2019,"food_rnk",47.7501
"64771","zcta",2019,"food_rnk",82.8241
"64772","zcta",2019,"food_rnk",33.5188
"64776","zcta",2019,"food_rnk",42.1214
"64778","zcta",2019,"food_rnk",73.4244
"64779","zcta",2019,"food_rnk",40.8199
"64780","zcta",2019,"food_rnk",27.9128
"64781","zcta",2019,"food_rnk",NA
"64783","zcta",2019,"food_rnk",66.6016
"64784","zcta",2019,"food_rnk",35.4482
"64788","zcta",2019,"food_rnk",51.1859
"64790","zcta",2019,"food_rnk",42.5573
"64801","zcta",2019,"food_rnk",29.2077
"64804","zcta",2019,"food_rnk",31.1469
"64830","zcta",2019,"food_rnk",35.7898
"64831","zcta",2019,"food_rnk",60.1952
"64832","zcta",2019,"food_rnk",77.8754
"64833","zcta",2019,"food_rnk",NA
"64834","zcta",2019,"food_rnk",46.0778
"64835","zcta",2019,"food_rnk",27.0799
"64836","zcta",2019,"food_rnk",33.2325
"64840","zcta",2019,"food_rnk",76.0957
"64841","zcta",2019,"food_rnk",29.2891
"64842","zcta",2019,"food_rnk",34.0654
"64843","zcta",2019,"food_rnk",25.0952
"64844","zcta",2019,"food_rnk",30.2717
"64847","zcta",2019,"food_rnk",18.4025
"64848","zcta",2019,"food_rnk",13.0958
"64849","zcta",2019,"food_rnk",16.9091
"64850","zcta",2019,"food_rnk",26.9855
"64854","zcta",2019,"food_rnk",11.5113
"64855","zcta",2019,"food_rnk",69.7674
"64856","zcta",2019,"food_rnk",49.0028
"64857","zcta",2019,"food_rnk",42.8046
"64858","zcta",2019,"food_rnk",85.349
"64859","zcta",2019,"food_rnk",11.4397
"64861","zcta",2019,"food_rnk",30.5645
"64862","zcta",2019,"food_rnk",32.7965
"64863","zcta",2019,"food_rnk",25.0008
"64865","zcta",2019,"food_rnk",27.9128
"64866","zcta",2019,"food_rnk",36.4991
"64867","zcta",2019,"food_rnk",61.1225
"64870","zcta",2019,"food_rnk",37.8786
"64873","zcta",2019,"food_rnk",87.8965
"64874","zcta",2019,"food_rnk",21.4511
"65001","zcta",2019,"food_rnk",96.9318
"65010","zcta",2019,"food_rnk",74.7129
"65011","zcta",2019,"food_rnk",48.4497
"65013","zcta",2019,"food_rnk",40.859
"65014","zcta",2019,"food_rnk",57.8201
"65016","zcta",2019,"food_rnk",90.1871
"65017","zcta",2019,"food_rnk",50.9224
"65018","zcta",2019,"food_rnk",74.6153
"65020","zcta",2019,"food_rnk",23.4228
"65023","zcta",2019,"food_rnk",80.0846
"65024","zcta",2019,"food_rnk",47.1352
"65025","zcta",2019,"food_rnk",61.0737
"65026","zcta",2019,"food_rnk",22.5573
"65032","zcta",2019,"food_rnk",80.9956
"65034","zcta",2019,"food_rnk",66.4096
"65035","zcta",2019,"food_rnk",74.0882
"65037","zcta",2019,"food_rnk",57.1628
"65039","zcta",2019,"food_rnk",64.6299
"65040","zcta",2019,"food_rnk",32.7672
"65041","zcta",2019,"food_rnk",58.884
"65043","zcta",2019,"food_rnk",50.1838
"65046","zcta",2019,"food_rnk",72.6143
"65047","zcta",2019,"food_rnk",11.7033
"65048","zcta",2019,"food_rnk",97.7517
"65049","zcta",2019,"food_rnk",38.0608
"65050","zcta",2019,"food_rnk",60.3319
"65051","zcta",2019,"food_rnk",65.7914
"65052","zcta",2019,"food_rnk",49.442
"65053","zcta",2019,"food_rnk",78.7018
"65054","zcta",2019,"food_rnk",94.6185
"65058","zcta",2019,"food_rnk",82.3198
"65059","zcta",2019,"food_rnk",58.7734
"65061","zcta",2019,"food_rnk",18.6595
"65062","zcta",2019,"food_rnk",NA
"65063","zcta",2019,"food_rnk",58.9621
"65064","zcta",2019,"food_rnk",64.4152
"65065","zcta",2019,"food_rnk",26.7968
"65066","zcta",2019,"food_rnk",71.3942
"65067","zcta",2019,"food_rnk",20.6345
"65068","zcta",2019,"food_rnk",73.727
"65069","zcta",2019,"food_rnk",75.6759
"65072","zcta",2019,"food_rnk",18.3244
"65074","zcta",2019,"food_rnk",71.7651
"65075","zcta",2019,"food_rnk",51.0948
"65076","zcta",2019,"food_rnk",97.6509
"65077","zcta",2019,"food_rnk",92.8551
"65078","zcta",2019,"food_rnk",17.4687
"65079","zcta",2019,"food_rnk",37.986
"65080","zcta",2019,"food_rnk",65.8272
"65081","zcta",2019,"food_rnk",37.4687
"65082","zcta",2019,"food_rnk",38.6367
"65083","zcta",2019,"food_rnk",50.1545
"65084","zcta",2019,"food_rnk",25.9248
"65085","zcta",2019,"food_rnk",86.9888
"65101","zcta",2019,"food_rnk",35.3929
"65109","zcta",2019,"food_rnk",49.2631
"65201","zcta",2019,"food_rnk",50.1025
"65202","zcta",2019,"food_rnk",25.5702
"65203","zcta",2019,"food_rnk",58.3634
"65215","zcta",2019,"food_rnk",NA
"65230","zcta",2019,"food_rnk",24.6169
"65231","zcta",2019,"food_rnk",55.1846
"65232","zcta",2019,"food_rnk",43.2178
"65233","zcta",2019,"food_rnk",44.5909
"65236","zcta",2019,"food_rnk",41.0639
"65237","zcta",2019,"food_rnk",22.8274
"65239","zcta",2019,"food_rnk",70.8671
"65240","zcta",2019,"food_rnk",36.369
"65243","zcta",2019,"food_rnk",50.6524
"65244","zcta",2019,"food_rnk",70.7597
"65246","zcta",2019,"food_rnk",NA
"65247","zcta",2019,"food_rnk",91.7033
"65248","zcta",2019,"food_rnk",39.6031
"65250","zcta",2019,"food_rnk",65.1928
"65251","zcta",2019,"food_rnk",34.8755
"65254","zcta",2019,"food_rnk",59.7918
"65255","zcta",2019,"food_rnk",42.463
"65256","zcta",2019,"food_rnk",87.2783
"65257","zcta",2019,"food_rnk",44.2883
"65258","zcta",2019,"food_rnk",77.9274
"65259","zcta",2019,"food_rnk",70.5808
"65260","zcta",2019,"food_rnk",46.7968
"65261","zcta",2019,"food_rnk",61.5552
"65262","zcta",2019,"food_rnk",31.3259
"65263","zcta",2019,"food_rnk",50.0927
"65264","zcta",2019,"food_rnk",76.4145
"65265","zcta",2019,"food_rnk",44.708
"65270","zcta",2019,"food_rnk",24.3599
"65274","zcta",2019,"food_rnk",34.1142
"65275","zcta",2019,"food_rnk",43.5074
"65276","zcta",2019,"food_rnk",50.5092
"65278","zcta",2019,"food_rnk",29.1557
"65279","zcta",2019,"food_rnk",75.1261
"65280","zcta",2019,"food_rnk",39.5608
"65281","zcta",2019,"food_rnk",53.2845
"65282","zcta",2019,"food_rnk",NA
"65283","zcta",2019,"food_rnk",53.9613
"65284","zcta",2019,"food_rnk",65.3327
"65285","zcta",2019,"food_rnk",92.7444
"65286","zcta",2019,"food_rnk",28.1666
"65287","zcta",2019,"food_rnk",92.7705
"65301","zcta",2019,"food_rnk",27.7404
"65305","zcta",2019,"food_rnk",69.6828
"65320","zcta",2019,"food_rnk",NA
"65321","zcta",2019,"food_rnk",20.8394
"65322","zcta",2019,"food_rnk",68.0722
"65323","zcta",2019,"food_rnk",30.3725
"65324","zcta",2019,"food_rnk",15.0057
"65325","zcta",2019,"food_rnk",32.2401
"65326","zcta",2019,"food_rnk",15.4189
"65327","zcta",2019,"food_rnk",81.36
"65329","zcta",2019,"food_rnk",91.7391
"65330","zcta",2019,"food_rnk",15.8581
"65332","zcta",2019,"food_rnk",41.5943
"65333","zcta",2019,"food_rnk",81.5422
"65334","zcta",2019,"food_rnk",62.1018
"65335","zcta",2019,"food_rnk",8.069
"65336","zcta",2019,"food_rnk",49.5461
"65337","zcta",2019,"food_rnk",52.1035
"65338","zcta",2019,"food_rnk",19.4566
"65339","zcta",2019,"food_rnk",65.1537
"65340","zcta",2019,"food_rnk",32.4418
"65344","zcta",2019,"food_rnk",60.8362
"65345","zcta",2019,"food_rnk",95.9883
"65347","zcta",2019,"food_rnk",49.6567
"65348","zcta",2019,"food_rnk",38.1812
"65349","zcta",2019,"food_rnk",21.6593
"65350","zcta",2019,"food_rnk",72.9884
"65351","zcta",2019,"food_rnk",57.7322
"65354","zcta",2019,"food_rnk",59.2126
"65355","zcta",2019,"food_rnk",28.8271
"65360","zcta",2019,"food_rnk",30.7467
"65401","zcta",2019,"food_rnk",28.2577
"65436","zcta",2019,"food_rnk",NA
"65438","zcta",2019,"food_rnk",7.0018
"65439","zcta",2019,"food_rnk",3.1072
"65440","zcta",2019,"food_rnk",48.7262
"65441","zcta",2019,"food_rnk",24.6657
"65443","zcta",2019,"food_rnk",95.3766
"65444","zcta",2019,"food_rnk",20.5401
"65446","zcta",2019,"food_rnk",88.0072
"65449","zcta",2019,"food_rnk",38.0608
"65452","zcta",2019,"food_rnk",21.5422
"65453","zcta",2019,"food_rnk",16.8472
"65456","zcta",2019,"food_rnk",36.4438
"65457","zcta",2019,"food_rnk",82.1474
"65459","zcta",2019,"food_rnk",38.1129
"65461","zcta",2019,"food_rnk",NA
"65462","zcta",2019,"food_rnk",48.8498
"65463","zcta",2019,"food_rnk",29.7999
"65464","zcta",2019,"food_rnk",2.9413
"65466","zcta",2019,"food_rnk",15.1912
"65468","zcta",2019,"food_rnk",NA
"65470","zcta",2019,"food_rnk",17.3255
"65473","zcta",2019,"food_rnk",NA
"65479","zcta",2019,"food_rnk",71.6545
"65483","zcta",2019,"food_rnk",12.5655
"65484","zcta",2019,"food_rnk",NA
"65486","zcta",2019,"food_rnk",50.1838
"65501","zcta",2019,"food_rnk",73.3171
"65529","zcta",2019,"food_rnk",95.7475
"65534","zcta",2019,"food_rnk",77.6932
"65535","zcta",2019,"food_rnk",10.6068
"65536","zcta",2019,"food_rnk",25.144
"65541","zcta",2019,"food_rnk",69.2663
"65542","zcta",2019,"food_rnk",28.0364
"65543","zcta",2019,"food_rnk",74.4786
"65548","zcta",2019,"food_rnk",19.6942
"65550","zcta",2019,"food_rnk",49.5852
"65552","zcta",2019,"food_rnk",66.3511
"65555","zcta",2019,"food_rnk",24.3696
"65556","zcta",2019,"food_rnk",15.9558
"65557","zcta",2019,"food_rnk",92.6989
"65559","zcta",2019,"food_rnk",41.796
"65560","zcta",2019,"food_rnk",18.0901
"65564","zcta",2019,"food_rnk",90.4246
"65565","zcta",2019,"food_rnk",30.4116
"65566","zcta",2019,"food_rnk",20.5499
"65567","zcta",2019,"food_rnk",54.9601
"65570","zcta",2019,"food_rnk",36.613
"65571","zcta",2019,"food_rnk",56.3006
"65580","zcta",2019,"food_rnk",90.8541
"65582","zcta",2019,"food_rnk",32.0221
"65583","zcta",2019,"food_rnk",46.325
"65584","zcta",2019,"food_rnk",49.8422
"65586","zcta",2019,"food_rnk",NA
"65588","zcta",2019,"food_rnk",16.4438
"65589","zcta",2019,"food_rnk",NA
"65590","zcta",2019,"food_rnk",79.307
"65591","zcta",2019,"food_rnk",14.5079
"65601","zcta",2019,"food_rnk",43.2601
"65603","zcta",2019,"food_rnk",67.7794
"65604","zcta",2019,"food_rnk",50.1838
"65605","zcta",2019,"food_rnk",22.0172
"65606","zcta",2019,"food_rnk",19.3265
"65608","zcta",2019,"food_rnk",6.953
"65609","zcta",2019,"food_rnk",7.3987
"65610","zcta",2019,"food_rnk",56.5186
"65611","zcta",2019,"food_rnk",60.2375
"65612","zcta",2019,"food_rnk",86.1233
"65613","zcta",2019,"food_rnk",22.694
"65614","zcta",2019,"food_rnk",73.1023
"65616","zcta",2019,"food_rnk",26.094
"65617","zcta",2019,"food_rnk",80.7353
"65618","zcta",2019,"food_rnk",8.2707
"65619","zcta",2019,"food_rnk",66.8033
"65620","zcta",2019,"food_rnk",95.6434
"65622","zcta",2019,"food_rnk",35.1423
"65623","zcta",2019,"food_rnk",NA
"65624","zcta",2019,"food_rnk",63.7319
"65625","zcta",2019,"food_rnk",21.0216
"65626","zcta",2019,"food_rnk",29.917
"65627","zcta",2019,"food_rnk",57.3385
"65629","zcta",2019,"food_rnk",12.5004
"65630","zcta",2019,"food_rnk",95.8321
"65631","zcta",2019,"food_rnk",46.8782
"65632","zcta",2019,"food_rnk",31.648
"65633","zcta",2019,"food_rnk",21.9489
"65634","zcta",2019,"food_rnk",7.1059
"65635","zcta",2019,"food_rnk",45.2221
"65637","zcta",2019,"food_rnk",26.3153
"65638","zcta",2019,"food_rnk",51.7716
"65640","zcta",2019,"food_rnk",32.2011
"65641","zcta",2019,"food_rnk",28.8889
"65644","zcta",2019,"food_rnk",61.988
"65646","zcta",2019,"food_rnk",33.7335
"65647","zcta",2019,"food_rnk",55.3245
"65648","zcta",2019,"food_rnk",78.9328
"65649","zcta",2019,"food_rnk",22.2645
"65650","zcta",2019,"food_rnk",24.8316
"65652","zcta",2019,"food_rnk",21.6593
"65653","zcta",2019,"food_rnk",32.5427
"65654","zcta",2019,"food_rnk",29.2012
"65655","zcta",2019,"food_rnk",14.4851
"65656","zcta",2019,"food_rnk",31.4462
"65657","zcta",2019,"food_rnk",88.9214
"65658","zcta",2019,"food_rnk",25.8825
"65660","zcta",2019,"food_rnk",18.4187
"65661","zcta",2019,"food_rnk",25.3229
"65662","zcta",2019,"food_rnk",40.9956
"65663","zcta",2019,"food_rnk",57.2735
"65664","zcta",2019,"food_rnk",0.3351
"65667","zcta",2019,"food_rnk",19.9187
"65668","zcta",2019,"food_rnk",42.7395
"65669","zcta",2019,"food_rnk",41.1323
"65672","zcta",2019,"food_rnk",26.556
"65674","zcta",2019,"food_rnk",5.6613
"65676","zcta",2019,"food_rnk",13.8442
"65679","zcta",2019,"food_rnk",32.6306
"65680","zcta",2019,"food_rnk",16.2551
"65681","zcta",2019,"food_rnk",37.9567
"65682","zcta",2019,"food_rnk",39.3948
"65685","zcta",2019,"food_rnk",9.3411
"65686","zcta",2019,"food_rnk",44.4542
"65689","zcta",2019,"food_rnk",12.8811
"65690","zcta",2019,"food_rnk",66.6374
"65692","zcta",2019,"food_rnk",19.7365
"65702","zcta",2019,"food_rnk",61.5748
"65704","zcta",2019,"food_rnk",10.2359
"65705","zcta",2019,"food_rnk",33.7108
"65706","zcta",2019,"food_rnk",28.6872
"65707","zcta",2019,"food_rnk",27.3727
"65708","zcta",2019,"food_rnk",33.8214
"65710","zcta",2019,"food_rnk",57.7322
"65711","zcta",2019,"food_rnk",9.8129
"65712","zcta",2019,"food_rnk",22.3133
"65713","zcta",2019,"food_rnk",42.2808
"65714","zcta",2019,"food_rnk",47.5842
"65715","zcta",2019,"food_rnk",NA
"65717","zcta",2019,"food_rnk",15.2595
"65720","zcta",2019,"food_rnk",14.612
"65721","zcta",2019,"food_rnk",49.865
"65722","zcta",2019,"food_rnk",65.0236
"65723","zcta",2019,"food_rnk",38.3244
"65724","zcta",2019,"food_rnk",70.8248
"65725","zcta",2019,"food_rnk",25.0333
"65727","zcta",2019,"food_rnk",78.0543
"65728","zcta",2019,"food_rnk",NA
"65729","zcta",2019,"food_rnk",4.3989
"65730","zcta",2019,"food_rnk",NA
"65731","zcta",2019,"food_rnk",14.3875
"65732","zcta",2019,"food_rnk",36.4048
"65733","zcta",2019,"food_rnk",34.5762
"65734","zcta",2019,"food_rnk",35.0317
"65735","zcta",2019,"food_rnk",NA
"65737","zcta",2019,"food_rnk",37.3288
"65738","zcta",2019,"food_rnk",50.4929
"65739","zcta",2019,"food_rnk",86.3999
"65740","zcta",2019,"food_rnk",8.5635
"65742","zcta",2019,"food_rnk",55.1846
"65744","zcta",2019,"food_rnk",NA
"65745","zcta",2019,"food_rnk",13.047
"65746","zcta",2019,"food_rnk",40.3254
"65747","zcta",2019,"food_rnk",17.563
"65752","zcta",2019,"food_rnk",13.4537
"65753","zcta",2019,"food_rnk",43.631
"65754","zcta",2019,"food_rnk",94.4461
"65755","zcta",2019,"food_rnk",63.1397
"65756","zcta",2019,"food_rnk",14.1923
"65757","zcta",2019,"food_rnk",50.532
"65759","zcta",2019,"food_rnk",27.5712
"65760","zcta",2019,"food_rnk",41.6301
"65761","zcta",2019,"food_rnk",10.2684
"65762","zcta",2019,"food_rnk",9.4615
"65764","zcta",2019,"food_rnk",44.1581
"65766","zcta",2019,"food_rnk",NA
"65767","zcta",2019,"food_rnk",40.5954
"65768","zcta",2019,"food_rnk",4.7666
"65769","zcta",2019,"food_rnk",27.4508
"65770","zcta",2019,"food_rnk",44.8414
"65771","zcta",2019,"food_rnk",27.3727
"65772","zcta",2019,"food_rnk",23.3187
"65773","zcta",2019,"food_rnk",27.4508
"65774","zcta",2019,"food_rnk",9.7674
"65775","zcta",2019,"food_rnk",17.0425
"65777","zcta",2019,"food_rnk",94.6478
"65778","zcta",2019,"food_rnk",17.8624
"65779","zcta",2019,"food_rnk",29.3769
"65781","zcta",2019,"food_rnk",37.947
"65783","zcta",2019,"food_rnk",0.5857
"65784","zcta",2019,"food_rnk",NA
"65785","zcta",2019,"food_rnk",19.5998
"65786","zcta",2019,"food_rnk",35.8386
"65787","zcta",2019,"food_rnk",92.5069
"65788","zcta",2019,"food_rnk",23.0063
"65789","zcta",2019,"food_rnk",13.6229
"65790","zcta",2019,"food_rnk",66.9074
"65791","zcta",2019,"food_rnk",17.4394
"65793","zcta",2019,"food_rnk",13.9255
"65802","zcta",2019,"food_rnk",20.719
"65803","zcta",2019,"food_rnk",25.7784
"65804","zcta",2019,"food_rnk",51.0948
"65806","zcta",2019,"food_rnk",9.5233
"65807","zcta",2019,"food_rnk",32.0384
"65809","zcta",2019,"food_rnk",91.687
"65810","zcta",2019,"food_rnk",70.9647
"63005","zcta",2019,"food_state_rnk",93.3472
"63010","zcta",2019,"food_state_rnk",46.2578
"63011","zcta",2019,"food_state_rnk",89.2931
"63012","zcta",2019,"food_state_rnk",60.8108
"63013","zcta",2019,"food_state_rnk",59.9792
"63014","zcta",2019,"food_state_rnk",71.1019
"63015","zcta",2019,"food_state_rnk",57.6923
"63016","zcta",2019,"food_state_rnk",56.341
"63017","zcta",2019,"food_state_rnk",88.3576
"63019","zcta",2019,"food_state_rnk",65.9044
"63020","zcta",2019,"food_state_rnk",28.1705
"63021","zcta",2019,"food_state_rnk",86.1746
"63023","zcta",2019,"food_state_rnk",15.2807
"63025","zcta",2019,"food_state_rnk",88.4615
"63026","zcta",2019,"food_state_rnk",51.4553
"63028","zcta",2019,"food_state_rnk",49.4802
"63030","zcta",2019,"food_state_rnk",8.8358
"63031","zcta",2019,"food_state_rnk",38.7734
"63033","zcta",2019,"food_state_rnk",35.9667
"63034","zcta",2019,"food_state_rnk",59.3035
"63036","zcta",2019,"food_state_rnk",30.2495
"63037","zcta",2019,"food_state_rnk",80.3015
"63038","zcta",2019,"food_state_rnk",93.763
"63039","zcta",2019,"food_state_rnk",75.3638
"63040","zcta",2019,"food_state_rnk",92.3077
"63041","zcta",2019,"food_state_rnk",34.5114
"63042","zcta",2019,"food_state_rnk",48.3368
"63043","zcta",2019,"food_state_rnk",79.21
"63044","zcta",2019,"food_state_rnk",61.4345
"63045","zcta",2019,"food_state_rnk",NA
"63047","zcta",2019,"food_state_rnk",NA
"63048","zcta",2019,"food_state_rnk",64.1892
"63049","zcta",2019,"food_state_rnk",61.6424
"63050","zcta",2019,"food_state_rnk",67.3597
"63051","zcta",2019,"food_state_rnk",38.8773
"63052","zcta",2019,"food_state_rnk",70.894
"63053","zcta",2019,"food_state_rnk",NA
"63055","zcta",2019,"food_state_rnk",66.8919
"63056","zcta",2019,"food_state_rnk",85.395
"63057","zcta",2019,"food_state_rnk",NA
"63060","zcta",2019,"food_state_rnk",61.1227
"63061","zcta",2019,"food_state_rnk",99.0644
"63068","zcta",2019,"food_state_rnk",79.8337
"63069","zcta",2019,"food_state_rnk",75.6757
"63070","zcta",2019,"food_state_rnk",46.7775
"63071","zcta",2019,"food_state_rnk",3.3264
"63072","zcta",2019,"food_state_rnk",13.4096
"63073","zcta",2019,"food_state_rnk",99.7921
"63074","zcta",2019,"food_state_rnk",12.578
"63077","zcta",2019,"food_state_rnk",32.3805
"63079","zcta",2019,"food_state_rnk",NA
"63080","zcta",2019,"food_state_rnk",30.3534
"63084","zcta",2019,"food_state_rnk",46.6736
"63087","zcta",2019,"food_state_rnk",2.3909
"63088","zcta",2019,"food_state_rnk",87.6299
"63089","zcta",2019,"food_state_rnk",57.5884
"63090","zcta",2019,"food_state_rnk",69.6466
"63091","zcta",2019,"food_state_rnk",73.4927
"63101","zcta",2019,"food_state_rnk",50.7796
"63102","zcta",2019,"food_state_rnk",NA
"63103","zcta",2019,"food_state_rnk",28.5863
"63104","zcta",2019,"food_state_rnk",18.0353
"63105","zcta",2019,"food_state_rnk",90.4366
"63106","zcta",2019,"food_state_rnk",0.7277
"63107","zcta",2019,"food_state_rnk",1.3514
"63108","zcta",2019,"food_state_rnk",21.7256
"63109","zcta",2019,"food_state_rnk",83.368
"63110","zcta",2019,"food_state_rnk",53.1185
"63111","zcta",2019,"food_state_rnk",2.9106
"63112","zcta",2019,"food_state_rnk",8.6279
"63113","zcta",2019,"food_state_rnk",1.4553
"63114","zcta",2019,"food_state_rnk",23.2848
"63115","zcta",2019,"food_state_rnk",1.8711
"63116","zcta",2019,"food_state_rnk",19.9584
"63117","zcta",2019,"food_state_rnk",95.4262
"63118","zcta",2019,"food_state_rnk",7.2765
"63119","zcta",2019,"food_state_rnk",82.5364
"63120","zcta",2019,"food_state_rnk",0.4158
"63121","zcta",2019,"food_state_rnk",6.7568
"63122","zcta",2019,"food_state_rnk",88.6694
"63123","zcta",2019,"food_state_rnk",66.3721
"63124","zcta",2019,"food_state_rnk",96.3617
"63125","zcta",2019,"food_state_rnk",45.6861
"63126","zcta",2019,"food_state_rnk",90.5405
"63127","zcta",2019,"food_state_rnk",81.6008
"63128","zcta",2019,"food_state_rnk",89.8129
"63129","zcta",2019,"food_state_rnk",79.7297
"63130","zcta",2019,"food_state_rnk",53.6383
"63131","zcta",2019,"food_state_rnk",97.817
"63132","zcta",2019,"food_state_rnk",61.7983
"63133","zcta",2019,"food_state_rnk",0.9356
"63134","zcta",2019,"food_state_rnk",13.7214
"63135","zcta",2019,"food_state_rnk",9.4595
"63136","zcta",2019,"food_state_rnk",3.2225
"63137","zcta",2019,"food_state_rnk",4.0541
"63138","zcta",2019,"food_state_rnk",4.5738
"63139","zcta",2019,"food_state_rnk",66.0083
"63140","zcta",2019,"food_state_rnk",5.7173
"63141","zcta",2019,"food_state_rnk",96.6736
"63143","zcta",2019,"food_state_rnk",56.185
"63144","zcta",2019,"food_state_rnk",96.2578
"63146","zcta",2019,"food_state_rnk",82.1206
"63147","zcta",2019,"food_state_rnk",1.2474
"63155","zcta",2019,"food_state_rnk",NA
"63301","zcta",2019,"food_state_rnk",58.5239
"63303","zcta",2019,"food_state_rnk",70.6861
"63304","zcta",2019,"food_state_rnk",87.422
"63330","zcta",2019,"food_state_rnk",88.9813
"63332","zcta",2019,"food_state_rnk",99.6881
"63333","zcta",2019,"food_state_rnk",63.8254
"63334","zcta",2019,"food_state_rnk",62.1622
"63336","zcta",2019,"food_state_rnk",44.3867
"63339","zcta",2019,"food_state_rnk",45.842
"63341","zcta",2019,"food_state_rnk",94.8025
"63343","zcta",2019,"food_state_rnk",13.6175
"63344","zcta",2019,"food_state_rnk",84.9272
"63345","zcta",2019,"food_state_rnk",4.7817
"63347","zcta",2019,"food_state_rnk",14.3451
"63348","zcta",2019,"food_state_rnk",85.395
"63349","zcta",2019,"food_state_rnk",70.9979
"63350","zcta",2019,"food_state_rnk",38.2536
"63351","zcta",2019,"food_state_rnk",39.1372
"63352","zcta",2019,"food_state_rnk",60.9148
"63353","zcta",2019,"food_state_rnk",45.5301
"63357","zcta",2019,"food_state_rnk",78.5343
"63359","zcta",2019,"food_state_rnk",78.7942
"63361","zcta",2019,"food_state_rnk",46.9854
"63362","zcta",2019,"food_state_rnk",53.3264
"63363","zcta",2019,"food_state_rnk",21.5177
"63366","zcta",2019,"food_state_rnk",65.3846
"63367","zcta",2019,"food_state_rnk",94.4906
"63368","zcta",2019,"food_state_rnk",84.0956
"63369","zcta",2019,"food_state_rnk",44.0748
"63370","zcta",2019,"food_state_rnk",NA
"63373","zcta",2019,"food_state_rnk",75.7796
"63376","zcta",2019,"food_state_rnk",77.131
"63377","zcta",2019,"food_state_rnk",62.578
"63379","zcta",2019,"food_state_rnk",53.9501
"63381","zcta",2019,"food_state_rnk",16.0083
"63382","zcta",2019,"food_state_rnk",66.3721
"63383","zcta",2019,"food_state_rnk",30.5613
"63384","zcta",2019,"food_state_rnk",55.5094
"63385","zcta",2019,"food_state_rnk",77.3389
"63386","zcta",2019,"food_state_rnk",89.501
"63387","zcta",2019,"food_state_rnk",NA
"63388","zcta",2019,"food_state_rnk",76.5073
"63389","zcta",2019,"food_state_rnk",73.2848
"63390","zcta",2019,"food_state_rnk",35.1351
"63401","zcta",2019,"food_state_rnk",26.6112
"63430","zcta",2019,"food_state_rnk",82.9522
"63431","zcta",2019,"food_state_rnk",88.1497
"63432","zcta",2019,"food_state_rnk",93.2432
"63433","zcta",2019,"food_state_rnk",NA
"63434","zcta",2019,"food_state_rnk",88.2536
"63435","zcta",2019,"food_state_rnk",62.2661
"63436","zcta",2019,"food_state_rnk",72.2453
"63437","zcta",2019,"food_state_rnk",27.6507
"63438","zcta",2019,"food_state_rnk",96.5696
"63439","zcta",2019,"food_state_rnk",93.9709
"63440","zcta",2019,"food_state_rnk",49.2723
"63441","zcta",2019,"food_state_rnk",78.5343
"63443","zcta",2019,"food_state_rnk",6.4449
"63445","zcta",2019,"food_state_rnk",40.0728
"63446","zcta",2019,"food_state_rnk",80.5613
"63447","zcta",2019,"food_state_rnk",54.4699
"63448","zcta",2019,"food_state_rnk",25.3638
"63450","zcta",2019,"food_state_rnk",84.6154
"63451","zcta",2019,"food_state_rnk",97.921
"63452","zcta",2019,"food_state_rnk",64.8649
"63453","zcta",2019,"food_state_rnk",91.7879
"63454","zcta",2019,"food_state_rnk",50.104
"63456","zcta",2019,"food_state_rnk",67.0478
"63457","zcta",2019,"food_state_rnk",74.5322
"63458","zcta",2019,"food_state_rnk",28.3784
"63459","zcta",2019,"food_state_rnk",76.6112
"63460","zcta",2019,"food_state_rnk",40.3846
"63461","zcta",2019,"food_state_rnk",60.1871
"63462","zcta",2019,"food_state_rnk",90.1247
"63463","zcta",2019,"food_state_rnk",16.632
"63464","zcta",2019,"food_state_rnk",NA
"63465","zcta",2019,"food_state_rnk",79.9896
"63467","zcta",2019,"food_state_rnk",NA
"63468","zcta",2019,"food_state_rnk",42.8274
"63469","zcta",2019,"food_state_rnk",75.5717
"63471","zcta",2019,"food_state_rnk",98.5447
"63472","zcta",2019,"food_state_rnk",68.815
"63473","zcta",2019,"food_state_rnk",97.6091
"63474","zcta",2019,"food_state_rnk",74.3243
"63501","zcta",2019,"food_state_rnk",49.3763
"63530","zcta",2019,"food_state_rnk",11.1227
"63531","zcta",2019,"food_state_rnk",97.5052
"63532","zcta",2019,"food_state_rnk",51.0395
"63533","zcta",2019,"food_state_rnk",63.5135
"63534","zcta",2019,"food_state_rnk",50.6237
"63535","zcta",2019,"food_state_rnk",NA
"63536","zcta",2019,"food_state_rnk",69.1268
"63537","zcta",2019,"food_state_rnk",43.0353
"63538","zcta",2019,"food_state_rnk",5.8212
"63539","zcta",2019,"food_state_rnk",47.2973
"63540","zcta",2019,"food_state_rnk",80.3015
"63541","zcta",2019,"food_state_rnk",71.9335
"63543","zcta",2019,"food_state_rnk",82.8482
"63544","zcta",2019,"food_state_rnk",36.7983
"63545","zcta",2019,"food_state_rnk",74.6362
"63546","zcta",2019,"food_state_rnk",31.9127
"63547","zcta",2019,"food_state_rnk",50.4158
"63548","zcta",2019,"food_state_rnk",46.3617
"63549","zcta",2019,"food_state_rnk",53.8462
"63551","zcta",2019,"food_state_rnk",45.9459
"63552","zcta",2019,"food_state_rnk",56.9647
"63555","zcta",2019,"food_state_rnk",82.6403
"63556","zcta",2019,"food_state_rnk",59.0437
"63557","zcta",2019,"food_state_rnk",67.1518
"63558","zcta",2019,"food_state_rnk",45.6861
"63559","zcta",2019,"food_state_rnk",22.869
"63560","zcta",2019,"food_state_rnk",7.5884
"63561","zcta",2019,"food_state_rnk",32.2245
"63563","zcta",2019,"food_state_rnk",67.8794
"63565","zcta",2019,"food_state_rnk",51.7672
"63566","zcta",2019,"food_state_rnk",NA
"63567","zcta",2019,"food_state_rnk",6.6528
"63601","zcta",2019,"food_state_rnk",15.0728
"63620","zcta",2019,"food_state_rnk",12.3701
"63621","zcta",2019,"food_state_rnk",24.3243
"63622","zcta",2019,"food_state_rnk",20.0624
"63623","zcta",2019,"food_state_rnk",55.7173
"63624","zcta",2019,"food_state_rnk",40.0728
"63625","zcta",2019,"food_state_rnk",94.5946
"63626","zcta",2019,"food_state_rnk",78.8981
"63627","zcta",2019,"food_state_rnk",20.3742
"63628","zcta",2019,"food_state_rnk",20.2703
"63629","zcta",2019,"food_state_rnk",44.4906
"63630","zcta",2019,"food_state_rnk",17.2557
"63631","zcta",2019,"food_state_rnk",61.5385
"63633","zcta",2019,"food_state_rnk",8.9397
"63636","zcta",2019,"food_state_rnk",54.21
"63637","zcta",2019,"food_state_rnk",1.6632
"63638","zcta",2019,"food_state_rnk",11.6424
"63640","zcta",2019,"food_state_rnk",44.8545
"63645","zcta",2019,"food_state_rnk",31.8087
"63648","zcta",2019,"food_state_rnk",4.21
"63650","zcta",2019,"food_state_rnk",32.7443
"63653","zcta",2019,"food_state_rnk",5.0936
"63654","zcta",2019,"food_state_rnk",49.1164
"63655","zcta",2019,"food_state_rnk",27.9626
"63656","zcta",2019,"food_state_rnk",49.7921
"63660","zcta",2019,"food_state_rnk",4.6778
"63662","zcta",2019,"food_state_rnk",75.2599
"63663","zcta",2019,"food_state_rnk",1.0395
"63664","zcta",2019,"food_state_rnk",21.1019
"63665","zcta",2019,"food_state_rnk",95.842
"63666","zcta",2019,"food_state_rnk",NA
"63670","zcta",2019,"food_state_rnk",52.183
"63673","zcta",2019,"food_state_rnk",87.9418
"63674","zcta",2019,"food_state_rnk",NA
"63675","zcta",2019,"food_state_rnk",77.5468
"63701","zcta",2019,"food_state_rnk",60.6029
"63703","zcta",2019,"food_state_rnk",8.5239
"63730","zcta",2019,"food_state_rnk",55.2495
"63732","zcta",2019,"food_state_rnk",93.8669
"63735","zcta",2019,"food_state_rnk",37.3181
"63736","zcta",2019,"food_state_rnk",64.553
"63738","zcta",2019,"food_state_rnk",NA
"63739","zcta",2019,"food_state_rnk",10.1871
"63740","zcta",2019,"food_state_rnk",48.2328
"63742","zcta",2019,"food_state_rnk",NA
"63743","zcta",2019,"food_state_rnk",NA
"63744","zcta",2019,"food_state_rnk",7.0686
"63745","zcta",2019,"food_state_rnk",NA
"63746","zcta",2019,"food_state_rnk",NA
"63747","zcta",2019,"food_state_rnk",89.9688
"63748","zcta",2019,"food_state_rnk",71.6216
"63750","zcta",2019,"food_state_rnk",NA
"63751","zcta",2019,"food_state_rnk",55.2495
"63755","zcta",2019,"food_state_rnk",57.1206
"63758","zcta",2019,"food_state_rnk",67.4636
"63760","zcta",2019,"food_state_rnk",96.4657
"63763","zcta",2019,"food_state_rnk",94.9064
"63764","zcta",2019,"food_state_rnk",22.5572
"63766","zcta",2019,"food_state_rnk",54.21
"63767","zcta",2019,"food_state_rnk",5.9252
"63769","zcta",2019,"food_state_rnk",64.4491
"63770","zcta",2019,"food_state_rnk",12.9938
"63771","zcta",2019,"food_state_rnk",52.7027
"63774","zcta",2019,"food_state_rnk",9.9792
"63775","zcta",2019,"food_state_rnk",51.3514
"63780","zcta",2019,"food_state_rnk",10.9148
"63781","zcta",2019,"food_state_rnk",34.4075
"63782","zcta",2019,"food_state_rnk",74.948
"63783","zcta",2019,"food_state_rnk",98.7526
"63784","zcta",2019,"food_state_rnk",27.131
"63785","zcta",2019,"food_state_rnk",52.3389
"63787","zcta",2019,"food_state_rnk",17.4636
"63801","zcta",2019,"food_state_rnk",9.0437
"63820","zcta",2019,"food_state_rnk",0.8316
"63821","zcta",2019,"food_state_rnk",1.9751
"63822","zcta",2019,"food_state_rnk",9.6674
"63823","zcta",2019,"food_state_rnk",6.0291
"63824","zcta",2019,"food_state_rnk",3.1185
"63825","zcta",2019,"food_state_rnk",22.1414
"63826","zcta",2019,"food_state_rnk",NA
"63827","zcta",2019,"food_state_rnk",17.3597
"63828","zcta",2019,"food_state_rnk",1.7672
"63829","zcta",2019,"food_state_rnk",1.5593
"63830","zcta",2019,"food_state_rnk",4.4699
"63833","zcta",2019,"food_state_rnk",79.106
"63834","zcta",2019,"food_state_rnk",2.8067
"63837","zcta",2019,"food_state_rnk",10.499
"63839","zcta",2019,"food_state_rnk",8.1081
"63841","zcta",2019,"food_state_rnk",15.5405
"63845","zcta",2019,"food_state_rnk",9.2516
"63846","zcta",2019,"food_state_rnk",21.9854
"63847","zcta",2019,"food_state_rnk",0.3119
"63848","zcta",2019,"food_state_rnk",12.7859
"63849","zcta",2019,"food_state_rnk",3.0146
"63851","zcta",2019,"food_state_rnk",0.6237
"63852","zcta",2019,"food_state_rnk",6.1331
"63853","zcta",2019,"food_state_rnk",67.6715
"63855","zcta",2019,"food_state_rnk",37.6299
"63857","zcta",2019,"food_state_rnk",9.1476
"63860","zcta",2019,"food_state_rnk",62.9938
"63862","zcta",2019,"food_state_rnk",1.1435
"63863","zcta",2019,"food_state_rnk",4.21
"63866","zcta",2019,"food_state_rnk",3.8462
"63867","zcta",2019,"food_state_rnk",10.395
"63868","zcta",2019,"food_state_rnk",13.0977
"63869","zcta",2019,"food_state_rnk",2.2869
"63870","zcta",2019,"food_state_rnk",2.5988
"63873","zcta",2019,"food_state_rnk",6.237
"63874","zcta",2019,"food_state_rnk",24.1164
"63876","zcta",2019,"food_state_rnk",7.6923
"63877","zcta",2019,"food_state_rnk",5.1975
"63878","zcta",2019,"food_state_rnk",NA
"63879","zcta",2019,"food_state_rnk",4.8857
"63880","zcta",2019,"food_state_rnk",5.3015
"63882","zcta",2019,"food_state_rnk",4.9896
"63901","zcta",2019,"food_state_rnk",8.316
"63902","zcta",2019,"food_state_rnk",NA
"63932","zcta",2019,"food_state_rnk",5.6133
"63933","zcta",2019,"food_state_rnk",3.9501
"63934","zcta",2019,"food_state_rnk",75.8836
"63935","zcta",2019,"food_state_rnk",14.8129
"63936","zcta",2019,"food_state_rnk",17.8794
"63937","zcta",2019,"food_state_rnk",40.5405
"63939","zcta",2019,"food_state_rnk",33.368
"63940","zcta",2019,"food_state_rnk",65.8004
"63941","zcta",2019,"food_state_rnk",95.9459
"63942","zcta",2019,"food_state_rnk",50.9356
"63943","zcta",2019,"food_state_rnk",5.4054
"63944","zcta",2019,"food_state_rnk",19.6466
"63945","zcta",2019,"food_state_rnk",16.3202
"63951","zcta",2019,"food_state_rnk",11.3306
"63952","zcta",2019,"food_state_rnk",18.0353
"63953","zcta",2019,"food_state_rnk",15.1767
"63954","zcta",2019,"food_state_rnk",6.5489
"63955","zcta",2019,"food_state_rnk",11.4345
"63956","zcta",2019,"food_state_rnk",10.7069
"63957","zcta",2019,"food_state_rnk",11.0187
"63960","zcta",2019,"food_state_rnk",21.3098
"63961","zcta",2019,"food_state_rnk",19.8545
"63962","zcta",2019,"food_state_rnk",0
"63964","zcta",2019,"food_state_rnk",17.0478
"63965","zcta",2019,"food_state_rnk",37.7339
"63966","zcta",2019,"food_state_rnk",54.6778
"63967","zcta",2019,"food_state_rnk",31.185
"64001","zcta",2019,"food_state_rnk",62.7859
"64011","zcta",2019,"food_state_rnk",68.1393
"64012","zcta",2019,"food_state_rnk",42.4636
"64014","zcta",2019,"food_state_rnk",78.0665
"64015","zcta",2019,"food_state_rnk",69.9584
"64016","zcta",2019,"food_state_rnk",59.4595
"64017","zcta",2019,"food_state_rnk",83.6798
"64018","zcta",2019,"food_state_rnk",87.2141
"64019","zcta",2019,"food_state_rnk",89.0852
"64020","zcta",2019,"food_state_rnk",60.0832
"64021","zcta",2019,"food_state_rnk",39.2931
"64022","zcta",2019,"food_state_rnk",96.1538
"64024","zcta",2019,"food_state_rnk",54.5738
"64029","zcta",2019,"food_state_rnk",85.8108
"64030","zcta",2019,"food_state_rnk",25.6757
"64034","zcta",2019,"food_state_rnk",94.3867
"64035","zcta",2019,"food_state_rnk",51.1435
"64036","zcta",2019,"food_state_rnk",7.7963
"64037","zcta",2019,"food_state_rnk",29.3139
"64040","zcta",2019,"food_state_rnk",41.2682
"64048","zcta",2019,"food_state_rnk",92.4116
"64050","zcta",2019,"food_state_rnk",24.7401
"64052","zcta",2019,"food_state_rnk",33.0561
"64053","zcta",2019,"food_state_rnk",24.8441
"64054","zcta",2019,"food_state_rnk",44.2827
"64055","zcta",2019,"food_state_rnk",52.5468
"64056","zcta",2019,"food_state_rnk",30.1455
"64057","zcta",2019,"food_state_rnk",81.7048
"64058","zcta",2019,"food_state_rnk",63.0977
"64060","zcta",2019,"food_state_rnk",91.9958
"64061","zcta",2019,"food_state_rnk",88.7734
"64062","zcta",2019,"food_state_rnk",83.9917
"64063","zcta",2019,"food_state_rnk",63.3056
"64064","zcta",2019,"food_state_rnk",85.0312
"64065","zcta",2019,"food_state_rnk",NA
"64066","zcta",2019,"food_state_rnk",NA
"64067","zcta",2019,"food_state_rnk",47.5052
"64068","zcta",2019,"food_state_rnk",69.4387
"64070","zcta",2019,"food_state_rnk",95.6341
"64071","zcta",2019,"food_state_rnk",71.7256
"64072","zcta",2019,"food_state_rnk",86.5904
"64074","zcta",2019,"food_state_rnk",19.0229
"64075","zcta",2019,"food_state_rnk",52.9106
"64076","zcta",2019,"food_state_rnk",45.0104
"64077","zcta",2019,"food_state_rnk",73.3888
"64078","zcta",2019,"food_state_rnk",90.7484
"64079","zcta",2019,"food_state_rnk",76.8191
"64080","zcta",2019,"food_state_rnk",75.4678
"64081","zcta",2019,"food_state_rnk",92.5676
"64082","zcta",2019,"food_state_rnk",92.8794
"64083","zcta",2019,"food_state_rnk",81.185
"64084","zcta",2019,"food_state_rnk",73.1809
"64085","zcta",2019,"food_state_rnk",41.4761
"64086","zcta",2019,"food_state_rnk",87.1102
"64088","zcta",2019,"food_state_rnk",83.1601
"64089","zcta",2019,"food_state_rnk",81.0811
"64090","zcta",2019,"food_state_rnk",40.6445
"64092","zcta",2019,"food_state_rnk",NA
"64093","zcta",2019,"food_state_rnk",53.7422
"64096","zcta",2019,"food_state_rnk",76.2474
"64097","zcta",2019,"food_state_rnk",41.1123
"64098","zcta",2019,"food_state_rnk",94.6985
"64101","zcta",2019,"food_state_rnk",NA
"64102","zcta",2019,"food_state_rnk",NA
"64105","zcta",2019,"food_state_rnk",35.8628
"64106","zcta",2019,"food_state_rnk",2.7027
"64108","zcta",2019,"food_state_rnk",43.9709
"64109","zcta",2019,"food_state_rnk",16.1123
"64110","zcta",2019,"food_state_rnk",41.3721
"64111","zcta",2019,"food_state_rnk",60.7069
"64112","zcta",2019,"food_state_rnk",93.4511
"64113","zcta",2019,"food_state_rnk",92.8794
"64114","zcta",2019,"food_state_rnk",92.2037
"64116","zcta",2019,"food_state_rnk",65.4886
"64117","zcta",2019,"food_state_rnk",26.1954
"64118","zcta",2019,"food_state_rnk",37.422
"64119","zcta",2019,"food_state_rnk",72.1414
"64120","zcta",2019,"food_state_rnk",52.027
"64123","zcta",2019,"food_state_rnk",25
"64124","zcta",2019,"food_state_rnk",16.9439
"64125","zcta",2019,"food_state_rnk",8.2121
"64126","zcta",2019,"food_state_rnk",3.5343
"64127","zcta",2019,"food_state_rnk",3.6383
"64128","zcta",2019,"food_state_rnk",2.183
"64129","zcta",2019,"food_state_rnk",18.815
"64130","zcta",2019,"food_state_rnk",7.4844
"64131","zcta",2019,"food_state_rnk",36.5904
"64132","zcta",2019,"food_state_rnk",6.341
"64133","zcta",2019,"food_state_rnk",33.6798
"64134","zcta",2019,"food_state_rnk",18.6071
"64136","zcta",2019,"food_state_rnk",12.0582
"64137","zcta",2019,"food_state_rnk",67.9834
"64138","zcta",2019,"food_state_rnk",32.0686
"64139","zcta",2019,"food_state_rnk",96.7775
"64145","zcta",2019,"food_state_rnk",88.5655
"64146","zcta",2019,"food_state_rnk",76.9231
"64147","zcta",2019,"food_state_rnk",0.104
"64149","zcta",2019,"food_state_rnk",19.1268
"64150","zcta",2019,"food_state_rnk",20.1663
"64151","zcta",2019,"food_state_rnk",70.5821
"64152","zcta",2019,"food_state_rnk",86.0707
"64153","zcta",2019,"food_state_rnk",99.5842
"64154","zcta",2019,"food_state_rnk",89.605
"64155","zcta",2019,"food_state_rnk",82.2245
"64156","zcta",2019,"food_state_rnk",87.7339
"64157","zcta",2019,"food_state_rnk",92.7235
"64158","zcta",2019,"food_state_rnk",84.7193
"64161","zcta",2019,"food_state_rnk",51.5593
"64163","zcta",2019,"food_state_rnk",26.4033
"64164","zcta",2019,"food_state_rnk",98.6486
"64165","zcta",2019,"food_state_rnk",100
"64166","zcta",2019,"food_state_rnk",90.2287
"64167","zcta",2019,"food_state_rnk",99.896
"64192","zcta",2019,"food_state_rnk",NA
"64401","zcta",2019,"food_state_rnk",40.7484
"64402","zcta",2019,"food_state_rnk",61.9543
"64420","zcta",2019,"food_state_rnk",NA
"64421","zcta",2019,"food_state_rnk",14.1372
"64422","zcta",2019,"food_state_rnk",98.1289
"64423","zcta",2019,"food_state_rnk",81.289
"64424","zcta",2019,"food_state_rnk",16.2162
"64426","zcta",2019,"food_state_rnk",55.9771
"64427","zcta",2019,"food_state_rnk",67.5676
"64428","zcta",2019,"food_state_rnk",51.8711
"64429","zcta",2019,"food_state_rnk",59.3035
"64430","zcta",2019,"food_state_rnk",86.3825
"64431","zcta",2019,"food_state_rnk",80.8732
"64432","zcta",2019,"food_state_rnk",NA
"64433","zcta",2019,"food_state_rnk",NA
"64434","zcta",2019,"food_state_rnk",69.0229
"64436","zcta",2019,"food_state_rnk",91.58
"64437","zcta",2019,"food_state_rnk",23.5967
"64438","zcta",2019,"food_state_rnk",91.0603
"64439","zcta",2019,"food_state_rnk",85.6029
"64440","zcta",2019,"food_state_rnk",92.0998
"64441","zcta",2019,"food_state_rnk",NA
"64442","zcta",2019,"food_state_rnk",71.5177
"64443","zcta",2019,"food_state_rnk",88.8773
"64444","zcta",2019,"food_state_rnk",70.3742
"64445","zcta",2019,"food_state_rnk",71.2058
"64446","zcta",2019,"food_state_rnk",57.7963
"64448","zcta",2019,"food_state_rnk",99.2723
"64449","zcta",2019,"food_state_rnk",90.8524
"64451","zcta",2019,"food_state_rnk",83.7838
"64453","zcta",2019,"food_state_rnk",85.9667
"64454","zcta",2019,"food_state_rnk",60.2911
"64455","zcta",2019,"food_state_rnk",63.2017
"64456","zcta",2019,"food_state_rnk",68.5031
"64457","zcta",2019,"food_state_rnk",77.6507
"64458","zcta",2019,"food_state_rnk",99.1684
"64459","zcta",2019,"food_state_rnk",53.5343
"64461","zcta",2019,"food_state_rnk",81.9127
"64463","zcta",2019,"food_state_rnk",32.5364
"64465","zcta",2019,"food_state_rnk",61.2266
"64466","zcta",2019,"food_state_rnk",64.7089
"64467","zcta",2019,"food_state_rnk",93.659
"64468","zcta",2019,"food_state_rnk",39.8129
"64469","zcta",2019,"food_state_rnk",68.9189
"64470","zcta",2019,"food_state_rnk",93.1393
"64471","zcta",2019,"food_state_rnk",64.7089
"64473","zcta",2019,"food_state_rnk",48.6486
"64474","zcta",2019,"food_state_rnk",85.6029
"64475","zcta",2019,"food_state_rnk",41.8399
"64476","zcta",2019,"food_state_rnk",52.027
"64477","zcta",2019,"food_state_rnk",78.2744
"64479","zcta",2019,"food_state_rnk",61.7983
"64480","zcta",2019,"food_state_rnk",98.9605
"64481","zcta",2019,"food_state_rnk",45.1143
"64482","zcta",2019,"food_state_rnk",70.1663
"64483","zcta",2019,"food_state_rnk",86.4865
"64484","zcta",2019,"food_state_rnk",30.4574
"64485","zcta",2019,"food_state_rnk",72.4532
"64486","zcta",2019,"food_state_rnk",40.3846
"64487","zcta",2019,"food_state_rnk",77.4428
"64489","zcta",2019,"food_state_rnk",63.9293
"64490","zcta",2019,"food_state_rnk",89.1892
"64491","zcta",2019,"food_state_rnk",66.1123
"64492","zcta",2019,"food_state_rnk",77.2349
"64493","zcta",2019,"food_state_rnk",56.6528
"64494","zcta",2019,"food_state_rnk",75.9875
"64496","zcta",2019,"food_state_rnk",NA
"64497","zcta",2019,"food_state_rnk",75.1559
"64498","zcta",2019,"food_state_rnk",85.8108
"64499","zcta",2019,"food_state_rnk",NA
"64501","zcta",2019,"food_state_rnk",4.3659
"64503","zcta",2019,"food_state_rnk",23.8046
"64504","zcta",2019,"food_state_rnk",32.8482
"64505","zcta",2019,"food_state_rnk",37.2141
"64506","zcta",2019,"food_state_rnk",74.2204
"64507","zcta",2019,"food_state_rnk",35.2391
"64601","zcta",2019,"food_state_rnk",36.0707
"64620","zcta",2019,"food_state_rnk",32.6403
"64622","zcta",2019,"food_state_rnk",68.711
"64623","zcta",2019,"food_state_rnk",46.4657
"64624","zcta",2019,"food_state_rnk",60.395
"64625","zcta",2019,"food_state_rnk",54.8857
"64628","zcta",2019,"food_state_rnk",43.3472
"64630","zcta",2019,"food_state_rnk",76.4033
"64631","zcta",2019,"food_state_rnk",64.9688
"64632","zcta",2019,"food_state_rnk",25.4678
"64633","zcta",2019,"food_state_rnk",24.0125
"64635","zcta",2019,"food_state_rnk",58.2121
"64636","zcta",2019,"food_state_rnk",9.8753
"64637","zcta",2019,"food_state_rnk",53.0146
"64638","zcta",2019,"food_state_rnk",71.4137
"64639","zcta",2019,"food_state_rnk",19.7505
"64640","zcta",2019,"food_state_rnk",29.9896
"64641","zcta",2019,"food_state_rnk",91.684
"64642","zcta",2019,"food_state_rnk",59.7713
"64643","zcta",2019,"food_state_rnk",72.3493
"64644","zcta",2019,"food_state_rnk",46.8815
"64645","zcta",2019,"food_state_rnk",96.9854
"64646","zcta",2019,"food_state_rnk",74.8441
"64647","zcta",2019,"food_state_rnk",20.894
"64648","zcta",2019,"food_state_rnk",65.1767
"64649","zcta",2019,"food_state_rnk",66.8919
"64650","zcta",2019,"food_state_rnk",83.8877
"64651","zcta",2019,"food_state_rnk",91.4761
"64652","zcta",2019,"food_state_rnk",43.1393
"64653","zcta",2019,"food_state_rnk",79.5218
"64654","zcta",2019,"food_state_rnk",NA
"64655","zcta",2019,"food_state_rnk",98.3368
"64656","zcta",2019,"food_state_rnk",39.3971
"64657","zcta",2019,"food_state_rnk",90.9563
"64658","zcta",2019,"food_state_rnk",80.1455
"64659","zcta",2019,"food_state_rnk",79.6258
"64660","zcta",2019,"food_state_rnk",97.2973
"64661","zcta",2019,"food_state_rnk",74.4283
"64664","zcta",2019,"food_state_rnk",59.8753
"64667","zcta",2019,"food_state_rnk",38.0457
"64668","zcta",2019,"food_state_rnk",47.6091
"64670","zcta",2019,"food_state_rnk",48.9605
"64671","zcta",2019,"food_state_rnk",43.6071
"64672","zcta",2019,"food_state_rnk",91.3721
"64673","zcta",2019,"food_state_rnk",87.8378
"64674","zcta",2019,"food_state_rnk",83.5759
"64676","zcta",2019,"food_state_rnk",96.0499
"64679","zcta",2019,"food_state_rnk",50.5198
"64681","zcta",2019,"food_state_rnk",77.8586
"64682","zcta",2019,"food_state_rnk",62.8898
"64683","zcta",2019,"food_state_rnk",38.3576
"64686","zcta",2019,"food_state_rnk",11.5385
"64688","zcta",2019,"food_state_rnk",76.0915
"64689","zcta",2019,"food_state_rnk",31.0811
"64701","zcta",2019,"food_state_rnk",47.817
"64720","zcta",2019,"food_state_rnk",58.9397
"64722","zcta",2019,"food_state_rnk",48.1289
"64723","zcta",2019,"food_state_rnk",59.6674
"64724","zcta",2019,"food_state_rnk",43.763
"64725","zcta",2019,"food_state_rnk",69.5426
"64726","zcta",2019,"food_state_rnk",37.1102
"64728","zcta",2019,"food_state_rnk",16.736
"64730","zcta",2019,"food_state_rnk",33.8358
"64733","zcta",2019,"food_state_rnk",25.5717
"64734","zcta",2019,"food_state_rnk",81.8087
"64735","zcta",2019,"food_state_rnk",13.8254
"64738","zcta",2019,"food_state_rnk",21.6216
"64739","zcta",2019,"food_state_rnk",54.0541
"64740","zcta",2019,"food_state_rnk",15.8004
"64741","zcta",2019,"food_state_rnk",48.8046
"64742","zcta",2019,"food_state_rnk",70.0624
"64743","zcta",2019,"food_state_rnk",7.9002
"64744","zcta",2019,"food_state_rnk",14.553
"64745","zcta",2019,"food_state_rnk",65.6965
"64746","zcta",2019,"food_state_rnk",40.8524
"64747","zcta",2019,"food_state_rnk",63.7214
"64748","zcta",2019,"food_state_rnk",42.4636
"64750","zcta",2019,"food_state_rnk",95.738
"64752","zcta",2019,"food_state_rnk",38.5655
"64755","zcta",2019,"food_state_rnk",34.8233
"64756","zcta",2019,"food_state_rnk",20.5301
"64759","zcta",2019,"food_state_rnk",24.5322
"64761","zcta",2019,"food_state_rnk",30.8732
"64762","zcta",2019,"food_state_rnk",61.3306
"64763","zcta",2019,"food_state_rnk",43.8669
"64765","zcta",2019,"food_state_rnk",NA
"64767","zcta",2019,"food_state_rnk",13.2017
"64769","zcta",2019,"food_state_rnk",34.3035
"64770","zcta",2019,"food_state_rnk",53.4304
"64771","zcta",2019,"food_state_rnk",88.0457
"64772","zcta",2019,"food_state_rnk",36.2786
"64776","zcta",2019,"food_state_rnk",47.0894
"64778","zcta",2019,"food_state_rnk",80.9771
"64779","zcta",2019,"food_state_rnk",44.6985
"64780","zcta",2019,"food_state_rnk",29.5738
"64781","zcta",2019,"food_state_rnk",NA
"64783","zcta",2019,"food_state_rnk",73.8046
"64784","zcta",2019,"food_state_rnk",38.6694
"64788","zcta",2019,"food_state_rnk",58.8358
"64790","zcta",2019,"food_state_rnk",47.7131
"64801","zcta",2019,"food_state_rnk",31.4969
"64804","zcta",2019,"food_state_rnk",33.8358
"64830","zcta",2019,"food_state_rnk",38.9813
"64831","zcta",2019,"food_state_rnk",68.1393
"64832","zcta",2019,"food_state_rnk",84.3035
"64833","zcta",2019,"food_state_rnk",NA
"64834","zcta",2019,"food_state_rnk",51.2474
"64835","zcta",2019,"food_state_rnk",28.6902
"64836","zcta",2019,"food_state_rnk",36.1746
"64840","zcta",2019,"food_state_rnk",83.264
"64841","zcta",2019,"food_state_rnk",31.6008
"64842","zcta",2019,"food_state_rnk",36.9023
"64843","zcta",2019,"food_state_rnk",26.8191
"64844","zcta",2019,"food_state_rnk",32.9522
"64847","zcta",2019,"food_state_rnk",19.3347
"64848","zcta",2019,"food_state_rnk",12.8898
"64849","zcta",2019,"food_state_rnk",17.6715
"64850","zcta",2019,"food_state_rnk",28.4823
"64854","zcta",2019,"food_state_rnk",11.8503
"64855","zcta",2019,"food_state_rnk",77.027
"64856","zcta",2019,"food_state_rnk",55.0936
"64857","zcta",2019,"food_state_rnk",48.0249
"64858","zcta",2019,"food_state_rnk",89.3971
"64859","zcta",2019,"food_state_rnk",11.7464
"64861","zcta",2019,"food_state_rnk",33.4719
"64862","zcta",2019,"food_state_rnk",35.7588
"64863","zcta",2019,"food_state_rnk",26.5073
"64865","zcta",2019,"food_state_rnk",29.5738
"64866","zcta",2019,"food_state_rnk",39.9168
"64867","zcta",2019,"food_state_rnk",69.3347
"64870","zcta",2019,"food_state_rnk",41.58
"64873","zcta",2019,"food_state_rnk",91.1642
"64874","zcta",2019,"food_state_rnk",22.7651
"65001","zcta",2019,"food_state_rnk",98.8565
"65010","zcta",2019,"food_state_rnk",82.4324
"65011","zcta",2019,"food_state_rnk",54.3659
"65013","zcta",2019,"food_state_rnk",44.8545
"65014","zcta",2019,"food_state_rnk",65.5925
"65016","zcta",2019,"food_state_rnk",92.5676
"65017","zcta",2019,"food_state_rnk",58.42
"65018","zcta",2019,"food_state_rnk",82.3285
"65020","zcta",2019,"food_state_rnk",25.2599
"65023","zcta",2019,"food_state_rnk",86.2786
"65024","zcta",2019,"food_state_rnk",52.8067
"65025","zcta",2019,"food_state_rnk",69.2308
"65026","zcta",2019,"food_state_rnk",24.2204
"65032","zcta",2019,"food_state_rnk",86.7983
"65034","zcta",2019,"food_state_rnk",73.7006
"65035","zcta",2019,"food_state_rnk",81.4969
"65037","zcta",2019,"food_state_rnk",64.0333
"65039","zcta",2019,"food_state_rnk",72.0374
"65040","zcta",2019,"food_state_rnk",35.6549
"65041","zcta",2019,"food_state_rnk",66.632
"65043","zcta",2019,"food_state_rnk",57.3805
"65046","zcta",2019,"food_state_rnk",79.9896
"65047","zcta",2019,"food_state_rnk",11.9543
"65048","zcta",2019,"food_state_rnk",99.4802
"65049","zcta",2019,"food_state_rnk",42.1518
"65050","zcta",2019,"food_state_rnk",68.3992
"65051","zcta",2019,"food_state_rnk",72.973
"65052","zcta",2019,"food_state_rnk",55.6133
"65053","zcta",2019,"food_state_rnk",84.8233
"65054","zcta",2019,"food_state_rnk",97.0894
"65058","zcta",2019,"food_state_rnk",87.526
"65059","zcta",2019,"food_state_rnk",66.5281
"65061","zcta",2019,"food_state_rnk",19.5426
"65062","zcta",2019,"food_state_rnk",NA
"65063","zcta",2019,"food_state_rnk",66.736
"65064","zcta",2019,"food_state_rnk",71.8295
"65065","zcta",2019,"food_state_rnk",28.2744
"65066","zcta",2019,"food_state_rnk",79.0021
"65067","zcta",2019,"food_state_rnk",22.2453
"65068","zcta",2019,"food_state_rnk",81.3929
"65069","zcta",2019,"food_state_rnk",83.0561
"65072","zcta",2019,"food_state_rnk",19.2308
"65074","zcta",2019,"food_state_rnk",79.4179
"65075","zcta",2019,"food_state_rnk",58.6798
"65076","zcta",2019,"food_state_rnk",99.3763
"65077","zcta",2019,"food_state_rnk",95.5301
"65078","zcta",2019,"food_state_rnk",18.3992
"65079","zcta",2019,"food_state_rnk",41.9958
"65080","zcta",2019,"food_state_rnk",73.0769
"65081","zcta",2019,"food_state_rnk",41.1123
"65082","zcta",2019,"food_state_rnk",42.9314
"65083","zcta",2019,"food_state_rnk",57.1206
"65084","zcta",2019,"food_state_rnk",27.5468
"65085","zcta",2019,"food_state_rnk",90.3326
"65101","zcta",2019,"food_state_rnk",38.4615
"65109","zcta",2019,"food_state_rnk",55.4054
"65201","zcta",2019,"food_state_rnk",56.8607
"65202","zcta",2019,"food_state_rnk",27.2349
"65203","zcta",2019,"food_state_rnk",66.2162
"65215","zcta",2019,"food_state_rnk",NA
"65230","zcta",2019,"food_state_rnk",25.9875
"65231","zcta",2019,"food_state_rnk",62.422
"65232","zcta",2019,"food_state_rnk",48.4407
"65233","zcta",2019,"food_state_rnk",50
"65236","zcta",2019,"food_state_rnk",45.3222
"65237","zcta",2019,"food_state_rnk",24.6362
"65239","zcta",2019,"food_state_rnk",78.3784
"65240","zcta",2019,"food_state_rnk",39.501
"65243","zcta",2019,"food_state_rnk",58.316
"65244","zcta",2019,"food_state_rnk",77.9626
"65246","zcta",2019,"food_state_rnk",NA
"65247","zcta",2019,"food_state_rnk",94.1788
"65248","zcta",2019,"food_state_rnk",43.6071
"65250","zcta",2019,"food_state_rnk",72.7651
"65251","zcta",2019,"food_state_rnk",37.8378
"65254","zcta",2019,"food_state_rnk",67.7755
"65255","zcta",2019,"food_state_rnk",47.4012
"65256","zcta",2019,"food_state_rnk",90.6445
"65257","zcta",2019,"food_state_rnk",49.6881
"65258","zcta",2019,"food_state_rnk",84.4075
"65259","zcta",2019,"food_state_rnk",77.7547
"65260","zcta",2019,"food_state_rnk",52.3389
"65261","zcta",2019,"food_state_rnk",69.7505
"65262","zcta",2019,"food_state_rnk",33.9917
"65263","zcta",2019,"food_state_rnk",56.7568
"65264","zcta",2019,"food_state_rnk",83.4719
"65265","zcta",2019,"food_state_rnk",50.2079
"65270","zcta",2019,"food_state_rnk",25.7796
"65274","zcta",2019,"food_state_rnk",37.0062
"65275","zcta",2019,"food_state_rnk",48.8046
"65276","zcta",2019,"food_state_rnk",58.0042
"65278","zcta",2019,"food_state_rnk",31.289
"65279","zcta",2019,"food_state_rnk",82.7443
"65280","zcta",2019,"food_state_rnk",43.4511
"65281","zcta",2019,"food_state_rnk",60.499
"65282","zcta",2019,"food_state_rnk",NA
"65283","zcta",2019,"food_state_rnk",61.0187
"65284","zcta",2019,"food_state_rnk",72.869
"65285","zcta",2019,"food_state_rnk",95.2183
"65286","zcta",2019,"food_state_rnk",29.8337
"65287","zcta",2019,"food_state_rnk",95.3222
"65301","zcta",2019,"food_state_rnk",29.4179
"65305","zcta",2019,"food_state_rnk",76.7152
"65320","zcta",2019,"food_state_rnk",NA
"65321","zcta",2019,"food_state_rnk",22.4532
"65322","zcta",2019,"food_state_rnk",75.052
"65323","zcta",2019,"food_state_rnk",33.1601
"65324","zcta",2019,"food_state_rnk",15.3846
"65325","zcta",2019,"food_state_rnk",35.0312
"65326","zcta",2019,"food_state_rnk",15.9044
"65327","zcta",2019,"food_state_rnk",86.9023
"65329","zcta",2019,"food_state_rnk",94.2827
"65330","zcta",2019,"food_state_rnk",16.4241
"65332","zcta",2019,"food_state_rnk",46.0499
"65333","zcta",2019,"food_state_rnk",87.0062
"65334","zcta",2019,"food_state_rnk",70.4782
"65335","zcta",2019,"food_state_rnk",8.0042
"65336","zcta",2019,"food_state_rnk",55.8212
"65337","zcta",2019,"food_state_rnk",59.5634
"65338","zcta",2019,"food_state_rnk",20.6861
"65339","zcta",2019,"food_state_rnk",72.6611
"65340","zcta",2019,"food_state_rnk",35.343
"65344","zcta",2019,"food_state_rnk",68.6071
"65345","zcta",2019,"food_state_rnk",98.4407
"65347","zcta",2019,"food_state_rnk",56.185
"65348","zcta",2019,"food_state_rnk",42.6195
"65349","zcta",2019,"food_state_rnk",23.1289
"65350","zcta",2019,"food_state_rnk",80.4574
"65351","zcta",2019,"food_state_rnk",65.1767
"65354","zcta",2019,"food_state_rnk",67.2557
"65355","zcta",2019,"food_state_rnk",30.7692
"65360","zcta",2019,"food_state_rnk",33.5759
"65401","zcta",2019,"food_state_rnk",29.9896
"65436","zcta",2019,"food_state_rnk",NA
"65438","zcta",2019,"food_state_rnk",6.9647
"65439","zcta",2019,"food_state_rnk",2.4948
"65440","zcta",2019,"food_state_rnk",54.7817
"65441","zcta",2019,"food_state_rnk",26.0915
"65443","zcta",2019,"food_state_rnk",97.4012
"65444","zcta",2019,"food_state_rnk",21.8295
"65446","zcta",2019,"food_state_rnk",91.2682
"65449","zcta",2019,"food_state_rnk",42.1518
"65452","zcta",2019,"food_state_rnk",22.973
"65453","zcta",2019,"food_state_rnk",17.5676
"65456","zcta",2019,"food_state_rnk",39.7089
"65457","zcta",2019,"food_state_rnk",87.3181
"65459","zcta",2019,"food_state_rnk",42.3077
"65461","zcta",2019,"food_state_rnk",NA
"65462","zcta",2019,"food_state_rnk",54.9896
"65463","zcta",2019,"food_state_rnk",32.0686
"65464","zcta",2019,"food_state_rnk",2.079
"65466","zcta",2019,"food_state_rnk",15.5405
"65468","zcta",2019,"food_state_rnk",NA
"65470","zcta",2019,"food_state_rnk",18.1913
"65473","zcta",2019,"food_state_rnk",NA
"65479","zcta",2019,"food_state_rnk",79.3139
"65483","zcta",2019,"food_state_rnk",12.2661
"65484","zcta",2019,"food_state_rnk",NA
"65486","zcta",2019,"food_state_rnk",57.3805
"65501","zcta",2019,"food_state_rnk",80.7692
"65529","zcta",2019,"food_state_rnk",98.0249
"65534","zcta",2019,"food_state_rnk",84.1996
"65535","zcta",2019,"food_state_rnk",11.2266
"65536","zcta",2019,"food_state_rnk",26.9231
"65541","zcta",2019,"food_state_rnk",76.2474
"65542","zcta",2019,"food_state_rnk",29.7297
"65543","zcta",2019,"food_state_rnk",82.0166
"65548","zcta",2019,"food_state_rnk",20.9979
"65550","zcta",2019,"food_state_rnk",55.9771
"65552","zcta",2019,"food_state_rnk",73.5967
"65555","zcta",2019,"food_state_rnk",25.8836
"65556","zcta",2019,"food_state_rnk",16.5281
"65557","zcta",2019,"food_state_rnk",95.1143
"65559","zcta",2019,"food_state_rnk",46.5696
"65560","zcta",2019,"food_state_rnk",18.9189
"65564","zcta",2019,"food_state_rnk",93.0353
"65565","zcta",2019,"food_state_rnk",33.264
"65566","zcta",2019,"food_state_rnk",21.9854
"65567","zcta",2019,"food_state_rnk",62.0582
"65570","zcta",2019,"food_state_rnk",40.2287
"65571","zcta",2019,"food_state_rnk",63.4096
"65580","zcta",2019,"food_state_rnk",93.5551
"65582","zcta",2019,"food_state_rnk",34.6154
"65583","zcta",2019,"food_state_rnk",51.6632
"65584","zcta",2019,"food_state_rnk",56.4449
"65586","zcta",2019,"food_state_rnk",NA
"65588","zcta",2019,"food_state_rnk",17.1518
"65589","zcta",2019,"food_state_rnk",NA
"65590","zcta",2019,"food_state_rnk",85.2391
"65591","zcta",2019,"food_state_rnk",14.8129
"65601","zcta",2019,"food_state_rnk",48.5447
"65603","zcta",2019,"food_state_rnk",74.7401
"65604","zcta",2019,"food_state_rnk",57.3805
"65605","zcta",2019,"food_state_rnk",23.4927
"65606","zcta",2019,"food_state_rnk",20.5301
"65608","zcta",2019,"food_state_rnk",6.8607
"65609","zcta",2019,"food_state_rnk",7.3805
"65610","zcta",2019,"food_state_rnk",63.6175
"65611","zcta",2019,"food_state_rnk",68.2952
"65612","zcta",2019,"food_state_rnk",89.7089
"65613","zcta",2019,"food_state_rnk",24.4283
"65614","zcta",2019,"food_state_rnk",80.6653
"65616","zcta",2019,"food_state_rnk",27.7547
"65617","zcta",2019,"food_state_rnk",86.6944
"65618","zcta",2019,"food_state_rnk",8.42
"65619","zcta",2019,"food_state_rnk",74.0125
"65620","zcta",2019,"food_state_rnk",97.7131
"65622","zcta",2019,"food_state_rnk",38.1497
"65623","zcta",2019,"food_state_rnk",NA
"65624","zcta",2019,"food_state_rnk",71.3098
"65625","zcta",2019,"food_state_rnk",22.6611
"65626","zcta",2019,"food_state_rnk",32.3805
"65627","zcta",2019,"food_state_rnk",64.3451
"65629","zcta",2019,"food_state_rnk",12.1622
"65630","zcta",2019,"food_state_rnk",98.2328
"65631","zcta",2019,"food_state_rnk",52.5468
"65632","zcta",2019,"food_state_rnk",34.1996
"65633","zcta",2019,"food_state_rnk",23.3888
"65634","zcta",2019,"food_state_rnk",7.1726
"65635","zcta",2019,"food_state_rnk",50.7796
"65637","zcta",2019,"food_state_rnk",27.8586
"65638","zcta",2019,"food_state_rnk",59.1476
"65640","zcta",2019,"food_state_rnk",34.9272
"65641","zcta",2019,"food_state_rnk",30.9771
"65644","zcta",2019,"food_state_rnk",70.2703
"65646","zcta",2019,"food_state_rnk",36.4865
"65647","zcta",2019,"food_state_rnk",62.6819
"65648","zcta",2019,"food_state_rnk",85.1351
"65649","zcta",2019,"food_state_rnk",23.7006
"65650","zcta",2019,"food_state_rnk",26.2994
"65652","zcta",2019,"food_state_rnk",23.1289
"65653","zcta",2019,"food_state_rnk",35.447
"65654","zcta",2019,"food_state_rnk",31.3929
"65655","zcta",2019,"food_state_rnk",14.657
"65656","zcta",2019,"food_state_rnk",34.0956
"65657","zcta",2019,"food_state_rnk",91.8919
"65658","zcta",2019,"food_state_rnk",27.4428
"65660","zcta",2019,"food_state_rnk",19.4387
"65661","zcta",2019,"food_state_rnk",27.027
"65662","zcta",2019,"food_state_rnk",45.2183
"65663","zcta",2019,"food_state_rnk",64.1892
"65664","zcta",2019,"food_state_rnk",0.2079
"65667","zcta",2019,"food_state_rnk",21.4137
"65668","zcta",2019,"food_state_rnk",47.921
"65669","zcta",2019,"food_state_rnk",45.4262
"65672","zcta",2019,"food_state_rnk",28.0665
"65674","zcta",2019,"food_state_rnk",5.5094
"65676","zcta",2019,"food_state_rnk",13.9293
"65679","zcta",2019,"food_state_rnk",35.5509
"65680","zcta",2019,"food_state_rnk",16.8399
"65681","zcta",2019,"food_state_rnk",41.8399
"65682","zcta",2019,"food_state_rnk",43.2432
"65685","zcta",2019,"food_state_rnk",9.3555
"65686","zcta",2019,"food_state_rnk",49.896
"65689","zcta",2019,"food_state_rnk",12.474
"65690","zcta",2019,"food_state_rnk",73.9085
"65692","zcta",2019,"food_state_rnk",21.2058
"65702","zcta",2019,"food_state_rnk",69.8545
"65704","zcta",2019,"food_state_rnk",10.6029
"65705","zcta",2019,"food_state_rnk",36.3825
"65706","zcta",2019,"food_state_rnk",30.6653
"65707","zcta",2019,"food_state_rnk",28.8462
"65708","zcta",2019,"food_state_rnk",36.6944
"65710","zcta",2019,"food_state_rnk",65.1767
"65711","zcta",2019,"food_state_rnk",10.2911
"65712","zcta",2019,"food_state_rnk",23.9085
"65713","zcta",2019,"food_state_rnk",47.1933
"65714","zcta",2019,"food_state_rnk",53.2225
"65715","zcta",2019,"food_state_rnk",NA
"65717","zcta",2019,"food_state_rnk",15.6965
"65720","zcta",2019,"food_state_rnk",14.9688
"65721","zcta",2019,"food_state_rnk",56.5489
"65722","zcta",2019,"food_state_rnk",72.5572
"65723","zcta",2019,"food_state_rnk",42.7235
"65724","zcta",2019,"food_state_rnk",78.1705
"65725","zcta",2019,"food_state_rnk",26.7152
"65727","zcta",2019,"food_state_rnk",84.5114
"65728","zcta",2019,"food_state_rnk",NA
"65729","zcta",2019,"food_state_rnk",3.4304
"65730","zcta",2019,"food_state_rnk",NA
"65731","zcta",2019,"food_state_rnk",14.4491
"65732","zcta",2019,"food_state_rnk",39.605
"65733","zcta",2019,"food_state_rnk",37.526
"65734","zcta",2019,"food_state_rnk",37.9418
"65735","zcta",2019,"food_state_rnk",NA
"65737","zcta",2019,"food_state_rnk",40.9563
"65738","zcta",2019,"food_state_rnk",57.9002
"65739","zcta",2019,"food_state_rnk",89.9688
"65740","zcta",2019,"food_state_rnk",8.7318
"65742","zcta",2019,"food_state_rnk",62.422
"65744","zcta",2019,"food_state_rnk",NA
"65745","zcta",2019,"food_state_rnk",12.6819
"65746","zcta",2019,"food_state_rnk",44.1788
"65747","zcta",2019,"food_state_rnk",18.5031
"65752","zcta",2019,"food_state_rnk",13.3056
"65753","zcta",2019,"food_state_rnk",49.1164
"65754","zcta",2019,"food_state_rnk",96.8815
"65755","zcta",2019,"food_state_rnk",70.79
"65756","zcta",2019,"food_state_rnk",14.2412
"65757","zcta",2019,"food_state_rnk",58.1081
"65759","zcta",2019,"food_state_rnk",29.21
"65760","zcta",2019,"food_state_rnk",46.1538
"65761","zcta",2019,"food_state_rnk",10.8108
"65762","zcta",2019,"food_state_rnk",9.5634
"65764","zcta",2019,"food_state_rnk",49.5842
"65766","zcta",2019,"food_state_rnk",NA
"65767","zcta",2019,"food_state_rnk",44.5946
"65768","zcta",2019,"food_state_rnk",3.7422
"65769","zcta",2019,"food_state_rnk",29.0541
"65770","zcta",2019,"food_state_rnk",50.3119
"65771","zcta",2019,"food_state_rnk",28.8462
"65772","zcta",2019,"food_state_rnk",25.1559
"65773","zcta",2019,"food_state_rnk",29.0541
"65774","zcta",2019,"food_state_rnk",10.0832
"65775","zcta",2019,"food_state_rnk",17.7755
"65777","zcta",2019,"food_state_rnk",97.1933
"65778","zcta",2019,"food_state_rnk",18.711
"65779","zcta",2019,"food_state_rnk",31.7048
"65781","zcta",2019,"food_state_rnk",41.684
"65783","zcta",2019,"food_state_rnk",0.5198
"65784","zcta",2019,"food_state_rnk",NA
"65785","zcta",2019,"food_state_rnk",20.79
"65786","zcta",2019,"food_state_rnk",39.1372
"65787","zcta",2019,"food_state_rnk",95.0104
"65788","zcta",2019,"food_state_rnk",25
"65789","zcta",2019,"food_state_rnk",13.5135
"65790","zcta",2019,"food_state_rnk",74.1164
"65791","zcta",2019,"food_state_rnk",18.2952
"65793","zcta",2019,"food_state_rnk",14.0333
"65802","zcta",2019,"food_state_rnk",22.3493
"65803","zcta",2019,"food_state_rnk",27.3389
"65804","zcta",2019,"food_state_rnk",58.6798
"65806","zcta",2019,"food_state_rnk",9.7713
"65807","zcta",2019,"food_state_rnk",34.7193
"65809","zcta",2019,"food_state_rnk",94.0748
"65810","zcta",2019,"food_state_rnk",78.6902
