"geoid","geolevel","year","level","value"
"10001","zcta",2019,"food_score",96.71
"10002","zcta",2019,"food_score",52.11
"10003","zcta",2019,"food_score",104.63
"10004","zcta",2019,"food_score",119.3
"10005","zcta",2019,"food_score",118.1
"10006","zcta",2019,"food_score",120.68
"10007","zcta",2019,"food_score",116.09
"10009","zcta",2019,"food_score",72.25
"10010","zcta",2019,"food_score",103.33
"10011","zcta",2019,"food_score",102.58
"10012","zcta",2019,"food_score",109.95
"10013","zcta",2019,"food_score",95.58
"10014","zcta",2019,"food_score",113.4
"10016","zcta",2019,"food_score",106.33
"10017","zcta",2019,"food_score",111.97
"10018","zcta",2019,"food_score",102.08
"10019","zcta",2019,"food_score",96.88
"10020","zcta",2019,"food_score",NA
"10021","zcta",2019,"food_score",112.7
"10022","zcta",2019,"food_score",114.17
"10023","zcta",2019,"food_score",99.64
"10024","zcta",2019,"food_score",104.22
"10025","zcta",2019,"food_score",83.67
"10026","zcta",2019,"food_score",87.46
"10027","zcta",2019,"food_score",82.65
"10028","zcta",2019,"food_score",112.65
"10029","zcta",2019,"food_score",48.38
"10030","zcta",2019,"food_score",56.37
"10031","zcta",2019,"food_score",60.87
"10032","zcta",2019,"food_score",51.2
"10033","zcta",2019,"food_score",62.67
"10034","zcta",2019,"food_score",57.03
"10035","zcta",2019,"food_score",74.66
"10036","zcta",2019,"food_score",96.02
"10037","zcta",2019,"food_score",77.06
"10038","zcta",2019,"food_score",82.16
"10039","zcta",2019,"food_score",64.16
"10040","zcta",2019,"food_score",58.54
"10044","zcta",2019,"food_score",109.01
"10065","zcta",2019,"food_score",112.69
"10069","zcta",2019,"food_score",119.11
"10075","zcta",2019,"food_score",118.26
"10103","zcta",2019,"food_score",NA
"10110","zcta",2019,"food_score",NA
"10111","zcta",2019,"food_score",NA
"10112","zcta",2019,"food_score",NA
"10115","zcta",2019,"food_score",NA
"10119","zcta",2019,"food_score",NA
"10128","zcta",2019,"food_score",104.75
"10152","zcta",2019,"food_score",NA
"10153","zcta",2019,"food_score",NA
"10154","zcta",2019,"food_score",NA
"10162","zcta",2019,"food_score",124.15
"10165","zcta",2019,"food_score",NA
"10167","zcta",2019,"food_score",NA
"10168","zcta",2019,"food_score",NA
"10169","zcta",2019,"food_score",NA
"10170","zcta",2019,"food_score",NA
"10171","zcta",2019,"food_score",NA
"10172","zcta",2019,"food_score",NA
"10173","zcta",2019,"food_score",NA
"10174","zcta",2019,"food_score",NA
"10177","zcta",2019,"food_score",NA
"10199","zcta",2019,"food_score",NA
"10271","zcta",2019,"food_score",NA
"10278","zcta",2019,"food_score",NA
"10279","zcta",2019,"food_score",NA
"10280","zcta",2019,"food_score",114.16
"10282","zcta",2019,"food_score",115.73
"10301","zcta",2019,"food_score",82.4
"10302","zcta",2019,"food_score",88.76
"10303","zcta",2019,"food_score",83.97
"10304","zcta",2019,"food_score",74.29
"10305","zcta",2019,"food_score",100.31
"10306","zcta",2019,"food_score",105.14
"10307","zcta",2019,"food_score",119.36
"10308","zcta",2019,"food_score",115.75
"10309","zcta",2019,"food_score",115.23
"10310","zcta",2019,"food_score",88.71
"10311","zcta",2019,"food_score",NA
"10312","zcta",2019,"food_score",111.44
"10314","zcta",2019,"food_score",103.58
"10451","zcta",2019,"food_score",50.6
"10452","zcta",2019,"food_score",35.42
"10453","zcta",2019,"food_score",27.09
"10454","zcta",2019,"food_score",29.58
"10455","zcta",2019,"food_score",35.02
"10456","zcta",2019,"food_score",31.63
"10457","zcta",2019,"food_score",30.51
"10458","zcta",2019,"food_score",28.49
"10459","zcta",2019,"food_score",42.72
"10460","zcta",2019,"food_score",33.43
"10461","zcta",2019,"food_score",85.81
"10462","zcta",2019,"food_score",69.76
"10463","zcta",2019,"food_score",73.13
"10464","zcta",2019,"food_score",80.98
"10465","zcta",2019,"food_score",95.33
"10466","zcta",2019,"food_score",67.9
"10467","zcta",2019,"food_score",51.75
"10468","zcta",2019,"food_score",39.15
"10469","zcta",2019,"food_score",80.74
"10470","zcta",2019,"food_score",88.35
"10471","zcta",2019,"food_score",108.96
"10472","zcta",2019,"food_score",46.42
"10473","zcta",2019,"food_score",59.44
"10474","zcta",2019,"food_score",40.12
"10475","zcta",2019,"food_score",88.91
"10501","zcta",2019,"food_score",130.22
"10502","zcta",2019,"food_score",115.66
"10503","zcta",2019,"food_score",119.82
"10504","zcta",2019,"food_score",129.14
"10505","zcta",2019,"food_score",107.33
"10506","zcta",2019,"food_score",129.41
"10507","zcta",2019,"food_score",115.69
"10509","zcta",2019,"food_score",114.38
"10510","zcta",2019,"food_score",124.66
"10511","zcta",2019,"food_score",128.3
"10512","zcta",2019,"food_score",115.11
"10514","zcta",2019,"food_score",128.02
"10516","zcta",2019,"food_score",124.34
"10517","zcta",2019,"food_score",128.22
"10518","zcta",2019,"food_score",129.58
"10519","zcta",2019,"food_score",130.3
"10520","zcta",2019,"food_score",118.5
"10522","zcta",2019,"food_score",123.65
"10523","zcta",2019,"food_score",112.36
"10524","zcta",2019,"food_score",124.7
"10526","zcta",2019,"food_score",129.89
"10527","zcta",2019,"food_score",130.28
"10528","zcta",2019,"food_score",121.52
"10530","zcta",2019,"food_score",117.47
"10532","zcta",2019,"food_score",122.6
"10533","zcta",2019,"food_score",127.95
"10535","zcta",2019,"food_score",59.85
"10536","zcta",2019,"food_score",129.52
"10537","zcta",2019,"food_score",111.48
"10538","zcta",2019,"food_score",127.33
"10541","zcta",2019,"food_score",119.52
"10543","zcta",2019,"food_score",113.92
"10545","zcta",2019,"food_score",NA
"10546","zcta",2019,"food_score",121.63
"10547","zcta",2019,"food_score",111.06
"10548","zcta",2019,"food_score",115.33
"10549","zcta",2019,"food_score",113.62
"10550","zcta",2019,"food_score",78.46
"10552","zcta",2019,"food_score",100.19
"10553","zcta",2019,"food_score",101.68
"10560","zcta",2019,"food_score",123.96
"10562","zcta",2019,"food_score",112.25
"10566","zcta",2019,"food_score",98.39
"10567","zcta",2019,"food_score",117.53
"10570","zcta",2019,"food_score",124.52
"10573","zcta",2019,"food_score",109.29
"10576","zcta",2019,"food_score",129.46
"10577","zcta",2019,"food_score",NA
"10578","zcta",2019,"food_score",125.86
"10579","zcta",2019,"food_score",119.3
"10580","zcta",2019,"food_score",121.88
"10583","zcta",2019,"food_score",118.71
"10588","zcta",2019,"food_score",127.32
"10589","zcta",2019,"food_score",114.97
"10590","zcta",2019,"food_score",121.78
"10591","zcta",2019,"food_score",108.47
"10594","zcta",2019,"food_score",116.5
"10595","zcta",2019,"food_score",123.92
"10596","zcta",2019,"food_score",123.16
"10597","zcta",2019,"food_score",118.94
"10598","zcta",2019,"food_score",119.16
"10601","zcta",2019,"food_score",108.8
"10603","zcta",2019,"food_score",110.28
"10604","zcta",2019,"food_score",110.3
"10605","zcta",2019,"food_score",115.05
"10606","zcta",2019,"food_score",110.52
"10607","zcta",2019,"food_score",120.14
"10701","zcta",2019,"food_score",69.78
"10703","zcta",2019,"food_score",91.94
"10704","zcta",2019,"food_score",107.53
"10705","zcta",2019,"food_score",71.36
"10706","zcta",2019,"food_score",119.77
"10707","zcta",2019,"food_score",118.82
"10708","zcta",2019,"food_score",118.47
"10709","zcta",2019,"food_score",125.68
"10710","zcta",2019,"food_score",111.33
"10801","zcta",2019,"food_score",93.78
"10803","zcta",2019,"food_score",117.25
"10804","zcta",2019,"food_score",125.75
"10805","zcta",2019,"food_score",100.1
"10901","zcta",2019,"food_score",118.13
"10910","zcta",2019,"food_score",NA
"10911","zcta",2019,"food_score",NA
"10913","zcta",2019,"food_score",121.46
"10914","zcta",2019,"food_score",118.86
"10915","zcta",2019,"food_score",NA
"10916","zcta",2019,"food_score",121.7
"10917","zcta",2019,"food_score",122.36
"10918","zcta",2019,"food_score",117.84
"10919","zcta",2019,"food_score",127.48
"10920","zcta",2019,"food_score",121.92
"10921","zcta",2019,"food_score",120.23
"10922","zcta",2019,"food_score",120.7
"10923","zcta",2019,"food_score",106.89
"10924","zcta",2019,"food_score",112.84
"10925","zcta",2019,"food_score",123.25
"10926","zcta",2019,"food_score",106.39
"10927","zcta",2019,"food_score",68.55
"10928","zcta",2019,"food_score",119.94
"10930","zcta",2019,"food_score",112.49
"10931","zcta",2019,"food_score",105.64
"10932","zcta",2019,"food_score",118.92
"10933","zcta",2019,"food_score",59.17
"10940","zcta",2019,"food_score",95.86
"10941","zcta",2019,"food_score",110.99
"10950","zcta",2019,"food_score",78.19
"10952","zcta",2019,"food_score",74.06
"10953","zcta",2019,"food_score",129.19
"10954","zcta",2019,"food_score",114.12
"10956","zcta",2019,"food_score",118.47
"10958","zcta",2019,"food_score",123.78
"10960","zcta",2019,"food_score",110.41
"10962","zcta",2019,"food_score",123.14
"10963","zcta",2019,"food_score",115.85
"10964","zcta",2019,"food_score",127.51
"10965","zcta",2019,"food_score",116.88
"10968","zcta",2019,"food_score",127.99
"10969","zcta",2019,"food_score",129.78
"10970","zcta",2019,"food_score",97.97
"10973","zcta",2019,"food_score",105.2
"10974","zcta",2019,"food_score",125.78
"10975","zcta",2019,"food_score",130.69
"10976","zcta",2019,"food_score",111.59
"10977","zcta",2019,"food_score",70.87
"10979","zcta",2019,"food_score",118.18
"10980","zcta",2019,"food_score",112.31
"10983","zcta",2019,"food_score",121.48
"10984","zcta",2019,"food_score",114.88
"10985","zcta",2019,"food_score",118.91
"10986","zcta",2019,"food_score",119.42
"10987","zcta",2019,"food_score",121
"10988","zcta",2019,"food_score",99.69
"10989","zcta",2019,"food_score",119.53
"10990","zcta",2019,"food_score",119.41
"10992","zcta",2019,"food_score",118.18
"10993","zcta",2019,"food_score",92.32
"10994","zcta",2019,"food_score",126.84
"10996","zcta",2019,"food_score",NA
"10998","zcta",2019,"food_score",111.77
"11001","zcta",2019,"food_score",116.77
"11003","zcta",2019,"food_score",109.02
"11004","zcta",2019,"food_score",116.19
"11005","zcta",2019,"food_score",116.79
"11010","zcta",2019,"food_score",117.35
"11020","zcta",2019,"food_score",122.32
"11021","zcta",2019,"food_score",119.39
"11023","zcta",2019,"food_score",117.17
"11024","zcta",2019,"food_score",118.51
"11030","zcta",2019,"food_score",126.38
"11040","zcta",2019,"food_score",114.69
"11042","zcta",2019,"food_score",NA
"11050","zcta",2019,"food_score",118.55
"11096","zcta",2019,"food_score",98.85
"11101","zcta",2019,"food_score",84.04
"11102","zcta",2019,"food_score",86.08
"11103","zcta",2019,"food_score",101.51
"11104","zcta",2019,"food_score",103.32
"11105","zcta",2019,"food_score",99.81
"11106","zcta",2019,"food_score",84.93
"11109","zcta",2019,"food_score",122.17
"11201","zcta",2019,"food_score",93.16
"11203","zcta",2019,"food_score",82.92
"11204","zcta",2019,"food_score",72.17
"11205","zcta",2019,"food_score",61.95
"11206","zcta",2019,"food_score",38.4
"11207","zcta",2019,"food_score",50.39
"11208","zcta",2019,"food_score",58.16
"11209","zcta",2019,"food_score",95.25
"11210","zcta",2019,"food_score",86.68
"11211","zcta",2019,"food_score",56.33
"11212","zcta",2019,"food_score",41.19
"11213","zcta",2019,"food_score",57.81
"11214","zcta",2019,"food_score",71.3
"11215","zcta",2019,"food_score",103.82
"11216","zcta",2019,"food_score",76.7
"11217","zcta",2019,"food_score",88.67
"11218","zcta",2019,"food_score",81.21
"11219","zcta",2019,"food_score",47.47
"11220","zcta",2019,"food_score",62.2
"11221","zcta",2019,"food_score",60.02
"11222","zcta",2019,"food_score",99.28
"11223","zcta",2019,"food_score",71.58
"11224","zcta",2019,"food_score",52.57
"11225","zcta",2019,"food_score",78.74
"11226","zcta",2019,"food_score",60.57
"11228","zcta",2019,"food_score",92.41
"11229","zcta",2019,"food_score",79.71
"11230","zcta",2019,"food_score",74.67
"11231","zcta",2019,"food_score",83.79
"11232","zcta",2019,"food_score",76.02
"11233","zcta",2019,"food_score",59.87
"11234","zcta",2019,"food_score",90.96
"11235","zcta",2019,"food_score",78.14
"11236","zcta",2019,"food_score",81
"11237","zcta",2019,"food_score",56.53
"11238","zcta",2019,"food_score",91.53
"11239","zcta",2019,"food_score",65.55
"11351","zcta",2019,"food_score",NA
"11354","zcta",2019,"food_score",92.99
"11355","zcta",2019,"food_score",88.41
"11356","zcta",2019,"food_score",101.54
"11357","zcta",2019,"food_score",109.79
"11358","zcta",2019,"food_score",106.95
"11359","zcta",2019,"food_score",NA
"11360","zcta",2019,"food_score",115.38
"11361","zcta",2019,"food_score",111.79
"11362","zcta",2019,"food_score",116
"11363","zcta",2019,"food_score",117.93
"11364","zcta",2019,"food_score",111.71
"11365","zcta",2019,"food_score",102.31
"11366","zcta",2019,"food_score",108.14
"11367","zcta",2019,"food_score",95.54
"11368","zcta",2019,"food_score",57.78
"11369","zcta",2019,"food_score",93.18
"11370","zcta",2019,"food_score",98.99
"11371","zcta",2019,"food_score",NA
"11372","zcta",2019,"food_score",90.77
"11373","zcta",2019,"food_score",81.33
"11374","zcta",2019,"food_score",97.69
"11375","zcta",2019,"food_score",103.99
"11377","zcta",2019,"food_score",97.27
"11378","zcta",2019,"food_score",104.68
"11379","zcta",2019,"food_score",109.58
"11385","zcta",2019,"food_score",94.56
"11411","zcta",2019,"food_score",107.13
"11412","zcta",2019,"food_score",95.3
"11413","zcta",2019,"food_score",98.63
"11414","zcta",2019,"food_score",107.42
"11415","zcta",2019,"food_score",108.95
"11416","zcta",2019,"food_score",90.7
"11417","zcta",2019,"food_score",96.96
"11418","zcta",2019,"food_score",94.09
"11419","zcta",2019,"food_score",88.57
"11420","zcta",2019,"food_score",94.65
"11421","zcta",2019,"food_score",92.14
"11422","zcta",2019,"food_score",95.28
"11423","zcta",2019,"food_score",98.76
"11424","zcta",2019,"food_score",NA
"11425","zcta",2019,"food_score",NA
"11426","zcta",2019,"food_score",112.75
"11427","zcta",2019,"food_score",109.24
"11428","zcta",2019,"food_score",108.48
"11429","zcta",2019,"food_score",97.69
"11430","zcta",2019,"food_score",NA
"11432","zcta",2019,"food_score",89.58
"11433","zcta",2019,"food_score",79.35
"11434","zcta",2019,"food_score",92.37
"11435","zcta",2019,"food_score",90.05
"11436","zcta",2019,"food_score",91.29
"11451","zcta",2019,"food_score",NA
"11501","zcta",2019,"food_score",119.9
"11507","zcta",2019,"food_score",122.99
"11509","zcta",2019,"food_score",106.17
"11510","zcta",2019,"food_score",117.84
"11514","zcta",2019,"food_score",127.27
"11516","zcta",2019,"food_score",128.04
"11518","zcta",2019,"food_score",122.88
"11520","zcta",2019,"food_score",101.9
"11530","zcta",2019,"food_score",121.43
"11542","zcta",2019,"food_score",113
"11545","zcta",2019,"food_score",122.3
"11547","zcta",2019,"food_score",130.03
"11548","zcta",2019,"food_score",NA
"11549","zcta",2019,"food_score",NA
"11550","zcta",2019,"food_score",85.54
"11552","zcta",2019,"food_score",113.3
"11553","zcta",2019,"food_score",111.08
"11554","zcta",2019,"food_score",116.02
"11556","zcta",2019,"food_score",NA
"11557","zcta",2019,"food_score",123.2
"11558","zcta",2019,"food_score",113.42
"11559","zcta",2019,"food_score",120.05
"11560","zcta",2019,"food_score",129.29
"11561","zcta",2019,"food_score",113.88
"11563","zcta",2019,"food_score",121.01
"11565","zcta",2019,"food_score",118.79
"11566","zcta",2019,"food_score",122.21
"11568","zcta",2019,"food_score",127.05
"11569","zcta",2019,"food_score",130.04
"11570","zcta",2019,"food_score",114.4
"11572","zcta",2019,"food_score",116.91
"11575","zcta",2019,"food_score",107.11
"11576","zcta",2019,"food_score",126.58
"11577","zcta",2019,"food_score",122.82
"11579","zcta",2019,"food_score",116.71
"11580","zcta",2019,"food_score",116.96
"11581","zcta",2019,"food_score",119.2
"11590","zcta",2019,"food_score",113.87
"11596","zcta",2019,"food_score",123.71
"11598","zcta",2019,"food_score",118.42
"11691","zcta",2019,"food_score",58.63
"11692","zcta",2019,"food_score",63.64
"11693","zcta",2019,"food_score",80.68
"11694","zcta",2019,"food_score",110.4
"11697","zcta",2019,"food_score",124.64
"11701","zcta",2019,"food_score",97.24
"11702","zcta",2019,"food_score",117.34
"11703","zcta",2019,"food_score",110.31
"11704","zcta",2019,"food_score",102.13
"11705","zcta",2019,"food_score",116.64
"11706","zcta",2019,"food_score",92.65
"11709","zcta",2019,"food_score",125.75
"11710","zcta",2019,"food_score",120.08
"11713","zcta",2019,"food_score",96.07
"11714","zcta",2019,"food_score",121.1
"11715","zcta",2019,"food_score",122.68
"11716","zcta",2019,"food_score",121.23
"11717","zcta",2019,"food_score",94.88
"11718","zcta",2019,"food_score",122.73
"11719","zcta",2019,"food_score",114.82
"11720","zcta",2019,"food_score",111.26
"11721","zcta",2019,"food_score",123.05
"11722","zcta",2019,"food_score",95.05
"11724","zcta",2019,"food_score",128.06
"11725","zcta",2019,"food_score",119.33
"11726","zcta",2019,"food_score",95.29
"11727","zcta",2019,"food_score",107.03
"11729","zcta",2019,"food_score",107.14
"11730","zcta",2019,"food_score",114.02
"11731","zcta",2019,"food_score",117.43
"11732","zcta",2019,"food_score",118.83
"11733","zcta",2019,"food_score",124.1
"11735","zcta",2019,"food_score",116.84
"11738","zcta",2019,"food_score",113.09
"11739","zcta",2019,"food_score",130.09
"11740","zcta",2019,"food_score",114.88
"11741","zcta",2019,"food_score",116.41
"11742","zcta",2019,"food_score",120.72
"11743","zcta",2019,"food_score",115.25
"11746","zcta",2019,"food_score",104.16
"11747","zcta",2019,"food_score",121.63
"11749","zcta",2019,"food_score",118.17
"11751","zcta",2019,"food_score",119.01
"11752","zcta",2019,"food_score",111.32
"11753","zcta",2019,"food_score",124.38
"11754","zcta",2019,"food_score",123.11
"11755","zcta",2019,"food_score",117.44
"11756","zcta",2019,"food_score",115.18
"11757","zcta",2019,"food_score",110.1
"11758","zcta",2019,"food_score",117.17
"11762","zcta",2019,"food_score",120.95
"11763","zcta",2019,"food_score",105.77
"11764","zcta",2019,"food_score",119.2
"11765","zcta",2019,"food_score",125.99
"11766","zcta",2019,"food_score",121.02
"11767","zcta",2019,"food_score",123.45
"11768","zcta",2019,"food_score",119.78
"11769","zcta",2019,"food_score",121.65
"11770","zcta",2019,"food_score",NA
"11771","zcta",2019,"food_score",125.12
"11772","zcta",2019,"food_score",108.53
"11776","zcta",2019,"food_score",111.03
"11777","zcta",2019,"food_score",122.82
"11778","zcta",2019,"food_score",117.38
"11779","zcta",2019,"food_score",110.55
"11780","zcta",2019,"food_score",117.73
"11782","zcta",2019,"food_score",119.13
"11783","zcta",2019,"food_score",118.8
"11784","zcta",2019,"food_score",110.66
"11786","zcta",2019,"food_score",115.6
"11787","zcta",2019,"food_score",115.67
"11788","zcta",2019,"food_score",117.66
"11789","zcta",2019,"food_score",112.06
"11790","zcta",2019,"food_score",122.86
"11791","zcta",2019,"food_score",120.86
"11792","zcta",2019,"food_score",118.85
"11793","zcta",2019,"food_score",122.04
"11794","zcta",2019,"food_score",NA
"11795","zcta",2019,"food_score",116.69
"11796","zcta",2019,"food_score",125.39
"11797","zcta",2019,"food_score",128.98
"11798","zcta",2019,"food_score",83.85
"11801","zcta",2019,"food_score",113.83
"11803","zcta",2019,"food_score",119.81
"11804","zcta",2019,"food_score",121.87
"11901","zcta",2019,"food_score",110.93
"11930","zcta",2019,"food_score",122.03
"11931","zcta",2019,"food_score",NA
"11932","zcta",2019,"food_score",120.2
"11933","zcta",2019,"food_score",111.86
"11934","zcta",2019,"food_score",112.92
"11935","zcta",2019,"food_score",130.02
"11937","zcta",2019,"food_score",120.57
"11939","zcta",2019,"food_score",126.88
"11940","zcta",2019,"food_score",119.34
"11941","zcta",2019,"food_score",127.69
"11942","zcta",2019,"food_score",119.86
"11944","zcta",2019,"food_score",104.03
"11946","zcta",2019,"food_score",114.93
"11947","zcta",2019,"food_score",119.61
"11948","zcta",2019,"food_score",130.32
"11949","zcta",2019,"food_score",115.5
"11950","zcta",2019,"food_score",94.71
"11951","zcta",2019,"food_score",87.52
"11952","zcta",2019,"food_score",129.07
"11953","zcta",2019,"food_score",109.11
"11954","zcta",2019,"food_score",125.55
"11955","zcta",2019,"food_score",124.11
"11956","zcta",2019,"food_score",120.75
"11957","zcta",2019,"food_score",118.36
"11958","zcta",2019,"food_score",129.96
"11959","zcta",2019,"food_score",116.9
"11960","zcta",2019,"food_score",129.71
"11961","zcta",2019,"food_score",108.04
"11962","zcta",2019,"food_score",115.36
"11963","zcta",2019,"food_score",123.46
"11964","zcta",2019,"food_score",123.8
"11965","zcta",2019,"food_score",119.05
"11967","zcta",2019,"food_score",98.16
"11968","zcta",2019,"food_score",126.08
"11970","zcta",2019,"food_score",106.22
"11971","zcta",2019,"food_score",126.01
"11972","zcta",2019,"food_score",96.52
"11973","zcta",2019,"food_score",NA
"11975","zcta",2019,"food_score",130.34
"11976","zcta",2019,"food_score",129.19
"11977","zcta",2019,"food_score",129.52
"11978","zcta",2019,"food_score",122.43
"11980","zcta",2019,"food_score",121.37
"12007","zcta",2019,"food_score",NA
"12008","zcta",2019,"food_score",129.45
"12009","zcta",2019,"food_score",115.86
"12010","zcta",2019,"food_score",75.53
"12015","zcta",2019,"food_score",111.81
"12017","zcta",2019,"food_score",114.26
"12018","zcta",2019,"food_score",114.8
"12019","zcta",2019,"food_score",120.15
"12020","zcta",2019,"food_score",108.2
"12022","zcta",2019,"food_score",117.87
"12023","zcta",2019,"food_score",107.44
"12024","zcta",2019,"food_score",NA
"12025","zcta",2019,"food_score",104.45
"12027","zcta",2019,"food_score",118.85
"12028","zcta",2019,"food_score",115.14
"12029","zcta",2019,"food_score",120.15
"12031","zcta",2019,"food_score",89.78
"12032","zcta",2019,"food_score",116.08
"12033","zcta",2019,"food_score",120.59
"12035","zcta",2019,"food_score",106.04
"12036","zcta",2019,"food_score",95.68
"12037","zcta",2019,"food_score",118.54
"12040","zcta",2019,"food_score",65.25
"12041","zcta",2019,"food_score",111.96
"12042","zcta",2019,"food_score",118.54
"12043","zcta",2019,"food_score",98.29
"12045","zcta",2019,"food_score",103.19
"12046","zcta",2019,"food_score",123.04
"12047","zcta",2019,"food_score",87.45
"12051","zcta",2019,"food_score",NA
"12052","zcta",2019,"food_score",104.14
"12053","zcta",2019,"food_score",112.48
"12054","zcta",2019,"food_score",118.51
"12056","zcta",2019,"food_score",105.33
"12057","zcta",2019,"food_score",119.87
"12058","zcta",2019,"food_score",104.67
"12059","zcta",2019,"food_score",112.95
"12060","zcta",2019,"food_score",120.43
"12061","zcta",2019,"food_score",114.96
"12062","zcta",2019,"food_score",104.57
"12063","zcta",2019,"food_score",129.77
"12064","zcta",2019,"food_score",89.85
"12065","zcta",2019,"food_score",115.01
"12066","zcta",2019,"food_score",104.97
"12067","zcta",2019,"food_score",120.31
"12068","zcta",2019,"food_score",107.82
"12069","zcta",2019,"food_score",22.07
"12070","zcta",2019,"food_score",108.51
"12071","zcta",2019,"food_score",79.31
"12072","zcta",2019,"food_score",104.09
"12074","zcta",2019,"food_score",111.37
"12075","zcta",2019,"food_score",106.69
"12076","zcta",2019,"food_score",104.23
"12077","zcta",2019,"food_score",124.67
"12078","zcta",2019,"food_score",88.02
"12083","zcta",2019,"food_score",120.55
"12084","zcta",2019,"food_score",124.89
"12085","zcta",2019,"food_score",91.66
"12086","zcta",2019,"food_score",111.33
"12087","zcta",2019,"food_score",119.75
"12089","zcta",2019,"food_score",NA
"12090","zcta",2019,"food_score",101.03
"12092","zcta",2019,"food_score",110.69
"12093","zcta",2019,"food_score",88.65
"12094","zcta",2019,"food_score",118.79
"12095","zcta",2019,"food_score",102.07
"12106","zcta",2019,"food_score",119.29
"12108","zcta",2019,"food_score",129.88
"12110","zcta",2019,"food_score",112.54
"12115","zcta",2019,"food_score",NA
"12116","zcta",2019,"food_score",90.51
"12117","zcta",2019,"food_score",105.28
"12118","zcta",2019,"food_score",109.15
"12120","zcta",2019,"food_score",120.61
"12121","zcta",2019,"food_score",120.17
"12122","zcta",2019,"food_score",95.94
"12123","zcta",2019,"food_score",113.42
"12124","zcta",2019,"food_score",130.1
"12125","zcta",2019,"food_score",107.78
"12130","zcta",2019,"food_score",93.41
"12131","zcta",2019,"food_score",NA
"12132","zcta",2019,"food_score",129.62
"12134","zcta",2019,"food_score",103.94
"12136","zcta",2019,"food_score",104.79
"12137","zcta",2019,"food_score",107.16
"12138","zcta",2019,"food_score",107.16
"12139","zcta",2019,"food_score",113.76
"12140","zcta",2019,"food_score",119.72
"12143","zcta",2019,"food_score",108.27
"12144","zcta",2019,"food_score",106.76
"12147","zcta",2019,"food_score",107.08
"12148","zcta",2019,"food_score",125.98
"12149","zcta",2019,"food_score",89.98
"12150","zcta",2019,"food_score",114.73
"12151","zcta",2019,"food_score",121.59
"12153","zcta",2019,"food_score",127.72
"12154","zcta",2019,"food_score",112.13
"12155","zcta",2019,"food_score",88.42
"12156","zcta",2019,"food_score",128.78
"12157","zcta",2019,"food_score",103.38
"12158","zcta",2019,"food_score",116.13
"12159","zcta",2019,"food_score",119.06
"12160","zcta",2019,"food_score",80.84
"12161","zcta",2019,"food_score",130.01
"12164","zcta",2019,"food_score",129.88
"12165","zcta",2019,"food_score",119.7
"12166","zcta",2019,"food_score",108.45
"12167","zcta",2019,"food_score",80.46
"12168","zcta",2019,"food_score",117.98
"12169","zcta",2019,"food_score",119.37
"12170","zcta",2019,"food_score",106.12
"12172","zcta",2019,"food_score",128.03
"12173","zcta",2019,"food_score",107.04
"12174","zcta",2019,"food_score",103.02
"12175","zcta",2019,"food_score",109.15
"12176","zcta",2019,"food_score",116.56
"12177","zcta",2019,"food_score",128.06
"12180","zcta",2019,"food_score",84.99
"12182","zcta",2019,"food_score",92.45
"12183","zcta",2019,"food_score",97.2
"12184","zcta",2019,"food_score",108.17
"12185","zcta",2019,"food_score",118.85
"12186","zcta",2019,"food_score",120.36
"12187","zcta",2019,"food_score",94.51
"12188","zcta",2019,"food_score",108.57
"12189","zcta",2019,"food_score",92.33
"12190","zcta",2019,"food_score",107.19
"12192","zcta",2019,"food_score",114.63
"12193","zcta",2019,"food_score",109.92
"12194","zcta",2019,"food_score",96.03
"12195","zcta",2019,"food_score",86.34
"12196","zcta",2019,"food_score",118.54
"12197","zcta",2019,"food_score",103.96
"12198","zcta",2019,"food_score",120.63
"12202","zcta",2019,"food_score",42.13
"12203","zcta",2019,"food_score",111.75
"12204","zcta",2019,"food_score",83.57
"12205","zcta",2019,"food_score",105.42
"12206","zcta",2019,"food_score",46.89
"12207","zcta",2019,"food_score",45.06
"12208","zcta",2019,"food_score",107.2
"12209","zcta",2019,"food_score",78.18
"12210","zcta",2019,"food_score",57.38
"12211","zcta",2019,"food_score",121.08
"12222","zcta",2019,"food_score",NA
"12302","zcta",2019,"food_score",112.57
"12303","zcta",2019,"food_score",97.46
"12304","zcta",2019,"food_score",91.87
"12305","zcta",2019,"food_score",84.2
"12306","zcta",2019,"food_score",104.84
"12307","zcta",2019,"food_score",48.58
"12308","zcta",2019,"food_score",81.89
"12309","zcta",2019,"food_score",116.9
"12401","zcta",2019,"food_score",85.11
"12404","zcta",2019,"food_score",97.1
"12405","zcta",2019,"food_score",105.99
"12406","zcta",2019,"food_score",48.33
"12407","zcta",2019,"food_score",108.73
"12409","zcta",2019,"food_score",129.49
"12410","zcta",2019,"food_score",105.97
"12411","zcta",2019,"food_score",93.99
"12412","zcta",2019,"food_score",110.79
"12413","zcta",2019,"food_score",95.21
"12414","zcta",2019,"food_score",106.72
"12416","zcta",2019,"food_score",123.61
"12417","zcta",2019,"food_score",113.26
"12418","zcta",2019,"food_score",128.61
"12419","zcta",2019,"food_score",73.74
"12420","zcta",2019,"food_score",117.48
"12421","zcta",2019,"food_score",97.73
"12422","zcta",2019,"food_score",108.78
"12423","zcta",2019,"food_score",106.42
"12424","zcta",2019,"food_score",129.49
"12427","zcta",2019,"food_score",NA
"12428","zcta",2019,"food_score",81.96
"12429","zcta",2019,"food_score",73.21
"12430","zcta",2019,"food_score",86.15
"12431","zcta",2019,"food_score",120.52
"12432","zcta",2019,"food_score",98.75
"12433","zcta",2019,"food_score",126.23
"12434","zcta",2019,"food_score",102.51
"12435","zcta",2019,"food_score",128.75
"12436","zcta",2019,"food_score",NA
"12438","zcta",2019,"food_score",NA
"12439","zcta",2019,"food_score",123.55
"12440","zcta",2019,"food_score",111.1
"12441","zcta",2019,"food_score",NA
"12442","zcta",2019,"food_score",111.38
"12443","zcta",2019,"food_score",115.32
"12444","zcta",2019,"food_score",122.9
"12446","zcta",2019,"food_score",101.04
"12448","zcta",2019,"food_score",129.17
"12449","zcta",2019,"food_score",113.12
"12450","zcta",2019,"food_score",116.2
"12451","zcta",2019,"food_score",127.38
"12452","zcta",2019,"food_score",95.56
"12453","zcta",2019,"food_score",120.39
"12454","zcta",2019,"food_score",113.66
"12455","zcta",2019,"food_score",100.59
"12456","zcta",2019,"food_score",103.33
"12457","zcta",2019,"food_score",126.94
"12458","zcta",2019,"food_score",92.34
"12459","zcta",2019,"food_score",108.94
"12460","zcta",2019,"food_score",88.34
"12461","zcta",2019,"food_score",123.46
"12463","zcta",2019,"food_score",111.63
"12464","zcta",2019,"food_score",113.75
"12465","zcta",2019,"food_score",98.68
"12466","zcta",2019,"food_score",121.95
"12468","zcta",2019,"food_score",105.19
"12469","zcta",2019,"food_score",114.52
"12470","zcta",2019,"food_score",127.85
"12471","zcta",2019,"food_score",124.95
"12472","zcta",2019,"food_score",105.91
"12473","zcta",2019,"food_score",127.82
"12474","zcta",2019,"food_score",119.17
"12475","zcta",2019,"food_score",43.91
"12477","zcta",2019,"food_score",102.84
"12480","zcta",2019,"food_score",105.25
"12481","zcta",2019,"food_score",116.57
"12482","zcta",2019,"food_score",123.7
"12483","zcta",2019,"food_score",127.43
"12484","zcta",2019,"food_score",117.84
"12485","zcta",2019,"food_score",116.2
"12486","zcta",2019,"food_score",109.77
"12487","zcta",2019,"food_score",125.71
"12489","zcta",2019,"food_score",NA
"12490","zcta",2019,"food_score",NA
"12491","zcta",2019,"food_score",94.83
"12492","zcta",2019,"food_score",128.35
"12493","zcta",2019,"food_score",129.4
"12494","zcta",2019,"food_score",129.03
"12495","zcta",2019,"food_score",118.85
"12496","zcta",2019,"food_score",108.26
"12498","zcta",2019,"food_score",106.57
"12501","zcta",2019,"food_score",102.48
"12502","zcta",2019,"food_score",105.82
"12503","zcta",2019,"food_score",118.57
"12504","zcta",2019,"food_score",NA
"12507","zcta",2019,"food_score",125.93
"12508","zcta",2019,"food_score",97.99
"12512","zcta",2019,"food_score",118.86
"12513","zcta",2019,"food_score",127.85
"12514","zcta",2019,"food_score",126.69
"12515","zcta",2019,"food_score",117.34
"12516","zcta",2019,"food_score",97.36
"12517","zcta",2019,"food_score",88.65
"12518","zcta",2019,"food_score",120.04
"12520","zcta",2019,"food_score",115.79
"12521","zcta",2019,"food_score",120.88
"12522","zcta",2019,"food_score",99.84
"12523","zcta",2019,"food_score",112.58
"12524","zcta",2019,"food_score",109.8
"12525","zcta",2019,"food_score",126.84
"12526","zcta",2019,"food_score",120
"12527","zcta",2019,"food_score",NA
"12528","zcta",2019,"food_score",106.52
"12529","zcta",2019,"food_score",108.3
"12530","zcta",2019,"food_score",NA
"12531","zcta",2019,"food_score",108.74
"12533","zcta",2019,"food_score",113.13
"12534","zcta",2019,"food_score",86.71
"12538","zcta",2019,"food_score",104.7
"12540","zcta",2019,"food_score",121.42
"12542","zcta",2019,"food_score",118.32
"12543","zcta",2019,"food_score",109.28
"12545","zcta",2019,"food_score",112.78
"12546","zcta",2019,"food_score",113.55
"12547","zcta",2019,"food_score",117.73
"12548","zcta",2019,"food_score",124.88
"12549","zcta",2019,"food_score",113.51
"12550","zcta",2019,"food_score",89.76
"12553","zcta",2019,"food_score",114.56
"12561","zcta",2019,"food_score",112.87
"12563","zcta",2019,"food_score",120.32
"12564","zcta",2019,"food_score",110.37
"12565","zcta",2019,"food_score",82.12
"12566","zcta",2019,"food_score",109.78
"12567","zcta",2019,"food_score",101.58
"12569","zcta",2019,"food_score",111.29
"12570","zcta",2019,"food_score",123.61
"12571","zcta",2019,"food_score",113.11
"12572","zcta",2019,"food_score",114.2
"12574","zcta",2019,"food_score",130.68
"12575","zcta",2019,"food_score",120.1
"12577","zcta",2019,"food_score",108.42
"12578","zcta",2019,"food_score",115.87
"12580","zcta",2019,"food_score",113.75
"12581","zcta",2019,"food_score",110.36
"12582","zcta",2019,"food_score",118.46
"12583","zcta",2019,"food_score",121.79
"12585","zcta",2019,"food_score",128.43
"12586","zcta",2019,"food_score",113.16
"12589","zcta",2019,"food_score",113.2
"12590","zcta",2019,"food_score",108.78
"12592","zcta",2019,"food_score",89.37
"12594","zcta",2019,"food_score",107.23
"12601","zcta",2019,"food_score",84.57
"12603","zcta",2019,"food_score",108.49
"12604","zcta",2019,"food_score",NA
"12701","zcta",2019,"food_score",68.69
"12719","zcta",2019,"food_score",117.62
"12720","zcta",2019,"food_score",128.11
"12721","zcta",2019,"food_score",100.91
"12722","zcta",2019,"food_score",NA
"12723","zcta",2019,"food_score",121.97
"12724","zcta",2019,"food_score",128.42
"12725","zcta",2019,"food_score",118.08
"12726","zcta",2019,"food_score",124.93
"12729","zcta",2019,"food_score",71.71
"12732","zcta",2019,"food_score",117.77
"12733","zcta",2019,"food_score",39.13
"12734","zcta",2019,"food_score",77.2
"12736","zcta",2019,"food_score",NA
"12737","zcta",2019,"food_score",122.02
"12738","zcta",2019,"food_score",100.3
"12740","zcta",2019,"food_score",104.81
"12741","zcta",2019,"food_score",121.77
"12742","zcta",2019,"food_score",63.37
"12743","zcta",2019,"food_score",99.64
"12745","zcta",2019,"food_score",NA
"12746","zcta",2019,"food_score",123.1
"12747","zcta",2019,"food_score",114.99
"12748","zcta",2019,"food_score",110.29
"12749","zcta",2019,"food_score",128.74
"12750","zcta",2019,"food_score",121.57
"12751","zcta",2019,"food_score",86.04
"12752","zcta",2019,"food_score",121.62
"12754","zcta",2019,"food_score",80
"12758","zcta",2019,"food_score",121.67
"12759","zcta",2019,"food_score",57.44
"12760","zcta",2019,"food_score",103.63
"12762","zcta",2019,"food_score",75.09
"12763","zcta",2019,"food_score",102.52
"12764","zcta",2019,"food_score",113.75
"12765","zcta",2019,"food_score",104.68
"12766","zcta",2019,"food_score",111.01
"12767","zcta",2019,"food_score",128.17
"12768","zcta",2019,"food_score",79.65
"12769","zcta",2019,"food_score",129.07
"12770","zcta",2019,"food_score",104.56
"12771","zcta",2019,"food_score",98.71
"12775","zcta",2019,"food_score",120.01
"12776","zcta",2019,"food_score",115.84
"12777","zcta",2019,"food_score",121.71
"12778","zcta",2019,"food_score",125.91
"12779","zcta",2019,"food_score",105.77
"12780","zcta",2019,"food_score",104.06
"12781","zcta",2019,"food_score",129.07
"12783","zcta",2019,"food_score",112.34
"12784","zcta",2019,"food_score",NA
"12785","zcta",2019,"food_score",119.46
"12786","zcta",2019,"food_score",129.39
"12787","zcta",2019,"food_score",127.73
"12788","zcta",2019,"food_score",99.06
"12789","zcta",2019,"food_score",89.32
"12790","zcta",2019,"food_score",99.27
"12791","zcta",2019,"food_score",129.05
"12792","zcta",2019,"food_score",124.24
"12801","zcta",2019,"food_score",90.37
"12803","zcta",2019,"food_score",109.75
"12804","zcta",2019,"food_score",108.17
"12808","zcta",2019,"food_score",118.89
"12809","zcta",2019,"food_score",105.67
"12810","zcta",2019,"food_score",109.47
"12811","zcta",2019,"food_score",NA
"12812","zcta",2019,"food_score",123.69
"12814","zcta",2019,"food_score",105.56
"12815","zcta",2019,"food_score",107.87
"12816","zcta",2019,"food_score",109
"12817","zcta",2019,"food_score",123.58
"12819","zcta",2019,"food_score",110.15
"12821","zcta",2019,"food_score",NA
"12822","zcta",2019,"food_score",102.69
"12823","zcta",2019,"food_score",126.57
"12824","zcta",2019,"food_score",123.9
"12827","zcta",2019,"food_score",113.7
"12828","zcta",2019,"food_score",105.27
"12831","zcta",2019,"food_score",110.83
"12832","zcta",2019,"food_score",71.21
"12833","zcta",2019,"food_score",112.37
"12834","zcta",2019,"food_score",103.3
"12835","zcta",2019,"food_score",103.56
"12836","zcta",2019,"food_score",96.12
"12837","zcta",2019,"food_score",93.5
"12838","zcta",2019,"food_score",108.74
"12839","zcta",2019,"food_score",92.75
"12841","zcta",2019,"food_score",116.84
"12842","zcta",2019,"food_score",106.61
"12843","zcta",2019,"food_score",104.99
"12844","zcta",2019,"food_score",129.74
"12845","zcta",2019,"food_score",117.29
"12846","zcta",2019,"food_score",101.65
"12847","zcta",2019,"food_score",125.01
"12849","zcta",2019,"food_score",125.5
"12850","zcta",2019,"food_score",88.47
"12851","zcta",2019,"food_score",99.81
"12852","zcta",2019,"food_score",109.31
"12853","zcta",2019,"food_score",74.23
"12855","zcta",2019,"food_score",112.86
"12856","zcta",2019,"food_score",123.6
"12857","zcta",2019,"food_score",109.03
"12858","zcta",2019,"food_score",117.29
"12859","zcta",2019,"food_score",108.29
"12860","zcta",2019,"food_score",80.93
"12861","zcta",2019,"food_score",113.02
"12862","zcta",2019,"food_score",NA
"12863","zcta",2019,"food_score",97.61
"12864","zcta",2019,"food_score",NA
"12865","zcta",2019,"food_score",95.38
"12866","zcta",2019,"food_score",112.84
"12870","zcta",2019,"food_score",103.23
"12871","zcta",2019,"food_score",112.76
"12872","zcta",2019,"food_score",NA
"12873","zcta",2019,"food_score",110.04
"12874","zcta",2019,"food_score",127.29
"12878","zcta",2019,"food_score",99.2
"12883","zcta",2019,"food_score",87.55
"12884","zcta",2019,"food_score",108.43
"12885","zcta",2019,"food_score",105.33
"12886","zcta",2019,"food_score",91.93
"12887","zcta",2019,"food_score",96.13
"12901","zcta",2019,"food_score",80.57
"12903","zcta",2019,"food_score",120.91
"12910","zcta",2019,"food_score",86.16
"12911","zcta",2019,"food_score",NA
"12912","zcta",2019,"food_score",107.77
"12913","zcta",2019,"food_score",116.61
"12914","zcta",2019,"food_score",92.64
"12916","zcta",2019,"food_score",95.7
"12917","zcta",2019,"food_score",101.5
"12918","zcta",2019,"food_score",105.42
"12919","zcta",2019,"food_score",83.08
"12920","zcta",2019,"food_score",94.52
"12921","zcta",2019,"food_score",98.57
"12922","zcta",2019,"food_score",NA
"12923","zcta",2019,"food_score",99.36
"12924","zcta",2019,"food_score",NA
"12926","zcta",2019,"food_score",92.67
"12927","zcta",2019,"food_score",102.45
"12928","zcta",2019,"food_score",92.42
"12929","zcta",2019,"food_score",NA
"12930","zcta",2019,"food_score",94.49
"12932","zcta",2019,"food_score",116.47
"12933","zcta",2019,"food_score",NA
"12934","zcta",2019,"food_score",68.11
"12935","zcta",2019,"food_score",87.2
"12936","zcta",2019,"food_score",113.26
"12937","zcta",2019,"food_score",85.43
"12939","zcta",2019,"food_score",128.16
"12941","zcta",2019,"food_score",123.93
"12942","zcta",2019,"food_score",109.37
"12943","zcta",2019,"food_score",116.25
"12944","zcta",2019,"food_score",87.34
"12945","zcta",2019,"food_score",125.94
"12946","zcta",2019,"food_score",95.5
"12950","zcta",2019,"food_score",126.2
"12952","zcta",2019,"food_score",95.7
"12953","zcta",2019,"food_score",78.6
"12955","zcta",2019,"food_score",105.75
"12956","zcta",2019,"food_score",89.28
"12957","zcta",2019,"food_score",86.78
"12958","zcta",2019,"food_score",98.74
"12959","zcta",2019,"food_score",105.84
"12960","zcta",2019,"food_score",104.53
"12961","zcta",2019,"food_score",37.6
"12962","zcta",2019,"food_score",97.9
"12964","zcta",2019,"food_score",121.7
"12965","zcta",2019,"food_score",95.91
"12966","zcta",2019,"food_score",92.62
"12967","zcta",2019,"food_score",70.79
"12969","zcta",2019,"food_score",111.96
"12970","zcta",2019,"food_score",NA
"12972","zcta",2019,"food_score",103.51
"12973","zcta",2019,"food_score",122.91
"12974","zcta",2019,"food_score",98.2
"12975","zcta",2019,"food_score",113.84
"12976","zcta",2019,"food_score",128.88
"12977","zcta",2019,"food_score",NA
"12978","zcta",2019,"food_score",52.75
"12979","zcta",2019,"food_score",92.95
"12980","zcta",2019,"food_score",95.22
"12981","zcta",2019,"food_score",84.89
"12983","zcta",2019,"food_score",95.09
"12985","zcta",2019,"food_score",52.14
"12986","zcta",2019,"food_score",97.38
"12987","zcta",2019,"food_score",124.45
"12989","zcta",2019,"food_score",115.24
"12992","zcta",2019,"food_score",97.4
"12993","zcta",2019,"food_score",106.49
"12996","zcta",2019,"food_score",104.8
"12997","zcta",2019,"food_score",110.81
"12998","zcta",2019,"food_score",126.17
"13020","zcta",2019,"food_score",NA
"13021","zcta",2019,"food_score",88.84
"13024","zcta",2019,"food_score",NA
"13026","zcta",2019,"food_score",103.28
"13027","zcta",2019,"food_score",109.97
"13028","zcta",2019,"food_score",99.45
"13029","zcta",2019,"food_score",96.41
"13030","zcta",2019,"food_score",103.58
"13031","zcta",2019,"food_score",117.91
"13032","zcta",2019,"food_score",96.27
"13033","zcta",2019,"food_score",100.74
"13034","zcta",2019,"food_score",107.27
"13035","zcta",2019,"food_score",118.43
"13036","zcta",2019,"food_score",92.75
"13037","zcta",2019,"food_score",108.17
"13039","zcta",2019,"food_score",117.43
"13040","zcta",2019,"food_score",102.99
"13041","zcta",2019,"food_score",117.45
"13042","zcta",2019,"food_score",109.5
"13044","zcta",2019,"food_score",108.63
"13045","zcta",2019,"food_score",88.73
"13051","zcta",2019,"food_score",118
"13052","zcta",2019,"food_score",81.02
"13053","zcta",2019,"food_score",100.93
"13054","zcta",2019,"food_score",79.69
"13057","zcta",2019,"food_score",102.63
"13060","zcta",2019,"food_score",108.11
"13061","zcta",2019,"food_score",105.93
"13062","zcta",2019,"food_score",NA
"13063","zcta",2019,"food_score",116.27
"13064","zcta",2019,"food_score",117.34
"13066","zcta",2019,"food_score",118.81
"13068","zcta",2019,"food_score",89.37
"13069","zcta",2019,"food_score",80.89
"13071","zcta",2019,"food_score",113.28
"13072","zcta",2019,"food_score",86.84
"13073","zcta",2019,"food_score",98.17
"13074","zcta",2019,"food_score",97.22
"13076","zcta",2019,"food_score",107.19
"13077","zcta",2019,"food_score",105.89
"13078","zcta",2019,"food_score",117.16
"13080","zcta",2019,"food_score",108.89
"13081","zcta",2019,"food_score",116.27
"13082","zcta",2019,"food_score",111.82
"13083","zcta",2019,"food_score",96.6
"13084","zcta",2019,"food_score",114.88
"13087","zcta",2019,"food_score",125.14
"13088","zcta",2019,"food_score",108.92
"13090","zcta",2019,"food_score",109.5
"13092","zcta",2019,"food_score",102.41
"13101","zcta",2019,"food_score",109.81
"13102","zcta",2019,"food_score",NA
"13103","zcta",2019,"food_score",82.77
"13104","zcta",2019,"food_score",117.53
"13108","zcta",2019,"food_score",117.95
"13110","zcta",2019,"food_score",112.65
"13111","zcta",2019,"food_score",80.74
"13112","zcta",2019,"food_score",105.43
"13113","zcta",2019,"food_score",97.77
"13114","zcta",2019,"food_score",87.99
"13115","zcta",2019,"food_score",79.1
"13116","zcta",2019,"food_score",115.21
"13117","zcta",2019,"food_score",62.18
"13118","zcta",2019,"food_score",101.46
"13120","zcta",2019,"food_score",107.47
"13122","zcta",2019,"food_score",113.64
"13123","zcta",2019,"food_score",10.12
"13124","zcta",2019,"food_score",NA
"13126","zcta",2019,"food_score",87.56
"13131","zcta",2019,"food_score",100.37
"13132","zcta",2019,"food_score",89.75
"13134","zcta",2019,"food_score",98.4
"13135","zcta",2019,"food_score",87.66
"13136","zcta",2019,"food_score",109.51
"13138","zcta",2019,"food_score",NA
"13140","zcta",2019,"food_score",103.79
"13141","zcta",2019,"food_score",120.12
"13142","zcta",2019,"food_score",99.34
"13143","zcta",2019,"food_score",101.8
"13144","zcta",2019,"food_score",69.45
"13145","zcta",2019,"food_score",90.22
"13146","zcta",2019,"food_score",94.09
"13147","zcta",2019,"food_score",109.63
"13148","zcta",2019,"food_score",96.41
"13152","zcta",2019,"food_score",117.3
"13153","zcta",2019,"food_score",110.38
"13155","zcta",2019,"food_score",96.3
"13156","zcta",2019,"food_score",94.72
"13157","zcta",2019,"food_score",75.24
"13158","zcta",2019,"food_score",92.19
"13159","zcta",2019,"food_score",109.57
"13160","zcta",2019,"food_score",105.97
"13162","zcta",2019,"food_score",123.71
"13163","zcta",2019,"food_score",119.38
"13164","zcta",2019,"food_score",115.84
"13165","zcta",2019,"food_score",103.09
"13166","zcta",2019,"food_score",110.67
"13167","zcta",2019,"food_score",91.55
"13202","zcta",2019,"food_score",42.52
"13203","zcta",2019,"food_score",63.46
"13204","zcta",2019,"food_score",48.15
"13205","zcta",2019,"food_score",54.95
"13206","zcta",2019,"food_score",74.74
"13207","zcta",2019,"food_score",72.93
"13208","zcta",2019,"food_score",57.71
"13209","zcta",2019,"food_score",107.77
"13210","zcta",2019,"food_score",NA
"13211","zcta",2019,"food_score",78.61
"13212","zcta",2019,"food_score",99.19
"13214","zcta",2019,"food_score",111.22
"13215","zcta",2019,"food_score",116.81
"13219","zcta",2019,"food_score",108.36
"13224","zcta",2019,"food_score",83.84
"13290","zcta",2019,"food_score",NA
"13301","zcta",2019,"food_score",124.96
"13302","zcta",2019,"food_score",85.38
"13303","zcta",2019,"food_score",116.97
"13304","zcta",2019,"food_score",103.07
"13305","zcta",2019,"food_score",96.33
"13308","zcta",2019,"food_score",82.65
"13309","zcta",2019,"food_score",92.49
"13310","zcta",2019,"food_score",128.49
"13312","zcta",2019,"food_score",110.26
"13313","zcta",2019,"food_score",90.25
"13314","zcta",2019,"food_score",99.71
"13315","zcta",2019,"food_score",98.06
"13316","zcta",2019,"food_score",101.9
"13317","zcta",2019,"food_score",94
"13318","zcta",2019,"food_score",115.76
"13319","zcta",2019,"food_score",109.12
"13320","zcta",2019,"food_score",101.08
"13321","zcta",2019,"food_score",102.37
"13322","zcta",2019,"food_score",118.8
"13323","zcta",2019,"food_score",110.19
"13324","zcta",2019,"food_score",99.45
"13325","zcta",2019,"food_score",101.89
"13326","zcta",2019,"food_score",117.89
"13327","zcta",2019,"food_score",111.78
"13328","zcta",2019,"food_score",111.31
"13329","zcta",2019,"food_score",87.63
"13331","zcta",2019,"food_score",113.3
"13332","zcta",2019,"food_score",93.08
"13333","zcta",2019,"food_score",NA
"13334","zcta",2019,"food_score",84.7
"13335","zcta",2019,"food_score",96.04
"13337","zcta",2019,"food_score",102.42
"13338","zcta",2019,"food_score",106.1
"13339","zcta",2019,"food_score",97.92
"13340","zcta",2019,"food_score",105.97
"13341","zcta",2019,"food_score",128.96
"13342","zcta",2019,"food_score",110.33
"13343","zcta",2019,"food_score",102.16
"13345","zcta",2019,"food_score",105.03
"13346","zcta",2019,"food_score",111.38
"13348","zcta",2019,"food_score",102.92
"13350","zcta",2019,"food_score",90.52
"13352","zcta",2019,"food_score",NA
"13353","zcta",2019,"food_score",NA
"13354","zcta",2019,"food_score",121.17
"13355","zcta",2019,"food_score",112.63
"13357","zcta",2019,"food_score",83.28
"13360","zcta",2019,"food_score",119.52
"13361","zcta",2019,"food_score",111.11
"13362","zcta",2019,"food_score",128.16
"13363","zcta",2019,"food_score",90.83
"13364","zcta",2019,"food_score",NA
"13365","zcta",2019,"food_score",89.76
"13367","zcta",2019,"food_score",97.79
"13368","zcta",2019,"food_score",87.13
"13402","zcta",2019,"food_score",100.64
"13403","zcta",2019,"food_score",NA
"13404","zcta",2019,"food_score",109.48
"13406","zcta",2019,"food_score",102.49
"13407","zcta",2019,"food_score",104.46
"13408","zcta",2019,"food_score",NA
"13409","zcta",2019,"food_score",106.72
"13410","zcta",2019,"food_score",118.71
"13411","zcta",2019,"food_score",95.59
"13413","zcta",2019,"food_score",119.78
"13415","zcta",2019,"food_score",NA
"13416","zcta",2019,"food_score",109.41
"13417","zcta",2019,"food_score",91.37
"13418","zcta",2019,"food_score",104.22
"13420","zcta",2019,"food_score",119
"13421","zcta",2019,"food_score",85.43
"13424","zcta",2019,"food_score",106.65
"13425","zcta",2019,"food_score",103.57
"13428","zcta",2019,"food_score",93.99
"13431","zcta",2019,"food_score",102.48
"13433","zcta",2019,"food_score",86.47
"13435","zcta",2019,"food_score",86.51
"13436","zcta",2019,"food_score",NA
"13437","zcta",2019,"food_score",84.06
"13438","zcta",2019,"food_score",104.03
"13439","zcta",2019,"food_score",99.24
"13440","zcta",2019,"food_score",83.79
"13441","zcta",2019,"food_score",106.82
"13450","zcta",2019,"food_score",NA
"13452","zcta",2019,"food_score",91.47
"13454","zcta",2019,"food_score",99.86
"13456","zcta",2019,"food_score",116.92
"13459","zcta",2019,"food_score",107.09
"13460","zcta",2019,"food_score",95.35
"13461","zcta",2019,"food_score",101.42
"13464","zcta",2019,"food_score",76.48
"13468","zcta",2019,"food_score",115.07
"13469","zcta",2019,"food_score",124.62
"13470","zcta",2019,"food_score",93.68
"13471","zcta",2019,"food_score",83.7
"13472","zcta",2019,"food_score",NA
"13473","zcta",2019,"food_score",107.39
"13475","zcta",2019,"food_score",NA
"13476","zcta",2019,"food_score",100.24
"13477","zcta",2019,"food_score",124.07
"13478","zcta",2019,"food_score",122.42
"13480","zcta",2019,"food_score",99.97
"13483","zcta",2019,"food_score",89.85
"13484","zcta",2019,"food_score",128.73
"13485","zcta",2019,"food_score",116.5
"13486","zcta",2019,"food_score",100.81
"13488","zcta",2019,"food_score",88.37
"13489","zcta",2019,"food_score",108.44
"13490","zcta",2019,"food_score",124.53
"13491","zcta",2019,"food_score",96.73
"13492","zcta",2019,"food_score",108.24
"13493","zcta",2019,"food_score",87.94
"13494","zcta",2019,"food_score",105.81
"13495","zcta",2019,"food_score",95.42
"13501","zcta",2019,"food_score",61.32
"13502","zcta",2019,"food_score",77.09
"13601","zcta",2019,"food_score",76.24
"13602","zcta",2019,"food_score",NA
"13603","zcta",2019,"food_score",115.47
"13605","zcta",2019,"food_score",94.96
"13606","zcta",2019,"food_score",103.95
"13607","zcta",2019,"food_score",91.5
"13608","zcta",2019,"food_score",83
"13612","zcta",2019,"food_score",110.43
"13613","zcta",2019,"food_score",89.93
"13614","zcta",2019,"food_score",88.86
"13615","zcta",2019,"food_score",118.47
"13616","zcta",2019,"food_score",97.86
"13617","zcta",2019,"food_score",91.86
"13618","zcta",2019,"food_score",113.59
"13619","zcta",2019,"food_score",92.95
"13620","zcta",2019,"food_score",89.56
"13621","zcta",2019,"food_score",98.43
"13622","zcta",2019,"food_score",99.31
"13623","zcta",2019,"food_score",NA
"13624","zcta",2019,"food_score",101.37
"13625","zcta",2019,"food_score",97.62
"13626","zcta",2019,"food_score",86.76
"13628","zcta",2019,"food_score",93.01
"13630","zcta",2019,"food_score",95.85
"13633","zcta",2019,"food_score",120.27
"13634","zcta",2019,"food_score",94.43
"13635","zcta",2019,"food_score",97.28
"13636","zcta",2019,"food_score",81.04
"13637","zcta",2019,"food_score",108.29
"13638","zcta",2019,"food_score",119.93
"13639","zcta",2019,"food_score",61.9
"13640","zcta",2019,"food_score",127.28
"13641","zcta",2019,"food_score",NA
"13642","zcta",2019,"food_score",87.73
"13643","zcta",2019,"food_score",NA
"13646","zcta",2019,"food_score",90.57
"13647","zcta",2019,"food_score",NA
"13648","zcta",2019,"food_score",103.1
"13650","zcta",2019,"food_score",86.42
"13651","zcta",2019,"food_score",NA
"13652","zcta",2019,"food_score",106.83
"13654","zcta",2019,"food_score",100.8
"13655","zcta",2019,"food_score",109.53
"13656","zcta",2019,"food_score",89.65
"13658","zcta",2019,"food_score",119.61
"13659","zcta",2019,"food_score",88.86
"13660","zcta",2019,"food_score",83.84
"13661","zcta",2019,"food_score",110.75
"13662","zcta",2019,"food_score",85.09
"13664","zcta",2019,"food_score",79.24
"13665","zcta",2019,"food_score",91.64
"13666","zcta",2019,"food_score",97.21
"13667","zcta",2019,"food_score",86.78
"13668","zcta",2019,"food_score",105.23
"13669","zcta",2019,"food_score",88.17
"13670","zcta",2019,"food_score",73.07
"13672","zcta",2019,"food_score",89.4
"13673","zcta",2019,"food_score",85.86
"13674","zcta",2019,"food_score",125.44
"13675","zcta",2019,"food_score",107.68
"13676","zcta",2019,"food_score",102.04
"13677","zcta",2019,"food_score",NA
"13678","zcta",2019,"food_score",126.6
"13679","zcta",2019,"food_score",86.54
"13680","zcta",2019,"food_score",103.21
"13681","zcta",2019,"food_score",97.5
"13682","zcta",2019,"food_score",114.93
"13684","zcta",2019,"food_score",97.39
"13685","zcta",2019,"food_score",111.48
"13687","zcta",2019,"food_score",106.91
"13690","zcta",2019,"food_score",87.51
"13691","zcta",2019,"food_score",84.73
"13692","zcta",2019,"food_score",NA
"13693","zcta",2019,"food_score",95.4
"13694","zcta",2019,"food_score",108.02
"13695","zcta",2019,"food_score",NA
"13696","zcta",2019,"food_score",NA
"13697","zcta",2019,"food_score",100.26
"13730","zcta",2019,"food_score",96.19
"13731","zcta",2019,"food_score",107.5
"13732","zcta",2019,"food_score",110.77
"13733","zcta",2019,"food_score",92.71
"13734","zcta",2019,"food_score",97.22
"13736","zcta",2019,"food_score",97.37
"13739","zcta",2019,"food_score",106.72
"13740","zcta",2019,"food_score",118.65
"13743","zcta",2019,"food_score",89.36
"13744","zcta",2019,"food_score",111.67
"13746","zcta",2019,"food_score",104.24
"13748","zcta",2019,"food_score",107.22
"13750","zcta",2019,"food_score",64.9
"13751","zcta",2019,"food_score",99.13
"13752","zcta",2019,"food_score",108.51
"13753","zcta",2019,"food_score",92.25
"13754","zcta",2019,"food_score",93.24
"13755","zcta",2019,"food_score",102.06
"13756","zcta",2019,"food_score",105.92
"13757","zcta",2019,"food_score",91.59
"13760","zcta",2019,"food_score",96.4
"13774","zcta",2019,"food_score",95.84
"13775","zcta",2019,"food_score",99.36
"13776","zcta",2019,"food_score",118.49
"13777","zcta",2019,"food_score",114.03
"13778","zcta",2019,"food_score",104.35
"13780","zcta",2019,"food_score",113.95
"13782","zcta",2019,"food_score",109.28
"13783","zcta",2019,"food_score",103.47
"13784","zcta",2019,"food_score",128.69
"13786","zcta",2019,"food_score",113.93
"13787","zcta",2019,"food_score",82.4
"13788","zcta",2019,"food_score",78.7
"13790","zcta",2019,"food_score",85.93
"13794","zcta",2019,"food_score",NA
"13795","zcta",2019,"food_score",99.03
"13796","zcta",2019,"food_score",99.76
"13797","zcta",2019,"food_score",92.55
"13801","zcta",2019,"food_score",75.08
"13802","zcta",2019,"food_score",84.13
"13803","zcta",2019,"food_score",107.04
"13804","zcta",2019,"food_score",91.45
"13806","zcta",2019,"food_score",66.72
"13807","zcta",2019,"food_score",110.03
"13808","zcta",2019,"food_score",99.79
"13809","zcta",2019,"food_score",87.03
"13810","zcta",2019,"food_score",100.42
"13811","zcta",2019,"food_score",101.77
"13812","zcta",2019,"food_score",98.03
"13813","zcta",2019,"food_score",85.35
"13815","zcta",2019,"food_score",82.1
"13820","zcta",2019,"food_score",94.88
"13825","zcta",2019,"food_score",98.51
"13826","zcta",2019,"food_score",NA
"13827","zcta",2019,"food_score",97.24
"13830","zcta",2019,"food_score",88.56
"13832","zcta",2019,"food_score",104.53
"13833","zcta",2019,"food_score",92.92
"13834","zcta",2019,"food_score",109.03
"13835","zcta",2019,"food_score",110.03
"13838","zcta",2019,"food_score",81.72
"13839","zcta",2019,"food_score",108.74
"13841","zcta",2019,"food_score",91.05
"13842","zcta",2019,"food_score",114.95
"13843","zcta",2019,"food_score",96.02
"13844","zcta",2019,"food_score",85.37
"13845","zcta",2019,"food_score",115.35
"13846","zcta",2019,"food_score",69.16
"13847","zcta",2019,"food_score",NA
"13849","zcta",2019,"food_score",93.7
"13850","zcta",2019,"food_score",112.35
"13856","zcta",2019,"food_score",91.69
"13859","zcta",2019,"food_score",122.43
"13860","zcta",2019,"food_score",NA
"13861","zcta",2019,"food_score",125.87
"13862","zcta",2019,"food_score",99.67
"13863","zcta",2019,"food_score",72.06
"13864","zcta",2019,"food_score",86.13
"13865","zcta",2019,"food_score",102.8
"13901","zcta",2019,"food_score",78.73
"13902","zcta",2019,"food_score",NA
"13903","zcta",2019,"food_score",74.84
"13904","zcta",2019,"food_score",86.84
"13905","zcta",2019,"food_score",80.33
"14001","zcta",2019,"food_score",103.67
"14004","zcta",2019,"food_score",122.5
"14005","zcta",2019,"food_score",106.63
"14006","zcta",2019,"food_score",87.41
"14008","zcta",2019,"food_score",103.85
"14009","zcta",2019,"food_score",100.39
"14011","zcta",2019,"food_score",104.35
"14012","zcta",2019,"food_score",103.28
"14013","zcta",2019,"food_score",115.13
"14020","zcta",2019,"food_score",94.86
"14024","zcta",2019,"food_score",107.87
"14025","zcta",2019,"food_score",116.94
"14026","zcta",2019,"food_score",130.06
"14028","zcta",2019,"food_score",112.96
"14030","zcta",2019,"food_score",105.3
"14031","zcta",2019,"food_score",117.56
"14032","zcta",2019,"food_score",125.3
"14033","zcta",2019,"food_score",115.98
"14034","zcta",2019,"food_score",NA
"14035","zcta",2019,"food_score",NA
"14036","zcta",2019,"food_score",106.16
"14037","zcta",2019,"food_score",116.46
"14039","zcta",2019,"food_score",NA
"14040","zcta",2019,"food_score",117.86
"14041","zcta",2019,"food_score",57.4
"14042","zcta",2019,"food_score",87.08
"14043","zcta",2019,"food_score",108.67
"14047","zcta",2019,"food_score",108.47
"14048","zcta",2019,"food_score",68
"14051","zcta",2019,"food_score",122.35
"14052","zcta",2019,"food_score",117.94
"14054","zcta",2019,"food_score",110.31
"14055","zcta",2019,"food_score",116.37
"14057","zcta",2019,"food_score",116.86
"14058","zcta",2019,"food_score",107.96
"14059","zcta",2019,"food_score",117.13
"14060","zcta",2019,"food_score",107.98
"14061","zcta",2019,"food_score",71.31
"14062","zcta",2019,"food_score",103.99
"14063","zcta",2019,"food_score",94.53
"14065","zcta",2019,"food_score",81.03
"14066","zcta",2019,"food_score",99.16
"14067","zcta",2019,"food_score",114.01
"14068","zcta",2019,"food_score",109.74
"14069","zcta",2019,"food_score",96.16
"14070","zcta",2019,"food_score",83.74
"14072","zcta",2019,"food_score",115.74
"14075","zcta",2019,"food_score",113.18
"14080","zcta",2019,"food_score",118.85
"14081","zcta",2019,"food_score",87.64
"14082","zcta",2019,"food_score",113.61
"14085","zcta",2019,"food_score",127.84
"14086","zcta",2019,"food_score",118
"14091","zcta",2019,"food_score",84.87
"14092","zcta",2019,"food_score",115
"14094","zcta",2019,"food_score",97.98
"14098","zcta",2019,"food_score",99.6
"14101","zcta",2019,"food_score",102.29
"14102","zcta",2019,"food_score",129.81
"14103","zcta",2019,"food_score",98.42
"14105","zcta",2019,"food_score",102.84
"14108","zcta",2019,"food_score",104.52
"14109","zcta",2019,"food_score",NA
"14111","zcta",2019,"food_score",111.89
"14112","zcta",2019,"food_score",117.35
"14113","zcta",2019,"food_score",113.35
"14120","zcta",2019,"food_score",103.9
"14125","zcta",2019,"food_score",107.15
"14126","zcta",2019,"food_score",115.6
"14127","zcta",2019,"food_score",114.73
"14129","zcta",2019,"food_score",98.5
"14130","zcta",2019,"food_score",120.47
"14131","zcta",2019,"food_score",117.35
"14132","zcta",2019,"food_score",121.25
"14134","zcta",2019,"food_score",129.11
"14135","zcta",2019,"food_score",126.24
"14136","zcta",2019,"food_score",97.19
"14138","zcta",2019,"food_score",86.83
"14139","zcta",2019,"food_score",112.92
"14141","zcta",2019,"food_score",99.4
"14143","zcta",2019,"food_score",116.61
"14145","zcta",2019,"food_score",118.78
"14150","zcta",2019,"food_score",98.04
"14167","zcta",2019,"food_score",110.21
"14168","zcta",2019,"food_score",NA
"14169","zcta",2019,"food_score",117.24
"14170","zcta",2019,"food_score",122.01
"14171","zcta",2019,"food_score",102.44
"14172","zcta",2019,"food_score",110.79
"14173","zcta",2019,"food_score",95.78
"14174","zcta",2019,"food_score",117.22
"14201","zcta",2019,"food_score",38.07
"14202","zcta",2019,"food_score",73.06
"14203","zcta",2019,"food_score",58.12
"14204","zcta",2019,"food_score",37.82
"14206","zcta",2019,"food_score",66.73
"14207","zcta",2019,"food_score",36.85
"14208","zcta",2019,"food_score",41.55
"14209","zcta",2019,"food_score",74.59
"14210","zcta",2019,"food_score",49.73
"14211","zcta",2019,"food_score",39.26
"14212","zcta",2019,"food_score",44.35
"14213","zcta",2019,"food_score",32.77
"14214","zcta",2019,"food_score",69.57
"14215","zcta",2019,"food_score",46.9
"14216","zcta",2019,"food_score",92.9
"14217","zcta",2019,"food_score",93.16
"14218","zcta",2019,"food_score",70.48
"14219","zcta",2019,"food_score",101.44
"14220","zcta",2019,"food_score",87.79
"14221","zcta",2019,"food_score",113.16
"14222","zcta",2019,"food_score",112.75
"14223","zcta",2019,"food_score",103.4
"14224","zcta",2019,"food_score",109.32
"14225","zcta",2019,"food_score",92.24
"14226","zcta",2019,"food_score",107.21
"14227","zcta",2019,"food_score",112.25
"14228","zcta",2019,"food_score",100.26
"14261","zcta",2019,"food_score",NA
"14301","zcta",2019,"food_score",66.34
"14302","zcta",2019,"food_score",NA
"14303","zcta",2019,"food_score",63.38
"14304","zcta",2019,"food_score",105.63
"14305","zcta",2019,"food_score",69.78
"14411","zcta",2019,"food_score",85.05
"14414","zcta",2019,"food_score",107.49
"14415","zcta",2019,"food_score",103.83
"14416","zcta",2019,"food_score",113.05
"14418","zcta",2019,"food_score",110.45
"14420","zcta",2019,"food_score",98.45
"14422","zcta",2019,"food_score",119.03
"14423","zcta",2019,"food_score",113.83
"14424","zcta",2019,"food_score",109.73
"14425","zcta",2019,"food_score",104.46
"14427","zcta",2019,"food_score",105.91
"14428","zcta",2019,"food_score",106.15
"14432","zcta",2019,"food_score",101.94
"14433","zcta",2019,"food_score",96.46
"14435","zcta",2019,"food_score",110.92
"14437","zcta",2019,"food_score",96.06
"14441","zcta",2019,"food_score",88.03
"14445","zcta",2019,"food_score",99.97
"14450","zcta",2019,"food_score",113.18
"14454","zcta",2019,"food_score",97.22
"14456","zcta",2019,"food_score",87.21
"14462","zcta",2019,"food_score",108.84
"14464","zcta",2019,"food_score",108.47
"14466","zcta",2019,"food_score",98.28
"14467","zcta",2019,"food_score",108.09
"14468","zcta",2019,"food_score",114.94
"14469","zcta",2019,"food_score",109.49
"14470","zcta",2019,"food_score",100.47
"14471","zcta",2019,"food_score",86.14
"14472","zcta",2019,"food_score",122.77
"14475","zcta",2019,"food_score",122.44
"14476","zcta",2019,"food_score",106.58
"14477","zcta",2019,"food_score",77.07
"14478","zcta",2019,"food_score",NA
"14479","zcta",2019,"food_score",128.13
"14480","zcta",2019,"food_score",62.74
"14481","zcta",2019,"food_score",107.25
"14482","zcta",2019,"food_score",104.27
"14485","zcta",2019,"food_score",108.36
"14486","zcta",2019,"food_score",112.8
"14487","zcta",2019,"food_score",105.79
"14489","zcta",2019,"food_score",97.23
"14502","zcta",2019,"food_score",111.66
"14504","zcta",2019,"food_score",110.28
"14505","zcta",2019,"food_score",107.15
"14506","zcta",2019,"food_score",121.36
"14507","zcta",2019,"food_score",99.28
"14510","zcta",2019,"food_score",81.12
"14511","zcta",2019,"food_score",121.52
"14512","zcta",2019,"food_score",106.97
"14513","zcta",2019,"food_score",90.81
"14514","zcta",2019,"food_score",109.11
"14516","zcta",2019,"food_score",110.23
"14517","zcta",2019,"food_score",85.56
"14519","zcta",2019,"food_score",119.09
"14521","zcta",2019,"food_score",104.07
"14522","zcta",2019,"food_score",107.37
"14525","zcta",2019,"food_score",119.67
"14526","zcta",2019,"food_score",118.96
"14527","zcta",2019,"food_score",109.06
"14529","zcta",2019,"food_score",126.51
"14530","zcta",2019,"food_score",101.63
"14532","zcta",2019,"food_score",114.62
"14533","zcta",2019,"food_score",118.3
"14534","zcta",2019,"food_score",118.1
"14536","zcta",2019,"food_score",101.1
"14537","zcta",2019,"food_score",127.16
"14539","zcta",2019,"food_score",NA
"14541","zcta",2019,"food_score",NA
"14542","zcta",2019,"food_score",NA
"14543","zcta",2019,"food_score",116.89
"14544","zcta",2019,"food_score",108.71
"14545","zcta",2019,"food_score",109.5
"14546","zcta",2019,"food_score",99.75
"14548","zcta",2019,"food_score",93.5
"14549","zcta",2019,"food_score",NA
"14550","zcta",2019,"food_score",90.15
"14551","zcta",2019,"food_score",93.98
"14555","zcta",2019,"food_score",111.41
"14559","zcta",2019,"food_score",111.14
"14560","zcta",2019,"food_score",107.01
"14561","zcta",2019,"food_score",107.96
"14564","zcta",2019,"food_score",117.01
"14568","zcta",2019,"food_score",119.68
"14569","zcta",2019,"food_score",105.05
"14571","zcta",2019,"food_score",96.76
"14572","zcta",2019,"food_score",106.33
"14580","zcta",2019,"food_score",111.27
"14585","zcta",2019,"food_score",NA
"14586","zcta",2019,"food_score",104.98
"14588","zcta",2019,"food_score",NA
"14589","zcta",2019,"food_score",89.22
"14590","zcta",2019,"food_score",93.84
"14591","zcta",2019,"food_score",104.17
"14592","zcta",2019,"food_score",NA
"14604","zcta",2019,"food_score",101.75
"14605","zcta",2019,"food_score",24.92
"14606","zcta",2019,"food_score",74.88
"14607","zcta",2019,"food_score",94.21
"14608","zcta",2019,"food_score",24.09
"14609","zcta",2019,"food_score",67.04
"14610","zcta",2019,"food_score",118.32
"14611","zcta",2019,"food_score",34.53
"14612","zcta",2019,"food_score",104.39
"14613","zcta",2019,"food_score",40.92
"14614","zcta",2019,"food_score",NA
"14615","zcta",2019,"food_score",73.02
"14616","zcta",2019,"food_score",87.19
"14617","zcta",2019,"food_score",115.58
"14618","zcta",2019,"food_score",119.53
"14619","zcta",2019,"food_score",59.35
"14620","zcta",2019,"food_score",91.11
"14621","zcta",2019,"food_score",36.74
"14622","zcta",2019,"food_score",100.38
"14623","zcta",2019,"food_score",96.72
"14624","zcta",2019,"food_score",104.85
"14625","zcta",2019,"food_score",117.15
"14626","zcta",2019,"food_score",102.4
"14627","zcta",2019,"food_score",NA
"14701","zcta",2019,"food_score",68.13
"14706","zcta",2019,"food_score",104.12
"14707","zcta",2019,"food_score",121.12
"14708","zcta",2019,"food_score",105.71
"14709","zcta",2019,"food_score",97.28
"14710","zcta",2019,"food_score",104.81
"14711","zcta",2019,"food_score",101.9
"14712","zcta",2019,"food_score",119.5
"14714","zcta",2019,"food_score",111.89
"14715","zcta",2019,"food_score",88.39
"14716","zcta",2019,"food_score",84.31
"14717","zcta",2019,"food_score",111.19
"14718","zcta",2019,"food_score",101
"14719","zcta",2019,"food_score",100.77
"14720","zcta",2019,"food_score",84.6
"14721","zcta",2019,"food_score",89.83
"14722","zcta",2019,"food_score",NA
"14723","zcta",2019,"food_score",105.58
"14724","zcta",2019,"food_score",113.17
"14726","zcta",2019,"food_score",96.58
"14727","zcta",2019,"food_score",100.05
"14728","zcta",2019,"food_score",121.6
"14729","zcta",2019,"food_score",122.38
"14731","zcta",2019,"food_score",109.43
"14732","zcta",2019,"food_score",108.13
"14733","zcta",2019,"food_score",100.06
"14735","zcta",2019,"food_score",86.3
"14736","zcta",2019,"food_score",108.57
"14737","zcta",2019,"food_score",87.27
"14738","zcta",2019,"food_score",97.44
"14739","zcta",2019,"food_score",75.16
"14740","zcta",2019,"food_score",97.55
"14741","zcta",2019,"food_score",102.48
"14742","zcta",2019,"food_score",NA
"14743","zcta",2019,"food_score",86.82
"14744","zcta",2019,"food_score",NA
"14747","zcta",2019,"food_score",96.94
"14748","zcta",2019,"food_score",62.83
"14750","zcta",2019,"food_score",103.35
"14752","zcta",2019,"food_score",82.26
"14753","zcta",2019,"food_score",81.75
"14754","zcta",2019,"food_score",89.09
"14755","zcta",2019,"food_score",89.51
"14756","zcta",2019,"food_score",NA
"14757","zcta",2019,"food_score",105.96
"14760","zcta",2019,"food_score",88.62
"14767","zcta",2019,"food_score",98.33
"14769","zcta",2019,"food_score",76.15
"14770","zcta",2019,"food_score",91.98
"14772","zcta",2019,"food_score",100.51
"14774","zcta",2019,"food_score",NA
"14775","zcta",2019,"food_score",90.42
"14777","zcta",2019,"food_score",73.05
"14778","zcta",2019,"food_score",NA
"14779","zcta",2019,"food_score",69.18
"14781","zcta",2019,"food_score",105.49
"14782","zcta",2019,"food_score",86.03
"14783","zcta",2019,"food_score",94.31
"14784","zcta",2019,"food_score",100.61
"14787","zcta",2019,"food_score",97.7
"14788","zcta",2019,"food_score",NA
"14801","zcta",2019,"food_score",100.74
"14802","zcta",2019,"food_score",NA
"14803","zcta",2019,"food_score",103.6
"14804","zcta",2019,"food_score",94.42
"14805","zcta",2019,"food_score",103.89
"14806","zcta",2019,"food_score",93.81
"14807","zcta",2019,"food_score",109.87
"14808","zcta",2019,"food_score",118.29
"14809","zcta",2019,"food_score",101.38
"14810","zcta",2019,"food_score",84.48
"14812","zcta",2019,"food_score",100.4
"14813","zcta",2019,"food_score",90.3
"14814","zcta",2019,"food_score",126.28
"14815","zcta",2019,"food_score",97.48
"14816","zcta",2019,"food_score",119.46
"14817","zcta",2019,"food_score",113.57
"14818","zcta",2019,"food_score",109.88
"14819","zcta",2019,"food_score",93.99
"14820","zcta",2019,"food_score",99.21
"14821","zcta",2019,"food_score",97.33
"14822","zcta",2019,"food_score",104.66
"14823","zcta",2019,"food_score",99.69
"14824","zcta",2019,"food_score",115.57
"14825","zcta",2019,"food_score",121.6
"14826","zcta",2019,"food_score",95.95
"14827","zcta",2019,"food_score",128.7
"14830","zcta",2019,"food_score",102.63
"14836","zcta",2019,"food_score",112.96
"14837","zcta",2019,"food_score",94.78
"14838","zcta",2019,"food_score",105.71
"14839","zcta",2019,"food_score",97.25
"14840","zcta",2019,"food_score",111.59
"14841","zcta",2019,"food_score",122.42
"14842","zcta",2019,"food_score",120.96
"14843","zcta",2019,"food_score",89.23
"14845","zcta",2019,"food_score",109.26
"14846","zcta",2019,"food_score",103.05
"14847","zcta",2019,"food_score",109.17
"14850","zcta",2019,"food_score",99.26
"14853","zcta",2019,"food_score",NA
"14854","zcta",2019,"food_score",NA
"14855","zcta",2019,"food_score",113.17
"14856","zcta",2019,"food_score",28.53
"14858","zcta",2019,"food_score",104.33
"14859","zcta",2019,"food_score",103.85
"14860","zcta",2019,"food_score",113.09
"14861","zcta",2019,"food_score",87.79
"14864","zcta",2019,"food_score",97.76
"14865","zcta",2019,"food_score",90.02
"14867","zcta",2019,"food_score",96.73
"14869","zcta",2019,"food_score",95.53
"14870","zcta",2019,"food_score",109.13
"14871","zcta",2019,"food_score",113.56
"14872","zcta",2019,"food_score",103.28
"14873","zcta",2019,"food_score",97.03
"14874","zcta",2019,"food_score",96.99
"14877","zcta",2019,"food_score",101.33
"14878","zcta",2019,"food_score",98.46
"14879","zcta",2019,"food_score",98.55
"14880","zcta",2019,"food_score",91.31
"14881","zcta",2019,"food_score",124.9
"14882","zcta",2019,"food_score",106.58
"14883","zcta",2019,"food_score",90.67
"14884","zcta",2019,"food_score",88.91
"14885","zcta",2019,"food_score",91.36
"14886","zcta",2019,"food_score",106.06
"14889","zcta",2019,"food_score",100.22
"14891","zcta",2019,"food_score",90.48
"14892","zcta",2019,"food_score",90.5
"14893","zcta",2019,"food_score",NA
"14894","zcta",2019,"food_score",88.12
"14895","zcta",2019,"food_score",96.59
"14897","zcta",2019,"food_score",90.03
"14898","zcta",2019,"food_score",107.47
"14901","zcta",2019,"food_score",62.21
"14903","zcta",2019,"food_score",106.3
"14904","zcta",2019,"food_score",77.19
"14905","zcta",2019,"food_score",98.89
"06390","zcta",2019,"food_score",130.06
"10001","zcta",2019,"food_rnk",36.2909
"10002","zcta",2019,"food_rnk",2.7721
"10003","zcta",2019,"food_rnk",52.2401
"10004","zcta",2019,"food_rnk",85.7329
"10005","zcta",2019,"food_rnk",83.1723
"10006","zcta",2019,"food_rnk",88.3228
"10007","zcta",2019,"food_rnk",78.6009
"10009","zcta",2019,"food_rnk",9.0678
"10010","zcta",2019,"food_rnk",49.403
"10011","zcta",2019,"food_rnk",47.89
"10012","zcta",2019,"food_rnk",64.3631
"10013","zcta",2019,"food_rnk",34.2509
"10014","zcta",2019,"food_rnk",72.3052
"10016","zcta",2019,"food_rnk",56.0046
"10017","zcta",2019,"food_rnk",68.98
"10018","zcta",2019,"food_rnk",46.8228
"10019","zcta",2019,"food_rnk",36.5707
"10020","zcta",2019,"food_rnk",NA
"10021","zcta",2019,"food_rnk",70.7012
"10022","zcta",2019,"food_rnk",74.1955
"10023","zcta",2019,"food_rnk",41.9066
"10024","zcta",2019,"food_rnk",51.3779
"10025","zcta",2019,"food_rnk",17.9893
"10026","zcta",2019,"food_rnk",22.3751
"10027","zcta",2019,"food_rnk",17.0197
"10028","zcta",2019,"food_rnk",70.5808
"10029","zcta",2019,"food_rnk",2.1962
"10030","zcta",2019,"food_rnk",3.579
"10031","zcta",2019,"food_rnk",4.708
"10032","zcta",2019,"food_rnk",2.6159
"10033","zcta",2019,"food_rnk",5.1895
"10034","zcta",2019,"food_rnk",3.7417
"10035","zcta",2019,"food_rnk",10.6198
"10036","zcta",2019,"food_rnk",35.0317
"10037","zcta",2019,"food_rnk",12.2694
"10038","zcta",2019,"food_rnk",16.5935
"10039","zcta",2019,"food_rnk",5.7036
"10040","zcta",2019,"food_rnk",4.1093
"10044","zcta",2019,"food_rnk",62.1018
"10065","zcta",2019,"food_rnk",70.6751
"10069","zcta",2019,"food_rnk",85.3327
"10075","zcta",2019,"food_rnk",83.4619
"10103","zcta",2019,"food_rnk",NA
"10110","zcta",2019,"food_rnk",NA
"10111","zcta",2019,"food_rnk",NA
"10112","zcta",2019,"food_rnk",NA
"10115","zcta",2019,"food_rnk",NA
"10119","zcta",2019,"food_rnk",NA
"10128","zcta",2019,"food_rnk",52.4906
"10152","zcta",2019,"food_rnk",NA
"10153","zcta",2019,"food_rnk",NA
"10154","zcta",2019,"food_rnk",NA
"10162","zcta",2019,"food_rnk",93.2683
"10165","zcta",2019,"food_rnk",NA
"10167","zcta",2019,"food_rnk",NA
"10168","zcta",2019,"food_rnk",NA
"10169","zcta",2019,"food_rnk",NA
"10170","zcta",2019,"food_rnk",NA
"10171","zcta",2019,"food_rnk",NA
"10172","zcta",2019,"food_rnk",NA
"10173","zcta",2019,"food_rnk",NA
"10174","zcta",2019,"food_rnk",NA
"10177","zcta",2019,"food_rnk",NA
"10199","zcta",2019,"food_rnk",NA
"10271","zcta",2019,"food_rnk",NA
"10278","zcta",2019,"food_rnk",NA
"10279","zcta",2019,"food_rnk",NA
"10280","zcta",2019,"food_rnk",74.1695
"10282","zcta",2019,"food_rnk",77.7973
"10301","zcta",2019,"food_rnk",16.8147
"10302","zcta",2019,"food_rnk",24.0442
"10303","zcta",2019,"food_rnk",18.3244
"10304","zcta",2019,"food_rnk",10.3302
"10305","zcta",2019,"food_rnk",43.1495
"10306","zcta",2019,"food_rnk",53.3236
"10307","zcta",2019,"food_rnk",85.8402
"10308","zcta",2019,"food_rnk",77.8363
"10309","zcta",2019,"food_rnk",76.5772
"10310","zcta",2019,"food_rnk",23.9954
"10311","zcta",2019,"food_rnk",NA
"10312","zcta",2019,"food_rnk",67.8054
"10314","zcta",2019,"food_rnk",49.9366
"10451","zcta",2019,"food_rnk",2.5378
"10452","zcta",2019,"food_rnk",0.9078
"10453","zcta",2019,"food_rnk",0.5173
"10454","zcta",2019,"food_rnk",0.5954
"10455","zcta",2019,"food_rnk",0.8882
"10456","zcta",2019,"food_rnk",0.7028
"10457","zcta",2019,"food_rnk",0.641
"10458","zcta",2019,"food_rnk",0.5596
"10459","zcta",2019,"food_rnk",1.4869
"10460","zcta",2019,"food_rnk",0.7809
"10461","zcta",2019,"food_rnk",20.4392
"10462","zcta",2019,"food_rnk",7.877
"10463","zcta",2019,"food_rnk",9.6144
"10464","zcta",2019,"food_rnk",15.4091
"10465","zcta",2019,"food_rnk",33.7791
"10466","zcta",2019,"food_rnk",7.171
"10467","zcta",2019,"food_rnk",2.7135
"10468","zcta",2019,"food_rnk",1.1583
"10469","zcta",2019,"food_rnk",15.1586
"10470","zcta",2019,"food_rnk",23.4879
"10471","zcta",2019,"food_rnk",61.988
"10472","zcta",2019,"food_rnk",1.8676
"10473","zcta",2019,"food_rnk",4.3078
"10474","zcta",2019,"food_rnk",1.2331
"10475","zcta",2019,"food_rnk",24.2622
"10501","zcta",2019,"food_rnk",99.3493
"10502","zcta",2019,"food_rnk",77.6476
"10503","zcta",2019,"food_rnk",86.7643
"10504","zcta",2019,"food_rnk",98.1975
"10505","zcta",2019,"food_rnk",58.1747
"10506","zcta",2019,"food_rnk",98.4187
"10507","zcta",2019,"food_rnk",77.7192
"10509","zcta",2019,"food_rnk",74.6445
"10510","zcta",2019,"food_rnk",93.7921
"10511","zcta",2019,"food_rnk",97.2051
"10512","zcta",2019,"food_rnk",76.2876
"10514","zcta",2019,"food_rnk",96.8863
"10516","zcta",2019,"food_rnk",93.4765
"10517","zcta",2019,"food_rnk",97.114
"10518","zcta",2019,"food_rnk",98.6432
"10519","zcta",2019,"food_rnk",99.4274
"10520","zcta",2019,"food_rnk",83.9434
"10522","zcta",2019,"food_rnk",92.7151
"10523","zcta",2019,"food_rnk",69.8747
"10524","zcta",2019,"food_rnk",93.8214
"10526","zcta",2019,"food_rnk",98.9556
"10527","zcta",2019,"food_rnk",99.4143
"10528","zcta",2019,"food_rnk",89.7218
"10530","zcta",2019,"food_rnk",81.783
"10532","zcta",2019,"food_rnk",91.3193
"10533","zcta",2019,"food_rnk",96.8212
"10535","zcta",2019,"food_rnk",4.4347
"10536","zcta",2019,"food_rnk",98.5684
"10537","zcta",2019,"food_rnk",67.8803
"10538","zcta",2019,"food_rnk",96.2063
"10541","zcta",2019,"food_rnk",86.1363
"10543","zcta",2019,"food_rnk",73.6164
"10545","zcta",2019,"food_rnk",NA
"10546","zcta",2019,"food_rnk",89.904
"10547","zcta",2019,"food_rnk",66.9074
"10548","zcta",2019,"food_rnk",76.8472
"10549","zcta",2019,"food_rnk",72.8518
"10550","zcta",2019,"food_rnk",13.3984
"10552","zcta",2019,"food_rnk",42.9185
"10553","zcta",2019,"food_rnk",45.9671
"10560","zcta",2019,"food_rnk",93.073
"10562","zcta",2019,"food_rnk",69.6112
"10566","zcta",2019,"food_rnk",39.3786
"10567","zcta",2019,"food_rnk",81.9229
"10570","zcta",2019,"food_rnk",93.6782
"10573","zcta",2019,"food_rnk",62.733
"10576","zcta",2019,"food_rnk",98.4773
"10577","zcta",2019,"food_rnk",NA
"10578","zcta",2019,"food_rnk",94.9439
"10579","zcta",2019,"food_rnk",85.7329
"10580","zcta",2019,"food_rnk",90.301
"10583","zcta",2019,"food_rnk",84.4347
"10588","zcta",2019,"food_rnk",96.1998
"10589","zcta",2019,"food_rnk",75.972
"10590","zcta",2019,"food_rnk",90.1513
"10591","zcta",2019,"food_rnk",60.8362
"10594","zcta",2019,"food_rnk",79.5673
"10595","zcta",2019,"food_rnk",93.0145
"10596","zcta",2019,"food_rnk",92.1067
"10597","zcta",2019,"food_rnk",84.9845
"10598","zcta",2019,"food_rnk",85.4596
"10601","zcta",2019,"food_rnk",61.6268
"10603","zcta",2019,"food_rnk",65.0236
"10604","zcta",2019,"food_rnk",65.0756
"10605","zcta",2019,"food_rnk",76.1705
"10606","zcta",2019,"food_rnk",65.5897
"10607","zcta",2019,"food_rnk",87.3825
"10701","zcta",2019,"food_rnk",7.89
"10703","zcta",2019,"food_rnk",28.313
"10704","zcta",2019,"food_rnk",58.6205
"10705","zcta",2019,"food_rnk",8.6058
"10706","zcta",2019,"food_rnk",86.6862
"10707","zcta",2019,"food_rnk",84.7112
"10708","zcta",2019,"food_rnk",83.8783
"10709","zcta",2019,"food_rnk",94.7975
"10710","zcta",2019,"food_rnk",67.5549
"10801","zcta",2019,"food_rnk",31.2445
"10803","zcta",2019,"food_rnk",81.2917
"10804","zcta",2019,"food_rnk",94.869
"10805","zcta",2019,"food_rnk",42.7884
"10901","zcta",2019,"food_rnk",83.2341
"10910","zcta",2019,"food_rnk",NA
"10911","zcta",2019,"food_rnk",NA
"10913","zcta",2019,"food_rnk",89.5819
"10914","zcta",2019,"food_rnk",84.8023
"10915","zcta",2019,"food_rnk",NA
"10916","zcta",2019,"food_rnk",90.0211
"10917","zcta",2019,"food_rnk",90.9972
"10918","zcta",2019,"food_rnk",82.5964
"10919","zcta",2019,"food_rnk",96.3039
"10920","zcta",2019,"food_rnk",90.3921
"10921","zcta",2019,"food_rnk",87.5419
"10922","zcta",2019,"food_rnk",88.3618
"10923","zcta",2019,"food_rnk",57.2409
"10924","zcta",2019,"food_rnk",71.0656
"10925","zcta",2019,"food_rnk",92.1946
"10926","zcta",2019,"food_rnk",56.1445
"10927","zcta",2019,"food_rnk",7.402
"10928","zcta",2019,"food_rnk",86.9985
"10930","zcta",2019,"food_rnk",70.1773
"10931","zcta",2019,"food_rnk",54.3777
"10932","zcta",2019,"food_rnk",84.9325
"10933","zcta",2019,"food_rnk",4.2655
"10940","zcta",2019,"food_rnk",34.7552
"10941","zcta",2019,"food_rnk",66.7513
"10950","zcta",2019,"food_rnk",13.1349
"10952","zcta",2019,"food_rnk",10.1936
"10953","zcta",2019,"food_rnk",98.2365
"10954","zcta",2019,"food_rnk",74.0296
"10956","zcta",2019,"food_rnk",83.8783
"10958","zcta",2019,"food_rnk",92.8355
"10960","zcta",2019,"food_rnk",65.3327
"10962","zcta",2019,"food_rnk",92.0905
"10963","zcta",2019,"food_rnk",78.0869
"10964","zcta",2019,"food_rnk",96.3462
"10965","zcta",2019,"food_rnk",80.4457
"10968","zcta",2019,"food_rnk",96.8603
"10969","zcta",2019,"food_rnk",98.8059
"10970","zcta",2019,"food_rnk",38.5652
"10973","zcta",2019,"food_rnk",53.4537
"10974","zcta",2019,"food_rnk",94.8951
"10975","zcta",2019,"food_rnk",99.6519
"10976","zcta",2019,"food_rnk",68.1633
"10977","zcta",2019,"food_rnk",8.3716
"10979","zcta",2019,"food_rnk",83.3057
"10980","zcta",2019,"food_rnk",69.7511
"10983","zcta",2019,"food_rnk",89.6275
"10984","zcta",2019,"food_rnk",75.7573
"10985","zcta",2019,"food_rnk",84.9097
"10986","zcta",2019,"food_rnk",85.9541
"10987","zcta",2019,"food_rnk",88.8498
"10988","zcta",2019,"food_rnk",41.9977
"10989","zcta",2019,"food_rnk",86.1461
"10990","zcta",2019,"food_rnk",85.9444
"10992","zcta",2019,"food_rnk",83.3057
"10993","zcta",2019,"food_rnk",28.9475
"10994","zcta",2019,"food_rnk",95.7703
"10996","zcta",2019,"food_rnk",NA
"10998","zcta",2019,"food_rnk",68.5147
"11001","zcta",2019,"food_rnk",80.1724
"11003","zcta",2019,"food_rnk",62.1311
"11004","zcta",2019,"food_rnk",78.8482
"11005","zcta",2019,"food_rnk",80.2278
"11010","zcta",2019,"food_rnk",81.5064
"11020","zcta",2019,"food_rnk",90.9094
"11021","zcta",2019,"food_rnk",85.9216
"11023","zcta",2019,"food_rnk",81.1225
"11024","zcta",2019,"food_rnk",83.9727
"11030","zcta",2019,"food_rnk",95.4189
"11040","zcta",2019,"food_rnk",75.3115
"11042","zcta",2019,"food_rnk",NA
"11050","zcta",2019,"food_rnk",84.08
"11096","zcta",2019,"food_rnk",40.3058
"11101","zcta",2019,"food_rnk",18.4025
"11102","zcta",2019,"food_rnk",20.7386
"11103","zcta",2019,"food_rnk",45.6157
"11104","zcta",2019,"food_rnk",49.3867
"11105","zcta",2019,"food_rnk",42.2255
"11106","zcta",2019,"food_rnk",19.4143
"11109","zcta",2019,"food_rnk",90.7142
"11201","zcta",2019,"food_rnk",30.2229
"11203","zcta",2019,"food_rnk",17.2344
"11204","zcta",2019,"food_rnk",9.0353
"11205","zcta",2019,"food_rnk",4.978
"11206","zcta",2019,"food_rnk",1.1062
"11207","zcta",2019,"food_rnk",2.5085
"11208","zcta",2019,"food_rnk",4.0085
"11209","zcta",2019,"food_rnk",33.6034
"11210","zcta",2019,"food_rnk",21.4706
"11211","zcta",2019,"food_rnk",3.566
"11212","zcta",2019,"food_rnk",1.3372
"11213","zcta",2019,"food_rnk",3.9141
"11214","zcta",2019,"food_rnk",8.5798
"11215","zcta",2019,"food_rnk",50.4506
"11216","zcta",2019,"food_rnk",11.9668
"11217","zcta",2019,"food_rnk",23.9271
"11218","zcta",2019,"food_rnk",15.6304
"11219","zcta",2019,"food_rnk",2.014
"11220","zcta",2019,"food_rnk",5.0399
"11221","zcta",2019,"food_rnk",4.4965
"11222","zcta",2019,"food_rnk",41.2006
"11223","zcta",2019,"food_rnk",8.7392
"11224","zcta",2019,"food_rnk",2.8437
"11225","zcta",2019,"food_rnk",13.5806
"11226","zcta",2019,"food_rnk",4.6494
"11228","zcta",2019,"food_rnk",29.0906
"11229","zcta",2019,"food_rnk",14.3843
"11230","zcta",2019,"food_rnk",10.6263
"11231","zcta",2019,"food_rnk",18.0999
"11232","zcta",2019,"food_rnk",11.456
"11233","zcta",2019,"food_rnk",4.4575
"11234","zcta",2019,"food_rnk",26.9139
"11235","zcta",2019,"food_rnk",13.0893
"11236","zcta",2019,"food_rnk",15.4287
"11237","zcta",2019,"food_rnk",3.631
"11238","zcta",2019,"food_rnk",27.7078
"11239","zcta",2019,"food_rnk",6.1949
"11351","zcta",2019,"food_rnk",NA
"11354","zcta",2019,"food_rnk",29.9528
"11355","zcta",2019,"food_rnk",23.5595
"11356","zcta",2019,"food_rnk",45.7036
"11357","zcta",2019,"food_rnk",63.9727
"11358","zcta",2019,"food_rnk",57.4004
"11359","zcta",2019,"food_rnk",NA
"11360","zcta",2019,"food_rnk",77.0132
"11361","zcta",2019,"food_rnk",68.583
"11362","zcta",2019,"food_rnk",78.422
"11363","zcta",2019,"food_rnk",82.8241
"11364","zcta",2019,"food_rnk",68.3943
"11365","zcta",2019,"food_rnk",47.3272
"11366","zcta",2019,"food_rnk",60.0195
"11367","zcta",2019,"food_rnk",34.1825
"11368","zcta",2019,"food_rnk",3.9011
"11369","zcta",2019,"food_rnk",30.2424
"11370","zcta",2019,"food_rnk",40.5824
"11371","zcta",2019,"food_rnk",NA
"11372","zcta",2019,"food_rnk",26.6732
"11373","zcta",2019,"food_rnk",15.7443
"11374","zcta",2019,"food_rnk",38.0088
"11375","zcta",2019,"food_rnk",50.8411
"11377","zcta",2019,"food_rnk",37.1954
"11378","zcta",2019,"food_rnk",52.3377
"11379","zcta",2019,"food_rnk",63.4586
"11385","zcta",2019,"food_rnk",32.5232
"11411","zcta",2019,"food_rnk",57.7908
"11412","zcta",2019,"food_rnk",33.7108
"11413","zcta",2019,"food_rnk",39.8536
"11414","zcta",2019,"food_rnk",58.396
"11415","zcta",2019,"food_rnk",61.9717
"11416","zcta",2019,"food_rnk",26.6016
"11417","zcta",2019,"food_rnk",36.7138
"11418","zcta",2019,"food_rnk",31.8009
"11419","zcta",2019,"food_rnk",23.8002
"11420","zcta",2019,"food_rnk",32.6436
"11421","zcta",2019,"food_rnk",28.6514
"11422","zcta",2019,"food_rnk",33.6554
"11423","zcta",2019,"food_rnk",40.1171
"11424","zcta",2019,"food_rnk",NA
"11425","zcta",2019,"food_rnk",NA
"11426","zcta",2019,"food_rnk",70.8248
"11427","zcta",2019,"food_rnk",62.6322
"11428","zcta",2019,"food_rnk",60.8524
"11429","zcta",2019,"food_rnk",38.0088
"11430","zcta",2019,"food_rnk",NA
"11432","zcta",2019,"food_rnk",25.144
"11433","zcta",2019,"food_rnk",14.0589
"11434","zcta",2019,"food_rnk",29.0386
"11435","zcta",2019,"food_rnk",25.7784
"11436","zcta",2019,"food_rnk",27.3304
"11451","zcta",2019,"food_rnk",NA
"11501","zcta",2019,"food_rnk",86.9074
"11507","zcta",2019,"food_rnk",91.8855
"11509","zcta",2019,"food_rnk",55.6564
"11510","zcta",2019,"food_rnk",82.5964
"11514","zcta",2019,"food_rnk",96.1445
"11516","zcta",2019,"food_rnk",96.9156
"11518","zcta",2019,"food_rnk",91.7228
"11520","zcta",2019,"food_rnk",46.4487
"11530","zcta",2019,"food_rnk",89.5201
"11542","zcta",2019,"food_rnk",71.417
"11545","zcta",2019,"food_rnk",90.8703
"11547","zcta",2019,"food_rnk",99.128
"11548","zcta",2019,"food_rnk",NA
"11549","zcta",2019,"food_rnk",NA
"11550","zcta",2019,"food_rnk",20.1139
"11552","zcta",2019,"food_rnk",72.1165
"11553","zcta",2019,"food_rnk",66.9693
"11554","zcta",2019,"food_rnk",78.461
"11556","zcta",2019,"food_rnk",NA
"11557","zcta",2019,"food_rnk",92.1393
"11558","zcta",2019,"food_rnk",72.3638
"11559","zcta",2019,"food_rnk",87.21
"11560","zcta",2019,"food_rnk",98.2984
"11561","zcta",2019,"food_rnk",73.5155
"11563","zcta",2019,"food_rnk",88.8759
"11565","zcta",2019,"food_rnk",84.6332
"11566","zcta",2019,"food_rnk",90.776
"11568","zcta",2019,"food_rnk",95.9818
"11569","zcta",2019,"food_rnk",99.1476
"11570","zcta",2019,"food_rnk",74.6868
"11572","zcta",2019,"food_rnk",80.5043
"11575","zcta",2019,"food_rnk",57.755
"11576","zcta",2019,"food_rnk",95.5556
"11577","zcta",2019,"food_rnk",91.6545
"11579","zcta",2019,"food_rnk",80.0488
"11580","zcta",2019,"food_rnk",80.6149
"11581","zcta",2019,"food_rnk",85.5377
"11590","zcta",2019,"food_rnk",73.4993
"11596","zcta",2019,"food_rnk",92.7802
"11598","zcta",2019,"food_rnk",83.7612
"11691","zcta",2019,"food_rnk",4.1223
"11692","zcta",2019,"food_rnk",5.5246
"11693","zcta",2019,"food_rnk",15.1098
"11694","zcta",2019,"food_rnk",65.3099
"11697","zcta",2019,"food_rnk",93.7791
"11701","zcta",2019,"food_rnk",37.1563
"11702","zcta",2019,"food_rnk",81.4771
"11703","zcta",2019,"food_rnk",65.0984
"11704","zcta",2019,"food_rnk",46.9204
"11705","zcta",2019,"food_rnk",79.8829
"11706","zcta",2019,"food_rnk",29.4518
"11709","zcta",2019,"food_rnk",94.869
"11710","zcta",2019,"food_rnk",87.2621
"11713","zcta",2019,"food_rnk",35.1423
"11714","zcta",2019,"food_rnk",89.0028
"11715","zcta",2019,"food_rnk",91.4462
"11716","zcta",2019,"food_rnk",89.1915
"11717","zcta",2019,"food_rnk",33.021
"11718","zcta",2019,"food_rnk",91.5406
"11719","zcta",2019,"food_rnk",75.6271
"11720","zcta",2019,"food_rnk",67.3825
"11721","zcta",2019,"food_rnk",91.9701
"11722","zcta",2019,"food_rnk",33.2683
"11724","zcta",2019,"food_rnk",96.9481
"11725","zcta",2019,"food_rnk",85.7882
"11726","zcta",2019,"food_rnk",33.6977
"11727","zcta",2019,"food_rnk",57.5565
"11729","zcta",2019,"food_rnk",57.8201
"11730","zcta",2019,"food_rnk",73.8442
"11731","zcta",2019,"food_rnk",81.6626
"11732","zcta",2019,"food_rnk",84.7438
"11733","zcta",2019,"food_rnk",93.2325
"11735","zcta",2019,"food_rnk",80.3384
"11738","zcta",2019,"food_rnk",71.5959
"11739","zcta",2019,"food_rnk",99.2094
"11740","zcta",2019,"food_rnk",75.7573
"11741","zcta",2019,"food_rnk",79.307
"11742","zcta",2019,"food_rnk",88.3943
"11743","zcta",2019,"food_rnk",76.6227
"11746","zcta",2019,"food_rnk",51.2185
"11747","zcta",2019,"food_rnk",89.904
"11749","zcta",2019,"food_rnk",83.2731
"11751","zcta",2019,"food_rnk",85.1212
"11752","zcta",2019,"food_rnk",67.5289
"11753","zcta",2019,"food_rnk",93.5155
"11754","zcta",2019,"food_rnk",92.0449
"11755","zcta",2019,"food_rnk",81.6919
"11756","zcta",2019,"food_rnk",76.4568
"11757","zcta",2019,"food_rnk",64.708
"11758","zcta",2019,"food_rnk",81.1225
"11762","zcta",2019,"food_rnk",88.788
"11763","zcta",2019,"food_rnk",54.6803
"11764","zcta",2019,"food_rnk",85.5377
"11765","zcta",2019,"food_rnk",95.0545
"11766","zcta",2019,"food_rnk",88.8954
"11767","zcta",2019,"food_rnk",92.4321
"11768","zcta",2019,"food_rnk",86.7025
"11769","zcta",2019,"food_rnk",89.9463
"11770","zcta",2019,"food_rnk",NA
"11771","zcta",2019,"food_rnk",94.2606
"11772","zcta",2019,"food_rnk",60.9989
"11776","zcta",2019,"food_rnk",66.8293
"11777","zcta",2019,"food_rnk",91.6545
"11778","zcta",2019,"food_rnk",81.5585
"11779","zcta",2019,"food_rnk",65.6678
"11780","zcta",2019,"food_rnk",82.3589
"11782","zcta",2019,"food_rnk",85.3782
"11783","zcta",2019,"food_rnk",84.6624
"11784","zcta",2019,"food_rnk",65.9118
"11786","zcta",2019,"food_rnk",77.5175
"11787","zcta",2019,"food_rnk",77.6769
"11788","zcta",2019,"food_rnk",82.2255
"11789","zcta",2019,"food_rnk",69.1654
"11790","zcta",2019,"food_rnk",91.7033
"11791","zcta",2019,"food_rnk",88.6384
"11792","zcta",2019,"food_rnk",84.7861
"11793","zcta",2019,"food_rnk",90.545
"11794","zcta",2019,"food_rnk",NA
"11795","zcta",2019,"food_rnk",80
"11796","zcta",2019,"food_rnk",94.5404
"11797","zcta",2019,"food_rnk",97.9665
"11798","zcta",2019,"food_rnk",18.1812
"11801","zcta",2019,"food_rnk",73.3854
"11803","zcta",2019,"food_rnk",86.748
"11804","zcta",2019,"food_rnk",90.2879
"11901","zcta",2019,"food_rnk",66.5756
"11930","zcta",2019,"food_rnk",90.5222
"11931","zcta",2019,"food_rnk",NA
"11932","zcta",2019,"food_rnk",87.5061
"11933","zcta",2019,"food_rnk",68.7327
"11934","zcta",2019,"food_rnk",71.2282
"11935","zcta",2019,"food_rnk",99.1215
"11937","zcta",2019,"food_rnk",88.1308
"11939","zcta",2019,"food_rnk",95.8126
"11940","zcta",2019,"food_rnk",85.8045
"11941","zcta",2019,"food_rnk",96.5447
"11942","zcta",2019,"food_rnk",86.8293
"11944","zcta",2019,"food_rnk",50.9224
"11946","zcta",2019,"food_rnk",75.8712
"11947","zcta",2019,"food_rnk",86.3153
"11948","zcta",2019,"food_rnk",99.4436
"11949","zcta",2019,"food_rnk",77.28
"11950","zcta",2019,"food_rnk",32.7347
"11951","zcta",2019,"food_rnk",22.4239
"11952","zcta",2019,"food_rnk",98.0966
"11953","zcta",2019,"food_rnk",62.3524
"11954","zcta",2019,"food_rnk",94.6901
"11955","zcta",2019,"food_rnk",93.2357
"11956","zcta",2019,"food_rnk",88.4301
"11957","zcta",2019,"food_rnk",83.6733
"11958","zcta",2019,"food_rnk",99.0434
"11959","zcta",2019,"food_rnk",80.4946
"11960","zcta",2019,"food_rnk",98.7604
"11961","zcta",2019,"food_rnk",59.7527
"11962","zcta",2019,"food_rnk",76.9644
"11963","zcta",2019,"food_rnk",92.4516
"11964","zcta",2019,"food_rnk",92.8713
"11965","zcta",2019,"food_rnk",85.209
"11967","zcta",2019,"food_rnk",38.9491
"11968","zcta",2019,"food_rnk",95.1228
"11970","zcta",2019,"food_rnk",55.7573
"11971","zcta",2019,"food_rnk",95.074
"11972","zcta",2019,"food_rnk",35.985
"11973","zcta",2019,"food_rnk",NA
"11975","zcta",2019,"food_rnk",99.4664
"11976","zcta",2019,"food_rnk",98.2365
"11977","zcta",2019,"food_rnk",98.5684
"11978","zcta",2019,"food_rnk",91.0818
"11980","zcta",2019,"food_rnk",89.4127
"12007","zcta",2019,"food_rnk",NA
"12008","zcta",2019,"food_rnk",98.4675
"12009","zcta",2019,"food_rnk",78.1129
"12010","zcta",2019,"food_rnk",11.1502
"12015","zcta",2019,"food_rnk",68.6221
"12017","zcta",2019,"food_rnk",74.381
"12018","zcta",2019,"food_rnk",75.5783
"12019","zcta",2019,"food_rnk",87.4052
"12020","zcta",2019,"food_rnk",60.1952
"12022","zcta",2019,"food_rnk",82.668
"12023","zcta",2019,"food_rnk",58.4448
"12024","zcta",2019,"food_rnk",NA
"12025","zcta",2019,"food_rnk",51.8529
"12027","zcta",2019,"food_rnk",84.7861
"12028","zcta",2019,"food_rnk",76.3787
"12029","zcta",2019,"food_rnk",87.4052
"12031","zcta",2019,"food_rnk",25.4433
"12032","zcta",2019,"food_rnk",78.5717
"12033","zcta",2019,"food_rnk",88.1601
"12035","zcta",2019,"food_rnk",55.3506
"12036","zcta",2019,"food_rnk",34.4363
"12037","zcta",2019,"food_rnk",84.0475
"12040","zcta",2019,"food_rnk",6.081
"12041","zcta",2019,"food_rnk",68.9442
"12042","zcta",2019,"food_rnk",84.0475
"12043","zcta",2019,"food_rnk",39.1931
"12045","zcta",2019,"food_rnk",49.1524
"12046","zcta",2019,"food_rnk",91.9571
"12047","zcta",2019,"food_rnk",22.3589
"12051","zcta",2019,"food_rnk",NA
"12052","zcta",2019,"food_rnk",51.1567
"12053","zcta",2019,"food_rnk",70.1513
"12054","zcta",2019,"food_rnk",83.9727
"12056","zcta",2019,"food_rnk",53.727
"12057","zcta",2019,"food_rnk",86.8554
"12058","zcta",2019,"food_rnk",52.3117
"12059","zcta",2019,"food_rnk",71.2966
"12060","zcta",2019,"food_rnk",87.8965
"12061","zcta",2019,"food_rnk",75.9427
"12062","zcta",2019,"food_rnk",52.1035
"12063","zcta",2019,"food_rnk",98.7994
"12064","zcta",2019,"food_rnk",25.5312
"12065","zcta",2019,"food_rnk",76.0631
"12066","zcta",2019,"food_rnk",52.9754
"12067","zcta",2019,"food_rnk",87.6623
"12068","zcta",2019,"food_rnk",59.3265
"12069","zcta",2019,"food_rnk",0.3709
"12070","zcta",2019,"food_rnk",60.9305
"12071","zcta",2019,"food_rnk",14.0264
"12072","zcta",2019,"food_rnk",51.0428
"12074","zcta",2019,"food_rnk",67.6428
"12075","zcta",2019,"food_rnk",56.7366
"12076","zcta",2019,"food_rnk",51.4007
"12077","zcta",2019,"food_rnk",93.8084
"12078","zcta",2019,"food_rnk",23.0617
"12083","zcta",2019,"food_rnk",88.0983
"12084","zcta",2019,"food_rnk",94.0296
"12085","zcta",2019,"food_rnk",27.8933
"12086","zcta",2019,"food_rnk",67.5549
"12087","zcta",2019,"food_rnk",86.6374
"12089","zcta",2019,"food_rnk",NA
"12090","zcta",2019,"food_rnk",44.6104
"12092","zcta",2019,"food_rnk",65.9802
"12093","zcta",2019,"food_rnk",23.9011
"12094","zcta",2019,"food_rnk",84.6332
"12095","zcta",2019,"food_rnk",46.7968
"12106","zcta",2019,"food_rnk",85.7199
"12108","zcta",2019,"food_rnk",98.9426
"12110","zcta",2019,"food_rnk",70.2847
"12115","zcta",2019,"food_rnk",NA
"12116","zcta",2019,"food_rnk",26.3738
"12117","zcta",2019,"food_rnk",53.6392
"12118","zcta",2019,"food_rnk",62.4597
"12120","zcta",2019,"food_rnk",88.1926
"12121","zcta",2019,"food_rnk",87.441
"12122","zcta",2019,"food_rnk",34.8853
"12123","zcta",2019,"food_rnk",72.3638
"12124","zcta",2019,"food_rnk",99.2289
"12125","zcta",2019,"food_rnk",59.2126
"12130","zcta",2019,"food_rnk",30.6491
"12131","zcta",2019,"food_rnk",NA
"12132","zcta",2019,"food_rnk",98.692
"12134","zcta",2019,"food_rnk",50.6816
"12136","zcta",2019,"food_rnk",52.5557
"12137","zcta",2019,"food_rnk",57.8721
"12138","zcta",2019,"food_rnk",57.8721
"12139","zcta",2019,"food_rnk",73.1999
"12140","zcta",2019,"food_rnk",86.5723
"12143","zcta",2019,"food_rnk",60.3644
"12144","zcta",2019,"food_rnk",56.9318
"12147","zcta",2019,"food_rnk",57.6704
"12148","zcta",2019,"food_rnk",95.0382
"12149","zcta",2019,"food_rnk",25.6808
"12150","zcta",2019,"food_rnk",75.4254
"12151","zcta",2019,"food_rnk",89.8097
"12153","zcta",2019,"food_rnk",96.5642
"12154","zcta",2019,"food_rnk",69.3216
"12155","zcta",2019,"food_rnk",23.592
"12156","zcta",2019,"food_rnk",97.7583
"12157","zcta",2019,"food_rnk",49.4941
"12158","zcta",2019,"food_rnk",78.7018
"12159","zcta",2019,"food_rnk",85.2253
"12160","zcta",2019,"food_rnk",15.2465
"12161","zcta",2019,"food_rnk",99.1085
"12164","zcta",2019,"food_rnk",98.9426
"12165","zcta",2019,"food_rnk",86.517
"12166","zcta",2019,"food_rnk",60.7939
"12167","zcta",2019,"food_rnk",14.9374
"12168","zcta",2019,"food_rnk",82.9315
"12169","zcta",2019,"food_rnk",85.8695
"12170","zcta",2019,"food_rnk",55.536
"12172","zcta",2019,"food_rnk",96.9026
"12173","zcta",2019,"food_rnk",57.5858
"12174","zcta",2019,"food_rnk",48.8141
"12175","zcta",2019,"food_rnk",62.4597
"12176","zcta",2019,"food_rnk",79.7072
"12177","zcta",2019,"food_rnk",96.9481
"12180","zcta",2019,"food_rnk",19.4827
"12182","zcta",2019,"food_rnk",29.1492
"12183","zcta",2019,"food_rnk",37.0717
"12184","zcta",2019,"food_rnk",60.1236
"12185","zcta",2019,"food_rnk",84.7861
"12186","zcta",2019,"food_rnk",87.7762
"12187","zcta",2019,"food_rnk",32.4418
"12188","zcta",2019,"food_rnk",61.0997
"12189","zcta",2019,"food_rnk",28.9735
"12190","zcta",2019,"food_rnk",57.9144
"12192","zcta",2019,"food_rnk",75.1814
"12193","zcta",2019,"food_rnk",64.3176
"12194","zcta",2019,"food_rnk",35.0447
"12195","zcta",2019,"food_rnk",21.0477
"12196","zcta",2019,"food_rnk",84.0475
"12197","zcta",2019,"food_rnk",50.7792
"12198","zcta",2019,"food_rnk",88.2284
"12202","zcta",2019,"food_rnk",1.4251
"12203","zcta",2019,"food_rnk",68.4789
"12204","zcta",2019,"food_rnk",17.8851
"12205","zcta",2019,"food_rnk",53.9255
"12206","zcta",2019,"food_rnk",1.9327
"12207","zcta",2019,"food_rnk",1.7212
"12208","zcta",2019,"food_rnk",57.9307
"12209","zcta",2019,"food_rnk",13.1251
"12210","zcta",2019,"food_rnk",3.8067
"12211","zcta",2019,"food_rnk",88.9637
"12222","zcta",2019,"food_rnk",NA
"12302","zcta",2019,"food_rnk",70.379
"12303","zcta",2019,"food_rnk",37.5435
"12304","zcta",2019,"food_rnk",28.2056
"12305","zcta",2019,"food_rnk",18.6107
"12306","zcta",2019,"food_rnk",52.6891
"12307","zcta",2019,"food_rnk",2.2255
"12308","zcta",2019,"food_rnk",16.2941
"12309","zcta",2019,"food_rnk",80.4946
"12401","zcta",2019,"food_rnk",19.6486
"12404","zcta",2019,"food_rnk",36.9286
"12405","zcta",2019,"food_rnk",55.2204
"12406","zcta",2019,"food_rnk",2.1799
"12407","zcta",2019,"food_rnk",61.4674
"12409","zcta",2019,"food_rnk",98.5294
"12410","zcta",2019,"food_rnk",55.1554
"12411","zcta",2019,"food_rnk",31.6024
"12412","zcta",2019,"food_rnk",66.2404
"12413","zcta",2019,"food_rnk",33.5188
"12414","zcta",2019,"food_rnk",56.818
"12416","zcta",2019,"food_rnk",92.6501
"12417","zcta",2019,"food_rnk",72.0221
"12418","zcta",2019,"food_rnk",97.5403
"12419","zcta",2019,"food_rnk",9.9789
"12420","zcta",2019,"food_rnk",81.8058
"12421","zcta",2019,"food_rnk",38.1129
"12422","zcta",2019,"food_rnk",61.6008
"12423","zcta",2019,"food_rnk",56.19
"12424","zcta",2019,"food_rnk",98.5294
"12427","zcta",2019,"food_rnk",NA
"12428","zcta",2019,"food_rnk",16.3885
"12429","zcta",2019,"food_rnk",9.6437
"12430","zcta",2019,"food_rnk",20.8394
"12431","zcta",2019,"food_rnk",88.0625
"12432","zcta",2019,"food_rnk",40.1106
"12433","zcta",2019,"food_rnk",95.2432
"12434","zcta",2019,"food_rnk",47.7696
"12435","zcta",2019,"food_rnk",97.716
"12436","zcta",2019,"food_rnk",NA
"12438","zcta",2019,"food_rnk",NA
"12439","zcta",2019,"food_rnk",92.5557
"12440","zcta",2019,"food_rnk",67.0148
"12441","zcta",2019,"food_rnk",NA
"12442","zcta",2019,"food_rnk",67.6753
"12443","zcta",2019,"food_rnk",76.8245
"12444","zcta",2019,"food_rnk",91.7521
"12446","zcta",2019,"food_rnk",44.6234
"12448","zcta",2019,"food_rnk",98.2073
"12449","zcta",2019,"food_rnk",71.6545
"12450","zcta",2019,"food_rnk",78.871
"12451","zcta",2019,"food_rnk",96.2388
"12452","zcta",2019,"food_rnk",34.2151
"12453","zcta",2019,"food_rnk",87.8152
"12454","zcta",2019,"food_rnk",72.9527
"12455","zcta",2019,"food_rnk",43.7091
"12456","zcta",2019,"food_rnk",49.403
"12457","zcta",2019,"food_rnk",95.8614
"12458","zcta",2019,"food_rnk",28.9898
"12459","zcta",2019,"food_rnk",61.9554
"12460","zcta",2019,"food_rnk",23.4749
"12461","zcta",2019,"food_rnk",92.4516
"12463","zcta",2019,"food_rnk",68.2544
"12464","zcta",2019,"food_rnk",73.1804
"12465","zcta",2019,"food_rnk",39.974
"12466","zcta",2019,"food_rnk",90.4246
"12468","zcta",2019,"food_rnk",53.4374
"12469","zcta",2019,"food_rnk",74.9569
"12470","zcta",2019,"food_rnk",96.7008
"12471","zcta",2019,"food_rnk",94.0947
"12472","zcta",2019,"food_rnk",55.035
"12473","zcta",2019,"food_rnk",96.652
"12474","zcta",2019,"food_rnk",85.4758
"12475","zcta",2019,"food_rnk",1.604
"12477","zcta",2019,"food_rnk",48.4334
"12480","zcta",2019,"food_rnk",53.5676
"12481","zcta",2019,"food_rnk",79.7299
"12482","zcta",2019,"food_rnk",92.7705
"12483","zcta",2019,"food_rnk",96.2746
"12484","zcta",2019,"food_rnk",82.5964
"12485","zcta",2019,"food_rnk",78.871
"12486","zcta",2019,"food_rnk",63.9336
"12487","zcta",2019,"food_rnk",94.83
"12489","zcta",2019,"food_rnk",NA
"12490","zcta",2019,"food_rnk",NA
"12491","zcta",2019,"food_rnk",32.9364
"12492","zcta",2019,"food_rnk",97.2474
"12493","zcta",2019,"food_rnk",98.3927
"12494","zcta",2019,"food_rnk",98.0251
"12495","zcta",2019,"food_rnk",84.7861
"12496","zcta",2019,"food_rnk",60.3319
"12498","zcta",2019,"food_rnk",56.5024
"12501","zcta",2019,"food_rnk",47.7078
"12502","zcta",2019,"food_rnk",54.7617
"12503","zcta",2019,"food_rnk",84.1191
"12504","zcta",2019,"food_rnk",NA
"12507","zcta",2019,"food_rnk",95.0024
"12508","zcta",2019,"food_rnk",38.5977
"12512","zcta",2019,"food_rnk",84.8023
"12513","zcta",2019,"food_rnk",96.7008
"12514","zcta",2019,"food_rnk",95.6109
"12515","zcta",2019,"food_rnk",81.4771
"12516","zcta",2019,"food_rnk",37.3906
"12517","zcta",2019,"food_rnk",23.9011
"12518","zcta",2019,"food_rnk",87.1775
"12520","zcta",2019,"food_rnk",77.9274
"12521","zcta",2019,"food_rnk",88.6709
"12522","zcta",2019,"food_rnk",42.2808
"12523","zcta",2019,"food_rnk",70.4246
"12524","zcta",2019,"food_rnk",64.0052
"12525","zcta",2019,"food_rnk",95.7703
"12526","zcta",2019,"food_rnk",87.0896
"12527","zcta",2019,"food_rnk",NA
"12528","zcta",2019,"food_rnk",56.408
"12529","zcta",2019,"food_rnk",60.4262
"12530","zcta",2019,"food_rnk",NA
"12531","zcta",2019,"food_rnk",61.4967
"12533","zcta",2019,"food_rnk",71.6903
"12534","zcta",2019,"food_rnk",21.4902
"12538","zcta",2019,"food_rnk",52.3735
"12540","zcta",2019,"food_rnk",89.4908
"12542","zcta",2019,"food_rnk",83.5952
"12543","zcta",2019,"food_rnk",62.707
"12545","zcta",2019,"food_rnk",70.8899
"12546","zcta",2019,"food_rnk",72.6859
"12547","zcta",2019,"food_rnk",82.3589
"12548","zcta",2019,"food_rnk",94.0231
"12549","zcta",2019,"food_rnk",72.5948
"12550","zcta",2019,"food_rnk",25.4043
"12553","zcta",2019,"food_rnk",75.0643
"12561","zcta",2019,"food_rnk",71.1274
"12563","zcta",2019,"food_rnk",87.6883
"12564","zcta",2019,"food_rnk",65.2416
"12565","zcta",2019,"food_rnk",16.5577
"12566","zcta",2019,"food_rnk",63.9597
"12567","zcta",2019,"food_rnk",45.8077
"12569","zcta",2019,"food_rnk",67.4345
"12570","zcta",2019,"food_rnk",92.6501
"12571","zcta",2019,"food_rnk",71.6187
"12572","zcta",2019,"food_rnk",74.2313
"12574","zcta",2019,"food_rnk",99.6454
"12575","zcta",2019,"food_rnk",87.2946
"12577","zcta",2019,"food_rnk",60.7353
"12578","zcta",2019,"food_rnk",78.1585
"12580","zcta",2019,"food_rnk",73.1804
"12581","zcta",2019,"food_rnk",65.2221
"12582","zcta",2019,"food_rnk",83.8588
"12583","zcta",2019,"food_rnk",90.1871
"12585","zcta",2019,"food_rnk",97.3353
"12586","zcta",2019,"food_rnk",71.7651
"12589","zcta",2019,"food_rnk",71.8692
"12590","zcta",2019,"food_rnk",61.6008
"12592","zcta",2019,"food_rnk",24.8869
"12594","zcta",2019,"food_rnk",57.999
"12601","zcta",2019,"food_rnk",18.9556
"12603","zcta",2019,"food_rnk",60.8655
"12604","zcta",2019,"food_rnk",NA
"12701","zcta",2019,"food_rnk",7.4443
"12719","zcta",2019,"food_rnk",82.1344
"12720","zcta",2019,"food_rnk",97.0002
"12721","zcta",2019,"food_rnk",44.3533
"12722","zcta",2019,"food_rnk",NA
"12723","zcta",2019,"food_rnk",90.4441
"12724","zcta",2019,"food_rnk",97.319
"12725","zcta",2019,"food_rnk",83.117
"12726","zcta",2019,"food_rnk",94.0817
"12729","zcta",2019,"food_rnk",8.8075
"12732","zcta",2019,"food_rnk",82.4337
"12733","zcta",2019,"food_rnk",1.155
"12734","zcta",2019,"food_rnk",12.3865
"12736","zcta",2019,"food_rnk",NA
"12737","zcta",2019,"food_rnk",90.5124
"12738","zcta",2019,"food_rnk",43.1235
"12740","zcta",2019,"food_rnk",52.624
"12741","zcta",2019,"food_rnk",90.1415
"12742","zcta",2019,"food_rnk",5.4303
"12743","zcta",2019,"food_rnk",41.9066
"12745","zcta",2019,"food_rnk",NA
"12746","zcta",2019,"food_rnk",92.0286
"12747","zcta",2019,"food_rnk",76.0208
"12748","zcta",2019,"food_rnk",65.0464
"12749","zcta",2019,"food_rnk",97.7029
"12750","zcta",2019,"food_rnk",89.7869
"12751","zcta",2019,"food_rnk",20.6995
"12752","zcta",2019,"food_rnk",89.8747
"12754","zcta",2019,"food_rnk",14.586
"12758","zcta",2019,"food_rnk",89.9854
"12759","zcta",2019,"food_rnk",3.8295
"12760","zcta",2019,"food_rnk",50.0472
"12762","zcta",2019,"food_rnk",10.9322
"12763","zcta",2019,"food_rnk",47.7762
"12764","zcta",2019,"food_rnk",73.1804
"12765","zcta",2019,"food_rnk",52.3377
"12766","zcta",2019,"food_rnk",66.8033
"12767","zcta",2019,"food_rnk",97.0652
"12768","zcta",2019,"food_rnk",14.3387
"12769","zcta",2019,"food_rnk",98.0966
"12770","zcta",2019,"food_rnk",52.0807
"12771","zcta",2019,"food_rnk",40.0163
"12775","zcta",2019,"food_rnk",87.1059
"12776","zcta",2019,"food_rnk",78.0543
"12777","zcta",2019,"food_rnk",90.0277
"12778","zcta",2019,"food_rnk",94.9894
"12779","zcta",2019,"food_rnk",54.6803
"12780","zcta",2019,"food_rnk",50.9777
"12781","zcta",2019,"food_rnk",98.0966
"12783","zcta",2019,"food_rnk",69.8324
"12784","zcta",2019,"food_rnk",NA
"12785","zcta",2019,"food_rnk",86.0322
"12786","zcta",2019,"food_rnk",98.3764
"12787","zcta",2019,"food_rnk",96.5804
"12788","zcta",2019,"food_rnk",40.7548
"12789","zcta",2019,"food_rnk",24.8088
"12790","zcta",2019,"food_rnk",41.1778
"12791","zcta",2019,"food_rnk",98.0641
"12792","zcta",2019,"food_rnk",93.3821
"12801","zcta",2019,"food_rnk",26.2112
"12803","zcta",2019,"food_rnk",63.8718
"12804","zcta",2019,"food_rnk",60.1236
"12808","zcta",2019,"food_rnk",84.8674
"12809","zcta",2019,"food_rnk",54.4623
"12810","zcta",2019,"food_rnk",63.1951
"12811","zcta",2019,"food_rnk",NA
"12812","zcta",2019,"food_rnk",92.7542
"12814","zcta",2019,"food_rnk",54.2281
"12815","zcta",2019,"food_rnk",59.4046
"12816","zcta",2019,"food_rnk",62.0823
"12817","zcta",2019,"food_rnk",92.6143
"12819","zcta",2019,"food_rnk",64.8056
"12821","zcta",2019,"food_rnk",NA
"12822","zcta",2019,"food_rnk",48.1243
"12823","zcta",2019,"food_rnk",95.5458
"12824","zcta",2019,"food_rnk",92.9852
"12827","zcta",2019,"food_rnk",73.0633
"12828","zcta",2019,"food_rnk",53.6164
"12831","zcta",2019,"food_rnk",66.3348
"12832","zcta",2019,"food_rnk",8.5408
"12833","zcta",2019,"food_rnk",69.9008
"12834","zcta",2019,"food_rnk",49.3607
"12835","zcta",2019,"food_rnk",49.891
"12836","zcta",2019,"food_rnk",35.1912
"12837","zcta",2019,"food_rnk",30.8378
"12838","zcta",2019,"food_rnk",61.4967
"12839","zcta",2019,"food_rnk",29.6144
"12841","zcta",2019,"food_rnk",80.3384
"12842","zcta",2019,"food_rnk",56.5739
"12843","zcta",2019,"food_rnk",53.0275
"12844","zcta",2019,"food_rnk",98.7799
"12845","zcta",2019,"food_rnk",81.3698
"12846","zcta",2019,"food_rnk",45.9151
"12847","zcta",2019,"food_rnk",94.1565
"12849","zcta",2019,"food_rnk",94.6315
"12850","zcta",2019,"food_rnk",23.6766
"12851","zcta",2019,"food_rnk",42.2255
"12852","zcta",2019,"food_rnk",62.7851
"12853","zcta",2019,"food_rnk",10.2912
"12855","zcta",2019,"food_rnk",71.1046
"12856","zcta",2019,"food_rnk",92.6306
"12857","zcta",2019,"food_rnk",62.1506
"12858","zcta",2019,"food_rnk",81.3698
"12859","zcta",2019,"food_rnk",60.4034
"12860","zcta",2019,"food_rnk",15.3473
"12861","zcta",2019,"food_rnk",71.4397
"12862","zcta",2019,"food_rnk",NA
"12863","zcta",2019,"food_rnk",37.8786
"12864","zcta",2019,"food_rnk",NA
"12865","zcta",2019,"food_rnk",33.8604
"12866","zcta",2019,"food_rnk",71.0656
"12870","zcta",2019,"food_rnk",49.2468
"12871","zcta",2019,"food_rnk",70.8443
"12872","zcta",2019,"food_rnk",NA
"12873","zcta",2019,"food_rnk",64.5681
"12874","zcta",2019,"food_rnk",96.177
"12878","zcta",2019,"food_rnk",41.0119
"12883","zcta",2019,"food_rnk",22.463
"12884","zcta",2019,"food_rnk",60.7516
"12885","zcta",2019,"food_rnk",53.727
"12886","zcta",2019,"food_rnk",28.3
"12887","zcta",2019,"food_rnk",35.2139
"12901","zcta",2019,"food_rnk",15.0122
"12903","zcta",2019,"food_rnk",88.7132
"12910","zcta",2019,"food_rnk",20.859
"12911","zcta",2019,"food_rnk",NA
"12912","zcta",2019,"food_rnk",59.1768
"12913","zcta",2019,"food_rnk",79.8145
"12914","zcta",2019,"food_rnk",29.4225
"12916","zcta",2019,"food_rnk",34.4786
"12917","zcta",2019,"food_rnk",45.5962
"12918","zcta",2019,"food_rnk",53.9255
"12919","zcta",2019,"food_rnk",17.3678
"12920","zcta",2019,"food_rnk",32.4549
"12921","zcta",2019,"food_rnk",39.7299
"12922","zcta",2019,"food_rnk",NA
"12923","zcta",2019,"food_rnk",41.3763
"12924","zcta",2019,"food_rnk",NA
"12926","zcta",2019,"food_rnk",29.4941
"12927","zcta",2019,"food_rnk",47.6493
"12928","zcta",2019,"food_rnk",29.1134
"12929","zcta",2019,"food_rnk",NA
"12930","zcta",2019,"food_rnk",32.4028
"12932","zcta",2019,"food_rnk",79.4762
"12933","zcta",2019,"food_rnk",NA
"12934","zcta",2019,"food_rnk",7.2588
"12935","zcta",2019,"food_rnk",22.0498
"12936","zcta",2019,"food_rnk",72.0221
"12937","zcta",2019,"food_rnk",19.9902
"12939","zcta",2019,"food_rnk",97.0555
"12941","zcta",2019,"food_rnk",93.0307
"12942","zcta",2019,"food_rnk",62.9478
"12943","zcta",2019,"food_rnk",78.9849
"12944","zcta",2019,"food_rnk",22.206
"12945","zcta",2019,"food_rnk",95.0122
"12946","zcta",2019,"food_rnk",34.0979
"12950","zcta",2019,"food_rnk",95.2074
"12952","zcta",2019,"food_rnk",34.4786
"12953","zcta",2019,"food_rnk",13.483
"12955","zcta",2019,"food_rnk",54.638
"12956","zcta",2019,"food_rnk",24.747
"12957","zcta",2019,"food_rnk",21.5585
"12958","zcta",2019,"food_rnk",40.0878
"12959","zcta",2019,"food_rnk",54.856
"12960","zcta",2019,"food_rnk",52.0124
"12961","zcta",2019,"food_rnk",1.0184
"12962","zcta",2019,"food_rnk",38.4318
"12964","zcta",2019,"food_rnk",90.0211
"12965","zcta",2019,"food_rnk",34.8365
"12966","zcta",2019,"food_rnk",29.3997
"12967","zcta",2019,"food_rnk",8.326
"12969","zcta",2019,"food_rnk",68.9442
"12970","zcta",2019,"food_rnk",NA
"12972","zcta",2019,"food_rnk",49.7771
"12973","zcta",2019,"food_rnk",91.7716
"12974","zcta",2019,"food_rnk",38.9979
"12975","zcta",2019,"food_rnk",73.4244
"12976","zcta",2019,"food_rnk",97.8656
"12977","zcta",2019,"food_rnk",NA
"12978","zcta",2019,"food_rnk",2.8925
"12979","zcta",2019,"food_rnk",29.891
"12980","zcta",2019,"food_rnk",33.5481
"12981","zcta",2019,"food_rnk",19.3623
"12983","zcta",2019,"food_rnk",33.3138
"12985","zcta",2019,"food_rnk",2.7786
"12986","zcta",2019,"food_rnk",37.4329
"12987","zcta",2019,"food_rnk",93.5936
"12989","zcta",2019,"food_rnk",76.6097
"12992","zcta",2019,"food_rnk",37.4687
"12993","zcta",2019,"food_rnk",56.3169
"12996","zcta",2019,"food_rnk",52.585
"12997","zcta",2019,"food_rnk",66.286
"12998","zcta",2019,"food_rnk",95.1749
"13020","zcta",2019,"food_rnk",NA
"13021","zcta",2019,"food_rnk",24.1549
"13024","zcta",2019,"food_rnk",NA
"13026","zcta",2019,"food_rnk",49.3249
"13027","zcta",2019,"food_rnk",64.4152
"13028","zcta",2019,"food_rnk",41.5617
"13029","zcta",2019,"food_rnk",35.7898
"13030","zcta",2019,"food_rnk",49.9366
"13031","zcta",2019,"food_rnk",82.7721
"13032","zcta",2019,"food_rnk",35.51
"13033","zcta",2019,"food_rnk",44.0247
"13034","zcta",2019,"food_rnk",58.0673
"13035","zcta",2019,"food_rnk",83.7872
"13036","zcta",2019,"food_rnk",29.6144
"13037","zcta",2019,"food_rnk",60.1236
"13039","zcta",2019,"food_rnk",81.6626
"13040","zcta",2019,"food_rnk",48.749
"13041","zcta",2019,"food_rnk",81.7277
"13042","zcta",2019,"food_rnk",63.2569
"13044","zcta",2019,"food_rnk",61.2266
"13045","zcta",2019,"food_rnk",24.0117
"13051","zcta",2019,"food_rnk",82.9738
"13052","zcta",2019,"food_rnk",15.4579
"13053","zcta",2019,"food_rnk",44.4152
"13054","zcta",2019,"food_rnk",14.3615
"13057","zcta",2019,"food_rnk",47.9909
"13060","zcta",2019,"food_rnk",59.9544
"13061","zcta",2019,"food_rnk",55.0578
"13062","zcta",2019,"food_rnk",NA
"13063","zcta",2019,"food_rnk",79.0239
"13064","zcta",2019,"food_rnk",81.4771
"13066","zcta",2019,"food_rnk",84.6885
"13068","zcta",2019,"food_rnk",24.8869
"13069","zcta",2019,"food_rnk",15.305
"13071","zcta",2019,"food_rnk",72.0742
"13072","zcta",2019,"food_rnk",21.6463
"13073","zcta",2019,"food_rnk",38.9686
"13074","zcta",2019,"food_rnk",37.1075
"13076","zcta",2019,"food_rnk",57.9144
"13077","zcta",2019,"food_rnk",54.9992
"13078","zcta",2019,"food_rnk",81.0932
"13080","zcta",2019,"food_rnk",61.8285
"13081","zcta",2019,"food_rnk",79.0239
"13082","zcta",2019,"food_rnk",68.6384
"13083","zcta",2019,"food_rnk",36.1249
"13084","zcta",2019,"food_rnk",75.7573
"13087","zcta",2019,"food_rnk",94.2899
"13088","zcta",2019,"food_rnk",61.8969
"13090","zcta",2019,"food_rnk",63.2569
"13092","zcta",2019,"food_rnk",47.5582
"13101","zcta",2019,"food_rnk",64.0475
"13102","zcta",2019,"food_rnk",NA
"13103","zcta",2019,"food_rnk",17.1075
"13104","zcta",2019,"food_rnk",81.9229
"13108","zcta",2019,"food_rnk",82.8697
"13110","zcta",2019,"food_rnk",70.5808
"13111","zcta",2019,"food_rnk",15.1586
"13112","zcta",2019,"food_rnk",53.9613
"13113","zcta",2019,"food_rnk",38.204
"13114","zcta",2019,"food_rnk",23.0194
"13115","zcta",2019,"food_rnk",13.8897
"13116","zcta",2019,"food_rnk",76.5414
"13117","zcta",2019,"food_rnk",5.0268
"13118","zcta",2019,"food_rnk",45.5279
"13120","zcta",2019,"food_rnk",58.5131
"13122","zcta",2019,"food_rnk",72.9039
"13123","zcta",2019,"food_rnk",0.1855
"13124","zcta",2019,"food_rnk",NA
"13126","zcta",2019,"food_rnk",22.4825
"13131","zcta",2019,"food_rnk",43.2601
"13132","zcta",2019,"food_rnk",25.3912
"13134","zcta",2019,"food_rnk",39.3948
"13135","zcta",2019,"food_rnk",22.6094
"13136","zcta",2019,"food_rnk",63.2927
"13138","zcta",2019,"food_rnk",NA
"13140","zcta",2019,"food_rnk",50.3856
"13141","zcta",2019,"food_rnk",87.3402
"13142","zcta",2019,"food_rnk",41.3372
"13143","zcta",2019,"food_rnk",46.2437
"13144","zcta",2019,"food_rnk",7.7501
"13145","zcta",2019,"food_rnk",25.9997
"13146","zcta",2019,"food_rnk",31.8009
"13147","zcta",2019,"food_rnk",63.5822
"13148","zcta",2019,"food_rnk",35.7898
"13152","zcta",2019,"food_rnk",81.3828
"13153","zcta",2019,"food_rnk",65.2741
"13155","zcta",2019,"food_rnk",35.5653
"13156","zcta",2019,"food_rnk",32.7412
"13157","zcta",2019,"food_rnk",11.033
"13158","zcta",2019,"food_rnk",28.723
"13159","zcta",2019,"food_rnk",63.4391
"13160","zcta",2019,"food_rnk",55.1554
"13162","zcta",2019,"food_rnk",92.7802
"13163","zcta",2019,"food_rnk",85.8858
"13164","zcta",2019,"food_rnk",78.0543
"13165","zcta",2019,"food_rnk",48.9702
"13166","zcta",2019,"food_rnk",65.9281
"13167","zcta",2019,"food_rnk",27.7404
"13202","zcta",2019,"food_rnk",1.4706
"13203","zcta",2019,"food_rnk",5.4596
"13204","zcta",2019,"food_rnk",2.1474
"13205","zcta",2019,"food_rnk",3.2829
"13206","zcta",2019,"food_rnk",10.6654
"13207","zcta",2019,"food_rnk",9.4973
"13208","zcta",2019,"food_rnk",3.8816
"13209","zcta",2019,"food_rnk",59.1768
"13210","zcta",2019,"food_rnk",NA
"13211","zcta",2019,"food_rnk",13.5058
"13212","zcta",2019,"food_rnk",40.9956
"13214","zcta",2019,"food_rnk",67.3011
"13215","zcta",2019,"food_rnk",80.2668
"13219","zcta",2019,"food_rnk",60.6019
"13224","zcta",2019,"food_rnk",18.1715
"13290","zcta",2019,"food_rnk",NA
"13301","zcta",2019,"food_rnk",94.1109
"13302","zcta",2019,"food_rnk",19.9349
"13303","zcta",2019,"food_rnk",80.654
"13304","zcta",2019,"food_rnk",48.9247
"13305","zcta",2019,"food_rnk",35.6239
"13308","zcta",2019,"food_rnk",17.0197
"13309","zcta",2019,"food_rnk",29.2012
"13310","zcta",2019,"food_rnk",97.3971
"13312","zcta",2019,"food_rnk",64.978
"13313","zcta",2019,"food_rnk",26.0387
"13314","zcta",2019,"food_rnk",42.0335
"13315","zcta",2019,"food_rnk",38.7408
"13316","zcta",2019,"food_rnk",46.4487
"13317","zcta",2019,"food_rnk",31.6187
"13318","zcta",2019,"food_rnk",77.8494
"13319","zcta",2019,"food_rnk",62.3914
"13320","zcta",2019,"food_rnk",44.708
"13321","zcta",2019,"food_rnk",47.4573
"13322","zcta",2019,"food_rnk",84.6624
"13323","zcta",2019,"food_rnk",64.8642
"13324","zcta",2019,"food_rnk",41.5617
"13325","zcta",2019,"food_rnk",46.4031
"13326","zcta",2019,"food_rnk",82.7233
"13327","zcta",2019,"food_rnk",68.5538
"13328","zcta",2019,"food_rnk",67.4931
"13329","zcta",2019,"food_rnk",22.5736
"13331","zcta",2019,"food_rnk",72.1165
"13332","zcta",2019,"food_rnk",30.1253
"13333","zcta",2019,"food_rnk",NA
"13334","zcta",2019,"food_rnk",19.1313
"13335","zcta",2019,"food_rnk",35.0643
"13337","zcta",2019,"food_rnk",47.5842
"13338","zcta",2019,"food_rnk",55.4937
"13339","zcta",2019,"food_rnk",38.4838
"13340","zcta",2019,"food_rnk",55.1554
"13341","zcta",2019,"food_rnk",97.9307
"13342","zcta",2019,"food_rnk",65.1537
"13343","zcta",2019,"food_rnk",46.9888
"13345","zcta",2019,"food_rnk",53.1056
"13346","zcta",2019,"food_rnk",67.6753
"13348","zcta",2019,"food_rnk",48.6058
"13350","zcta",2019,"food_rnk",26.3836
"13352","zcta",2019,"food_rnk",NA
"13353","zcta",2019,"food_rnk",NA
"13354","zcta",2019,"food_rnk",89.1134
"13355","zcta",2019,"food_rnk",70.5124
"13357","zcta",2019,"food_rnk",17.5858
"13360","zcta",2019,"food_rnk",86.1363
"13361","zcta",2019,"food_rnk",67.0506
"13362","zcta",2019,"food_rnk",97.0555
"13363","zcta",2019,"food_rnk",26.7675
"13364","zcta",2019,"food_rnk",NA
"13365","zcta",2019,"food_rnk",25.4043
"13367","zcta",2019,"food_rnk",38.2235
"13368","zcta",2019,"food_rnk",21.9652
"13402","zcta",2019,"food_rnk",43.8165
"13403","zcta",2019,"food_rnk",NA
"13404","zcta",2019,"food_rnk",63.2048
"13406","zcta",2019,"food_rnk",47.7371
"13407","zcta",2019,"food_rnk",51.8822
"13408","zcta",2019,"food_rnk",NA
"13409","zcta",2019,"food_rnk",56.818
"13410","zcta",2019,"food_rnk",84.4347
"13411","zcta",2019,"food_rnk",34.2606
"13413","zcta",2019,"food_rnk",86.7025
"13415","zcta",2019,"food_rnk",NA
"13416","zcta",2019,"food_rnk",63.0259
"13417","zcta",2019,"food_rnk",27.4605
"13418","zcta",2019,"food_rnk",51.3779
"13420","zcta",2019,"food_rnk",85.0854
"13421","zcta",2019,"food_rnk",19.9902
"13424","zcta",2019,"food_rnk",56.639
"13425","zcta",2019,"food_rnk",49.9138
"13428","zcta",2019,"food_rnk",31.6024
"13431","zcta",2019,"food_rnk",47.7078
"13433","zcta",2019,"food_rnk",21.2136
"13435","zcta",2019,"food_rnk",21.2592
"13436","zcta",2019,"food_rnk",NA
"13437","zcta",2019,"food_rnk",18.4285
"13438","zcta",2019,"food_rnk",50.9224
"13439","zcta",2019,"food_rnk",41.1127
"13440","zcta",2019,"food_rnk",18.0999
"13441","zcta",2019,"food_rnk",57.062
"13450","zcta",2019,"food_rnk",NA
"13452","zcta",2019,"food_rnk",27.6005
"13454","zcta",2019,"food_rnk",42.3231
"13456","zcta",2019,"food_rnk",80.5271
"13459","zcta",2019,"food_rnk",57.7029
"13460","zcta",2019,"food_rnk",33.8214
"13461","zcta",2019,"food_rnk",45.4335
"13464","zcta",2019,"food_rnk",11.8367
"13468","zcta",2019,"food_rnk",76.203
"13469","zcta",2019,"food_rnk",93.7726
"13470","zcta",2019,"food_rnk",31.1014
"13471","zcta",2019,"food_rnk",18.0023
"13472","zcta",2019,"food_rnk",NA
"13473","zcta",2019,"food_rnk",58.3146
"13475","zcta",2019,"food_rnk",NA
"13476","zcta",2019,"food_rnk",43.0161
"13477","zcta",2019,"food_rnk",93.1934
"13478","zcta",2019,"food_rnk",91.0688
"13480","zcta",2019,"food_rnk",42.5573
"13483","zcta",2019,"food_rnk",25.5312
"13484","zcta",2019,"food_rnk",97.6867
"13485","zcta",2019,"food_rnk",79.5673
"13486","zcta",2019,"food_rnk",44.1776
"13488","zcta",2019,"food_rnk",23.5302
"13489","zcta",2019,"food_rnk",60.7711
"13490","zcta",2019,"food_rnk",93.688
"13491","zcta",2019,"food_rnk",36.3299
"13492","zcta",2019,"food_rnk",60.2863
"13493","zcta",2019,"food_rnk",22.9348
"13494","zcta",2019,"food_rnk",54.7291
"13495","zcta",2019,"food_rnk",33.9385
"13501","zcta",2019,"food_rnk",4.8511
"13502","zcta",2019,"food_rnk",12.2857
"13601","zcta",2019,"food_rnk",11.6187
"13602","zcta",2019,"food_rnk",NA
"13603","zcta",2019,"food_rnk",77.2116
"13605","zcta",2019,"food_rnk",33.1511
"13606","zcta",2019,"food_rnk",50.7239
"13607","zcta",2019,"food_rnk",27.6493
"13608","zcta",2019,"food_rnk",17.306
"13612","zcta",2019,"food_rnk",65.3815
"13613","zcta",2019,"food_rnk",25.6353
"13614","zcta",2019,"food_rnk",24.1874
"13615","zcta",2019,"food_rnk",83.8783
"13616","zcta",2019,"food_rnk",38.3374
"13617","zcta",2019,"food_rnk",28.1894
"13618","zcta",2019,"food_rnk",72.777
"13619","zcta",2019,"food_rnk",29.891
"13620","zcta",2019,"food_rnk",25.1212
"13621","zcta",2019,"food_rnk",39.4501
"13622","zcta",2019,"food_rnk",41.2624
"13623","zcta",2019,"food_rnk",NA
"13624","zcta",2019,"food_rnk",45.3164
"13625","zcta",2019,"food_rnk",37.8949
"13626","zcta",2019,"food_rnk",21.5325
"13628","zcta",2019,"food_rnk",29.9984
"13630","zcta",2019,"food_rnk",34.7454
"13633","zcta",2019,"food_rnk",87.6037
"13634","zcta",2019,"food_rnk",32.2954
"13635","zcta",2019,"food_rnk",37.2149
"13636","zcta",2019,"food_rnk",15.4905
"13637","zcta",2019,"food_rnk",60.4034
"13638","zcta",2019,"food_rnk",86.9888
"13639","zcta",2019,"food_rnk",4.965
"13640","zcta",2019,"food_rnk",96.164
"13641","zcta",2019,"food_rnk",NA
"13642","zcta",2019,"food_rnk",22.6745
"13643","zcta",2019,"food_rnk",NA
"13646","zcta",2019,"food_rnk",26.4584
"13647","zcta",2019,"food_rnk",NA
"13648","zcta",2019,"food_rnk",49.0028
"13650","zcta",2019,"food_rnk",21.1355
"13651","zcta",2019,"food_rnk",NA
"13652","zcta",2019,"food_rnk",57.0848
"13654","zcta",2019,"food_rnk",44.1581
"13655","zcta",2019,"food_rnk",63.3545
"13656","zcta",2019,"food_rnk",25.2644
"13658","zcta",2019,"food_rnk",86.3153
"13659","zcta",2019,"food_rnk",24.1874
"13660","zcta",2019,"food_rnk",18.1715
"13661","zcta",2019,"food_rnk",66.1363
"13662","zcta",2019,"food_rnk",19.6258
"13664","zcta",2019,"food_rnk",13.9613
"13665","zcta",2019,"food_rnk",27.8705
"13666","zcta",2019,"food_rnk",37.0913
"13667","zcta",2019,"food_rnk",21.5585
"13668","zcta",2019,"food_rnk",53.5448
"13669","zcta",2019,"food_rnk",23.2569
"13670","zcta",2019,"food_rnk",9.5689
"13672","zcta",2019,"food_rnk",24.913
"13673","zcta",2019,"food_rnk",20.5043
"13674","zcta",2019,"food_rnk",94.5827
"13675","zcta",2019,"food_rnk",58.9621
"13676","zcta",2019,"food_rnk",46.735
"13677","zcta",2019,"food_rnk",NA
"13678","zcta",2019,"food_rnk",95.5718
"13679","zcta",2019,"food_rnk",21.2917
"13680","zcta",2019,"food_rnk",49.2012
"13681","zcta",2019,"food_rnk",37.6249
"13682","zcta",2019,"food_rnk",75.8712
"13684","zcta",2019,"food_rnk",37.4427
"13685","zcta",2019,"food_rnk",67.8803
"13687","zcta",2019,"food_rnk",57.2897
"13690","zcta",2019,"food_rnk",22.4109
"13691","zcta",2019,"food_rnk",19.1898
"13692","zcta",2019,"food_rnk",NA
"13693","zcta",2019,"food_rnk",33.8995
"13694","zcta",2019,"food_rnk",59.7104
"13695","zcta",2019,"food_rnk",NA
"13696","zcta",2019,"food_rnk",NA
"13697","zcta",2019,"food_rnk",43.0649
"13730","zcta",2019,"food_rnk",35.3441
"13731","zcta",2019,"food_rnk",58.5652
"13732","zcta",2019,"food_rnk",66.1786
"13733","zcta",2019,"food_rnk",29.5364
"13734","zcta",2019,"food_rnk",37.1075
"13736","zcta",2019,"food_rnk",37.4134
"13739","zcta",2019,"food_rnk",56.818
"13740","zcta",2019,"food_rnk",84.3143
"13743","zcta",2019,"food_rnk",24.8674
"13744","zcta",2019,"food_rnk",68.3358
"13746","zcta",2019,"food_rnk",51.417
"13748","zcta",2019,"food_rnk",57.973
"13750","zcta",2019,"food_rnk",5.9509
"13751","zcta",2019,"food_rnk",40.898
"13752","zcta",2019,"food_rnk",60.9305
"13753","zcta",2019,"food_rnk",28.8271
"13754","zcta",2019,"food_rnk",30.3367
"13755","zcta",2019,"food_rnk",46.7805
"13756","zcta",2019,"food_rnk",55.048
"13757","zcta",2019,"food_rnk",27.7892
"13760","zcta",2019,"food_rnk",35.7703
"13774","zcta",2019,"food_rnk",34.7194
"13775","zcta",2019,"food_rnk",41.3763
"13776","zcta",2019,"food_rnk",83.9174
"13777","zcta",2019,"food_rnk",73.8604
"13778","zcta",2019,"food_rnk",51.6284
"13780","zcta",2019,"food_rnk",73.688
"13782","zcta",2019,"food_rnk",62.707
"13783","zcta",2019,"food_rnk",49.699
"13784","zcta",2019,"food_rnk",97.6314
"13786","zcta",2019,"food_rnk",73.6489
"13787","zcta",2019,"food_rnk",16.8147
"13788","zcta",2019,"food_rnk",13.5546
"13790","zcta",2019,"food_rnk",20.5694
"13794","zcta",2019,"food_rnk",NA
"13795","zcta",2019,"food_rnk",40.6995
"13796","zcta",2019,"food_rnk",42.1474
"13797","zcta",2019,"food_rnk",29.2761
"13801","zcta",2019,"food_rnk",10.9224
"13802","zcta",2019,"food_rnk",18.5163
"13803","zcta",2019,"food_rnk",57.5858
"13804","zcta",2019,"food_rnk",27.5712
"13806","zcta",2019,"food_rnk",6.6992
"13807","zcta",2019,"food_rnk",64.5616
"13808","zcta",2019,"food_rnk",42.1897
"13809","zcta",2019,"food_rnk",21.8285
"13810","zcta",2019,"food_rnk",43.3805
"13811","zcta",2019,"food_rnk",46.1884
"13812","zcta",2019,"food_rnk",38.6628
"13813","zcta",2019,"food_rnk",19.9024
"13815","zcta",2019,"food_rnk",16.5381
"13820","zcta",2019,"food_rnk",33.021
"13825","zcta",2019,"food_rnk",39.6519
"13826","zcta",2019,"food_rnk",NA
"13827","zcta",2019,"food_rnk",37.1563
"13830","zcta",2019,"food_rnk",23.7872
"13832","zcta",2019,"food_rnk",52.0124
"13833","zcta",2019,"food_rnk",29.8552
"13834","zcta",2019,"food_rnk",62.1506
"13835","zcta",2019,"food_rnk",64.5616
"13838","zcta",2019,"food_rnk",16.1347
"13839","zcta",2019,"food_rnk",61.4967
"13841","zcta",2019,"food_rnk",27.0181
"13842","zcta",2019,"food_rnk",75.9167
"13843","zcta",2019,"food_rnk",35.0317
"13844","zcta",2019,"food_rnk",19.9284
"13845","zcta",2019,"food_rnk",76.9221
"13846","zcta",2019,"food_rnk",7.6102
"13847","zcta",2019,"food_rnk",NA
"13849","zcta",2019,"food_rnk",31.1469
"13850","zcta",2019,"food_rnk",69.8552
"13856","zcta",2019,"food_rnk",27.9356
"13859","zcta",2019,"food_rnk",91.0818
"13860","zcta",2019,"food_rnk",NA
"13861","zcta",2019,"food_rnk",94.9504
"13862","zcta",2019,"food_rnk",41.9717
"13863","zcta",2019,"food_rnk",8.967
"13864","zcta",2019,"food_rnk",20.7971
"13865","zcta",2019,"food_rnk",48.3358
"13901","zcta",2019,"food_rnk",13.5774
"13902","zcta",2019,"food_rnk",NA
"13903","zcta",2019,"food_rnk",10.7402
"13904","zcta",2019,"food_rnk",21.6463
"13905","zcta",2019,"food_rnk",14.8625
"14001","zcta",2019,"food_rnk",50.1253
"14004","zcta",2019,"food_rnk",91.1762
"14005","zcta",2019,"food_rnk",56.6097
"14006","zcta",2019,"food_rnk",22.3036
"14008","zcta",2019,"food_rnk",50.4929
"14009","zcta",2019,"food_rnk",43.2992
"14011","zcta",2019,"food_rnk",51.6284
"14012","zcta",2019,"food_rnk",49.3249
"14013","zcta",2019,"food_rnk",76.3397
"14020","zcta",2019,"food_rnk",32.9982
"14024","zcta",2019,"food_rnk",59.4046
"14025","zcta",2019,"food_rnk",80.5629
"14026","zcta",2019,"food_rnk",99.1671
"14028","zcta",2019,"food_rnk",71.3226
"14030","zcta",2019,"food_rnk",53.6717
"14031","zcta",2019,"food_rnk",81.9782
"14032","zcta",2019,"food_rnk",94.4298
"14033","zcta",2019,"food_rnk",78.383
"14034","zcta",2019,"food_rnk",NA
"14035","zcta",2019,"food_rnk",NA
"14036","zcta",2019,"food_rnk",55.6336
"14037","zcta",2019,"food_rnk",79.4501
"14039","zcta",2019,"food_rnk",NA
"14040","zcta",2019,"food_rnk",82.6419
"14041","zcta",2019,"food_rnk",3.8132
"14042","zcta",2019,"food_rnk",21.9066
"14043","zcta",2019,"food_rnk",61.3372
"14047","zcta",2019,"food_rnk",60.8362
"14048","zcta",2019,"food_rnk",7.2068
"14051","zcta",2019,"food_rnk",90.9842
"14052","zcta",2019,"food_rnk",82.8534
"14054","zcta",2019,"food_rnk",65.0984
"14055","zcta",2019,"food_rnk",79.2387
"14057","zcta",2019,"food_rnk",80.4034
"14058","zcta",2019,"food_rnk",59.59
"14059","zcta",2019,"food_rnk",81.0151
"14060","zcta",2019,"food_rnk",59.6226
"14061","zcta",2019,"food_rnk",8.5896
"14062","zcta",2019,"food_rnk",50.8411
"14063","zcta",2019,"food_rnk",32.4711
"14065","zcta",2019,"food_rnk",15.4742
"14066","zcta",2019,"food_rnk",40.9468
"14067","zcta",2019,"food_rnk",73.8084
"14068","zcta",2019,"food_rnk",63.8588
"14069","zcta",2019,"food_rnk",35.2725
"14070","zcta",2019,"food_rnk",18.0413
"14072","zcta",2019,"food_rnk",77.8233
"14075","zcta",2019,"food_rnk",71.8237
"14080","zcta",2019,"food_rnk",84.7861
"14081","zcta",2019,"food_rnk",22.5866
"14082","zcta",2019,"food_rnk",72.8323
"14085","zcta",2019,"food_rnk",96.6846
"14086","zcta",2019,"food_rnk",82.9738
"14091","zcta",2019,"food_rnk",19.3363
"14092","zcta",2019,"food_rnk",76.0436
"14094","zcta",2019,"food_rnk",38.5782
"14098","zcta",2019,"food_rnk",41.8285
"14101","zcta",2019,"food_rnk",47.2718
"14102","zcta",2019,"food_rnk",98.8417
"14103","zcta",2019,"food_rnk",39.4339
"14105","zcta",2019,"food_rnk",48.4334
"14108","zcta",2019,"food_rnk",51.9863
"14109","zcta",2019,"food_rnk",NA
"14111","zcta",2019,"food_rnk",68.788
"14112","zcta",2019,"food_rnk",81.5064
"14113","zcta",2019,"food_rnk",72.2173
"14120","zcta",2019,"food_rnk",50.6263
"14125","zcta",2019,"food_rnk",57.8429
"14126","zcta",2019,"food_rnk",77.5175
"14127","zcta",2019,"food_rnk",75.4254
"14129","zcta",2019,"food_rnk",39.6323
"14130","zcta",2019,"food_rnk",87.9714
"14131","zcta",2019,"food_rnk",81.5064
"14132","zcta",2019,"food_rnk",89.237
"14134","zcta",2019,"food_rnk",98.1519
"14135","zcta",2019,"food_rnk",95.253
"14136","zcta",2019,"food_rnk",37.0555
"14138","zcta",2019,"food_rnk",21.6301
"14139","zcta",2019,"food_rnk",71.2282
"14141","zcta",2019,"food_rnk",41.4446
"14143","zcta",2019,"food_rnk",79.8145
"14145","zcta",2019,"food_rnk",84.5974
"14150","zcta",2019,"food_rnk",38.6986
"14167","zcta",2019,"food_rnk",64.8934
"14168","zcta",2019,"food_rnk",NA
"14169","zcta",2019,"food_rnk",81.2722
"14170","zcta",2019,"food_rnk",90.4994
"14171","zcta",2019,"food_rnk",47.633
"14172","zcta",2019,"food_rnk",66.2404
"14173","zcta",2019,"food_rnk",34.5957
"14174","zcta",2019,"food_rnk",81.2234
"14201","zcta",2019,"food_rnk",1.0639
"14202","zcta",2019,"food_rnk",9.5624
"14203","zcta",2019,"food_rnk",3.9922
"14204","zcta",2019,"food_rnk",1.0444
"14206","zcta",2019,"food_rnk",6.7025
"14207","zcta",2019,"food_rnk",0.9858
"14208","zcta",2019,"food_rnk",1.373
"14209","zcta",2019,"food_rnk",10.5775
"14210","zcta",2019,"food_rnk",2.3882
"14211","zcta",2019,"food_rnk",1.1811
"14212","zcta",2019,"food_rnk",1.6333
"14213","zcta",2019,"food_rnk",0.7483
"14214","zcta",2019,"food_rnk",7.7924
"14215","zcta",2019,"food_rnk",1.9359
"14216","zcta",2019,"food_rnk",29.8259
"14217","zcta",2019,"food_rnk",30.2229
"14218","zcta",2019,"food_rnk",8.1796
"14219","zcta",2019,"food_rnk",45.4791
"14220","zcta",2019,"food_rnk",22.7493
"14221","zcta",2019,"food_rnk",71.7651
"14222","zcta",2019,"food_rnk",70.8248
"14223","zcta",2019,"food_rnk",49.5331
"14224","zcta",2019,"food_rnk",62.8306
"14225","zcta",2019,"food_rnk",28.8108
"14226","zcta",2019,"food_rnk",57.9502
"14227","zcta",2019,"food_rnk",69.6112
"14228","zcta",2019,"food_rnk",43.0649
"14261","zcta",2019,"food_rnk",NA
"14301","zcta",2019,"food_rnk",6.5626
"14302","zcta",2019,"food_rnk",NA
"14303","zcta",2019,"food_rnk",5.4368
"14304","zcta",2019,"food_rnk",54.3582
"14305","zcta",2019,"food_rnk",7.89
"14411","zcta",2019,"food_rnk",19.564
"14414","zcta",2019,"food_rnk",58.5489
"14415","zcta",2019,"food_rnk",50.4604
"14416","zcta",2019,"food_rnk",71.5211
"14418","zcta",2019,"food_rnk",65.4173
"14420","zcta",2019,"food_rnk",39.5054
"14422","zcta",2019,"food_rnk",85.1635
"14423","zcta",2019,"food_rnk",73.3854
"14424","zcta",2019,"food_rnk",63.823
"14425","zcta",2019,"food_rnk",51.8822
"14427","zcta",2019,"food_rnk",55.035
"14428","zcta",2019,"food_rnk",55.6044
"14432","zcta",2019,"food_rnk",46.5235
"14433","zcta",2019,"food_rnk",35.8712
"14435","zcta",2019,"food_rnk",66.5495
"14437","zcta",2019,"food_rnk",35.1131
"14441","zcta",2019,"food_rnk",23.0747
"14445","zcta",2019,"food_rnk",42.5573
"14450","zcta",2019,"food_rnk",71.8237
"14454","zcta",2019,"food_rnk",37.1075
"14456","zcta",2019,"food_rnk",22.066
"14462","zcta",2019,"food_rnk",61.7374
"14464","zcta",2019,"food_rnk",60.8362
"14466","zcta",2019,"food_rnk",39.1736
"14467","zcta",2019,"food_rnk",59.9122
"14468","zcta",2019,"food_rnk",75.8842
"14469","zcta",2019,"food_rnk",63.2178
"14470","zcta",2019,"food_rnk",43.4521
"14471","zcta",2019,"food_rnk",20.8102
"14472","zcta",2019,"food_rnk",91.5861
"14475","zcta",2019,"food_rnk",91.1014
"14476","zcta",2019,"food_rnk",56.5186
"14477","zcta",2019,"food_rnk",12.2759
"14478","zcta",2019,"food_rnk",NA
"14479","zcta",2019,"food_rnk",97.0262
"14480","zcta",2019,"food_rnk",5.2221
"14481","zcta",2019,"food_rnk",58.0348
"14482","zcta",2019,"food_rnk",51.4788
"14485","zcta",2019,"food_rnk",60.6019
"14486","zcta",2019,"food_rnk",70.9582
"14487","zcta",2019,"food_rnk",54.7161
"14489","zcta",2019,"food_rnk",37.1303
"14502","zcta",2019,"food_rnk",68.3097
"14504","zcta",2019,"food_rnk",65.0236
"14505","zcta",2019,"food_rnk",57.8429
"14506","zcta",2019,"food_rnk",89.3834
"14507","zcta",2019,"food_rnk",41.2006
"14510","zcta",2019,"food_rnk",15.5718
"14511","zcta",2019,"food_rnk",89.7218
"14512","zcta",2019,"food_rnk",57.4427
"14513","zcta",2019,"food_rnk",26.7252
"14514","zcta",2019,"food_rnk",62.3524
"14516","zcta",2019,"food_rnk",64.9195
"14517","zcta",2019,"food_rnk",20.1432
"14519","zcta",2019,"food_rnk",85.2839
"14521","zcta",2019,"food_rnk",51.0005
"14522","zcta",2019,"food_rnk",58.2788
"14525","zcta",2019,"food_rnk",86.4487
"14526","zcta",2019,"food_rnk",85.0268
"14527","zcta",2019,"food_rnk",62.2157
"14529","zcta",2019,"food_rnk",95.5068
"14530","zcta",2019,"food_rnk",45.9021
"14532","zcta",2019,"food_rnk",75.1651
"14533","zcta",2019,"food_rnk",83.5562
"14534","zcta",2019,"food_rnk",83.1723
"14536","zcta",2019,"food_rnk",44.7405
"14537","zcta",2019,"food_rnk",96.0664
"14539","zcta",2019,"food_rnk",NA
"14541","zcta",2019,"food_rnk",NA
"14542","zcta",2019,"food_rnk",NA
"14543","zcta",2019,"food_rnk",80.462
"14544","zcta",2019,"food_rnk",61.4218
"14545","zcta",2019,"food_rnk",63.2569
"14546","zcta",2019,"food_rnk",42.1214
"14548","zcta",2019,"food_rnk",30.8378
"14549","zcta",2019,"food_rnk",NA
"14550","zcta",2019,"food_rnk",25.8956
"14551","zcta",2019,"food_rnk",31.5764
"14555","zcta",2019,"food_rnk",67.7469
"14559","zcta",2019,"food_rnk",67.1222
"14560","zcta",2019,"food_rnk",57.524
"14561","zcta",2019,"food_rnk",59.59
"14564","zcta",2019,"food_rnk",80.7353
"14568","zcta",2019,"food_rnk",86.4812
"14569","zcta",2019,"food_rnk",53.1544
"14571","zcta",2019,"food_rnk",36.3885
"14572","zcta",2019,"food_rnk",56.0046
"14580","zcta",2019,"food_rnk",67.3955
"14585","zcta",2019,"food_rnk",NA
"14586","zcta",2019,"food_rnk",53.0015
"14588","zcta",2019,"food_rnk",NA
"14589","zcta",2019,"food_rnk",24.6429
"14590","zcta",2019,"food_rnk",31.3454
"14591","zcta",2019,"food_rnk",51.2347
"14592","zcta",2019,"food_rnk",NA
"14604","zcta",2019,"food_rnk",46.1331
"14605","zcta",2019,"food_rnk",0.4457
"14606","zcta",2019,"food_rnk",10.7662
"14607","zcta",2019,"food_rnk",31.9863
"14608","zcta",2019,"food_rnk",0.423
"14609","zcta",2019,"food_rnk",6.8456
"14610","zcta",2019,"food_rnk",83.5952
"14611","zcta",2019,"food_rnk",0.8622
"14612","zcta",2019,"food_rnk",51.7195
"14613","zcta",2019,"food_rnk",1.3014
"14614","zcta",2019,"food_rnk",NA
"14615","zcta",2019,"food_rnk",9.5331
"14616","zcta",2019,"food_rnk",22.0335
"14617","zcta",2019,"food_rnk",77.4687
"14618","zcta",2019,"food_rnk",86.1461
"14619","zcta",2019,"food_rnk",4.298
"14620","zcta",2019,"food_rnk",27.1092
"14621","zcta",2019,"food_rnk",0.9793
"14622","zcta",2019,"food_rnk",43.2764
"14623","zcta",2019,"food_rnk",36.3202
"14624","zcta",2019,"food_rnk",52.7217
"14625","zcta",2019,"food_rnk",81.0574
"14626","zcta",2019,"food_rnk",47.5289
"14627","zcta",2019,"food_rnk",NA
"14701","zcta",2019,"food_rnk",7.2686
"14706","zcta",2019,"food_rnk",51.1111
"14707","zcta",2019,"food_rnk",89.0483
"14708","zcta",2019,"food_rnk",54.5372
"14709","zcta",2019,"food_rnk",37.2149
"14710","zcta",2019,"food_rnk",52.624
"14711","zcta",2019,"food_rnk",46.4487
"14712","zcta",2019,"food_rnk",86.1005
"14714","zcta",2019,"food_rnk",68.788
"14715","zcta",2019,"food_rnk",23.5432
"14716","zcta",2019,"food_rnk",18.7051
"14717","zcta",2019,"food_rnk",67.2361
"14718","zcta",2019,"food_rnk",44.5551
"14719","zcta",2019,"food_rnk",44.0865
"14720","zcta",2019,"food_rnk",18.9914
"14721","zcta",2019,"food_rnk",25.5051
"14722","zcta",2019,"food_rnk",NA
"14723","zcta",2019,"food_rnk",54.2671
"14724","zcta",2019,"food_rnk",71.7976
"14726","zcta",2019,"food_rnk",36.0891
"14727","zcta",2019,"food_rnk",42.7265
"14728","zcta",2019,"food_rnk",89.8259
"14729","zcta",2019,"food_rnk",91.033
"14731","zcta",2019,"food_rnk",63.0844
"14732","zcta",2019,"food_rnk",59.9902
"14733","zcta",2019,"food_rnk",42.7395
"14735","zcta",2019,"food_rnk",20.9989
"14736","zcta",2019,"food_rnk",61.0997
"14737","zcta",2019,"food_rnk",22.1311
"14738","zcta",2019,"food_rnk",37.5077
"14739","zcta",2019,"food_rnk",10.9712
"14740","zcta",2019,"food_rnk",37.7387
"14741","zcta",2019,"food_rnk",47.7078
"14742","zcta",2019,"food_rnk",NA
"14743","zcta",2019,"food_rnk",21.617
"14744","zcta",2019,"food_rnk",NA
"14747","zcta",2019,"food_rnk",36.6911
"14748","zcta",2019,"food_rnk",5.2513
"14750","zcta",2019,"food_rnk",49.455
"14752","zcta",2019,"food_rnk",16.6911
"14753","zcta",2019,"food_rnk",16.177
"14754","zcta",2019,"food_rnk",24.4932
"14755","zcta",2019,"food_rnk",25.0691
"14756","zcta",2019,"food_rnk",NA
"14757","zcta",2019,"food_rnk",55.1196
"14760","zcta",2019,"food_rnk",23.8653
"14767","zcta",2019,"food_rnk",39.2712
"14769","zcta",2019,"food_rnk",11.5341
"14770","zcta",2019,"food_rnk",28.3911
"14772","zcta",2019,"food_rnk",43.5074
"14774","zcta",2019,"food_rnk",NA
"14775","zcta",2019,"food_rnk",26.2762
"14777","zcta",2019,"food_rnk",9.5526
"14778","zcta",2019,"food_rnk",NA
"14779","zcta",2019,"food_rnk",7.6232
"14781","zcta",2019,"food_rnk",54.0817
"14782","zcta",2019,"food_rnk",20.6898
"14783","zcta",2019,"food_rnk",32.1002
"14784","zcta",2019,"food_rnk",43.7417
"14787","zcta",2019,"food_rnk",38.0316
"14788","zcta",2019,"food_rnk",NA
"14801","zcta",2019,"food_rnk",44.0247
"14802","zcta",2019,"food_rnk",NA
"14803","zcta",2019,"food_rnk",49.9886
"14804","zcta",2019,"food_rnk",32.2792
"14805","zcta",2019,"food_rnk",50.5905
"14806","zcta",2019,"food_rnk",31.2998
"14807","zcta",2019,"food_rnk",64.2004
"14808","zcta",2019,"food_rnk",83.5399
"14809","zcta",2019,"food_rnk",45.3424
"14810","zcta",2019,"food_rnk",18.8547
"14812","zcta",2019,"food_rnk",43.335
"14813","zcta",2019,"food_rnk",26.1005
"14814","zcta",2019,"food_rnk",95.318
"14815","zcta",2019,"food_rnk",37.5826
"14816","zcta",2019,"food_rnk",86.0322
"14817","zcta",2019,"food_rnk",72.7184
"14818","zcta",2019,"food_rnk",64.2362
"14819","zcta",2019,"food_rnk",31.6024
"14820","zcta",2019,"food_rnk",41.0379
"14821","zcta",2019,"food_rnk",37.3125
"14822","zcta",2019,"food_rnk",52.2922
"14823","zcta",2019,"food_rnk",41.9977
"14824","zcta",2019,"food_rnk",77.4394
"14825","zcta",2019,"food_rnk",89.8259
"14826","zcta",2019,"food_rnk",34.9081
"14827","zcta",2019,"food_rnk",97.6509
"14830","zcta",2019,"food_rnk",47.9909
"14836","zcta",2019,"food_rnk",71.3226
"14837","zcta",2019,"food_rnk",32.8485
"14838","zcta",2019,"food_rnk",54.5372
"14839","zcta",2019,"food_rnk",37.1726
"14840","zcta",2019,"food_rnk",68.1633
"14841","zcta",2019,"food_rnk",91.0688
"14842","zcta",2019,"food_rnk",88.8108
"14843","zcta",2019,"food_rnk",24.6657
"14845","zcta",2019,"food_rnk",62.668
"14846","zcta",2019,"food_rnk",48.8694
"14847","zcta",2019,"food_rnk",62.515
"14850","zcta",2019,"food_rnk",41.1518
"14853","zcta",2019,"food_rnk",NA
"14854","zcta",2019,"food_rnk",NA
"14855","zcta",2019,"food_rnk",71.7976
"14856","zcta",2019,"food_rnk",0.5661
"14858","zcta",2019,"food_rnk",51.5699
"14859","zcta",2019,"food_rnk",50.4929
"14860","zcta",2019,"food_rnk",71.5959
"14861","zcta",2019,"food_rnk",22.7493
"14864","zcta",2019,"food_rnk",38.1812
"14865","zcta",2019,"food_rnk",25.7199
"14867","zcta",2019,"food_rnk",36.3299
"14869","zcta",2019,"food_rnk",34.1598
"14870","zcta",2019,"food_rnk",62.4239
"14871","zcta",2019,"food_rnk",72.6956
"14872","zcta",2019,"food_rnk",49.3249
"14873","zcta",2019,"food_rnk",36.8342
"14874","zcta",2019,"food_rnk",36.7692
"14877","zcta",2019,"food_rnk",45.2221
"14878","zcta",2019,"food_rnk",39.525
"14879","zcta",2019,"food_rnk",39.7072
"14880","zcta",2019,"food_rnk",27.3532
"14881","zcta",2019,"food_rnk",94.0394
"14882","zcta",2019,"food_rnk",56.5186
"14883","zcta",2019,"food_rnk",26.5658
"14884","zcta",2019,"food_rnk",24.2622
"14885","zcta",2019,"food_rnk",27.4508
"14886","zcta",2019,"food_rnk",55.3994
"14889","zcta",2019,"food_rnk",42.9771
"14891","zcta",2019,"food_rnk",26.3348
"14892","zcta",2019,"food_rnk",26.3576
"14893","zcta",2019,"food_rnk",NA
"14894","zcta",2019,"food_rnk",23.2113
"14895","zcta",2019,"food_rnk",36.1152
"14897","zcta",2019,"food_rnk",25.7361
"14898","zcta",2019,"food_rnk",58.5131
"14901","zcta",2019,"food_rnk",5.0464
"14903","zcta",2019,"food_rnk",55.9558
"14904","zcta",2019,"food_rnk",12.38
"14905","zcta",2019,"food_rnk",40.3742
"06390","zcta",2019,"food_rnk",99.1671
"10001","zcta",2019,"food_state_rnk",29.4189
"10002","zcta",2019,"food_state_rnk",2.845
"10003","zcta",2019,"food_state_rnk",45.1574
"10004","zcta",2019,"food_state_rnk",81.2651
"10005","zcta",2019,"food_state_rnk",77.4516
"10006","zcta",2019,"food_state_rnk",84.8668
"10007","zcta",2019,"food_state_rnk",72.3971
"10009","zcta",2019,"food_state_rnk",7.2034
"10010","zcta",2019,"food_state_rnk",42.04
"10011","zcta",2019,"food_state_rnk",40.678
"10012","zcta",2019,"food_state_rnk",58.5956
"10013","zcta",2019,"food_state_rnk",27.4213
"10014","zcta",2019,"food_state_rnk",66.707
"10016","zcta",2019,"food_state_rnk",49.1223
"10017","zcta",2019,"food_state_rnk",63.3777
"10018","zcta",2019,"food_state_rnk",39.6489
"10019","zcta",2019,"food_state_rnk",29.7215
"10020","zcta",2019,"food_state_rnk",NA
"10021","zcta",2019,"food_state_rnk",64.5278
"10022","zcta",2019,"food_state_rnk",68.523
"10023","zcta",2019,"food_state_rnk",35.3814
"10024","zcta",2019,"food_state_rnk",44.1586
"10025","zcta",2019,"food_state_rnk",12.3487
"10026","zcta",2019,"food_state_rnk",16.4649
"10027","zcta",2019,"food_state_rnk",11.8947
"10028","zcta",2019,"food_state_rnk",64.3765
"10029","zcta",2019,"food_state_rnk",2.4213
"10030","zcta",2019,"food_state_rnk",3.2082
"10031","zcta",2019,"food_state_rnk",4.4189
"10032","zcta",2019,"food_state_rnk",2.724
"10033","zcta",2019,"food_state_rnk",4.8426
"10034","zcta",2019,"food_state_rnk",3.3293
"10035","zcta",2019,"food_state_rnk",7.9903
"10036","zcta",2019,"food_state_rnk",28.178
"10037","zcta",2019,"food_state_rnk",8.8983
"10038","zcta",2019,"food_state_rnk",11.6223
"10039","zcta",2019,"food_state_rnk",5.2663
"10040","zcta",2019,"food_state_rnk",3.8741
"10044","zcta",2019,"food_state_rnk",55.9322
"10065","zcta",2019,"food_state_rnk",64.4673
"10069","zcta",2019,"food_state_rnk",80.8111
"10075","zcta",2019,"food_state_rnk",77.7845
"10103","zcta",2019,"food_state_rnk",NA
"10110","zcta",2019,"food_state_rnk",NA
"10111","zcta",2019,"food_state_rnk",NA
"10112","zcta",2019,"food_state_rnk",NA
"10115","zcta",2019,"food_state_rnk",NA
"10119","zcta",2019,"food_state_rnk",NA
"10128","zcta",2019,"food_state_rnk",45.5206
"10152","zcta",2019,"food_state_rnk",NA
"10153","zcta",2019,"food_state_rnk",NA
"10154","zcta",2019,"food_state_rnk",NA
"10162","zcta",2019,"food_state_rnk",91.1622
"10165","zcta",2019,"food_state_rnk",NA
"10167","zcta",2019,"food_state_rnk",NA
"10168","zcta",2019,"food_state_rnk",NA
"10169","zcta",2019,"food_state_rnk",NA
"10170","zcta",2019,"food_state_rnk",NA
"10171","zcta",2019,"food_state_rnk",NA
"10172","zcta",2019,"food_state_rnk",NA
"10173","zcta",2019,"food_state_rnk",NA
"10174","zcta",2019,"food_state_rnk",NA
"10177","zcta",2019,"food_state_rnk",NA
"10199","zcta",2019,"food_state_rnk",NA
"10271","zcta",2019,"food_state_rnk",NA
"10278","zcta",2019,"food_state_rnk",NA
"10279","zcta",2019,"food_state_rnk",NA
"10280","zcta",2019,"food_state_rnk",68.4625
"10282","zcta",2019,"food_state_rnk",71.5496
"10301","zcta",2019,"food_state_rnk",11.7736
"10302","zcta",2019,"food_state_rnk",18.4019
"10303","zcta",2019,"food_state_rnk",12.8329
"10304","zcta",2019,"food_state_rnk",7.8692
"10305","zcta",2019,"food_state_rnk",36.8039
"10306","zcta",2019,"food_state_rnk",46.247
"10307","zcta",2019,"food_state_rnk",81.477
"10308","zcta",2019,"food_state_rnk",71.6707
"10309","zcta",2019,"food_state_rnk",70.5206
"10310","zcta",2019,"food_state_rnk",18.2809
"10311","zcta",2019,"food_state_rnk",NA
"10312","zcta",2019,"food_state_rnk",62.1671
"10314","zcta",2019,"food_state_rnk",42.5847
"10451","zcta",2019,"food_state_rnk",2.6634
"10452","zcta",2019,"food_state_rnk",0.8475
"10453","zcta",2019,"food_state_rnk",0.2421
"10454","zcta",2019,"food_state_rnk",0.4237
"10455","zcta",2019,"food_state_rnk",0.7869
"10456","zcta",2019,"food_state_rnk",0.5448
"10457","zcta",2019,"food_state_rnk",0.4843
"10458","zcta",2019,"food_state_rnk",0.3027
"10459","zcta",2019,"food_state_rnk",1.816
"10460","zcta",2019,"food_state_rnk",0.6659
"10461","zcta",2019,"food_state_rnk",14.3462
"10462","zcta",2019,"food_state_rnk",6.3559
"10463","zcta",2019,"food_state_rnk",7.5666
"10464","zcta",2019,"food_state_rnk",10.7748
"10465","zcta",2019,"food_state_rnk",26.8765
"10466","zcta",2019,"food_state_rnk",5.7506
"10467","zcta",2019,"food_state_rnk",2.7845
"10468","zcta",2019,"food_state_rnk",1.3317
"10469","zcta",2019,"food_state_rnk",10.5024
"10470","zcta",2019,"food_state_rnk",17.5545
"10471","zcta",2019,"food_state_rnk",55.8111
"10472","zcta",2019,"food_state_rnk",2.0581
"10473","zcta",2019,"food_state_rnk",4.1162
"10474","zcta",2019,"food_state_rnk",1.4528
"10475","zcta",2019,"food_state_rnk",18.6743
"10501","zcta",2019,"food_state_rnk",99.6368
"10502","zcta",2019,"food_state_rnk",71.368
"10503","zcta",2019,"food_state_rnk",82.9298
"10504","zcta",2019,"food_state_rnk",97.6392
"10505","zcta",2019,"food_state_rnk",51.7554
"10506","zcta",2019,"food_state_rnk",98.063
"10507","zcta",2019,"food_state_rnk",71.4891
"10509","zcta",2019,"food_state_rnk",68.7046
"10510","zcta",2019,"food_state_rnk",91.707
"10511","zcta",2019,"food_state_rnk",96.368
"10512","zcta",2019,"food_state_rnk",70.2179
"10514","zcta",2019,"food_state_rnk",95.7022
"10516","zcta",2019,"food_state_rnk",91.2833
"10517","zcta",2019,"food_state_rnk",96.3075
"10518","zcta",2019,"food_state_rnk",98.4867
"10519","zcta",2019,"food_state_rnk",99.7579
"10520","zcta",2019,"food_state_rnk",78.5714
"10522","zcta",2019,"food_state_rnk",90.3148
"10523","zcta",2019,"food_state_rnk",63.862
"10524","zcta",2019,"food_state_rnk",91.8281
"10526","zcta",2019,"food_state_rnk",99.0315
"10527","zcta",2019,"food_state_rnk",99.6973
"10528","zcta",2019,"food_state_rnk",86.3499
"10530","zcta",2019,"food_state_rnk",75.9685
"10532","zcta",2019,"food_state_rnk",88.6804
"10533","zcta",2019,"food_state_rnk",95.5811
"10535","zcta",2019,"food_state_rnk",4.1768
"10536","zcta",2019,"food_state_rnk",98.3959
"10537","zcta",2019,"food_state_rnk",62.2579
"10538","zcta",2019,"food_state_rnk",94.8547
"10541","zcta",2019,"food_state_rnk",82.0521
"10543","zcta",2019,"food_state_rnk",68.0387
"10545","zcta",2019,"food_state_rnk",NA
"10546","zcta",2019,"food_state_rnk",86.7736
"10547","zcta",2019,"food_state_rnk",61.0775
"10548","zcta",2019,"food_state_rnk",70.7627
"10549","zcta",2019,"food_state_rnk",67.2518
"10550","zcta",2019,"food_state_rnk",9.3826
"10552","zcta",2019,"food_state_rnk",36.4407
"10553","zcta",2019,"food_state_rnk",38.9225
"10560","zcta",2019,"food_state_rnk",90.9201
"10562","zcta",2019,"food_state_rnk",63.5896
"10566","zcta",2019,"food_state_rnk",32.9903
"10567","zcta",2019,"food_state_rnk",76.1199
"10570","zcta",2019,"food_state_rnk",91.4649
"10573","zcta",2019,"food_state_rnk",56.9007
"10576","zcta",2019,"food_state_rnk",98.184
"10577","zcta",2019,"food_state_rnk",NA
"10578","zcta",2019,"food_state_rnk",93.0387
"10579","zcta",2019,"food_state_rnk",81.2651
"10580","zcta",2019,"food_state_rnk",87.4092
"10583","zcta",2019,"food_state_rnk",79.1465
"10588","zcta",2019,"food_state_rnk",94.7942
"10589","zcta",2019,"food_state_rnk",69.8547
"10590","zcta",2019,"food_state_rnk",87.2276
"10591","zcta",2019,"food_state_rnk",54.3584
"10594","zcta",2019,"food_state_rnk",73.1538
"10595","zcta",2019,"food_state_rnk",90.799
"10596","zcta",2019,"food_state_rnk",89.6489
"10597","zcta",2019,"food_state_rnk",80.3269
"10598","zcta",2019,"food_state_rnk",80.9322
"10601","zcta",2019,"food_state_rnk",55.4479
"10603","zcta",2019,"food_state_rnk",59.2918
"10604","zcta",2019,"food_state_rnk",59.4431
"10605","zcta",2019,"food_state_rnk",70.0969
"10606","zcta",2019,"food_state_rnk",60.109
"10607","zcta",2019,"food_state_rnk",83.7167
"10701","zcta",2019,"food_state_rnk",6.4467
"10703","zcta",2019,"food_state_rnk",22.3971
"10704","zcta",2019,"food_state_rnk",52.3002
"10705","zcta",2019,"food_state_rnk",6.9007
"10706","zcta",2019,"food_state_rnk",82.6877
"10707","zcta",2019,"food_state_rnk",79.6005
"10708","zcta",2019,"food_state_rnk",78.3898
"10709","zcta",2019,"food_state_rnk",92.7361
"10710","zcta",2019,"food_state_rnk",61.8341
"10801","zcta",2019,"food_state_rnk",24.6973
"10803","zcta",2019,"food_state_rnk",75.0605
"10804","zcta",2019,"food_state_rnk",92.8874
"10805","zcta",2019,"food_state_rnk",36.3801
"10901","zcta",2019,"food_state_rnk",77.5424
"10910","zcta",2019,"food_state_rnk",NA
"10911","zcta",2019,"food_state_rnk",NA
"10913","zcta",2019,"food_state_rnk",86.1985
"10914","zcta",2019,"food_state_rnk",80.0545
"10915","zcta",2019,"food_state_rnk",NA
"10916","zcta",2019,"food_state_rnk",87.0157
"10917","zcta",2019,"food_state_rnk",88.1961
"10918","zcta",2019,"food_state_rnk",76.6344
"10919","zcta",2019,"food_state_rnk",95.0363
"10920","zcta",2019,"food_state_rnk",87.4697
"10921","zcta",2019,"food_state_rnk",84.0194
"10922","zcta",2019,"food_state_rnk",84.9274
"10923","zcta",2019,"food_state_rnk",50.2421
"10924","zcta",2019,"food_state_rnk",64.9213
"10925","zcta",2019,"food_state_rnk",89.77
"10926","zcta",2019,"food_state_rnk",49.2131
"10927","zcta",2019,"food_state_rnk",5.9927
"10928","zcta",2019,"food_state_rnk",83.2324
"10930","zcta",2019,"food_state_rnk",64.0436
"10931","zcta",2019,"food_state_rnk",47.276
"10932","zcta",2019,"food_state_rnk",80.2663
"10933","zcta",2019,"food_state_rnk",3.9952
"10940","zcta",2019,"food_state_rnk",27.9056
"10941","zcta",2019,"food_state_rnk",60.8959
"10950","zcta",2019,"food_state_rnk",9.322
"10952","zcta",2019,"food_state_rnk",7.7482
"10953","zcta",2019,"food_state_rnk",97.7906
"10954","zcta",2019,"food_state_rnk",68.4019
"10956","zcta",2019,"food_state_rnk",78.3898
"10958","zcta",2019,"food_state_rnk",90.6174
"10960","zcta",2019,"food_state_rnk",59.9274
"10962","zcta",2019,"food_state_rnk",89.5884
"10963","zcta",2019,"food_state_rnk",71.9734
"10964","zcta",2019,"food_state_rnk",95.0969
"10965","zcta",2019,"food_state_rnk",74.0315
"10968","zcta",2019,"food_state_rnk",95.6416
"10969","zcta",2019,"food_state_rnk",98.7893
"10970","zcta",2019,"food_state_rnk",32.2639
"10973","zcta",2019,"food_state_rnk",46.368
"10974","zcta",2019,"food_state_rnk",92.9782
"10975","zcta",2019,"food_state_rnk",100
"10976","zcta",2019,"food_state_rnk",62.3789
"10977","zcta",2019,"food_state_rnk",6.6586
"10979","zcta",2019,"food_state_rnk",77.6937
"10980","zcta",2019,"food_state_rnk",63.6804
"10983","zcta",2019,"food_state_rnk",86.2591
"10984","zcta",2019,"food_state_rnk",69.431
"10985","zcta",2019,"food_state_rnk",80.2058
"10986","zcta",2019,"food_state_rnk",81.7797
"10987","zcta",2019,"food_state_rnk",85.4116
"10988","zcta",2019,"food_state_rnk",35.563
"10989","zcta",2019,"food_state_rnk",82.1731
"10990","zcta",2019,"food_state_rnk",81.7191
"10992","zcta",2019,"food_state_rnk",77.6937
"10993","zcta",2019,"food_state_rnk",22.7603
"10994","zcta",2019,"food_state_rnk",94.2797
"10996","zcta",2019,"food_state_rnk",NA
"10998","zcta",2019,"food_state_rnk",62.7724
"11001","zcta",2019,"food_state_rnk",73.6683
"11003","zcta",2019,"food_state_rnk",55.9927
"11004","zcta",2019,"food_state_rnk",72.5182
"11005","zcta",2019,"food_state_rnk",73.7288
"11010","zcta",2019,"food_state_rnk",75.5448
"11020","zcta",2019,"food_state_rnk",88.0751
"11021","zcta",2019,"food_state_rnk",81.6586
"11023","zcta",2019,"food_state_rnk",74.8487
"11024","zcta",2019,"food_state_rnk",78.6622
"11030","zcta",2019,"food_state_rnk",93.8862
"11040","zcta",2019,"food_state_rnk",69.0678
"11042","zcta",2019,"food_state_rnk",NA
"11050","zcta",2019,"food_state_rnk",78.9346
"11096","zcta",2019,"food_state_rnk",33.9588
"11101","zcta",2019,"food_state_rnk",12.8935
"11102","zcta",2019,"food_state_rnk",14.6489
"11103","zcta",2019,"food_state_rnk",38.6199
"11104","zcta",2019,"food_state_rnk",41.9492
"11105","zcta",2019,"food_state_rnk",35.9262
"11106","zcta",2019,"food_state_rnk",13.6199
"11109","zcta",2019,"food_state_rnk",87.8935
"11201","zcta",2019,"food_state_rnk",24.1828
"11203","zcta",2019,"food_state_rnk",12.046
"11204","zcta",2019,"food_state_rnk",7.1429
"11205","zcta",2019,"food_state_rnk",4.6005
"11206","zcta",2019,"food_state_rnk",1.2107
"11207","zcta",2019,"food_state_rnk",2.6029
"11208","zcta",2019,"food_state_rnk",3.8136
"11209","zcta",2019,"food_state_rnk",26.6344
"11210","zcta",2019,"food_state_rnk",15.3148
"11211","zcta",2019,"food_state_rnk",3.1477
"11212","zcta",2019,"food_state_rnk",1.5738
"11213","zcta",2019,"food_state_rnk",3.6925
"11214","zcta",2019,"food_state_rnk",6.7797
"11215","zcta",2019,"food_state_rnk",42.9177
"11216","zcta",2019,"food_state_rnk",8.8378
"11217","zcta",2019,"food_state_rnk",18.2203
"11218","zcta",2019,"food_state_rnk",11.138
"11219","zcta",2019,"food_state_rnk",2.2397
"11220","zcta",2019,"food_state_rnk",4.7215
"11221","zcta",2019,"food_state_rnk",4.2978
"11222","zcta",2019,"food_state_rnk",34.776
"11223","zcta",2019,"food_state_rnk",6.9613
"11224","zcta",2019,"food_state_rnk",2.9661
"11225","zcta",2019,"food_state_rnk",9.6852
"11226","zcta",2019,"food_state_rnk",4.3584
"11228","zcta",2019,"food_state_rnk",23.0024
"11229","zcta",2019,"food_state_rnk",10.109
"11230","zcta",2019,"food_state_rnk",8.0508
"11231","zcta",2019,"food_state_rnk",12.5605
"11232","zcta",2019,"food_state_rnk",8.5956
"11233","zcta",2019,"food_state_rnk",4.2373
"11234","zcta",2019,"food_state_rnk",21.247
"11235","zcta",2019,"food_state_rnk",9.201
"11236","zcta",2019,"food_state_rnk",10.8354
"11237","zcta",2019,"food_state_rnk",3.2688
"11238","zcta",2019,"food_state_rnk",21.8523
"11239","zcta",2019,"food_state_rnk",5.4479
"11351","zcta",2019,"food_state_rnk",NA
"11354","zcta",2019,"food_state_rnk",23.9709
"11355","zcta",2019,"food_state_rnk",17.7361
"11356","zcta",2019,"food_state_rnk",38.6804
"11357","zcta",2019,"food_state_rnk",58.2324
"11358","zcta",2019,"food_state_rnk",50.3632
"11359","zcta",2019,"food_state_rnk",NA
"11360","zcta",2019,"food_state_rnk",70.9443
"11361","zcta",2019,"food_state_rnk",62.8935
"11362","zcta",2019,"food_state_rnk",72.2155
"11363","zcta",2019,"food_state_rnk",76.9976
"11364","zcta",2019,"food_state_rnk",62.6513
"11365","zcta",2019,"food_state_rnk",39.891
"11366","zcta",2019,"food_state_rnk",53.2688
"11367","zcta",2019,"food_state_rnk",27.3002
"11368","zcta",2019,"food_state_rnk",3.632
"11369","zcta",2019,"food_state_rnk",24.2736
"11370","zcta",2019,"food_state_rnk",34.0799
"11371","zcta",2019,"food_state_rnk",NA
"11372","zcta",2019,"food_state_rnk",21.0654
"11373","zcta",2019,"food_state_rnk",11.1985
"11374","zcta",2019,"food_state_rnk",31.6889
"11375","zcta",2019,"food_state_rnk",43.4927
"11377","zcta",2019,"food_state_rnk",30.6901
"11378","zcta",2019,"food_state_rnk",45.3692
"11379","zcta",2019,"food_state_rnk",57.8087
"11385","zcta",2019,"food_state_rnk",25.7869
"11411","zcta",2019,"food_state_rnk",50.908
"11412","zcta",2019,"food_state_rnk",26.816
"11413","zcta",2019,"food_state_rnk",33.5956
"11414","zcta",2019,"food_state_rnk",51.937
"11415","zcta",2019,"food_state_rnk",55.7506
"11416","zcta",2019,"food_state_rnk",21.0048
"11417","zcta",2019,"food_state_rnk",29.8426
"11418","zcta",2019,"food_state_rnk",25.2119
"11419","zcta",2019,"food_state_rnk",17.9782
"11420","zcta",2019,"food_state_rnk",25.8475
"11421","zcta",2019,"food_state_rnk",22.5182
"11422","zcta",2019,"food_state_rnk",26.6949
"11423","zcta",2019,"food_state_rnk",33.8983
"11424","zcta",2019,"food_state_rnk",NA
"11425","zcta",2019,"food_state_rnk",NA
"11426","zcta",2019,"food_state_rnk",64.6186
"11427","zcta",2019,"food_state_rnk",56.6586
"11428","zcta",2019,"food_state_rnk",54.4794
"11429","zcta",2019,"food_state_rnk",31.6889
"11430","zcta",2019,"food_state_rnk",NA
"11432","zcta",2019,"food_state_rnk",19.431
"11433","zcta",2019,"food_state_rnk",9.9274
"11434","zcta",2019,"food_state_rnk",22.9419
"11435","zcta",2019,"food_state_rnk",20.2179
"11436","zcta",2019,"food_state_rnk",21.4286
"11451","zcta",2019,"food_state_rnk",NA
"11501","zcta",2019,"food_state_rnk",83.1114
"11507","zcta",2019,"food_state_rnk",89.2857
"11509","zcta",2019,"food_state_rnk",48.9104
"11510","zcta",2019,"food_state_rnk",76.6344
"11514","zcta",2019,"food_state_rnk",94.6126
"11516","zcta",2019,"food_state_rnk",95.8232
"11518","zcta",2019,"food_state_rnk",89.1041
"11520","zcta",2019,"food_state_rnk",39.2857
"11530","zcta",2019,"food_state_rnk",86.138
"11542","zcta",2019,"food_state_rnk",65.4358
"11545","zcta",2019,"food_state_rnk",88.0145
"11547","zcta",2019,"food_state_rnk",99.2736
"11548","zcta",2019,"food_state_rnk",NA
"11549","zcta",2019,"food_state_rnk",NA
"11550","zcta",2019,"food_state_rnk",14.2252
"11552","zcta",2019,"food_state_rnk",66.5557
"11553","zcta",2019,"food_state_rnk",61.138
"11554","zcta",2019,"food_state_rnk",72.276
"11556","zcta",2019,"food_state_rnk",NA
"11557","zcta",2019,"food_state_rnk",89.7094
"11558","zcta",2019,"food_state_rnk",66.7978
"11559","zcta",2019,"food_state_rnk",83.4746
"11560","zcta",2019,"food_state_rnk",97.8814
"11561","zcta",2019,"food_state_rnk",67.9782
"11563","zcta",2019,"food_state_rnk",85.4722
"11565","zcta",2019,"food_state_rnk",79.3281
"11566","zcta",2019,"food_state_rnk",87.954
"11568","zcta",2019,"food_state_rnk",94.4915
"11569","zcta",2019,"food_state_rnk",99.3341
"11570","zcta",2019,"food_state_rnk",68.7651
"11572","zcta",2019,"food_state_rnk",74.2736
"11575","zcta",2019,"food_state_rnk",50.8475
"11576","zcta",2019,"food_state_rnk",94.0678
"11577","zcta",2019,"food_state_rnk",88.9528
"11579","zcta",2019,"food_state_rnk",73.6077
"11580","zcta",2019,"food_state_rnk",74.4552
"11581","zcta",2019,"food_state_rnk",81.0835
"11590","zcta",2019,"food_state_rnk",67.9177
"11596","zcta",2019,"food_state_rnk",90.5266
"11598","zcta",2019,"food_state_rnk",78.1477
"11691","zcta",2019,"food_state_rnk",3.9346
"11692","zcta",2019,"food_state_rnk",5.2058
"11693","zcta",2019,"food_state_rnk",10.4116
"11694","zcta",2019,"food_state_rnk",59.8668
"11697","zcta",2019,"food_state_rnk",91.6465
"11701","zcta",2019,"food_state_rnk",30.5387
"11702","zcta",2019,"food_state_rnk",75.3632
"11703","zcta",2019,"food_state_rnk",59.5339
"11704","zcta",2019,"food_state_rnk",39.7094
"11705","zcta",2019,"food_state_rnk",73.4867
"11706","zcta",2019,"food_state_rnk",23.4262
"11709","zcta",2019,"food_state_rnk",92.8874
"11710","zcta",2019,"food_state_rnk",83.5351
"11713","zcta",2019,"food_state_rnk",28.4504
"11714","zcta",2019,"food_state_rnk",85.6538
"11715","zcta",2019,"food_state_rnk",88.7409
"11716","zcta",2019,"food_state_rnk",85.8354
"11717","zcta",2019,"food_state_rnk",26.2409
"11718","zcta",2019,"food_state_rnk",88.8015
"11719","zcta",2019,"food_state_rnk",69.3099
"11720","zcta",2019,"food_state_rnk",61.5012
"11721","zcta",2019,"food_state_rnk",89.4068
"11722","zcta",2019,"food_state_rnk",26.3923
"11724","zcta",2019,"food_state_rnk",95.914
"11725","zcta",2019,"food_state_rnk",81.3559
"11726","zcta",2019,"food_state_rnk",26.7554
"11727","zcta",2019,"food_state_rnk",50.5448
"11729","zcta",2019,"food_state_rnk",50.9685
"11730","zcta",2019,"food_state_rnk",68.2809
"11731","zcta",2019,"food_state_rnk",75.7567
"11732","zcta",2019,"food_state_rnk",79.661
"11733","zcta",2019,"food_state_rnk",91.0412
"11735","zcta",2019,"food_state_rnk",73.8801
"11738","zcta",2019,"food_state_rnk",65.6477
"11739","zcta",2019,"food_state_rnk",99.5157
"11740","zcta",2019,"food_state_rnk",69.431
"11741","zcta",2019,"food_state_rnk",72.9419
"11742","zcta",2019,"food_state_rnk",84.9879
"11743","zcta",2019,"food_state_rnk",70.6416
"11746","zcta",2019,"food_state_rnk",44.0073
"11747","zcta",2019,"food_state_rnk",86.7736
"11749","zcta",2019,"food_state_rnk",77.6029
"11751","zcta",2019,"food_state_rnk",80.5085
"11752","zcta",2019,"food_state_rnk",61.7433
"11753","zcta",2019,"food_state_rnk",91.3438
"11754","zcta",2019,"food_state_rnk",89.5278
"11755","zcta",2019,"food_state_rnk",75.8475
"11756","zcta",2019,"food_state_rnk",70.3995
"11757","zcta",2019,"food_state_rnk",58.8983
"11758","zcta",2019,"food_state_rnk",74.8487
"11762","zcta",2019,"food_state_rnk",85.2906
"11763","zcta",2019,"food_state_rnk",47.609
"11764","zcta",2019,"food_state_rnk",81.0835
"11765","zcta",2019,"food_state_rnk",93.4019
"11766","zcta",2019,"food_state_rnk",85.5327
"11767","zcta",2019,"food_state_rnk",89.8305
"11768","zcta",2019,"food_state_rnk",82.7785
"11769","zcta",2019,"food_state_rnk",86.8644
"11770","zcta",2019,"food_state_rnk",NA
"11771","zcta",2019,"food_state_rnk",92.3123
"11772","zcta",2019,"food_state_rnk",54.7215
"11776","zcta",2019,"food_state_rnk",61.0169
"11777","zcta",2019,"food_state_rnk",88.9528
"11778","zcta",2019,"food_state_rnk",75.6659
"11779","zcta",2019,"food_state_rnk",60.1695
"11780","zcta",2019,"food_state_rnk",76.4225
"11782","zcta",2019,"food_state_rnk",80.8717
"11783","zcta",2019,"food_state_rnk",79.4492
"11784","zcta",2019,"food_state_rnk",60.23
"11786","zcta",2019,"food_state_rnk",71.2772
"11787","zcta",2019,"food_state_rnk",71.4286
"11788","zcta",2019,"food_state_rnk",76.3317
"11789","zcta",2019,"food_state_rnk",63.4383
"11790","zcta",2019,"food_state_rnk",89.0436
"11791","zcta",2019,"food_state_rnk",85.109
"11792","zcta",2019,"food_state_rnk",79.8426
"11793","zcta",2019,"food_state_rnk",87.8329
"11794","zcta",2019,"food_state_rnk",NA
"11795","zcta",2019,"food_state_rnk",73.5472
"11796","zcta",2019,"food_state_rnk",92.4939
"11797","zcta",2019,"food_state_rnk",97.2155
"11798","zcta",2019,"food_state_rnk",12.7724
"11801","zcta",2019,"food_state_rnk",67.7663
"11803","zcta",2019,"food_state_rnk",82.8692
"11804","zcta",2019,"food_state_rnk",87.3487
"11901","zcta",2019,"food_state_rnk",60.8354
"11930","zcta",2019,"food_state_rnk",87.7724
"11931","zcta",2019,"food_state_rnk",NA
"11932","zcta",2019,"food_state_rnk",83.9588
"11933","zcta",2019,"food_state_rnk",63.0751
"11934","zcta",2019,"food_state_rnk",65.1634
"11935","zcta",2019,"food_state_rnk",99.2131
"11937","zcta",2019,"food_state_rnk",84.6247
"11939","zcta",2019,"food_state_rnk",94.3705
"11940","zcta",2019,"food_state_rnk",81.4165
"11941","zcta",2019,"food_state_rnk",95.1574
"11942","zcta",2019,"food_state_rnk",82.9903
"11944","zcta",2019,"food_state_rnk",43.6138
"11946","zcta",2019,"food_state_rnk",69.5823
"11947","zcta",2019,"food_state_rnk",82.2942
"11948","zcta",2019,"food_state_rnk",99.8184
"11949","zcta",2019,"food_state_rnk",71.0654
"11950","zcta",2019,"food_state_rnk",25.908
"11951","zcta",2019,"food_state_rnk",16.586
"11952","zcta",2019,"food_state_rnk",97.4576
"11953","zcta",2019,"food_state_rnk",56.2651
"11954","zcta",2019,"food_state_rnk",92.6755
"11955","zcta",2019,"food_state_rnk",91.1017
"11956","zcta",2019,"food_state_rnk",85.0484
"11957","zcta",2019,"food_state_rnk",78.0872
"11958","zcta",2019,"food_state_rnk",99.092
"11959","zcta",2019,"food_state_rnk",74.1828
"11960","zcta",2019,"food_state_rnk",98.6077
"11961","zcta",2019,"food_state_rnk",53.0266
"11962","zcta",2019,"food_state_rnk",70.8838
"11963","zcta",2019,"food_state_rnk",89.9213
"11964","zcta",2019,"food_state_rnk",90.678
"11965","zcta",2019,"food_state_rnk",80.6295
"11967","zcta",2019,"food_state_rnk",32.6271
"11968","zcta",2019,"food_state_rnk",93.523
"11970","zcta",2019,"food_state_rnk",48.9709
"11971","zcta",2019,"food_state_rnk",93.4625
"11972","zcta",2019,"food_state_rnk",29.1768
"11973","zcta",2019,"food_state_rnk",NA
"11975","zcta",2019,"food_state_rnk",99.8789
"11976","zcta",2019,"food_state_rnk",97.7906
"11977","zcta",2019,"food_state_rnk",98.3959
"11978","zcta",2019,"food_state_rnk",88.4685
"11980","zcta",2019,"food_state_rnk",86.0169
"12007","zcta",2019,"food_state_rnk",NA
"12008","zcta",2019,"food_state_rnk",98.1235
"12009","zcta",2019,"food_state_rnk",72.0339
"12010","zcta",2019,"food_state_rnk",8.5351
"12015","zcta",2019,"food_state_rnk",62.954
"12017","zcta",2019,"food_state_rnk",68.6441
"12018","zcta",2019,"food_state_rnk",69.2494
"12019","zcta",2019,"food_state_rnk",83.8075
"12020","zcta",2019,"food_state_rnk",53.5109
"12022","zcta",2019,"food_state_rnk",76.816
"12023","zcta",2019,"food_state_rnk",51.9976
"12024","zcta",2019,"food_state_rnk",NA
"12025","zcta",2019,"food_state_rnk",44.6731
"12027","zcta",2019,"food_state_rnk",79.8426
"12028","zcta",2019,"food_state_rnk",70.339
"12029","zcta",2019,"food_state_rnk",83.8075
"12031","zcta",2019,"food_state_rnk",19.7337
"12032","zcta",2019,"food_state_rnk",72.3366
"12033","zcta",2019,"food_state_rnk",84.6852
"12035","zcta",2019,"food_state_rnk",48.5472
"12036","zcta",2019,"food_state_rnk",27.5424
"12037","zcta",2019,"food_state_rnk",78.8136
"12040","zcta",2019,"food_state_rnk",5.3874
"12041","zcta",2019,"food_state_rnk",63.2869
"12042","zcta",2019,"food_state_rnk",78.8136
"12043","zcta",2019,"food_state_rnk",32.8692
"12045","zcta",2019,"food_state_rnk",41.5254
"12046","zcta",2019,"food_state_rnk",89.3462
"12047","zcta",2019,"food_state_rnk",16.4044
"12051","zcta",2019,"food_state_rnk",NA
"12052","zcta",2019,"food_state_rnk",43.9467
"12053","zcta",2019,"food_state_rnk",63.9831
"12054","zcta",2019,"food_state_rnk",78.6622
"12056","zcta",2019,"food_state_rnk",46.7615
"12057","zcta",2019,"food_state_rnk",83.0508
"12058","zcta",2019,"food_state_rnk",45.2785
"12059","zcta",2019,"food_state_rnk",65.2542
"12060","zcta",2019,"food_state_rnk",84.3826
"12061","zcta",2019,"food_state_rnk",69.7942
"12062","zcta",2019,"food_state_rnk",45.0969
"12063","zcta",2019,"food_state_rnk",98.7288
"12064","zcta",2019,"food_state_rnk",19.885
"12065","zcta",2019,"food_state_rnk",70.0363
"12066","zcta",2019,"food_state_rnk",45.9443
"12067","zcta",2019,"food_state_rnk",84.1404
"12068","zcta",2019,"food_state_rnk",52.6029
"12069","zcta",2019,"food_state_rnk",0.0605
"12070","zcta",2019,"food_state_rnk",54.6308
"12071","zcta",2019,"food_state_rnk",9.8668
"12072","zcta",2019,"food_state_rnk",43.8257
"12074","zcta",2019,"food_state_rnk",61.9249
"12075","zcta",2019,"food_state_rnk",49.8184
"12076","zcta",2019,"food_state_rnk",44.2494
"12077","zcta",2019,"food_state_rnk",91.7676
"12078","zcta",2019,"food_state_rnk",17.2518
"12083","zcta",2019,"food_state_rnk",84.5642
"12084","zcta",2019,"food_state_rnk",91.9492
"12085","zcta",2019,"food_state_rnk",22.0944
"12086","zcta",2019,"food_state_rnk",61.8341
"12087","zcta",2019,"food_state_rnk",82.6271
"12089","zcta",2019,"food_state_rnk",NA
"12090","zcta",2019,"food_state_rnk",37.954
"12092","zcta",2019,"food_state_rnk",60.3511
"12093","zcta",2019,"food_state_rnk",18.1295
"12094","zcta",2019,"food_state_rnk",79.3281
"12095","zcta",2019,"food_state_rnk",39.5884
"12106","zcta",2019,"food_state_rnk",81.1743
"12108","zcta",2019,"food_state_rnk",98.9407
"12110","zcta",2019,"food_state_rnk",64.1041
"12115","zcta",2019,"food_state_rnk",NA
"12116","zcta",2019,"food_state_rnk",20.7627
"12117","zcta",2019,"food_state_rnk",46.6102
"12118","zcta",2019,"food_state_rnk",56.5073
"12120","zcta",2019,"food_state_rnk",84.7458
"12121","zcta",2019,"food_state_rnk",83.8983
"12122","zcta",2019,"food_state_rnk",28.0266
"12123","zcta",2019,"food_state_rnk",66.7978
"12124","zcta",2019,"food_state_rnk",99.5763
"12125","zcta",2019,"food_state_rnk",52.5424
"12130","zcta",2019,"food_state_rnk",24.3947
"12131","zcta",2019,"food_state_rnk",NA
"12132","zcta",2019,"food_state_rnk",98.5472
"12134","zcta",2019,"food_state_rnk",43.2809
"12136","zcta",2019,"food_state_rnk",45.5811
"12137","zcta",2019,"food_state_rnk",51.1804
"12138","zcta",2019,"food_state_rnk",51.1804
"12139","zcta",2019,"food_state_rnk",67.6755
"12140","zcta",2019,"food_state_rnk",82.5666
"12143","zcta",2019,"food_state_rnk",53.6925
"12144","zcta",2019,"food_state_rnk",50.0605
"12147","zcta",2019,"food_state_rnk",50.7264
"12148","zcta",2019,"food_state_rnk",93.3414
"12149","zcta",2019,"food_state_rnk",20.0363
"12150","zcta",2019,"food_state_rnk",69.1586
"12151","zcta",2019,"food_state_rnk",86.5012
"12153","zcta",2019,"food_state_rnk",95.2179
"12154","zcta",2019,"food_state_rnk",63.4988
"12155","zcta",2019,"food_state_rnk",17.7966
"12156","zcta",2019,"food_state_rnk",97.0339
"12157","zcta",2019,"food_state_rnk",42.1913
"12158","zcta",2019,"food_state_rnk",72.4576
"12159","zcta",2019,"food_state_rnk",80.6901
"12160","zcta",2019,"food_state_rnk",10.5932
"12161","zcta",2019,"food_state_rnk",99.1525
"12164","zcta",2019,"food_state_rnk",98.9407
"12165","zcta",2019,"food_state_rnk",82.5061
"12166","zcta",2019,"food_state_rnk",54.2373
"12167","zcta",2019,"food_state_rnk",10.2906
"12168","zcta",2019,"food_state_rnk",77.1792
"12169","zcta",2019,"food_state_rnk",81.5375
"12170","zcta",2019,"food_state_rnk",48.7288
"12172","zcta",2019,"food_state_rnk",95.7627
"12173","zcta",2019,"food_state_rnk",50.6356
"12174","zcta",2019,"food_state_rnk",41.2228
"12175","zcta",2019,"food_state_rnk",56.5073
"12176","zcta",2019,"food_state_rnk",73.2446
"12177","zcta",2019,"food_state_rnk",95.914
"12180","zcta",2019,"food_state_rnk",13.6804
"12182","zcta",2019,"food_state_rnk",23.1235
"12183","zcta",2019,"food_state_rnk",30.1453
"12184","zcta",2019,"food_state_rnk",53.3898
"12185","zcta",2019,"food_state_rnk",79.8426
"12186","zcta",2019,"food_state_rnk",84.2615
"12187","zcta",2019,"food_state_rnk",25.6053
"12188","zcta",2019,"food_state_rnk",54.8123
"12189","zcta",2019,"food_state_rnk",22.8208
"12190","zcta",2019,"food_state_rnk",51.3015
"12192","zcta",2019,"food_state_rnk",69.0073
"12193","zcta",2019,"food_state_rnk",58.5351
"12194","zcta",2019,"food_state_rnk",28.2688
"12195","zcta",2019,"food_state_rnk",15.0121
"12196","zcta",2019,"food_state_rnk",78.8136
"12197","zcta",2019,"food_state_rnk",43.4019
"12198","zcta",2019,"food_state_rnk",84.8063
"12202","zcta",2019,"food_state_rnk",1.6949
"12203","zcta",2019,"food_state_rnk",62.7119
"12204","zcta",2019,"food_state_rnk",12.2881
"12205","zcta",2019,"food_state_rnk",46.8826
"12206","zcta",2019,"food_state_rnk",2.1186
"12207","zcta",2019,"food_state_rnk",1.9976
"12208","zcta",2019,"food_state_rnk",51.3923
"12209","zcta",2019,"food_state_rnk",9.2615
"12210","zcta",2019,"food_state_rnk",3.3898
"12211","zcta",2019,"food_state_rnk",85.5932
"12222","zcta",2019,"food_state_rnk",NA
"12302","zcta",2019,"food_state_rnk",64.1646
"12303","zcta",2019,"food_state_rnk",31.2954
"12304","zcta",2019,"food_state_rnk",22.276
"12305","zcta",2019,"food_state_rnk",13.0751
"12306","zcta",2019,"food_state_rnk",45.8232
"12307","zcta",2019,"food_state_rnk",2.4818
"12308","zcta",2019,"food_state_rnk",11.3801
"12309","zcta",2019,"food_state_rnk",74.1828
"12401","zcta",2019,"food_state_rnk",13.862
"12404","zcta",2019,"food_state_rnk",30.0242
"12405","zcta",2019,"food_state_rnk",48.4867
"12406","zcta",2019,"food_state_rnk",2.3608
"12407","zcta",2019,"food_state_rnk",55.0847
"12409","zcta",2019,"food_state_rnk",98.2748
"12410","zcta",2019,"food_state_rnk",48.3656
"12411","zcta",2019,"food_state_rnk",25
"12412","zcta",2019,"food_state_rnk",60.563
"12413","zcta",2019,"food_state_rnk",26.5133
"12414","zcta",2019,"food_state_rnk",49.9395
"12416","zcta",2019,"food_state_rnk",90.224
"12417","zcta",2019,"food_state_rnk",66.3741
"12418","zcta",2019,"food_state_rnk",96.6707
"12419","zcta",2019,"food_state_rnk",7.6877
"12420","zcta",2019,"food_state_rnk",76.0291
"12421","zcta",2019,"food_state_rnk",31.8402
"12422","zcta",2019,"food_state_rnk",55.3571
"12423","zcta",2019,"food_state_rnk",49.2736
"12424","zcta",2019,"food_state_rnk",98.2748
"12427","zcta",2019,"food_state_rnk",NA
"12428","zcta",2019,"food_state_rnk",11.4407
"12429","zcta",2019,"food_state_rnk",7.6271
"12430","zcta",2019,"food_state_rnk",14.8305
"12431","zcta",2019,"food_state_rnk",84.5036
"12432","zcta",2019,"food_state_rnk",33.8378
"12433","zcta",2019,"food_state_rnk",93.7046
"12434","zcta",2019,"food_state_rnk",40.5569
"12435","zcta",2019,"food_state_rnk",96.9734
"12436","zcta",2019,"food_state_rnk",NA
"12438","zcta",2019,"food_state_rnk",NA
"12439","zcta",2019,"food_state_rnk",90.0121
"12440","zcta",2019,"food_state_rnk",61.1985
"12441","zcta",2019,"food_state_rnk",NA
"12442","zcta",2019,"food_state_rnk",62.0157
"12443","zcta",2019,"food_state_rnk",70.7022
"12444","zcta",2019,"food_state_rnk",89.1646
"12446","zcta",2019,"food_state_rnk",38.0145
"12448","zcta",2019,"food_state_rnk",97.6998
"12449","zcta",2019,"food_state_rnk",65.799
"12450","zcta",2019,"food_state_rnk",72.609
"12451","zcta",2019,"food_state_rnk",94.9153
"12452","zcta",2019,"food_state_rnk",27.3608
"12453","zcta",2019,"food_state_rnk",84.322
"12454","zcta",2019,"food_state_rnk",67.3729
"12455","zcta",2019,"food_state_rnk",37.2881
"12456","zcta",2019,"food_state_rnk",42.04
"12457","zcta",2019,"food_state_rnk",94.431
"12458","zcta",2019,"food_state_rnk",22.8814
"12459","zcta",2019,"food_state_rnk",55.6901
"12460","zcta",2019,"food_state_rnk",17.4939
"12461","zcta",2019,"food_state_rnk",89.9213
"12463","zcta",2019,"food_state_rnk",62.4697
"12464","zcta",2019,"food_state_rnk",67.5545
"12465","zcta",2019,"food_state_rnk",33.6562
"12466","zcta",2019,"food_state_rnk",87.5303
"12468","zcta",2019,"food_state_rnk",46.3075
"12469","zcta",2019,"food_state_rnk",68.8257
"12470","zcta",2019,"food_state_rnk",95.4903
"12471","zcta",2019,"food_state_rnk",92.1308
"12472","zcta",2019,"food_state_rnk",48.0327
"12473","zcta",2019,"food_state_rnk",95.339
"12474","zcta",2019,"food_state_rnk",80.9927
"12475","zcta",2019,"food_state_rnk",1.8765
"12477","zcta",2019,"food_state_rnk",41.0109
"12480","zcta",2019,"food_state_rnk",46.4891
"12481","zcta",2019,"food_state_rnk",73.3051
"12482","zcta",2019,"food_state_rnk",90.4358
"12483","zcta",2019,"food_state_rnk",94.9758
"12484","zcta",2019,"food_state_rnk",76.6344
"12485","zcta",2019,"food_state_rnk",72.609
"12486","zcta",2019,"food_state_rnk",58.1114
"12487","zcta",2019,"food_state_rnk",92.7966
"12489","zcta",2019,"food_state_rnk",NA
"12490","zcta",2019,"food_state_rnk",NA
"12491","zcta",2019,"food_state_rnk",26.0896
"12492","zcta",2019,"food_state_rnk",96.4286
"12493","zcta",2019,"food_state_rnk",98.0024
"12494","zcta",2019,"food_state_rnk",97.276
"12495","zcta",2019,"food_state_rnk",79.8426
"12496","zcta",2019,"food_state_rnk",53.632
"12498","zcta",2019,"food_state_rnk",49.4552
"12501","zcta",2019,"food_state_rnk",40.3753
"12502","zcta",2019,"food_state_rnk",47.8208
"12503","zcta",2019,"food_state_rnk",78.9952
"12504","zcta",2019,"food_state_rnk",NA
"12507","zcta",2019,"food_state_rnk",93.2203
"12508","zcta",2019,"food_state_rnk",32.385
"12512","zcta",2019,"food_state_rnk",80.0545
"12513","zcta",2019,"food_state_rnk",95.4903
"12514","zcta",2019,"food_state_rnk",94.1889
"12515","zcta",2019,"food_state_rnk",75.3632
"12516","zcta",2019,"food_state_rnk",30.9322
"12517","zcta",2019,"food_state_rnk",18.1295
"12518","zcta",2019,"food_state_rnk",83.414
"12520","zcta",2019,"food_state_rnk",71.7918
"12521","zcta",2019,"food_state_rnk",85.1695
"12522","zcta",2019,"food_state_rnk",36.0169
"12523","zcta",2019,"food_state_rnk",64.2252
"12524","zcta",2019,"food_state_rnk",58.293
"12525","zcta",2019,"food_state_rnk",94.2797
"12526","zcta",2019,"food_state_rnk",83.293
"12527","zcta",2019,"food_state_rnk",NA
"12528","zcta",2019,"food_state_rnk",49.3947
"12529","zcta",2019,"food_state_rnk",53.8741
"12530","zcta",2019,"food_state_rnk",NA
"12531","zcta",2019,"food_state_rnk",55.2058
"12533","zcta",2019,"food_state_rnk",65.8596
"12534","zcta",2019,"food_state_rnk",15.3753
"12538","zcta",2019,"food_state_rnk",45.46
"12540","zcta",2019,"food_state_rnk",86.0775
"12542","zcta",2019,"food_state_rnk",77.9964
"12543","zcta",2019,"food_state_rnk",56.8099
"12545","zcta",2019,"food_state_rnk",64.77
"12546","zcta",2019,"food_state_rnk",66.9492
"12547","zcta",2019,"food_state_rnk",76.4225
"12548","zcta",2019,"food_state_rnk",91.8886
"12549","zcta",2019,"food_state_rnk",66.8886
"12550","zcta",2019,"food_state_rnk",19.6429
"12553","zcta",2019,"food_state_rnk",68.8862
"12561","zcta",2019,"food_state_rnk",65.0726
"12563","zcta",2019,"food_state_rnk",84.201
"12564","zcta",2019,"food_state_rnk",59.7458
"12565","zcta",2019,"food_state_rnk",11.5617
"12566","zcta",2019,"food_state_rnk",58.1719
"12567","zcta",2019,"food_state_rnk",38.7409
"12569","zcta",2019,"food_state_rnk",61.6223
"12570","zcta",2019,"food_state_rnk",90.224
"12571","zcta",2019,"food_state_rnk",65.7385
"12572","zcta",2019,"food_state_rnk",68.5835
"12574","zcta",2019,"food_state_rnk",99.9395
"12575","zcta",2019,"food_state_rnk",83.5956
"12577","zcta",2019,"food_state_rnk",54.0557
"12578","zcta",2019,"food_state_rnk",72.0944
"12580","zcta",2019,"food_state_rnk",67.5545
"12581","zcta",2019,"food_state_rnk",59.6852
"12582","zcta",2019,"food_state_rnk",78.2688
"12583","zcta",2019,"food_state_rnk",87.2881
"12585","zcta",2019,"food_state_rnk",96.5496
"12586","zcta",2019,"food_state_rnk",65.9504
"12589","zcta",2019,"food_state_rnk",66.2833
"12590","zcta",2019,"food_state_rnk",55.3571
"12592","zcta",2019,"food_state_rnk",19.1586
"12594","zcta",2019,"food_state_rnk",51.5738
"12601","zcta",2019,"food_state_rnk",13.2567
"12603","zcta",2019,"food_state_rnk",54.54
"12604","zcta",2019,"food_state_rnk",NA
"12701","zcta",2019,"food_state_rnk",6.0533
"12719","zcta",2019,"food_state_rnk",76.2712
"12720","zcta",2019,"food_state_rnk",96.0048
"12721","zcta",2019,"food_state_rnk",37.7724
"12722","zcta",2019,"food_state_rnk",NA
"12723","zcta",2019,"food_state_rnk",87.5908
"12724","zcta",2019,"food_state_rnk",96.4891
"12725","zcta",2019,"food_state_rnk",77.3608
"12726","zcta",2019,"food_state_rnk",92.0702
"12729","zcta",2019,"food_state_rnk",7.0218
"12732","zcta",2019,"food_state_rnk",76.5133
"12733","zcta",2019,"food_state_rnk",1.2712
"12734","zcta",2019,"food_state_rnk",9.1404
"12736","zcta",2019,"food_state_rnk",NA
"12737","zcta",2019,"food_state_rnk",87.7119
"12738","zcta",2019,"food_state_rnk",36.7433
"12740","zcta",2019,"food_state_rnk",45.7324
"12741","zcta",2019,"food_state_rnk",87.1671
"12742","zcta",2019,"food_state_rnk",5.0242
"12743","zcta",2019,"food_state_rnk",35.3814
"12745","zcta",2019,"food_state_rnk",NA
"12746","zcta",2019,"food_state_rnk",89.4673
"12747","zcta",2019,"food_state_rnk",69.9153
"12748","zcta",2019,"food_state_rnk",59.3826
"12749","zcta",2019,"food_state_rnk",96.9128
"12750","zcta",2019,"food_state_rnk",86.4407
"12751","zcta",2019,"food_state_rnk",14.5884
"12752","zcta",2019,"food_state_rnk",86.6828
"12754","zcta",2019,"food_state_rnk",10.1695
"12758","zcta",2019,"food_state_rnk",86.9249
"12759","zcta",2019,"food_state_rnk",3.5109
"12760","zcta",2019,"food_state_rnk",42.7361
"12762","zcta",2019,"food_state_rnk",8.3535
"12763","zcta",2019,"food_state_rnk",40.6174
"12764","zcta",2019,"food_state_rnk",67.5545
"12765","zcta",2019,"food_state_rnk",45.3692
"12766","zcta",2019,"food_state_rnk",60.9564
"12767","zcta",2019,"food_state_rnk",96.247
"12768","zcta",2019,"food_state_rnk",9.9879
"12769","zcta",2019,"food_state_rnk",97.4576
"12770","zcta",2019,"food_state_rnk",45.0363
"12771","zcta",2019,"food_state_rnk",33.7167
"12775","zcta",2019,"food_state_rnk",83.3535
"12776","zcta",2019,"food_state_rnk",71.8826
"12777","zcta",2019,"food_state_rnk",87.1065
"12778","zcta",2019,"food_state_rnk",93.1598
"12779","zcta",2019,"food_state_rnk",47.609
"12780","zcta",2019,"food_state_rnk",43.7046
"12781","zcta",2019,"food_state_rnk",97.4576
"12783","zcta",2019,"food_state_rnk",63.7409
"12784","zcta",2019,"food_state_rnk",NA
"12785","zcta",2019,"food_state_rnk",81.8705
"12786","zcta",2019,"food_state_rnk",97.9419
"12787","zcta",2019,"food_state_rnk",95.2785
"12788","zcta",2019,"food_state_rnk",34.201
"12789","zcta",2019,"food_state_rnk",19.0073
"12790","zcta",2019,"food_state_rnk",34.6852
"12791","zcta",2019,"food_state_rnk",97.3366
"12792","zcta",2019,"food_state_rnk",91.2228
"12801","zcta",2019,"food_state_rnk",20.5206
"12803","zcta",2019,"food_state_rnk",58.0508
"12804","zcta",2019,"food_state_rnk",53.3898
"12808","zcta",2019,"food_state_rnk",80.1453
"12809","zcta",2019,"food_state_rnk",47.3366
"12810","zcta",2019,"food_state_rnk",57.2639
"12811","zcta",2019,"food_state_rnk",NA
"12812","zcta",2019,"food_state_rnk",90.3753
"12814","zcta",2019,"food_state_rnk",47.0944
"12815","zcta",2019,"food_state_rnk",52.6937
"12816","zcta",2019,"food_state_rnk",55.8717
"12817","zcta",2019,"food_state_rnk",90.0726
"12819","zcta",2019,"food_state_rnk",58.9588
"12821","zcta",2019,"food_state_rnk",NA
"12822","zcta",2019,"food_state_rnk",40.8596
"12823","zcta",2019,"food_state_rnk",94.0073
"12824","zcta",2019,"food_state_rnk",90.7385
"12827","zcta",2019,"food_state_rnk",67.4334
"12828","zcta",2019,"food_state_rnk",46.5496
"12831","zcta",2019,"food_state_rnk",60.7143
"12832","zcta",2019,"food_state_rnk",6.7191
"12833","zcta",2019,"food_state_rnk",63.9225
"12834","zcta",2019,"food_state_rnk",41.8886
"12835","zcta",2019,"food_state_rnk",42.4334
"12836","zcta",2019,"food_state_rnk",28.5109
"12837","zcta",2019,"food_state_rnk",24.4855
"12838","zcta",2019,"food_state_rnk",55.2058
"12839","zcta",2019,"food_state_rnk",23.638
"12841","zcta",2019,"food_state_rnk",73.8801
"12842","zcta",2019,"food_state_rnk",49.6368
"12843","zcta",2019,"food_state_rnk",46.0654
"12844","zcta",2019,"food_state_rnk",98.6683
"12845","zcta",2019,"food_state_rnk",75.1513
"12846","zcta",2019,"food_state_rnk",38.862
"12847","zcta",2019,"food_state_rnk",92.2518
"12849","zcta",2019,"food_state_rnk",92.615
"12850","zcta",2019,"food_state_rnk",17.8571
"12851","zcta",2019,"food_state_rnk",35.9262
"12852","zcta",2019,"food_state_rnk",56.9613
"12853","zcta",2019,"food_state_rnk",7.8087
"12855","zcta",2019,"food_state_rnk",65.0121
"12856","zcta",2019,"food_state_rnk",90.1332
"12857","zcta",2019,"food_state_rnk",56.0835
"12858","zcta",2019,"food_state_rnk",75.1513
"12859","zcta",2019,"food_state_rnk",53.7833
"12860","zcta",2019,"food_state_rnk",10.7143
"12861","zcta",2019,"food_state_rnk",65.4964
"12862","zcta",2019,"food_state_rnk",NA
"12863","zcta",2019,"food_state_rnk",31.5375
"12864","zcta",2019,"food_state_rnk",NA
"12865","zcta",2019,"food_state_rnk",26.9976
"12866","zcta",2019,"food_state_rnk",64.9213
"12870","zcta",2019,"food_state_rnk",41.6465
"12871","zcta",2019,"food_state_rnk",64.7094
"12872","zcta",2019,"food_state_rnk",NA
"12873","zcta",2019,"food_state_rnk",58.8378
"12874","zcta",2019,"food_state_rnk",94.7337
"12878","zcta",2019,"food_state_rnk",34.4431
"12883","zcta",2019,"food_state_rnk",16.6465
"12884","zcta",2019,"food_state_rnk",54.1162
"12885","zcta",2019,"food_state_rnk",46.7615
"12886","zcta",2019,"food_state_rnk",22.3366
"12887","zcta",2019,"food_state_rnk",28.5714
"12901","zcta",2019,"food_state_rnk",10.3511
"12903","zcta",2019,"food_state_rnk",85.23
"12910","zcta",2019,"food_state_rnk",14.891
"12911","zcta",2019,"food_state_rnk",NA
"12912","zcta",2019,"food_state_rnk",52.4516
"12913","zcta",2019,"food_state_rnk",73.3959
"12914","zcta",2019,"food_state_rnk",23.3656
"12916","zcta",2019,"food_state_rnk",27.6332
"12917","zcta",2019,"food_state_rnk",38.5593
"12918","zcta",2019,"food_state_rnk",46.8826
"12919","zcta",2019,"food_state_rnk",12.1671
"12920","zcta",2019,"food_state_rnk",25.6659
"12921","zcta",2019,"food_state_rnk",33.5351
"12922","zcta",2019,"food_state_rnk",NA
"12923","zcta",2019,"food_state_rnk",35.0182
"12924","zcta",2019,"food_state_rnk",NA
"12926","zcta",2019,"food_state_rnk",23.4867
"12927","zcta",2019,"food_state_rnk",40.2542
"12928","zcta",2019,"food_state_rnk",23.063
"12929","zcta",2019,"food_state_rnk",NA
"12930","zcta",2019,"food_state_rnk",25.5448
"12932","zcta",2019,"food_state_rnk",73.063
"12933","zcta",2019,"food_state_rnk",NA
"12934","zcta",2019,"food_state_rnk",5.8717
"12935","zcta",2019,"food_state_rnk",16.1017
"12936","zcta",2019,"food_state_rnk",66.3741
"12937","zcta",2019,"food_state_rnk",14.1344
"12939","zcta",2019,"food_state_rnk",96.1562
"12941","zcta",2019,"food_state_rnk",90.8596
"12942","zcta",2019,"food_state_rnk",57.0823
"12943","zcta",2019,"food_state_rnk",72.6998
"12944","zcta",2019,"food_state_rnk",16.2833
"12945","zcta",2019,"food_state_rnk",93.2809
"12946","zcta",2019,"food_state_rnk",27.1792
"12950","zcta",2019,"food_state_rnk",93.6441
"12952","zcta",2019,"food_state_rnk",27.6332
"12953","zcta",2019,"food_state_rnk",9.4431
"12955","zcta",2019,"food_state_rnk",47.5182
"12956","zcta",2019,"food_state_rnk",18.9467
"12957","zcta",2019,"food_state_rnk",15.5266
"12958","zcta",2019,"food_state_rnk",33.7772
"12959","zcta",2019,"food_state_rnk",47.8814
"12960","zcta",2019,"food_state_rnk",44.9455
"12961","zcta",2019,"food_state_rnk",1.0291
"12962","zcta",2019,"food_state_rnk",32.1429
"12964","zcta",2019,"food_state_rnk",87.0157
"12965","zcta",2019,"food_state_rnk",27.9661
"12966","zcta",2019,"food_state_rnk",23.3051
"12967","zcta",2019,"food_state_rnk",6.5981
"12969","zcta",2019,"food_state_rnk",63.2869
"12970","zcta",2019,"food_state_rnk",NA
"12972","zcta",2019,"food_state_rnk",42.3729
"12973","zcta",2019,"food_state_rnk",89.2252
"12974","zcta",2019,"food_state_rnk",32.7482
"12975","zcta",2019,"food_state_rnk",67.8571
"12976","zcta",2019,"food_state_rnk",97.0944
"12977","zcta",2019,"food_state_rnk",NA
"12978","zcta",2019,"food_state_rnk",3.0266
"12979","zcta",2019,"food_state_rnk",23.8801
"12980","zcta",2019,"food_state_rnk",26.5738
"12981","zcta",2019,"food_state_rnk",13.5593
"12983","zcta",2019,"food_state_rnk",26.4528
"12985","zcta",2019,"food_state_rnk",2.9056
"12986","zcta",2019,"food_state_rnk",31.0533
"12987","zcta",2019,"food_state_rnk",91.4044
"12989","zcta",2019,"food_state_rnk",70.5811
"12992","zcta",2019,"food_state_rnk",31.1743
"12993","zcta",2019,"food_state_rnk",49.3341
"12996","zcta",2019,"food_state_rnk",45.6416
"12997","zcta",2019,"food_state_rnk",60.6538
"12998","zcta",2019,"food_state_rnk",93.5835
"13020","zcta",2019,"food_state_rnk",NA
"13021","zcta",2019,"food_state_rnk",18.4625
"13024","zcta",2019,"food_state_rnk",NA
"13026","zcta",2019,"food_state_rnk",41.7676
"13027","zcta",2019,"food_state_rnk",58.6562
"13028","zcta",2019,"food_state_rnk",35.1998
"13029","zcta",2019,"food_state_rnk",29.0254
"13030","zcta",2019,"food_state_rnk",42.5847
"13031","zcta",2019,"food_state_rnk",76.937
"13032","zcta",2019,"food_state_rnk",28.753
"13033","zcta",2019,"food_state_rnk",37.5
"13034","zcta",2019,"food_state_rnk",51.6949
"13035","zcta",2019,"food_state_rnk",78.2082
"13036","zcta",2019,"food_state_rnk",23.638
"13037","zcta",2019,"food_state_rnk",53.3898
"13039","zcta",2019,"food_state_rnk",75.7567
"13040","zcta",2019,"food_state_rnk",41.1622
"13041","zcta",2019,"food_state_rnk",75.908
"13042","zcta",2019,"food_state_rnk",57.5061
"13044","zcta",2019,"food_state_rnk",54.9031
"13045","zcta",2019,"food_state_rnk",18.3414
"13051","zcta",2019,"food_state_rnk",77.27
"13052","zcta",2019,"food_state_rnk",10.8959
"13053","zcta",2019,"food_state_rnk",37.8329
"13054","zcta",2019,"food_state_rnk",10.0484
"13057","zcta",2019,"food_state_rnk",40.7688
"13060","zcta",2019,"food_state_rnk",53.1477
"13061","zcta",2019,"food_state_rnk",48.184
"13062","zcta",2019,"food_state_rnk",NA
"13063","zcta",2019,"food_state_rnk",72.7906
"13064","zcta",2019,"food_state_rnk",75.3632
"13066","zcta",2019,"food_state_rnk",79.54
"13068","zcta",2019,"food_state_rnk",19.1586
"13069","zcta",2019,"food_state_rnk",10.6538
"13071","zcta",2019,"food_state_rnk",66.4649
"13072","zcta",2019,"food_state_rnk",15.7688
"13073","zcta",2019,"food_state_rnk",32.6877
"13074","zcta",2019,"food_state_rnk",30.3269
"13076","zcta",2019,"food_state_rnk",51.3015
"13077","zcta",2019,"food_state_rnk",47.9419
"13078","zcta",2019,"food_state_rnk",74.7579
"13080","zcta",2019,"food_state_rnk",55.569
"13081","zcta",2019,"food_state_rnk",72.7906
"13082","zcta",2019,"food_state_rnk",63.0145
"13083","zcta",2019,"food_state_rnk",29.3584
"13084","zcta",2019,"food_state_rnk",69.431
"13087","zcta",2019,"food_state_rnk",92.3729
"13088","zcta",2019,"food_state_rnk",55.6295
"13090","zcta",2019,"food_state_rnk",57.5061
"13092","zcta",2019,"food_state_rnk",40.0726
"13101","zcta",2019,"food_state_rnk",58.3535
"13102","zcta",2019,"food_state_rnk",NA
"13103","zcta",2019,"food_state_rnk",11.9855
"13104","zcta",2019,"food_state_rnk",76.1199
"13108","zcta",2019,"food_state_rnk",77.1186
"13110","zcta",2019,"food_state_rnk",64.3765
"13111","zcta",2019,"food_state_rnk",10.5024
"13112","zcta",2019,"food_state_rnk",46.9734
"13113","zcta",2019,"food_state_rnk",31.9613
"13114","zcta",2019,"food_state_rnk",17.1913
"13115","zcta",2019,"food_state_rnk",9.7458
"13116","zcta",2019,"food_state_rnk",70.46
"13117","zcta",2019,"food_state_rnk",4.661
"13118","zcta",2019,"food_state_rnk",38.4988
"13120","zcta",2019,"food_state_rnk",52.0884
"13122","zcta",2019,"food_state_rnk",67.3123
"13123","zcta",2019,"food_state_rnk",0
"13124","zcta",2019,"food_state_rnk",NA
"13126","zcta",2019,"food_state_rnk",16.707
"13131","zcta",2019,"food_state_rnk",36.8644
"13132","zcta",2019,"food_state_rnk",19.5521
"13134","zcta",2019,"food_state_rnk",33.0508
"13135","zcta",2019,"food_state_rnk",16.8886
"13136","zcta",2019,"food_state_rnk",57.6271
"13138","zcta",2019,"food_state_rnk",NA
"13140","zcta",2019,"food_state_rnk",42.8571
"13141","zcta",2019,"food_state_rnk",83.6562
"13142","zcta",2019,"food_state_rnk",34.9274
"13143","zcta",2019,"food_state_rnk",39.1041
"13144","zcta",2019,"food_state_rnk",6.2349
"13145","zcta",2019,"food_state_rnk",20.339
"13146","zcta",2019,"food_state_rnk",25.2119
"13147","zcta",2019,"food_state_rnk",57.8692
"13148","zcta",2019,"food_state_rnk",29.0254
"13152","zcta",2019,"food_state_rnk",75.2421
"13153","zcta",2019,"food_state_rnk",59.8063
"13155","zcta",2019,"food_state_rnk",28.8136
"13156","zcta",2019,"food_state_rnk",25.9685
"13157","zcta",2019,"food_state_rnk",8.4746
"13158","zcta",2019,"food_state_rnk",22.5787
"13159","zcta",2019,"food_state_rnk",57.7482
"13160","zcta",2019,"food_state_rnk",48.3656
"13162","zcta",2019,"food_state_rnk",90.5266
"13163","zcta",2019,"food_state_rnk",81.5981
"13164","zcta",2019,"food_state_rnk",71.8826
"13165","zcta",2019,"food_state_rnk",41.4044
"13166","zcta",2019,"food_state_rnk",60.2906
"13167","zcta",2019,"food_state_rnk",21.9128
"13202","zcta",2019,"food_state_rnk",1.7554
"13203","zcta",2019,"food_state_rnk",5.1453
"13204","zcta",2019,"food_state_rnk",2.3002
"13205","zcta",2019,"food_state_rnk",3.0872
"13206","zcta",2019,"food_state_rnk",8.1114
"13207","zcta",2019,"food_state_rnk",7.2639
"13208","zcta",2019,"food_state_rnk",3.5714
"13209","zcta",2019,"food_state_rnk",52.4516
"13210","zcta",2019,"food_state_rnk",NA
"13211","zcta",2019,"food_state_rnk",9.5036
"13212","zcta",2019,"food_state_rnk",34.3826
"13214","zcta",2019,"food_state_rnk",61.4407
"13215","zcta",2019,"food_state_rnk",73.7893
"13219","zcta",2019,"food_state_rnk",53.9649
"13224","zcta",2019,"food_state_rnk",12.6816
"13290","zcta",2019,"food_state_rnk",NA
"13301","zcta",2019,"food_state_rnk",92.1913
"13302","zcta",2019,"food_state_rnk",14.0436
"13303","zcta",2019,"food_state_rnk",74.5157
"13304","zcta",2019,"food_state_rnk",41.3438
"13305","zcta",2019,"food_state_rnk",28.8741
"13308","zcta",2019,"food_state_rnk",11.8947
"13309","zcta",2019,"food_state_rnk",23.184
"13310","zcta",2019,"food_state_rnk",96.6102
"13312","zcta",2019,"food_state_rnk",59.201
"13313","zcta",2019,"food_state_rnk",20.3995
"13314","zcta",2019,"food_state_rnk",35.6538
"13315","zcta",2019,"food_state_rnk",32.5666
"13316","zcta",2019,"food_state_rnk",39.2857
"13317","zcta",2019,"food_state_rnk",25.1211
"13318","zcta",2019,"food_state_rnk",71.7312
"13319","zcta",2019,"food_state_rnk",56.3559
"13320","zcta",2019,"food_state_rnk",38.0751
"13321","zcta",2019,"food_state_rnk",39.9516
"13322","zcta",2019,"food_state_rnk",79.4492
"13323","zcta",2019,"food_state_rnk",59.0194
"13324","zcta",2019,"food_state_rnk",35.1998
"13325","zcta",2019,"food_state_rnk",39.1646
"13326","zcta",2019,"food_state_rnk",76.8765
"13327","zcta",2019,"food_state_rnk",62.8329
"13328","zcta",2019,"food_state_rnk",61.6828
"13329","zcta",2019,"food_state_rnk",16.7676
"13331","zcta",2019,"food_state_rnk",66.5557
"13332","zcta",2019,"food_state_rnk",24.092
"13333","zcta",2019,"food_state_rnk",NA
"13334","zcta",2019,"food_state_rnk",13.3777
"13335","zcta",2019,"food_state_rnk",28.3293
"13337","zcta",2019,"food_state_rnk",40.1332
"13338","zcta",2019,"food_state_rnk",48.6683
"13339","zcta",2019,"food_state_rnk",32.2034
"13340","zcta",2019,"food_state_rnk",48.3656
"13341","zcta",2019,"food_state_rnk",97.155
"13342","zcta",2019,"food_state_rnk",59.6247
"13343","zcta",2019,"food_state_rnk",39.77
"13345","zcta",2019,"food_state_rnk",46.1259
"13346","zcta",2019,"food_state_rnk",62.0157
"13348","zcta",2019,"food_state_rnk",41.1017
"13350","zcta",2019,"food_state_rnk",20.8232
"13352","zcta",2019,"food_state_rnk",NA
"13353","zcta",2019,"food_state_rnk",NA
"13354","zcta",2019,"food_state_rnk",85.7748
"13355","zcta",2019,"food_state_rnk",64.2857
"13357","zcta",2019,"food_state_rnk",12.2276
"13360","zcta",2019,"food_state_rnk",82.0521
"13361","zcta",2019,"food_state_rnk",61.2591
"13362","zcta",2019,"food_state_rnk",96.1562
"13363","zcta",2019,"food_state_rnk",21.1864
"13364","zcta",2019,"food_state_rnk",NA
"13365","zcta",2019,"food_state_rnk",19.6429
"13367","zcta",2019,"food_state_rnk",32.0218
"13368","zcta",2019,"food_state_rnk",15.9806
"13402","zcta",2019,"food_state_rnk",37.4092
"13403","zcta",2019,"food_state_rnk",NA
"13404","zcta",2019,"food_state_rnk",57.3245
"13406","zcta",2019,"food_state_rnk",40.4964
"13407","zcta",2019,"food_state_rnk",44.7639
"13408","zcta",2019,"food_state_rnk",NA
"13409","zcta",2019,"food_state_rnk",49.9395
"13410","zcta",2019,"food_state_rnk",79.1465
"13411","zcta",2019,"food_state_rnk",27.4818
"13413","zcta",2019,"food_state_rnk",82.7785
"13415","zcta",2019,"food_state_rnk",NA
"13416","zcta",2019,"food_state_rnk",57.1429
"13417","zcta",2019,"food_state_rnk",21.6102
"13418","zcta",2019,"food_state_rnk",44.1586
"13420","zcta",2019,"food_state_rnk",80.4479
"13421","zcta",2019,"food_state_rnk",14.1344
"13424","zcta",2019,"food_state_rnk",49.7579
"13425","zcta",2019,"food_state_rnk",42.4939
"13428","zcta",2019,"food_state_rnk",25
"13431","zcta",2019,"food_state_rnk",40.3753
"13433","zcta",2019,"food_state_rnk",15.1332
"13435","zcta",2019,"food_state_rnk",15.1937
"13436","zcta",2019,"food_state_rnk",NA
"13437","zcta",2019,"food_state_rnk",12.954
"13438","zcta",2019,"food_state_rnk",43.6138
"13439","zcta",2019,"food_state_rnk",34.5642
"13440","zcta",2019,"food_state_rnk",12.5605
"13441","zcta",2019,"food_state_rnk",50.1211
"13450","zcta",2019,"food_state_rnk",NA
"13452","zcta",2019,"food_state_rnk",21.7312
"13454","zcta",2019,"food_state_rnk",36.0775
"13456","zcta",2019,"food_state_rnk",74.3341
"13459","zcta",2019,"food_state_rnk",50.7869
"13460","zcta",2019,"food_state_rnk",26.937
"13461","zcta",2019,"food_state_rnk",38.3777
"13464","zcta",2019,"food_state_rnk",8.7772
"13468","zcta",2019,"food_state_rnk",70.1574
"13469","zcta",2019,"food_state_rnk",91.586
"13470","zcta",2019,"food_state_rnk",24.5763
"13471","zcta",2019,"food_state_rnk",12.4092
"13472","zcta",2019,"food_state_rnk",NA
"13473","zcta",2019,"food_state_rnk",51.8765
"13475","zcta",2019,"food_state_rnk",NA
"13476","zcta",2019,"food_state_rnk",36.5617
"13477","zcta",2019,"food_state_rnk",90.9806
"13478","zcta",2019,"food_state_rnk",88.3475
"13480","zcta",2019,"food_state_rnk",36.1683
"13483","zcta",2019,"food_state_rnk",19.885
"13484","zcta",2019,"food_state_rnk",96.8523
"13485","zcta",2019,"food_state_rnk",73.1538
"13486","zcta",2019,"food_state_rnk",37.7119
"13488","zcta",2019,"food_state_rnk",17.615
"13489","zcta",2019,"food_state_rnk",54.1768
"13490","zcta",2019,"food_state_rnk",91.5254
"13491","zcta",2019,"food_state_rnk",29.5702
"13492","zcta",2019,"food_state_rnk",53.5714
"13493","zcta",2019,"food_state_rnk",17.1308
"13494","zcta",2019,"food_state_rnk",47.7603
"13495","zcta",2019,"food_state_rnk",27.1186
"13501","zcta",2019,"food_state_rnk",4.4794
"13502","zcta",2019,"food_state_rnk",9.0194
"13601","zcta",2019,"food_state_rnk",8.7167
"13602","zcta",2019,"food_state_rnk",NA
"13603","zcta",2019,"food_state_rnk",71.0048
"13605","zcta",2019,"food_state_rnk",26.3317
"13606","zcta",2019,"food_state_rnk",43.3414
"13607","zcta",2019,"food_state_rnk",21.7918
"13608","zcta",2019,"food_state_rnk",12.1065
"13612","zcta",2019,"food_state_rnk",59.9879
"13613","zcta",2019,"food_state_rnk",19.9758
"13614","zcta",2019,"food_state_rnk",18.5533
"13615","zcta",2019,"food_state_rnk",78.3898
"13616","zcta",2019,"food_state_rnk",32.0823
"13617","zcta",2019,"food_state_rnk",22.2155
"13618","zcta",2019,"food_state_rnk",67.1308
"13619","zcta",2019,"food_state_rnk",23.8801
"13620","zcta",2019,"food_state_rnk",19.3705
"13621","zcta",2019,"food_state_rnk",33.1719
"13622","zcta",2019,"food_state_rnk",34.8668
"13623","zcta",2019,"food_state_rnk",NA
"13624","zcta",2019,"food_state_rnk",38.2567
"13625","zcta",2019,"food_state_rnk",31.5981
"13626","zcta",2019,"food_state_rnk",15.4358
"13628","zcta",2019,"food_state_rnk",24.0315
"13630","zcta",2019,"food_state_rnk",27.845
"13633","zcta",2019,"food_state_rnk",84.0799
"13634","zcta",2019,"food_state_rnk",25.4843
"13635","zcta",2019,"food_state_rnk",30.7809
"13636","zcta",2019,"food_state_rnk",11.0169
"13637","zcta",2019,"food_state_rnk",53.7833
"13638","zcta",2019,"food_state_rnk",83.1719
"13639","zcta",2019,"food_state_rnk",4.54
"13640","zcta",2019,"food_state_rnk",94.6731
"13641","zcta",2019,"food_state_rnk",NA
"13642","zcta",2019,"food_state_rnk",16.9492
"13643","zcta",2019,"food_state_rnk",NA
"13646","zcta",2019,"food_state_rnk",20.8838
"13647","zcta",2019,"food_state_rnk",NA
"13648","zcta",2019,"food_state_rnk",41.4649
"13650","zcta",2019,"food_state_rnk",15.0726
"13651","zcta",2019,"food_state_rnk",NA
"13652","zcta",2019,"food_state_rnk",50.1816
"13654","zcta",2019,"food_state_rnk",37.6513
"13655","zcta",2019,"food_state_rnk",57.6877
"13656","zcta",2019,"food_state_rnk",19.4915
"13658","zcta",2019,"food_state_rnk",82.2942
"13659","zcta",2019,"food_state_rnk",18.5533
"13660","zcta",2019,"food_state_rnk",12.6816
"13661","zcta",2019,"food_state_rnk",60.4116
"13662","zcta",2019,"food_state_rnk",13.8015
"13664","zcta",2019,"food_state_rnk",9.8063
"13665","zcta",2019,"food_state_rnk",22.0339
"13666","zcta",2019,"food_state_rnk",30.2058
"13667","zcta",2019,"food_state_rnk",15.5266
"13668","zcta",2019,"food_state_rnk",46.4286
"13669","zcta",2019,"food_state_rnk",17.4334
"13670","zcta",2019,"food_state_rnk",7.5061
"13672","zcta",2019,"food_state_rnk",19.2494
"13673","zcta",2019,"food_state_rnk",14.4068
"13674","zcta",2019,"food_state_rnk",92.5545
"13675","zcta",2019,"food_state_rnk",52.3608
"13676","zcta",2019,"food_state_rnk",39.4673
"13677","zcta",2019,"food_state_rnk",NA
"13678","zcta",2019,"food_state_rnk",94.1283
"13679","zcta",2019,"food_state_rnk",15.2542
"13680","zcta",2019,"food_state_rnk",41.586
"13681","zcta",2019,"food_state_rnk",31.4165
"13682","zcta",2019,"food_state_rnk",69.5823
"13684","zcta",2019,"food_state_rnk",31.1138
"13685","zcta",2019,"food_state_rnk",62.2579
"13687","zcta",2019,"food_state_rnk",50.3027
"13690","zcta",2019,"food_state_rnk",16.5254
"13691","zcta",2019,"food_state_rnk",13.4383
"13692","zcta",2019,"food_state_rnk",NA
"13693","zcta",2019,"food_state_rnk",27.0581
"13694","zcta",2019,"food_state_rnk",52.9661
"13695","zcta",2019,"food_state_rnk",NA
"13696","zcta",2019,"food_state_rnk",NA
"13697","zcta",2019,"food_state_rnk",36.6525
"13730","zcta",2019,"food_state_rnk",28.6925
"13731","zcta",2019,"food_state_rnk",52.2397
"13732","zcta",2019,"food_state_rnk",60.4722
"13733","zcta",2019,"food_state_rnk",23.5472
"13734","zcta",2019,"food_state_rnk",30.3269
"13736","zcta",2019,"food_state_rnk",30.9927
"13739","zcta",2019,"food_state_rnk",49.9395
"13740","zcta",2019,"food_state_rnk",79.0557
"13743","zcta",2019,"food_state_rnk",19.0678
"13744","zcta",2019,"food_state_rnk",62.5908
"13746","zcta",2019,"food_state_rnk",44.3099
"13748","zcta",2019,"food_state_rnk",51.5133
"13750","zcta",2019,"food_state_rnk",5.3269
"13751","zcta",2019,"food_state_rnk",34.2615
"13752","zcta",2019,"food_state_rnk",54.6308
"13753","zcta",2019,"food_state_rnk",22.6998
"13754","zcta",2019,"food_state_rnk",24.3341
"13755","zcta",2019,"food_state_rnk",39.5278
"13756","zcta",2019,"food_state_rnk",48.1235
"13757","zcta",2019,"food_state_rnk",21.9734
"13760","zcta",2019,"food_state_rnk",28.9346
"13774","zcta",2019,"food_state_rnk",27.7845
"13775","zcta",2019,"food_state_rnk",35.0182
"13776","zcta",2019,"food_state_rnk",78.5109
"13777","zcta",2019,"food_state_rnk",68.3414
"13778","zcta",2019,"food_state_rnk",44.5218
"13780","zcta",2019,"food_state_rnk",68.1598
"13782","zcta",2019,"food_state_rnk",56.8099
"13783","zcta",2019,"food_state_rnk",42.3123
"13784","zcta",2019,"food_state_rnk",96.7312
"13786","zcta",2019,"food_state_rnk",68.0993
"13787","zcta",2019,"food_state_rnk",11.7736
"13788","zcta",2019,"food_state_rnk",9.5642
"13790","zcta",2019,"food_state_rnk",14.4673
"13794","zcta",2019,"food_state_rnk",NA
"13795","zcta",2019,"food_state_rnk",34.1404
"13796","zcta",2019,"food_state_rnk",35.7748
"13797","zcta",2019,"food_state_rnk",23.2446
"13801","zcta",2019,"food_state_rnk",8.293
"13802","zcta",2019,"food_state_rnk",13.0145
"13803","zcta",2019,"food_state_rnk",50.6356
"13804","zcta",2019,"food_state_rnk",21.6707
"13806","zcta",2019,"food_state_rnk",5.569
"13807","zcta",2019,"food_state_rnk",58.747
"13808","zcta",2019,"food_state_rnk",35.8354
"13809","zcta",2019,"food_state_rnk",15.8596
"13810","zcta",2019,"food_state_rnk",37.1065
"13811","zcta",2019,"food_state_rnk",39.0436
"13812","zcta",2019,"food_state_rnk",32.4455
"13813","zcta",2019,"food_state_rnk",13.9225
"13815","zcta",2019,"food_state_rnk",11.5012
"13820","zcta",2019,"food_state_rnk",26.2409
"13825","zcta",2019,"food_state_rnk",33.414
"13826","zcta",2019,"food_state_rnk",NA
"13827","zcta",2019,"food_state_rnk",30.5387
"13830","zcta",2019,"food_state_rnk",17.9177
"13832","zcta",2019,"food_state_rnk",44.9455
"13833","zcta",2019,"food_state_rnk",23.7893
"13834","zcta",2019,"food_state_rnk",56.0835
"13835","zcta",2019,"food_state_rnk",58.747
"13838","zcta",2019,"food_state_rnk",11.2591
"13839","zcta",2019,"food_state_rnk",55.2058
"13841","zcta",2019,"food_state_rnk",21.3075
"13842","zcta",2019,"food_state_rnk",69.7337
"13843","zcta",2019,"food_state_rnk",28.178
"13844","zcta",2019,"food_state_rnk",13.9831
"13845","zcta",2019,"food_state_rnk",70.8232
"13846","zcta",2019,"food_state_rnk",6.1138
"13847","zcta",2019,"food_state_rnk",NA
"13849","zcta",2019,"food_state_rnk",24.6368
"13850","zcta",2019,"food_state_rnk",63.8015
"13856","zcta",2019,"food_state_rnk",22.155
"13859","zcta",2019,"food_state_rnk",88.4685
"13860","zcta",2019,"food_state_rnk",NA
"13861","zcta",2019,"food_state_rnk",93.0993
"13862","zcta",2019,"food_state_rnk",35.4722
"13863","zcta",2019,"food_state_rnk",7.0823
"13864","zcta",2019,"food_state_rnk",14.7094
"13865","zcta",2019,"food_state_rnk",40.9201
"13901","zcta",2019,"food_state_rnk",9.6247
"13902","zcta",2019,"food_state_rnk",NA
"13903","zcta",2019,"food_state_rnk",8.1719
"13904","zcta",2019,"food_state_rnk",15.7688
"13905","zcta",2019,"food_state_rnk",10.23
"14001","zcta",2019,"food_state_rnk",42.7966
"14004","zcta",2019,"food_state_rnk",88.6199
"14005","zcta",2019,"food_state_rnk",49.6973
"14006","zcta",2019,"food_state_rnk",16.3438
"14008","zcta",2019,"food_state_rnk",43.069
"14009","zcta",2019,"food_state_rnk",36.9855
"14011","zcta",2019,"food_state_rnk",44.5218
"14012","zcta",2019,"food_state_rnk",41.7676
"14013","zcta",2019,"food_state_rnk",70.2785
"14020","zcta",2019,"food_state_rnk",26.1501
"14024","zcta",2019,"food_state_rnk",52.6937
"14025","zcta",2019,"food_state_rnk",74.3947
"14026","zcta",2019,"food_state_rnk",99.4249
"14028","zcta",2019,"food_state_rnk",65.345
"14030","zcta",2019,"food_state_rnk",46.6707
"14031","zcta",2019,"food_state_rnk",76.2107
"14032","zcta",2019,"food_state_rnk",92.4334
"14033","zcta",2019,"food_state_rnk",72.155
"14034","zcta",2019,"food_state_rnk",NA
"14035","zcta",2019,"food_state_rnk",NA
"14036","zcta",2019,"food_state_rnk",48.8499
"14037","zcta",2019,"food_state_rnk",73.0024
"14039","zcta",2019,"food_state_rnk",NA
"14040","zcta",2019,"food_state_rnk",76.7554
"14041","zcta",2019,"food_state_rnk",3.4504
"14042","zcta",2019,"food_state_rnk",15.9201
"14043","zcta",2019,"food_state_rnk",54.9637
"14047","zcta",2019,"food_state_rnk",54.3584
"14048","zcta",2019,"food_state_rnk",5.8111
"14051","zcta",2019,"food_state_rnk",88.1356
"14052","zcta",2019,"food_state_rnk",77.0581
"14054","zcta",2019,"food_state_rnk",59.5339
"14055","zcta",2019,"food_state_rnk",72.8814
"14057","zcta",2019,"food_state_rnk",73.9709
"14058","zcta",2019,"food_state_rnk",52.8148
"14059","zcta",2019,"food_state_rnk",74.6368
"14060","zcta",2019,"food_state_rnk",52.9056
"14061","zcta",2019,"food_state_rnk",6.8402
"14062","zcta",2019,"food_state_rnk",43.4927
"14063","zcta",2019,"food_state_rnk",25.7264
"14065","zcta",2019,"food_state_rnk",10.9564
"14066","zcta",2019,"food_state_rnk",34.322
"14067","zcta",2019,"food_state_rnk",68.2203
"14068","zcta",2019,"food_state_rnk",57.9903
"14069","zcta",2019,"food_state_rnk",28.632
"14070","zcta",2019,"food_state_rnk",12.4697
"14072","zcta",2019,"food_state_rnk",71.6102
"14075","zcta",2019,"food_state_rnk",66.1925
"14080","zcta",2019,"food_state_rnk",79.8426
"14081","zcta",2019,"food_state_rnk",16.8281
"14082","zcta",2019,"food_state_rnk",67.1913
"14085","zcta",2019,"food_state_rnk",95.3995
"14086","zcta",2019,"food_state_rnk",77.27
"14091","zcta",2019,"food_state_rnk",13.4988
"14092","zcta",2019,"food_state_rnk",69.9758
"14094","zcta",2019,"food_state_rnk",32.3245
"14098","zcta",2019,"food_state_rnk",35.2906
"14101","zcta",2019,"food_state_rnk",39.8305
"14102","zcta",2019,"food_state_rnk",98.8499
"14103","zcta",2019,"food_state_rnk",33.1114
"14105","zcta",2019,"food_state_rnk",41.0109
"14108","zcta",2019,"food_state_rnk",44.8547
"14109","zcta",2019,"food_state_rnk",NA
"14111","zcta",2019,"food_state_rnk",63.1659
"14112","zcta",2019,"food_state_rnk",75.5448
"14113","zcta",2019,"food_state_rnk",66.6465
"14120","zcta",2019,"food_state_rnk",43.2203
"14125","zcta",2019,"food_state_rnk",51.0593
"14126","zcta",2019,"food_state_rnk",71.2772
"14127","zcta",2019,"food_state_rnk",69.1586
"14129","zcta",2019,"food_state_rnk",33.3535
"14130","zcta",2019,"food_state_rnk",84.4431
"14131","zcta",2019,"food_state_rnk",75.5448
"14132","zcta",2019,"food_state_rnk",85.8959
"14134","zcta",2019,"food_state_rnk",97.5787
"14135","zcta",2019,"food_state_rnk",93.7651
"14136","zcta",2019,"food_state_rnk",30.0847
"14138","zcta",2019,"food_state_rnk",15.678
"14139","zcta",2019,"food_state_rnk",65.1634
"14141","zcta",2019,"food_state_rnk",35.109
"14143","zcta",2019,"food_state_rnk",73.3959
"14145","zcta",2019,"food_state_rnk",79.2373
"14150","zcta",2019,"food_state_rnk",32.5061
"14167","zcta",2019,"food_state_rnk",59.0799
"14168","zcta",2019,"food_state_rnk",NA
"14169","zcta",2019,"food_state_rnk",75
"14170","zcta",2019,"food_state_rnk",87.6513
"14171","zcta",2019,"food_state_rnk",40.1937
"14172","zcta",2019,"food_state_rnk",60.563
"14173","zcta",2019,"food_state_rnk",27.724
"14174","zcta",2019,"food_state_rnk",74.9395
"14201","zcta",2019,"food_state_rnk",1.1501
"14202","zcta",2019,"food_state_rnk",7.4455
"14203","zcta",2019,"food_state_rnk",3.753
"14204","zcta",2019,"food_state_rnk",1.0896
"14206","zcta",2019,"food_state_rnk",5.6295
"14207","zcta",2019,"food_state_rnk",0.9685
"14208","zcta",2019,"food_state_rnk",1.6344
"14209","zcta",2019,"food_state_rnk",7.9298
"14210","zcta",2019,"food_state_rnk",2.5424
"14211","zcta",2019,"food_state_rnk",1.3923
"14212","zcta",2019,"food_state_rnk",1.937
"14213","zcta",2019,"food_state_rnk",0.6053
"14214","zcta",2019,"food_state_rnk",6.2954
"14215","zcta",2019,"food_state_rnk",2.1792
"14216","zcta",2019,"food_state_rnk",23.7288
"14217","zcta",2019,"food_state_rnk",24.1828
"14218","zcta",2019,"food_state_rnk",6.5375
"14219","zcta",2019,"food_state_rnk",38.4383
"14220","zcta",2019,"food_state_rnk",17.04
"14221","zcta",2019,"food_state_rnk",65.9504
"14222","zcta",2019,"food_state_rnk",64.6186
"14223","zcta",2019,"food_state_rnk",42.2518
"14224","zcta",2019,"food_state_rnk",57.0218
"14225","zcta",2019,"food_state_rnk",22.6392
"14226","zcta",2019,"food_state_rnk",51.4528
"14227","zcta",2019,"food_state_rnk",63.5896
"14228","zcta",2019,"food_state_rnk",36.6525
"14261","zcta",2019,"food_state_rnk",NA
"14301","zcta",2019,"food_state_rnk",5.5085
"14302","zcta",2019,"food_state_rnk",NA
"14303","zcta",2019,"food_state_rnk",5.0847
"14304","zcta",2019,"food_state_rnk",47.2155
"14305","zcta",2019,"food_state_rnk",6.4467
"14411","zcta",2019,"food_state_rnk",13.7409
"14414","zcta",2019,"food_state_rnk",52.1792
"14415","zcta",2019,"food_state_rnk",42.9782
"14416","zcta",2019,"food_state_rnk",65.5569
"14418","zcta",2019,"food_state_rnk",60.0484
"14420","zcta",2019,"food_state_rnk",33.2324
"14422","zcta",2019,"food_state_rnk",80.569
"14423","zcta",2019,"food_state_rnk",67.7663
"14424","zcta",2019,"food_state_rnk",57.9298
"14425","zcta",2019,"food_state_rnk",44.7639
"14427","zcta",2019,"food_state_rnk",48.0327
"14428","zcta",2019,"food_state_rnk",48.7893
"14432","zcta",2019,"food_state_rnk",39.4068
"14433","zcta",2019,"food_state_rnk",29.1162
"14435","zcta",2019,"food_state_rnk",60.7748
"14437","zcta",2019,"food_state_rnk",28.3898
"14441","zcta",2019,"food_state_rnk",17.3123
"14445","zcta",2019,"food_state_rnk",36.1683
"14450","zcta",2019,"food_state_rnk",66.1925
"14454","zcta",2019,"food_state_rnk",30.3269
"14456","zcta",2019,"food_state_rnk",16.1622
"14462","zcta",2019,"food_state_rnk",55.5085
"14464","zcta",2019,"food_state_rnk",54.3584
"14466","zcta",2019,"food_state_rnk",32.8087
"14467","zcta",2019,"food_state_rnk",53.0872
"14468","zcta",2019,"food_state_rnk",69.6731
"14469","zcta",2019,"food_state_rnk",57.385
"14470","zcta",2019,"food_state_rnk",37.1671
"14471","zcta",2019,"food_state_rnk",14.77
"14472","zcta",2019,"food_state_rnk",88.862
"14475","zcta",2019,"food_state_rnk",88.5593
"14476","zcta",2019,"food_state_rnk",49.546
"14477","zcta",2019,"food_state_rnk",8.9588
"14478","zcta",2019,"food_state_rnk",NA
"14479","zcta",2019,"food_state_rnk",96.0654
"14480","zcta",2019,"food_state_rnk",4.9031
"14481","zcta",2019,"food_state_rnk",51.6344
"14482","zcta",2019,"food_state_rnk",44.3705
"14485","zcta",2019,"food_state_rnk",53.9649
"14486","zcta",2019,"food_state_rnk",64.8305
"14487","zcta",2019,"food_state_rnk",47.6998
"14489","zcta",2019,"food_state_rnk",30.4479
"14502","zcta",2019,"food_state_rnk",62.5303
"14504","zcta",2019,"food_state_rnk",59.2918
"14505","zcta",2019,"food_state_rnk",51.0593
"14506","zcta",2019,"food_state_rnk",85.9564
"14507","zcta",2019,"food_state_rnk",34.776
"14510","zcta",2019,"food_state_rnk",11.0775
"14511","zcta",2019,"food_state_rnk",86.3499
"14512","zcta",2019,"food_state_rnk",50.4237
"14513","zcta",2019,"food_state_rnk",21.1259
"14514","zcta",2019,"food_state_rnk",56.2651
"14516","zcta",2019,"food_state_rnk",59.1404
"14517","zcta",2019,"food_state_rnk",14.2857
"14519","zcta",2019,"food_state_rnk",80.7506
"14521","zcta",2019,"food_state_rnk",43.7651
"14522","zcta",2019,"food_state_rnk",51.816
"14525","zcta",2019,"food_state_rnk",82.385
"14526","zcta",2019,"food_state_rnk",80.3874
"14527","zcta",2019,"food_state_rnk",56.1743
"14529","zcta",2019,"food_state_rnk",93.9467
"14530","zcta",2019,"food_state_rnk",38.8015
"14532","zcta",2019,"food_state_rnk",68.9467
"14533","zcta",2019,"food_state_rnk",77.9056
"14534","zcta",2019,"food_state_rnk",77.4516
"14536","zcta",2019,"food_state_rnk",38.1356
"14537","zcta",2019,"food_state_rnk",94.5521
"14539","zcta",2019,"food_state_rnk",NA
"14541","zcta",2019,"food_state_rnk",NA
"14542","zcta",2019,"food_state_rnk",NA
"14543","zcta",2019,"food_state_rnk",74.092
"14544","zcta",2019,"food_state_rnk",55.0242
"14545","zcta",2019,"food_state_rnk",57.5061
"14546","zcta",2019,"food_state_rnk",35.7143
"14548","zcta",2019,"food_state_rnk",24.4855
"14549","zcta",2019,"food_state_rnk",NA
"14550","zcta",2019,"food_state_rnk",20.2785
"14551","zcta",2019,"food_state_rnk",24.8789
"14555","zcta",2019,"food_state_rnk",62.1065
"14559","zcta",2019,"food_state_rnk",61.3196
"14560","zcta",2019,"food_state_rnk",50.4843
"14561","zcta",2019,"food_state_rnk",52.8148
"14564","zcta",2019,"food_state_rnk",74.5763
"14568","zcta",2019,"food_state_rnk",82.4455
"14569","zcta",2019,"food_state_rnk",46.1864
"14571","zcta",2019,"food_state_rnk",29.661
"14572","zcta",2019,"food_state_rnk",49.1223
"14580","zcta",2019,"food_state_rnk",61.5617
"14585","zcta",2019,"food_state_rnk",NA
"14586","zcta",2019,"food_state_rnk",46.0048
"14588","zcta",2019,"food_state_rnk",NA
"14589","zcta",2019,"food_state_rnk",18.8257
"14590","zcta",2019,"food_state_rnk",24.8184
"14591","zcta",2019,"food_state_rnk",44.0678
"14592","zcta",2019,"food_state_rnk",NA
"14604","zcta",2019,"food_state_rnk",38.9831
"14605","zcta",2019,"food_state_rnk",0.1816
"14606","zcta",2019,"food_state_rnk",8.2324
"14607","zcta",2019,"food_state_rnk",25.3027
"14608","zcta",2019,"food_state_rnk",0.1211
"14609","zcta",2019,"food_state_rnk",5.6901
"14610","zcta",2019,"food_state_rnk",77.9964
"14611","zcta",2019,"food_state_rnk",0.7264
"14612","zcta",2019,"food_state_rnk",44.6126
"14613","zcta",2019,"food_state_rnk",1.5133
"14614","zcta",2019,"food_state_rnk",NA
"14615","zcta",2019,"food_state_rnk",7.3245
"14616","zcta",2019,"food_state_rnk",16.0412
"14617","zcta",2019,"food_state_rnk",71.1864
"14618","zcta",2019,"food_state_rnk",82.1731
"14619","zcta",2019,"food_state_rnk",4.0557
"14620","zcta",2019,"food_state_rnk",21.368
"14621","zcta",2019,"food_state_rnk",0.908
"14622","zcta",2019,"food_state_rnk",36.9249
"14623","zcta",2019,"food_state_rnk",29.4794
"14624","zcta",2019,"food_state_rnk",45.8838
"14625","zcta",2019,"food_state_rnk",74.6973
"14626","zcta",2019,"food_state_rnk",40.0121
"14627","zcta",2019,"food_state_rnk",NA
"14701","zcta",2019,"food_state_rnk",5.9322
"14706","zcta",2019,"food_state_rnk",43.8862
"14707","zcta",2019,"food_state_rnk",85.7143
"14708","zcta",2019,"food_state_rnk",47.4274
"14709","zcta",2019,"food_state_rnk",30.7809
"14710","zcta",2019,"food_state_rnk",45.7324
"14711","zcta",2019,"food_state_rnk",39.2857
"14712","zcta",2019,"food_state_rnk",81.9613
"14714","zcta",2019,"food_state_rnk",63.1659
"14715","zcta",2019,"food_state_rnk",17.6755
"14716","zcta",2019,"food_state_rnk",13.1356
"14717","zcta",2019,"food_state_rnk",61.3801
"14718","zcta",2019,"food_state_rnk",37.8935
"14719","zcta",2019,"food_state_rnk",37.5908
"14720","zcta",2019,"food_state_rnk",13.3172
"14721","zcta",2019,"food_state_rnk",19.7942
"14722","zcta",2019,"food_state_rnk",NA
"14723","zcta",2019,"food_state_rnk",47.155
"14724","zcta",2019,"food_state_rnk",66.0714
"14726","zcta",2019,"food_state_rnk",29.2373
"14727","zcta",2019,"food_state_rnk",36.2591
"14728","zcta",2019,"food_state_rnk",86.592
"14729","zcta",2019,"food_state_rnk",88.2567
"14731","zcta",2019,"food_state_rnk",57.2034
"14732","zcta",2019,"food_state_rnk",53.2082
"14733","zcta",2019,"food_state_rnk",36.3196
"14735","zcta",2019,"food_state_rnk",14.9516
"14736","zcta",2019,"food_state_rnk",54.8123
"14737","zcta",2019,"food_state_rnk",16.2228
"14738","zcta",2019,"food_state_rnk",31.2349
"14739","zcta",2019,"food_state_rnk",8.414
"14740","zcta",2019,"food_state_rnk",31.477
"14741","zcta",2019,"food_state_rnk",40.3753
"14742","zcta",2019,"food_state_rnk",NA
"14743","zcta",2019,"food_state_rnk",15.6174
"14744","zcta",2019,"food_state_rnk",NA
"14747","zcta",2019,"food_state_rnk",29.7821
"14748","zcta",2019,"food_state_rnk",4.9637
"14750","zcta",2019,"food_state_rnk",42.1308
"14752","zcta",2019,"food_state_rnk",11.6828
"14753","zcta",2019,"food_state_rnk",11.3196
"14754","zcta",2019,"food_state_rnk",18.7651
"14755","zcta",2019,"food_state_rnk",19.3099
"14756","zcta",2019,"food_state_rnk",NA
"14757","zcta",2019,"food_state_rnk",48.2446
"14760","zcta",2019,"food_state_rnk",18.0387
"14767","zcta",2019,"food_state_rnk",32.9298
"14769","zcta",2019,"food_state_rnk",8.6562
"14770","zcta",2019,"food_state_rnk",22.4576
"14772","zcta",2019,"food_state_rnk",37.2276
"14774","zcta",2019,"food_state_rnk",NA
"14775","zcta",2019,"food_state_rnk",20.5811
"14777","zcta",2019,"food_state_rnk",7.385
"14778","zcta",2019,"food_state_rnk",NA
"14779","zcta",2019,"food_state_rnk",6.1743
"14781","zcta",2019,"food_state_rnk",47.0339
"14782","zcta",2019,"food_state_rnk",14.5278
"14783","zcta",2019,"food_state_rnk",25.3632
"14784","zcta",2019,"food_state_rnk",37.3487
"14787","zcta",2019,"food_state_rnk",31.7797
"14788","zcta",2019,"food_state_rnk",NA
"14801","zcta",2019,"food_state_rnk",37.5
"14802","zcta",2019,"food_state_rnk",NA
"14803","zcta",2019,"food_state_rnk",42.6755
"14804","zcta",2019,"food_state_rnk",25.4237
"14805","zcta",2019,"food_state_rnk",43.1598
"14806","zcta",2019,"food_state_rnk",24.7579
"14807","zcta",2019,"food_state_rnk",58.414
"14808","zcta",2019,"food_state_rnk",77.845
"14809","zcta",2019,"food_state_rnk",38.3172
"14810","zcta",2019,"food_state_rnk",13.1961
"14812","zcta",2019,"food_state_rnk",37.046
"14813","zcta",2019,"food_state_rnk",20.46
"14814","zcta",2019,"food_state_rnk",93.8257
"14815","zcta",2019,"food_state_rnk",31.3559
"14816","zcta",2019,"food_state_rnk",81.8705
"14817","zcta",2019,"food_state_rnk",67.0702
"14818","zcta",2019,"food_state_rnk",58.4746
"14819","zcta",2019,"food_state_rnk",25
"14820","zcta",2019,"food_state_rnk",34.5036
"14821","zcta",2019,"food_state_rnk",30.8717
"14822","zcta",2019,"food_state_rnk",45.2179
"14823","zcta",2019,"food_state_rnk",35.563
"14824","zcta",2019,"food_state_rnk",71.1259
"14825","zcta",2019,"food_state_rnk",86.592
"14826","zcta",2019,"food_state_rnk",28.0872
"14827","zcta",2019,"food_state_rnk",96.7918
"14830","zcta",2019,"food_state_rnk",40.7688
"14836","zcta",2019,"food_state_rnk",65.345
"14837","zcta",2019,"food_state_rnk",26.0291
"14838","zcta",2019,"food_state_rnk",47.4274
"14839","zcta",2019,"food_state_rnk",30.6295
"14840","zcta",2019,"food_state_rnk",62.3789
"14841","zcta",2019,"food_state_rnk",88.3475
"14842","zcta",2019,"food_state_rnk",85.3511
"14843","zcta",2019,"food_state_rnk",18.8862
"14845","zcta",2019,"food_state_rnk",56.7191
"14846","zcta",2019,"food_state_rnk",41.2833
"14847","zcta",2019,"food_state_rnk",56.5981
"14850","zcta",2019,"food_state_rnk",34.6247
"14853","zcta",2019,"food_state_rnk",NA
"14854","zcta",2019,"food_state_rnk",NA
"14855","zcta",2019,"food_state_rnk",66.0714
"14856","zcta",2019,"food_state_rnk",0.3632
"14858","zcta",2019,"food_state_rnk",44.431
"14859","zcta",2019,"food_state_rnk",43.069
"14860","zcta",2019,"food_state_rnk",65.6477
"14861","zcta",2019,"food_state_rnk",17.04
"14864","zcta",2019,"food_state_rnk",31.9007
"14865","zcta",2019,"food_state_rnk",20.0969
"14867","zcta",2019,"food_state_rnk",29.5702
"14869","zcta",2019,"food_state_rnk",27.2397
"14870","zcta",2019,"food_state_rnk",56.4165
"14871","zcta",2019,"food_state_rnk",67.0097
"14872","zcta",2019,"food_state_rnk",41.7676
"14873","zcta",2019,"food_state_rnk",29.9637
"14874","zcta",2019,"food_state_rnk",29.9031
"14877","zcta",2019,"food_state_rnk",38.1961
"14878","zcta",2019,"food_state_rnk",33.293
"14879","zcta",2019,"food_state_rnk",33.4746
"14880","zcta",2019,"food_state_rnk",21.4891
"14881","zcta",2019,"food_state_rnk",92.0097
"14882","zcta",2019,"food_state_rnk",49.546
"14883","zcta",2019,"food_state_rnk",20.9443
"14884","zcta",2019,"food_state_rnk",18.6743
"14885","zcta",2019,"food_state_rnk",21.5496
"14886","zcta",2019,"food_state_rnk",48.6077
"14889","zcta",2019,"food_state_rnk",36.5012
"14891","zcta",2019,"food_state_rnk",20.6416
"14892","zcta",2019,"food_state_rnk",20.7022
"14893","zcta",2019,"food_state_rnk",NA
"14894","zcta",2019,"food_state_rnk",17.3729
"14895","zcta",2019,"food_state_rnk",29.2978
"14897","zcta",2019,"food_state_rnk",20.1574
"14898","zcta",2019,"food_state_rnk",52.0884
"14901","zcta",2019,"food_state_rnk",4.7821
"14903","zcta",2019,"food_state_rnk",49.0315
"14904","zcta",2019,"food_state_rnk",9.0799
"14905","zcta",2019,"food_state_rnk",34.0194
"06390","zcta",2019,"food_state_rnk",99.4249
