"geoid","geolevel","year","level","value"
"04001942600","tract",2019,"food_score",55.34
"04001942700","tract",2019,"food_score",76.02
"04001944000","tract",2019,"food_score",79.63
"04001944100","tract",2019,"food_score",63.84
"04001944201","tract",2019,"food_score",55.58
"04001944202","tract",2019,"food_score",64.32
"04001944300","tract",2019,"food_score",63.73
"04001944901","tract",2019,"food_score",71.04
"04001944902","tract",2019,"food_score",68.75
"04001945001","tract",2019,"food_score",83.16
"04001945002","tract",2019,"food_score",67.25
"04001945100","tract",2019,"food_score",71.72
"04001970200","tract",2019,"food_score",113.78
"04001970300","tract",2019,"food_score",64.89
"04001970501","tract",2019,"food_score",107.74
"04001970502","tract",2019,"food_score",100.47
"04003000100","tract",2019,"food_score",97.85
"04003000201","tract",2019,"food_score",114.93
"04003000202","tract",2019,"food_score",65.53
"04003000203","tract",2019,"food_score",100.94
"04003000301","tract",2019,"food_score",74.82
"04003000302","tract",2019,"food_score",98.29
"04003000303","tract",2019,"food_score",92.87
"04003000400","tract",2019,"food_score",87.56
"04003000500","tract",2019,"food_score",NA
"04003000600","tract",2019,"food_score",58.78
"04003000700","tract",2019,"food_score",64.87
"04003000800","tract",2019,"food_score",73.94
"04003000901","tract",2019,"food_score",71.49
"04003000902","tract",2019,"food_score",61.27
"04003001000","tract",2019,"food_score",102.47
"04003001100","tract",2019,"food_score",75.13
"04003001200","tract",2019,"food_score",75.33
"04003001300","tract",2019,"food_score",82.5
"04003001401","tract",2019,"food_score",NA
"04003001402","tract",2019,"food_score",122.63
"04003001501","tract",2019,"food_score",92.69
"04003001502","tract",2019,"food_score",67.68
"04003001601","tract",2019,"food_score",70.82
"04003001602","tract",2019,"food_score",93.99
"04003001701","tract",2019,"food_score",80.25
"04003001702","tract",2019,"food_score",86.26
"04003001703","tract",2019,"food_score",105.66
"04003001800","tract",2019,"food_score",114.39
"04003001900","tract",2019,"food_score",108.03
"04003002001","tract",2019,"food_score",80.68
"04003002002","tract",2019,"food_score",110.31
"04003002100","tract",2019,"food_score",110.76
"04005000100","tract",2019,"food_score",118.87
"04005000200","tract",2019,"food_score",124.72
"04005000300","tract",2019,"food_score",102.77
"04005000400","tract",2019,"food_score",102.87
"04005000500","tract",2019,"food_score",100.29
"04005000600","tract",2019,"food_score",108.96
"04005000700","tract",2019,"food_score",104.25
"04005000800","tract",2019,"food_score",89.23
"04005000900","tract",2019,"food_score",122.69
"04005001000","tract",2019,"food_score",NA
"04005001101","tract",2019,"food_score",117.98
"04005001102","tract",2019,"food_score",111.32
"04005001200","tract",2019,"food_score",114.82
"04005001301","tract",2019,"food_score",120.62
"04005001302","tract",2019,"food_score",104.63
"04005001500","tract",2019,"food_score",109.24
"04005001600","tract",2019,"food_score",120.19
"04005001700","tract",2019,"food_score",94.04
"04005002000","tract",2019,"food_score",109.18
"04005002100","tract",2019,"food_score",107.84
"04005002200","tract",2019,"food_score",122.87
"04005002300","tract",2019,"food_score",120.62
"04005942201","tract",2019,"food_score",84.52
"04005942202","tract",2019,"food_score",68.9
"04005944900","tract",2019,"food_score",73.3
"04005945000","tract",2019,"food_score",68.81
"04005945100","tract",2019,"food_score",66.51
"04005945200","tract",2019,"food_score",82.93
"04007000100","tract",2019,"food_score",108.36
"04007000200","tract",2019,"food_score",80.36
"04007000301","tract",2019,"food_score",100.02
"04007000302","tract",2019,"food_score",81.03
"04007000400","tract",2019,"food_score",117.28
"04007000500","tract",2019,"food_score",110.38
"04007000600","tract",2019,"food_score",79.02
"04007000700","tract",2019,"food_score",106.13
"04007000800","tract",2019,"food_score",62.5
"04007000900","tract",2019,"food_score",83.82
"04007001000","tract",2019,"food_score",86.7
"04007001100","tract",2019,"food_score",90.14
"04007001200","tract",2019,"food_score",106.85
"04007001300","tract",2019,"food_score",78.31
"04007940200","tract",2019,"food_score",53.91
"04007940400","tract",2019,"food_score",41.92
"04009940500","tract",2019,"food_score",49.59
"04009961100","tract",2019,"food_score",96.36
"04009961201","tract",2019,"food_score",111.55
"04009961202","tract",2019,"food_score",109.2
"04009961300","tract",2019,"food_score",91.71
"04009961400","tract",2019,"food_score",105.65
"04009961500","tract",2019,"food_score",92.35
"04009961600","tract",2019,"food_score",NA
"04009961700","tract",2019,"food_score",101.81
"04011960100","tract",2019,"food_score",106.98
"04011960200","tract",2019,"food_score",107.79
"04011960300","tract",2019,"food_score",102.07
"04012020100","tract",2019,"food_score",92.3
"04012020201","tract",2019,"food_score",83.86
"04012020202","tract",2019,"food_score",105.45
"04012020501","tract",2019,"food_score",100.22
"04012020502","tract",2019,"food_score",120.41
"04012020602","tract",2019,"food_score",104.05
"04012940200","tract",2019,"food_score",93.77
"04012940300","tract",2019,"food_score",68.6
"04012980000","tract",2019,"food_score",NA
"04013010101","tract",2019,"food_score",128.51
"04013010102","tract",2019,"food_score",124.89
"04013030401","tract",2019,"food_score",124.57
"04013030402","tract",2019,"food_score",108.16
"04013040502","tract",2019,"food_score",111.35
"04013040506","tract",2019,"food_score",114.17
"04013040507","tract",2019,"food_score",113.62
"04013040512","tract",2019,"food_score",110.54
"04013040513","tract",2019,"food_score",125.26
"04013040514","tract",2019,"food_score",128.32
"04013040515","tract",2019,"food_score",96.23
"04013040516","tract",2019,"food_score",119.55
"04013040517","tract",2019,"food_score",108.6
"04013040518","tract",2019,"food_score",105.62
"04013040519","tract",2019,"food_score",125.48
"04013040520","tract",2019,"food_score",119.3
"04013040521","tract",2019,"food_score",109.87
"04013040522","tract",2019,"food_score",116.6
"04013040523","tract",2019,"food_score",128.13
"04013040524","tract",2019,"food_score",115.04
"04013040525","tract",2019,"food_score",84.72
"04013040526","tract",2019,"food_score",111.29
"04013040527","tract",2019,"food_score",124.35
"04013040528","tract",2019,"food_score",115.66
"04013040529","tract",2019,"food_score",116.24
"04013040530","tract",2019,"food_score",98.46
"04013040531","tract",2019,"food_score",93.69
"04013050603","tract",2019,"food_score",84.91
"04013050604","tract",2019,"food_score",94.71
"04013050605","tract",2019,"food_score",115.68
"04013050606","tract",2019,"food_score",122.19
"04013050607","tract",2019,"food_score",106.63
"04013050608","tract",2019,"food_score",102.67
"04013050609","tract",2019,"food_score",112.8
"04013050610","tract",2019,"food_score",115.62
"04013050611","tract",2019,"food_score",97.45
"04013050701","tract",2019,"food_score",98.72
"04013050702","tract",2019,"food_score",79.11
"04013060801","tract",2019,"food_score",70.11
"04013060802","tract",2019,"food_score",87.93
"04013060901","tract",2019,"food_score",82.02
"04013060902","tract",2019,"food_score",79.82
"04013060903","tract",2019,"food_score",83.15
"04013060904","tract",2019,"food_score",80.86
"04013061009","tract",2019,"food_score",116.07
"04013061010","tract",2019,"food_score",112.12
"04013061011","tract",2019,"food_score",96.63
"04013061012","tract",2019,"food_score",126.96
"04013061013","tract",2019,"food_score",113.49
"04013061014","tract",2019,"food_score",111.25
"04013061015","tract",2019,"food_score",108.61
"04013061016","tract",2019,"food_score",122.64
"04013061017","tract",2019,"food_score",NA
"04013061018","tract",2019,"food_score",113.84
"04013061019","tract",2019,"food_score",110.34
"04013061020","tract",2019,"food_score",118.11
"04013061021","tract",2019,"food_score",108.81
"04013061022","tract",2019,"food_score",112.56
"04013061023","tract",2019,"food_score",114.31
"04013061024","tract",2019,"food_score",115.2
"04013061025","tract",2019,"food_score",116.37
"04013061026","tract",2019,"food_score",106.92
"04013061027","tract",2019,"food_score",114.98
"04013061028","tract",2019,"food_score",102.4
"04013061029","tract",2019,"food_score",106.96
"04013061030","tract",2019,"food_score",112.17
"04013061031","tract",2019,"food_score",116.07
"04013061032","tract",2019,"food_score",110.33
"04013061033","tract",2019,"food_score",112.2
"04013061034","tract",2019,"food_score",115.23
"04013061035","tract",2019,"food_score",107.91
"04013061036","tract",2019,"food_score",121.03
"04013061037","tract",2019,"food_score",107.81
"04013061038","tract",2019,"food_score",108.25
"04013061039","tract",2019,"food_score",113.85
"04013061040","tract",2019,"food_score",97.65
"04013061041","tract",2019,"food_score",99.31
"04013061042","tract",2019,"food_score",105.29
"04013061043","tract",2019,"food_score",109.57
"04013061044","tract",2019,"food_score",103.61
"04013061045","tract",2019,"food_score",117.6
"04013061046","tract",2019,"food_score",97.87
"04013061047","tract",2019,"food_score",119.24
"04013061100","tract",2019,"food_score",111.27
"04013061200","tract",2019,"food_score",51.03
"04013061300","tract",2019,"food_score",101.93
"04013061401","tract",2019,"food_score",53.24
"04013061402","tract",2019,"food_score",78.58
"04013071503","tract",2019,"food_score",125.87
"04013071504","tract",2019,"food_score",89.6
"04013071505","tract",2019,"food_score",106.1
"04013071506","tract",2019,"food_score",113.2
"04013071509","tract",2019,"food_score",114.03
"04013071510","tract",2019,"food_score",122.69
"04013071511","tract",2019,"food_score",104.36
"04013071512","tract",2019,"food_score",113.2
"04013071513","tract",2019,"food_score",101.73
"04013071514","tract",2019,"food_score",113.48
"04013071515","tract",2019,"food_score",114.95
"04013071516","tract",2019,"food_score",118.02
"04013071517","tract",2019,"food_score",109.43
"04013071600","tract",2019,"food_score",89.69
"04013071701","tract",2019,"food_score",94.96
"04013071702","tract",2019,"food_score",79.64
"04013071801","tract",2019,"food_score",109.58
"04013071802","tract",2019,"food_score",110.05
"04013071903","tract",2019,"food_score",105.97
"04013071906","tract",2019,"food_score",91.43
"04013071909","tract",2019,"food_score",101.39
"04013071910","tract",2019,"food_score",107.19
"04013071911","tract",2019,"food_score",110.95
"04013071912","tract",2019,"food_score",89.13
"04013071913","tract",2019,"food_score",81.22
"04013071914","tract",2019,"food_score",92.27
"04013071915","tract",2019,"food_score",85.56
"04013082002","tract",2019,"food_score",99.48
"04013082007","tract",2019,"food_score",92.91
"04013082008","tract",2019,"food_score",97.02
"04013082009","tract",2019,"food_score",93.99
"04013082010","tract",2019,"food_score",75.96
"04013082012","tract",2019,"food_score",102.44
"04013082016","tract",2019,"food_score",119.93
"04013082017","tract",2019,"food_score",104.97
"04013082018","tract",2019,"food_score",77.19
"04013082019","tract",2019,"food_score",110.63
"04013082020","tract",2019,"food_score",121.53
"04013082021","tract",2019,"food_score",97.53
"04013082022","tract",2019,"food_score",94.55
"04013082023","tract",2019,"food_score",107.43
"04013082024","tract",2019,"food_score",91.91
"04013082025","tract",2019,"food_score",96.62
"04013082026","tract",2019,"food_score",103.51
"04013082027","tract",2019,"food_score",102.72
"04013082028","tract",2019,"food_score",99.55
"04013082203","tract",2019,"food_score",107.6
"04013082204","tract",2019,"food_score",108.31
"04013082205","tract",2019,"food_score",109.3
"04013082206","tract",2019,"food_score",92.7
"04013082207","tract",2019,"food_score",85.93
"04013082208","tract",2019,"food_score",92.45
"04013082209","tract",2019,"food_score",66.91
"04013082210","tract",2019,"food_score",103.49
"04013082211","tract",2019,"food_score",94.33
"04013083000","tract",2019,"food_score",82.56
"04013092305","tract",2019,"food_score",90.81
"04013092306","tract",2019,"food_score",95.18
"04013092307","tract",2019,"food_score",87.36
"04013092308","tract",2019,"food_score",84.85
"04013092309","tract",2019,"food_score",90.23
"04013092311","tract",2019,"food_score",68.59
"04013092312","tract",2019,"food_score",100.13
"04013092401","tract",2019,"food_score",87.97
"04013092402","tract",2019,"food_score",76.91
"04013092500","tract",2019,"food_score",85.39
"04013092600","tract",2019,"food_score",33.88
"04013092705","tract",2019,"food_score",78.53
"04013092708","tract",2019,"food_score",78.04
"04013092709","tract",2019,"food_score",102.72
"04013092710","tract",2019,"food_score",98.93
"04013092711","tract",2019,"food_score",91.81
"04013092712","tract",2019,"food_score",100.84
"04013092713","tract",2019,"food_score",98.08
"04013092715","tract",2019,"food_score",99.35
"04013092716","tract",2019,"food_score",98.29
"04013092717","tract",2019,"food_score",86.16
"04013092718","tract",2019,"food_score",63.52
"04013092719","tract",2019,"food_score",103.72
"04013092720","tract",2019,"food_score",104.83
"04013092721","tract",2019,"food_score",117.24
"04013092723","tract",2019,"food_score",103.94
"04013092724","tract",2019,"food_score",89.04
"04013092801","tract",2019,"food_score",45.51
"04013092802","tract",2019,"food_score",71.9
"04013092900","tract",2019,"food_score",68.66
"04013093001","tract",2019,"food_score",66.97
"04013093002","tract",2019,"food_score",76.28
"04013093101","tract",2019,"food_score",63.07
"04013093104","tract",2019,"food_score",53.5
"04013093105","tract",2019,"food_score",63.58
"04013093106","tract",2019,"food_score",85.34
"04013093200","tract",2019,"food_score",75.16
"04013103205","tract",2019,"food_score",114.99
"04013103206","tract",2019,"food_score",121.07
"04013103207","tract",2019,"food_score",117.98
"04013103208","tract",2019,"food_score",109.87
"04013103209","tract",2019,"food_score",121.31
"04013103210","tract",2019,"food_score",121.09
"04013103211","tract",2019,"food_score",111.16
"04013103212","tract",2019,"food_score",123.79
"04013103214","tract",2019,"food_score",110.65
"04013103215","tract",2019,"food_score",102.36
"04013103216","tract",2019,"food_score",112.11
"04013103217","tract",2019,"food_score",107.93
"04013103219","tract",2019,"food_score",119.94
"04013103220","tract",2019,"food_score",121.9
"04013103302","tract",2019,"food_score",90.79
"04013103303","tract",2019,"food_score",93.16
"04013103304","tract",2019,"food_score",83.02
"04013103305","tract",2019,"food_score",85.87
"04013103306","tract",2019,"food_score",70.37
"04013103400","tract",2019,"food_score",104.2
"04013103501","tract",2019,"food_score",92.29
"04013103502","tract",2019,"food_score",113.2
"04013103604","tract",2019,"food_score",97.99
"04013103605","tract",2019,"food_score",119.86
"04013103606","tract",2019,"food_score",112.94
"04013103607","tract",2019,"food_score",115.65
"04013103608","tract",2019,"food_score",102.66
"04013103609","tract",2019,"food_score",103.72
"04013103611","tract",2019,"food_score",113.45
"04013103612","tract",2019,"food_score",104.07
"04013103614","tract",2019,"food_score",109.68
"04013103615","tract",2019,"food_score",74.91
"04013103701","tract",2019,"food_score",92.39
"04013103702","tract",2019,"food_score",110.64
"04013103900","tract",2019,"food_score",84.44
"04013104000","tract",2019,"food_score",99.58
"04013104100","tract",2019,"food_score",101.49
"04013104202","tract",2019,"food_score",102.27
"04013104203","tract",2019,"food_score",110.66
"04013104204","tract",2019,"food_score",110.22
"04013104205","tract",2019,"food_score",77.86
"04013104206","tract",2019,"food_score",95.44
"04013104207","tract",2019,"food_score",111.19
"04013104212","tract",2019,"food_score",100.12
"04013104214","tract",2019,"food_score",109.69
"04013104215","tract",2019,"food_score",103.28
"04013104216","tract",2019,"food_score",97.21
"04013104217","tract",2019,"food_score",97.22
"04013104218","tract",2019,"food_score",96.84
"04013104219","tract",2019,"food_score",103.54
"04013104221","tract",2019,"food_score",99.67
"04013104222","tract",2019,"food_score",92
"04013104223","tract",2019,"food_score",106.76
"04013104224","tract",2019,"food_score",110.51
"04013104225","tract",2019,"food_score",86.52
"04013104226","tract",2019,"food_score",91.39
"04013104227","tract",2019,"food_score",88.71
"04013104301","tract",2019,"food_score",103.19
"04013104302","tract",2019,"food_score",98.71
"04013104401","tract",2019,"food_score",90.86
"04013104402","tract",2019,"food_score",91.73
"04013104501","tract",2019,"food_score",83.68
"04013104502","tract",2019,"food_score",75.7
"04013104600","tract",2019,"food_score",91.18
"04013104701","tract",2019,"food_score",81.42
"04013104702","tract",2019,"food_score",99.86
"04013104801","tract",2019,"food_score",107.61
"04013104802","tract",2019,"food_score",118.56
"04013104900","tract",2019,"food_score",105.84
"04013105002","tract",2019,"food_score",120.78
"04013105003","tract",2019,"food_score",123.08
"04013105004","tract",2019,"food_score",127.25
"04013105101","tract",2019,"food_score",123.1
"04013105102","tract",2019,"food_score",124.55
"04013105103","tract",2019,"food_score",122.86
"04013105200","tract",2019,"food_score",103.32
"04013105300","tract",2019,"food_score",115.88
"04013105400","tract",2019,"food_score",108.12
"04013105501","tract",2019,"food_score",83.94
"04013105502","tract",2019,"food_score",64.37
"04013105503","tract",2019,"food_score",84.1
"04013105601","tract",2019,"food_score",87.82
"04013105602","tract",2019,"food_score",68.12
"04013105701","tract",2019,"food_score",85.38
"04013105702","tract",2019,"food_score",88.16
"04013105800","tract",2019,"food_score",93.79
"04013105900","tract",2019,"food_score",80.05
"04013106001","tract",2019,"food_score",64.43
"04013106002","tract",2019,"food_score",87.73
"04013106003","tract",2019,"food_score",83.04
"04013106100","tract",2019,"food_score",114.04
"04013106200","tract",2019,"food_score",120.11
"04013106300","tract",2019,"food_score",104.17
"04013106400","tract",2019,"food_score",115.15
"04013106501","tract",2019,"food_score",110.84
"04013106502","tract",2019,"food_score",108.4
"04013106600","tract",2019,"food_score",116.3
"04013106701","tract",2019,"food_score",63.07
"04013106702","tract",2019,"food_score",112.1
"04013106703","tract",2019,"food_score",100.36
"04013106801","tract",2019,"food_score",58.21
"04013106802","tract",2019,"food_score",97.4
"04013106900","tract",2019,"food_score",74.7
"04013107000","tract",2019,"food_score",77.92
"04013107101","tract",2019,"food_score",85.1
"04013107102","tract",2019,"food_score",74.61
"04013107201","tract",2019,"food_score",NA
"04013107202","tract",2019,"food_score",98.28
"04013107300","tract",2019,"food_score",84.12
"04013107400","tract",2019,"food_score",78.27
"04013107500","tract",2019,"food_score",118.79
"04013107601","tract",2019,"food_score",93.19
"04013107602","tract",2019,"food_score",109.24
"04013107700","tract",2019,"food_score",116.88
"04013107800","tract",2019,"food_score",122.44
"04013107900","tract",2019,"food_score",117.26
"04013108000","tract",2019,"food_score",122.28
"04013108100","tract",2019,"food_score",119.88
"04013108200","tract",2019,"food_score",113.09
"04013108301","tract",2019,"food_score",110.6
"04013108302","tract",2019,"food_score",94.76
"04013108400","tract",2019,"food_score",103.95
"04013108501","tract",2019,"food_score",115.82
"04013108502","tract",2019,"food_score",116.09
"04013108601","tract",2019,"food_score",69.19
"04013108602","tract",2019,"food_score",91.43
"04013108802","tract",2019,"food_score",110.87
"04013108901","tract",2019,"food_score",103.68
"04013108902","tract",2019,"food_score",73.06
"04013109001","tract",2019,"food_score",65.7
"04013109002","tract",2019,"food_score",66.75
"04013109003","tract",2019,"food_score",64.73
"04013109101","tract",2019,"food_score",94.02
"04013109102","tract",2019,"food_score",74.64
"04013109200","tract",2019,"food_score",52.22
"04013109300","tract",2019,"food_score",71
"04013109400","tract",2019,"food_score",81.95
"04013109500","tract",2019,"food_score",91.68
"04013109601","tract",2019,"food_score",73.57
"04013109602","tract",2019,"food_score",80.3
"04013109603","tract",2019,"food_score",73.63
"04013109604","tract",2019,"food_score",67.87
"04013109701","tract",2019,"food_score",76.95
"04013109702","tract",2019,"food_score",88.17
"04013109703","tract",2019,"food_score",83.44
"04013109704","tract",2019,"food_score",77.46
"04013109705","tract",2019,"food_score",85.76
"04013109801","tract",2019,"food_score",76.15
"04013109802","tract",2019,"food_score",78.37
"04013109900","tract",2019,"food_score",71.77
"04013110001","tract",2019,"food_score",64.2
"04013110002","tract",2019,"food_score",81.95
"04013110100","tract",2019,"food_score",77.47
"04013110400","tract",2019,"food_score",101.65
"04013110501","tract",2019,"food_score",104.12
"04013110502","tract",2019,"food_score",108.14
"04013110600","tract",2019,"food_score",121.38
"04013110701","tract",2019,"food_score",94.75
"04013110702","tract",2019,"food_score",109.27
"04013110801","tract",2019,"food_score",99.2
"04013110802","tract",2019,"food_score",97.32
"04013110901","tract",2019,"food_score",87.87
"04013110902","tract",2019,"food_score",65.14
"04013111000","tract",2019,"food_score",105.71
"04013111100","tract",2019,"food_score",115.14
"04013111201","tract",2019,"food_score",113.07
"04013111202","tract",2019,"food_score",91.21
"04013111203","tract",2019,"food_score",65.09
"04013111204","tract",2019,"food_score",99.96
"04013111300","tract",2019,"food_score",101.9
"04013111401","tract",2019,"food_score",81.74
"04013111402","tract",2019,"food_score",92
"04013111501","tract",2019,"food_score",109.67
"04013111502","tract",2019,"food_score",94.89
"04013111601","tract",2019,"food_score",91.31
"04013111602","tract",2019,"food_score",77.82
"04013111700","tract",2019,"food_score",101.87
"04013111800","tract",2019,"food_score",114.42
"04013111900","tract",2019,"food_score",95.93
"04013112100","tract",2019,"food_score",75.18
"04013112201","tract",2019,"food_score",78.77
"04013112202","tract",2019,"food_score",93.94
"04013112301","tract",2019,"food_score",83
"04013112302","tract",2019,"food_score",79.91
"04013112401","tract",2019,"food_score",70.95
"04013112402","tract",2019,"food_score",83.94
"04013112502","tract",2019,"food_score",90.78
"04013112503","tract",2019,"food_score",87.97
"04013112504","tract",2019,"food_score",61.65
"04013112505","tract",2019,"food_score",83.91
"04013112507","tract",2019,"food_score",50.37
"04013112508","tract",2019,"food_score",76.08
"04013112509","tract",2019,"food_score",67.73
"04013112510","tract",2019,"food_score",89.27
"04013112511","tract",2019,"food_score",103.63
"04013112512","tract",2019,"food_score",105.75
"04013112513","tract",2019,"food_score",83.67
"04013112514","tract",2019,"food_score",97.22
"04013112601","tract",2019,"food_score",68.07
"04013112602","tract",2019,"food_score",71.24
"04013112700","tract",2019,"food_score",78.42
"04013112900","tract",2019,"food_score",73.75
"04013113000","tract",2019,"food_score",114.26
"04013113100","tract",2019,"food_score",NA
"04013113201","tract",2019,"food_score",67.57
"04013113202","tract",2019,"food_score",64.24
"04013113203","tract",2019,"food_score",69.2
"04013113300","tract",2019,"food_score",50
"04013113400","tract",2019,"food_score",NA
"04013113501","tract",2019,"food_score",77.21
"04013113502","tract",2019,"food_score",74.25
"04013113601","tract",2019,"food_score",93.62
"04013113602","tract",2019,"food_score",60.14
"04013113700","tract",2019,"food_score",73.4
"04013113801","tract",2019,"food_score",103.02
"04013113802","tract",2019,"food_score",NA
"04013113900","tract",2019,"food_score",35.66
"04013114000","tract",2019,"food_score",116.87
"04013114100","tract",2019,"food_score",NA
"04013114200","tract",2019,"food_score",87.29
"04013114301","tract",2019,"food_score",97.23
"04013114302","tract",2019,"food_score",44.89
"04013114401","tract",2019,"food_score",72.2
"04013114402","tract",2019,"food_score",78.63
"04013114500","tract",2019,"food_score",77.39
"04013114600","tract",2019,"food_score",55.33
"04013114703","tract",2019,"food_score",NA
"04013114800","tract",2019,"food_score",64.88
"04013114900","tract",2019,"food_score",67.91
"04013115200","tract",2019,"food_score",86.03
"04013115300","tract",2019,"food_score",67.09
"04013115400","tract",2019,"food_score",59.87
"04013115500","tract",2019,"food_score",76.09
"04013115600","tract",2019,"food_score",93.53
"04013115700","tract",2019,"food_score",75.16
"04013115801","tract",2019,"food_score",76.71
"04013115802","tract",2019,"food_score",62.06
"04013115900","tract",2019,"food_score",93.06
"04013116000","tract",2019,"food_score",86.64
"04013116100","tract",2019,"food_score",76.77
"04013116202","tract",2019,"food_score",90.42
"04013116203","tract",2019,"food_score",94.87
"04013116204","tract",2019,"food_score",86.04
"04013116205","tract",2019,"food_score",96.11
"04013116300","tract",2019,"food_score",91.98
"04013116400","tract",2019,"food_score",100.95
"04013116500","tract",2019,"food_score",70.88
"04013116602","tract",2019,"food_score",80.81
"04013116603","tract",2019,"food_score",103
"04013116604","tract",2019,"food_score",97.17
"04013116605","tract",2019,"food_score",102.93
"04013116606","tract",2019,"food_score",95.35
"04013116607","tract",2019,"food_score",89.82
"04013116608","tract",2019,"food_score",99.68
"04013116609","tract",2019,"food_score",114.92
"04013116610","tract",2019,"food_score",100.53
"04013116611","tract",2019,"food_score",107.42
"04013116612","tract",2019,"food_score",104.9
"04013116613","tract",2019,"food_score",106.81
"04013116702","tract",2019,"food_score",79.32
"04013116703","tract",2019,"food_score",115.33
"04013116704","tract",2019,"food_score",98.03
"04013116707","tract",2019,"food_score",111.5
"04013116708","tract",2019,"food_score",120.98
"04013116709","tract",2019,"food_score",116.38
"04013116710","tract",2019,"food_score",117.55
"04013116711","tract",2019,"food_score",119.5
"04013116712","tract",2019,"food_score",119.37
"04013116713","tract",2019,"food_score",116.18
"04013116714","tract",2019,"food_score",123.31
"04013116715","tract",2019,"food_score",109.64
"04013116717","tract",2019,"food_score",105.86
"04013116718","tract",2019,"food_score",113.54
"04013116719","tract",2019,"food_score",118.42
"04013116720","tract",2019,"food_score",116.5
"04013116721","tract",2019,"food_score",121.81
"04013116725","tract",2019,"food_score",118.59
"04013116727","tract",2019,"food_score",124.21
"04013116728","tract",2019,"food_score",116.16
"04013116729","tract",2019,"food_score",111.11
"04013116730","tract",2019,"food_score",122.02
"04013116731","tract",2019,"food_score",123.13
"04013116732","tract",2019,"food_score",91.13
"04013116733","tract",2019,"food_score",117.74
"04013116800","tract",2019,"food_score",87.52
"04013116900","tract",2019,"food_score",52.66
"04013117000","tract",2019,"food_score",78.44
"04013117100","tract",2019,"food_score",93.95
"04013117200","tract",2019,"food_score",78.65
"04013117300","tract",2019,"food_score",34.45
"04013216806","tract",2019,"food_score",122.72
"04013216807","tract",2019,"food_score",123.32
"04013216809","tract",2019,"food_score",123.76
"04013216810","tract",2019,"food_score",109.66
"04013216813","tract",2019,"food_score",123.23
"04013216816","tract",2019,"food_score",127.57
"04013216818","tract",2019,"food_score",119.62
"04013216819","tract",2019,"food_score",118.35
"04013216820","tract",2019,"food_score",112.88
"04013216821","tract",2019,"food_score",127.72
"04013216822","tract",2019,"food_score",123.68
"04013216826","tract",2019,"food_score",119.61
"04013216829","tract",2019,"food_score",124.97
"04013216830","tract",2019,"food_score",116.09
"04013216831","tract",2019,"food_score",124
"04013216832","tract",2019,"food_score",98.85
"04013216833","tract",2019,"food_score",122.17
"04013216834","tract",2019,"food_score",123.01
"04013216835","tract",2019,"food_score",122.28
"04013216836","tract",2019,"food_score",115.9
"04013216837","tract",2019,"food_score",108.89
"04013216838","tract",2019,"food_score",123.9
"04013216839","tract",2019,"food_score",121.11
"04013216840","tract",2019,"food_score",123.08
"04013216841","tract",2019,"food_score",125.71
"04013216842","tract",2019,"food_score",122.25
"04013216843","tract",2019,"food_score",120.06
"04013216844","tract",2019,"food_score",114.95
"04013216845","tract",2019,"food_score",107.36
"04013216846","tract",2019,"food_score",124.21
"04013216847","tract",2019,"food_score",124.76
"04013216848","tract",2019,"food_score",118.86
"04013216849","tract",2019,"food_score",128.46
"04013216850","tract",2019,"food_score",124.2
"04013216851","tract",2019,"food_score",123.61
"04013216852","tract",2019,"food_score",119.74
"04013216853","tract",2019,"food_score",113.98
"04013216901","tract",2019,"food_score",111.12
"04013216902","tract",2019,"food_score",111.13
"04013217001","tract",2019,"food_score",121.48
"04013217002","tract",2019,"food_score",114.63
"04013217101","tract",2019,"food_score",96.47
"04013217102","tract",2019,"food_score",112.66
"04013217201","tract",2019,"food_score",92.21
"04013217203","tract",2019,"food_score",120.61
"04013217204","tract",2019,"food_score",77.09
"04013217300","tract",2019,"food_score",122.66
"04013217400","tract",2019,"food_score",116.13
"04013217501","tract",2019,"food_score",87.46
"04013217502","tract",2019,"food_score",103.89
"04013217600","tract",2019,"food_score",81.8
"04013217700","tract",2019,"food_score",102.72
"04013217800","tract",2019,"food_score",117.33
"04013217900","tract",2019,"food_score",112.89
"04013218000","tract",2019,"food_score",112.27
"04013218100","tract",2019,"food_score",99.37
"04013218200","tract",2019,"food_score",79.95
"04013218300","tract",2019,"food_score",87.63
"04013318400","tract",2019,"food_score",86.47
"04013318501","tract",2019,"food_score",99.35
"04013318700","tract",2019,"food_score",NA
"04013318800","tract",2019,"food_score",88.29
"04013318900","tract",2019,"food_score",97.7
"04013319000","tract",2019,"food_score",NA
"04013319101","tract",2019,"food_score",84.78
"04013319103","tract",2019,"food_score",113.7
"04013319104","tract",2019,"food_score",111.19
"04013319201","tract",2019,"food_score",79.09
"04013319202","tract",2019,"food_score",77.49
"04013319300","tract",2019,"food_score",102.5
"04013319401","tract",2019,"food_score",110.84
"04013319402","tract",2019,"food_score",110.16
"04013319403","tract",2019,"food_score",103.18
"04013319404","tract",2019,"food_score",111.75
"04013319500","tract",2019,"food_score",118.48
"04013319600","tract",2019,"food_score",106.8
"04013319703","tract",2019,"food_score",113.36
"04013319704","tract",2019,"food_score",107.49
"04013319705","tract",2019,"food_score",70.54
"04013319706","tract",2019,"food_score",90.86
"04013319800","tract",2019,"food_score",98.71
"04013319902","tract",2019,"food_score",121.59
"04013319903","tract",2019,"food_score",114.64
"04013319904","tract",2019,"food_score",110.72
"04013319905","tract",2019,"food_score",107.04
"04013319906","tract",2019,"food_score",109.32
"04013319907","tract",2019,"food_score",118.77
"04013319908","tract",2019,"food_score",106.25
"04013319909","tract",2019,"food_score",110.38
"04013319910","tract",2019,"food_score",126.51
"04013320001","tract",2019,"food_score",102.88
"04013320002","tract",2019,"food_score",75.6
"04013320007","tract",2019,"food_score",83.32
"04013320100","tract",2019,"food_score",113.02
"04013420104","tract",2019,"food_score",97.67
"04013420105","tract",2019,"food_score",114.09
"04013420107","tract",2019,"food_score",121.01
"04013420108","tract",2019,"food_score",116.22
"04013420109","tract",2019,"food_score",114.62
"04013420110","tract",2019,"food_score",121.57
"04013420111","tract",2019,"food_score",101.99
"04013420112","tract",2019,"food_score",106.33
"04013420113","tract",2019,"food_score",93.58
"04013420114","tract",2019,"food_score",81.63
"04013420115","tract",2019,"food_score",87.82
"04013420116","tract",2019,"food_score",113.58
"04013420202","tract",2019,"food_score",95.89
"04013420206","tract",2019,"food_score",90.93
"04013420207","tract",2019,"food_score",120.5
"04013420208","tract",2019,"food_score",108.54
"04013420209","tract",2019,"food_score",101.6
"04013420210","tract",2019,"food_score",111.01
"04013420211","tract",2019,"food_score",119.41
"04013420212","tract",2019,"food_score",116.11
"04013420213","tract",2019,"food_score",120.05
"04013420214","tract",2019,"food_score",104.08
"04013420215","tract",2019,"food_score",107.98
"04013420216","tract",2019,"food_score",120.03
"04013420301","tract",2019,"food_score",112.56
"04013420302","tract",2019,"food_score",115
"04013420303","tract",2019,"food_score",124.83
"04013420304","tract",2019,"food_score",104.68
"04013420401","tract",2019,"food_score",100.13
"04013420402","tract",2019,"food_score",117.46
"04013420501","tract",2019,"food_score",98.67
"04013420503","tract",2019,"food_score",86.94
"04013420504","tract",2019,"food_score",103.22
"04013420602","tract",2019,"food_score",103.09
"04013420603","tract",2019,"food_score",104.95
"04013420604","tract",2019,"food_score",118.17
"04013420704","tract",2019,"food_score",99.58
"04013420705","tract",2019,"food_score",112.19
"04013420706","tract",2019,"food_score",112.62
"04013420707","tract",2019,"food_score",107.33
"04013420708","tract",2019,"food_score",81.51
"04013420709","tract",2019,"food_score",79.75
"04013420710","tract",2019,"food_score",85.96
"04013420800","tract",2019,"food_score",97.29
"04013420901","tract",2019,"food_score",93.99
"04013420902","tract",2019,"food_score",98.74
"04013421001","tract",2019,"food_score",95.68
"04013421002","tract",2019,"food_score",73.13
"04013421101","tract",2019,"food_score",103.75
"04013421102","tract",2019,"food_score",94.7
"04013421201","tract",2019,"food_score",93.54
"04013421202","tract",2019,"food_score",106.77
"04013421302","tract",2019,"food_score",70.73
"04013421303","tract",2019,"food_score",88.31
"04013421304","tract",2019,"food_score",81.65
"04013421400","tract",2019,"food_score",72.87
"04013421501","tract",2019,"food_score",82.4
"04013421502","tract",2019,"food_score",87.98
"04013421601","tract",2019,"food_score",98.44
"04013421602","tract",2019,"food_score",69.11
"04013421701","tract",2019,"food_score",92.85
"04013421702","tract",2019,"food_score",94.45
"04013421801","tract",2019,"food_score",99.53
"04013421802","tract",2019,"food_score",84.88
"04013421901","tract",2019,"food_score",89.73
"04013421902","tract",2019,"food_score",75.72
"04013422001","tract",2019,"food_score",93.02
"04013422002","tract",2019,"food_score",93.48
"04013422102","tract",2019,"food_score",78.05
"04013422103","tract",2019,"food_score",84.27
"04013422104","tract",2019,"food_score",99.46
"04013422105","tract",2019,"food_score",99.24
"04013422106","tract",2019,"food_score",83.92
"04013422107","tract",2019,"food_score",85.16
"04013422203","tract",2019,"food_score",101.53
"04013422204","tract",2019,"food_score",98.88
"04013422205","tract",2019,"food_score",116.98
"04013422209","tract",2019,"food_score",109.9
"04013422210","tract",2019,"food_score",112.38
"04013422211","tract",2019,"food_score",112.94
"04013422212","tract",2019,"food_score",108.42
"04013422213","tract",2019,"food_score",118.34
"04013422215","tract",2019,"food_score",105.42
"04013422216","tract",2019,"food_score",100.83
"04013422217","tract",2019,"food_score",81.87
"04013422218","tract",2019,"food_score",107.34
"04013422219","tract",2019,"food_score",102.01
"04013422220","tract",2019,"food_score",114.86
"04013422221","tract",2019,"food_score",113.66
"04013422222","tract",2019,"food_score",113.53
"04013422301","tract",2019,"food_score",95.36
"04013422302","tract",2019,"food_score",86.67
"04013422304","tract",2019,"food_score",113.37
"04013422305","tract",2019,"food_score",121.73
"04013422307","tract",2019,"food_score",115.86
"04013422308","tract",2019,"food_score",104.51
"04013422309","tract",2019,"food_score",118.91
"04013422401","tract",2019,"food_score",100.26
"04013422402","tract",2019,"food_score",96.23
"04013422403","tract",2019,"food_score",111.69
"04013422404","tract",2019,"food_score",112.64
"04013422501","tract",2019,"food_score",93.05
"04013422502","tract",2019,"food_score",108.64
"04013422503","tract",2019,"food_score",103.18
"04013422504","tract",2019,"food_score",111.96
"04013422506","tract",2019,"food_score",110.82
"04013422507","tract",2019,"food_score",119.3
"04013422508","tract",2019,"food_score",116.89
"04013422509","tract",2019,"food_score",111.44
"04013422510","tract",2019,"food_score",122.24
"04013422511","tract",2019,"food_score",115.09
"04013422512","tract",2019,"food_score",112.79
"04013422513","tract",2019,"food_score",108.1
"04013422514","tract",2019,"food_score",99.19
"04013422606","tract",2019,"food_score",124.46
"04013422607","tract",2019,"food_score",115.21
"04013422609","tract",2019,"food_score",112.91
"04013422610","tract",2019,"food_score",123.26
"04013422615","tract",2019,"food_score",110.06
"04013422616","tract",2019,"food_score",106.18
"04013422617","tract",2019,"food_score",101.92
"04013422618","tract",2019,"food_score",111.14
"04013422620","tract",2019,"food_score",114.92
"04013422621","tract",2019,"food_score",114.62
"04013422622","tract",2019,"food_score",119.66
"04013422623","tract",2019,"food_score",114.98
"04013422624","tract",2019,"food_score",105.83
"04013422625","tract",2019,"food_score",88.97
"04013422626","tract",2019,"food_score",99.6
"04013422627","tract",2019,"food_score",95.96
"04013422628","tract",2019,"food_score",75.7
"04013422629","tract",2019,"food_score",108.4
"04013422630","tract",2019,"food_score",102.95
"04013422631","tract",2019,"food_score",107.6
"04013422632","tract",2019,"food_score",108.46
"04013422633","tract",2019,"food_score",104.67
"04013422634","tract",2019,"food_score",90.78
"04013422635","tract",2019,"food_score",113.3
"04013422636","tract",2019,"food_score",110.99
"04013422637","tract",2019,"food_score",108.71
"04013422638","tract",2019,"food_score",98.95
"04013422639","tract",2019,"food_score",79.52
"04013422640","tract",2019,"food_score",103.46
"04013422641","tract",2019,"food_score",107.72
"04013422642","tract",2019,"food_score",112.49
"04013422643","tract",2019,"food_score",115.11
"04013422644","tract",2019,"food_score",120.61
"04013422646","tract",2019,"food_score",123.25
"04013522800","tract",2019,"food_score",NA
"04013522901","tract",2019,"food_score",109.34
"04013522903","tract",2019,"food_score",93.59
"04013522904","tract",2019,"food_score",71.91
"04013523002","tract",2019,"food_score",89.89
"04013523003","tract",2019,"food_score",107.4
"04013523005","tract",2019,"food_score",116.09
"04013523006","tract",2019,"food_score",110.27
"04013523102","tract",2019,"food_score",81.49
"04013523103","tract",2019,"food_score",105.02
"04013523104","tract",2019,"food_score",107.7
"04013610000","tract",2019,"food_score",111.06
"04013610100","tract",2019,"food_score",113.94
"04013610200","tract",2019,"food_score",116.42
"04013610300","tract",2019,"food_score",116.28
"04013610400","tract",2019,"food_score",119.01
"04013610500","tract",2019,"food_score",123.75
"04013610600","tract",2019,"food_score",124.31
"04013610700","tract",2019,"food_score",118.98
"04013610800","tract",2019,"food_score",119.39
"04013610900","tract",2019,"food_score",129.22
"04013611000","tract",2019,"food_score",121.33
"04013611100","tract",2019,"food_score",109.36
"04013611200","tract",2019,"food_score",116.66
"04013611300","tract",2019,"food_score",122.75
"04013611400","tract",2019,"food_score",122.67
"04013611500","tract",2019,"food_score",119.06
"04013611600","tract",2019,"food_score",121.49
"04013611700","tract",2019,"food_score",110.35
"04013611800","tract",2019,"food_score",120.45
"04013611900","tract",2019,"food_score",116.94
"04013612000","tract",2019,"food_score",124.55
"04013612200","tract",2019,"food_score",121.98
"04013612300","tract",2019,"food_score",120.71
"04013612400","tract",2019,"food_score",116.91
"04013612500","tract",2019,"food_score",125.82
"04013612600","tract",2019,"food_score",117.59
"04013612700","tract",2019,"food_score",121
"04013612800","tract",2019,"food_score",107.58
"04013612900","tract",2019,"food_score",122.65
"04013613000","tract",2019,"food_score",126.1
"04013613100","tract",2019,"food_score",120.94
"04013613200","tract",2019,"food_score",120.2
"04013613300","tract",2019,"food_score",125.33
"04013613400","tract",2019,"food_score",117.48
"04013613500","tract",2019,"food_score",107.53
"04013613600","tract",2019,"food_score",119.33
"04013613700","tract",2019,"food_score",115.71
"04013613800","tract",2019,"food_score",112.28
"04013613900","tract",2019,"food_score",119
"04013614000","tract",2019,"food_score",116.75
"04013614100","tract",2019,"food_score",108.98
"04013614200","tract",2019,"food_score",117.55
"04013614300","tract",2019,"food_score",109.52
"04013614400","tract",2019,"food_score",93.68
"04013614500","tract",2019,"food_score",104.52
"04013614600","tract",2019,"food_score",104
"04013614700","tract",2019,"food_score",82.24
"04013614800","tract",2019,"food_score",109.07
"04013614900","tract",2019,"food_score",110.61
"04013615000","tract",2019,"food_score",126.43
"04013615100","tract",2019,"food_score",119.19
"04013615200","tract",2019,"food_score",123.07
"04013615300","tract",2019,"food_score",97.02
"04013615400","tract",2019,"food_score",116.12
"04013615500","tract",2019,"food_score",123.14
"04013615600","tract",2019,"food_score",87.18
"04013615700","tract",2019,"food_score",117.53
"04013615800","tract",2019,"food_score",119.17
"04013615900","tract",2019,"food_score",111.63
"04013616000","tract",2019,"food_score",117.48
"04013616100","tract",2019,"food_score",113.51
"04013616200","tract",2019,"food_score",114.11
"04013616300","tract",2019,"food_score",105.33
"04013616400","tract",2019,"food_score",110.68
"04013616500","tract",2019,"food_score",99.58
"04013616600","tract",2019,"food_score",111.24
"04013616700","tract",2019,"food_score",115.37
"04013616800","tract",2019,"food_score",106.01
"04013616900","tract",2019,"food_score",113.86
"04013617000","tract",2019,"food_score",93.28
"04013617100","tract",2019,"food_score",114.83
"04013617200","tract",2019,"food_score",118.24
"04013617300","tract",2019,"food_score",111.85
"04013617400","tract",2019,"food_score",124.74
"04013617500","tract",2019,"food_score",119.97
"04013617600","tract",2019,"food_score",111.1
"04013617700","tract",2019,"food_score",103.98
"04013617800","tract",2019,"food_score",118.22
"04013617900","tract",2019,"food_score",116.88
"04013618000","tract",2019,"food_score",101.55
"04013618100","tract",2019,"food_score",115.78
"04013618200","tract",2019,"food_score",94.56
"04013618300","tract",2019,"food_score",103.7
"04013618400","tract",2019,"food_score",87.18
"04013618500","tract",2019,"food_score",95.11
"04013618600","tract",2019,"food_score",105.32
"04013618700","tract",2019,"food_score",113.44
"04013618800","tract",2019,"food_score",89.55
"04013618900","tract",2019,"food_score",100.05
"04013619000","tract",2019,"food_score",117.06
"04013619100","tract",2019,"food_score",81.5
"04013619200","tract",2019,"food_score",85.78
"04013619300","tract",2019,"food_score",99.24
"04013619400","tract",2019,"food_score",93.98
"04013619500","tract",2019,"food_score",88.11
"04013619600","tract",2019,"food_score",94.28
"04013619700","tract",2019,"food_score",89.45
"04013619800","tract",2019,"food_score",110.89
"04013619900","tract",2019,"food_score",123.87
"04013723303","tract",2019,"food_score",NA
"04013723304","tract",2019,"food_score",102.67
"04013723305","tract",2019,"food_score",71.7
"04013723306","tract",2019,"food_score",NA
"04013723307","tract",2019,"food_score",114.14
"04013723308","tract",2019,"food_score",117.5
"04013810000","tract",2019,"food_score",121.59
"04013810100","tract",2019,"food_score",121.6
"04013810200","tract",2019,"food_score",110.79
"04013810300","tract",2019,"food_score",113.26
"04013810400","tract",2019,"food_score",114.21
"04013810500","tract",2019,"food_score",123.27
"04013810600","tract",2019,"food_score",117.97
"04013810700","tract",2019,"food_score",105.67
"04013810800","tract",2019,"food_score",113.77
"04013810900","tract",2019,"food_score",117.82
"04013811000","tract",2019,"food_score",109.52
"04013811100","tract",2019,"food_score",100.23
"04013811200","tract",2019,"food_score",119.34
"04013811300","tract",2019,"food_score",110.6
"04013811400","tract",2019,"food_score",113.71
"04013811500","tract",2019,"food_score",113.74
"04013811600","tract",2019,"food_score",113.51
"04013811700","tract",2019,"food_score",113.53
"04013811800","tract",2019,"food_score",120.19
"04013811900","tract",2019,"food_score",122.19
"04013812000","tract",2019,"food_score",115.29
"04013812100","tract",2019,"food_score",107.55
"04013812200","tract",2019,"food_score",116.89
"04013812300","tract",2019,"food_score",117.29
"04013812400","tract",2019,"food_score",120.74
"04013812500","tract",2019,"food_score",120.38
"04013812600","tract",2019,"food_score",122.04
"04013812700","tract",2019,"food_score",112.07
"04013812800","tract",2019,"food_score",123.8
"04013812900","tract",2019,"food_score",117.07
"04013813000","tract",2019,"food_score",121.6
"04013813100","tract",2019,"food_score",120.53
"04013813200","tract",2019,"food_score",121.99
"04013813300","tract",2019,"food_score",122.77
"04013813400","tract",2019,"food_score",121.47
"04013813500","tract",2019,"food_score",112.87
"04013813600","tract",2019,"food_score",121.91
"04013813700","tract",2019,"food_score",112.55
"04013813800","tract",2019,"food_score",80.45
"04013813900","tract",2019,"food_score",116.11
"04013814000","tract",2019,"food_score",123.03
"04013814100","tract",2019,"food_score",119.17
"04013814200","tract",2019,"food_score",102.23
"04013814300","tract",2019,"food_score",114.69
"04013814400","tract",2019,"food_score",111.9
"04013814500","tract",2019,"food_score",122.26
"04013814600","tract",2019,"food_score",109.93
"04013814700","tract",2019,"food_score",113
"04013814800","tract",2019,"food_score",116.71
"04013814900","tract",2019,"food_score",96.86
"04013815000","tract",2019,"food_score",120.6
"04013815100","tract",2019,"food_score",118.7
"04013815200","tract",2019,"food_score",117.15
"04013815300","tract",2019,"food_score",119.35
"04013815400","tract",2019,"food_score",120.16
"04013815500","tract",2019,"food_score",111.38
"04013815600","tract",2019,"food_score",113.81
"04013815700","tract",2019,"food_score",112.47
"04013815800","tract",2019,"food_score",117.43
"04013815900","tract",2019,"food_score",120.63
"04013816000","tract",2019,"food_score",127.54
"04013816100","tract",2019,"food_score",117.96
"04013816200","tract",2019,"food_score",107.48
"04013816300","tract",2019,"food_score",124.11
"04013816400","tract",2019,"food_score",119.49
"04013816500","tract",2019,"food_score",124.45
"04013816600","tract",2019,"food_score",115.35
"04013816700","tract",2019,"food_score",120.4
"04013816800","tract",2019,"food_score",121.48
"04013816900","tract",2019,"food_score",121.48
"04013817000","tract",2019,"food_score",118.62
"04013817100","tract",2019,"food_score",119.08
"04013817200","tract",2019,"food_score",123.12
"04013817300","tract",2019,"food_score",114.43
"04013817400","tract",2019,"food_score",112.58
"04013817500","tract",2019,"food_score",125.36
"04013817600","tract",2019,"food_score",112.09
"04013940700","tract",2019,"food_score",27.49
"04013941000","tract",2019,"food_score",73.72
"04013941100","tract",2019,"food_score",NA
"04013941200","tract",2019,"food_score",108.93
"04013941300","tract",2019,"food_score",64.76
"04013980100","tract",2019,"food_score",NA
"04013980400","tract",2019,"food_score",NA
"04013980500","tract",2019,"food_score",NA
"04013980600","tract",2019,"food_score",120.53
"04013980700","tract",2019,"food_score",NA
"04015940400","tract",2019,"food_score",48.5
"04015940501","tract",2019,"food_score",107.59
"04015950100","tract",2019,"food_score",73.96
"04015950401","tract",2019,"food_score",89.58
"04015950402","tract",2019,"food_score",99.39
"04015950500","tract",2019,"food_score",60.14
"04015950600","tract",2019,"food_score",100.71
"04015950703","tract",2019,"food_score",67.24
"04015950704","tract",2019,"food_score",106.82
"04015950705","tract",2019,"food_score",74.77
"04015950706","tract",2019,"food_score",56.62
"04015951401","tract",2019,"food_score",102.93
"04015951402","tract",2019,"food_score",100.99
"04015951501","tract",2019,"food_score",65.44
"04015951502","tract",2019,"food_score",105.75
"04015951601","tract",2019,"food_score",89.82
"04015951602","tract",2019,"food_score",78.27
"04015951700","tract",2019,"food_score",59.93
"04015951800","tract",2019,"food_score",60.61
"04015951900","tract",2019,"food_score",97.46
"04015952001","tract",2019,"food_score",95.3
"04015952002","tract",2019,"food_score",116.38
"04015952003","tract",2019,"food_score",103.02
"04015952004","tract",2019,"food_score",107.6
"04015952400","tract",2019,"food_score",102.05
"04015952500","tract",2019,"food_score",117.59
"04015952600","tract",2019,"food_score",82.12
"04015952700","tract",2019,"food_score",101.65
"04015952800","tract",2019,"food_score",111.15
"04015952900","tract",2019,"food_score",94.3
"04015953000","tract",2019,"food_score",99.88
"04015953100","tract",2019,"food_score",112.03
"04015953200","tract",2019,"food_score",123.17
"04015953300","tract",2019,"food_score",109.6
"04015953401","tract",2019,"food_score",88.07
"04015953402","tract",2019,"food_score",103.81
"04015953601","tract",2019,"food_score",111.39
"04015953602","tract",2019,"food_score",NA
"04015953800","tract",2019,"food_score",78.14
"04015953900","tract",2019,"food_score",97.25
"04015954800","tract",2019,"food_score",101.29
"04015954900","tract",2019,"food_score",86.27
"04015955000","tract",2019,"food_score",93.93
"04017940008","tract",2019,"food_score",70.92
"04017940010","tract",2019,"food_score",46.15
"04017940011","tract",2019,"food_score",63.56
"04017940012","tract",2019,"food_score",57.15
"04017940013","tract",2019,"food_score",61.63
"04017940014","tract",2019,"food_score",67.32
"04017940015","tract",2019,"food_score",65.94
"04017940100","tract",2019,"food_score",55.64
"04017940301","tract",2019,"food_score",51.3
"04017940302","tract",2019,"food_score",50.89
"04017942300","tract",2019,"food_score",77.14
"04017942400","tract",2019,"food_score",64.91
"04017942500","tract",2019,"food_score",64.38
"04017960100","tract",2019,"food_score",76.92
"04017960200","tract",2019,"food_score",68.25
"04017960400","tract",2019,"food_score",89.04
"04017960500","tract",2019,"food_score",NA
"04017960600","tract",2019,"food_score",71.95
"04017961300","tract",2019,"food_score",112.88
"04017961700","tract",2019,"food_score",109.23
"04017962500","tract",2019,"food_score",98.49
"04017963300","tract",2019,"food_score",98.49
"04017963400","tract",2019,"food_score",99.26
"04017963700","tract",2019,"food_score",106.95
"04017963800","tract",2019,"food_score",101.05
"04017964201","tract",2019,"food_score",106.28
"04017964202","tract",2019,"food_score",77.68
"04017964800","tract",2019,"food_score",98.69
"04017964900","tract",2019,"food_score",118.39
"04017965200","tract",2019,"food_score",96.65
"04017965300","tract",2019,"food_score",92.49
"04019000100","tract",2019,"food_score",88.66
"04019000200","tract",2019,"food_score",66.12
"04019000300","tract",2019,"food_score",98.16
"04019000400","tract",2019,"food_score",116.3
"04019000500","tract",2019,"food_score",NA
"04019000600","tract",2019,"food_score",102.28
"04019000700","tract",2019,"food_score",98.82
"04019000800","tract",2019,"food_score",83.49
"04019000900","tract",2019,"food_score",87.05
"04019001000","tract",2019,"food_score",60.02
"04019001100","tract",2019,"food_score",67.75
"04019001200","tract",2019,"food_score",58.77
"04019001302","tract",2019,"food_score",64.04
"04019001303","tract",2019,"food_score",72.38
"04019001304","tract",2019,"food_score",65.75
"04019001400","tract",2019,"food_score",95.98
"04019001500","tract",2019,"food_score",82.4
"04019001600","tract",2019,"food_score",103.31
"04019001700","tract",2019,"food_score",103.58
"04019001801","tract",2019,"food_score",72.5
"04019001802","tract",2019,"food_score",75.55
"04019001900","tract",2019,"food_score",113.97
"04019002000","tract",2019,"food_score",80.69
"04019002100","tract",2019,"food_score",78.75
"04019002201","tract",2019,"food_score",68.24
"04019002202","tract",2019,"food_score",82.8
"04019002300","tract",2019,"food_score",49.6
"04019002400","tract",2019,"food_score",57.72
"04019002501","tract",2019,"food_score",71.03
"04019002503","tract",2019,"food_score",76.65
"04019002504","tract",2019,"food_score",86.96
"04019002505","tract",2019,"food_score",76.33
"04019002506","tract",2019,"food_score",77.15
"04019002602","tract",2019,"food_score",79.89
"04019002603","tract",2019,"food_score",46.64
"04019002604","tract",2019,"food_score",66.9
"04019002702","tract",2019,"food_score",104.98
"04019002703","tract",2019,"food_score",95.15
"04019002704","tract",2019,"food_score",88.09
"04019002801","tract",2019,"food_score",61.4
"04019002802","tract",2019,"food_score",51.88
"04019002803","tract",2019,"food_score",74.78
"04019002901","tract",2019,"food_score",59.98
"04019002904","tract",2019,"food_score",112.69
"04019002905","tract",2019,"food_score",74.22
"04019002906","tract",2019,"food_score",118.52
"04019003002","tract",2019,"food_score",79.22
"04019003003","tract",2019,"food_score",53.36
"04019003004","tract",2019,"food_score",105.95
"04019003101","tract",2019,"food_score",63.42
"04019003102","tract",2019,"food_score",67.92
"04019003200","tract",2019,"food_score",106.25
"04019003302","tract",2019,"food_score",86.19
"04019003303","tract",2019,"food_score",87.88
"04019003304","tract",2019,"food_score",97.47
"04019003400","tract",2019,"food_score",90.5
"04019003501","tract",2019,"food_score",55.28
"04019003502","tract",2019,"food_score",84.76
"04019003503","tract",2019,"food_score",73.41
"04019003504","tract",2019,"food_score",86.31
"04019003600","tract",2019,"food_score",105.47
"04019003702","tract",2019,"food_score",64.16
"04019003704","tract",2019,"food_score",67.14
"04019003705","tract",2019,"food_score",69.59
"04019003706","tract",2019,"food_score",82.64
"04019003707","tract",2019,"food_score",47.51
"04019003801","tract",2019,"food_score",63.58
"04019003802","tract",2019,"food_score",72.09
"04019003901","tract",2019,"food_score",68.01
"04019003902","tract",2019,"food_score",75.42
"04019003903","tract",2019,"food_score",78.26
"04019004008","tract",2019,"food_score",98.74
"04019004010","tract",2019,"food_score",110.94
"04019004011","tract",2019,"food_score",86.75
"04019004022","tract",2019,"food_score",101.21
"04019004025","tract",2019,"food_score",107.38
"04019004026","tract",2019,"food_score",118.45
"04019004029","tract",2019,"food_score",94.45
"04019004030","tract",2019,"food_score",113.22
"04019004031","tract",2019,"food_score",123.71
"04019004032","tract",2019,"food_score",111.58
"04019004033","tract",2019,"food_score",79.8
"04019004034","tract",2019,"food_score",80.57
"04019004035","tract",2019,"food_score",106.78
"04019004036","tract",2019,"food_score",98.02
"04019004037","tract",2019,"food_score",86
"04019004038","tract",2019,"food_score",69.1
"04019004039","tract",2019,"food_score",102.09
"04019004042","tract",2019,"food_score",102.26
"04019004043","tract",2019,"food_score",109.71
"04019004044","tract",2019,"food_score",118.35
"04019004046","tract",2019,"food_score",96.77
"04019004047","tract",2019,"food_score",113.11
"04019004048","tract",2019,"food_score",106.3
"04019004049","tract",2019,"food_score",97.32
"04019004050","tract",2019,"food_score",125.65
"04019004051","tract",2019,"food_score",122.37
"04019004052","tract",2019,"food_score",125.42
"04019004053","tract",2019,"food_score",121.69
"04019004054","tract",2019,"food_score",112.49
"04019004055","tract",2019,"food_score",117.54
"04019004056","tract",2019,"food_score",107.82
"04019004057","tract",2019,"food_score",110.79
"04019004058","tract",2019,"food_score",104.68
"04019004061","tract",2019,"food_score",117.44
"04019004062","tract",2019,"food_score",118.37
"04019004063","tract",2019,"food_score",122.5
"04019004064","tract",2019,"food_score",120.48
"04019004065","tract",2019,"food_score",118.83
"04019004066","tract",2019,"food_score",114.77
"04019004067","tract",2019,"food_score",101.62
"04019004068","tract",2019,"food_score",87.68
"04019004069","tract",2019,"food_score",91.51
"04019004070","tract",2019,"food_score",80.91
"04019004071","tract",2019,"food_score",77.36
"04019004072","tract",2019,"food_score",102.05
"04019004073","tract",2019,"food_score",107.94
"04019004074","tract",2019,"food_score",113.19
"04019004107","tract",2019,"food_score",128.61
"04019004109","tract",2019,"food_score",113.55
"04019004110","tract",2019,"food_score",94.13
"04019004112","tract",2019,"food_score",67.84
"04019004113","tract",2019,"food_score",NA
"04019004114","tract",2019,"food_score",62.36
"04019004115","tract",2019,"food_score",58.17
"04019004116","tract",2019,"food_score",70.11
"04019004117","tract",2019,"food_score",59.02
"04019004118","tract",2019,"food_score",98.69
"04019004119","tract",2019,"food_score",114.25
"04019004120","tract",2019,"food_score",94.78
"04019004121","tract",2019,"food_score",109.93
"04019004122","tract",2019,"food_score",49.09
"04019004125","tract",2019,"food_score",100.88
"04019004307","tract",2019,"food_score",124.39
"04019004310","tract",2019,"food_score",86.61
"04019004311","tract",2019,"food_score",103.13
"04019004312","tract",2019,"food_score",97.54
"04019004313","tract",2019,"food_score",82.35
"04019004316","tract",2019,"food_score",99.34
"04019004317","tract",2019,"food_score",120.13
"04019004320","tract",2019,"food_score",58.84
"04019004321","tract",2019,"food_score",80.26
"04019004322","tract",2019,"food_score",86.17
"04019004323","tract",2019,"food_score",103.79
"04019004324","tract",2019,"food_score",116.23
"04019004325","tract",2019,"food_score",123.94
"04019004326","tract",2019,"food_score",103.31
"04019004327","tract",2019,"food_score",106.74
"04019004328","tract",2019,"food_score",115.56
"04019004329","tract",2019,"food_score",123.03
"04019004330","tract",2019,"food_score",112.1
"04019004331","tract",2019,"food_score",97.74
"04019004332","tract",2019,"food_score",122.25
"04019004333","tract",2019,"food_score",106.44
"04019004334","tract",2019,"food_score",102.69
"04019004404","tract",2019,"food_score",118.63
"04019004407","tract",2019,"food_score",77.03
"04019004411","tract",2019,"food_score",125.5
"04019004412","tract",2019,"food_score",105.77
"04019004413","tract",2019,"food_score",103.48
"04019004414","tract",2019,"food_score",94.04
"04019004415","tract",2019,"food_score",101.94
"04019004418","tract",2019,"food_score",116.87
"04019004419","tract",2019,"food_score",89.12
"04019004421","tract",2019,"food_score",112.52
"04019004422","tract",2019,"food_score",101.85
"04019004423","tract",2019,"food_score",108.09
"04019004424","tract",2019,"food_score",85.79
"04019004425","tract",2019,"food_score",90.46
"04019004426","tract",2019,"food_score",112.43
"04019004427","tract",2019,"food_score",117.39
"04019004428","tract",2019,"food_score",120.81
"04019004429","tract",2019,"food_score",117.29
"04019004430","tract",2019,"food_score",85.82
"04019004431","tract",2019,"food_score",120.93
"04019004504","tract",2019,"food_score",73.14
"04019004505","tract",2019,"food_score",63.38
"04019004506","tract",2019,"food_score",71.34
"04019004508","tract",2019,"food_score",75.83
"04019004510","tract",2019,"food_score",100.71
"04019004511","tract",2019,"food_score",74.32
"04019004512","tract",2019,"food_score",82.04
"04019004513","tract",2019,"food_score",82.68
"04019004610","tract",2019,"food_score",93.55
"04019004613","tract",2019,"food_score",92.64
"04019004614","tract",2019,"food_score",113.87
"04019004615","tract",2019,"food_score",112.38
"04019004616","tract",2019,"food_score",101.6
"04019004617","tract",2019,"food_score",97.89
"04019004618","tract",2019,"food_score",100.35
"04019004619","tract",2019,"food_score",105.27
"04019004620","tract",2019,"food_score",112.23
"04019004621","tract",2019,"food_score",99.57
"04019004622","tract",2019,"food_score",103.05
"04019004623","tract",2019,"food_score",122.91
"04019004624","tract",2019,"food_score",101.75
"04019004625","tract",2019,"food_score",101.07
"04019004626","tract",2019,"food_score",77.3
"04019004627","tract",2019,"food_score",97.21
"04019004628","tract",2019,"food_score",114.01
"04019004630","tract",2019,"food_score",109.01
"04019004631","tract",2019,"food_score",110.38
"04019004632","tract",2019,"food_score",117.51
"04019004633","tract",2019,"food_score",123.35
"04019004634","tract",2019,"food_score",109
"04019004635","tract",2019,"food_score",123.1
"04019004636","tract",2019,"food_score",116.81
"04019004638","tract",2019,"food_score",123.37
"04019004639","tract",2019,"food_score",116.42
"04019004640","tract",2019,"food_score",115.57
"04019004641","tract",2019,"food_score",121.21
"04019004642","tract",2019,"food_score",125.72
"04019004643","tract",2019,"food_score",124.97
"04019004644","tract",2019,"food_score",104.66
"04019004645","tract",2019,"food_score",101.39
"04019004646","tract",2019,"food_score",105.95
"04019004647","tract",2019,"food_score",109.84
"04019004710","tract",2019,"food_score",119.23
"04019004711","tract",2019,"food_score",113.14
"04019004712","tract",2019,"food_score",107.94
"04019004713","tract",2019,"food_score",118.29
"04019004714","tract",2019,"food_score",117.8
"04019004715","tract",2019,"food_score",102.61
"04019004716","tract",2019,"food_score",116.06
"04019004717","tract",2019,"food_score",120.87
"04019004718","tract",2019,"food_score",114.77
"04019004719","tract",2019,"food_score",120.42
"04019004720","tract",2019,"food_score",118.35
"04019004721","tract",2019,"food_score",105.15
"04019004722","tract",2019,"food_score",122.55
"04019004723","tract",2019,"food_score",124.5
"04019004724","tract",2019,"food_score",116.54
"04019004725","tract",2019,"food_score",110.97
"04019004726","tract",2019,"food_score",122.71
"04019005200","tract",2019,"food_score",91.62
"04019005300","tract",2019,"food_score",116.74
"04019940600","tract",2019,"food_score",45.92
"04019940700","tract",2019,"food_score",48.82
"04019940800","tract",2019,"food_score",51.55
"04019940900","tract",2019,"food_score",74.06
"04019941000","tract",2019,"food_score",54.09
"04021000201","tract",2019,"food_score",107.14
"04021000204","tract",2019,"food_score",109.84
"04021000205","tract",2019,"food_score",108.36
"04021000206","tract",2019,"food_score",112.42
"04021000207","tract",2019,"food_score",111.48
"04021000208","tract",2019,"food_score",118.02
"04021000209","tract",2019,"food_score",109.91
"04021000210","tract",2019,"food_score",108.01
"04021000211","tract",2019,"food_score",101.24
"04021000212","tract",2019,"food_score",104.17
"04021000213","tract",2019,"food_score",106.35
"04021000214","tract",2019,"food_score",110.91
"04021000215","tract",2019,"food_score",107.57
"04021000307","tract",2019,"food_score",87.08
"04021000308","tract",2019,"food_score",73.03
"04021000309","tract",2019,"food_score",86.44
"04021000310","tract",2019,"food_score",87.73
"04021000311","tract",2019,"food_score",121.96
"04021000312","tract",2019,"food_score",92.63
"04021000313","tract",2019,"food_score",96.21
"04021000314","tract",2019,"food_score",87.39
"04021000315","tract",2019,"food_score",82.08
"04021000316","tract",2019,"food_score",121.09
"04021000317","tract",2019,"food_score",106.33
"04021000318","tract",2019,"food_score",108.86
"04021000319","tract",2019,"food_score",112.51
"04021000400","tract",2019,"food_score",77.14
"04021000603","tract",2019,"food_score",117.12
"04021000604","tract",2019,"food_score",113.35
"04021000700","tract",2019,"food_score",78.92
"04021000801","tract",2019,"food_score",104.54
"04021000802","tract",2019,"food_score",112.33
"04021000803","tract",2019,"food_score",NA
"04021000901","tract",2019,"food_score",NA
"04021000902","tract",2019,"food_score",92.83
"04021001000","tract",2019,"food_score",60.86
"04021001100","tract",2019,"food_score",89.42
"04021001200","tract",2019,"food_score",92.45
"04021001301","tract",2019,"food_score",82.22
"04021001303","tract",2019,"food_score",113.11
"04021001304","tract",2019,"food_score",111.04
"04021001305","tract",2019,"food_score",103.13
"04021001306","tract",2019,"food_score",81
"04021001403","tract",2019,"food_score",84.32
"04021001404","tract",2019,"food_score",98.72
"04021001405","tract",2019,"food_score",100.82
"04021001406","tract",2019,"food_score",74.33
"04021001407","tract",2019,"food_score",93.65
"04021001408","tract",2019,"food_score",96.65
"04021001500","tract",2019,"food_score",51.27
"04021001600","tract",2019,"food_score",94.23
"04021001701","tract",2019,"food_score",82.06
"04021001702","tract",2019,"food_score",109.19
"04021001703","tract",2019,"food_score",93.6
"04021001704","tract",2019,"food_score",95.54
"04021001705","tract",2019,"food_score",112.34
"04021001706","tract",2019,"food_score",105.48
"04021001707","tract",2019,"food_score",101.99
"04021001708","tract",2019,"food_score",109.89
"04021001709","tract",2019,"food_score",111.8
"04021001710","tract",2019,"food_score",112.24
"04021001711","tract",2019,"food_score",101.29
"04021001900","tract",2019,"food_score",72.24
"04021002001","tract",2019,"food_score",72.22
"04021002002","tract",2019,"food_score",NA
"04021002003","tract",2019,"food_score",59.7
"04021002101","tract",2019,"food_score",79.98
"04021002102","tract",2019,"food_score",105.84
"04021002103","tract",2019,"food_score",93.4
"04021002200","tract",2019,"food_score",101.18
"04021002300","tract",2019,"food_score",97.51
"04021002400","tract",2019,"food_score",73.82
"04021941200","tract",2019,"food_score",80.14
"04021941300","tract",2019,"food_score",85.75
"04021941400","tract",2019,"food_score",89.55
"04023966000","tract",2019,"food_score",104.7
"04023966101","tract",2019,"food_score",103.35
"04023966103","tract",2019,"food_score",75.09
"04023966104","tract",2019,"food_score",91.33
"04023966105","tract",2019,"food_score",83.74
"04023966200","tract",2019,"food_score",66.84
"04023966301","tract",2019,"food_score",71.97
"04023966302","tract",2019,"food_score",63.76
"04023966401","tract",2019,"food_score",40.53
"04023966402","tract",2019,"food_score",64.97
"04025000202","tract",2019,"food_score",100.01
"04025000203","tract",2019,"food_score",115.16
"04025000204","tract",2019,"food_score",114.75
"04025000300","tract",2019,"food_score",121.49
"04025000401","tract",2019,"food_score",113.25
"04025000402","tract",2019,"food_score",118.32
"04025000500","tract",2019,"food_score",93.85
"04025000604","tract",2019,"food_score",111.97
"04025000605","tract",2019,"food_score",115.1
"04025000606","tract",2019,"food_score",87.51
"04025000607","tract",2019,"food_score",98.25
"04025000608","tract",2019,"food_score",113.46
"04025000609","tract",2019,"food_score",102.57
"04025000610","tract",2019,"food_score",99.4
"04025000700","tract",2019,"food_score",111.37
"04025000801","tract",2019,"food_score",115.96
"04025000802","tract",2019,"food_score",105.47
"04025000900","tract",2019,"food_score",100.65
"04025001001","tract",2019,"food_score",113.48
"04025001002","tract",2019,"food_score",106.97
"04025001101","tract",2019,"food_score",123.26
"04025001102","tract",2019,"food_score",102.72
"04025001200","tract",2019,"food_score",123.17
"04025001300","tract",2019,"food_score",118.29
"04025001401","tract",2019,"food_score",77.84
"04025001402","tract",2019,"food_score",81.24
"04025001403","tract",2019,"food_score",105.28
"04025001500","tract",2019,"food_score",105.58
"04025001601","tract",2019,"food_score",98.01
"04025001602","tract",2019,"food_score",97.69
"04025001603","tract",2019,"food_score",109.52
"04025001701","tract",2019,"food_score",110.87
"04025001702","tract",2019,"food_score",119.92
"04025001703","tract",2019,"food_score",93.42
"04025001801","tract",2019,"food_score",104.97
"04025001802","tract",2019,"food_score",119.42
"04025001900","tract",2019,"food_score",117.73
"04025002001","tract",2019,"food_score",113.87
"04025002002","tract",2019,"food_score",102.02
"04025002003","tract",2019,"food_score",108.99
"04025002004","tract",2019,"food_score",109.7
"04025002100","tract",2019,"food_score",96.77
"04027000100","tract",2019,"food_score",85.39
"04027000200","tract",2019,"food_score",68.83
"04027000301","tract",2019,"food_score",50.09
"04027000302","tract",2019,"food_score",54.62
"04027000402","tract",2019,"food_score",69.81
"04027000403","tract",2019,"food_score",73.64
"04027000404","tract",2019,"food_score",70.48
"04027000501","tract",2019,"food_score",107.51
"04027000502","tract",2019,"food_score",110.01
"04027000600","tract",2019,"food_score",80.32
"04027000700","tract",2019,"food_score",68.72
"04027000800","tract",2019,"food_score",86.34
"04027000901","tract",2019,"food_score",69.88
"04027000902","tract",2019,"food_score",93.2
"04027000903","tract",2019,"food_score",108.67
"04027000905","tract",2019,"food_score",105.19
"04027000907","tract",2019,"food_score",91.72
"04027000908","tract",2019,"food_score",119.44
"04027001001","tract",2019,"food_score",97
"04027001003","tract",2019,"food_score",99.88
"04027001004","tract",2019,"food_score",81.76
"04027001100","tract",2019,"food_score",79.45
"04027001200","tract",2019,"food_score",98.29
"04027010905","tract",2019,"food_score",91.37
"04027010907","tract",2019,"food_score",109.83
"04027010910","tract",2019,"food_score",103.89
"04027010911","tract",2019,"food_score",99.95
"04027010913","tract",2019,"food_score",86.21
"04027010914","tract",2019,"food_score",79.73
"04027011000","tract",2019,"food_score",82.37
"04027011104","tract",2019,"food_score",100.1
"04027011106","tract",2019,"food_score",113.45
"04027011107","tract",2019,"food_score",119.88
"04027011108","tract",2019,"food_score",118.84
"04027011110","tract",2019,"food_score",105.82
"04027011111","tract",2019,"food_score",95.82
"04027011112","tract",2019,"food_score",121.98
"04027011114","tract",2019,"food_score",114.12
"04027011115","tract",2019,"food_score",112.92
"04027011201","tract",2019,"food_score",90.8
"04027011202","tract",2019,"food_score",102.33
"04027011403","tract",2019,"food_score",67.11
"04027011405","tract",2019,"food_score",78.58
"04027011406","tract",2019,"food_score",68.88
"04027011501","tract",2019,"food_score",58.35
"04027011503","tract",2019,"food_score",69.22
"04027011504","tract",2019,"food_score",85.07
"04027011600","tract",2019,"food_score",50.7
"04027011700","tract",2019,"food_score",103.01
"04027011800","tract",2019,"food_score",104.48
"04027012100","tract",2019,"food_score",115.64
"04027980003","tract",2019,"food_score",NA
"04027980004","tract",2019,"food_score",NA
"04027980005","tract",2019,"food_score",NA
"04027980006","tract",2019,"food_score",NA
"04001942600","tract",2019,"food_rnk",3.7957
"04001942700","tract",2019,"food_rnk",12.6523
"04001944000","tract",2019,"food_rnk",15.3041
"04001944100","tract",2019,"food_rnk",6.5504
"04001944201","tract",2019,"food_rnk",3.869
"04001944202","tract",2019,"food_rnk",6.7211
"04001944300","tract",2019,"food_rnk",6.5067
"04001944901","tract",2019,"food_rnk",9.71
"04001944902","tract",2019,"food_rnk",8.5661
"04001945001","tract",2019,"food_rnk",18.3692
"04001945002","tract",2019,"food_rnk",7.8918
"04001945100","tract",2019,"food_rnk",10.088
"04001970200","tract",2019,"food_rnk",71.3623
"04001970300","tract",2019,"food_rnk",6.9383
"04001970501","tract",2019,"food_rnk",56.7042
"04001970502","tract",2019,"food_rnk",41.8768
"04003000100","tract",2019,"food_rnk",37.2715
"04003000201","tract",2019,"food_rnk",74.4259
"04003000202","tract",2019,"food_rnk",7.2289
"04003000203","tract",2019,"food_rnk",42.702
"04003000301","tract",2019,"food_rnk",11.9231
"04003000302","tract",2019,"food_rnk",38.0289
"04003000303","tract",2019,"food_rnk",29.4995
"04003000400","tract",2019,"food_rnk",22.7319
"04003000500","tract",2019,"food_rnk",NA
"04003000600","tract",2019,"food_rnk",4.8113
"04003000700","tract",2019,"food_rnk",6.9256
"04003000800","tract",2019,"food_rnk",11.373
"04003000901","tract",2019,"food_rnk",9.9709
"04003000902","tract",2019,"food_rnk",5.6124
"04003001000","tract",2019,"food_rnk",45.6077
"04003001100","tract",2019,"food_rnk",12.1107
"04003001200","tract",2019,"food_rnk",12.2278
"04003001300","tract",2019,"food_rnk",17.7993
"04003001401","tract",2019,"food_rnk",NA
"04003001402","tract",2019,"food_rnk",92.9263
"04003001501","tract",2019,"food_rnk",29.2541
"04003001502","tract",2019,"food_rnk",8.0738
"04003001601","tract",2019,"food_rnk",9.5901
"04003001602","tract",2019,"food_rnk",31.1231
"04003001701","tract",2019,"food_rnk",15.8189
"04003001702","tract",2019,"food_rnk",21.3891
"04003001703","tract",2019,"food_rnk",52.2455
"04003001800","tract",2019,"food_rnk",72.9886
"04003001900","tract",2019,"food_rnk",57.3389
"04003002001","tract",2019,"food_rnk",16.1814
"04003002002","tract",2019,"food_rnk",62.7158
"04003002100","tract",2019,"food_rnk",63.8668
"04005000100","tract",2019,"food_rnk",84.4307
"04005000200","tract",2019,"food_rnk",96.6853
"04005000300","tract",2019,"food_rnk",46.2382
"04005000400","tract",2019,"food_rnk",46.4173
"04005000500","tract",2019,"food_rnk",41.551
"04005000600","tract",2019,"food_rnk",59.5069
"04005000700","tract",2019,"food_rnk",49.3244
"04005000800","tract",2019,"food_rnk",24.7616
"04005000900","tract",2019,"food_rnk",93.032
"04005001000","tract",2019,"food_rnk",NA
"04005001101","tract",2019,"food_rnk",82.2092
"04005001102","tract",2019,"food_rnk",65.2251
"04005001200","tract",2019,"food_rnk",74.1043
"04005001301","tract",2019,"food_rnk",88.6129
"04005001302","tract",2019,"food_rnk",50.1044
"04005001500","tract",2019,"food_rnk",60.1938
"04005001600","tract",2019,"food_rnk",87.5987
"04005001700","tract",2019,"food_rnk",31.1978
"04005002000","tract",2019,"food_rnk",60.0457
"04005002100","tract",2019,"food_rnk",56.9426
"04005002200","tract",2019,"food_rnk",93.4115
"04005002300","tract",2019,"food_rnk",88.6129
"04005942201","tract",2019,"food_rnk",19.6372
"04005942202","tract",2019,"food_rnk",8.6352
"04005944900","tract",2019,"food_rnk",10.9936
"04005945000","tract",2019,"food_rnk",8.5886
"04005945100","tract",2019,"food_rnk",7.5604
"04005945200","tract",2019,"food_rnk",18.1477
"04007000100","tract",2019,"food_rnk",58.1048
"04007000200","tract",2019,"food_rnk",15.9008
"04007000301","tract",2019,"food_rnk",41.0827
"04007000302","tract",2019,"food_rnk",16.4875
"04007000400","tract",2019,"food_rnk",80.4178
"04007000500","tract",2019,"food_rnk",62.8808
"04007000600","tract",2019,"food_rnk",14.8457
"04007000700","tract",2019,"food_rnk",53.2569
"04007000800","tract",2019,"food_rnk",6.0455
"04007000900","tract",2019,"food_rnk",18.9418
"04007001000","tract",2019,"food_rnk",21.8362
"04007001100","tract",2019,"food_rnk",25.8336
"04007001200","tract",2019,"food_rnk",54.7647
"04007001300","tract",2019,"food_rnk",14.3464
"04007940200","tract",2019,"food_rnk",3.4529
"04007940400","tract",2019,"food_rnk",1.3245
"04009940500","tract",2019,"food_rnk",2.4853
"04009961100","tract",2019,"food_rnk",34.6818
"04009961201","tract",2019,"food_rnk",65.802
"04009961202","tract",2019,"food_rnk",60.0951
"04009961300","tract",2019,"food_rnk",27.8535
"04009961400","tract",2019,"food_rnk",52.2244
"04009961500","tract",2019,"food_rnk",28.7731
"04009961600","tract",2019,"food_rnk",NA
"04009961700","tract",2019,"food_rnk",44.3537
"04011960100","tract",2019,"food_rnk",55.0243
"04011960200","tract",2019,"food_rnk",56.817
"04011960300","tract",2019,"food_rnk",44.87
"04012020100","tract",2019,"food_rnk",28.6899
"04012020201","tract",2019,"food_rnk",18.9912
"04012020202","tract",2019,"food_rnk",51.7998
"04012020501","tract",2019,"food_rnk",41.4043
"04012020502","tract",2019,"food_rnk",88.084
"04012020602","tract",2019,"food_rnk",48.9266
"04012940200","tract",2019,"food_rnk",30.7986
"04012940300","tract",2019,"food_rnk",8.5012
"04012980000","tract",2019,"food_rnk",NA
"04013010101","tract",2019,"food_rnk",99.5543
"04013010102","tract",2019,"food_rnk",96.9364
"04013030401","tract",2019,"food_rnk",96.4794
"04013030402","tract",2019,"food_rnk",57.6253
"04013040502","tract",2019,"food_rnk",65.3027
"04013040506","tract",2019,"food_rnk",72.4343
"04013040507","tract",2019,"food_rnk",70.9687
"04013040512","tract",2019,"food_rnk",63.2913
"04013040513","tract",2019,"food_rnk",97.3891
"04013040514","tract",2019,"food_rnk",99.5035
"04013040515","tract",2019,"food_rnk",34.466
"04013040516","tract",2019,"food_rnk",86.074
"04013040517","tract",2019,"food_rnk",58.6648
"04013040518","tract",2019,"food_rnk",52.1609
"04013040519","tract",2019,"food_rnk",97.6628
"04013040520","tract",2019,"food_rnk",85.4491
"04013040521","tract",2019,"food_rnk",61.6622
"04013040522","tract",2019,"food_rnk",78.6561
"04013040523","tract",2019,"food_rnk",99.4428
"04013040524","tract",2019,"food_rnk",74.7278
"04013040525","tract",2019,"food_rnk",19.8417
"04013040526","tract",2019,"food_rnk",65.1518
"04013040527","tract",2019,"food_rnk",96.1338
"04013040528","tract",2019,"food_rnk",76.2836
"04013040529","tract",2019,"food_rnk",77.6955
"04013040530","tract",2019,"food_rnk",38.3252
"04013040531","tract",2019,"food_rnk",30.6943
"04013050603","tract",2019,"food_rnk",19.9997
"04013050604","tract",2019,"food_rnk",32.109
"04013050605","tract",2019,"food_rnk",76.3217
"04013050606","tract",2019,"food_rnk",92.0531
"04013050607","tract",2019,"food_rnk",54.2626
"04013050608","tract",2019,"food_rnk",46.0153
"04013050609","tract",2019,"food_rnk",68.8685
"04013050610","tract",2019,"food_rnk",76.1905
"04013050611","tract",2019,"food_rnk",36.5888
"04013050701","tract",2019,"food_rnk",38.7681
"04013050702","tract",2019,"food_rnk",14.9078
"04013060801","tract",2019,"food_rnk",9.2544
"04013060802","tract",2019,"food_rnk",23.1903
"04013060901","tract",2019,"food_rnk",17.3592
"04013060902","tract",2019,"food_rnk",15.4832
"04013060903","tract",2019,"food_rnk",18.3565
"04013060904","tract",2019,"food_rnk",16.3521
"04013061009","tract",2019,"food_rnk",77.2794
"04013061010","tract",2019,"food_rnk",67.1335
"04013061011","tract",2019,"food_rnk",35.1247
"04013061012","tract",2019,"food_rnk",98.928
"04013061013","tract",2019,"food_rnk",70.6274
"04013061014","tract",2019,"food_rnk",65.0559
"04013061015","tract",2019,"food_rnk",58.6888
"04013061016","tract",2019,"food_rnk",92.939
"04013061017","tract",2019,"food_rnk",NA
"04013061018","tract",2019,"food_rnk",71.5203
"04013061019","tract",2019,"food_rnk",62.7906
"04013061020","tract",2019,"food_rnk",82.5025
"04013061021","tract",2019,"food_rnk",59.1613
"04013061022","tract",2019,"food_rnk",68.2211
"04013061023","tract",2019,"food_rnk",72.7982
"04013061024","tract",2019,"food_rnk",75.1114
"04013061025","tract",2019,"food_rnk",78.0016
"04013061026","tract",2019,"food_rnk",54.91
"04013061027","tract",2019,"food_rnk",74.5754
"04013061028","tract",2019,"food_rnk",45.4821
"04013061029","tract",2019,"food_rnk",54.9791
"04013061030","tract",2019,"food_rnk",67.2675
"04013061031","tract",2019,"food_rnk",77.2794
"04013061032","tract",2019,"food_rnk",62.7694
"04013061033","tract",2019,"food_rnk",67.3395
"04013061034","tract",2019,"food_rnk",75.1975
"04013061035","tract",2019,"food_rnk",57.0794
"04013061036","tract",2019,"food_rnk",89.5326
"04013061037","tract",2019,"food_rnk",56.8579
"04013061038","tract",2019,"food_rnk",57.8157
"04013061039","tract",2019,"food_rnk",71.5471
"04013061040","tract",2019,"food_rnk",36.9386
"04013061041","tract",2019,"food_rnk",39.7695
"04013061042","tract",2019,"food_rnk",51.4613
"04013061043","tract",2019,"food_rnk",60.9654
"04013061044","tract",2019,"food_rnk",48.0253
"04013061045","tract",2019,"food_rnk",81.2655
"04013061046","tract",2019,"food_rnk",37.3209
"04013061047","tract",2019,"food_rnk",85.3123
"04013061100","tract",2019,"food_rnk",65.0982
"04013061200","tract",2019,"food_rnk",2.7815
"04013061300","tract",2019,"food_rnk",44.5991
"04013061401","tract",2019,"food_rnk",3.2625
"04013061402","tract",2019,"food_rnk",14.5354
"04013071503","tract",2019,"food_rnk",98.0859
"04013071504","tract",2019,"food_rnk",25.1876
"04013071505","tract",2019,"food_rnk",53.1991
"04013071506","tract",2019,"food_rnk",69.9024
"04013071509","tract",2019,"food_rnk",72.0309
"04013071510","tract",2019,"food_rnk",93.032
"04013071511","tract",2019,"food_rnk",49.5416
"04013071512","tract",2019,"food_rnk",69.9024
"04013071513","tract",2019,"food_rnk",44.2028
"04013071514","tract",2019,"food_rnk",70.5992
"04013071515","tract",2019,"food_rnk",74.4894
"04013071516","tract",2019,"food_rnk",82.2966
"04013071517","tract",2019,"food_rnk",60.6325
"04013071600","tract",2019,"food_rnk",25.2877
"04013071701","tract",2019,"food_rnk",32.4659
"04013071702","tract",2019,"food_rnk",15.3154
"04013071801","tract",2019,"food_rnk",60.9781
"04013071802","tract",2019,"food_rnk",62.0839
"04013071903","tract",2019,"food_rnk",52.9028
"04013071906","tract",2019,"food_rnk",27.4783
"04013071909","tract",2019,"food_rnk",43.561
"04013071910","tract",2019,"food_rnk",55.4686
"04013071911","tract",2019,"food_rnk",64.3365
"04013071912","tract",2019,"food_rnk",24.6445
"04013071913","tract",2019,"food_rnk",16.6385
"04013071914","tract",2019,"food_rnk",28.6448
"04013071915","tract",2019,"food_rnk",20.6218
"04013082002","tract",2019,"food_rnk",40.0671
"04013082007","tract",2019,"food_rnk",29.5461
"04013082008","tract",2019,"food_rnk",35.8624
"04013082009","tract",2019,"food_rnk",31.1231
"04013082010","tract",2019,"food_rnk",12.6143
"04013082012","tract",2019,"food_rnk",45.5498
"04013082016","tract",2019,"food_rnk",86.9443
"04013082017","tract",2019,"food_rnk",50.7828
"04013082018","tract",2019,"food_rnk",13.5071
"04013082019","tract",2019,"food_rnk",63.5099
"04013082020","tract",2019,"food_rnk",90.6243
"04013082021","tract",2019,"food_rnk",36.7115
"04013082022","tract",2019,"food_rnk",31.8932
"04013082023","tract",2019,"food_rnk",56.0144
"04013082024","tract",2019,"food_rnk",28.1172
"04013082025","tract",2019,"food_rnk",35.112
"04013082026","tract",2019,"food_rnk",47.8165
"04013082027","tract",2019,"food_rnk",46.1239
"04013082028","tract",2019,"food_rnk",40.1941
"04013082203","tract",2019,"food_rnk",56.3769
"04013082204","tract",2019,"food_rnk",57.9737
"04013082205","tract",2019,"food_rnk",60.3447
"04013082206","tract",2019,"food_rnk",29.2668
"04013082207","tract",2019,"food_rnk",21.0195
"04013082208","tract",2019,"food_rnk",28.9198
"04013082209","tract",2019,"food_rnk",7.7451
"04013082210","tract",2019,"food_rnk",47.7672
"04013082211","tract",2019,"food_rnk",31.5857
"04013083000","tract",2019,"food_rnk",17.8529
"04013092305","tract",2019,"food_rnk",26.6574
"04013092306","tract",2019,"food_rnk",32.8016
"04013092307","tract",2019,"food_rnk",22.5203
"04013092308","tract",2019,"food_rnk",19.9391
"04013092309","tract",2019,"food_rnk",25.9493
"04013092311","tract",2019,"food_rnk",8.4927
"04013092312","tract",2019,"food_rnk",41.2506
"04013092401","tract",2019,"food_rnk",23.2425
"04013092402","tract",2019,"food_rnk",13.3125
"04013092500","tract",2019,"food_rnk",20.4497
"04013092600","tract",2019,"food_rnk",0.5529
"04013092705","tract",2019,"food_rnk",14.5043
"04013092708","tract",2019,"food_rnk",14.1531
"04013092709","tract",2019,"food_rnk",46.1239
"04013092710","tract",2019,"food_rnk",39.139
"04013092711","tract",2019,"food_rnk",28.0002
"04013092712","tract",2019,"food_rnk",42.5525
"04013092713","tract",2019,"food_rnk",37.6594
"04013092715","tract",2019,"food_rnk",39.8259
"04013092716","tract",2019,"food_rnk",38.0289
"04013092717","tract",2019,"food_rnk",21.2734
"04013092718","tract",2019,"food_rnk",6.4334
"04013092719","tract",2019,"food_rnk",48.2778
"04013092720","tract",2019,"food_rnk",50.5021
"04013092721","tract",2019,"food_rnk",80.3064
"04013092723","tract",2019,"food_rnk",48.7066
"04013092724","tract",2019,"food_rnk",24.55
"04013092801","tract",2019,"food_rnk",1.7758
"04013092802","tract",2019,"food_rnk",10.2093
"04013092900","tract",2019,"food_rnk",8.5322
"04013093001","tract",2019,"food_rnk",7.7719
"04013093002","tract",2019,"food_rnk",12.8625
"04013093101","tract",2019,"food_rnk",6.2881
"04013093104","tract",2019,"food_rnk",3.3288
"04013093105","tract",2019,"food_rnk",6.4588
"04013093106","tract",2019,"food_rnk",20.4003
"04013093200","tract",2019,"food_rnk",12.1333
"04013103205","tract",2019,"food_rnk",74.598
"04013103206","tract",2019,"food_rnk",89.6059
"04013103207","tract",2019,"food_rnk",82.2092
"04013103208","tract",2019,"food_rnk",61.6622
"04013103209","tract",2019,"food_rnk",90.1602
"04013103210","tract",2019,"food_rnk",89.6581
"04013103211","tract",2019,"food_rnk",64.8542
"04013103212","tract",2019,"food_rnk",95.1915
"04013103214","tract",2019,"food_rnk",63.5508
"04013103215","tract",2019,"food_rnk",45.389
"04013103216","tract",2019,"food_rnk",67.1138
"04013103217","tract",2019,"food_rnk",57.1288
"04013103219","tract",2019,"food_rnk",86.9725
"04013103220","tract",2019,"food_rnk",91.4142
"04013103302","tract",2019,"food_rnk",26.6306
"04013103303","tract",2019,"food_rnk",29.9185
"04013103304","tract",2019,"food_rnk",18.2225
"04013103305","tract",2019,"food_rnk",20.9532
"04013103306","tract",2019,"food_rnk",9.3757
"04013103400","tract",2019,"food_rnk",49.2411
"04013103501","tract",2019,"food_rnk",28.6716
"04013103502","tract",2019,"food_rnk",69.9024
"04013103604","tract",2019,"food_rnk",37.531
"04013103605","tract",2019,"food_rnk",86.7524
"04013103606","tract",2019,"food_rnk",69.2084
"04013103607","tract",2019,"food_rnk",76.2568
"04013103608","tract",2019,"food_rnk",45.9871
"04013103609","tract",2019,"food_rnk",48.2778
"04013103611","tract",2019,"food_rnk",70.5216
"04013103612","tract",2019,"food_rnk",48.9844
"04013103614","tract",2019,"food_rnk",61.2023
"04013103615","tract",2019,"food_rnk",11.9922
"04013103701","tract",2019,"food_rnk",28.8338
"04013103702","tract",2019,"food_rnk",63.5297
"04013103900","tract",2019,"food_rnk",19.5455
"04013104000","tract",2019,"food_rnk",40.2703
"04013104100","tract",2019,"food_rnk",43.7514
"04013104202","tract",2019,"food_rnk",45.2409
"04013104203","tract",2019,"food_rnk",63.5805
"04013104204","tract",2019,"food_rnk",62.5296
"04013104205","tract",2019,"food_rnk",14.0248
"04013104206","tract",2019,"food_rnk",33.2205
"04013104207","tract",2019,"food_rnk",64.9303
"04013104212","tract",2019,"food_rnk",41.2336
"04013104214","tract",2019,"food_rnk",61.2305
"04013104215","tract",2019,"food_rnk",47.2876
"04013104216","tract",2019,"food_rnk",36.1713
"04013104217","tract",2019,"food_rnk",36.1882
"04013104218","tract",2019,"food_rnk",35.5225
"04013104219","tract",2019,"food_rnk",47.8969
"04013104221","tract",2019,"food_rnk",40.4226
"04013104222","tract",2019,"food_rnk",28.247
"04013104223","tract",2019,"food_rnk",54.563
"04013104224","tract",2019,"food_rnk",63.2053
"04013104225","tract",2019,"food_rnk",21.6514
"04013104226","tract",2019,"food_rnk",27.4134
"04013104227","tract",2019,"food_rnk",24.1354
"04013104301","tract",2019,"food_rnk",47.1014
"04013104302","tract",2019,"food_rnk",38.7568
"04013104401","tract",2019,"food_rnk",26.7307
"04013104402","tract",2019,"food_rnk",27.8887
"04013104501","tract",2019,"food_rnk",18.7853
"04013104502","tract",2019,"food_rnk",12.4535
"04013104600","tract",2019,"food_rnk",27.1355
"04013104701","tract",2019,"food_rnk",16.8091
"04013104702","tract",2019,"food_rnk",40.7668
"04013104801","tract",2019,"food_rnk",56.3981
"04013104802","tract",2019,"food_rnk",83.686
"04013104900","tract",2019,"food_rnk",52.6518
"04013105002","tract",2019,"food_rnk",89.0064
"04013105003","tract",2019,"food_rnk",93.8389
"04013105004","tract",2019,"food_rnk",99.0676
"04013105101","tract",2019,"food_rnk",93.8798
"04013105102","tract",2019,"food_rnk",96.4441
"04013105103","tract",2019,"food_rnk",93.3917
"04013105200","tract",2019,"food_rnk",47.3708
"04013105300","tract",2019,"food_rnk",76.7998
"04013105400","tract",2019,"food_rnk",57.5307
"04013105501","tract",2019,"food_rnk",19.0984
"04013105502","tract",2019,"food_rnk",6.7423
"04013105503","tract",2019,"food_rnk",19.2451
"04013105601","tract",2019,"food_rnk",23.0619
"04013105602","tract",2019,"food_rnk",8.2981
"04013105701","tract",2019,"food_rnk",20.4384
"04013105702","tract",2019,"food_rnk",23.471
"04013105800","tract",2019,"food_rnk",30.8353
"04013105900","tract",2019,"food_rnk",15.6835
"04013106001","tract",2019,"food_rnk",6.7677
"04013106002","tract",2019,"food_rnk",22.9463
"04013106003","tract",2019,"food_rnk",18.2408
"04013106100","tract",2019,"food_rnk",72.0591
"04013106200","tract",2019,"food_rnk",87.3787
"04013106300","tract",2019,"food_rnk",49.1875
"04013106400","tract",2019,"food_rnk",74.9944
"04013106501","tract",2019,"food_rnk",64.0671
"04013106502","tract",2019,"food_rnk",58.2007
"04013106600","tract",2019,"food_rnk",77.8507
"04013106701","tract",2019,"food_rnk",6.2881
"04013106702","tract",2019,"food_rnk",67.087
"04013106703","tract",2019,"food_rnk",41.6751
"04013106801","tract",2019,"food_rnk",4.6138
"04013106802","tract",2019,"food_rnk",36.5042
"04013106900","tract",2019,"food_rnk",11.8314
"04013107000","tract",2019,"food_rnk",14.0657
"04013107101","tract",2019,"food_rnk",20.1676
"04013107102","tract",2019,"food_rnk",11.7891
"04013107201","tract",2019,"food_rnk",NA
"04013107202","tract",2019,"food_rnk",38.0064
"04013107300","tract",2019,"food_rnk",19.2592
"04013107400","tract",2019,"food_rnk",14.3125
"04013107500","tract",2019,"food_rnk",84.2459
"04013107601","tract",2019,"food_rnk",29.9551
"04013107602","tract",2019,"food_rnk",60.1938
"04013107700","tract",2019,"food_rnk",79.4065
"04013107800","tract",2019,"food_rnk",92.5426
"04013107900","tract",2019,"food_rnk",80.3656
"04013108000","tract",2019,"food_rnk",92.2111
"04013108100","tract",2019,"food_rnk",86.8074
"04013108200","tract",2019,"food_rnk",69.5893
"04013108301","tract",2019,"food_rnk",63.438
"04013108302","tract",2019,"food_rnk",32.1711
"04013108400","tract",2019,"food_rnk",48.7249
"04013108501","tract",2019,"food_rnk",76.6503
"04013108502","tract",2019,"food_rnk",77.3231
"04013108601","tract",2019,"food_rnk",8.7748
"04013108602","tract",2019,"food_rnk",27.4783
"04013108802","tract",2019,"food_rnk",64.1545
"04013108901","tract",2019,"food_rnk",48.1833
"04013108902","tract",2019,"food_rnk",10.8469
"04013109001","tract",2019,"food_rnk",7.2839
"04013109002","tract",2019,"food_rnk",7.6633
"04013109003","tract",2019,"food_rnk",6.8833
"04013109101","tract",2019,"food_rnk",31.1682
"04013109102","tract",2019,"food_rnk",11.8074
"04013109200","tract",2019,"food_rnk",3.0143
"04013109300","tract",2019,"food_rnk",9.6959
"04013109400","tract",2019,"food_rnk",17.2958
"04013109500","tract",2019,"food_rnk",27.8154
"04013109601","tract",2019,"food_rnk",11.16
"04013109602","tract",2019,"food_rnk",15.857
"04013109603","tract",2019,"food_rnk",11.191
"04013109604","tract",2019,"food_rnk",8.1838
"04013109701","tract",2019,"food_rnk",13.3449
"04013109702","tract",2019,"food_rnk",23.4809
"04013109703","tract",2019,"food_rnk",18.5977
"04013109704","tract",2019,"food_rnk",13.7427
"04013109705","tract",2019,"food_rnk",20.8319
"04013109801","tract",2019,"food_rnk",12.7567
"04013109802","tract",2019,"food_rnk",14.3929
"04013109900","tract",2019,"food_rnk",10.1205
"04013110001","tract",2019,"food_rnk",6.6689
"04013110002","tract",2019,"food_rnk",17.2958
"04013110100","tract",2019,"food_rnk",13.7483
"04013110400","tract",2019,"food_rnk",44.0702
"04013110501","tract",2019,"food_rnk",49.086
"04013110502","tract",2019,"food_rnk",57.5688
"04013110600","tract",2019,"food_rnk",90.3112
"04013110701","tract",2019,"food_rnk",32.1584
"04013110702","tract",2019,"food_rnk",60.2686
"04013110801","tract",2019,"food_rnk",39.5608
"04013110802","tract",2019,"food_rnk",36.3617
"04013110901","tract",2019,"food_rnk",23.117
"04013110902","tract",2019,"food_rnk",7.061
"04013111000","tract",2019,"food_rnk",52.357
"04013111100","tract",2019,"food_rnk",74.969
"04013111201","tract",2019,"food_rnk",69.5371
"04013111202","tract",2019,"food_rnk",27.1764
"04013111203","tract",2019,"food_rnk",7.0455
"04013111204","tract",2019,"food_rnk",40.9769
"04013111300","tract",2019,"food_rnk",44.5357
"04013111401","tract",2019,"food_rnk",17.1025
"04013111402","tract",2019,"food_rnk",28.247
"04013111501","tract",2019,"food_rnk",61.1741
"04013111502","tract",2019,"food_rnk",32.3558
"04013111601","tract",2019,"food_rnk",27.3062
"04013111602","tract",2019,"food_rnk",13.9937
"04013111700","tract",2019,"food_rnk",44.4764
"04013111800","tract",2019,"food_rnk",73.0718
"04013111900","tract",2019,"food_rnk",33.9568
"04013112100","tract",2019,"food_rnk",12.1474
"04013112201","tract",2019,"food_rnk",14.6835
"04013112202","tract",2019,"food_rnk",31.0525
"04013112301","tract",2019,"food_rnk",18.2041
"04013112302","tract",2019,"food_rnk",15.558
"04013112401","tract",2019,"food_rnk",9.6635
"04013112402","tract",2019,"food_rnk",19.0984
"04013112502","tract",2019,"food_rnk",26.6136
"04013112503","tract",2019,"food_rnk",23.2425
"04013112504","tract",2019,"food_rnk",5.7394
"04013112505","tract",2019,"food_rnk",19.049
"04013112507","tract",2019,"food_rnk",2.6532
"04013112508","tract",2019,"food_rnk",12.6947
"04013112509","tract",2019,"food_rnk",8.1105
"04013112510","tract",2019,"food_rnk",24.7997
"04013112511","tract",2019,"food_rnk",48.0662
"04013112512","tract",2019,"food_rnk",52.4543
"04013112513","tract",2019,"food_rnk",18.7768
"04013112514","tract",2019,"food_rnk",36.1882
"04013112601","tract",2019,"food_rnk",8.2684
"04013112602","tract",2019,"food_rnk",9.8214
"04013112700","tract",2019,"food_rnk",14.4352
"04013112900","tract",2019,"food_rnk",11.2517
"04013113000","tract",2019,"food_rnk",72.6698
"04013113100","tract",2019,"food_rnk",NA
"04013113201","tract",2019,"food_rnk",8.0301
"04013113202","tract",2019,"food_rnk",6.6901
"04013113203","tract",2019,"food_rnk",8.7819
"04013113300","tract",2019,"food_rnk",2.577
"04013113400","tract",2019,"food_rnk",NA
"04013113501","tract",2019,"food_rnk",13.524
"04013113502","tract",2019,"food_rnk",11.5648
"04013113601","tract",2019,"food_rnk",30.5885
"04013113602","tract",2019,"food_rnk",5.2542
"04013113700","tract",2019,"food_rnk",11.0726
"04013113801","tract",2019,"food_rnk",46.7572
"04013113802","tract",2019,"food_rnk",NA
"04013113900","tract",2019,"food_rnk",0.6855
"04013114000","tract",2019,"food_rnk",79.3867
"04013114100","tract",2019,"food_rnk",NA
"04013114200","tract",2019,"food_rnk",22.4512
"04013114301","tract",2019,"food_rnk",36.2037
"04013114302","tract",2019,"food_rnk",1.6997
"04013114401","tract",2019,"food_rnk",10.3617
"04013114402","tract",2019,"food_rnk",14.5805
"04013114500","tract",2019,"food_rnk",13.7046
"04013114600","tract",2019,"food_rnk",3.7929
"04013114703","tract",2019,"food_rnk",NA
"04013114800","tract",2019,"food_rnk",6.9327
"04013114900","tract",2019,"food_rnk",8.2022
"04013115200","tract",2019,"food_rnk",21.1535
"04013115300","tract",2019,"food_rnk",7.8199
"04013115400","tract",2019,"food_rnk",5.154
"04013115500","tract",2019,"food_rnk",12.7059
"04013115600","tract",2019,"food_rnk",30.4502
"04013115700","tract",2019,"food_rnk",12.1333
"04013115801","tract",2019,"food_rnk",13.1728
"04013115802","tract",2019,"food_rnk",5.8776
"04013115900","tract",2019,"food_rnk",29.7802
"04013116000","tract",2019,"food_rnk",21.7671
"04013116100","tract",2019,"food_rnk",13.2151
"04013116202","tract",2019,"food_rnk",26.2018
"04013116203","tract",2019,"food_rnk",32.3178
"04013116204","tract",2019,"food_rnk",21.1634
"04013116205","tract",2019,"food_rnk",34.2629
"04013116300","tract",2019,"food_rnk",28.2273
"04013116400","tract",2019,"food_rnk",42.7358
"04013116500","tract",2019,"food_rnk",9.624
"04013116602","tract",2019,"food_rnk",16.3112
"04013116603","tract",2019,"food_rnk",46.7036
"04013116604","tract",2019,"food_rnk",36.1149
"04013116605","tract",2019,"food_rnk",46.5442
"04013116606","tract",2019,"food_rnk",33.0837
"04013116607","tract",2019,"food_rnk",25.4302
"04013116608","tract",2019,"food_rnk",40.448
"04013116609","tract",2019,"food_rnk",74.4062
"04013116610","tract",2019,"food_rnk",41.9699
"04013116611","tract",2019,"food_rnk",55.9933
"04013116612","tract",2019,"food_rnk",50.6305
"04013116613","tract",2019,"food_rnk",54.6857
"04013116702","tract",2019,"food_rnk",15.0686
"04013116703","tract",2019,"food_rnk",75.4373
"04013116704","tract",2019,"food_rnk",37.5889
"04013116707","tract",2019,"food_rnk",65.6596
"04013116708","tract",2019,"food_rnk",89.4239
"04013116709","tract",2019,"food_rnk",78.0524
"04013116710","tract",2019,"food_rnk",81.1104
"04013116711","tract",2019,"food_rnk",85.9555
"04013116712","tract",2019,"food_rnk",85.6254
"04013116713","tract",2019,"food_rnk",77.5262
"04013116714","tract",2019,"food_rnk",94.2832
"04013116715","tract",2019,"food_rnk",61.1177
"04013116717","tract",2019,"food_rnk",52.6913
"04013116718","tract",2019,"food_rnk",70.7713
"04013116719","tract",2019,"food_rnk",83.3559
"04013116720","tract",2019,"food_rnk",78.3824
"04013116721","tract",2019,"food_rnk",91.2266
"04013116725","tract",2019,"food_rnk",83.7551
"04013116727","tract",2019,"food_rnk",95.9349
"04013116728","tract",2019,"food_rnk",77.4628
"04013116729","tract",2019,"food_rnk",64.7343
"04013116730","tract",2019,"food_rnk",91.7132
"04013116731","tract",2019,"food_rnk",93.932
"04013116732","tract",2019,"food_rnk",27.0791
"04013116733","tract",2019,"food_rnk",81.6506
"04013116800","tract",2019,"food_rnk",22.6966
"04013116900","tract",2019,"food_rnk",3.1116
"04013117000","tract",2019,"food_rnk",14.455
"04013117100","tract",2019,"food_rnk",31.0638
"04013117200","tract",2019,"food_rnk",14.5988
"04013117300","tract",2019,"food_rnk",0.5981
"04013216806","tract",2019,"food_rnk",93.104
"04013216807","tract",2019,"food_rnk",94.31
"04013216809","tract",2019,"food_rnk",95.1267
"04013216810","tract",2019,"food_rnk",61.1586
"04013216813","tract",2019,"food_rnk",94.1294
"04013216816","tract",2019,"food_rnk",99.2087
"04013216818","tract",2019,"food_rnk",86.2545
"04013216819","tract",2019,"food_rnk",83.1641
"04013216820","tract",2019,"food_rnk",69.0716
"04013216821","tract",2019,"food_rnk",99.2835
"04013216822","tract",2019,"food_rnk",94.9701
"04013216826","tract",2019,"food_rnk",86.2291
"04013216829","tract",2019,"food_rnk",97.0196
"04013216830","tract",2019,"food_rnk",77.3231
"04013216831","tract",2019,"food_rnk",95.5752
"04013216832","tract",2019,"food_rnk",38.9867
"04013216833","tract",2019,"food_rnk",92.0052
"04013216834","tract",2019,"food_rnk",93.6752
"04013216835","tract",2019,"food_rnk",92.2111
"04013216836","tract",2019,"food_rnk",76.8562
"04013216837","tract",2019,"food_rnk",59.332
"04013216838","tract",2019,"food_rnk",95.3876
"04013216839","tract",2019,"food_rnk",89.7018
"04013216840","tract",2019,"food_rnk",93.8389
"04013216841","tract",2019,"food_rnk",97.9138
"04013216842","tract",2019,"food_rnk",92.1547
"04013216843","tract",2019,"food_rnk",87.2433
"04013216844","tract",2019,"food_rnk",74.4894
"04013216845","tract",2019,"food_rnk",55.8565
"04013216846","tract",2019,"food_rnk",95.9349
"04013216847","tract",2019,"food_rnk",96.7544
"04013216848","tract",2019,"food_rnk",84.4081
"04013216849","tract",2019,"food_rnk",99.5402
"04013216850","tract",2019,"food_rnk",95.9137
"04013216851","tract",2019,"food_rnk",94.8417
"04013216852","tract",2019,"food_rnk",86.5225
"04013216853","tract",2019,"food_rnk",71.8813
"04013216901","tract",2019,"food_rnk",64.7554
"04013216902","tract",2019,"food_rnk",64.7766
"04013217001","tract",2019,"food_rnk",90.5199
"04013217002","tract",2019,"food_rnk",73.6022
"04013217101","tract",2019,"food_rnk",34.8355
"04013217102","tract",2019,"food_rnk",68.4947
"04013217201","tract",2019,"food_rnk",28.5728
"04013217203","tract",2019,"food_rnk",88.5875
"04013217204","tract",2019,"food_rnk",13.4394
"04013217300","tract",2019,"food_rnk",92.9714
"04013217400","tract",2019,"food_rnk",77.4092
"04013217501","tract",2019,"food_rnk",22.6261
"04013217502","tract",2019,"food_rnk",48.5994
"04013217600","tract",2019,"food_rnk",17.1674
"04013217700","tract",2019,"food_rnk",46.1239
"04013217800","tract",2019,"food_rnk",80.5687
"04013217900","tract",2019,"food_rnk",69.0913
"04013218000","tract",2019,"food_rnk",67.5172
"04013218100","tract",2019,"food_rnk",39.857
"04013218200","tract",2019,"food_rnk",15.5904
"04013218300","tract",2019,"food_rnk",22.8179
"04013318400","tract",2019,"food_rnk",21.6204
"04013318501","tract",2019,"food_rnk",39.8259
"04013318700","tract",2019,"food_rnk",NA
"04013318800","tract",2019,"food_rnk",23.6459
"04013318900","tract",2019,"food_rnk",37.0317
"04013319000","tract",2019,"food_rnk",NA
"04013319101","tract",2019,"food_rnk",19.8897
"04013319103","tract",2019,"food_rnk",71.1592
"04013319104","tract",2019,"food_rnk",64.9303
"04013319201","tract",2019,"food_rnk",14.8936
"04013319202","tract",2019,"food_rnk",13.7624
"04013319300","tract",2019,"food_rnk",45.6852
"04013319401","tract",2019,"food_rnk",64.0671
"04013319402","tract",2019,"food_rnk",62.3688
"04013319403","tract",2019,"food_rnk",47.0802
"04013319404","tract",2019,"food_rnk",66.2224
"04013319500","tract",2019,"food_rnk",83.5054
"04013319600","tract",2019,"food_rnk",54.6674
"04013319703","tract",2019,"food_rnk",70.3044
"04013319704","tract",2019,"food_rnk",56.1047
"04013319705","tract",2019,"food_rnk",9.4575
"04013319706","tract",2019,"food_rnk",26.7307
"04013319800","tract",2019,"food_rnk",38.7568
"04013319902","tract",2019,"food_rnk",90.7597
"04013319903","tract",2019,"food_rnk",73.6219
"04013319904","tract",2019,"food_rnk",63.7455
"04013319905","tract",2019,"food_rnk",55.1597
"04013319906","tract",2019,"food_rnk",60.3758
"04013319907","tract",2019,"food_rnk",84.198
"04013319908","tract",2019,"food_rnk",53.5573
"04013319909","tract",2019,"food_rnk",62.8808
"04013319910","tract",2019,"food_rnk",98.6304
"04013320001","tract",2019,"food_rnk",46.4441
"04013320002","tract",2019,"food_rnk",12.3886
"04013320007","tract",2019,"food_rnk",18.5017
"04013320100","tract",2019,"food_rnk",69.4285
"04013420104","tract",2019,"food_rnk",36.9823
"04013420105","tract",2019,"food_rnk",72.1874
"04013420107","tract",2019,"food_rnk",89.4846
"04013420108","tract",2019,"food_rnk",77.632
"04013420109","tract",2019,"food_rnk",73.574
"04013420110","tract",2019,"food_rnk",90.7117
"04013420111","tract",2019,"food_rnk",44.7176
"04013420112","tract",2019,"food_rnk",53.7195
"04013420113","tract",2019,"food_rnk",30.532
"04013420114","tract",2019,"food_rnk",17.0066
"04013420115","tract",2019,"food_rnk",23.0619
"04013420116","tract",2019,"food_rnk",70.8841
"04013420202","tract",2019,"food_rnk",33.8834
"04013420206","tract",2019,"food_rnk",26.8083
"04013420207","tract",2019,"food_rnk",88.3125
"04013420208","tract",2019,"food_rnk",58.5294
"04013420209","tract",2019,"food_rnk",43.9686
"04013420210","tract",2019,"food_rnk",64.4719
"04013420211","tract",2019,"food_rnk",85.7242
"04013420212","tract",2019,"food_rnk",77.3767
"04013420213","tract",2019,"food_rnk",87.2179
"04013420214","tract",2019,"food_rnk",49.0098
"04013420215","tract",2019,"food_rnk",57.236
"04013420216","tract",2019,"food_rnk",87.1812
"04013420301","tract",2019,"food_rnk",68.2211
"04013420302","tract",2019,"food_rnk",74.6248
"04013420303","tract",2019,"food_rnk",96.8475
"04013420304","tract",2019,"food_rnk",50.2088
"04013420401","tract",2019,"food_rnk",41.2506
"04013420402","tract",2019,"food_rnk",80.9072
"04013420501","tract",2019,"food_rnk",38.6891
"04013420503","tract",2019,"food_rnk",22.1225
"04013420504","tract",2019,"food_rnk",47.1465
"04013420602","tract",2019,"food_rnk",46.8926
"04013420603","tract",2019,"food_rnk",50.7335
"04013420604","tract",2019,"food_rnk",82.645
"04013420704","tract",2019,"food_rnk",40.2703
"04013420705","tract",2019,"food_rnk",67.3113
"04013420706","tract",2019,"food_rnk",68.3945
"04013420707","tract",2019,"food_rnk",55.7747
"04013420708","tract",2019,"food_rnk",16.8895
"04013420709","tract",2019,"food_rnk",15.4169
"04013420710","tract",2019,"food_rnk",21.0675
"04013420800","tract",2019,"food_rnk",36.3194
"04013420901","tract",2019,"food_rnk",31.1231
"04013420902","tract",2019,"food_rnk",38.8061
"04013421001","tract",2019,"food_rnk",33.6013
"04013421002","tract",2019,"food_rnk",10.8991
"04013421101","tract",2019,"food_rnk",48.3314
"04013421102","tract",2019,"food_rnk",32.0878
"04013421201","tract",2019,"food_rnk",30.47
"04013421202","tract",2019,"food_rnk",54.5814
"04013421302","tract",2019,"food_rnk",9.5464
"04013421303","tract",2019,"food_rnk",23.6628
"04013421304","tract",2019,"food_rnk",17.0235
"04013421400","tract",2019,"food_rnk",10.7524
"04013421501","tract",2019,"food_rnk",17.702
"04013421502","tract",2019,"food_rnk",23.251
"04013421601","tract",2019,"food_rnk",38.2814
"04013421602","tract",2019,"food_rnk",8.7452
"04013421701","tract",2019,"food_rnk",29.4671
"04013421702","tract",2019,"food_rnk",31.7606
"04013421801","tract",2019,"food_rnk",40.156
"04013421802","tract",2019,"food_rnk",19.9659
"04013421901","tract",2019,"food_rnk",25.3301
"04013421902","tract",2019,"food_rnk",12.4704
"04013422001","tract",2019,"food_rnk",29.7196
"04013422002","tract",2019,"food_rnk",30.3755
"04013422102","tract",2019,"food_rnk",14.1588
"04013422103","tract",2019,"food_rnk",19.3932
"04013422104","tract",2019,"food_rnk",40.0361
"04013422105","tract",2019,"food_rnk",39.6369
"04013422106","tract",2019,"food_rnk",19.0688
"04013422107","tract",2019,"food_rnk",20.2226
"04013422203","tract",2019,"food_rnk",43.8403
"04013422204","tract",2019,"food_rnk",39.0389
"04013422205","tract",2019,"food_rnk",79.6279
"04013422209","tract",2019,"food_rnk",61.7299
"04013422210","tract",2019,"food_rnk",67.7937
"04013422211","tract",2019,"food_rnk",69.2084
"04013422212","tract",2019,"food_rnk",58.2473
"04013422213","tract",2019,"food_rnk",83.1457
"04013422215","tract",2019,"food_rnk",51.7505
"04013422216","tract",2019,"food_rnk",42.5341
"04013422217","tract",2019,"food_rnk",17.2224
"04013422218","tract",2019,"food_rnk",55.7958
"04013422219","tract",2019,"food_rnk",44.7501
"04013422220","tract",2019,"food_rnk",74.2172
"04013422221","tract",2019,"food_rnk",71.0562
"04013422222","tract",2019,"food_rnk",70.7388
"04013422301","tract",2019,"food_rnk",33.095
"04013422302","tract",2019,"food_rnk",21.8038
"04013422304","tract",2019,"food_rnk",70.3241
"04013422305","tract",2019,"food_rnk",91.0489
"04013422307","tract",2019,"food_rnk",76.7561
"04013422308","tract",2019,"food_rnk",49.8392
"04013422309","tract",2019,"food_rnk",84.5097
"04013422401","tract",2019,"food_rnk",41.5073
"04013422402","tract",2019,"food_rnk",34.466
"04013422403","tract",2019,"food_rnk",66.1053
"04013422404","tract",2019,"food_rnk",68.4397
"04013422501","tract",2019,"food_rnk",29.7661
"04013422502","tract",2019,"food_rnk",58.7706
"04013422503","tract",2019,"food_rnk",47.0802
"04013422504","tract",2019,"food_rnk",66.7513
"04013422506","tract",2019,"food_rnk",64.0078
"04013422507","tract",2019,"food_rnk",85.4491
"04013422508","tract",2019,"food_rnk",79.4333
"04013422509","tract",2019,"food_rnk",65.5284
"04013422510","tract",2019,"food_rnk",92.1406
"04013422511","tract",2019,"food_rnk",74.8589
"04013422512","tract",2019,"food_rnk",68.8389
"04013422513","tract",2019,"food_rnk",57.487
"04013422514","tract",2019,"food_rnk",39.5368
"04013422606","tract",2019,"food_rnk",96.3059
"04013422607","tract",2019,"food_rnk",75.1396
"04013422609","tract",2019,"food_rnk",69.1435
"04013422610","tract",2019,"food_rnk",94.1844
"04013422615","tract",2019,"food_rnk",62.1177
"04013422616","tract",2019,"food_rnk",53.3711
"04013422617","tract",2019,"food_rnk",44.578
"04013422618","tract",2019,"food_rnk",64.8132
"04013422620","tract",2019,"food_rnk",74.4062
"04013422621","tract",2019,"food_rnk",73.574
"04013422622","tract",2019,"food_rnk",86.3547
"04013422623","tract",2019,"food_rnk",74.5754
"04013422624","tract",2019,"food_rnk",52.6236
"04013422625","tract",2019,"food_rnk",24.4584
"04013422626","tract",2019,"food_rnk",40.3041
"04013422627","tract",2019,"food_rnk",34.0146
"04013422628","tract",2019,"food_rnk",12.4535
"04013422629","tract",2019,"food_rnk",58.2007
"04013422630","tract",2019,"food_rnk",46.5908
"04013422631","tract",2019,"food_rnk",56.3769
"04013422632","tract",2019,"food_rnk",58.3573
"04013422633","tract",2019,"food_rnk",50.1904
"04013422634","tract",2019,"food_rnk",26.6136
"04013422635","tract",2019,"food_rnk",70.1563
"04013422636","tract",2019,"food_rnk",64.4338
"04013422637","tract",2019,"food_rnk",58.9201
"04013422638","tract",2019,"food_rnk",39.1757
"04013422639","tract",2019,"food_rnk",15.2265
"04013422640","tract",2019,"food_rnk",47.7065
"04013422641","tract",2019,"food_rnk",56.6435
"04013422642","tract",2019,"food_rnk",68.0758
"04013422643","tract",2019,"food_rnk",74.897
"04013422644","tract",2019,"food_rnk",88.5875
"04013422646","tract",2019,"food_rnk",94.1661
"04013522800","tract",2019,"food_rnk",NA
"04013522901","tract",2019,"food_rnk",60.4265
"04013522903","tract",2019,"food_rnk",30.549
"04013522904","tract",2019,"food_rnk",10.2164
"04013523002","tract",2019,"food_rnk",25.5021
"04013523003","tract",2019,"food_rnk",55.9467
"04013523005","tract",2019,"food_rnk",77.3231
"04013523006","tract",2019,"food_rnk",62.634
"04013523102","tract",2019,"food_rnk",16.867
"04013523103","tract",2019,"food_rnk",50.89
"04013523104","tract",2019,"food_rnk",56.5885
"04013610000","tract",2019,"food_rnk",64.62
"04013610100","tract",2019,"food_rnk",71.7784
"04013610200","tract",2019,"food_rnk",78.1652
"04013610300","tract",2019,"food_rnk",77.8013
"04013610400","tract",2019,"food_rnk",84.758
"04013610500","tract",2019,"food_rnk",95.0942
"04013610600","tract",2019,"food_rnk",96.0759
"04013610700","tract",2019,"food_rnk",84.6888
"04013610800","tract",2019,"food_rnk",85.6833
"04013610900","tract",2019,"food_rnk",99.7165
"04013611000","tract",2019,"food_rnk",90.2096
"04013611100","tract",2019,"food_rnk",60.4674
"04013611200","tract",2019,"food_rnk",78.807
"04013611300","tract",2019,"food_rnk",93.159
"04013611400","tract",2019,"food_rnk",92.9855
"04013611500","tract",2019,"food_rnk",84.9075
"04013611600","tract",2019,"food_rnk",90.5439
"04013611700","tract",2019,"food_rnk",62.8117
"04013611800","tract",2019,"food_rnk",88.194
"04013611900","tract",2019,"food_rnk",79.5433
"04013612000","tract",2019,"food_rnk",96.4441
"04013612200","tract",2019,"food_rnk",91.6145
"04013612300","tract",2019,"food_rnk",88.8329
"04013612400","tract",2019,"food_rnk",79.484
"04013612500","tract",2019,"food_rnk",98.038
"04013612600","tract",2019,"food_rnk",81.2204
"04013612700","tract",2019,"food_rnk",89.4648
"04013612800","tract",2019,"food_rnk",56.3219
"04013612900","tract",2019,"food_rnk",92.9601
"04013613000","tract",2019,"food_rnk",98.313
"04013613100","tract",2019,"food_rnk",89.3379
"04013613200","tract",2019,"food_rnk",87.6269
"04013613300","tract",2019,"food_rnk",97.4709
"04013613400","tract",2019,"food_rnk",80.9453
"04013613500","tract",2019,"food_rnk",56.202
"04013613600","tract",2019,"food_rnk",85.5281
"04013613700","tract",2019,"food_rnk",76.3738
"04013613800","tract",2019,"food_rnk",67.5355
"04013613900","tract",2019,"food_rnk",84.7297
"04013614000","tract",2019,"food_rnk",79.0792
"04013614100","tract",2019,"food_rnk",59.5563
"04013614200","tract",2019,"food_rnk",81.1104
"04013614300","tract",2019,"food_rnk",60.8553
"04013614400","tract",2019,"food_rnk",30.683
"04013614500","tract",2019,"food_rnk",49.8575
"04013614600","tract",2019,"food_rnk",48.8307
"04013614700","tract",2019,"food_rnk",17.537
"04013614800","tract",2019,"food_rnk",59.7805
"04013614900","tract",2019,"food_rnk",63.4733
"04013615000","tract",2019,"food_rnk",98.5697
"04013615100","tract",2019,"food_rnk",85.198
"04013615200","tract",2019,"food_rnk",93.8177
"04013615300","tract",2019,"food_rnk",35.8624
"04013615400","tract",2019,"food_rnk",77.3922
"04013615500","tract",2019,"food_rnk",93.9475
"04013615600","tract",2019,"food_rnk",22.3581
"04013615700","tract",2019,"food_rnk",81.0553
"04013615800","tract",2019,"food_rnk",85.1543
"04013615900","tract",2019,"food_rnk",65.9459
"04013616000","tract",2019,"food_rnk",80.9453
"04013616100","tract",2019,"food_rnk",70.681
"04013616200","tract",2019,"food_rnk",72.2396
"04013616300","tract",2019,"food_rnk",51.5544
"04013616400","tract",2019,"food_rnk",63.6341
"04013616500","tract",2019,"food_rnk",40.2703
"04013616600","tract",2019,"food_rnk",65.0291
"04013616700","tract",2019,"food_rnk",75.5332
"04013616800","tract",2019,"food_rnk",53.01
"04013616900","tract",2019,"food_rnk",71.564
"04013617000","tract",2019,"food_rnk",30.0863
"04013617100","tract",2019,"food_rnk",74.1297
"04013617200","tract",2019,"food_rnk",82.8481
"04013617300","tract",2019,"food_rnk",66.4509
"04013617400","tract",2019,"food_rnk",96.7205
"04013617500","tract",2019,"food_rnk",87.0289
"04013617600","tract",2019,"food_rnk",64.7145
"04013617700","tract",2019,"food_rnk",48.7827
"04013617800","tract",2019,"food_rnk",82.7973
"04013617900","tract",2019,"food_rnk",79.4065
"04013618000","tract",2019,"food_rnk",43.884
"04013618100","tract",2019,"food_rnk",76.5473
"04013618200","tract",2019,"food_rnk",31.9101
"04013618300","tract",2019,"food_rnk",48.2312
"04013618400","tract",2019,"food_rnk",22.3581
"04013618500","tract",2019,"food_rnk",32.669
"04013618600","tract",2019,"food_rnk",51.5304
"04013618700","tract",2019,"food_rnk",70.4906
"04013618800","tract",2019,"food_rnk",25.1298
"04013618900","tract",2019,"food_rnk",41.1194
"04013619000","tract",2019,"food_rnk",79.8367
"04013619100","tract",2019,"food_rnk",16.8768
"04013619200","tract",2019,"food_rnk",20.8573
"04013619300","tract",2019,"food_rnk",39.6369
"04013619400","tract",2019,"food_rnk",31.1075
"04013619500","tract",2019,"food_rnk",23.4005
"04013619600","tract",2019,"food_rnk",31.518
"04013619700","tract",2019,"food_rnk",25.0042
"04013619800","tract",2019,"food_rnk",64.2067
"04013619900","tract",2019,"food_rnk",95.334
"04013723303","tract",2019,"food_rnk",NA
"04013723304","tract",2019,"food_rnk",46.0153
"04013723305","tract",2019,"food_rnk",10.081
"04013723306","tract",2019,"food_rnk",NA
"04013723307","tract",2019,"food_rnk",72.3384
"04013723308","tract",2019,"food_rnk",80.9933
"04013810000","tract",2019,"food_rnk",90.7597
"04013810100","tract",2019,"food_rnk",90.7865
"04013810200","tract",2019,"food_rnk",63.9317
"04013810300","tract",2019,"food_rnk",70.066
"04013810400","tract",2019,"food_rnk",72.5429
"04013810500","tract",2019,"food_rnk",94.2084
"04013810600","tract",2019,"food_rnk",82.188
"04013810700","tract",2019,"food_rnk",52.2596
"04013810800","tract",2019,"food_rnk",71.3411
"04013810900","tract",2019,"food_rnk",81.8481
"04013811000","tract",2019,"food_rnk",60.8553
"04013811100","tract",2019,"food_rnk",41.4241
"04013811200","tract",2019,"food_rnk",85.5535
"04013811300","tract",2019,"food_rnk",63.438
"04013811400","tract",2019,"food_rnk",71.1958
"04013811500","tract",2019,"food_rnk",71.2776
"04013811600","tract",2019,"food_rnk",70.681
"04013811700","tract",2019,"food_rnk",70.7388
"04013811800","tract",2019,"food_rnk",87.5987
"04013811900","tract",2019,"food_rnk",92.0531
"04013812000","tract",2019,"food_rnk",75.3343
"04013812100","tract",2019,"food_rnk",56.2599
"04013812200","tract",2019,"food_rnk",79.4333
"04013812300","tract",2019,"food_rnk",80.4587
"04013812400","tract",2019,"food_rnk",88.9035
"04013812500","tract",2019,"food_rnk",88.0233
"04013812600","tract",2019,"food_rnk",91.7569
"04013812700","tract",2019,"food_rnk",67.0193
"04013812800","tract",2019,"food_rnk",95.2085
"04013812900","tract",2019,"food_rnk",79.8635
"04013813000","tract",2019,"food_rnk",90.7865
"04013813100","tract",2019,"food_rnk",88.3914
"04013813200","tract",2019,"food_rnk",91.6356
"04013813300","tract",2019,"food_rnk",93.2013
"04013813400","tract",2019,"food_rnk",90.4945
"04013813500","tract",2019,"food_rnk",69.0377
"04013813600","tract",2019,"food_rnk",91.4452
"04013813700","tract",2019,"food_rnk",68.1928
"04013813800","tract",2019,"food_rnk",15.9854
"04013813900","tract",2019,"food_rnk",77.3767
"04013814000","tract",2019,"food_rnk",93.7303
"04013814100","tract",2019,"food_rnk",85.1543
"04013814200","tract",2019,"food_rnk",45.1605
"04013814300","tract",2019,"food_rnk",73.7644
"04013814400","tract",2019,"food_rnk",66.5863
"04013814500","tract",2019,"food_rnk",92.1773
"04013814600","tract",2019,"food_rnk",61.8088
"04013814700","tract",2019,"food_rnk",69.365
"04013814800","tract",2019,"food_rnk",78.9636
"04013814900","tract",2019,"food_rnk",35.5464
"04013815000","tract",2019,"food_rnk",88.5522
"04013815100","tract",2019,"food_rnk",84.0372
"04013815200","tract",2019,"food_rnk",80.0934
"04013815300","tract",2019,"food_rnk",85.5845
"04013815400","tract",2019,"food_rnk",87.5169
"04013815500","tract",2019,"food_rnk",65.393
"04013815600","tract",2019,"food_rnk",71.4314
"04013815700","tract",2019,"food_rnk",68.0236
"04013815800","tract",2019,"food_rnk",80.841
"04013815900","tract",2019,"food_rnk",88.6468
"04013816000","tract",2019,"food_rnk",99.1988
"04013816100","tract",2019,"food_rnk",82.164
"04013816200","tract",2019,"food_rnk",56.0977
"04013816300","tract",2019,"food_rnk",95.7713
"04013816400","tract",2019,"food_rnk",85.9273
"04013816500","tract",2019,"food_rnk",96.2918
"04013816600","tract",2019,"food_rnk",75.4866
"04013816700","tract",2019,"food_rnk",88.0628
"04013816800","tract",2019,"food_rnk",90.5199
"04013816900","tract",2019,"food_rnk",90.5199
"04013817000","tract",2019,"food_rnk",83.827
"04013817100","tract",2019,"food_rnk",84.954
"04013817200","tract",2019,"food_rnk",93.9179
"04013817300","tract",2019,"food_rnk",73.0859
"04013817400","tract",2019,"food_rnk",68.2859
"04013817500","tract",2019,"food_rnk",97.5062
"04013817600","tract",2019,"food_rnk",67.0602
"04013940700","tract",2019,"food_rnk",0.2483
"04013941000","tract",2019,"food_rnk",11.2348
"04013941100","tract",2019,"food_rnk",NA
"04013941200","tract",2019,"food_rnk",59.4364
"04013941300","tract",2019,"food_rnk",6.889
"04013980100","tract",2019,"food_rnk",NA
"04013980400","tract",2019,"food_rnk",NA
"04013980500","tract",2019,"food_rnk",NA
"04013980600","tract",2019,"food_rnk",88.3914
"04013980700","tract",2019,"food_rnk",NA
"04015940400","tract",2019,"food_rnk",2.2822
"04015940501","tract",2019,"food_rnk",56.3544
"04015950100","tract",2019,"food_rnk",11.3857
"04015950401","tract",2019,"food_rnk",25.1608
"04015950402","tract",2019,"food_rnk",39.8781
"04015950500","tract",2019,"food_rnk",5.2542
"04015950600","tract",2019,"food_rnk",42.3085
"04015950703","tract",2019,"food_rnk",7.8862
"04015950704","tract",2019,"food_rnk",54.7041
"04015950705","tract",2019,"food_rnk",11.8878
"04015950706","tract",2019,"food_rnk",4.1512
"04015951401","tract",2019,"food_rnk",46.5442
"04015951402","tract",2019,"food_rnk",42.8247
"04015951501","tract",2019,"food_rnk",7.2007
"04015951502","tract",2019,"food_rnk",52.4543
"04015951601","tract",2019,"food_rnk",25.4302
"04015951602","tract",2019,"food_rnk",14.3125
"04015951700","tract",2019,"food_rnk",5.1766
"04015951800","tract",2019,"food_rnk",5.3854
"04015951900","tract",2019,"food_rnk",36.6015
"04015952001","tract",2019,"food_rnk",33.0005
"04015952002","tract",2019,"food_rnk",78.0524
"04015952003","tract",2019,"food_rnk",46.7572
"04015952004","tract",2019,"food_rnk",56.3769
"04015952400","tract",2019,"food_rnk",44.8375
"04015952500","tract",2019,"food_rnk",81.2204
"04015952600","tract",2019,"food_rnk",17.4481
"04015952700","tract",2019,"food_rnk",44.0702
"04015952800","tract",2019,"food_rnk",64.8316
"04015952900","tract",2019,"food_rnk",31.5462
"04015953000","tract",2019,"food_rnk",40.8034
"04015953100","tract",2019,"food_rnk",66.9177
"04015953200","tract",2019,"food_rnk",94.0095
"04015953300","tract",2019,"food_rnk",61.0204
"04015953401","tract",2019,"food_rnk",23.3525
"04015953402","tract",2019,"food_rnk",48.4273
"04015953601","tract",2019,"food_rnk",65.4141
"04015953602","tract",2019,"food_rnk",NA
"04015953800","tract",2019,"food_rnk",14.2265
"04015953900","tract",2019,"food_rnk",36.2446
"04015954800","tract",2019,"food_rnk",43.3833
"04015954900","tract",2019,"food_rnk",21.4032
"04015955000","tract",2019,"food_rnk",31.0328
"04017940008","tract",2019,"food_rnk",9.6465
"04017940010","tract",2019,"food_rnk",1.8901
"04017940011","tract",2019,"food_rnk",6.4475
"04017940012","tract",2019,"food_rnk",4.2936
"04017940013","tract",2019,"food_rnk",5.7323
"04017940014","tract",2019,"food_rnk",7.9229
"04017940015","tract",2019,"food_rnk",7.3657
"04017940100","tract",2019,"food_rnk",3.886
"04017940301","tract",2019,"food_rnk",2.821
"04017940302","tract",2019,"food_rnk",2.7491
"04017942300","tract",2019,"food_rnk",13.4662
"04017942400","tract",2019,"food_rnk",6.9496
"04017942500","tract",2019,"food_rnk",6.7536
"04017960100","tract",2019,"food_rnk",13.3195
"04017960200","tract",2019,"food_rnk",8.3488
"04017960400","tract",2019,"food_rnk",24.55
"04017960500","tract",2019,"food_rnk",NA
"04017960600","tract",2019,"food_rnk",10.2347
"04017961300","tract",2019,"food_rnk",69.0716
"04017961700","tract",2019,"food_rnk",60.1656
"04017962500","tract",2019,"food_rnk",38.3816
"04017963300","tract",2019,"food_rnk",38.3816
"04017963400","tract",2019,"food_rnk",39.6736
"04017963700","tract",2019,"food_rnk",54.958
"04017963800","tract",2019,"food_rnk",42.9291
"04017964201","tract",2019,"food_rnk",53.6264
"04017964202","tract",2019,"food_rnk",13.895
"04017964800","tract",2019,"food_rnk",38.7243
"04017964900","tract",2019,"food_rnk",83.2727
"04017965200","tract",2019,"food_rnk",35.1642
"04017965300","tract",2019,"food_rnk",28.9819
"04019000100","tract",2019,"food_rnk",24.0676
"04019000200","tract",2019,"food_rnk",7.4193
"04019000300","tract",2019,"food_rnk",37.8061
"04019000400","tract",2019,"food_rnk",77.8507
"04019000500","tract",2019,"food_rnk",NA
"04019000600","tract",2019,"food_rnk",45.2522
"04019000700","tract",2019,"food_rnk",38.9401
"04019000800","tract",2019,"food_rnk",18.6442
"04019000900","tract",2019,"food_rnk",22.2227
"04019001000","tract",2019,"food_rnk",5.2104
"04019001100","tract",2019,"food_rnk",8.1203
"04019001200","tract",2019,"food_rnk",4.8042
"04019001302","tract",2019,"food_rnk",6.6111
"04019001303","tract",2019,"food_rnk",10.4759
"04019001304","tract",2019,"food_rnk",7.3051
"04019001400","tract",2019,"food_rnk",34.0569
"04019001500","tract",2019,"food_rnk",17.702
"04019001600","tract",2019,"food_rnk",47.3468
"04019001700","tract",2019,"food_rnk",47.9731
"04019001801","tract",2019,"food_rnk",10.5464
"04019001802","tract",2019,"food_rnk",12.3477
"04019001900","tract",2019,"food_rnk",71.8588
"04019002000","tract",2019,"food_rnk",16.1899
"04019002100","tract",2019,"food_rnk",14.6694
"04019002201","tract",2019,"food_rnk",8.3446
"04019002202","tract",2019,"food_rnk",18.0391
"04019002300","tract",2019,"food_rnk",2.4867
"04019002400","tract",2019,"food_rnk",4.4643
"04019002501","tract",2019,"food_rnk",9.7058
"04019002503","tract",2019,"food_rnk",13.1376
"04019002504","tract",2019,"food_rnk",22.1367
"04019002505","tract",2019,"food_rnk",12.8992
"04019002506","tract",2019,"food_rnk",13.4733
"04019002602","tract",2019,"food_rnk",15.5354
"04019002603","tract",2019,"food_rnk",1.9634
"04019002604","tract",2019,"food_rnk",7.7395
"04019002702","tract",2019,"food_rnk",50.8054
"04019002703","tract",2019,"food_rnk",32.7451
"04019002704","tract",2019,"food_rnk",23.3737
"04019002801","tract",2019,"food_rnk",5.6562
"04019002802","tract",2019,"food_rnk",2.955
"04019002803","tract",2019,"food_rnk",11.8907
"04019002901","tract",2019,"food_rnk",5.1935
"04019002904","tract",2019,"food_rnk",68.5864
"04019002905","tract",2019,"food_rnk",11.5394
"04019002906","tract",2019,"food_rnk",83.5957
"04019003002","tract",2019,"food_rnk",14.9867
"04019003003","tract",2019,"food_rnk",3.2992
"04019003004","tract",2019,"food_rnk",52.8605
"04019003101","tract",2019,"food_rnk",6.3939
"04019003102","tract",2019,"food_rnk",8.2036
"04019003200","tract",2019,"food_rnk",53.5573
"04019003302","tract",2019,"food_rnk",21.3087
"04019003303","tract",2019,"food_rnk",23.1353
"04019003304","tract",2019,"food_rnk",36.6156
"04019003400","tract",2019,"food_rnk",26.3033
"04019003501","tract",2019,"food_rnk",3.7774
"04019003502","tract",2019,"food_rnk",19.8784
"04019003503","tract",2019,"food_rnk",11.0754
"04019003504","tract",2019,"food_rnk",21.4413
"04019003600","tract",2019,"food_rnk",51.8407
"04019003702","tract",2019,"food_rnk",6.6506
"04019003704","tract",2019,"food_rnk",7.8368
"04019003705","tract",2019,"food_rnk",8.9624
"04019003706","tract",2019,"food_rnk",17.9333
"04019003707","tract",2019,"food_rnk",2.1172
"04019003801","tract",2019,"food_rnk",6.4588
"04019003802","tract",2019,"food_rnk",10.3137
"04019003901","tract",2019,"food_rnk",8.2431
"04019003902","tract",2019,"food_rnk",12.2828
"04019003903","tract",2019,"food_rnk",14.3083
"04019004008","tract",2019,"food_rnk",38.8061
"04019004010","tract",2019,"food_rnk",64.3139
"04019004011","tract",2019,"food_rnk",21.8969
"04019004022","tract",2019,"food_rnk",43.2295
"04019004025","tract",2019,"food_rnk",55.9002
"04019004026","tract",2019,"food_rnk",83.4448
"04019004029","tract",2019,"food_rnk",31.7606
"04019004030","tract",2019,"food_rnk",69.9503
"04019004031","tract",2019,"food_rnk",95.0181
"04019004032","tract",2019,"food_rnk",65.8528
"04019004033","tract",2019,"food_rnk",15.4607
"04019004034","tract",2019,"food_rnk",16.0813
"04019004035","tract",2019,"food_rnk",54.6166
"04019004036","tract",2019,"food_rnk",37.5748
"04019004037","tract",2019,"food_rnk",21.1197
"04019004038","tract",2019,"food_rnk",8.7382
"04019004039","tract",2019,"food_rnk",44.8968
"04019004042","tract",2019,"food_rnk",45.224
"04019004043","tract",2019,"food_rnk",61.2855
"04019004044","tract",2019,"food_rnk",83.1641
"04019004046","tract",2019,"food_rnk",35.3969
"04019004047","tract",2019,"food_rnk",69.6457
"04019004048","tract",2019,"food_rnk",53.6673
"04019004049","tract",2019,"food_rnk",36.3617
"04019004050","tract",2019,"food_rnk",97.8476
"04019004051","tract",2019,"food_rnk",92.3903
"04019004052","tract",2019,"food_rnk",97.581
"04019004053","tract",2019,"food_rnk",90.9544
"04019004054","tract",2019,"food_rnk",68.0758
"04019004055","tract",2019,"food_rnk",81.0878
"04019004056","tract",2019,"food_rnk",56.8918
"04019004057","tract",2019,"food_rnk",63.9317
"04019004058","tract",2019,"food_rnk",50.2088
"04019004061","tract",2019,"food_rnk",80.8635
"04019004062","tract",2019,"food_rnk",83.2233
"04019004063","tract",2019,"food_rnk",92.654
"04019004064","tract",2019,"food_rnk",88.2532
"04019004065","tract",2019,"food_rnk",84.3263
"04019004066","tract",2019,"food_rnk",73.9788
"04019004067","tract",2019,"food_rnk",44.0025
"04019004068","tract",2019,"food_rnk",22.8969
"04019004069","tract",2019,"food_rnk",27.5855
"04019004070","tract",2019,"food_rnk",16.3888
"04019004071","tract",2019,"food_rnk",13.6623
"04019004072","tract",2019,"food_rnk",44.8375
"04019004073","tract",2019,"food_rnk",57.1485
"04019004074","tract",2019,"food_rnk",69.8671
"04019004107","tract",2019,"food_rnk",99.5867
"04019004109","tract",2019,"food_rnk",70.8009
"04019004110","tract",2019,"food_rnk",31.3219
"04019004112","tract",2019,"food_rnk",8.1683
"04019004113","tract",2019,"food_rnk",NA
"04019004114","tract",2019,"food_rnk",5.9848
"04019004115","tract",2019,"food_rnk",4.6053
"04019004116","tract",2019,"food_rnk",9.2544
"04019004117","tract",2019,"food_rnk",4.8762
"04019004118","tract",2019,"food_rnk",38.7243
"04019004119","tract",2019,"food_rnk",72.636
"04019004120","tract",2019,"food_rnk",32.1965
"04019004121","tract",2019,"food_rnk",61.8088
"04019004122","tract",2019,"food_rnk",2.3908
"04019004125","tract",2019,"food_rnk",42.6174
"04019004307","tract",2019,"food_rnk",96.1958
"04019004310","tract",2019,"food_rnk",21.7347
"04019004311","tract",2019,"food_rnk",46.9843
"04019004312","tract",2019,"food_rnk",36.7327
"04019004313","tract",2019,"food_rnk",17.6512
"04019004316","tract",2019,"food_rnk",39.809
"04019004317","tract",2019,"food_rnk",87.4281
"04019004320","tract",2019,"food_rnk",4.8254
"04019004321","tract",2019,"food_rnk",15.8288
"04019004322","tract",2019,"food_rnk",21.2833
"04019004323","tract",2019,"food_rnk",48.3934
"04019004324","tract",2019,"food_rnk",77.6687
"04019004325","tract",2019,"food_rnk",95.4638
"04019004326","tract",2019,"food_rnk",47.3468
"04019004327","tract",2019,"food_rnk",54.5179
"04019004328","tract",2019,"food_rnk",76.0494
"04019004329","tract",2019,"food_rnk",93.7303
"04019004330","tract",2019,"food_rnk",67.087
"04019004331","tract",2019,"food_rnk",37.0895
"04019004332","tract",2019,"food_rnk",92.1547
"04019004333","tract",2019,"food_rnk",53.9226
"04019004334","tract",2019,"food_rnk",46.0463
"04019004404","tract",2019,"food_rnk",83.851
"04019004407","tract",2019,"food_rnk",13.407
"04019004411","tract",2019,"food_rnk",97.6853
"04019004412","tract",2019,"food_rnk",52.5065
"04019004413","tract",2019,"food_rnk",47.7389
"04019004414","tract",2019,"food_rnk",31.1978
"04019004415","tract",2019,"food_rnk",44.6146
"04019004418","tract",2019,"food_rnk",79.3867
"04019004419","tract",2019,"food_rnk",24.6276
"04019004421","tract",2019,"food_rnk",68.1308
"04019004422","tract",2019,"food_rnk",44.4313
"04019004423","tract",2019,"food_rnk",57.4715
"04019004424","tract",2019,"food_rnk",20.8742
"04019004425","tract",2019,"food_rnk",26.2539
"04019004426","tract",2019,"food_rnk",67.9164
"04019004427","tract",2019,"food_rnk",80.7338
"04019004428","tract",2019,"food_rnk",89.0657
"04019004429","tract",2019,"food_rnk",80.4587
"04019004430","tract",2019,"food_rnk",20.9067
"04019004431","tract",2019,"food_rnk",89.3182
"04019004504","tract",2019,"food_rnk",10.9075
"04019004505","tract",2019,"food_rnk",6.3854
"04019004506","tract",2019,"food_rnk",9.8736
"04019004508","tract",2019,"food_rnk",12.5353
"04019004510","tract",2019,"food_rnk",42.3085
"04019004511","tract",2019,"food_rnk",11.6086
"04019004512","tract",2019,"food_rnk",17.3776
"04019004513","tract",2019,"food_rnk",17.9672
"04019004610","tract",2019,"food_rnk",30.4911
"04019004613","tract",2019,"food_rnk",29.1765
"04019004614","tract",2019,"food_rnk",71.5936
"04019004615","tract",2019,"food_rnk",67.7937
"04019004616","tract",2019,"food_rnk",43.9686
"04019004617","tract",2019,"food_rnk",37.3688
"04019004618","tract",2019,"food_rnk",41.6554
"04019004619","tract",2019,"food_rnk",51.4204
"04019004620","tract",2019,"food_rnk",67.4171
"04019004621","tract",2019,"food_rnk",40.242
"04019004622","tract",2019,"food_rnk",46.8052
"04019004623","tract",2019,"food_rnk",93.482
"04019004624","tract",2019,"food_rnk",44.2352
"04019004625","tract",2019,"food_rnk",42.9686
"04019004626","tract",2019,"food_rnk",13.5988
"04019004627","tract",2019,"food_rnk",36.1713
"04019004628","tract",2019,"food_rnk",71.9688
"04019004630","tract",2019,"food_rnk",59.6367
"04019004631","tract",2019,"food_rnk",62.8808
"04019004632","tract",2019,"food_rnk",81.013
"04019004633","tract",2019,"food_rnk",94.3523
"04019004634","tract",2019,"food_rnk",59.607
"04019004635","tract",2019,"food_rnk",93.8798
"04019004636","tract",2019,"food_rnk",79.2104
"04019004638","tract",2019,"food_rnk",94.3847
"04019004639","tract",2019,"food_rnk",78.1652
"04019004640","tract",2019,"food_rnk",76.0776
"04019004641","tract",2019,"food_rnk",89.9275
"04019004642","tract",2019,"food_rnk",97.9322
"04019004643","tract",2019,"food_rnk",97.0196
"04019004644","tract",2019,"food_rnk",50.1707
"04019004645","tract",2019,"food_rnk",43.561
"04019004646","tract",2019,"food_rnk",52.8605
"04019004647","tract",2019,"food_rnk",61.5874
"04019004710","tract",2019,"food_rnk",85.2883
"04019004711","tract",2019,"food_rnk",69.7176
"04019004712","tract",2019,"food_rnk",57.1485
"04019004713","tract",2019,"food_rnk",83.016
"04019004714","tract",2019,"food_rnk",81.8015
"04019004715","tract",2019,"food_rnk",45.894
"04019004716","tract",2019,"food_rnk",77.2582
"04019004717","tract",2019,"food_rnk",89.2095
"04019004718","tract",2019,"food_rnk",73.9788
"04019004719","tract",2019,"food_rnk",88.0981
"04019004720","tract",2019,"food_rnk",83.1641
"04019004721","tract",2019,"food_rnk",51.1665
"04019004722","tract",2019,"food_rnk",92.7556
"04019004723","tract",2019,"food_rnk",96.3623
"04019004724","tract",2019,"food_rnk",78.4967
"04019004725","tract",2019,"food_rnk",64.3845
"04019004726","tract",2019,"food_rnk",93.0772
"04019005200","tract",2019,"food_rnk",27.7279
"04019005300","tract",2019,"food_rnk",79.0397
"04019940600","tract",2019,"food_rnk",1.845
"04019940700","tract",2019,"food_rnk",2.3358
"04019940800","tract",2019,"food_rnk",2.8845
"04019940900","tract",2019,"food_rnk",11.4379
"04019941000","tract",2019,"food_rnk",3.4924
"04021000201","tract",2019,"food_rnk",55.3783
"04021000204","tract",2019,"food_rnk",61.5874
"04021000205","tract",2019,"food_rnk",58.1048
"04021000206","tract",2019,"food_rnk",67.8938
"04021000207","tract",2019,"food_rnk",65.6074
"04021000208","tract",2019,"food_rnk",82.2966
"04021000209","tract",2019,"food_rnk",61.7567
"04021000210","tract",2019,"food_rnk",57.3008
"04021000211","tract",2019,"food_rnk",43.2916
"04021000212","tract",2019,"food_rnk",49.1875
"04021000213","tract",2019,"food_rnk",53.7618
"04021000214","tract",2019,"food_rnk",64.2575
"04021000215","tract",2019,"food_rnk",56.3036
"04021000307","tract",2019,"food_rnk",22.2509
"04021000308","tract",2019,"food_rnk",10.8328
"04021000309","tract",2019,"food_rnk",21.5823
"04021000310","tract",2019,"food_rnk",22.9463
"04021000311","tract",2019,"food_rnk",91.5609
"04021000312","tract",2019,"food_rnk",29.1624
"04021000313","tract",2019,"food_rnk",34.4293
"04021000314","tract",2019,"food_rnk",22.5556
"04021000315","tract",2019,"food_rnk",17.4157
"04021000316","tract",2019,"food_rnk",89.6581
"04021000317","tract",2019,"food_rnk",53.7195
"04021000318","tract",2019,"food_rnk",59.2741
"04021000319","tract",2019,"food_rnk",68.1139
"04021000400","tract",2019,"food_rnk",13.4662
"04021000603","tract",2019,"food_rnk",80.0102
"04021000604","tract",2019,"food_rnk",70.2818
"04021000700","tract",2019,"food_rnk",14.7864
"04021000801","tract",2019,"food_rnk",49.9027
"04021000802","tract",2019,"food_rnk",67.6653
"04021000803","tract",2019,"food_rnk",NA
"04021000901","tract",2019,"food_rnk",NA
"04021000902","tract",2019,"food_rnk",29.4445
"04021001000","tract",2019,"food_rnk",5.4756
"04021001100","tract",2019,"food_rnk",24.9676
"04021001200","tract",2019,"food_rnk",28.9198
"04021001301","tract",2019,"food_rnk",17.5144
"04021001303","tract",2019,"food_rnk",69.6457
"04021001304","tract",2019,"food_rnk",64.5424
"04021001305","tract",2019,"food_rnk",46.9843
"04021001306","tract",2019,"food_rnk",16.4551
"04021001403","tract",2019,"food_rnk",19.4468
"04021001404","tract",2019,"food_rnk",38.7681
"04021001405","tract",2019,"food_rnk",42.5172
"04021001406","tract",2019,"food_rnk",11.6128
"04021001407","tract",2019,"food_rnk",30.628
"04021001408","tract",2019,"food_rnk",35.1642
"04021001500","tract",2019,"food_rnk",2.814
"04021001600","tract",2019,"food_rnk",31.4376
"04021001701","tract",2019,"food_rnk",17.3959
"04021001702","tract",2019,"food_rnk",60.0683
"04021001703","tract",2019,"food_rnk",30.5631
"04021001704","tract",2019,"food_rnk",33.3672
"04021001705","tract",2019,"food_rnk",67.6865
"04021001706","tract",2019,"food_rnk",51.8647
"04021001707","tract",2019,"food_rnk",44.7176
"04021001708","tract",2019,"food_rnk",61.7087
"04021001709","tract",2019,"food_rnk",66.3239
"04021001710","tract",2019,"food_rnk",67.4439
"04021001711","tract",2019,"food_rnk",43.3833
"04021001900","tract",2019,"food_rnk",10.387
"04021002001","tract",2019,"food_rnk",10.3729
"04021002002","tract",2019,"food_rnk",NA
"04021002003","tract",2019,"food_rnk",5.0863
"04021002101","tract",2019,"food_rnk",15.6243
"04021002102","tract",2019,"food_rnk",52.6518
"04021002103","tract",2019,"food_rnk",30.2542
"04021002200","tract",2019,"food_rnk",43.1787
"04021002300","tract",2019,"food_rnk",36.6777
"04021002400","tract",2019,"food_rnk",11.287
"04021941200","tract",2019,"food_rnk",15.7484
"04021941300","tract",2019,"food_rnk",20.8235
"04021941400","tract",2019,"food_rnk",25.1298
"04023966000","tract",2019,"food_rnk",50.2511
"04023966101","tract",2019,"food_rnk",47.4484
"04023966103","tract",2019,"food_rnk",12.0867
"04023966104","tract",2019,"food_rnk",27.3358
"04023966105","tract",2019,"food_rnk",18.8431
"04023966200","tract",2019,"food_rnk",7.7028
"04023966301","tract",2019,"food_rnk",10.2432
"04023966302","tract",2019,"food_rnk",6.5166
"04023966401","tract",2019,"food_rnk",1.1538
"04023966402","tract",2019,"food_rnk",6.9722
"04025000202","tract",2019,"food_rnk",41.0616
"04025000203","tract",2019,"food_rnk",75.0226
"04025000204","tract",2019,"food_rnk",73.9252
"04025000300","tract",2019,"food_rnk",90.5439
"04025000401","tract",2019,"food_rnk",70.0364
"04025000402","tract",2019,"food_rnk",83.1105
"04025000500","tract",2019,"food_rnk",30.9115
"04025000604","tract",2019,"food_rnk",66.7668
"04025000605","tract",2019,"food_rnk",74.8702
"04025000606","tract",2019,"food_rnk",22.6783
"04025000607","tract",2019,"food_rnk",37.957
"04025000608","tract",2019,"food_rnk",70.5484
"04025000609","tract",2019,"food_rnk",45.8122
"04025000610","tract",2019,"food_rnk",39.9007
"04025000700","tract",2019,"food_rnk",65.3648
"04025000801","tract",2019,"food_rnk",77.0128
"04025000802","tract",2019,"food_rnk",51.8407
"04025000900","tract",2019,"food_rnk",42.1871
"04025001001","tract",2019,"food_rnk",70.5992
"04025001002","tract",2019,"food_rnk",55.0087
"04025001101","tract",2019,"food_rnk",94.1844
"04025001102","tract",2019,"food_rnk",46.1239
"04025001200","tract",2019,"food_rnk",94.0095
"04025001300","tract",2019,"food_rnk",83.016
"04025001401","tract",2019,"food_rnk",14.0107
"04025001402","tract",2019,"food_rnk",16.6582
"04025001403","tract",2019,"food_rnk",51.4401
"04025001500","tract",2019,"food_rnk",52.0847
"04025001601","tract",2019,"food_rnk",37.5607
"04025001602","tract",2019,"food_rnk",37.0091
"04025001603","tract",2019,"food_rnk",60.8553
"04025001701","tract",2019,"food_rnk",64.1545
"04025001702","tract",2019,"food_rnk",86.9203
"04025001703","tract",2019,"food_rnk",30.2852
"04025001801","tract",2019,"food_rnk",50.7828
"04025001802","tract",2019,"food_rnk",85.7453
"04025001900","tract",2019,"food_rnk",81.6083
"04025002001","tract",2019,"food_rnk",71.5936
"04025002002","tract",2019,"food_rnk",44.7754
"04025002003","tract",2019,"food_rnk",59.5788
"04025002004","tract",2019,"food_rnk",61.2517
"04025002100","tract",2019,"food_rnk",35.3969
"04027000100","tract",2019,"food_rnk",20.4497
"04027000200","tract",2019,"food_rnk",8.5985
"04027000301","tract",2019,"food_rnk",2.5939
"04027000302","tract",2019,"food_rnk",3.6307
"04027000402","tract",2019,"food_rnk",9.088
"04027000403","tract",2019,"food_rnk",11.1925
"04027000404","tract",2019,"food_rnk",9.4279
"04027000501","tract",2019,"food_rnk",56.1499
"04027000502","tract",2019,"food_rnk",61.9866
"04027000600","tract",2019,"food_rnk",15.874
"04027000700","tract",2019,"food_rnk",8.5491
"04027000800","tract",2019,"food_rnk",21.4723
"04027000901","tract",2019,"food_rnk",9.1303
"04027000902","tract",2019,"food_rnk",29.9707
"04027000903","tract",2019,"food_rnk",58.8397
"04027000905","tract",2019,"food_rnk",51.2681
"04027000907","tract",2019,"food_rnk",27.8746
"04027000908","tract",2019,"food_rnk",85.8003
"04027001001","tract",2019,"food_rnk",35.813
"04027001003","tract",2019,"food_rnk",40.8034
"04027001004","tract",2019,"food_rnk",17.1251
"04027001100","tract",2019,"food_rnk",15.187
"04027001200","tract",2019,"food_rnk",38.0289
"04027010905","tract",2019,"food_rnk",27.3795
"04027010907","tract",2019,"food_rnk",61.5592
"04027010910","tract",2019,"food_rnk",48.5994
"04027010911","tract",2019,"food_rnk",40.9586
"04027010913","tract",2019,"food_rnk",21.3341
"04027010914","tract",2019,"food_rnk",15.4
"04027011000","tract",2019,"food_rnk",17.6738
"04027011104","tract",2019,"food_rnk",41.2012
"04027011106","tract",2019,"food_rnk",70.5216
"04027011107","tract",2019,"food_rnk",86.8074
"04027011108","tract",2019,"food_rnk",84.3602
"04027011110","tract",2019,"food_rnk",52.608
"04027011111","tract",2019,"food_rnk",33.7918
"04027011112","tract",2019,"food_rnk",91.6145
"04027011114","tract",2019,"food_rnk",72.2749
"04027011115","tract",2019,"food_rnk",69.1534
"04027011201","tract",2019,"food_rnk",26.6461
"04027011202","tract",2019,"food_rnk",45.3411
"04027011403","tract",2019,"food_rnk",7.8255
"04027011405","tract",2019,"food_rnk",14.5354
"04027011406","tract",2019,"food_rnk",8.6253
"04027011501","tract",2019,"food_rnk",4.6646
"04027011503","tract",2019,"food_rnk",8.7932
"04027011504","tract",2019,"food_rnk",20.1379
"04027011600","tract",2019,"food_rnk",2.711
"04027011700","tract",2019,"food_rnk",46.7361
"04027011800","tract",2019,"food_rnk",49.7842
"04027012100","tract",2019,"food_rnk",76.2286
"04027980003","tract",2019,"food_rnk",NA
"04027980004","tract",2019,"food_rnk",NA
"04027980005","tract",2019,"food_rnk",NA
"04027980006","tract",2019,"food_rnk",NA
"04001942600","tract",2019,"food_state_rnk",2.4799
"04001942700","tract",2019,"food_state_rnk",14.2761
"04001944000","tract",2019,"food_state_rnk",17.9625
"04001944100","tract",2019,"food_state_rnk",5.0938
"04001944201","tract",2019,"food_state_rnk",2.5469
"04001944202","tract",2019,"food_state_rnk",5.429
"04001944300","tract",2019,"food_state_rnk",4.9598
"04001944901","tract",2019,"food_state_rnk",10.3217
"04001944902","tract",2019,"food_state_rnk",8.6461
"04001945001","tract",2019,"food_state_rnk",22.0509
"04001945002","tract",2019,"food_state_rnk",7.3727
"04001945100","tract",2019,"food_state_rnk",10.6568
"04001970200","tract",2019,"food_state_rnk",74.4638
"04001970300","tract",2019,"food_state_rnk",5.9651
"04001970501","tract",2019,"food_state_rnk",59.1153
"04001970502","tract",2019,"food_state_rnk",44.7051
"04003000100","tract",2019,"food_state_rnk",39.8123
"04003000201","tract",2019,"food_state_rnk",77.0107
"04003000202","tract",2019,"food_state_rnk",6.3673
"04003000203","tract",2019,"food_state_rnk",45.3083
"04003000301","tract",2019,"food_state_rnk",13.2038
"04003000302","tract",2019,"food_state_rnk",40.6166
"04003000303","tract",2019,"food_state_rnk",32.7748
"04003000400","tract",2019,"food_state_rnk",26.8767
"04003000500","tract",2019,"food_state_rnk",NA
"04003000600","tract",2019,"food_state_rnk",3.1501
"04003000700","tract",2019,"food_state_rnk",5.8311
"04003000800","tract",2019,"food_state_rnk",12.3995
"04003000901","tract",2019,"food_state_rnk",10.5228
"04003000902","tract",2019,"food_state_rnk",3.9544
"04003001000","tract",2019,"food_state_rnk",48.3244
"04003001100","tract",2019,"food_state_rnk",13.4048
"04003001200","tract",2019,"food_state_rnk",13.6729
"04003001300","tract",2019,"food_state_rnk",21.3807
"04003001401","tract",2019,"food_state_rnk",NA
"04003001402","tract",2019,"food_state_rnk",93.9008
"04003001501","tract",2019,"food_state_rnk",32.5067
"04003001502","tract",2019,"food_state_rnk",7.5737
"04003001601","tract",2019,"food_state_rnk",9.9196
"04003001602","tract",2019,"food_state_rnk",34.7855
"04003001701","tract",2019,"food_state_rnk",18.7668
"04003001702","tract",2019,"food_state_rnk",25.2681
"04003001703","tract",2019,"food_state_rnk",54.8257
"04003001800","tract",2019,"food_state_rnk",75.9383
"04003001900","tract",2019,"food_state_rnk",59.8525
"04003002001","tract",2019,"food_state_rnk",19.2359
"04003002002","tract",2019,"food_state_rnk",64.6113
"04003002100","tract",2019,"food_state_rnk",65.8177
"04005000100","tract",2019,"food_state_rnk",86.193
"04005000200","tract",2019,"food_state_rnk",97.9223
"04005000300","tract",2019,"food_state_rnk",49.1287
"04005000400","tract",2019,"food_state_rnk",49.1957
"04005000500","tract",2019,"food_state_rnk",44.504
"04005000600","tract",2019,"food_state_rnk",61.4611
"04005000700","tract",2019,"food_state_rnk",52.5469
"04005000800","tract",2019,"food_state_rnk",28.6863
"04005000900","tract",2019,"food_state_rnk",94.2694
"04005001000","tract",2019,"food_state_rnk",NA
"04005001101","tract",2019,"food_state_rnk",84.1488
"04005001102","tract",2019,"food_state_rnk",67.8284
"04005001200","tract",2019,"food_state_rnk",76.6756
"04005001301","tract",2019,"food_state_rnk",90.0469
"04005001302","tract",2019,"food_state_rnk",52.9491
"04005001500","tract",2019,"food_state_rnk",62.1649
"04005001600","tract",2019,"food_state_rnk",89.0416
"04005001700","tract",2019,"food_state_rnk",35.0201
"04005002000","tract",2019,"food_state_rnk",61.8633
"04005002100","tract",2019,"food_state_rnk",59.3834
"04005002200","tract",2019,"food_state_rnk",94.7051
"04005002300","tract",2019,"food_state_rnk",90.0469
"04005942201","tract",2019,"food_state_rnk",23.2574
"04005942202","tract",2019,"food_state_rnk",8.9142
"04005944900","tract",2019,"food_state_rnk",11.7962
"04005945000","tract",2019,"food_state_rnk",8.7131
"04005945100","tract",2019,"food_state_rnk",6.7024
"04005945200","tract",2019,"food_state_rnk",21.7158
"04007000100","tract",2019,"food_state_rnk",60.4223
"04007000200","tract",2019,"food_state_rnk",19.0349
"04007000301","tract",2019,"food_state_rnk",43.9008
"04007000302","tract",2019,"food_state_rnk",19.6381
"04007000400","tract",2019,"food_state_rnk",82.4397
"04007000500","tract",2019,"food_state_rnk",64.9464
"04007000600","tract",2019,"food_state_rnk",17.4933
"04007000700","tract",2019,"food_state_rnk",55.8981
"04007000800","tract",2019,"food_state_rnk",4.3566
"04007000900","tract",2019,"food_state_rnk",22.5201
"04007001000","tract",2019,"food_state_rnk",25.9383
"04007001100","tract",2019,"food_state_rnk",29.5576
"04007001200","tract",2019,"food_state_rnk",57.1046
"04007001300","tract",2019,"food_state_rnk",16.689
"04007940200","tract",2019,"food_state_rnk",2.1448
"04007940400","tract",2019,"food_state_rnk",0.3351
"04009940500","tract",2019,"food_state_rnk",1.0054
"04009961100","tract",2019,"food_state_rnk",37.4665
"04009961201","tract",2019,"food_state_rnk",68.3646
"04009961202","tract",2019,"food_state_rnk",61.9973
"04009961300","tract",2019,"food_state_rnk",31.2332
"04009961400","tract",2019,"food_state_rnk",54.7587
"04009961500","tract",2019,"food_state_rnk",32.0375
"04009961600","tract",2019,"food_state_rnk",NA
"04009961700","tract",2019,"food_state_rnk",46.7828
"04011960100","tract",2019,"food_state_rnk",57.4397
"04011960200","tract",2019,"food_state_rnk",59.1823
"04011960300","tract",2019,"food_state_rnk",47.6542
"04012020100","tract",2019,"food_state_rnk",31.9705
"04012020201","tract",2019,"food_state_rnk",22.5871
"04012020202","tract",2019,"food_state_rnk",54.3566
"04012020501","tract",2019,"food_state_rnk",44.3029
"04012020502","tract",2019,"food_state_rnk",89.3432
"04012020602","tract",2019,"food_state_rnk",52.0777
"04012940200","tract",2019,"food_state_rnk",34.2493
"04012940300","tract",2019,"food_state_rnk",8.445
"04012980000","tract",2019,"food_state_rnk",NA
"04013010101","tract",2019,"food_state_rnk",99.866
"04013010102","tract",2019,"food_state_rnk",98.1903
"04013030401","tract",2019,"food_state_rnk",97.8552
"04013030402","tract",2019,"food_state_rnk",60.1877
"04013040502","tract",2019,"food_state_rnk",67.8954
"04013040506","tract",2019,"food_state_rnk",75.6032
"04013040507","tract",2019,"food_state_rnk",74.0617
"04013040512","tract",2019,"food_state_rnk",65.1475
"04013040513","tract",2019,"food_state_rnk",98.3914
"04013040514","tract",2019,"food_state_rnk",99.7319
"04013040515","tract",2019,"food_state_rnk",37.366
"04013040516","tract",2019,"food_state_rnk",87.8016
"04013040517","tract",2019,"food_state_rnk",60.8579
"04013040518","tract",2019,"food_state_rnk",54.6917
"04013040519","tract",2019,"food_state_rnk",98.6595
"04013040520","tract",2019,"food_state_rnk",87.0308
"04013040521","tract",2019,"food_state_rnk",63.7735
"04013040522","tract",2019,"food_state_rnk",81.0322
"04013040523","tract",2019,"food_state_rnk",99.6649
"04013040524","tract",2019,"food_state_rnk",77.4799
"04013040525","tract",2019,"food_state_rnk",23.3244
"04013040526","tract",2019,"food_state_rnk",67.7614
"04013040527","tract",2019,"food_state_rnk",97.3861
"04013040528","tract",2019,"food_state_rnk",78.7534
"04013040529","tract",2019,"food_state_rnk",80.2949
"04013040530","tract",2019,"food_state_rnk",40.8177
"04013040531","tract",2019,"food_state_rnk",34.1823
"04013050603","tract",2019,"food_state_rnk",23.6595
"04013050604","tract",2019,"food_state_rnk",35.7909
"04013050605","tract",2019,"food_state_rnk",78.8204
"04013050606","tract",2019,"food_state_rnk",93.13
"04013050607","tract",2019,"food_state_rnk",56.5684
"04013050608","tract",2019,"food_state_rnk",48.693
"04013050609","tract",2019,"food_state_rnk",71.3137
"04013050610","tract",2019,"food_state_rnk",78.5523
"04013050611","tract",2019,"food_state_rnk",39.0751
"04013050701","tract",2019,"food_state_rnk",41.3874
"04013050702","tract",2019,"food_state_rnk",17.6273
"04013060801","tract",2019,"food_state_rnk",9.5509
"04013060802","tract",2019,"food_state_rnk",27.4799
"04013060901","tract",2019,"food_state_rnk",20.6434
"04013060902","tract",2019,"food_state_rnk",18.2976
"04013060903","tract",2019,"food_state_rnk",21.9839
"04013060904","tract",2019,"food_state_rnk",19.437
"04013061009","tract",2019,"food_state_rnk",79.4571
"04013061010","tract",2019,"food_state_rnk",69.437
"04013061011","tract",2019,"food_state_rnk",37.6676
"04013061012","tract",2019,"food_state_rnk",99.3298
"04013061013","tract",2019,"food_state_rnk",73.5255
"04013061014","tract",2019,"food_state_rnk",67.6273
"04013061015","tract",2019,"food_state_rnk",60.9249
"04013061016","tract",2019,"food_state_rnk",93.9678
"04013061017","tract",2019,"food_state_rnk",NA
"04013061018","tract",2019,"food_state_rnk",74.5979
"04013061019","tract",2019,"food_state_rnk",64.7453
"04013061020","tract",2019,"food_state_rnk",84.3834
"04013061021","tract",2019,"food_state_rnk",61.193
"04013061022","tract",2019,"food_state_rnk",70.811
"04013061023","tract",2019,"food_state_rnk",75.8713
"04013061024","tract",2019,"food_state_rnk",77.9491
"04013061025","tract",2019,"food_state_rnk",80.563
"04013061026","tract",2019,"food_state_rnk",57.1716
"04013061027","tract",2019,"food_state_rnk",77.2453
"04013061028","tract",2019,"food_state_rnk",48.1903
"04013061029","tract",2019,"food_state_rnk",57.3056
"04013061030","tract",2019,"food_state_rnk",69.504
"04013061031","tract",2019,"food_state_rnk",79.4571
"04013061032","tract",2019,"food_state_rnk",64.6783
"04013061033","tract",2019,"food_state_rnk",69.6381
"04013061034","tract",2019,"food_state_rnk",78.0831
"04013061035","tract",2019,"food_state_rnk",59.4504
"04013061036","tract",2019,"food_state_rnk",90.8847
"04013061037","tract",2019,"food_state_rnk",59.2493
"04013061038","tract",2019,"food_state_rnk",60.2547
"04013061039","tract",2019,"food_state_rnk",74.6649
"04013061040","tract",2019,"food_state_rnk",39.4772
"04013061041","tract",2019,"food_state_rnk",42.2922
"04013061042","tract",2019,"food_state_rnk",54.0885
"04013061043","tract",2019,"food_state_rnk",62.8686
"04013061044","tract",2019,"food_state_rnk",51.0724
"04013061045","tract",2019,"food_state_rnk",83.6461
"04013061046","tract",2019,"food_state_rnk",39.8794
"04013061047","tract",2019,"food_state_rnk",86.9303
"04013061100","tract",2019,"food_state_rnk",67.6944
"04013061200","tract",2019,"food_state_rnk",1.4745
"04013061300","tract",2019,"food_state_rnk",47.118
"04013061401","tract",2019,"food_state_rnk",1.9437
"04013061402","tract",2019,"food_state_rnk",17.0576
"04013071503","tract",2019,"food_state_rnk",99.0617
"04013071504","tract",2019,"food_state_rnk",29.1555
"04013071505","tract",2019,"food_state_rnk",55.8311
"04013071506","tract",2019,"food_state_rnk",72.5201
"04013071509","tract",2019,"food_state_rnk",75.2011
"04013071510","tract",2019,"food_state_rnk",94.2694
"04013071511","tract",2019,"food_state_rnk",52.6139
"04013071512","tract",2019,"food_state_rnk",72.5201
"04013071513","tract",2019,"food_state_rnk",46.6488
"04013071514","tract",2019,"food_state_rnk",73.4249
"04013071515","tract",2019,"food_state_rnk",77.1113
"04013071516","tract",2019,"food_state_rnk",84.2828
"04013071517","tract",2019,"food_state_rnk",62.6005
"04013071600","tract",2019,"food_state_rnk",29.2225
"04013071701","tract",2019,"food_state_rnk",36.193
"04013071702","tract",2019,"food_state_rnk",18.0295
"04013071801","tract",2019,"food_state_rnk",62.9357
"04013071802","tract",2019,"food_state_rnk",64.2761
"04013071903","tract",2019,"food_state_rnk",55.6971
"04013071906","tract",2019,"food_state_rnk",30.9316
"04013071909","tract",2019,"food_state_rnk",46.0121
"04013071910","tract",2019,"food_state_rnk",57.6408
"04013071911","tract",2019,"food_state_rnk",66.555
"04013071912","tract",2019,"food_state_rnk",28.6193
"04013071913","tract",2019,"food_state_rnk",19.7051
"04013071914","tract",2019,"food_state_rnk",31.8365
"04013071915","tract",2019,"food_state_rnk",24.1957
"04013082002","tract",2019,"food_state_rnk",42.8284
"04013082007","tract",2019,"food_state_rnk",32.8418
"04013082008","tract",2019,"food_state_rnk",38.2373
"04013082009","tract",2019,"food_state_rnk",34.7855
"04013082010","tract",2019,"food_state_rnk",14.2091
"04013082012","tract",2019,"food_state_rnk",48.2574
"04013082016","tract",2019,"food_state_rnk",88.4048
"04013082017","tract",2019,"food_state_rnk",53.5858
"04013082018","tract",2019,"food_state_rnk",15.4155
"04013082019","tract",2019,"food_state_rnk",65.4155
"04013082020","tract",2019,"food_state_rnk",91.8901
"04013082021","tract",2019,"food_state_rnk",39.3432
"04013082022","tract",2019,"food_state_rnk",35.5898
"04013082023","tract",2019,"food_state_rnk",58.1099
"04013082024","tract",2019,"food_state_rnk",31.5013
"04013082025","tract",2019,"food_state_rnk",37.6005
"04013082026","tract",2019,"food_state_rnk",50.8713
"04013082027","tract",2019,"food_state_rnk",48.9611
"04013082028","tract",2019,"food_state_rnk",42.9625
"04013082203","tract",2019,"food_state_rnk",58.7802
"04013082204","tract",2019,"food_state_rnk",60.3217
"04013082205","tract",2019,"food_state_rnk",62.3324
"04013082206","tract",2019,"food_state_rnk",32.5737
"04013082207","tract",2019,"food_state_rnk",24.6649
"04013082208","tract",2019,"food_state_rnk",32.2051
"04013082209","tract",2019,"food_state_rnk",6.9705
"04013082210","tract",2019,"food_state_rnk",50.8043
"04013082211","tract",2019,"food_state_rnk",35.3887
"04013083000","tract",2019,"food_state_rnk",21.4477
"04013092305","tract",2019,"food_state_rnk",30.1609
"04013092306","tract",2019,"food_state_rnk",36.3941
"04013092307","tract",2019,"food_state_rnk",26.5416
"04013092308","tract",2019,"food_state_rnk",23.5255
"04013092309","tract",2019,"food_state_rnk",29.6247
"04013092311","tract",2019,"food_state_rnk",8.378
"04013092312","tract",2019,"food_state_rnk",44.2024
"04013092401","tract",2019,"food_state_rnk",27.5804
"04013092402","tract",2019,"food_state_rnk",14.8794
"04013092500","tract",2019,"food_state_rnk",24.0952
"04013092600","tract",2019,"food_state_rnk",0.067
"04013092705","tract",2019,"food_state_rnk",16.9571
"04013092708","tract",2019,"food_state_rnk",16.2869
"04013092709","tract",2019,"food_state_rnk",48.9611
"04013092710","tract",2019,"food_state_rnk",41.8231
"04013092711","tract",2019,"food_state_rnk",31.4343
"04013092712","tract",2019,"food_state_rnk",45.1743
"04013092713","tract",2019,"food_state_rnk",40.2815
"04013092715","tract",2019,"food_state_rnk",42.4598
"04013092716","tract",2019,"food_state_rnk",40.6166
"04013092717","tract",2019,"food_state_rnk",25
"04013092718","tract",2019,"food_state_rnk",4.6917
"04013092719","tract",2019,"food_state_rnk",51.374
"04013092720","tract",2019,"food_state_rnk",53.3512
"04013092721","tract",2019,"food_state_rnk",82.3056
"04013092723","tract",2019,"food_state_rnk",51.8097
"04013092724","tract",2019,"food_state_rnk",28.4517
"04013092801","tract",2019,"food_state_rnk",0.4692
"04013092802","tract",2019,"food_state_rnk",10.7909
"04013092900","tract",2019,"food_state_rnk",8.5121
"04013093001","tract",2019,"food_state_rnk",7.0375
"04013093002","tract",2019,"food_state_rnk",14.5442
"04013093101","tract",2019,"food_state_rnk",4.4571
"04013093104","tract",2019,"food_state_rnk",2.0777
"04013093105","tract",2019,"food_state_rnk",4.8592
"04013093106","tract",2019,"food_state_rnk",23.9276
"04013093200","tract",2019,"food_state_rnk",13.5054
"04013103205","tract",2019,"food_state_rnk",77.3458
"04013103206","tract",2019,"food_state_rnk",90.9517
"04013103207","tract",2019,"food_state_rnk",84.1488
"04013103208","tract",2019,"food_state_rnk",63.7735
"04013103209","tract",2019,"food_state_rnk",91.2869
"04013103210","tract",2019,"food_state_rnk",91.0523
"04013103211","tract",2019,"food_state_rnk",67.3592
"04013103212","tract",2019,"food_state_rnk",96.6488
"04013103214","tract",2019,"food_state_rnk",65.5496
"04013103215","tract",2019,"food_state_rnk",48.1233
"04013103216","tract",2019,"food_state_rnk",69.37
"04013103217","tract",2019,"food_state_rnk",59.5174
"04013103219","tract",2019,"food_state_rnk",88.4718
"04013103220","tract",2019,"food_state_rnk",92.4933
"04013103302","tract",2019,"food_state_rnk",30.0268
"04013103303","tract",2019,"food_state_rnk",33.1099
"04013103304","tract",2019,"food_state_rnk",21.8499
"04013103305","tract",2019,"food_state_rnk",24.5979
"04013103306","tract",2019,"food_state_rnk",9.6515
"04013103400","tract",2019,"food_state_rnk",52.4799
"04013103501","tract",2019,"food_state_rnk",31.9035
"04013103502","tract",2019,"food_state_rnk",72.5201
"04013103604","tract",2019,"food_state_rnk",40.0134
"04013103605","tract",2019,"food_state_rnk",88.1367
"04013103606","tract",2019,"food_state_rnk",71.8164
"04013103607","tract",2019,"food_state_rnk",78.6863
"04013103608","tract",2019,"food_state_rnk",48.5925
"04013103609","tract",2019,"food_state_rnk",51.374
"04013103611","tract",2019,"food_state_rnk",73.2239
"04013103612","tract",2019,"food_state_rnk",52.1448
"04013103614","tract",2019,"food_state_rnk",63.2708
"04013103615","tract",2019,"food_state_rnk",13.2708
"04013103701","tract",2019,"food_state_rnk",32.1046
"04013103702","tract",2019,"food_state_rnk",65.4826
"04013103900","tract",2019,"food_state_rnk",23.1903
"04013104000","tract",2019,"food_state_rnk",43.1635
"04013104100","tract",2019,"food_state_rnk",46.1126
"04013104202","tract",2019,"food_state_rnk",47.9223
"04013104203","tract",2019,"food_state_rnk",65.6166
"04013104204","tract",2019,"food_state_rnk",64.4772
"04013104205","tract",2019,"food_state_rnk",16.1528
"04013104206","tract",2019,"food_state_rnk",36.6622
"04013104207","tract",2019,"food_state_rnk",67.4598
"04013104212","tract",2019,"food_state_rnk",44.1019
"04013104214","tract",2019,"food_state_rnk",63.3378
"04013104215","tract",2019,"food_state_rnk",50.3351
"04013104216","tract",2019,"food_state_rnk",38.4383
"04013104217","tract",2019,"food_state_rnk",38.5724
"04013104218","tract",2019,"food_state_rnk",38.0027
"04013104219","tract",2019,"food_state_rnk",50.9383
"04013104221","tract",2019,"food_state_rnk",43.3646
"04013104222","tract",2019,"food_state_rnk",31.6689
"04013104223","tract",2019,"food_state_rnk",56.7024
"04013104224","tract",2019,"food_state_rnk",65.0804
"04013104225","tract",2019,"food_state_rnk",25.6702
"04013104226","tract",2019,"food_state_rnk",30.8311
"04013104227","tract",2019,"food_state_rnk",28.2842
"04013104301","tract",2019,"food_state_rnk",50.2011
"04013104302","tract",2019,"food_state_rnk",41.2534
"04013104401","tract",2019,"food_state_rnk",30.2614
"04013104402","tract",2019,"food_state_rnk",31.3673
"04013104501","tract",2019,"food_state_rnk",22.3861
"04013104502","tract",2019,"food_state_rnk",13.9745
"04013104600","tract",2019,"food_state_rnk",30.496
"04013104701","tract",2019,"food_state_rnk",19.8391
"04013104702","tract",2019,"food_state_rnk",43.4987
"04013104801","tract",2019,"food_state_rnk",58.9142
"04013104802","tract",2019,"food_state_rnk",85.5228
"04013104900","tract",2019,"food_state_rnk",55.3954
"04013105002","tract",2019,"food_state_rnk",90.3485
"04013105003","tract",2019,"food_state_rnk",95.1408
"04013105004","tract",2019,"food_state_rnk",99.3968
"04013105101","tract",2019,"food_state_rnk",95.2748
"04013105102","tract",2019,"food_state_rnk",97.7547
"04013105103","tract",2019,"food_state_rnk",94.6381
"04013105200","tract",2019,"food_state_rnk",50.5362
"04013105300","tract",2019,"food_state_rnk",79.1555
"04013105400","tract",2019,"food_state_rnk",60.0536
"04013105501","tract",2019,"food_state_rnk",22.8217
"04013105502","tract",2019,"food_state_rnk",5.496
"04013105503","tract",2019,"food_state_rnk",22.9223
"04013105601","tract",2019,"food_state_rnk",27.2453
"04013105602","tract",2019,"food_state_rnk",8.1769
"04013105701","tract",2019,"food_state_rnk",23.9946
"04013105702","tract",2019,"food_state_rnk",27.9491
"04013105800","tract",2019,"food_state_rnk",34.3164
"04013105900","tract",2019,"food_state_rnk",18.6327
"04013106001","tract",2019,"food_state_rnk",5.63
"04013106002","tract",2019,"food_state_rnk",27.1113
"04013106003","tract",2019,"food_state_rnk",21.9169
"04013106100","tract",2019,"food_state_rnk",75.2681
"04013106200","tract",2019,"food_state_rnk",88.807
"04013106300","tract",2019,"food_state_rnk",52.3794
"04013106400","tract",2019,"food_state_rnk",77.815
"04013106501","tract",2019,"food_state_rnk",66.1193
"04013106502","tract",2019,"food_state_rnk",60.5563
"04013106600","tract",2019,"food_state_rnk",80.4625
"04013106701","tract",2019,"food_state_rnk",4.4571
"04013106702","tract",2019,"food_state_rnk",69.2694
"04013106703","tract",2019,"food_state_rnk",44.6381
"04013106801","tract",2019,"food_state_rnk",2.9491
"04013106802","tract",2019,"food_state_rnk",39.008
"04013106900","tract",2019,"food_state_rnk",13.0027
"04013107000","tract",2019,"food_state_rnk",16.2198
"04013107101","tract",2019,"food_state_rnk",23.7936
"04013107102","tract",2019,"food_state_rnk",12.8686
"04013107201","tract",2019,"food_state_rnk",NA
"04013107202","tract",2019,"food_state_rnk",40.4826
"04013107300","tract",2019,"food_state_rnk",22.9893
"04013107400","tract",2019,"food_state_rnk",16.5885
"04013107500","tract",2019,"food_state_rnk",85.9249
"04013107601","tract",2019,"food_state_rnk",33.1769
"04013107602","tract",2019,"food_state_rnk",62.1649
"04013107700","tract",2019,"food_state_rnk",81.6019
"04013107800","tract",2019,"food_state_rnk",93.6997
"04013107900","tract",2019,"food_state_rnk",82.3727
"04013108000","tract",2019,"food_state_rnk",93.5322
"04013108100","tract",2019,"food_state_rnk",88.2373
"04013108200","tract",2019,"food_state_rnk",72.118
"04013108301","tract",2019,"food_state_rnk",65.248
"04013108302","tract",2019,"food_state_rnk",35.9249
"04013108400","tract",2019,"food_state_rnk",51.8767
"04013108501","tract",2019,"food_state_rnk",79.0214
"04013108502","tract",2019,"food_state_rnk",79.6247
"04013108601","tract",2019,"food_state_rnk",9.1153
"04013108602","tract",2019,"food_state_rnk",30.9316
"04013108802","tract",2019,"food_state_rnk",66.2534
"04013108901","tract",2019,"food_state_rnk",51.2064
"04013108902","tract",2019,"food_state_rnk",11.5952
"04013109001","tract",2019,"food_state_rnk",6.4343
"04013109002","tract",2019,"food_state_rnk",6.7694
"04013109003","tract",2019,"food_state_rnk",5.6971
"04013109101","tract",2019,"food_state_rnk",34.9196
"04013109102","tract",2019,"food_state_rnk",12.9357
"04013109200","tract",2019,"food_state_rnk",1.8097
"04013109300","tract",2019,"food_state_rnk",10.1877
"04013109400","tract",2019,"food_state_rnk",20.5429
"04013109500","tract",2019,"food_state_rnk",31.1662
"04013109601","tract",2019,"food_state_rnk",11.9973
"04013109602","tract",2019,"food_state_rnk",18.9008
"04013109603","tract",2019,"food_state_rnk",12.0643
"04013109604","tract",2019,"food_state_rnk",7.8418
"04013109701","tract",2019,"food_state_rnk",15.0134
"04013109702","tract",2019,"food_state_rnk",28.0161
"04013109703","tract",2019,"food_state_rnk",22.185
"04013109704","tract",2019,"food_state_rnk",15.7507
"04013109705","tract",2019,"food_state_rnk",24.3298
"04013109801","tract",2019,"food_state_rnk",14.4772
"04013109802","tract",2019,"food_state_rnk",16.756
"04013109900","tract",2019,"food_state_rnk",10.7239
"04013110001","tract",2019,"food_state_rnk",5.2949
"04013110002","tract",2019,"food_state_rnk",20.5429
"04013110100","tract",2019,"food_state_rnk",15.8177
"04013110400","tract",2019,"food_state_rnk",46.5483
"04013110501","tract",2019,"food_state_rnk",52.2788
"04013110502","tract",2019,"food_state_rnk",60.1206
"04013110600","tract",2019,"food_state_rnk",91.4209
"04013110701","tract",2019,"food_state_rnk",35.8579
"04013110702","tract",2019,"food_state_rnk",62.2654
"04013110801","tract",2019,"food_state_rnk",42.0241
"04013110802","tract",2019,"food_state_rnk",38.9075
"04013110901","tract",2019,"food_state_rnk",27.3458
"04013110902","tract",2019,"food_state_rnk",6.2332
"04013111000","tract",2019,"food_state_rnk",54.9598
"04013111100","tract",2019,"food_state_rnk",77.748
"04013111201","tract",2019,"food_state_rnk",72.0509
"04013111202","tract",2019,"food_state_rnk",30.563
"04013111203","tract",2019,"food_state_rnk",6.1662
"04013111204","tract",2019,"food_state_rnk",43.7668
"04013111300","tract",2019,"food_state_rnk",46.9839
"04013111401","tract",2019,"food_state_rnk",20.2413
"04013111402","tract",2019,"food_state_rnk",31.6689
"04013111501","tract",2019,"food_state_rnk",63.2038
"04013111502","tract",2019,"food_state_rnk",36.126
"04013111601","tract",2019,"food_state_rnk",30.63
"04013111602","tract",2019,"food_state_rnk",16.0188
"04013111700","tract",2019,"food_state_rnk",46.9169
"04013111800","tract",2019,"food_state_rnk",76.0054
"04013111900","tract",2019,"food_state_rnk",36.9973
"04013112100","tract",2019,"food_state_rnk",13.6059
"04013112201","tract",2019,"food_state_rnk",17.3592
"04013112202","tract",2019,"food_state_rnk",34.5174
"04013112301","tract",2019,"food_state_rnk",21.7828
"04013112302","tract",2019,"food_state_rnk",18.4316
"04013112401","tract",2019,"food_state_rnk",10.1206
"04013112402","tract",2019,"food_state_rnk",22.8217
"04013112502","tract",2019,"food_state_rnk",29.9263
"04013112503","tract",2019,"food_state_rnk",27.5804
"04013112504","tract",2019,"food_state_rnk",4.1555
"04013112505","tract",2019,"food_state_rnk",22.6542
"04013112507","tract",2019,"food_state_rnk",1.2735
"04013112508","tract",2019,"food_state_rnk",14.3432
"04013112509","tract",2019,"food_state_rnk",7.6408
"04013112510","tract",2019,"food_state_rnk",28.7534
"04013112511","tract",2019,"food_state_rnk",51.1394
"04013112512","tract",2019,"food_state_rnk",55.0603
"04013112513","tract",2019,"food_state_rnk",22.319
"04013112514","tract",2019,"food_state_rnk",38.5724
"04013112601","tract",2019,"food_state_rnk",8.1099
"04013112602","tract",2019,"food_state_rnk",10.3887
"04013112700","tract",2019,"food_state_rnk",16.8231
"04013112900","tract",2019,"food_state_rnk",12.2654
"04013113000","tract",2019,"food_state_rnk",75.8043
"04013113100","tract",2019,"food_state_rnk",NA
"04013113201","tract",2019,"food_state_rnk",7.5067
"04013113202","tract",2019,"food_state_rnk",5.3619
"04013113203","tract",2019,"food_state_rnk",9.1823
"04013113300","tract",2019,"food_state_rnk",1.1394
"04013113400","tract",2019,"food_state_rnk",NA
"04013113501","tract",2019,"food_state_rnk",15.4826
"04013113502","tract",2019,"food_state_rnk",12.6676
"04013113601","tract",2019,"food_state_rnk",33.9812
"04013113602","tract",2019,"food_state_rnk",3.7198
"04013113700","tract",2019,"food_state_rnk",11.8633
"04013113801","tract",2019,"food_state_rnk",49.6984
"04013113802","tract",2019,"food_state_rnk",NA
"04013113900","tract",2019,"food_state_rnk",0.2011
"04013114000","tract",2019,"food_state_rnk",81.4678
"04013114100","tract",2019,"food_state_rnk",NA
"04013114200","tract",2019,"food_state_rnk",26.4745
"04013114301","tract",2019,"food_state_rnk",38.6729
"04013114302","tract",2019,"food_state_rnk",0.4021
"04013114401","tract",2019,"food_state_rnk",11.126
"04013114402","tract",2019,"food_state_rnk",17.1582
"04013114500","tract",2019,"food_state_rnk",15.6836
"04013114600","tract",2019,"food_state_rnk",2.4129
"04013114703","tract",2019,"food_state_rnk",NA
"04013114800","tract",2019,"food_state_rnk",5.8981
"04013114900","tract",2019,"food_state_rnk",7.9088
"04013115200","tract",2019,"food_state_rnk",24.866
"04013115300","tract",2019,"food_state_rnk",7.1046
"04013115400","tract",2019,"food_state_rnk",3.4182
"04013115500","tract",2019,"food_state_rnk",14.4102
"04013115600","tract",2019,"food_state_rnk",33.5791
"04013115700","tract",2019,"food_state_rnk",13.5054
"04013115801","tract",2019,"food_state_rnk",14.7453
"04013115802","tract",2019,"food_state_rnk",4.2225
"04013115900","tract",2019,"food_state_rnk",33.0429
"04013116000","tract",2019,"food_state_rnk",25.8043
"04013116100","tract",2019,"food_state_rnk",14.8123
"04013116202","tract",2019,"food_state_rnk",29.6917
"04013116203","tract",2019,"food_state_rnk",36.059
"04013116204","tract",2019,"food_state_rnk",24.933
"04013116205","tract",2019,"food_state_rnk",37.1984
"04013116300","tract",2019,"food_state_rnk",31.5684
"04013116400","tract",2019,"food_state_rnk",45.3753
"04013116500","tract",2019,"food_state_rnk",9.9866
"04013116602","tract",2019,"food_state_rnk",19.37
"04013116603","tract",2019,"food_state_rnk",49.5308
"04013116604","tract",2019,"food_state_rnk",38.3378
"04013116605","tract",2019,"food_state_rnk",49.3633
"04013116606","tract",2019,"food_state_rnk",36.5282
"04013116607","tract",2019,"food_state_rnk",29.3901
"04013116608","tract",2019,"food_state_rnk",43.4316
"04013116609","tract",2019,"food_state_rnk",76.9102
"04013116610","tract",2019,"food_state_rnk",44.7721
"04013116611","tract",2019,"food_state_rnk",58.0429
"04013116612","tract",2019,"food_state_rnk",53.4182
"04013116613","tract",2019,"food_state_rnk",56.9705
"04013116702","tract",2019,"food_state_rnk",17.7614
"04013116703","tract",2019,"food_state_rnk",78.2172
"04013116704","tract",2019,"food_state_rnk",40.2145
"04013116707","tract",2019,"food_state_rnk",68.2976
"04013116708","tract",2019,"food_state_rnk",90.6836
"04013116709","tract",2019,"food_state_rnk",80.6635
"04013116710","tract",2019,"food_state_rnk",83.4115
"04013116711","tract",2019,"food_state_rnk",87.7346
"04013116712","tract",2019,"food_state_rnk",87.3324
"04013116713","tract",2019,"food_state_rnk",80.0938
"04013116714","tract",2019,"food_state_rnk",96.0456
"04013116715","tract",2019,"food_state_rnk",63.0697
"04013116717","tract",2019,"food_state_rnk",55.496
"04013116718","tract",2019,"food_state_rnk",73.8606
"04013116719","tract",2019,"food_state_rnk",85.2547
"04013116720","tract",2019,"food_state_rnk",80.8981
"04013116721","tract",2019,"food_state_rnk",92.4263
"04013116725","tract",2019,"food_state_rnk",85.5898
"04013116727","tract",2019,"food_state_rnk",97.2185
"04013116728","tract",2019,"food_state_rnk",80.0268
"04013116729","tract",2019,"food_state_rnk",67.0241
"04013116730","tract",2019,"food_state_rnk",92.8954
"04013116731","tract",2019,"food_state_rnk",95.4424
"04013116732","tract",2019,"food_state_rnk",30.429
"04013116733","tract",2019,"food_state_rnk",83.7802
"04013116800","tract",2019,"food_state_rnk",26.8097
"04013116900","tract",2019,"food_state_rnk",1.8767
"04013117000","tract",2019,"food_state_rnk",16.8901
"04013117100","tract",2019,"food_state_rnk",34.5845
"04013117200","tract",2019,"food_state_rnk",17.2252
"04013117300","tract",2019,"food_state_rnk",0.134
"04013216806","tract",2019,"food_state_rnk",94.437
"04013216807","tract",2019,"food_state_rnk",96.1126
"04013216809","tract",2019,"food_state_rnk",96.5818
"04013216810","tract",2019,"food_state_rnk",63.1367
"04013216813","tract",2019,"food_state_rnk",95.7105
"04013216816","tract",2019,"food_state_rnk",99.5308
"04013216818","tract",2019,"food_state_rnk",87.9357
"04013216819","tract",2019,"food_state_rnk",84.9866
"04013216820","tract",2019,"food_state_rnk",71.4812
"04013216821","tract",2019,"food_state_rnk",99.5979
"04013216822","tract",2019,"food_state_rnk",96.3807
"04013216826","tract",2019,"food_state_rnk",87.8686
"04013216829","tract",2019,"food_state_rnk",98.2909
"04013216830","tract",2019,"food_state_rnk",79.6247
"04013216831","tract",2019,"food_state_rnk",96.9839
"04013216832","tract",2019,"food_state_rnk",41.689
"04013216833","tract",2019,"food_state_rnk",93.0295
"04013216834","tract",2019,"food_state_rnk",94.8391
"04013216835","tract",2019,"food_state_rnk",93.5322
"04013216836","tract",2019,"food_state_rnk",79.2225
"04013216837","tract",2019,"food_state_rnk",61.3271
"04013216838","tract",2019,"food_state_rnk",96.8499
"04013216839","tract",2019,"food_state_rnk",91.1528
"04013216840","tract",2019,"food_state_rnk",95.1408
"04013216841","tract",2019,"food_state_rnk",98.8606
"04013216842","tract",2019,"food_state_rnk",93.3311
"04013216843","tract",2019,"food_state_rnk",88.7399
"04013216844","tract",2019,"food_state_rnk",77.1113
"04013216845","tract",2019,"food_state_rnk",57.8418
"04013216846","tract",2019,"food_state_rnk",97.2185
"04013216847","tract",2019,"food_state_rnk",98.0563
"04013216848","tract",2019,"food_state_rnk",86.126
"04013216849","tract",2019,"food_state_rnk",99.7989
"04013216850","tract",2019,"food_state_rnk",97.118
"04013216851","tract",2019,"food_state_rnk",96.3137
"04013216852","tract",2019,"food_state_rnk",88.0697
"04013216853","tract",2019,"food_state_rnk",75.067
"04013216901","tract",2019,"food_state_rnk",67.0912
"04013216902","tract",2019,"food_state_rnk",67.1582
"04013217001","tract",2019,"food_state_rnk",91.622
"04013217002","tract",2019,"food_state_rnk",76.2735
"04013217101","tract",2019,"food_state_rnk",37.5335
"04013217102","tract",2019,"food_state_rnk",71.1126
"04013217201","tract",2019,"food_state_rnk",31.7694
"04013217203","tract",2019,"food_state_rnk",89.9129
"04013217204","tract",2019,"food_state_rnk",15.1475
"04013217300","tract",2019,"food_state_rnk",94.1019
"04013217400","tract",2019,"food_state_rnk",79.9598
"04013217501","tract",2019,"food_state_rnk",26.6756
"04013217502","tract",2019,"food_state_rnk",51.7091
"04013217600","tract",2019,"food_state_rnk",20.3753
"04013217700","tract",2019,"food_state_rnk",48.9611
"04013217800","tract",2019,"food_state_rnk",82.6408
"04013217900","tract",2019,"food_state_rnk",71.5818
"04013218000","tract",2019,"food_state_rnk",69.8391
"04013218100","tract",2019,"food_state_rnk",42.5603
"04013218200","tract",2019,"food_state_rnk",18.4987
"04013218300","tract",2019,"food_state_rnk",26.9437
"04013318400","tract",2019,"food_state_rnk",25.6032
"04013318501","tract",2019,"food_state_rnk",42.4598
"04013318700","tract",2019,"food_state_rnk",NA
"04013318800","tract",2019,"food_state_rnk",28.0831
"04013318900","tract",2019,"food_state_rnk",39.6783
"04013319000","tract",2019,"food_state_rnk",NA
"04013319101","tract",2019,"food_state_rnk",23.4584
"04013319103","tract",2019,"food_state_rnk",74.1957
"04013319104","tract",2019,"food_state_rnk",67.4598
"04013319201","tract",2019,"food_state_rnk",17.5603
"04013319202","tract",2019,"food_state_rnk",15.8847
"04013319300","tract",2019,"food_state_rnk",48.3914
"04013319401","tract",2019,"food_state_rnk",66.1193
"04013319402","tract",2019,"food_state_rnk",64.4102
"04013319403","tract",2019,"food_state_rnk",50.1005
"04013319404","tract",2019,"food_state_rnk",68.6327
"04013319500","tract",2019,"food_state_rnk",85.3887
"04013319600","tract",2019,"food_state_rnk",56.9035
"04013319703","tract",2019,"food_state_rnk",72.9893
"04013319704","tract",2019,"food_state_rnk",58.244
"04013319705","tract",2019,"food_state_rnk",9.7855
"04013319706","tract",2019,"food_state_rnk",30.2614
"04013319800","tract",2019,"food_state_rnk",41.2534
"04013319902","tract",2019,"food_state_rnk",92.0576
"04013319903","tract",2019,"food_state_rnk",76.3405
"04013319904","tract",2019,"food_state_rnk",65.7507
"04013319905","tract",2019,"food_state_rnk",57.5067
"04013319906","tract",2019,"food_state_rnk",62.3995
"04013319907","tract",2019,"food_state_rnk",85.8579
"04013319908","tract",2019,"food_state_rnk",56.0657
"04013319909","tract",2019,"food_state_rnk",64.9464
"04013319910","tract",2019,"food_state_rnk",99.2627
"04013320001","tract",2019,"food_state_rnk",49.2627
"04013320002","tract",2019,"food_state_rnk",13.874
"04013320007","tract",2019,"food_state_rnk",22.118
"04013320100","tract",2019,"food_state_rnk",71.9839
"04013420104","tract",2019,"food_state_rnk",39.5442
"04013420105","tract",2019,"food_state_rnk",75.3351
"04013420107","tract",2019,"food_state_rnk",90.8177
"04013420108","tract",2019,"food_state_rnk",80.1609
"04013420109","tract",2019,"food_state_rnk",76.1729
"04013420110","tract",2019,"food_state_rnk",91.9571
"04013420111","tract",2019,"food_state_rnk",47.2855
"04013420112","tract",2019,"food_state_rnk",56.3338
"04013420113","tract",2019,"food_state_rnk",33.7802
"04013420114","tract",2019,"food_state_rnk",20.1072
"04013420115","tract",2019,"food_state_rnk",27.2453
"04013420116","tract",2019,"food_state_rnk",73.9946
"04013420202","tract",2019,"food_state_rnk",36.9303
"04013420206","tract",2019,"food_state_rnk",30.3619
"04013420207","tract",2019,"food_state_rnk",89.6113
"04013420208","tract",2019,"food_state_rnk",60.7909
"04013420209","tract",2019,"food_state_rnk",46.3472
"04013420210","tract",2019,"food_state_rnk",66.756
"04013420211","tract",2019,"food_state_rnk",87.4665
"04013420212","tract",2019,"food_state_rnk",79.7922
"04013420213","tract",2019,"food_state_rnk",88.6729
"04013420214","tract",2019,"food_state_rnk",52.2118
"04013420215","tract",2019,"food_state_rnk",59.7185
"04013420216","tract",2019,"food_state_rnk",88.6059
"04013420301","tract",2019,"food_state_rnk",70.811
"04013420302","tract",2019,"food_state_rnk",77.4129
"04013420303","tract",2019,"food_state_rnk",98.1233
"04013420304","tract",2019,"food_state_rnk",53.1836
"04013420401","tract",2019,"food_state_rnk",44.2024
"04013420402","tract",2019,"food_state_rnk",82.9088
"04013420501","tract",2019,"food_state_rnk",41.0188
"04013420503","tract",2019,"food_state_rnk",26.0724
"04013420504","tract",2019,"food_state_rnk",50.2681
"04013420602","tract",2019,"food_state_rnk",49.866
"04013420603","tract",2019,"food_state_rnk",53.4853
"04013420604","tract",2019,"food_state_rnk",84.4504
"04013420704","tract",2019,"food_state_rnk",43.1635
"04013420705","tract",2019,"food_state_rnk",69.571
"04013420706","tract",2019,"food_state_rnk",70.9786
"04013420707","tract",2019,"food_state_rnk",57.7078
"04013420708","tract",2019,"food_state_rnk",20.0402
"04013420709","tract",2019,"food_state_rnk",18.1635
"04013420710","tract",2019,"food_state_rnk",24.7319
"04013420800","tract",2019,"food_state_rnk",38.807
"04013420901","tract",2019,"food_state_rnk",34.7855
"04013420902","tract",2019,"food_state_rnk",41.5214
"04013421001","tract",2019,"food_state_rnk",36.7962
"04013421002","tract",2019,"food_state_rnk",11.6622
"04013421101","tract",2019,"food_state_rnk",51.4745
"04013421102","tract",2019,"food_state_rnk",35.7239
"04013421201","tract",2019,"food_state_rnk",33.6461
"04013421202","tract",2019,"food_state_rnk",56.7694
"04013421302","tract",2019,"food_state_rnk",9.8525
"04013421303","tract",2019,"food_state_rnk",28.1501
"04013421304","tract",2019,"food_state_rnk",20.1743
"04013421400","tract",2019,"food_state_rnk",11.4611
"04013421501","tract",2019,"food_state_rnk",21.2802
"04013421502","tract",2019,"food_state_rnk",27.681
"04013421601","tract",2019,"food_state_rnk",40.7507
"04013421602","tract",2019,"food_state_rnk",9.0483
"04013421701","tract",2019,"food_state_rnk",32.7078
"04013421702","tract",2019,"food_state_rnk",35.4893
"04013421801","tract",2019,"food_state_rnk",42.8954
"04013421802","tract",2019,"food_state_rnk",23.5925
"04013421901","tract",2019,"food_state_rnk",29.2895
"04013421902","tract",2019,"food_state_rnk",14.0751
"04013422001","tract",2019,"food_state_rnk",32.9088
"04013422002","tract",2019,"food_state_rnk",33.5121
"04013422102","tract",2019,"food_state_rnk",16.3539
"04013422103","tract",2019,"food_state_rnk",23.0563
"04013422104","tract",2019,"food_state_rnk",42.7614
"04013422105","tract",2019,"food_state_rnk",42.1247
"04013422106","tract",2019,"food_state_rnk",22.7212
"04013422107","tract",2019,"food_state_rnk",23.8606
"04013422203","tract",2019,"food_state_rnk",46.1796
"04013422204","tract",2019,"food_state_rnk",41.756
"04013422205","tract",2019,"food_state_rnk",81.9705
"04013422209","tract",2019,"food_state_rnk",63.941
"04013422210","tract",2019,"food_state_rnk",70.1408
"04013422211","tract",2019,"food_state_rnk",71.8164
"04013422212","tract",2019,"food_state_rnk",60.6568
"04013422213","tract",2019,"food_state_rnk",84.8525
"04013422215","tract",2019,"food_state_rnk",54.2895
"04013422216","tract",2019,"food_state_rnk",45.1072
"04013422217","tract",2019,"food_state_rnk",20.4424
"04013422218","tract",2019,"food_state_rnk",57.7748
"04013422219","tract",2019,"food_state_rnk",47.3861
"04013422220","tract",2019,"food_state_rnk",76.8097
"04013422221","tract",2019,"food_state_rnk",74.1287
"04013422222","tract",2019,"food_state_rnk",73.7601
"04013422301","tract",2019,"food_state_rnk",36.5952
"04013422302","tract",2019,"food_state_rnk",25.8713
"04013422304","tract",2019,"food_state_rnk",73.0563
"04013422305","tract",2019,"food_state_rnk",92.3592
"04013422307","tract",2019,"food_state_rnk",79.0885
"04013422308","tract",2019,"food_state_rnk",52.748
"04013422309","tract",2019,"food_state_rnk",86.2601
"04013422401","tract",2019,"food_state_rnk",44.437
"04013422402","tract",2019,"food_state_rnk",37.366
"04013422403","tract",2019,"food_state_rnk",68.5657
"04013422404","tract",2019,"food_state_rnk",71.0456
"04013422501","tract",2019,"food_state_rnk",32.9759
"04013422502","tract",2019,"food_state_rnk",60.992
"04013422503","tract",2019,"food_state_rnk",50.1005
"04013422504","tract",2019,"food_state_rnk",68.9008
"04013422506","tract",2019,"food_state_rnk",66.0188
"04013422507","tract",2019,"food_state_rnk",87.0308
"04013422508","tract",2019,"food_state_rnk",81.7359
"04013422509","tract",2019,"food_state_rnk",68.1635
"04013422510","tract",2019,"food_state_rnk",93.2306
"04013422511","tract",2019,"food_state_rnk",77.5469
"04013422512","tract",2019,"food_state_rnk",71.2466
"04013422513","tract",2019,"food_state_rnk",59.9866
"04013422514","tract",2019,"food_state_rnk",41.9571
"04013422606","tract",2019,"food_state_rnk",97.5871
"04013422607","tract",2019,"food_state_rnk",78.0161
"04013422609","tract",2019,"food_state_rnk",71.6488
"04013422610","tract",2019,"food_state_rnk",95.878
"04013422615","tract",2019,"food_state_rnk",64.3432
"04013422616","tract",2019,"food_state_rnk",55.9651
"04013422617","tract",2019,"food_state_rnk",47.0509
"04013422618","tract",2019,"food_state_rnk",67.2252
"04013422620","tract",2019,"food_state_rnk",76.9102
"04013422621","tract",2019,"food_state_rnk",76.1729
"04013422622","tract",2019,"food_state_rnk",88.0027
"04013422623","tract",2019,"food_state_rnk",77.2453
"04013422624","tract",2019,"food_state_rnk",55.2949
"04013422625","tract",2019,"food_state_rnk",28.3512
"04013422626","tract",2019,"food_state_rnk",43.2976
"04013422627","tract",2019,"food_state_rnk",37.0643
"04013422628","tract",2019,"food_state_rnk",13.9745
"04013422629","tract",2019,"food_state_rnk",60.5563
"04013422630","tract",2019,"food_state_rnk",49.4638
"04013422631","tract",2019,"food_state_rnk",58.7802
"04013422632","tract",2019,"food_state_rnk",60.7239
"04013422633","tract",2019,"food_state_rnk",53.0831
"04013422634","tract",2019,"food_state_rnk",29.9263
"04013422635","tract",2019,"food_state_rnk",72.8552
"04013422636","tract",2019,"food_state_rnk",66.689
"04013422637","tract",2019,"food_state_rnk",61.126
"04013422638","tract",2019,"food_state_rnk",41.8901
"04013422639","tract",2019,"food_state_rnk",17.8954
"04013422640","tract",2019,"food_state_rnk",50.6702
"04013422641","tract",2019,"food_state_rnk",59.0483
"04013422642","tract",2019,"food_state_rnk",70.4759
"04013422643","tract",2019,"food_state_rnk",77.681
"04013422644","tract",2019,"food_state_rnk",89.9129
"04013422646","tract",2019,"food_state_rnk",95.7775
"04013522800","tract",2019,"food_state_rnk",NA
"04013522901","tract",2019,"food_state_rnk",62.4665
"04013522903","tract",2019,"food_state_rnk",33.8472
"04013522904","tract",2019,"food_state_rnk",10.8579
"04013523002","tract",2019,"food_state_rnk",29.4906
"04013523003","tract",2019,"food_state_rnk",57.9759
"04013523005","tract",2019,"food_state_rnk",79.6247
"04013523006","tract",2019,"food_state_rnk",64.5442
"04013523102","tract",2019,"food_state_rnk",19.9062
"04013523103","tract",2019,"food_state_rnk",53.7534
"04013523104","tract",2019,"food_state_rnk",58.9812
"04013610000","tract",2019,"food_state_rnk",66.8901
"04013610100","tract",2019,"food_state_rnk",74.933
"04013610200","tract",2019,"food_state_rnk",80.7976
"04013610300","tract",2019,"food_state_rnk",80.3619
"04013610400","tract",2019,"food_state_rnk",86.4611
"04013610500","tract",2019,"food_state_rnk",96.5147
"04013610600","tract",2019,"food_state_rnk",97.319
"04013610700","tract",2019,"food_state_rnk",86.3271
"04013610800","tract",2019,"food_state_rnk",87.3995
"04013610900","tract",2019,"food_state_rnk",100
"04013611000","tract",2019,"food_state_rnk",91.3539
"04013611100","tract",2019,"food_state_rnk",62.5335
"04013611200","tract",2019,"food_state_rnk",81.0992
"04013611300","tract",2019,"food_state_rnk",94.504
"04013611400","tract",2019,"food_state_rnk",94.1689
"04013611500","tract",2019,"food_state_rnk",86.5282
"04013611600","tract",2019,"food_state_rnk",91.7895
"04013611700","tract",2019,"food_state_rnk",64.8123
"04013611800","tract",2019,"food_state_rnk",89.4772
"04013611900","tract",2019,"food_state_rnk",81.9035
"04013612000","tract",2019,"food_state_rnk",97.7547
"04013612200","tract",2019,"food_state_rnk",92.7279
"04013612300","tract",2019,"food_state_rnk",90.2145
"04013612400","tract",2019,"food_state_rnk",81.8365
"04013612500","tract",2019,"food_state_rnk",98.9946
"04013612600","tract",2019,"food_state_rnk",83.5456
"04013612700","tract",2019,"food_state_rnk",90.7507
"04013612800","tract",2019,"food_state_rnk",58.5791
"04013612900","tract",2019,"food_state_rnk",94.0349
"04013613000","tract",2019,"food_state_rnk",99.1287
"04013613100","tract",2019,"food_state_rnk",90.6166
"04013613200","tract",2019,"food_state_rnk",89.1421
"04013613300","tract",2019,"food_state_rnk",98.4584
"04013613400","tract",2019,"food_state_rnk",83.0094
"04013613500","tract",2019,"food_state_rnk",58.378
"04013613600","tract",2019,"food_state_rnk",87.1314
"04013613700","tract",2019,"food_state_rnk",78.8874
"04013613800","tract",2019,"food_state_rnk",69.9062
"04013613900","tract",2019,"food_state_rnk",86.3941
"04013614000","tract",2019,"food_state_rnk",81.3003
"04013614100","tract",2019,"food_state_rnk",61.5282
"04013614200","tract",2019,"food_state_rnk",83.4115
"04013614300","tract",2019,"food_state_rnk",62.7346
"04013614400","tract",2019,"food_state_rnk",34.1153
"04013614500","tract",2019,"food_state_rnk",52.815
"04013614600","tract",2019,"food_state_rnk",52.0107
"04013614700","tract",2019,"food_state_rnk",21.0456
"04013614800","tract",2019,"food_state_rnk",61.7962
"04013614900","tract",2019,"food_state_rnk",65.3485
"04013615000","tract",2019,"food_state_rnk",99.1957
"04013615100","tract",2019,"food_state_rnk",86.7962
"04013615200","tract",2019,"food_state_rnk",95.0402
"04013615300","tract",2019,"food_state_rnk",38.2373
"04013615400","tract",2019,"food_state_rnk",79.8928
"04013615500","tract",2019,"food_state_rnk",95.5094
"04013615600","tract",2019,"food_state_rnk",26.374
"04013615700","tract",2019,"food_state_rnk",83.244
"04013615800","tract",2019,"food_state_rnk",86.6957
"04013615900","tract",2019,"food_state_rnk",68.4987
"04013616000","tract",2019,"food_state_rnk",83.0094
"04013616100","tract",2019,"food_state_rnk",73.626
"04013616200","tract",2019,"food_state_rnk",75.4021
"04013616300","tract",2019,"food_state_rnk",54.2225
"04013616400","tract",2019,"food_state_rnk",65.6836
"04013616500","tract",2019,"food_state_rnk",43.1635
"04013616600","tract",2019,"food_state_rnk",67.5603
"04013616700","tract",2019,"food_state_rnk",78.3512
"04013616800","tract",2019,"food_state_rnk",55.7641
"04013616900","tract",2019,"food_state_rnk",74.7319
"04013617000","tract",2019,"food_state_rnk",33.311
"04013617100","tract",2019,"food_state_rnk",76.7426
"04013617200","tract",2019,"food_state_rnk",84.5845
"04013617300","tract",2019,"food_state_rnk",68.7668
"04013617400","tract",2019,"food_state_rnk",97.9893
"04013617500","tract",2019,"food_state_rnk",88.5389
"04013617600","tract",2019,"food_state_rnk",66.9571
"04013617700","tract",2019,"food_state_rnk",51.9437
"04013617800","tract",2019,"food_state_rnk",84.5174
"04013617900","tract",2019,"food_state_rnk",81.6019
"04013618000","tract",2019,"food_state_rnk",46.2466
"04013618100","tract",2019,"food_state_rnk",78.9544
"04013618200","tract",2019,"food_state_rnk",35.6568
"04013618300","tract",2019,"food_state_rnk",51.2735
"04013618400","tract",2019,"food_state_rnk",26.374
"04013618500","tract",2019,"food_state_rnk",36.2601
"04013618600","tract",2019,"food_state_rnk",54.1555
"04013618700","tract",2019,"food_state_rnk",73.1233
"04013618800","tract",2019,"food_state_rnk",28.9879
"04013618900","tract",2019,"food_state_rnk",43.9678
"04013619000","tract",2019,"food_state_rnk",82.0375
"04013619100","tract",2019,"food_state_rnk",19.9732
"04013619200","tract",2019,"food_state_rnk",24.3968
"04013619300","tract",2019,"food_state_rnk",42.1247
"04013619400","tract",2019,"food_state_rnk",34.6515
"04013619500","tract",2019,"food_state_rnk",27.882
"04013619600","tract",2019,"food_state_rnk",35.2547
"04013619700","tract",2019,"food_state_rnk",28.8874
"04013619800","tract",2019,"food_state_rnk",66.3539
"04013619900","tract",2019,"food_state_rnk",96.7828
"04013723303","tract",2019,"food_state_rnk",NA
"04013723304","tract",2019,"food_state_rnk",48.693
"04013723305","tract",2019,"food_state_rnk",10.5898
"04013723306","tract",2019,"food_state_rnk",NA
"04013723307","tract",2019,"food_state_rnk",75.5362
"04013723308","tract",2019,"food_state_rnk",83.1099
"04013810000","tract",2019,"food_state_rnk",92.0576
"04013810100","tract",2019,"food_state_rnk",92.1917
"04013810200","tract",2019,"food_state_rnk",65.9182
"04013810300","tract",2019,"food_state_rnk",72.7882
"04013810400","tract",2019,"food_state_rnk",75.6702
"04013810500","tract",2019,"food_state_rnk",95.9786
"04013810600","tract",2019,"food_state_rnk",84.0483
"04013810700","tract",2019,"food_state_rnk",54.8928
"04013810800","tract",2019,"food_state_rnk",74.3968
"04013810900","tract",2019,"food_state_rnk",83.9142
"04013811000","tract",2019,"food_state_rnk",62.7346
"04013811100","tract",2019,"food_state_rnk",44.37
"04013811200","tract",2019,"food_state_rnk",87.1984
"04013811300","tract",2019,"food_state_rnk",65.248
"04013811400","tract",2019,"food_state_rnk",74.2627
"04013811500","tract",2019,"food_state_rnk",74.3298
"04013811600","tract",2019,"food_state_rnk",73.626
"04013811700","tract",2019,"food_state_rnk",73.7601
"04013811800","tract",2019,"food_state_rnk",89.0416
"04013811900","tract",2019,"food_state_rnk",93.13
"04013812000","tract",2019,"food_state_rnk",78.1501
"04013812100","tract",2019,"food_state_rnk",58.445
"04013812200","tract",2019,"food_state_rnk",81.7359
"04013812300","tract",2019,"food_state_rnk",82.5402
"04013812400","tract",2019,"food_state_rnk",90.2815
"04013812500","tract",2019,"food_state_rnk",89.2091
"04013812600","tract",2019,"food_state_rnk",92.9625
"04013812700","tract",2019,"food_state_rnk",69.1019
"04013812800","tract",2019,"food_state_rnk",96.7158
"04013812900","tract",2019,"food_state_rnk",82.1046
"04013813000","tract",2019,"food_state_rnk",92.1917
"04013813100","tract",2019,"food_state_rnk",89.7118
"04013813200","tract",2019,"food_state_rnk",92.8284
"04013813300","tract",2019,"food_state_rnk",94.571
"04013813400","tract",2019,"food_state_rnk",91.4879
"04013813500","tract",2019,"food_state_rnk",71.3807
"04013813600","tract",2019,"food_state_rnk",92.5603
"04013813700","tract",2019,"food_state_rnk",70.7105
"04013813800","tract",2019,"food_state_rnk",19.1019
"04013813900","tract",2019,"food_state_rnk",79.7922
"04013814000","tract",2019,"food_state_rnk",94.9397
"04013814100","tract",2019,"food_state_rnk",86.6957
"04013814200","tract",2019,"food_state_rnk",47.7882
"04013814300","tract",2019,"food_state_rnk",76.4075
"04013814400","tract",2019,"food_state_rnk",68.8338
"04013814500","tract",2019,"food_state_rnk",93.4316
"04013814600","tract",2019,"food_state_rnk",64.1086
"04013814700","tract",2019,"food_state_rnk",71.9169
"04013814800","tract",2019,"food_state_rnk",81.1662
"04013814900","tract",2019,"food_state_rnk",38.0697
"04013815000","tract",2019,"food_state_rnk",89.8123
"04013815100","tract",2019,"food_state_rnk",85.7909
"04013815200","tract",2019,"food_state_rnk",82.2386
"04013815300","tract",2019,"food_state_rnk",87.2654
"04013815400","tract",2019,"food_state_rnk",88.941
"04013815500","tract",2019,"food_state_rnk",68.0295
"04013815600","tract",2019,"food_state_rnk",74.5308
"04013815700","tract",2019,"food_state_rnk",70.3753
"04013815800","tract",2019,"food_state_rnk",82.7748
"04013815900","tract",2019,"food_state_rnk",90.1475
"04013816000","tract",2019,"food_state_rnk",99.4638
"04013816100","tract",2019,"food_state_rnk",83.9812
"04013816200","tract",2019,"food_state_rnk",58.1769
"04013816300","tract",2019,"food_state_rnk",97.0509
"04013816400","tract",2019,"food_state_rnk",87.6676
"04013816500","tract",2019,"food_state_rnk",97.5201
"04013816600","tract",2019,"food_state_rnk",78.2842
"04013816700","tract",2019,"food_state_rnk",89.2761
"04013816800","tract",2019,"food_state_rnk",91.622
"04013816900","tract",2019,"food_state_rnk",91.622
"04013817000","tract",2019,"food_state_rnk",85.6568
"04013817100","tract",2019,"food_state_rnk",86.5952
"04013817200","tract",2019,"food_state_rnk",95.3753
"04013817300","tract",2019,"food_state_rnk",76.0724
"04013817400","tract",2019,"food_state_rnk",70.9115
"04013817500","tract",2019,"food_state_rnk",98.5255
"04013817600","tract",2019,"food_state_rnk",69.1689
"04013940700","tract",2019,"food_state_rnk",0
"04013941000","tract",2019,"food_state_rnk",12.1984
"04013941100","tract",2019,"food_state_rnk",NA
"04013941200","tract",2019,"food_state_rnk",61.3941
"04013941300","tract",2019,"food_state_rnk",5.7641
"04013980100","tract",2019,"food_state_rnk",NA
"04013980400","tract",2019,"food_state_rnk",NA
"04013980500","tract",2019,"food_state_rnk",NA
"04013980600","tract",2019,"food_state_rnk",89.7118
"04013980700","tract",2019,"food_state_rnk",NA
"04015940400","tract",2019,"food_state_rnk",0.8043
"04015940501","tract",2019,"food_state_rnk",58.6461
"04015950100","tract",2019,"food_state_rnk",12.4665
"04015950401","tract",2019,"food_state_rnk",29.0885
"04015950402","tract",2019,"food_state_rnk",42.6273
"04015950500","tract",2019,"food_state_rnk",3.7198
"04015950600","tract",2019,"food_state_rnk",44.9397
"04015950703","tract",2019,"food_state_rnk",7.3056
"04015950704","tract",2019,"food_state_rnk",57.0375
"04015950705","tract",2019,"food_state_rnk",13.0697
"04015950706","tract",2019,"food_state_rnk",2.681
"04015951401","tract",2019,"food_state_rnk",49.3633
"04015951402","tract",2019,"food_state_rnk",45.4424
"04015951501","tract",2019,"food_state_rnk",6.3003
"04015951502","tract",2019,"food_state_rnk",55.0603
"04015951601","tract",2019,"food_state_rnk",29.3901
"04015951602","tract",2019,"food_state_rnk",16.5885
"04015951700","tract",2019,"food_state_rnk",3.4853
"04015951800","tract",2019,"food_state_rnk",3.8204
"04015951900","tract",2019,"food_state_rnk",39.1421
"04015952001","tract",2019,"food_state_rnk",36.4611
"04015952002","tract",2019,"food_state_rnk",80.6635
"04015952003","tract",2019,"food_state_rnk",49.6984
"04015952004","tract",2019,"food_state_rnk",58.7802
"04015952400","tract",2019,"food_state_rnk",47.5536
"04015952500","tract",2019,"food_state_rnk",83.5456
"04015952600","tract",2019,"food_state_rnk",20.9115
"04015952700","tract",2019,"food_state_rnk",46.5483
"04015952800","tract",2019,"food_state_rnk",67.2922
"04015952900","tract",2019,"food_state_rnk",35.3217
"04015953000","tract",2019,"food_state_rnk",43.5992
"04015953100","tract",2019,"food_state_rnk",69.0349
"04015953200","tract",2019,"food_state_rnk",95.6099
"04015953300","tract",2019,"food_state_rnk",63.0027
"04015953401","tract",2019,"food_state_rnk",27.748
"04015953402","tract",2019,"food_state_rnk",51.6086
"04015953601","tract",2019,"food_state_rnk",68.0965
"04015953602","tract",2019,"food_state_rnk",NA
"04015953800","tract",2019,"food_state_rnk",16.4209
"04015953900","tract",2019,"food_state_rnk",38.7399
"04015954800","tract",2019,"food_state_rnk",45.878
"04015954900","tract",2019,"food_state_rnk",25.3351
"04015955000","tract",2019,"food_state_rnk",34.4504
"04017940008","tract",2019,"food_state_rnk",10.0536
"04017940010","tract",2019,"food_state_rnk",0.6032
"04017940011","tract",2019,"food_state_rnk",4.7587
"04017940012","tract",2019,"food_state_rnk",2.748
"04017940013","tract",2019,"food_state_rnk",4.0885
"04017940014","tract",2019,"food_state_rnk",7.4397
"04017940015","tract",2019,"food_state_rnk",6.5684
"04017940100","tract",2019,"food_state_rnk",2.6139
"04017940301","tract",2019,"food_state_rnk",1.6086
"04017940302","tract",2019,"food_state_rnk",1.4075
"04017942300","tract",2019,"food_state_rnk",15.248
"04017942400","tract",2019,"food_state_rnk",6.0322
"04017942500","tract",2019,"food_state_rnk",5.563
"04017960100","tract",2019,"food_state_rnk",14.9464
"04017960200","tract",2019,"food_state_rnk",8.311
"04017960400","tract",2019,"food_state_rnk",28.4517
"04017960500","tract",2019,"food_state_rnk",NA
"04017960600","tract",2019,"food_state_rnk",10.9249
"04017961300","tract",2019,"food_state_rnk",71.4812
"04017961700","tract",2019,"food_state_rnk",62.0643
"04017962500","tract",2019,"food_state_rnk",40.9182
"04017963300","tract",2019,"food_state_rnk",40.9182
"04017963400","tract",2019,"food_state_rnk",42.2252
"04017963700","tract",2019,"food_state_rnk",57.2386
"04017963800","tract",2019,"food_state_rnk",45.5094
"04017964201","tract",2019,"food_state_rnk",56.1662
"04017964202","tract",2019,"food_state_rnk",15.9517
"04017964800","tract",2019,"food_state_rnk",41.1193
"04017964900","tract",2019,"food_state_rnk",85.1877
"04017965200","tract",2019,"food_state_rnk",37.7681
"04017965300","tract",2019,"food_state_rnk",32.3056
"04019000100","tract",2019,"food_state_rnk",28.2172
"04019000200","tract",2019,"food_state_rnk",6.6354
"04019000300","tract",2019,"food_state_rnk",40.3485
"04019000400","tract",2019,"food_state_rnk",80.4625
"04019000500","tract",2019,"food_state_rnk",NA
"04019000600","tract",2019,"food_state_rnk",47.9893
"04019000700","tract",2019,"food_state_rnk",41.622
"04019000800","tract",2019,"food_state_rnk",22.252
"04019000900","tract",2019,"food_state_rnk",26.2064
"04019001000","tract",2019,"food_state_rnk",3.6193
"04019001100","tract",2019,"food_state_rnk",7.7078
"04019001200","tract",2019,"food_state_rnk",3.0831
"04019001302","tract",2019,"food_state_rnk",5.1609
"04019001303","tract",2019,"food_state_rnk",11.3271
"04019001304","tract",2019,"food_state_rnk",6.5013
"04019001400","tract",2019,"food_state_rnk",37.1314
"04019001500","tract",2019,"food_state_rnk",21.2802
"04019001600","tract",2019,"food_state_rnk",50.4357
"04019001700","tract",2019,"food_state_rnk",51.0054
"04019001801","tract",2019,"food_state_rnk",11.3941
"04019001802","tract",2019,"food_state_rnk",13.807
"04019001900","tract",2019,"food_state_rnk",75
"04019002000","tract",2019,"food_state_rnk",19.3029
"04019002100","tract",2019,"food_state_rnk",17.2922
"04019002201","tract",2019,"food_state_rnk",8.244
"04019002202","tract",2019,"food_state_rnk",21.6488
"04019002300","tract",2019,"food_state_rnk",1.0724
"04019002400","tract",2019,"food_state_rnk",2.815
"04019002501","tract",2019,"food_state_rnk",10.2547
"04019002503","tract",2019,"food_state_rnk",14.6783
"04019002504","tract",2019,"food_state_rnk",26.1394
"04019002505","tract",2019,"food_state_rnk",14.6113
"04019002506","tract",2019,"food_state_rnk",15.3485
"04019002602","tract",2019,"food_state_rnk",18.3646
"04019002603","tract",2019,"food_state_rnk",0.6702
"04019002604","tract",2019,"food_state_rnk",6.9035
"04019002702","tract",2019,"food_state_rnk",53.6863
"04019002703","tract",2019,"food_state_rnk",36.3271
"04019002704","tract",2019,"food_state_rnk",27.815
"04019002801","tract",2019,"food_state_rnk",4.0214
"04019002802","tract",2019,"food_state_rnk",1.7426
"04019002803","tract",2019,"food_state_rnk",13.1367
"04019002901","tract",2019,"food_state_rnk",3.5523
"04019002904","tract",2019,"food_state_rnk",71.1796
"04019002905","tract",2019,"food_state_rnk",12.6005
"04019002906","tract",2019,"food_state_rnk",85.4558
"04019003002","tract",2019,"food_state_rnk",17.6944
"04019003003","tract",2019,"food_state_rnk",2.0107
"04019003004","tract",2019,"food_state_rnk",55.5965
"04019003101","tract",2019,"food_state_rnk",4.6247
"04019003102","tract",2019,"food_state_rnk",7.9759
"04019003200","tract",2019,"food_state_rnk",56.0657
"04019003302","tract",2019,"food_state_rnk",25.134
"04019003303","tract",2019,"food_state_rnk",27.4129
"04019003304","tract",2019,"food_state_rnk",39.2091
"04019003400","tract",2019,"food_state_rnk",29.8257
"04019003501","tract",2019,"food_state_rnk",2.3458
"04019003502","tract",2019,"food_state_rnk",23.3914
"04019003503","tract",2019,"food_state_rnk",11.9303
"04019003504","tract",2019,"food_state_rnk",25.4021
"04019003600","tract",2019,"food_state_rnk",54.4571
"04019003702","tract",2019,"food_state_rnk",5.2279
"04019003704","tract",2019,"food_state_rnk",7.2386
"04019003705","tract",2019,"food_state_rnk",9.3164
"04019003706","tract",2019,"food_state_rnk",21.5147
"04019003707","tract",2019,"food_state_rnk",0.7373
"04019003801","tract",2019,"food_state_rnk",4.8592
"04019003802","tract",2019,"food_state_rnk",11.059
"04019003901","tract",2019,"food_state_rnk",8.0429
"04019003902","tract",2019,"food_state_rnk",13.7399
"04019003903","tract",2019,"food_state_rnk",16.4879
"04019004008","tract",2019,"food_state_rnk",41.5214
"04019004010","tract",2019,"food_state_rnk",66.4879
"04019004011","tract",2019,"food_state_rnk",26.0054
"04019004022","tract",2019,"food_state_rnk",45.7105
"04019004025","tract",2019,"food_state_rnk",57.9088
"04019004026","tract",2019,"food_state_rnk",85.3217
"04019004029","tract",2019,"food_state_rnk",35.4893
"04019004030","tract",2019,"food_state_rnk",72.6542
"04019004031","tract",2019,"food_state_rnk",96.4477
"04019004032","tract",2019,"food_state_rnk",68.4316
"04019004033","tract",2019,"food_state_rnk",18.2306
"04019004034","tract",2019,"food_state_rnk",19.1689
"04019004035","tract",2019,"food_state_rnk",56.8365
"04019004036","tract",2019,"food_state_rnk",40.1475
"04019004037","tract",2019,"food_state_rnk",24.7989
"04019004038","tract",2019,"food_state_rnk",8.9812
"04019004039","tract",2019,"food_state_rnk",47.7212
"04019004042","tract",2019,"food_state_rnk",47.8552
"04019004043","tract",2019,"food_state_rnk",63.4718
"04019004044","tract",2019,"food_state_rnk",84.9866
"04019004046","tract",2019,"food_state_rnk",37.9021
"04019004047","tract",2019,"food_state_rnk",72.2185
"04019004048","tract",2019,"food_state_rnk",56.2332
"04019004049","tract",2019,"food_state_rnk",38.9075
"04019004050","tract",2019,"food_state_rnk",98.7936
"04019004051","tract",2019,"food_state_rnk",93.6327
"04019004052","tract",2019,"food_state_rnk",98.5925
"04019004053","tract",2019,"food_state_rnk",92.2922
"04019004054","tract",2019,"food_state_rnk",70.4759
"04019004055","tract",2019,"food_state_rnk",83.311
"04019004056","tract",2019,"food_state_rnk",59.3164
"04019004057","tract",2019,"food_state_rnk",65.9182
"04019004058","tract",2019,"food_state_rnk",53.1836
"04019004061","tract",2019,"food_state_rnk",82.8418
"04019004062","tract",2019,"food_state_rnk",85.1206
"04019004063","tract",2019,"food_state_rnk",93.7668
"04019004064","tract",2019,"food_state_rnk",89.5442
"04019004065","tract",2019,"food_state_rnk",85.992
"04019004066","tract",2019,"food_state_rnk",76.5751
"04019004067","tract",2019,"food_state_rnk",46.4477
"04019004068","tract",2019,"food_state_rnk",27.0107
"04019004069","tract",2019,"food_state_rnk",31.0322
"04019004070","tract",2019,"food_state_rnk",19.504
"04019004071","tract",2019,"food_state_rnk",15.6166
"04019004072","tract",2019,"food_state_rnk",47.5536
"04019004073","tract",2019,"food_state_rnk",59.618
"04019004074","tract",2019,"food_state_rnk",72.3861
"04019004107","tract",2019,"food_state_rnk",99.933
"04019004109","tract",2019,"food_state_rnk",73.9276
"04019004110","tract",2019,"food_state_rnk",35.1206
"04019004112","tract",2019,"food_state_rnk",7.7748
"04019004113","tract",2019,"food_state_rnk",NA
"04019004114","tract",2019,"food_state_rnk",4.2895
"04019004115","tract",2019,"food_state_rnk",2.882
"04019004116","tract",2019,"food_state_rnk",9.5509
"04019004117","tract",2019,"food_state_rnk",3.2842
"04019004118","tract",2019,"food_state_rnk",41.1193
"04019004119","tract",2019,"food_state_rnk",75.7373
"04019004120","tract",2019,"food_state_rnk",35.992
"04019004121","tract",2019,"food_state_rnk",64.1086
"04019004122","tract",2019,"food_state_rnk",0.9383
"04019004125","tract",2019,"food_state_rnk",45.2413
"04019004307","tract",2019,"food_state_rnk",97.4531
"04019004310","tract",2019,"food_state_rnk",25.7373
"04019004311","tract",2019,"food_state_rnk",49.9665
"04019004312","tract",2019,"food_state_rnk",39.4102
"04019004313","tract",2019,"food_state_rnk",21.1126
"04019004316","tract",2019,"food_state_rnk",42.3592
"04019004317","tract",2019,"food_state_rnk",88.874
"04019004320","tract",2019,"food_state_rnk",3.2172
"04019004321","tract",2019,"food_state_rnk",18.8338
"04019004322","tract",2019,"food_state_rnk",25.067
"04019004323","tract",2019,"food_state_rnk",51.5416
"04019004324","tract",2019,"food_state_rnk",80.2279
"04019004325","tract",2019,"food_state_rnk",96.9169
"04019004326","tract",2019,"food_state_rnk",50.4357
"04019004327","tract",2019,"food_state_rnk",56.6354
"04019004328","tract",2019,"food_state_rnk",78.4182
"04019004329","tract",2019,"food_state_rnk",94.9397
"04019004330","tract",2019,"food_state_rnk",69.2694
"04019004331","tract",2019,"food_state_rnk",39.7453
"04019004332","tract",2019,"food_state_rnk",93.3311
"04019004333","tract",2019,"food_state_rnk",56.5013
"04019004334","tract",2019,"food_state_rnk",48.7936
"04019004404","tract",2019,"food_state_rnk",85.7239
"04019004407","tract",2019,"food_state_rnk",15.0804
"04019004411","tract",2019,"food_state_rnk",98.7265
"04019004412","tract",2019,"food_state_rnk",55.1609
"04019004413","tract",2019,"food_state_rnk",50.7373
"04019004414","tract",2019,"food_state_rnk",35.0201
"04019004415","tract",2019,"food_state_rnk",47.185
"04019004418","tract",2019,"food_state_rnk",81.4678
"04019004419","tract",2019,"food_state_rnk",28.5523
"04019004421","tract",2019,"food_state_rnk",70.6434
"04019004422","tract",2019,"food_state_rnk",46.8499
"04019004423","tract",2019,"food_state_rnk",59.9196
"04019004424","tract",2019,"food_state_rnk",24.4638
"04019004425","tract",2019,"food_state_rnk",29.7587
"04019004426","tract",2019,"food_state_rnk",70.3083
"04019004427","tract",2019,"food_state_rnk",82.7078
"04019004428","tract",2019,"food_state_rnk",90.4155
"04019004429","tract",2019,"food_state_rnk",82.5402
"04019004430","tract",2019,"food_state_rnk",24.5308
"04019004431","tract",2019,"food_state_rnk",90.5496
"04019004504","tract",2019,"food_state_rnk",11.7292
"04019004505","tract",2019,"food_state_rnk",4.5576
"04019004506","tract",2019,"food_state_rnk",10.4558
"04019004508","tract",2019,"food_state_rnk",14.1421
"04019004510","tract",2019,"food_state_rnk",44.9397
"04019004511","tract",2019,"food_state_rnk",12.7346
"04019004512","tract",2019,"food_state_rnk",20.7105
"04019004513","tract",2019,"food_state_rnk",21.5818
"04019004610","tract",2019,"food_state_rnk",33.7131
"04019004613","tract",2019,"food_state_rnk",32.4397
"04019004614","tract",2019,"food_state_rnk",74.8324
"04019004615","tract",2019,"food_state_rnk",70.1408
"04019004616","tract",2019,"food_state_rnk",46.3472
"04019004617","tract",2019,"food_state_rnk",39.9464
"04019004618","tract",2019,"food_state_rnk",44.571
"04019004619","tract",2019,"food_state_rnk",53.9544
"04019004620","tract",2019,"food_state_rnk",69.7051
"04019004621","tract",2019,"food_state_rnk",43.0295
"04019004622","tract",2019,"food_state_rnk",49.7989
"04019004623","tract",2019,"food_state_rnk",94.7721
"04019004624","tract",2019,"food_state_rnk",46.7158
"04019004625","tract",2019,"food_state_rnk",45.5764
"04019004626","tract",2019,"food_state_rnk",15.5496
"04019004627","tract",2019,"food_state_rnk",38.4383
"04019004628","tract",2019,"food_state_rnk",75.134
"04019004630","tract",2019,"food_state_rnk",61.7292
"04019004631","tract",2019,"food_state_rnk",64.9464
"04019004632","tract",2019,"food_state_rnk",83.1769
"04019004633","tract",2019,"food_state_rnk",96.1796
"04019004634","tract",2019,"food_state_rnk",61.6622
"04019004635","tract",2019,"food_state_rnk",95.2748
"04019004636","tract",2019,"food_state_rnk",81.3673
"04019004638","tract",2019,"food_state_rnk",96.2466
"04019004639","tract",2019,"food_state_rnk",80.7976
"04019004640","tract",2019,"food_state_rnk",78.4853
"04019004641","tract",2019,"food_state_rnk",91.2198
"04019004642","tract",2019,"food_state_rnk",98.9276
"04019004643","tract",2019,"food_state_rnk",98.2909
"04019004644","tract",2019,"food_state_rnk",53.0161
"04019004645","tract",2019,"food_state_rnk",46.0121
"04019004646","tract",2019,"food_state_rnk",55.5965
"04019004647","tract",2019,"food_state_rnk",63.6394
"04019004710","tract",2019,"food_state_rnk",86.8633
"04019004711","tract",2019,"food_state_rnk",72.319
"04019004712","tract",2019,"food_state_rnk",59.618
"04019004713","tract",2019,"food_state_rnk",84.685
"04019004714","tract",2019,"food_state_rnk",83.8472
"04019004715","tract",2019,"food_state_rnk",48.5255
"04019004716","tract",2019,"food_state_rnk",79.3566
"04019004717","tract",2019,"food_state_rnk",90.4826
"04019004718","tract",2019,"food_state_rnk",76.5751
"04019004719","tract",2019,"food_state_rnk",89.4102
"04019004720","tract",2019,"food_state_rnk",84.9866
"04019004721","tract",2019,"food_state_rnk",53.8204
"04019004722","tract",2019,"food_state_rnk",93.8338
"04019004723","tract",2019,"food_state_rnk",97.6542
"04019004724","tract",2019,"food_state_rnk",80.9651
"04019004725","tract",2019,"food_state_rnk",66.622
"04019004726","tract",2019,"food_state_rnk",94.37
"04019005200","tract",2019,"food_state_rnk",31.0992
"04019005300","tract",2019,"food_state_rnk",81.2332
"04019940600","tract",2019,"food_state_rnk",0.5362
"04019940700","tract",2019,"food_state_rnk",0.8713
"04019940800","tract",2019,"food_state_rnk",1.6756
"04019940900","tract",2019,"food_state_rnk",12.5335
"04019941000","tract",2019,"food_state_rnk",2.2118
"04021000201","tract",2019,"food_state_rnk",57.5737
"04021000204","tract",2019,"food_state_rnk",63.6394
"04021000205","tract",2019,"food_state_rnk",60.4223
"04021000206","tract",2019,"food_state_rnk",70.2413
"04021000207","tract",2019,"food_state_rnk",68.2306
"04021000208","tract",2019,"food_state_rnk",84.2828
"04021000209","tract",2019,"food_state_rnk",64.008
"04021000210","tract",2019,"food_state_rnk",59.7855
"04021000211","tract",2019,"food_state_rnk",45.7775
"04021000212","tract",2019,"food_state_rnk",52.3794
"04021000213","tract",2019,"food_state_rnk",56.4343
"04021000214","tract",2019,"food_state_rnk",66.4209
"04021000215","tract",2019,"food_state_rnk",58.5121
"04021000307","tract",2019,"food_state_rnk",26.2735
"04021000308","tract",2019,"food_state_rnk",11.5282
"04021000309","tract",2019,"food_state_rnk",25.5362
"04021000310","tract",2019,"food_state_rnk",27.1113
"04021000311","tract",2019,"food_state_rnk",92.6273
"04021000312","tract",2019,"food_state_rnk",32.3727
"04021000313","tract",2019,"food_state_rnk",37.2654
"04021000314","tract",2019,"food_state_rnk",26.6086
"04021000315","tract",2019,"food_state_rnk",20.8445
"04021000316","tract",2019,"food_state_rnk",91.0523
"04021000317","tract",2019,"food_state_rnk",56.3338
"04021000318","tract",2019,"food_state_rnk",61.2601
"04021000319","tract",2019,"food_state_rnk",70.5764
"04021000400","tract",2019,"food_state_rnk",15.248
"04021000603","tract",2019,"food_state_rnk",82.1716
"04021000604","tract",2019,"food_state_rnk",72.9223
"04021000700","tract",2019,"food_state_rnk",17.4263
"04021000801","tract",2019,"food_state_rnk",52.882
"04021000802","tract",2019,"food_state_rnk",69.9732
"04021000803","tract",2019,"food_state_rnk",NA
"04021000901","tract",2019,"food_state_rnk",NA
"04021000902","tract",2019,"food_state_rnk",32.6408
"04021001000","tract",2019,"food_state_rnk",3.8874
"04021001100","tract",2019,"food_state_rnk",28.8204
"04021001200","tract",2019,"food_state_rnk",32.2051
"04021001301","tract",2019,"food_state_rnk",20.9786
"04021001303","tract",2019,"food_state_rnk",72.2185
"04021001304","tract",2019,"food_state_rnk",66.8231
"04021001305","tract",2019,"food_state_rnk",49.9665
"04021001306","tract",2019,"food_state_rnk",19.571
"04021001403","tract",2019,"food_state_rnk",23.1233
"04021001404","tract",2019,"food_state_rnk",41.3874
"04021001405","tract",2019,"food_state_rnk",45.0402
"04021001406","tract",2019,"food_state_rnk",12.8016
"04021001407","tract",2019,"food_state_rnk",34.0483
"04021001408","tract",2019,"food_state_rnk",37.7681
"04021001500","tract",2019,"food_state_rnk",1.5416
"04021001600","tract",2019,"food_state_rnk",35.1877
"04021001701","tract",2019,"food_state_rnk",20.7775
"04021001702","tract",2019,"food_state_rnk",61.9303
"04021001703","tract",2019,"food_state_rnk",33.9142
"04021001704","tract",2019,"food_state_rnk",36.7292
"04021001705","tract",2019,"food_state_rnk",70.0402
"04021001706","tract",2019,"food_state_rnk",54.5576
"04021001707","tract",2019,"food_state_rnk",47.2855
"04021001708","tract",2019,"food_state_rnk",63.874
"04021001709","tract",2019,"food_state_rnk",68.6997
"04021001710","tract",2019,"food_state_rnk",69.7721
"04021001711","tract",2019,"food_state_rnk",45.878
"04021001900","tract",2019,"food_state_rnk",11.2601
"04021002001","tract",2019,"food_state_rnk",11.193
"04021002002","tract",2019,"food_state_rnk",NA
"04021002003","tract",2019,"food_state_rnk",3.3512
"04021002101","tract",2019,"food_state_rnk",18.5657
"04021002102","tract",2019,"food_state_rnk",55.3954
"04021002103","tract",2019,"food_state_rnk",33.378
"04021002200","tract",2019,"food_state_rnk",45.6434
"04021002300","tract",2019,"food_state_rnk",39.2761
"04021002400","tract",2019,"food_state_rnk",12.3324
"04021941200","tract",2019,"food_state_rnk",18.6997
"04021941300","tract",2019,"food_state_rnk",24.2627
"04021941400","tract",2019,"food_state_rnk",28.9879
"04023966000","tract",2019,"food_state_rnk",53.2842
"04023966101","tract",2019,"food_state_rnk",50.6032
"04023966103","tract",2019,"food_state_rnk",13.3378
"04023966104","tract",2019,"food_state_rnk",30.6971
"04023966105","tract",2019,"food_state_rnk",22.4531
"04023966200","tract",2019,"food_state_rnk",6.8365
"04023966301","tract",2019,"food_state_rnk",10.992
"04023966302","tract",2019,"food_state_rnk",5.0268
"04023966401","tract",2019,"food_state_rnk",0.2681
"04023966402","tract",2019,"food_state_rnk",6.0992
"04025000202","tract",2019,"food_state_rnk",43.8338
"04025000203","tract",2019,"food_state_rnk",77.882
"04025000204","tract",2019,"food_state_rnk",76.4745
"04025000300","tract",2019,"food_state_rnk",91.7895
"04025000401","tract",2019,"food_state_rnk",72.7212
"04025000402","tract",2019,"food_state_rnk",84.7855
"04025000500","tract",2019,"food_state_rnk",34.3834
"04025000604","tract",2019,"food_state_rnk",68.9678
"04025000605","tract",2019,"food_state_rnk",77.6139
"04025000606","tract",2019,"food_state_rnk",26.7426
"04025000607","tract",2019,"food_state_rnk",40.4155
"04025000608","tract",2019,"food_state_rnk",73.3244
"04025000609","tract",2019,"food_state_rnk",48.4584
"04025000610","tract",2019,"food_state_rnk",42.6944
"04025000700","tract",2019,"food_state_rnk",67.9625
"04025000801","tract",2019,"food_state_rnk",79.2895
"04025000802","tract",2019,"food_state_rnk",54.4571
"04025000900","tract",2019,"food_state_rnk",44.8391
"04025001001","tract",2019,"food_state_rnk",73.4249
"04025001002","tract",2019,"food_state_rnk",57.3727
"04025001101","tract",2019,"food_state_rnk",95.878
"04025001102","tract",2019,"food_state_rnk",48.9611
"04025001200","tract",2019,"food_state_rnk",95.6099
"04025001300","tract",2019,"food_state_rnk",84.685
"04025001401","tract",2019,"food_state_rnk",16.0858
"04025001402","tract",2019,"food_state_rnk",19.7721
"04025001403","tract",2019,"food_state_rnk",54.0214
"04025001500","tract",2019,"food_state_rnk",54.6247
"04025001601","tract",2019,"food_state_rnk",40.0804
"04025001602","tract",2019,"food_state_rnk",39.6113
"04025001603","tract",2019,"food_state_rnk",62.7346
"04025001701","tract",2019,"food_state_rnk",66.2534
"04025001702","tract",2019,"food_state_rnk",88.3378
"04025001703","tract",2019,"food_state_rnk",33.445
"04025001801","tract",2019,"food_state_rnk",53.5858
"04025001802","tract",2019,"food_state_rnk",87.5335
"04025001900","tract",2019,"food_state_rnk",83.7131
"04025002001","tract",2019,"food_state_rnk",74.8324
"04025002002","tract",2019,"food_state_rnk",47.4531
"04025002003","tract",2019,"food_state_rnk",61.5952
"04025002004","tract",2019,"food_state_rnk",63.4048
"04025002100","tract",2019,"food_state_rnk",37.9021
"04027000100","tract",2019,"food_state_rnk",24.0952
"04027000200","tract",2019,"food_state_rnk",8.7802
"04027000301","tract",2019,"food_state_rnk",1.2064
"04027000302","tract",2019,"food_state_rnk",2.2788
"04027000402","tract",2019,"food_state_rnk",9.3834
"04027000403","tract",2019,"food_state_rnk",12.1314
"04027000404","tract",2019,"food_state_rnk",9.7185
"04027000501","tract",2019,"food_state_rnk",58.311
"04027000502","tract",2019,"food_state_rnk",64.2091
"04027000600","tract",2019,"food_state_rnk",18.9678
"04027000700","tract",2019,"food_state_rnk",8.5791
"04027000800","tract",2019,"food_state_rnk",25.4692
"04027000901","tract",2019,"food_state_rnk",9.4504
"04027000902","tract",2019,"food_state_rnk",33.244
"04027000903","tract",2019,"food_state_rnk",61.059
"04027000905","tract",2019,"food_state_rnk",53.8874
"04027000907","tract",2019,"food_state_rnk",31.3003
"04027000908","tract",2019,"food_state_rnk",87.6005
"04027001001","tract",2019,"food_state_rnk",38.1367
"04027001003","tract",2019,"food_state_rnk",43.5992
"04027001004","tract",2019,"food_state_rnk",20.3083
"04027001100","tract",2019,"food_state_rnk",17.8284
"04027001200","tract",2019,"food_state_rnk",40.6166
"04027010905","tract",2019,"food_state_rnk",30.7641
"04027010907","tract",2019,"food_state_rnk",63.5389
"04027010910","tract",2019,"food_state_rnk",51.7091
"04027010911","tract",2019,"food_state_rnk",43.6997
"04027010913","tract",2019,"food_state_rnk",25.2011
"04027010914","tract",2019,"food_state_rnk",18.0965
"04027011000","tract",2019,"food_state_rnk",21.1796
"04027011104","tract",2019,"food_state_rnk",44.0349
"04027011106","tract",2019,"food_state_rnk",73.2239
"04027011107","tract",2019,"food_state_rnk",88.2373
"04027011108","tract",2019,"food_state_rnk",86.059
"04027011110","tract",2019,"food_state_rnk",55.2279
"04027011111","tract",2019,"food_state_rnk",36.8633
"04027011112","tract",2019,"food_state_rnk",92.7279
"04027011114","tract",2019,"food_state_rnk",75.4692
"04027011115","tract",2019,"food_state_rnk",71.7158
"04027011201","tract",2019,"food_state_rnk",30.0938
"04027011202","tract",2019,"food_state_rnk",48.0563
"04027011403","tract",2019,"food_state_rnk",7.1716
"04027011405","tract",2019,"food_state_rnk",17.0576
"04027011406","tract",2019,"food_state_rnk",8.8472
"04027011501","tract",2019,"food_state_rnk",3.0161
"04027011503","tract",2019,"food_state_rnk",9.2493
"04027011504","tract",2019,"food_state_rnk",23.7265
"04027011600","tract",2019,"food_state_rnk",1.3405
"04027011700","tract",2019,"food_state_rnk",49.5979
"04027011800","tract",2019,"food_state_rnk",52.681
"04027012100","tract",2019,"food_state_rnk",78.6193
"04027980003","tract",2019,"food_state_rnk",NA
"04027980004","tract",2019,"food_state_rnk",NA
"04027980005","tract",2019,"food_state_rnk",NA
"04027980006","tract",2019,"food_state_rnk",NA
