"geoid","geolevel","year","level","value"
"22001960100","tract",2019,"food_score",93.04
"22001960200","tract",2019,"food_score",117.45
"22001960300","tract",2019,"food_score",111.51
"22001960400","tract",2019,"food_score",105.06
"22001960500","tract",2019,"food_score",102.93
"22001960600","tract",2019,"food_score",94.75
"22001960700","tract",2019,"food_score",75.87
"22001960800","tract",2019,"food_score",81.17
"22001960900","tract",2019,"food_score",57.48
"22001961000","tract",2019,"food_score",67.72
"22001961100","tract",2019,"food_score",77.19
"22001961200","tract",2019,"food_score",94.38
"22003950100","tract",2019,"food_score",90.84
"22003950200","tract",2019,"food_score",NA
"22003950300","tract",2019,"food_score",67.36
"22003950400","tract",2019,"food_score",74.23
"22003950500","tract",2019,"food_score",104.68
"22005030101","tract",2019,"food_score",110.09
"22005030102","tract",2019,"food_score",103.05
"22005030103","tract",2019,"food_score",95.09
"22005030203","tract",2019,"food_score",117.84
"22005030204","tract",2019,"food_score",117.24
"22005030205","tract",2019,"food_score",113.91
"22005030206","tract",2019,"food_score",112.58
"22005030300","tract",2019,"food_score",127.66
"22005030401","tract",2019,"food_score",92.72
"22005030402","tract",2019,"food_score",101.21
"22005030500","tract",2019,"food_score",101.59
"22005030600","tract",2019,"food_score",79.15
"22005030900","tract",2019,"food_score",60.37
"22005031000","tract",2019,"food_score",92.23
"22007050100","tract",2019,"food_score",89.65
"22007050200","tract",2019,"food_score",107.38
"22007050300","tract",2019,"food_score",75.55
"22007050400","tract",2019,"food_score",99.86
"22007050500","tract",2019,"food_score",69.68
"22007050600","tract",2019,"food_score",94.04
"22009030100","tract",2019,"food_score",111.29
"22009030200","tract",2019,"food_score",91.24
"22009030300","tract",2019,"food_score",85.14
"22009030400","tract",2019,"food_score",87.98
"22009030500","tract",2019,"food_score",89.39
"22009030600","tract",2019,"food_score",85.15
"22009030700","tract",2019,"food_score",NA
"22009030800","tract",2019,"food_score",98.4
"22009030900","tract",2019,"food_score",65.07
"22011960100","tract",2019,"food_score",106.29
"22011960200","tract",2019,"food_score",112.94
"22011960300","tract",2019,"food_score",83.44
"22011960400","tract",2019,"food_score",94.24
"22011960500","tract",2019,"food_score",92.92
"22011960600","tract",2019,"food_score",104.54
"22011960700","tract",2019,"food_score",101.58
"22013970100","tract",2019,"food_score",72.68
"22013970200","tract",2019,"food_score",103.34
"22013970300","tract",2019,"food_score",65.39
"22013970400","tract",2019,"food_score",82.33
"22013970500","tract",2019,"food_score",86.22
"22015010400","tract",2019,"food_score",55.31
"22015010500","tract",2019,"food_score",77.65
"22015010601","tract",2019,"food_score",83.98
"22015010602","tract",2019,"food_score",66.86
"22015010701","tract",2019,"food_score",94.39
"22015010702","tract",2019,"food_score",89.52
"22015010801","tract",2019,"food_score",69.98
"22015010804","tract",2019,"food_score",113.82
"22015010805","tract",2019,"food_score",109.54
"22015010806","tract",2019,"food_score",104.31
"22015010900","tract",2019,"food_score",NA
"22015011001","tract",2019,"food_score",99.9
"22015011002","tract",2019,"food_score",115.59
"22015011103","tract",2019,"food_score",112.71
"22015011105","tract",2019,"food_score",109.29
"22015011106","tract",2019,"food_score",85.21
"22015011107","tract",2019,"food_score",90.28
"22015011108","tract",2019,"food_score",124.71
"22015011109","tract",2019,"food_score",117.74
"22015011110","tract",2019,"food_score",120.66
"22015011200","tract",2019,"food_score",103.15
"22015011300","tract",2019,"food_score",29.64
"22017020500","tract",2019,"food_score",52.63
"22017020600","tract",2019,"food_score",38.66
"22017020700","tract",2019,"food_score",61.52
"22017021000","tract",2019,"food_score",63.94
"22017021100","tract",2019,"food_score",61.44
"22017021200","tract",2019,"food_score",70.24
"22017021300","tract",2019,"food_score",47.97
"22017021400","tract",2019,"food_score",112.69
"22017021500","tract",2019,"food_score",118.45
"22017021600","tract",2019,"food_score",104.11
"22017021700","tract",2019,"food_score",36.21
"22017021800","tract",2019,"food_score",67.63
"22017021900","tract",2019,"food_score",79.64
"22017022000","tract",2019,"food_score",75.03
"22017022100","tract",2019,"food_score",81.01
"22017022200","tract",2019,"food_score",64.49
"22017022300","tract",2019,"food_score",49.64
"22017022400","tract",2019,"food_score",42.14
"22017022500","tract",2019,"food_score",64.12
"22017022600","tract",2019,"food_score",113.54
"22017022700","tract",2019,"food_score",112.92
"22017022800","tract",2019,"food_score",114.79
"22017022900","tract",2019,"food_score",91.85
"22017023000","tract",2019,"food_score",107.23
"22017023100","tract",2019,"food_score",114.56
"22017023200","tract",2019,"food_score",61.58
"22017023300","tract",2019,"food_score",40.49
"22017023400","tract",2019,"food_score",54.08
"22017023500","tract",2019,"food_score",53.91
"22017023600","tract",2019,"food_score",60.54
"22017023700","tract",2019,"food_score",60.69
"22017023800","tract",2019,"food_score",75.5
"22017023901","tract",2019,"food_score",117.01
"22017023903","tract",2019,"food_score",85.24
"22017023904","tract",2019,"food_score",108.67
"22017023905","tract",2019,"food_score",105.91
"22017024000","tract",2019,"food_score",129.56
"22017024102","tract",2019,"food_score",100.43
"22017024104","tract",2019,"food_score",91.44
"22017024106","tract",2019,"food_score",105.29
"22017024107","tract",2019,"food_score",102.12
"22017024108","tract",2019,"food_score",104.56
"22017024109","tract",2019,"food_score",97.71
"22017024201","tract",2019,"food_score",89.46
"22017024202","tract",2019,"food_score",98.27
"22017024203","tract",2019,"food_score",93.74
"22017024301","tract",2019,"food_score",99.36
"22017024303","tract",2019,"food_score",73.78
"22017024304","tract",2019,"food_score",105.7
"22017024400","tract",2019,"food_score",101.4
"22017024503","tract",2019,"food_score",79.25
"22017024504","tract",2019,"food_score",101.56
"22017024601","tract",2019,"food_score",32.91
"22017024602","tract",2019,"food_score",57.84
"22017024700","tract",2019,"food_score",103.6
"22017024800","tract",2019,"food_score",104.09
"22017024900","tract",2019,"food_score",81.71
"22017025000","tract",2019,"food_score",81.18
"22017025100","tract",2019,"food_score",81.76
"22017025200","tract",2019,"food_score",22.35
"22017025300","tract",2019,"food_score",NA
"22017025405","tract",2019,"food_score",110.79
"22017025406","tract",2019,"food_score",110.79
"22017980000","tract",2019,"food_score",NA
"22019000100","tract",2019,"food_score",90.09
"22019000200","tract",2019,"food_score",54.27
"22019000300","tract",2019,"food_score",39.69
"22019000400","tract",2019,"food_score",72.68
"22019000500","tract",2019,"food_score",115.91
"22019000600","tract",2019,"food_score",59.86
"22019000700","tract",2019,"food_score",68.75
"22019000800","tract",2019,"food_score",78.4
"22019000900","tract",2019,"food_score",97.5
"22019001000","tract",2019,"food_score",106.67
"22019001100","tract",2019,"food_score",89
"22019001201","tract",2019,"food_score",98.74
"22019001202","tract",2019,"food_score",57.25
"22019001300","tract",2019,"food_score",102.53
"22019001400","tract",2019,"food_score",57.74
"22019001500","tract",2019,"food_score",60.06
"22019001600","tract",2019,"food_score",61.33
"22019001700","tract",2019,"food_score",100.18
"22019001801","tract",2019,"food_score",121.88
"22019001901","tract",2019,"food_score",121.11
"22019001903","tract",2019,"food_score",116.67
"22019001904","tract",2019,"food_score",121.36
"22019002000","tract",2019,"food_score",115
"22019002100","tract",2019,"food_score",67.99
"22019002201","tract",2019,"food_score",110.12
"22019002203","tract",2019,"food_score",105.66
"22019002204","tract",2019,"food_score",121
"22019002300","tract",2019,"food_score",113.91
"22019002400","tract",2019,"food_score",81.47
"22019002500","tract",2019,"food_score",98.96
"22019002600","tract",2019,"food_score",104.8
"22019002700","tract",2019,"food_score",93.88
"22019002800","tract",2019,"food_score",77.31
"22019002900","tract",2019,"food_score",99.12
"22019003000","tract",2019,"food_score",108.78
"22019003101","tract",2019,"food_score",110.66
"22019003102","tract",2019,"food_score",106.62
"22019003200","tract",2019,"food_score",108.4
"22019003300","tract",2019,"food_score",111.8
"22019003400","tract",2019,"food_score",110.2
"22019003500","tract",2019,"food_score",97.45
"22019003600","tract",2019,"food_score",113.85
"22019980000","tract",2019,"food_score",NA
"22019980100","tract",2019,"food_score",NA
"22021000100","tract",2019,"food_score",94.27
"22021000200","tract",2019,"food_score",99.08
"22021000300","tract",2019,"food_score",86.88
"22023970100","tract",2019,"food_score",100.31
"22023970201","tract",2019,"food_score",114.96
"22023990000","tract",2019,"food_score",NA
"22025000100","tract",2019,"food_score",96.98
"22025000200","tract",2019,"food_score",74.57
"22025000300","tract",2019,"food_score",115.31
"22027950100","tract",2019,"food_score",81.4
"22027950200","tract",2019,"food_score",NA
"22027950300","tract",2019,"food_score",56.2
"22027950400","tract",2019,"food_score",49.63
"22027950500","tract",2019,"food_score",99.4
"22029000100","tract",2019,"food_score",93.35
"22029000200","tract",2019,"food_score",82.48
"22029000300","tract",2019,"food_score",80.99
"22029000400","tract",2019,"food_score",103.34
"22029000500","tract",2019,"food_score",NA
"22031950100","tract",2019,"food_score",101.55
"22031950200","tract",2019,"food_score",89.17
"22031950300","tract",2019,"food_score",76.8
"22031950400","tract",2019,"food_score",59.15
"22031950500","tract",2019,"food_score",70.6
"22031950600","tract",2019,"food_score",45.95
"22031950700","tract",2019,"food_score",96.04
"22033000100","tract",2019,"food_score",36.85
"22033000200","tract",2019,"food_score",43.82
"22033000300","tract",2019,"food_score",49.4
"22033000400","tract",2019,"food_score",55.45
"22033000500","tract",2019,"food_score",56.09
"22033000601","tract",2019,"food_score",54.7
"22033000602","tract",2019,"food_score",49.72
"22033000701","tract",2019,"food_score",48.9
"22033000702","tract",2019,"food_score",63.77
"22033000900","tract",2019,"food_score",57.05
"22033001000","tract",2019,"food_score",49.17
"22033001102","tract",2019,"food_score",50.64
"22033001103","tract",2019,"food_score",58.22
"22033001104","tract",2019,"food_score",38.75
"22033001600","tract",2019,"food_score",89.91
"22033001700","tract",2019,"food_score",105.04
"22033001800","tract",2019,"food_score",92.3
"22033001900","tract",2019,"food_score",114.14
"22033002000","tract",2019,"food_score",115.58
"22033002200","tract",2019,"food_score",53.59
"22033002300","tract",2019,"food_score",122.14
"22033002400","tract",2019,"food_score",59.85
"22033002500","tract",2019,"food_score",73.11
"22033002601","tract",2019,"food_score",110.53
"22033002602","tract",2019,"food_score",94.76
"22033002700","tract",2019,"food_score",95.41
"22033002801","tract",2019,"food_score",NA
"22033002802","tract",2019,"food_score",NA
"22033003000","tract",2019,"food_score",NA
"22033003101","tract",2019,"food_score",53.16
"22033003103","tract",2019,"food_score",44.91
"22033003201","tract",2019,"food_score",74.89
"22033003202","tract",2019,"food_score",84.91
"22033003300","tract",2019,"food_score",65.25
"22033003400","tract",2019,"food_score",60.43
"22033003501","tract",2019,"food_score",88.6
"22033003504","tract",2019,"food_score",68.15
"22033003505","tract",2019,"food_score",65.23
"22033003506","tract",2019,"food_score",99.76
"22033003507","tract",2019,"food_score",103.42
"22033003601","tract",2019,"food_score",97.26
"22033003603","tract",2019,"food_score",45.74
"22033003604","tract",2019,"food_score",85.85
"22033003701","tract",2019,"food_score",105.34
"22033003702","tract",2019,"food_score",80.33
"22033003703","tract",2019,"food_score",110.86
"22033003801","tract",2019,"food_score",118.59
"22033003802","tract",2019,"food_score",120.36
"22033003804","tract",2019,"food_score",118.1
"22033003805","tract",2019,"food_score",113.45
"22033003904","tract",2019,"food_score",76.52
"22033003906","tract",2019,"food_score",117.9
"22033003907","tract",2019,"food_score",111.35
"22033003908","tract",2019,"food_score",117.38
"22033003909","tract",2019,"food_score",86.8
"22033003910","tract",2019,"food_score",71.07
"22033004005","tract",2019,"food_score",110.85
"22033004006","tract",2019,"food_score",119.65
"22033004009","tract",2019,"food_score",118.54
"22033004010","tract",2019,"food_score",115.08
"22033004011","tract",2019,"food_score",79.29
"22033004013","tract",2019,"food_score",69.86
"22033004014","tract",2019,"food_score",106.51
"22033004015","tract",2019,"food_score",90.3
"22033004016","tract",2019,"food_score",127.38
"22033004201","tract",2019,"food_score",90.4
"22033004203","tract",2019,"food_score",105.17
"22033004204","tract",2019,"food_score",57.53
"22033004205","tract",2019,"food_score",104.94
"22033004301","tract",2019,"food_score",116.19
"22033004302","tract",2019,"food_score",108.46
"22033004401","tract",2019,"food_score",116.02
"22033004402","tract",2019,"food_score",109.42
"22033004403","tract",2019,"food_score",112.11
"22033004503","tract",2019,"food_score",110.5
"22033004504","tract",2019,"food_score",105.96
"22033004505","tract",2019,"food_score",102.91
"22033004507","tract",2019,"food_score",104.62
"22033004508","tract",2019,"food_score",123.79
"22033004509","tract",2019,"food_score",90.23
"22033004510","tract",2019,"food_score",120.64
"22033004602","tract",2019,"food_score",100.14
"22033004603","tract",2019,"food_score",112.27
"22033004604","tract",2019,"food_score",113.18
"22033004700","tract",2019,"food_score",112.93
"22033004800","tract",2019,"food_score",117.8
"22033004900","tract",2019,"food_score",116.56
"22033005000","tract",2019,"food_score",103.02
"22033005100","tract",2019,"food_score",62.02
"22033005200","tract",2019,"food_score",57.74
"22033005300","tract",2019,"food_score",64.06
"22033980000","tract",2019,"food_score",NA
"22035000100","tract",2019,"food_score",81.58
"22035000200","tract",2019,"food_score",NA
"22035000300","tract",2019,"food_score",35.26
"22037951300","tract",2019,"food_score",100.55
"22037951400","tract",2019,"food_score",72.39
"22037951501","tract",2019,"food_score",113.96
"22037951502","tract",2019,"food_score",NA
"22037951600","tract",2019,"food_score",100.08
"22039950100","tract",2019,"food_score",96.08
"22039950200","tract",2019,"food_score",100.6
"22039950300","tract",2019,"food_score",90.69
"22039950400","tract",2019,"food_score",78.61
"22039950500","tract",2019,"food_score",63.94
"22039950600","tract",2019,"food_score",58.31
"22039950700","tract",2019,"food_score",96.1
"22039950800","tract",2019,"food_score",92.72
"22041950100","tract",2019,"food_score",93.68
"22041950200","tract",2019,"food_score",83.91
"22041950300","tract",2019,"food_score",47.67
"22041950400","tract",2019,"food_score",116.21
"22041950500","tract",2019,"food_score",94.73
"22041950600","tract",2019,"food_score",72.18
"22043020100","tract",2019,"food_score",83.93
"22043020200","tract",2019,"food_score",67.93
"22043020300","tract",2019,"food_score",54.14
"22043020401","tract",2019,"food_score",92.12
"22043020402","tract",2019,"food_score",NA
"22045030100","tract",2019,"food_score",92.57
"22045030200","tract",2019,"food_score",99.41
"22045030301","tract",2019,"food_score",83.45
"22045030302","tract",2019,"food_score",98.61
"22045030400","tract",2019,"food_score",61.92
"22045030500","tract",2019,"food_score",85.22
"22045030600","tract",2019,"food_score",110.2
"22045030700","tract",2019,"food_score",99.71
"22045030800","tract",2019,"food_score",39
"22045030900","tract",2019,"food_score",36.71
"22045031000","tract",2019,"food_score",69.47
"22045031100","tract",2019,"food_score",71.12
"22045031200","tract",2019,"food_score",89.99
"22045031300","tract",2019,"food_score",91.71
"22045031600","tract",2019,"food_score",68.08
"22045990000","tract",2019,"food_score",NA
"22047952600","tract",2019,"food_score",78.63
"22047952700","tract",2019,"food_score",92.45
"22047952900","tract",2019,"food_score",86.1
"22047953000","tract",2019,"food_score",81.89
"22047953101","tract",2019,"food_score",84.09
"22047953102","tract",2019,"food_score",70.76
"22047953200","tract",2019,"food_score",NA
"22049970100","tract",2019,"food_score",88.76
"22049970200","tract",2019,"food_score",96.45
"22049970300","tract",2019,"food_score",98.22
"22049970400","tract",2019,"food_score",51.97
"22049970500","tract",2019,"food_score",87.18
"22051020101","tract",2019,"food_score",106.9
"22051020102","tract",2019,"food_score",122.12
"22051020201","tract",2019,"food_score",100.83
"22051020202","tract",2019,"food_score",92.43
"22051020203","tract",2019,"food_score",120.11
"22051020301","tract",2019,"food_score",115.86
"22051020302","tract",2019,"food_score",93.63
"22051020303","tract",2019,"food_score",115.44
"22051020400","tract",2019,"food_score",122.01
"22051020502","tract",2019,"food_score",102.95
"22051020505","tract",2019,"food_score",67.4
"22051020506","tract",2019,"food_score",94.62
"22051020507","tract",2019,"food_score",102.5
"22051020508","tract",2019,"food_score",94.91
"22051020511","tract",2019,"food_score",95.75
"22051020512","tract",2019,"food_score",101.97
"22051020513","tract",2019,"food_score",91.55
"22051020514","tract",2019,"food_score",120.11
"22051020515","tract",2019,"food_score",113.7
"22051020516","tract",2019,"food_score",92.71
"22051020517","tract",2019,"food_score",119.21
"22051020600","tract",2019,"food_score",59.8
"22051020700","tract",2019,"food_score",80.84
"22051021000","tract",2019,"food_score",106.9
"22051021100","tract",2019,"food_score",100.48
"22051021200","tract",2019,"food_score",94.03
"22051021300","tract",2019,"food_score",108.12
"22051021400","tract",2019,"food_score",110.24
"22051021500","tract",2019,"food_score",81.49
"22051021600","tract",2019,"food_score",101.62
"22051021700","tract",2019,"food_score",82.27
"22051021801","tract",2019,"food_score",95.08
"22051021803","tract",2019,"food_score",85.87
"22051021804","tract",2019,"food_score",75.05
"22051021900","tract",2019,"food_score",89.95
"22051022001","tract",2019,"food_score",96.17
"22051022002","tract",2019,"food_score",119.13
"22051022101","tract",2019,"food_score",100.39
"22051022102","tract",2019,"food_score",108.21
"22051022200","tract",2019,"food_score",106.76
"22051022301","tract",2019,"food_score",103.07
"22051022302","tract",2019,"food_score",103.49
"22051022303","tract",2019,"food_score",87.53
"22051022400","tract",2019,"food_score",103.42
"22051022500","tract",2019,"food_score",112.73
"22051022600","tract",2019,"food_score",117.87
"22051022700","tract",2019,"food_score",118.43
"22051022800","tract",2019,"food_score",110.54
"22051022900","tract",2019,"food_score",113.65
"22051023001","tract",2019,"food_score",120.02
"22051023002","tract",2019,"food_score",110.91
"22051023003","tract",2019,"food_score",120.57
"22051023100","tract",2019,"food_score",111
"22051023200","tract",2019,"food_score",121.55
"22051023300","tract",2019,"food_score",107.45
"22051023400","tract",2019,"food_score",95.93
"22051023500","tract",2019,"food_score",119.62
"22051023600","tract",2019,"food_score",109.75
"22051023700","tract",2019,"food_score",99.19
"22051023800","tract",2019,"food_score",100.85
"22051023901","tract",2019,"food_score",109.9
"22051023902","tract",2019,"food_score",111.1
"22051023903","tract",2019,"food_score",117.26
"22051023904","tract",2019,"food_score",117.97
"22051024001","tract",2019,"food_score",112.36
"22051024002","tract",2019,"food_score",109.92
"22051024100","tract",2019,"food_score",98.26
"22051024201","tract",2019,"food_score",114.17
"22051024202","tract",2019,"food_score",112.14
"22051024300","tract",2019,"food_score",106.12
"22051024400","tract",2019,"food_score",97.82
"22051024500","tract",2019,"food_score",109.07
"22051024600","tract",2019,"food_score",87.6
"22051024700","tract",2019,"food_score",91.99
"22051024800","tract",2019,"food_score",120.41
"22051024900","tract",2019,"food_score",92.52
"22051025001","tract",2019,"food_score",84.77
"22051025002","tract",2019,"food_score",76.88
"22051025003","tract",2019,"food_score",97.7
"22051025102","tract",2019,"food_score",121.33
"22051025103","tract",2019,"food_score",101.59
"22051025104","tract",2019,"food_score",102.22
"22051025201","tract",2019,"food_score",55.36
"22051025202","tract",2019,"food_score",81.42
"22051025300","tract",2019,"food_score",100.41
"22051025400","tract",2019,"food_score",85.17
"22051025500","tract",2019,"food_score",76.3
"22051025600","tract",2019,"food_score",88.55
"22051025700","tract",2019,"food_score",93
"22051025800","tract",2019,"food_score",86.88
"22051025900","tract",2019,"food_score",95.55
"22051026000","tract",2019,"food_score",96.2
"22051026100","tract",2019,"food_score",84.68
"22051026200","tract",2019,"food_score",66.92
"22051026300","tract",2019,"food_score",87.89
"22051026400","tract",2019,"food_score",88.62
"22051026500","tract",2019,"food_score",107.03
"22051026600","tract",2019,"food_score",82.14
"22051026700","tract",2019,"food_score",63.36
"22051026800","tract",2019,"food_score",60.57
"22051026900","tract",2019,"food_score",57.37
"22051027000","tract",2019,"food_score",83.92
"22051027100","tract",2019,"food_score",91.12
"22051027200","tract",2019,"food_score",73.38
"22051027501","tract",2019,"food_score",85.11
"22051027502","tract",2019,"food_score",69.81
"22051027601","tract",2019,"food_score",86.3
"22051027602","tract",2019,"food_score",82.28
"22051027701","tract",2019,"food_score",71.97
"22051027703","tract",2019,"food_score",77.14
"22051027803","tract",2019,"food_score",76.09
"22051027804","tract",2019,"food_score",99.92
"22051027805","tract",2019,"food_score",115.52
"22051027806","tract",2019,"food_score",107.54
"22051027807","tract",2019,"food_score",110.25
"22051027809","tract",2019,"food_score",87.15
"22051027810","tract",2019,"food_score",96.2
"22051027811","tract",2019,"food_score",83.4
"22051027812","tract",2019,"food_score",102.35
"22051027901","tract",2019,"food_score",104.71
"22051027902","tract",2019,"food_score",107.83
"22051028000","tract",2019,"food_score",115.03
"22051028100","tract",2019,"food_score",70.89
"22051028200","tract",2019,"food_score",74.43
"22051980000","tract",2019,"food_score",NA
"22051990000","tract",2019,"food_score",NA
"22051990100","tract",2019,"food_score",NA
"22053000100","tract",2019,"food_score",108.77
"22053000200","tract",2019,"food_score",106.39
"22053000300","tract",2019,"food_score",96.65
"22053000400","tract",2019,"food_score",82.33
"22053000500","tract",2019,"food_score",97.66
"22053000600","tract",2019,"food_score",60.35
"22053000700","tract",2019,"food_score",84.18
"22055000100","tract",2019,"food_score",NA
"22055000200","tract",2019,"food_score",83.55
"22055000500","tract",2019,"food_score",117.55
"22055000602","tract",2019,"food_score",101.3
"22055000603","tract",2019,"food_score",100.4
"22055000604","tract",2019,"food_score",113.58
"22055000700","tract",2019,"food_score",63.5
"22055000800","tract",2019,"food_score",53.56
"22055000900","tract",2019,"food_score",59.28
"22055001001","tract",2019,"food_score",76.61
"22055001002","tract",2019,"food_score",91.98
"22055001003","tract",2019,"food_score",92.64
"22055001100","tract",2019,"food_score",57.58
"22055001200","tract",2019,"food_score",79.81
"22055001300","tract",2019,"food_score",87.37
"22055001401","tract",2019,"food_score",123.93
"22055001402","tract",2019,"food_score",124.32
"22055001403","tract",2019,"food_score",115.73
"22055001404","tract",2019,"food_score",124.04
"22055001405","tract",2019,"food_score",105.79
"22055001406","tract",2019,"food_score",107.36
"22055001407","tract",2019,"food_score",123.24
"22055001409","tract",2019,"food_score",117.46
"22055001410","tract",2019,"food_score",113.97
"22055001411","tract",2019,"food_score",100.48
"22055001500","tract",2019,"food_score",107.31
"22055001600","tract",2019,"food_score",116.9
"22055001700","tract",2019,"food_score",110.57
"22055001801","tract",2019,"food_score",94.37
"22055001802","tract",2019,"food_score",96.7
"22055001901","tract",2019,"food_score",110.29
"22055001902","tract",2019,"food_score",109.66
"22055001903","tract",2019,"food_score",87.31
"22055001904","tract",2019,"food_score",108.89
"22055001905","tract",2019,"food_score",110.97
"22055002001","tract",2019,"food_score",91.38
"22055002002","tract",2019,"food_score",114.14
"22055002101","tract",2019,"food_score",100.74
"22055002102","tract",2019,"food_score",107.03
"22055002103","tract",2019,"food_score",92.55
"22055002104","tract",2019,"food_score",112.16
"22055002200","tract",2019,"food_score",NA
"22055980000","tract",2019,"food_score",NA
"22057020100","tract",2019,"food_score",89.55
"22057020202","tract",2019,"food_score",112.34
"22057020400","tract",2019,"food_score",59.62
"22057020500","tract",2019,"food_score",96.15
"22057020600","tract",2019,"food_score",116.4
"22057020702","tract",2019,"food_score",98.82
"22057020703","tract",2019,"food_score",109.55
"22057020704","tract",2019,"food_score",100.01
"22057020800","tract",2019,"food_score",101.57
"22057020900","tract",2019,"food_score",69.64
"22057021000","tract",2019,"food_score",99.19
"22057021100","tract",2019,"food_score",110.47
"22057021200","tract",2019,"food_score",95.18
"22057021300","tract",2019,"food_score",80.9
"22057021400","tract",2019,"food_score",103.69
"22057021500","tract",2019,"food_score",98.31
"22057021601","tract",2019,"food_score",106.32
"22057021602","tract",2019,"food_score",113.44
"22057021700","tract",2019,"food_score",95.93
"22057021800","tract",2019,"food_score",81.47
"22057021901","tract",2019,"food_score",113.24
"22057021902","tract",2019,"food_score",87.67
"22057022000","tract",2019,"food_score",NA
"22057990000","tract",2019,"food_score",NA
"22059970100","tract",2019,"food_score",95.57
"22059970200","tract",2019,"food_score",90.26
"22059970300","tract",2019,"food_score",100.99
"22061960100","tract",2019,"food_score",111.16
"22061960200","tract",2019,"food_score",98.71
"22061960300","tract",2019,"food_score",53.66
"22061960400","tract",2019,"food_score",99.68
"22061960500","tract",2019,"food_score",105.11
"22061960600","tract",2019,"food_score",83.56
"22061960700","tract",2019,"food_score",109.68
"22061960800","tract",2019,"food_score",57.37
"22061960900","tract",2019,"food_score",38.64
"22061961000","tract",2019,"food_score",85.14
"22063040100","tract",2019,"food_score",103.61
"22063040201","tract",2019,"food_score",113.96
"22063040202","tract",2019,"food_score",102.74
"22063040301","tract",2019,"food_score",104.99
"22063040303","tract",2019,"food_score",111.99
"22063040304","tract",2019,"food_score",103.86
"22063040401","tract",2019,"food_score",90.09
"22063040402","tract",2019,"food_score",105.29
"22063040500","tract",2019,"food_score",102.76
"22063040600","tract",2019,"food_score",106.03
"22063040700","tract",2019,"food_score",86.75
"22063040802","tract",2019,"food_score",106.76
"22063040804","tract",2019,"food_score",108.95
"22063040805","tract",2019,"food_score",109.5
"22063040806","tract",2019,"food_score",109.86
"22063040901","tract",2019,"food_score",92.95
"22063040902","tract",2019,"food_score",93.68
"22065960100","tract",2019,"food_score",98.51
"22065960200","tract",2019,"food_score",NA
"22065960300","tract",2019,"food_score",50.35
"22065960400","tract",2019,"food_score",32.81
"22065960500","tract",2019,"food_score",63.61
"22067950100","tract",2019,"food_score",101.51
"22067950200","tract",2019,"food_score",102.89
"22067950300","tract",2019,"food_score",114.64
"22067950400","tract",2019,"food_score",47.78
"22067950500","tract",2019,"food_score",59.52
"22067950600","tract",2019,"food_score",87.16
"22067950700","tract",2019,"food_score",89.21
"22067950800","tract",2019,"food_score",65.46
"22069000100","tract",2019,"food_score",80.98
"22069000200","tract",2019,"food_score",64.42
"22069000300","tract",2019,"food_score",95.56
"22069000400","tract",2019,"food_score",40.93
"22069000500","tract",2019,"food_score",100.78
"22069000600","tract",2019,"food_score",55.33
"22069000700","tract",2019,"food_score",41.87
"22069000800","tract",2019,"food_score",93.6
"22069000900","tract",2019,"food_score",80.71
"22071000100","tract",2019,"food_score",116.14
"22071000200","tract",2019,"food_score",90.38
"22071000300","tract",2019,"food_score",81.84
"22071000400","tract",2019,"food_score",97.89
"22071000601","tract",2019,"food_score",22.22
"22071000602","tract",2019,"food_score",89.88
"22071000603","tract",2019,"food_score",54.92
"22071000604","tract",2019,"food_score",69.47
"22071000605","tract",2019,"food_score",105.23
"22071000606","tract",2019,"food_score",97.58
"22071000607","tract",2019,"food_score",107.64
"22071000611","tract",2019,"food_score",82.16
"22071000612","tract",2019,"food_score",103.63
"22071000613","tract",2019,"food_score",66.87
"22071000615","tract",2019,"food_score",88.59
"22071000616","tract",2019,"food_score",98.14
"22071000617","tract",2019,"food_score",91.45
"22071000618","tract",2019,"food_score",102.93
"22071000701","tract",2019,"food_score",59.6
"22071000702","tract",2019,"food_score",60.4
"22071000800","tract",2019,"food_score",79.46
"22071000901","tract",2019,"food_score",84.5
"22071000902","tract",2019,"food_score",58.93
"22071000903","tract",2019,"food_score",40.42
"22071000904","tract",2019,"food_score",64.54
"22071001100","tract",2019,"food_score",84.38
"22071001200","tract",2019,"food_score",112.85
"22071001301","tract",2019,"food_score",83.11
"22071001302","tract",2019,"food_score",81.71
"22071001401","tract",2019,"food_score",60.91
"22071001402","tract",2019,"food_score",86.52
"22071001500","tract",2019,"food_score",66.25
"22071001600","tract",2019,"food_score",NA
"22071001701","tract",2019,"food_score",76.69
"22071001702","tract",2019,"food_score",95.56
"22071001720","tract",2019,"food_score",47.86
"22071001722","tract",2019,"food_score",60.96
"22071001723","tract",2019,"food_score",90.05
"22071001724","tract",2019,"food_score",80.48
"22071001725","tract",2019,"food_score",70.22
"22071001730","tract",2019,"food_score",81.8
"22071001734","tract",2019,"food_score",107.9
"22071001735","tract",2019,"food_score",63.49
"22071001736","tract",2019,"food_score",67.18
"22071001737","tract",2019,"food_score",61.79
"22071001739","tract",2019,"food_score",74.75
"22071001740","tract",2019,"food_score",83.37
"22071001741","tract",2019,"food_score",93.68
"22071001743","tract",2019,"food_score",67.31
"22071001744","tract",2019,"food_score",60.95
"22071001745","tract",2019,"food_score",66.33
"22071001746","tract",2019,"food_score",74.89
"22071001747","tract",2019,"food_score",120.67
"22071001748","tract",2019,"food_score",85.93
"22071001749","tract",2019,"food_score",79.62
"22071001750","tract",2019,"food_score",64.44
"22071001751","tract",2019,"food_score",32.3
"22071001800","tract",2019,"food_score",114.44
"22071001900","tract",2019,"food_score",56.81
"22071002000","tract",2019,"food_score",66.98
"22071002100","tract",2019,"food_score",57.14
"22071002200","tract",2019,"food_score",41.46
"22071002300","tract",2019,"food_score",61.15
"22071002401","tract",2019,"food_score",91.24
"22071002402","tract",2019,"food_score",74.88
"22071002501","tract",2019,"food_score",79.65
"22071002502","tract",2019,"food_score",98.17
"22071002503","tract",2019,"food_score",100.28
"22071002504","tract",2019,"food_score",90.19
"22071002600","tract",2019,"food_score",96.16
"22071002700","tract",2019,"food_score",84.93
"22071002800","tract",2019,"food_score",37.19
"22071002900","tract",2019,"food_score",67.45
"22071003000","tract",2019,"food_score",71.36
"22071003100","tract",2019,"food_score",45.55
"22071003301","tract",2019,"food_score",110.58
"22071003302","tract",2019,"food_score",100.45
"22071003303","tract",2019,"food_score",78.69
"22071003304","tract",2019,"food_score",74.9
"22071003307","tract",2019,"food_score",74.37
"22071003308","tract",2019,"food_score",81.38
"22071003400","tract",2019,"food_score",72.98
"22071003500","tract",2019,"food_score",56.12
"22071003600","tract",2019,"food_score",55.72
"22071003701","tract",2019,"food_score",95.71
"22071003702","tract",2019,"food_score",98.79
"22071003800","tract",2019,"food_score",114.9
"22071003900","tract",2019,"food_score",94.84
"22071004000","tract",2019,"food_score",76.01
"22071004100","tract",2019,"food_score",115.12
"22071004401","tract",2019,"food_score",65.07
"22071004402","tract",2019,"food_score",44.11
"22071004500","tract",2019,"food_score",100.3
"22071004600","tract",2019,"food_score",108.98
"22071004800","tract",2019,"food_score",43.87
"22071004900","tract",2019,"food_score",57.88
"22071005000","tract",2019,"food_score",85.42
"22071005400","tract",2019,"food_score",101.85
"22071005500","tract",2019,"food_score",120.06
"22071005601","tract",2019,"food_score",114.21
"22071005602","tract",2019,"food_score",124.41
"22071005603","tract",2019,"food_score",119.22
"22071005604","tract",2019,"food_score",119.9
"22071006000","tract",2019,"food_score",NA
"22071006300","tract",2019,"food_score",98.11
"22071006400","tract",2019,"food_score",110.86
"22071006500","tract",2019,"food_score",78.54
"22071006900","tract",2019,"food_score",63.77
"22071007000","tract",2019,"food_score",NA
"22071007101","tract",2019,"food_score",NA
"22071007200","tract",2019,"food_score",63.86
"22071007501","tract",2019,"food_score",57.48
"22071007502","tract",2019,"food_score",60.78
"22071007604","tract",2019,"food_score",121.22
"22071007605","tract",2019,"food_score",57.83
"22071007606","tract",2019,"food_score",108.75
"22071007700","tract",2019,"food_score",119.08
"22071007800","tract",2019,"food_score",106.05
"22071008200","tract",2019,"food_score",116.83
"22071008300","tract",2019,"food_score",118.3
"22071008400","tract",2019,"food_score",98.2
"22071008500","tract",2019,"food_score",80.4
"22071008600","tract",2019,"food_score",82.86
"22071008800","tract",2019,"food_score",113.53
"22071009000","tract",2019,"food_score",120.27
"22071009100","tract",2019,"food_score",97.39
"22071009200","tract",2019,"food_score",58.06
"22071009400","tract",2019,"food_score",54.04
"22071009600","tract",2019,"food_score",101.74
"22071009700","tract",2019,"food_score",118.62
"22071009900","tract",2019,"food_score",119.94
"22071010000","tract",2019,"food_score",77.08
"22071010100","tract",2019,"food_score",113.84
"22071010200","tract",2019,"food_score",83.84
"22071010300","tract",2019,"food_score",81.37
"22071010600","tract",2019,"food_score",114.76
"22071010700","tract",2019,"food_score",117.61
"22071010800","tract",2019,"food_score",117.76
"22071010900","tract",2019,"food_score",114.19
"22071011100","tract",2019,"food_score",106.18
"22071011200","tract",2019,"food_score",110.69
"22071011400","tract",2019,"food_score",119.47
"22071011500","tract",2019,"food_score",118.17
"22071011600","tract",2019,"food_score",117
"22071011700","tract",2019,"food_score",122.45
"22071011900","tract",2019,"food_score",119.7
"22071012000","tract",2019,"food_score",119.78
"22071012101","tract",2019,"food_score",120.68
"22071012102","tract",2019,"food_score",NA
"22071012200","tract",2019,"food_score",117.52
"22071012300","tract",2019,"food_score",93.46
"22071012400","tract",2019,"food_score",88.51
"22071012500","tract",2019,"food_score",109.1
"22071012600","tract",2019,"food_score",117.77
"22071012700","tract",2019,"food_score",116.43
"22071012800","tract",2019,"food_score",113.95
"22071012900","tract",2019,"food_score",98.91
"22071013000","tract",2019,"food_score",97.04
"22071013100","tract",2019,"food_score",84.98
"22071013200","tract",2019,"food_score",100.45
"22071013301","tract",2019,"food_score",125.82
"22071013302","tract",2019,"food_score",117.25
"22071013400","tract",2019,"food_score",110.71
"22071013500","tract",2019,"food_score",119.25
"22071013600","tract",2019,"food_score",100.09
"22071013700","tract",2019,"food_score",40.22
"22071013800","tract",2019,"food_score",76.39
"22071013900","tract",2019,"food_score",88.8
"22071014000","tract",2019,"food_score",55.4
"22071014100","tract",2019,"food_score",48.68
"22071014200","tract",2019,"food_score",116.26
"22071014300","tract",2019,"food_score",53.27
"22071014400","tract",2019,"food_score",105.87
"22071014500","tract",2019,"food_score",NA
"22071980000","tract",2019,"food_score",NA
"22071980100","tract",2019,"food_score",NA
"22071990000","tract",2019,"food_score",NA
"22073000100","tract",2019,"food_score",98.18
"22073000200","tract",2019,"food_score",126.13
"22073000401","tract",2019,"food_score",NA
"22073000402","tract",2019,"food_score",75.02
"22073000500","tract",2019,"food_score",53.14
"22073000600","tract",2019,"food_score",50.07
"22073000700","tract",2019,"food_score",22.66
"22073000900","tract",2019,"food_score",19.86
"22073001100","tract",2019,"food_score",31.37
"22073001400","tract",2019,"food_score",40.21
"22073001500","tract",2019,"food_score",41.93
"22073001700","tract",2019,"food_score",110.17
"22073005100","tract",2019,"food_score",94.91
"22073005201","tract",2019,"food_score",127.39
"22073005203","tract",2019,"food_score",99.68
"22073005204","tract",2019,"food_score",120.4
"22073005301","tract",2019,"food_score",117.68
"22073005302","tract",2019,"food_score",119.98
"22073005400","tract",2019,"food_score",72.91
"22073005500","tract",2019,"food_score",86.25
"22073005800","tract",2019,"food_score",73.95
"22073005900","tract",2019,"food_score",57.55
"22073010101","tract",2019,"food_score",107.63
"22073010102","tract",2019,"food_score",75.14
"22073010201","tract",2019,"food_score",91.58
"22073010202","tract",2019,"food_score",124.36
"22073010301","tract",2019,"food_score",111.08
"22073010302","tract",2019,"food_score",101.55
"22073010400","tract",2019,"food_score",109.73
"22073010502","tract",2019,"food_score",100.66
"22073010503","tract",2019,"food_score",105.8
"22073010504","tract",2019,"food_score",108.3
"22073010603","tract",2019,"food_score",NA
"22073010604","tract",2019,"food_score",69.3
"22073010700","tract",2019,"food_score",27.07
"22073010800","tract",2019,"food_score",59.42
"22073010900","tract",2019,"food_score",72.85
"22073011000","tract",2019,"food_score",45.7
"22073011100","tract",2019,"food_score",88.48
"22073980000","tract",2019,"food_score",NA
"22075050100","tract",2019,"food_score",101.8
"22075050200","tract",2019,"food_score",104.66
"22075050300","tract",2019,"food_score",113.39
"22075050400","tract",2019,"food_score",105.17
"22075050500","tract",2019,"food_score",64.98
"22075050600","tract",2019,"food_score",54.15
"22075050700","tract",2019,"food_score",77
"22075050800","tract",2019,"food_score",94.81
"22075990000","tract",2019,"food_score",NA
"22077951900","tract",2019,"food_score",79.98
"22077952000","tract",2019,"food_score",88.29
"22077952100","tract",2019,"food_score",97.23
"22077952200","tract",2019,"food_score",95.43
"22077952300","tract",2019,"food_score",106.02
"22077952400","tract",2019,"food_score",87.73
"22079010100","tract",2019,"food_score",111.19
"22079010300","tract",2019,"food_score",70.34
"22079010400","tract",2019,"food_score",108.06
"22079010500","tract",2019,"food_score",71.71
"22079010600","tract",2019,"food_score",104.47
"22079010700","tract",2019,"food_score",95.84
"22079011000","tract",2019,"food_score",42.77
"22079011300","tract",2019,"food_score",113.91
"22079011500","tract",2019,"food_score",91.5
"22079011600","tract",2019,"food_score",103.79
"22079011700","tract",2019,"food_score",41.74
"22079012000","tract",2019,"food_score",35.97
"22079012100","tract",2019,"food_score",73.01
"22079012200","tract",2019,"food_score",75.67
"22079012301","tract",2019,"food_score",123.45
"22079012302","tract",2019,"food_score",115.69
"22079012400","tract",2019,"food_score",103.77
"22079012500","tract",2019,"food_score",87.58
"22079012600","tract",2019,"food_score",92.65
"22079012700","tract",2019,"food_score",48.95
"22079012800","tract",2019,"food_score",74.88
"22079012900","tract",2019,"food_score",49
"22079013000","tract",2019,"food_score",87.49
"22079013100","tract",2019,"food_score",76.79
"22079013200","tract",2019,"food_score",112.9
"22079013300","tract",2019,"food_score",100.63
"22079013400","tract",2019,"food_score",97.12
"22079013500","tract",2019,"food_score",102.86
"22079013600","tract",2019,"food_score",102.63
"22079013700","tract",2019,"food_score",88.25
"22079013800","tract",2019,"food_score",89.69
"22079013900","tract",2019,"food_score",43.02
"22079980000","tract",2019,"food_score",NA
"22081960100","tract",2019,"food_score",105.98
"22081960300","tract",2019,"food_score",72.83
"22083970100","tract",2019,"food_score",95.3
"22083970200","tract",2019,"food_score",78.13
"22083970300","tract",2019,"food_score",95.07
"22083970400","tract",2019,"food_score",96.41
"22083970500","tract",2019,"food_score",54.37
"22083970600","tract",2019,"food_score",83.58
"22085000100","tract",2019,"food_score",93.71
"22085000200","tract",2019,"food_score",91.37
"22085000300","tract",2019,"food_score",57.91
"22085000400","tract",2019,"food_score",97.24
"22085000500","tract",2019,"food_score",81.16
"22085000600","tract",2019,"food_score",89.89
"22085000700","tract",2019,"food_score",102.85
"22087030103","tract",2019,"food_score",78.35
"22087030104","tract",2019,"food_score",83.01
"22087030105","tract",2019,"food_score",121.22
"22087030203","tract",2019,"food_score",80.18
"22087030204","tract",2019,"food_score",68.24
"22087030206","tract",2019,"food_score",106.66
"22087030207","tract",2019,"food_score",103
"22087030208","tract",2019,"food_score",103.86
"22087030209","tract",2019,"food_score",107.33
"22087030300","tract",2019,"food_score",90.37
"22087030400","tract",2019,"food_score",100.46
"22087030500","tract",2019,"food_score",108.5
"22087030601","tract",2019,"food_score",71.39
"22087030602","tract",2019,"food_score",99.42
"22087030603","tract",2019,"food_score",60.91
"22087030700","tract",2019,"food_score",76.45
"22087030800","tract",2019,"food_score",72.12
"22087990000","tract",2019,"food_score",NA
"22089060100","tract",2019,"food_score",107.58
"22089062100","tract",2019,"food_score",98.62
"22089062200","tract",2019,"food_score",89
"22089062301","tract",2019,"food_score",102.62
"22089062302","tract",2019,"food_score",104.22
"22089062400","tract",2019,"food_score",82.01
"22089062500","tract",2019,"food_score",103.55
"22089062700","tract",2019,"food_score",85.7
"22089062800","tract",2019,"food_score",85.56
"22089062900","tract",2019,"food_score",90.52
"22089063000","tract",2019,"food_score",86.16
"22089063100","tract",2019,"food_score",112.46
"22089063200","tract",2019,"food_score",93.11
"22091951100","tract",2019,"food_score",98.16
"22091951200","tract",2019,"food_score",71.64
"22093040100","tract",2019,"food_score",90.24
"22093040200","tract",2019,"food_score",81.99
"22093040300","tract",2019,"food_score",111.03
"22093040400","tract",2019,"food_score",89.19
"22093040500","tract",2019,"food_score",68.81
"22093040600","tract",2019,"food_score",87.63
"22093040700","tract",2019,"food_score",108.49
"22095070100","tract",2019,"food_score",111.87
"22095070200","tract",2019,"food_score",100.24
"22095070300","tract",2019,"food_score",90.75
"22095070400","tract",2019,"food_score",100.14
"22095070500","tract",2019,"food_score",81.56
"22095070600","tract",2019,"food_score",83.02
"22095070700","tract",2019,"food_score",83.95
"22095070800","tract",2019,"food_score",67.01
"22095070900","tract",2019,"food_score",71.78
"22095071000","tract",2019,"food_score",94.11
"22095071100","tract",2019,"food_score",89.37
"22097960100","tract",2019,"food_score",102.23
"22097960200","tract",2019,"food_score",90.33
"22097960300","tract",2019,"food_score",89.16
"22097960400","tract",2019,"food_score",97.14
"22097960500","tract",2019,"food_score",102.17
"22097960600","tract",2019,"food_score",113.08
"22097960700","tract",2019,"food_score",95.66
"22097960800","tract",2019,"food_score",115.01
"22097960900","tract",2019,"food_score",66.74
"22097961000","tract",2019,"food_score",74.22
"22097961100","tract",2019,"food_score",96.51
"22097961200","tract",2019,"food_score",106.45
"22097961300","tract",2019,"food_score",59.16
"22097961400","tract",2019,"food_score",75.65
"22097961500","tract",2019,"food_score",82.83
"22097961600","tract",2019,"food_score",54.3
"22097961700","tract",2019,"food_score",93.14
"22097961800","tract",2019,"food_score",104.07
"22097961900","tract",2019,"food_score",79.68
"22099020100","tract",2019,"food_score",101.33
"22099020200","tract",2019,"food_score",101.22
"22099020301","tract",2019,"food_score",98.46
"22099020302","tract",2019,"food_score",85.91
"22099020400","tract",2019,"food_score",99.6
"22099020501","tract",2019,"food_score",74.21
"22099020502","tract",2019,"food_score",78.61
"22099020600","tract",2019,"food_score",80.48
"22099020800","tract",2019,"food_score",92.94
"22099020900","tract",2019,"food_score",92.93
"22099021000","tract",2019,"food_score",107.83
"22101040100","tract",2019,"food_score",92.99
"22101040200","tract",2019,"food_score",97.29
"22101040300","tract",2019,"food_score",79.67
"22101040400","tract",2019,"food_score",74.48
"22101040500","tract",2019,"food_score",88.46
"22101040600","tract",2019,"food_score",77.37
"22101040700","tract",2019,"food_score",72.64
"22101040800","tract",2019,"food_score",100
"22101040900","tract",2019,"food_score",89.58
"22101041000","tract",2019,"food_score",100.11
"22101041100","tract",2019,"food_score",57.26
"22101041200","tract",2019,"food_score",68.55
"22101041300","tract",2019,"food_score",99.89
"22101041400","tract",2019,"food_score",61.35
"22101041500","tract",2019,"food_score",86.26
"22101041600","tract",2019,"food_score",87.53
"22101990000","tract",2019,"food_score",NA
"22103040102","tract",2019,"food_score",111.05
"22103040103","tract",2019,"food_score",107.46
"22103040104","tract",2019,"food_score",109.45
"22103040201","tract",2019,"food_score",112.91
"22103040202","tract",2019,"food_score",117.97
"22103040303","tract",2019,"food_score",117.75
"22103040304","tract",2019,"food_score",124.73
"22103040305","tract",2019,"food_score",130.09
"22103040400","tract",2019,"food_score",119.06
"22103040501","tract",2019,"food_score",70.37
"22103040502","tract",2019,"food_score",109.1
"22103040601","tract",2019,"food_score",123.69
"22103040602","tract",2019,"food_score",122.62
"22103040604","tract",2019,"food_score",105.08
"22103040605","tract",2019,"food_score",124.42
"22103040701","tract",2019,"food_score",113.75
"22103040704","tract",2019,"food_score",101.83
"22103040705","tract",2019,"food_score",96.65
"22103040706","tract",2019,"food_score",99.79
"22103040708","tract",2019,"food_score",116.16
"22103040709","tract",2019,"food_score",110.95
"22103040710","tract",2019,"food_score",108.25
"22103040801","tract",2019,"food_score",91.21
"22103040802","tract",2019,"food_score",112.51
"22103040803","tract",2019,"food_score",103.66
"22103040900","tract",2019,"food_score",69.83
"22103041002","tract",2019,"food_score",113.57
"22103041003","tract",2019,"food_score",108.86
"22103041004","tract",2019,"food_score",91.41
"22103041101","tract",2019,"food_score",93.95
"22103041102","tract",2019,"food_score",98.85
"22103041103","tract",2019,"food_score",80.09
"22103041104","tract",2019,"food_score",104.84
"22103041202","tract",2019,"food_score",102.06
"22103041204","tract",2019,"food_score",97.02
"22103041207","tract",2019,"food_score",109.58
"22103041208","tract",2019,"food_score",125.5
"22103041209","tract",2019,"food_score",119.33
"22103041210","tract",2019,"food_score",106.92
"22103041211","tract",2019,"food_score",116.64
"22103041212","tract",2019,"food_score",123.92
"22103041300","tract",2019,"food_score",115.87
"22103990000","tract",2019,"food_score",NA
"22105953200","tract",2019,"food_score",87.78
"22105953300","tract",2019,"food_score",63.01
"22105953400","tract",2019,"food_score",62.67
"22105953500","tract",2019,"food_score",78.29
"22105953600","tract",2019,"food_score",66.31
"22105953700","tract",2019,"food_score",106.4
"22105953800","tract",2019,"food_score",70.72
"22105953900","tract",2019,"food_score",80.32
"22105954001","tract",2019,"food_score",86.62
"22105954002","tract",2019,"food_score",96.87
"22105954101","tract",2019,"food_score",92.23
"22105954102","tract",2019,"food_score",85.72
"22105954200","tract",2019,"food_score",NA
"22105954300","tract",2019,"food_score",55.05
"22105954400","tract",2019,"food_score",66.94
"22105954501","tract",2019,"food_score",90.13
"22105954502","tract",2019,"food_score",89.85
"22105954600","tract",2019,"food_score",112.08
"22105954700","tract",2019,"food_score",89.77
"22105954800","tract",2019,"food_score",97.8
"22107000100","tract",2019,"food_score",86.13
"22107000200","tract",2019,"food_score",74.48
"22107000300","tract",2019,"food_score",57.53
"22109000101","tract",2019,"food_score",77.09
"22109000102","tract",2019,"food_score",100.7
"22109000201","tract",2019,"food_score",93.89
"22109000202","tract",2019,"food_score",106.53
"22109000300","tract",2019,"food_score",79.98
"22109000401","tract",2019,"food_score",97.74
"22109000402","tract",2019,"food_score",98.19
"22109000500","tract",2019,"food_score",86
"22109000600","tract",2019,"food_score",94.96
"22109000700","tract",2019,"food_score",68.88
"22109000800","tract",2019,"food_score",90.5
"22109000900","tract",2019,"food_score",72.11
"22109001000","tract",2019,"food_score",115.9
"22109001100","tract",2019,"food_score",90.5
"22109001201","tract",2019,"food_score",96.29
"22109001202","tract",2019,"food_score",87.74
"22109001300","tract",2019,"food_score",83.59
"22109001400","tract",2019,"food_score",67.79
"22109001500","tract",2019,"food_score",114.95
"22109001600","tract",2019,"food_score",74.26
"22109001700","tract",2019,"food_score",120.36
"22109990000","tract",2019,"food_score",NA
"22111960100","tract",2019,"food_score",97.22
"22111960200","tract",2019,"food_score",92.19
"22111960300","tract",2019,"food_score",100.21
"22111960400","tract",2019,"food_score",65.81
"22111960500","tract",2019,"food_score",107.56
"22111960600","tract",2019,"food_score",104.76
"22113950100","tract",2019,"food_score",100.9
"22113950200","tract",2019,"food_score",100.39
"22113950400","tract",2019,"food_score",80.51
"22113950500","tract",2019,"food_score",104.19
"22113950600","tract",2019,"food_score",105.13
"22113950700","tract",2019,"food_score",87.12
"22113950800","tract",2019,"food_score",78.15
"22113950901","tract",2019,"food_score",87.23
"22113950902","tract",2019,"food_score",101.95
"22113951001","tract",2019,"food_score",79.72
"22113951002","tract",2019,"food_score",101.75
"22113951100","tract",2019,"food_score",99.18
"22113990000","tract",2019,"food_score",NA
"22115950100","tract",2019,"food_score",92.53
"22115950200","tract",2019,"food_score",107.76
"22115950300","tract",2019,"food_score",103.49
"22115950400","tract",2019,"food_score",74.7
"22115950500","tract",2019,"food_score",87.64
"22115950600","tract",2019,"food_score",106.92
"22115950701","tract",2019,"food_score",NA
"22115950702","tract",2019,"food_score",117.64
"22115950703","tract",2019,"food_score",119.74
"22115950704","tract",2019,"food_score",121.59
"22115950800","tract",2019,"food_score",83.4
"22115950900","tract",2019,"food_score",111.62
"22117950101","tract",2019,"food_score",NA
"22117950102","tract",2019,"food_score",90.16
"22117950200","tract",2019,"food_score",98.97
"22117950300","tract",2019,"food_score",67.07
"22117950400","tract",2019,"food_score",90.19
"22117950500","tract",2019,"food_score",87.13
"22117950600","tract",2019,"food_score",80.99
"22117950700","tract",2019,"food_score",65.07
"22117950800","tract",2019,"food_score",58.11
"22117950900","tract",2019,"food_score",35.04
"22117951000","tract",2019,"food_score",78.25
"22119031100","tract",2019,"food_score",100.66
"22119031200","tract",2019,"food_score",72.85
"22119031300","tract",2019,"food_score",55.69
"22119031400","tract",2019,"food_score",89.36
"22119031500","tract",2019,"food_score",88.41
"22119031600","tract",2019,"food_score",118.35
"22119031700","tract",2019,"food_score",49.61
"22119031800","tract",2019,"food_score",69.53
"22119031900","tract",2019,"food_score",48.73
"22119032000","tract",2019,"food_score",96.24
"22119032100","tract",2019,"food_score",108.57
"22121020100","tract",2019,"food_score",93.88
"22121020200","tract",2019,"food_score",80.73
"22121020300","tract",2019,"food_score",101.35
"22121020401","tract",2019,"food_score",95.97
"22121020402","tract",2019,"food_score",109.36
"22123000100","tract",2019,"food_score",108.81
"22123000200","tract",2019,"food_score",94.38
"22123000300","tract",2019,"food_score",94.21
"22125951701","tract",2019,"food_score",107.98
"22125951702","tract",2019,"food_score",NA
"22125951800","tract",2019,"food_score",96.23
"22127960100","tract",2019,"food_score",98.93
"22127960200","tract",2019,"food_score",109.16
"22127960300","tract",2019,"food_score",102.7
"22127960400","tract",2019,"food_score",61.81
"22001960100","tract",2019,"food_rnk",29.7464
"22001960200","tract",2019,"food_rnk",80.8847
"22001960300","tract",2019,"food_rnk",65.6906
"22001960400","tract",2019,"food_rnk",50.9831
"22001960500","tract",2019,"food_rnk",46.5442
"22001960600","tract",2019,"food_rnk",32.1584
"22001960700","tract",2019,"food_rnk",12.5578
"22001960800","tract",2019,"food_rnk",16.6004
"22001960900","tract",2019,"food_rnk",4.3966
"22001961000","tract",2019,"food_rnk",8.102
"22001961100","tract",2019,"food_rnk",13.5071
"22001961200","tract",2019,"food_rnk",31.6661
"22003950100","tract",2019,"food_rnk",26.7011
"22003950200","tract",2019,"food_rnk",NA
"22003950300","tract",2019,"food_rnk",7.9426
"22003950400","tract",2019,"food_rnk",11.5521
"22003950500","tract",2019,"food_rnk",50.2088
"22005030101","tract",2019,"food_rnk",62.1883
"22005030102","tract",2019,"food_rnk",46.8052
"22005030103","tract",2019,"food_rnk",32.6379
"22005030203","tract",2019,"food_rnk",81.9059
"22005030204","tract",2019,"food_rnk",80.3064
"22005030205","tract",2019,"food_rnk",71.6994
"22005030206","tract",2019,"food_rnk",68.2859
"22005030300","tract",2019,"food_rnk",99.2482
"22005030401","tract",2019,"food_rnk",29.2936
"22005030402","tract",2019,"food_rnk",43.2295
"22005030500","tract",2019,"food_rnk",43.9517
"22005030600","tract",2019,"food_rnk",14.9331
"22005030900","tract",2019,"food_rnk",5.3191
"22005031000","tract",2019,"food_rnk",28.6025
"22007050100","tract",2019,"food_rnk",25.237
"22007050200","tract",2019,"food_rnk",55.9002
"22007050300","tract",2019,"food_rnk",12.3477
"22007050400","tract",2019,"food_rnk",40.7668
"22007050500","tract",2019,"food_rnk",9.0132
"22007050600","tract",2019,"food_rnk",31.1978
"22009030100","tract",2019,"food_rnk",65.1518
"22009030200","tract",2019,"food_rnk",27.2244
"22009030300","tract",2019,"food_rnk",20.2
"22009030400","tract",2019,"food_rnk",23.251
"22009030500","tract",2019,"food_rnk",24.9281
"22009030600","tract",2019,"food_rnk",20.2141
"22009030700","tract",2019,"food_rnk",NA
"22009030800","tract",2019,"food_rnk",38.2109
"22009030900","tract",2019,"food_rnk",7.0286
"22011960100","tract",2019,"food_rnk",53.6462
"22011960200","tract",2019,"food_rnk",69.2084
"22011960300","tract",2019,"food_rnk",18.5977
"22011960400","tract",2019,"food_rnk",31.4461
"22011960500","tract",2019,"food_rnk",29.5588
"22011960600","tract",2019,"food_rnk",49.9027
"22011960700","tract",2019,"food_rnk",43.9376
"22013970100","tract",2019,"food_rnk",10.6409
"22013970200","tract",2019,"food_rnk",47.4075
"22013970300","tract",2019,"food_rnk",7.1767
"22013970400","tract",2019,"food_rnk",17.6357
"22013970500","tract",2019,"food_rnk",21.3468
"22015010400","tract",2019,"food_rnk",3.783
"22015010500","tract",2019,"food_rnk",13.8781
"22015010601","tract",2019,"food_rnk",19.1351
"22015010602","tract",2019,"food_rnk",7.7113
"22015010701","tract",2019,"food_rnk",31.6816
"22015010702","tract",2019,"food_rnk",25.0889
"22015010801","tract",2019,"food_rnk",9.1796
"22015010804","tract",2019,"food_rnk",71.4681
"22015010805","tract",2019,"food_rnk",60.892
"22015010806","tract",2019,"food_rnk",49.4457
"22015010900","tract",2019,"food_rnk",NA
"22015011001","tract",2019,"food_rnk",40.8401
"22015011002","tract",2019,"food_rnk",76.1298
"22015011103","tract",2019,"food_rnk",68.6315
"22015011105","tract",2019,"food_rnk",60.3179
"22015011106","tract",2019,"food_rnk",20.2734
"22015011107","tract",2019,"food_rnk",26.0212
"22015011108","tract",2019,"food_rnk",96.6712
"22015011109","tract",2019,"food_rnk",81.6506
"22015011110","tract",2019,"food_rnk",88.7187
"22015011200","tract",2019,"food_rnk",47.0168
"22015011300","tract",2019,"food_rnk",0.3357
"22017020500","tract",2019,"food_rnk",3.1045
"22017020600","tract",2019,"food_rnk",0.9733
"22017020700","tract",2019,"food_rnk",5.69
"22017021000","tract",2019,"food_rnk",6.5857
"22017021100","tract",2019,"food_rnk",5.6675
"22017021200","tract",2019,"food_rnk",9.3066
"22017021300","tract",2019,"food_rnk",2.1821
"22017021400","tract",2019,"food_rnk",68.5864
"22017021500","tract",2019,"food_rnk",83.4448
"22017021600","tract",2019,"food_rnk",49.0705
"22017021700","tract",2019,"food_rnk",0.7236
"22017021800","tract",2019,"food_rnk",8.0611
"22017021900","tract",2019,"food_rnk",15.3154
"22017022000","tract",2019,"food_rnk",12.0557
"22017022100","tract",2019,"food_rnk",16.4706
"22017022200","tract",2019,"food_rnk",6.8001
"22017022300","tract",2019,"food_rnk",2.5023
"22017022400","tract",2019,"food_rnk",1.3583
"22017022500","tract",2019,"food_rnk",6.6421
"22017022600","tract",2019,"food_rnk",70.7713
"22017022700","tract",2019,"food_rnk",69.1534
"22017022800","tract",2019,"food_rnk",74.0352
"22017022900","tract",2019,"food_rnk",28.0439
"22017023000","tract",2019,"food_rnk",55.5292
"22017023100","tract",2019,"food_rnk",73.4188
"22017023200","tract",2019,"food_rnk",5.7168
"22017023300","tract",2019,"food_rnk",1.1425
"22017023400","tract",2019,"food_rnk",3.4882
"22017023500","tract",2019,"food_rnk",3.4529
"22017023600","tract",2019,"food_rnk",5.3628
"22017023700","tract",2019,"food_rnk",5.4178
"22017023800","tract",2019,"food_rnk",12.3321
"22017023901","tract",2019,"food_rnk",79.7069
"22017023903","tract",2019,"food_rnk",20.303
"22017023904","tract",2019,"food_rnk",58.8397
"22017023905","tract",2019,"food_rnk",52.7928
"22017024000","tract",2019,"food_rnk",99.7644
"22017024102","tract",2019,"food_rnk",41.8035
"22017024104","tract",2019,"food_rnk",27.4882
"22017024106","tract",2019,"food_rnk",51.4613
"22017024107","tract",2019,"food_rnk",44.9659
"22017024108","tract",2019,"food_rnk",49.9478
"22017024109","tract",2019,"food_rnk",37.0543
"22017024201","tract",2019,"food_rnk",25.0183
"22017024202","tract",2019,"food_rnk",37.9894
"22017024203","tract",2019,"food_rnk",30.7577
"22017024301","tract",2019,"food_rnk",39.8358
"22017024303","tract",2019,"food_rnk",11.2644
"22017024304","tract",2019,"food_rnk",52.3344
"22017024400","tract",2019,"food_rnk",43.5765
"22017024503","tract",2019,"food_rnk",15.0093
"22017024504","tract",2019,"food_rnk",43.8981
"22017024601","tract",2019,"food_rnk",0.4937
"22017024602","tract",2019,"food_rnk",4.5108
"22017024700","tract",2019,"food_rnk",48.0055
"22017024800","tract",2019,"food_rnk",49.0253
"22017024900","tract",2019,"food_rnk",17.0842
"22017025000","tract",2019,"food_rnk",16.6102
"22017025100","tract",2019,"food_rnk",17.1251
"22017025200","tract",2019,"food_rnk",0.1157
"22017025300","tract",2019,"food_rnk",NA
"22017025405","tract",2019,"food_rnk",63.9317
"22017025406","tract",2019,"food_rnk",63.9317
"22017980000","tract",2019,"food_rnk",NA
"22019000100","tract",2019,"food_rnk",25.7716
"22019000200","tract",2019,"food_rnk",3.5545
"22019000300","tract",2019,"food_rnk",1.0522
"22019000400","tract",2019,"food_rnk",10.6409
"22019000500","tract",2019,"food_rnk",76.8774
"22019000600","tract",2019,"food_rnk",5.1456
"22019000700","tract",2019,"food_rnk",8.5661
"22019000800","tract",2019,"food_rnk",14.4183
"22019000900","tract",2019,"food_rnk",36.6636
"22019001000","tract",2019,"food_rnk",54.3571
"22019001100","tract",2019,"food_rnk",24.5063
"22019001201","tract",2019,"food_rnk",38.8061
"22019001202","tract",2019,"food_rnk",4.3232
"22019001300","tract",2019,"food_rnk",45.7416
"22019001400","tract",2019,"food_rnk",4.4798
"22019001500","tract",2019,"food_rnk",5.2231
"22019001600","tract",2019,"food_rnk",5.6322
"22019001700","tract",2019,"food_rnk",41.331
"22019001801","tract",2019,"food_rnk",91.369
"22019001901","tract",2019,"food_rnk",89.7018
"22019001903","tract",2019,"food_rnk",78.838
"22019001904","tract",2019,"food_rnk",90.2576
"22019002000","tract",2019,"food_rnk",74.6248
"22019002100","tract",2019,"food_rnk",8.2332
"22019002201","tract",2019,"food_rnk",62.2602
"22019002203","tract",2019,"food_rnk",52.2455
"22019002204","tract",2019,"food_rnk",89.4648
"22019002300","tract",2019,"food_rnk",71.6994
"22019002400","tract",2019,"food_rnk",16.8514
"22019002500","tract",2019,"food_rnk",39.1926
"22019002600","tract",2019,"food_rnk",50.4485
"22019002700","tract",2019,"food_rnk",30.9608
"22019002800","tract",2019,"food_rnk",13.6073
"22019002900","tract",2019,"food_rnk",39.4169
"22019003000","tract",2019,"food_rnk",59.071
"22019003101","tract",2019,"food_rnk",63.5805
"22019003102","tract",2019,"food_rnk",54.2457
"22019003200","tract",2019,"food_rnk",58.2007
"22019003300","tract",2019,"food_rnk",66.3239
"22019003400","tract",2019,"food_rnk",62.4803
"22019003500","tract",2019,"food_rnk",36.5888
"22019003600","tract",2019,"food_rnk",71.5471
"22019980000","tract",2019,"food_rnk",NA
"22019980100","tract",2019,"food_rnk",NA
"22021000100","tract",2019,"food_rnk",31.4954
"22021000200","tract",2019,"food_rnk",39.3633
"22021000300","tract",2019,"food_rnk",22.0675
"22023970100","tract",2019,"food_rnk",41.5933
"22023970201","tract",2019,"food_rnk",74.519
"22023990000","tract",2019,"food_rnk",NA
"22025000100","tract",2019,"food_rnk",35.7735
"22025000200","tract",2019,"food_rnk",11.7595
"22025000300","tract",2019,"food_rnk",75.378
"22027950100","tract",2019,"food_rnk",16.7852
"22027950200","tract",2019,"food_rnk",NA
"22027950300","tract",2019,"food_rnk",4.0454
"22027950400","tract",2019,"food_rnk",2.498
"22027950500","tract",2019,"food_rnk",39.9007
"22029000100","tract",2019,"food_rnk",30.1949
"22029000200","tract",2019,"food_rnk",17.7796
"22029000300","tract",2019,"food_rnk",16.448
"22029000400","tract",2019,"food_rnk",47.4075
"22029000500","tract",2019,"food_rnk",NA
"22031950100","tract",2019,"food_rnk",43.884
"22031950200","tract",2019,"food_rnk",24.6883
"22031950300","tract",2019,"food_rnk",13.2391
"22031950400","tract",2019,"food_rnk",4.9185
"22031950500","tract",2019,"food_rnk",9.4885
"22031950600","tract",2019,"food_rnk",1.8534
"22031950700","tract",2019,"food_rnk",34.1458
"22033000100","tract",2019,"food_rnk",0.7786
"22033000200","tract",2019,"food_rnk",1.56
"22033000300","tract",2019,"food_rnk",2.4458
"22033000400","tract",2019,"food_rnk",3.8408
"22033000500","tract",2019,"food_rnk",4.02
"22033000601","tract",2019,"food_rnk",3.6448
"22033000602","tract",2019,"food_rnk",2.5291
"22033000701","tract",2019,"food_rnk",2.3429
"22033000702","tract",2019,"food_rnk",6.5236
"22033000900","tract",2019,"food_rnk",4.2612
"22033001000","tract",2019,"food_rnk",2.4078
"22033001102","tract",2019,"food_rnk",2.6983
"22033001103","tract",2019,"food_rnk",4.6166
"22033001104","tract",2019,"food_rnk",0.986
"22033001600","tract",2019,"food_rnk",25.5247
"22033001700","tract",2019,"food_rnk",50.9338
"22033001800","tract",2019,"food_rnk",28.6899
"22033001900","tract",2019,"food_rnk",72.3384
"22033002000","tract",2019,"food_rnk",76.103
"22033002200","tract",2019,"food_rnk",3.3542
"22033002300","tract",2019,"food_rnk",91.9502
"22033002400","tract",2019,"food_rnk",5.1399
"22033002500","tract",2019,"food_rnk",10.8821
"22033002601","tract",2019,"food_rnk",63.2589
"22033002602","tract",2019,"food_rnk",32.1711
"22033002700","tract",2019,"food_rnk",33.1725
"22033002801","tract",2019,"food_rnk",NA
"22033002802","tract",2019,"food_rnk",NA
"22033003000","tract",2019,"food_rnk",NA
"22033003101","tract",2019,"food_rnk",3.2442
"22033003103","tract",2019,"food_rnk",1.7053
"22033003201","tract",2019,"food_rnk",11.9753
"22033003202","tract",2019,"food_rnk",19.9997
"22033003300","tract",2019,"food_rnk",7.1132
"22033003400","tract",2019,"food_rnk",5.3374
"22033003501","tract",2019,"food_rnk",23.9985
"22033003504","tract",2019,"food_rnk",8.3094
"22033003505","tract",2019,"food_rnk",7.102
"22033003506","tract",2019,"food_rnk",40.5947
"22033003507","tract",2019,"food_rnk",47.6134
"22033003601","tract",2019,"food_rnk",36.2602
"22033003603","tract",2019,"food_rnk",1.8097
"22033003604","tract",2019,"food_rnk",20.9335
"22033003701","tract",2019,"food_rnk",51.5685
"22033003702","tract",2019,"food_rnk",15.8796
"22033003703","tract",2019,"food_rnk",64.1249
"22033003801","tract",2019,"food_rnk",83.7551
"22033003802","tract",2019,"food_rnk",87.9612
"22033003804","tract",2019,"food_rnk",82.4771
"22033003805","tract",2019,"food_rnk",70.5216
"22033003904","tract",2019,"food_rnk",13.0473
"22033003906","tract",2019,"food_rnk",82.0455
"22033003907","tract",2019,"food_rnk",65.3027
"22033003908","tract",2019,"food_rnk",80.714
"22033003909","tract",2019,"food_rnk",21.9773
"22033003910","tract",2019,"food_rnk",9.7283
"22033004005","tract",2019,"food_rnk",64.1009
"22033004006","tract",2019,"food_rnk",86.3307
"22033004009","tract",2019,"food_rnk",83.6479
"22033004010","tract",2019,"food_rnk",74.8321
"22033004011","tract",2019,"food_rnk",15.0361
"22033004013","tract",2019,"food_rnk",9.1162
"22033004014","tract",2019,"food_rnk",54.0383
"22033004015","tract",2019,"food_rnk",26.0396
"22033004016","tract",2019,"food_rnk",99.1283
"22033004201","tract",2019,"food_rnk",26.1778
"22033004203","tract",2019,"food_rnk",51.2201
"22033004204","tract",2019,"food_rnk",4.4065
"22033004205","tract",2019,"food_rnk",50.7222
"22033004301","tract",2019,"food_rnk",77.5516
"22033004302","tract",2019,"food_rnk",58.3573
"22033004401","tract",2019,"food_rnk",77.1595
"22033004402","tract",2019,"food_rnk",60.6113
"22033004403","tract",2019,"food_rnk",67.1138
"22033004503","tract",2019,"food_rnk",63.1855
"22033004504","tract",2019,"food_rnk",52.8873
"22033004505","tract",2019,"food_rnk",46.4963
"22033004507","tract",2019,"food_rnk",50.0804
"22033004508","tract",2019,"food_rnk",95.1915
"22033004509","tract",2019,"food_rnk",25.9493
"22033004510","tract",2019,"food_rnk",88.6609
"22033004602","tract",2019,"food_rnk",41.2675
"22033004603","tract",2019,"food_rnk",67.5172
"22033004604","tract",2019,"food_rnk",69.8389
"22033004700","tract",2019,"food_rnk",69.1788
"22033004800","tract",2019,"food_rnk",81.8015
"22033004900","tract",2019,"food_rnk",78.5362
"22033005000","tract",2019,"food_rnk",46.7572
"22033005100","tract",2019,"food_rnk",5.8607
"22033005200","tract",2019,"food_rnk",4.4798
"22033005300","tract",2019,"food_rnk",6.6224
"22033980000","tract",2019,"food_rnk",NA
"22035000100","tract",2019,"food_rnk",16.953
"22035000200","tract",2019,"food_rnk",NA
"22035000300","tract",2019,"food_rnk",0.6615
"22037951300","tract",2019,"food_rnk",42.0024
"22037951400","tract",2019,"food_rnk",10.4858
"22037951501","tract",2019,"food_rnk",71.8235
"22037951502","tract",2019,"food_rnk",NA
"22037951600","tract",2019,"food_rnk",41.1758
"22039950100","tract",2019,"food_rnk",34.2036
"22039950200","tract",2019,"food_rnk",42.0941
"22039950300","tract",2019,"food_rnk",26.5248
"22039950400","tract",2019,"food_rnk",14.5551
"22039950500","tract",2019,"food_rnk",6.5857
"22039950600","tract",2019,"food_rnk",4.6477
"22039950700","tract",2019,"food_rnk",34.2389
"22039950800","tract",2019,"food_rnk",29.2936
"22041950100","tract",2019,"food_rnk",30.683
"22041950200","tract",2019,"food_rnk",19.049
"22041950300","tract",2019,"food_rnk",2.1426
"22041950400","tract",2019,"food_rnk",77.5954
"22041950500","tract",2019,"food_rnk",32.1316
"22041950600","tract",2019,"food_rnk",10.3504
"22043020100","tract",2019,"food_rnk",19.0885
"22043020200","tract",2019,"food_rnk",8.212
"22043020300","tract",2019,"food_rnk",3.5094
"22043020401","tract",2019,"food_rnk",28.4135
"22043020402","tract",2019,"food_rnk",NA
"22045030100","tract",2019,"food_rnk",29.0919
"22045030200","tract",2019,"food_rnk",39.9303
"22045030301","tract",2019,"food_rnk",18.6132
"22045030302","tract",2019,"food_rnk",38.5819
"22045030400","tract",2019,"food_rnk",5.8297
"22045030500","tract",2019,"food_rnk",20.2889
"22045030600","tract",2019,"food_rnk",62.4803
"22045030700","tract",2019,"food_rnk",40.4988
"22045030800","tract",2019,"food_rnk",1.0001
"22045030900","tract",2019,"food_rnk",0.7631
"22045031000","tract",2019,"food_rnk",8.9088
"22045031100","tract",2019,"food_rnk",9.7467
"22045031200","tract",2019,"food_rnk",25.6263
"22045031300","tract",2019,"food_rnk",27.8535
"22045031600","tract",2019,"food_rnk",8.2769
"22045990000","tract",2019,"food_rnk",NA
"22047952600","tract",2019,"food_rnk",14.5805
"22047952700","tract",2019,"food_rnk",28.9198
"22047952900","tract",2019,"food_rnk",21.2184
"22047953000","tract",2019,"food_rnk",17.2393
"22047953101","tract",2019,"food_rnk",19.2394
"22047953102","tract",2019,"food_rnk",9.5563
"22047953200","tract",2019,"food_rnk",NA
"22049970100","tract",2019,"food_rnk",24.2002
"22049970200","tract",2019,"food_rnk",34.8017
"22049970300","tract",2019,"food_rnk",37.902
"22049970400","tract",2019,"food_rnk",2.9705
"22049970500","tract",2019,"food_rnk",22.3581
"22051020101","tract",2019,"food_rnk",54.8776
"22051020102","tract",2019,"food_rnk",91.922
"22051020201","tract",2019,"food_rnk",42.5341
"22051020202","tract",2019,"food_rnk",28.8888
"22051020203","tract",2019,"food_rnk",87.3787
"22051020301","tract",2019,"food_rnk",76.7561
"22051020302","tract",2019,"food_rnk",30.5983
"22051020303","tract",2019,"food_rnk",75.7349
"22051020400","tract",2019,"food_rnk",91.6906
"22051020502","tract",2019,"food_rnk",46.5908
"22051020505","tract",2019,"food_rnk",7.9525
"22051020506","tract",2019,"food_rnk",31.9821
"22051020507","tract",2019,"food_rnk",45.6852
"22051020508","tract",2019,"food_rnk",32.3939
"22051020511","tract",2019,"food_rnk",33.6972
"22051020512","tract",2019,"food_rnk",44.6668
"22051020513","tract",2019,"food_rnk",27.6377
"22051020514","tract",2019,"food_rnk",87.3787
"22051020515","tract",2019,"food_rnk",71.1592
"22051020516","tract",2019,"food_rnk",29.2767
"22051020517","tract",2019,"food_rnk",85.2375
"22051020600","tract",2019,"food_rnk",5.1244
"22051020700","tract",2019,"food_rnk",16.3296
"22051021000","tract",2019,"food_rnk",54.8776
"22051021100","tract",2019,"food_rnk",41.898
"22051021200","tract",2019,"food_rnk",31.1837
"22051021300","tract",2019,"food_rnk",57.5307
"22051021400","tract",2019,"food_rnk",62.5705
"22051021500","tract",2019,"food_rnk",16.867
"22051021600","tract",2019,"food_rnk",44.0025
"22051021700","tract",2019,"food_rnk",17.568
"22051021801","tract",2019,"food_rnk",32.6253
"22051021803","tract",2019,"food_rnk",20.9532
"22051021804","tract",2019,"food_rnk",12.0642
"22051021900","tract",2019,"food_rnk",25.5811
"22051022001","tract",2019,"food_rnk",34.363
"22051022002","tract",2019,"food_rnk",85.0711
"22051022101","tract",2019,"food_rnk",41.7231
"22051022102","tract",2019,"food_rnk",57.7353
"22051022200","tract",2019,"food_rnk",54.563
"22051022301","tract",2019,"food_rnk",46.8503
"22051022302","tract",2019,"food_rnk",47.7672
"22051022303","tract",2019,"food_rnk",22.7093
"22051022400","tract",2019,"food_rnk",47.6134
"22051022500","tract",2019,"food_rnk",68.6893
"22051022600","tract",2019,"food_rnk",81.9806
"22051022700","tract",2019,"food_rnk",83.3771
"22051022800","tract",2019,"food_rnk",63.2913
"22051022900","tract",2019,"food_rnk",71.0336
"22051023001","tract",2019,"food_rnk",87.153
"22051023002","tract",2019,"food_rnk",64.2575
"22051023003","tract",2019,"food_rnk",88.4874
"22051023100","tract",2019,"food_rnk",64.4522
"22051023200","tract",2019,"food_rnk",90.6694
"22051023300","tract",2019,"food_rnk",56.0497
"22051023400","tract",2019,"food_rnk",33.9568
"22051023500","tract",2019,"food_rnk",86.2545
"22051023600","tract",2019,"food_rnk",61.3885
"22051023700","tract",2019,"food_rnk",39.5368
"22051023800","tract",2019,"food_rnk",42.5694
"22051023901","tract",2019,"food_rnk",61.7299
"22051023902","tract",2019,"food_rnk",64.7145
"22051023903","tract",2019,"food_rnk",80.3656
"22051023904","tract",2019,"food_rnk",82.188
"22051024001","tract",2019,"food_rnk",67.7415
"22051024002","tract",2019,"food_rnk",61.7849
"22051024100","tract",2019,"food_rnk",37.9753
"22051024201","tract",2019,"food_rnk",72.4343
"22051024202","tract",2019,"food_rnk",67.1956
"22051024300","tract",2019,"food_rnk",53.2414
"22051024400","tract",2019,"food_rnk",37.208
"22051024500","tract",2019,"food_rnk",59.7805
"22051024600","tract",2019,"food_rnk",22.777
"22051024700","tract",2019,"food_rnk",28.2428
"22051024800","tract",2019,"food_rnk",88.084
"22051024900","tract",2019,"food_rnk",29.0214
"22051025001","tract",2019,"food_rnk",19.8826
"22051025002","tract",2019,"food_rnk",13.2927
"22051025003","tract",2019,"food_rnk",37.0317
"22051025102","tract",2019,"food_rnk",90.2096
"22051025103","tract",2019,"food_rnk",43.9517
"22051025104","tract",2019,"food_rnk",45.1436
"22051025201","tract",2019,"food_rnk",3.8042
"22051025202","tract",2019,"food_rnk",16.8091
"22051025300","tract",2019,"food_rnk",41.7626
"22051025400","tract",2019,"food_rnk",20.231
"22051025500","tract",2019,"food_rnk",12.8766
"22051025600","tract",2019,"food_rnk",23.9365
"22051025700","tract",2019,"food_rnk",29.6843
"22051025800","tract",2019,"food_rnk",22.0675
"22051025900","tract",2019,"food_rnk",33.3799
"22051026000","tract",2019,"food_rnk",34.4152
"22051026100","tract",2019,"food_rnk",19.7938
"22051026200","tract",2019,"food_rnk",7.7508
"22051026300","tract",2019,"food_rnk",23.1466
"22051026400","tract",2019,"food_rnk",24.031
"22051026500","tract",2019,"food_rnk",55.1357
"22051026600","tract",2019,"food_rnk",17.4551
"22051026700","tract",2019,"food_rnk",6.3769
"22051026800","tract",2019,"food_rnk",5.3684
"22051026900","tract",2019,"food_rnk",4.3641
"22051027000","tract",2019,"food_rnk",19.0688
"22051027100","tract",2019,"food_rnk",27.072
"22051027200","tract",2019,"food_rnk",11.0556
"22051027501","tract",2019,"food_rnk",20.1774
"22051027502","tract",2019,"food_rnk",9.088
"22051027601","tract",2019,"food_rnk",21.4314
"22051027602","tract",2019,"food_rnk",17.5793
"22051027701","tract",2019,"food_rnk",10.2432
"22051027703","tract",2019,"food_rnk",13.4662
"22051027803","tract",2019,"food_rnk",12.7059
"22051027804","tract",2019,"food_rnk",40.8852
"22051027805","tract",2019,"food_rnk",75.9521
"22051027806","tract",2019,"food_rnk",56.2429
"22051027807","tract",2019,"food_rnk",62.5917
"22051027809","tract",2019,"food_rnk",22.3285
"22051027810","tract",2019,"food_rnk",34.4152
"22051027811","tract",2019,"food_rnk",18.5624
"22051027812","tract",2019,"food_rnk",45.3693
"22051027901","tract",2019,"food_rnk",50.2694
"22051027902","tract",2019,"food_rnk",56.9228
"22051028000","tract",2019,"food_rnk",74.6981
"22051028100","tract",2019,"food_rnk",9.631
"22051028200","tract",2019,"food_rnk",11.672
"22051980000","tract",2019,"food_rnk",NA
"22051990000","tract",2019,"food_rnk",NA
"22051990100","tract",2019,"food_rnk",NA
"22053000100","tract",2019,"food_rnk",59.0583
"22053000200","tract",2019,"food_rnk",53.831
"22053000300","tract",2019,"food_rnk",35.1642
"22053000400","tract",2019,"food_rnk",17.6357
"22053000500","tract",2019,"food_rnk",36.9584
"22053000600","tract",2019,"food_rnk",5.312
"22053000700","tract",2019,"food_rnk",19.3198
"22055000100","tract",2019,"food_rnk",NA
"22055000200","tract",2019,"food_rnk",18.6823
"22055000500","tract",2019,"food_rnk",81.1104
"22055000602","tract",2019,"food_rnk",43.4101
"22055000603","tract",2019,"food_rnk",41.7457
"22055000604","tract",2019,"food_rnk",70.8841
"22055000700","tract",2019,"food_rnk",6.4263
"22055000800","tract",2019,"food_rnk",3.3429
"22055000900","tract",2019,"food_rnk",4.9467
"22055001001","tract",2019,"food_rnk",13.1023
"22055001002","tract",2019,"food_rnk",28.2273
"22055001003","tract",2019,"food_rnk",29.1765
"22055001100","tract",2019,"food_rnk",4.4248
"22055001200","tract",2019,"food_rnk",15.4762
"22055001300","tract",2019,"food_rnk",22.533
"22055001401","tract",2019,"food_rnk",95.4426
"22055001402","tract",2019,"food_rnk",96.0886
"22055001403","tract",2019,"food_rnk",76.4077
"22055001404","tract",2019,"food_rnk",95.6486
"22055001405","tract",2019,"food_rnk",52.5418
"22055001406","tract",2019,"food_rnk",55.8565
"22055001407","tract",2019,"food_rnk",94.1492
"22055001409","tract",2019,"food_rnk",80.9072
"22055001410","tract",2019,"food_rnk",71.8588
"22055001411","tract",2019,"food_rnk",41.898
"22055001500","tract",2019,"food_rnk",55.7126
"22055001600","tract",2019,"food_rnk",79.4516
"22055001700","tract",2019,"food_rnk",63.3505
"22055001801","tract",2019,"food_rnk",31.6449
"22055001802","tract",2019,"food_rnk",35.2545
"22055001901","tract",2019,"food_rnk",62.6834
"22055001902","tract",2019,"food_rnk",61.1586
"22055001903","tract",2019,"food_rnk",22.4625
"22055001904","tract",2019,"food_rnk",59.332
"22055001905","tract",2019,"food_rnk",64.3845
"22055002001","tract",2019,"food_rnk",27.3951
"22055002002","tract",2019,"food_rnk",72.3384
"22055002101","tract",2019,"food_rnk",42.3564
"22055002102","tract",2019,"food_rnk",55.1357
"22055002103","tract",2019,"food_rnk",29.0623
"22055002104","tract",2019,"food_rnk",67.245
"22055002200","tract",2019,"food_rnk",NA
"22055980000","tract",2019,"food_rnk",NA
"22057020100","tract",2019,"food_rnk",25.1298
"22057020202","tract",2019,"food_rnk",67.6865
"22057020400","tract",2019,"food_rnk",5.0609
"22057020500","tract",2019,"food_rnk",34.3151
"22057020600","tract",2019,"food_rnk",78.1074
"22057020702","tract",2019,"food_rnk",38.9401
"22057020703","tract",2019,"food_rnk",60.9075
"22057020704","tract",2019,"food_rnk",41.0616
"22057020800","tract",2019,"food_rnk",43.9207
"22057020900","tract",2019,"food_rnk",8.9963
"22057021000","tract",2019,"food_rnk",39.5368
"22057021100","tract",2019,"food_rnk",63.1178
"22057021200","tract",2019,"food_rnk",32.8016
"22057021300","tract",2019,"food_rnk",16.3775
"22057021400","tract",2019,"food_rnk",48.2072
"22057021500","tract",2019,"food_rnk",38.0741
"22057021601","tract",2019,"food_rnk",53.7054
"22057021602","tract",2019,"food_rnk",70.4906
"22057021700","tract",2019,"food_rnk",33.9568
"22057021800","tract",2019,"food_rnk",16.8514
"22057021901","tract",2019,"food_rnk",70.0096
"22057021902","tract",2019,"food_rnk",22.8744
"22057022000","tract",2019,"food_rnk",NA
"22057990000","tract",2019,"food_rnk",NA
"22059970100","tract",2019,"food_rnk",33.418
"22059970200","tract",2019,"food_rnk",25.9902
"22059970300","tract",2019,"food_rnk",42.8247
"22061960100","tract",2019,"food_rnk",64.8542
"22061960200","tract",2019,"food_rnk",38.7568
"22061960300","tract",2019,"food_rnk",3.3796
"22061960400","tract",2019,"food_rnk",40.448
"22061960500","tract",2019,"food_rnk",51.1002
"22061960600","tract",2019,"food_rnk",18.695
"22061960700","tract",2019,"food_rnk",61.2023
"22061960800","tract",2019,"food_rnk",4.3641
"22061960900","tract",2019,"food_rnk",0.9704
"22061961000","tract",2019,"food_rnk",20.2
"22063040100","tract",2019,"food_rnk",48.0253
"22063040201","tract",2019,"food_rnk",71.8235
"22063040202","tract",2019,"food_rnk",46.162
"22063040301","tract",2019,"food_rnk",50.8378
"22063040303","tract",2019,"food_rnk",66.8063
"22063040304","tract",2019,"food_rnk",48.5218
"22063040401","tract",2019,"food_rnk",25.7716
"22063040402","tract",2019,"food_rnk",51.4613
"22063040500","tract",2019,"food_rnk",46.2099
"22063040600","tract",2019,"food_rnk",53.0594
"22063040700","tract",2019,"food_rnk",21.8969
"22063040802","tract",2019,"food_rnk",54.563
"22063040804","tract",2019,"food_rnk",59.4787
"22063040805","tract",2019,"food_rnk",60.8046
"22063040806","tract",2019,"food_rnk",61.6424
"22063040901","tract",2019,"food_rnk",29.6124
"22063040902","tract",2019,"food_rnk",30.683
"22065960100","tract",2019,"food_rnk",38.4197
"22065960200","tract",2019,"food_rnk",NA
"22065960300","tract",2019,"food_rnk",2.6419
"22065960400","tract",2019,"food_rnk",0.4894
"22065960500","tract",2019,"food_rnk",6.4658
"22067950100","tract",2019,"food_rnk",43.7923
"22067950200","tract",2019,"food_rnk",46.4681
"22067950300","tract",2019,"food_rnk",73.6219
"22067950400","tract",2019,"food_rnk",2.1595
"22067950500","tract",2019,"food_rnk",5.0243
"22067950600","tract",2019,"food_rnk",22.3384
"22067950700","tract",2019,"food_rnk",24.7348
"22067950800","tract",2019,"food_rnk",7.2063
"22069000100","tract",2019,"food_rnk",16.4396
"22069000200","tract",2019,"food_rnk",6.7634
"22069000300","tract",2019,"food_rnk",33.394
"22069000400","tract",2019,"food_rnk",1.1905
"22069000500","tract",2019,"food_rnk",42.4481
"22069000600","tract",2019,"food_rnk",3.7929
"22069000700","tract",2019,"food_rnk",1.3188
"22069000800","tract",2019,"food_rnk",30.5631
"22069000900","tract",2019,"food_rnk",16.2111
"22071000100","tract",2019,"food_rnk",77.4317
"22071000200","tract",2019,"food_rnk",26.1566
"22071000300","tract",2019,"food_rnk",17.2041
"22071000400","tract",2019,"food_rnk",37.3688
"22071000601","tract",2019,"food_rnk",0.1143
"22071000602","tract",2019,"food_rnk",25.4866
"22071000603","tract",2019,"food_rnk",3.6941
"22071000604","tract",2019,"food_rnk",8.9088
"22071000605","tract",2019,"food_rnk",51.3358
"22071000606","tract",2019,"food_rnk",36.8117
"22071000607","tract",2019,"food_rnk",56.4573
"22071000611","tract",2019,"food_rnk",17.4805
"22071000612","tract",2019,"food_rnk",48.0662
"22071000613","tract",2019,"food_rnk",7.7183
"22071000615","tract",2019,"food_rnk",23.9872
"22071000616","tract",2019,"food_rnk",37.7736
"22071000617","tract",2019,"food_rnk",27.5037
"22071000618","tract",2019,"food_rnk",46.5442
"22071000701","tract",2019,"food_rnk",5.0553
"22071000702","tract",2019,"food_rnk",5.3289
"22071000800","tract",2019,"food_rnk",15.1955
"22071000901","tract",2019,"food_rnk",19.6076
"22071000902","tract",2019,"food_rnk",4.8465
"22071000903","tract",2019,"food_rnk",1.1326
"22071000904","tract",2019,"food_rnk",6.817
"22071001100","tract",2019,"food_rnk",19.5032
"22071001200","tract",2019,"food_rnk",68.9912
"22071001301","tract",2019,"food_rnk",18.3198
"22071001302","tract",2019,"food_rnk",17.0842
"22071001401","tract",2019,"food_rnk",5.494
"22071001402","tract",2019,"food_rnk",21.6514
"22071001500","tract",2019,"food_rnk",7.4645
"22071001600","tract",2019,"food_rnk",NA
"22071001701","tract",2019,"food_rnk",13.1559
"22071001702","tract",2019,"food_rnk",33.394
"22071001720","tract",2019,"food_rnk",2.168
"22071001722","tract",2019,"food_rnk",5.5137
"22071001723","tract",2019,"food_rnk",25.7109
"22071001724","tract",2019,"food_rnk",16.0122
"22071001725","tract",2019,"food_rnk",9.2995
"22071001730","tract",2019,"food_rnk",17.1674
"22071001734","tract",2019,"food_rnk",57.0596
"22071001735","tract",2019,"food_rnk",6.4164
"22071001736","tract",2019,"food_rnk",7.8538
"22071001737","tract",2019,"food_rnk",5.7916
"22071001739","tract",2019,"food_rnk",11.8681
"22071001740","tract",2019,"food_rnk",18.5314
"22071001741","tract",2019,"food_rnk",30.683
"22071001743","tract",2019,"food_rnk",7.9186
"22071001744","tract",2019,"food_rnk",5.5095
"22071001745","tract",2019,"food_rnk",7.5025
"22071001746","tract",2019,"food_rnk",11.9753
"22071001747","tract",2019,"food_rnk",88.7441
"22071001748","tract",2019,"food_rnk",21.0195
"22071001749","tract",2019,"food_rnk",15.2985
"22071001750","tract",2019,"food_rnk",6.7761
"22071001751","tract",2019,"food_rnk",0.4528
"22071001800","tract",2019,"food_rnk",73.117
"22071001900","tract",2019,"food_rnk",4.1963
"22071002000","tract",2019,"food_rnk",7.7776
"22071002100","tract",2019,"food_rnk",4.288
"22071002200","tract",2019,"food_rnk",1.2568
"22071002300","tract",2019,"food_rnk",5.573
"22071002401","tract",2019,"food_rnk",27.2244
"22071002402","tract",2019,"food_rnk",11.9612
"22071002501","tract",2019,"food_rnk",15.3239
"22071002502","tract",2019,"food_rnk",37.8258
"22071002503","tract",2019,"food_rnk",41.5383
"22071002504","tract",2019,"food_rnk",25.8985
"22071002600","tract",2019,"food_rnk",34.3348
"22071002700","tract",2019,"food_rnk",20.0195
"22071002800","tract",2019,"food_rnk",0.8082
"22071002900","tract",2019,"food_rnk",7.9765
"22071003000","tract",2019,"food_rnk",9.8835
"22071003100","tract",2019,"food_rnk",1.7815
"22071003301","tract",2019,"food_rnk",63.3731
"22071003302","tract",2019,"food_rnk",41.8387
"22071003303","tract",2019,"food_rnk",14.6172
"22071003304","tract",2019,"food_rnk",11.9809
"22071003307","tract",2019,"food_rnk",11.6396
"22071003308","tract",2019,"food_rnk",16.7682
"22071003400","tract",2019,"food_rnk",10.8116
"22071003500","tract",2019,"food_rnk",4.027
"22071003600","tract",2019,"food_rnk",3.9043
"22071003701","tract",2019,"food_rnk",33.6451
"22071003702","tract",2019,"food_rnk",38.9021
"22071003800","tract",2019,"food_rnk",74.3469
"22071003900","tract",2019,"food_rnk",32.2754
"22071004000","tract",2019,"food_rnk",12.6453
"22071004100","tract",2019,"food_rnk",74.9168
"22071004401","tract",2019,"food_rnk",7.0286
"22071004402","tract",2019,"food_rnk",1.608
"22071004500","tract",2019,"food_rnk",41.5708
"22071004600","tract",2019,"food_rnk",59.5563
"22071004800","tract",2019,"food_rnk",1.5657
"22071004900","tract",2019,"food_rnk",4.5207
"22071005000","tract",2019,"food_rnk",20.4737
"22071005400","tract",2019,"food_rnk",44.4313
"22071005500","tract",2019,"food_rnk",87.2433
"22071005601","tract",2019,"food_rnk",72.5429
"22071005602","tract",2019,"food_rnk",96.2198
"22071005603","tract",2019,"food_rnk",85.2643
"22071005604","tract",2019,"food_rnk",86.8582
"22071006000","tract",2019,"food_rnk",NA
"22071006300","tract",2019,"food_rnk",37.7285
"22071006400","tract",2019,"food_rnk",64.1249
"22071006500","tract",2019,"food_rnk",14.5128
"22071006900","tract",2019,"food_rnk",6.5236
"22071007000","tract",2019,"food_rnk",NA
"22071007101","tract",2019,"food_rnk",NA
"22071007200","tract",2019,"food_rnk",6.5603
"22071007501","tract",2019,"food_rnk",4.3966
"22071007502","tract",2019,"food_rnk",5.4502
"22071007604","tract",2019,"food_rnk",89.9557
"22071007605","tract",2019,"food_rnk",4.5052
"22071007606","tract",2019,"food_rnk",59.016
"22071007700","tract",2019,"food_rnk",84.954
"22071007800","tract",2019,"food_rnk",53.106
"22071008200","tract",2019,"food_rnk",79.2739
"22071008300","tract",2019,"food_rnk",83.0498
"22071008400","tract",2019,"food_rnk",37.8766
"22071008500","tract",2019,"food_rnk",15.9332
"22071008600","tract",2019,"food_rnk",18.0842
"22071008800","tract",2019,"food_rnk",70.7388
"22071009000","tract",2019,"food_rnk",87.7793
"22071009100","tract",2019,"food_rnk",36.476
"22071009200","tract",2019,"food_rnk",4.5743
"22071009400","tract",2019,"food_rnk",3.4769
"22071009600","tract",2019,"food_rnk",44.2239
"22071009700","tract",2019,"food_rnk",83.827
"22071009900","tract",2019,"food_rnk",86.9725
"22071010000","tract",2019,"food_rnk",13.4324
"22071010100","tract",2019,"food_rnk",71.5203
"22071010200","tract",2019,"food_rnk",18.963
"22071010300","tract",2019,"food_rnk",16.7598
"22071010600","tract",2019,"food_rnk",73.9492
"22071010700","tract",2019,"food_rnk",81.2881
"22071010800","tract",2019,"food_rnk",81.7014
"22071010900","tract",2019,"food_rnk",72.4822
"22071011100","tract",2019,"food_rnk",53.3711
"22071011200","tract",2019,"food_rnk",63.6651
"22071011400","tract",2019,"food_rnk",85.885
"22071011500","tract",2019,"food_rnk",82.645
"22071011600","tract",2019,"food_rnk",79.6773
"22071011700","tract",2019,"food_rnk",92.5623
"22071011900","tract",2019,"food_rnk",86.4365
"22071012000","tract",2019,"food_rnk",86.6001
"22071012101","tract",2019,"food_rnk",88.7638
"22071012102","tract",2019,"food_rnk",NA
"22071012200","tract",2019,"food_rnk",81.0342
"22071012300","tract",2019,"food_rnk",30.343
"22071012400","tract",2019,"food_rnk",23.897
"22071012500","tract",2019,"food_rnk",59.8553
"22071012600","tract",2019,"food_rnk",81.7155
"22071012700","tract",2019,"food_rnk",78.1962
"22071012800","tract",2019,"food_rnk",71.8038
"22071012900","tract",2019,"food_rnk",39.0981
"22071013000","tract",2019,"food_rnk",35.8948
"22071013100","tract",2019,"food_rnk",20.0575
"22071013200","tract",2019,"food_rnk",41.8387
"22071013301","tract",2019,"food_rnk",98.038
"22071013302","tract",2019,"food_rnk",80.3346
"22071013400","tract",2019,"food_rnk",63.713
"22071013500","tract",2019,"food_rnk",85.3334
"22071013600","tract",2019,"food_rnk",41.1857
"22071013700","tract",2019,"food_rnk",1.103
"22071013800","tract",2019,"food_rnk",12.9485
"22071013900","tract",2019,"food_rnk",24.2482
"22071014000","tract",2019,"food_rnk",3.8253
"22071014100","tract",2019,"food_rnk",2.3034
"22071014200","tract",2019,"food_rnk",77.7477
"22071014300","tract",2019,"food_rnk",3.2724
"22071014400","tract",2019,"food_rnk",52.7138
"22071014500","tract",2019,"food_rnk",NA
"22071980000","tract",2019,"food_rnk",NA
"22071980100","tract",2019,"food_rnk",NA
"22071990000","tract",2019,"food_rnk",NA
"22073000100","tract",2019,"food_rnk",37.8442
"22073000200","tract",2019,"food_rnk",98.3384
"22073000401","tract",2019,"food_rnk",NA
"22073000402","tract",2019,"food_rnk",12.0529
"22073000500","tract",2019,"food_rnk",3.24
"22073000600","tract",2019,"food_rnk",2.5911
"22073000700","tract",2019,"food_rnk",0.1199
"22073000900","tract",2019,"food_rnk",0.0846
"22073001100","tract",2019,"food_rnk",0.402
"22073001400","tract",2019,"food_rnk",1.1002
"22073001500","tract",2019,"food_rnk",1.3273
"22073001700","tract",2019,"food_rnk",62.397
"22073005100","tract",2019,"food_rnk",32.3939
"22073005201","tract",2019,"food_rnk",99.1354
"22073005203","tract",2019,"food_rnk",40.448
"22073005204","tract",2019,"food_rnk",88.0628
"22073005301","tract",2019,"food_rnk",81.4715
"22073005302","tract",2019,"food_rnk",87.0472
"22073005400","tract",2019,"food_rnk",10.7735
"22073005500","tract",2019,"food_rnk",21.3778
"22073005800","tract",2019,"food_rnk",11.3772
"22073005900","tract",2019,"food_rnk",4.4177
"22073010101","tract",2019,"food_rnk",56.4362
"22073010102","tract",2019,"food_rnk",12.1177
"22073010201","tract",2019,"food_rnk",27.6786
"22073010202","tract",2019,"food_rnk",96.1451
"22073010301","tract",2019,"food_rnk",64.6708
"22073010302","tract",2019,"food_rnk",43.884
"22073010400","tract",2019,"food_rnk",61.3307
"22073010502","tract",2019,"food_rnk",42.2041
"22073010503","tract",2019,"food_rnk",52.5643
"22073010504","tract",2019,"food_rnk",57.9454
"22073010603","tract",2019,"food_rnk",NA
"22073010604","tract",2019,"food_rnk",8.8312
"22073010700","tract",2019,"food_rnk",0.2356
"22073010800","tract",2019,"food_rnk",4.9862
"22073010900","tract",2019,"food_rnk",10.7439
"22073011000","tract",2019,"food_rnk",1.8026
"22073011100","tract",2019,"food_rnk",23.8659
"22073980000","tract",2019,"food_rnk",NA
"22075050100","tract",2019,"food_rnk",44.3325
"22075050200","tract",2019,"food_rnk",50.1707
"22075050300","tract",2019,"food_rnk",70.3636
"22075050400","tract",2019,"food_rnk",51.2201
"22075050500","tract",2019,"food_rnk",6.975
"22075050600","tract",2019,"food_rnk",3.515
"22075050700","tract",2019,"food_rnk",13.39
"22075050800","tract",2019,"food_rnk",32.2388
"22075990000","tract",2019,"food_rnk",NA
"22077951900","tract",2019,"food_rnk",15.6243
"22077952000","tract",2019,"food_rnk",23.6459
"22077952100","tract",2019,"food_rnk",36.2037
"22077952200","tract",2019,"food_rnk",33.2007
"22077952300","tract",2019,"food_rnk",53.0326
"22077952400","tract",2019,"food_rnk",22.9463
"22079010100","tract",2019,"food_rnk",64.9303
"22079010300","tract",2019,"food_rnk",9.3658
"22079010400","tract",2019,"food_rnk",57.3996
"22079010500","tract",2019,"food_rnk",10.0838
"22079010600","tract",2019,"food_rnk",49.7673
"22079010700","tract",2019,"food_rnk",33.8129
"22079011000","tract",2019,"food_rnk",1.4387
"22079011300","tract",2019,"food_rnk",71.6994
"22079011500","tract",2019,"food_rnk",27.5728
"22079011600","tract",2019,"food_rnk",48.3934
"22079011700","tract",2019,"food_rnk",1.292
"22079012000","tract",2019,"food_rnk",0.7053
"22079012100","tract",2019,"food_rnk",10.8158
"22079012200","tract",2019,"food_rnk",12.4295
"22079012301","tract",2019,"food_rnk",94.5554
"22079012302","tract",2019,"food_rnk",76.3358
"22079012400","tract",2019,"food_rnk",48.3666
"22079012500","tract",2019,"food_rnk",22.7516
"22079012600","tract",2019,"food_rnk",29.1892
"22079012700","tract",2019,"food_rnk",2.3527
"22079012800","tract",2019,"food_rnk",11.9612
"22079012900","tract",2019,"food_rnk",2.3683
"22079013000","tract",2019,"food_rnk",22.6543
"22079013100","tract",2019,"food_rnk",13.2335
"22079013200","tract",2019,"food_rnk",69.1125
"22079013300","tract",2019,"food_rnk",42.1561
"22079013400","tract",2019,"food_rnk",36.0302
"22079013500","tract",2019,"food_rnk",46.4116
"22079013600","tract",2019,"food_rnk",45.9405
"22079013700","tract",2019,"food_rnk",23.5796
"22079013800","tract",2019,"food_rnk",25.2877
"22079013900","tract",2019,"food_rnk",1.4712
"22079980000","tract",2019,"food_rnk",NA
"22081960100","tract",2019,"food_rnk",52.924
"22081960300","tract",2019,"food_rnk",10.7256
"22083970100","tract",2019,"food_rnk",33.0005
"22083970200","tract",2019,"food_rnk",14.2194
"22083970300","tract",2019,"food_rnk",32.6083
"22083970400","tract",2019,"food_rnk",34.7354
"22083970500","tract",2019,"food_rnk",3.5855
"22083970600","tract",2019,"food_rnk",18.7105
"22085000100","tract",2019,"food_rnk",30.7211
"22085000200","tract",2019,"food_rnk",27.3795
"22085000300","tract",2019,"food_rnk",4.5263
"22085000400","tract",2019,"food_rnk",36.2249
"22085000500","tract",2019,"food_rnk",16.5905
"22085000600","tract",2019,"food_rnk",25.5021
"22085000700","tract",2019,"food_rnk",46.3961
"22087030103","tract",2019,"food_rnk",14.383
"22087030104","tract",2019,"food_rnk",18.2112
"22087030105","tract",2019,"food_rnk",89.9557
"22087030203","tract",2019,"food_rnk",15.7696
"22087030204","tract",2019,"food_rnk",8.3446
"22087030206","tract",2019,"food_rnk",54.3416
"22087030207","tract",2019,"food_rnk",46.7036
"22087030208","tract",2019,"food_rnk",48.5218
"22087030209","tract",2019,"food_rnk",55.7747
"22087030300","tract",2019,"food_rnk",26.1425
"22087030400","tract",2019,"food_rnk",41.8543
"22087030500","tract",2019,"food_rnk",58.4405
"22087030601","tract",2019,"food_rnk",9.9046
"22087030602","tract",2019,"food_rnk",39.9543
"22087030603","tract",2019,"food_rnk",5.494
"22087030700","tract",2019,"food_rnk",12.9894
"22087030800","tract",2019,"food_rnk",10.3278
"22087990000","tract",2019,"food_rnk",NA
"22089060100","tract",2019,"food_rnk",56.3219
"22089062100","tract",2019,"food_rnk",38.6058
"22089062200","tract",2019,"food_rnk",24.5063
"22089062301","tract",2019,"food_rnk",45.918
"22089062302","tract",2019,"food_rnk",49.282
"22089062400","tract",2019,"food_rnk",17.3494
"22089062500","tract",2019,"food_rnk",47.9153
"22089062700","tract",2019,"food_rnk",20.7684
"22089062800","tract",2019,"food_rnk",20.6218
"22089062900","tract",2019,"food_rnk",26.3202
"22089063000","tract",2019,"food_rnk",21.2734
"22089063100","tract",2019,"food_rnk",67.9968
"22089063200","tract",2019,"food_rnk",29.8451
"22091951100","tract",2019,"food_rnk",37.8061
"22091951200","tract",2019,"food_rnk",10.0513
"22093040100","tract",2019,"food_rnk",25.962
"22093040200","tract",2019,"food_rnk",17.3282
"22093040300","tract",2019,"food_rnk",64.5227
"22093040400","tract",2019,"food_rnk",24.7193
"22093040500","tract",2019,"food_rnk",8.5886
"22093040600","tract",2019,"food_rnk",22.8179
"22093040700","tract",2019,"food_rnk",58.418
"22095070100","tract",2019,"food_rnk",66.5059
"22095070200","tract",2019,"food_rnk",41.4509
"22095070300","tract",2019,"food_rnk",26.5755
"22095070400","tract",2019,"food_rnk",41.2675
"22095070500","tract",2019,"food_rnk",16.9375
"22095070600","tract",2019,"food_rnk",18.2225
"22095070700","tract",2019,"food_rnk",19.1055
"22095070800","tract",2019,"food_rnk",7.7875
"22095070900","tract",2019,"food_rnk",10.1261
"22095071000","tract",2019,"food_rnk",31.2994
"22095071100","tract",2019,"food_rnk",24.8984
"22097960100","tract",2019,"food_rnk",45.1605
"22097960200","tract",2019,"food_rnk",26.0819
"22097960300","tract",2019,"food_rnk",24.6812
"22097960400","tract",2019,"food_rnk",36.0641
"22097960500","tract",2019,"food_rnk",45.0519
"22097960600","tract",2019,"food_rnk",69.5653
"22097960700","tract",2019,"food_rnk",33.5703
"22097960800","tract",2019,"food_rnk",74.6516
"22097960900","tract",2019,"food_rnk",7.6563
"22097961000","tract",2019,"food_rnk",11.5394
"22097961100","tract",2019,"food_rnk",34.8976
"22097961200","tract",2019,"food_rnk",53.9438
"22097961300","tract",2019,"food_rnk",4.9227
"22097961400","tract",2019,"food_rnk",12.4154
"22097961500","tract",2019,"food_rnk",18.0659
"22097961600","tract",2019,"food_rnk",3.5616
"22097961700","tract",2019,"food_rnk",29.8889
"22097961800","tract",2019,"food_rnk",48.9844
"22097961900","tract",2019,"food_rnk",15.3549
"22099020100","tract",2019,"food_rnk",43.4637
"22099020200","tract",2019,"food_rnk",43.2549
"22099020301","tract",2019,"food_rnk",38.3252
"22099020302","tract",2019,"food_rnk",20.9941
"22099020400","tract",2019,"food_rnk",40.3041
"22099020501","tract",2019,"food_rnk",11.5352
"22099020502","tract",2019,"food_rnk",14.5551
"22099020600","tract",2019,"food_rnk",16.0122
"22099020800","tract",2019,"food_rnk",29.5969
"22099020900","tract",2019,"food_rnk",29.5785
"22099021000","tract",2019,"food_rnk",56.9228
"22101040100","tract",2019,"food_rnk",29.6688
"22101040200","tract",2019,"food_rnk",36.3194
"22101040300","tract",2019,"food_rnk",15.3464
"22101040400","tract",2019,"food_rnk",11.6918
"22101040500","tract",2019,"food_rnk",23.8504
"22101040600","tract",2019,"food_rnk",13.6806
"22101040700","tract",2019,"food_rnk",10.6127
"22101040800","tract",2019,"food_rnk",41.0432
"22101040900","tract",2019,"food_rnk",25.1608
"22101041000","tract",2019,"food_rnk",41.2181
"22101041100","tract",2019,"food_rnk",4.3303
"22101041200","tract",2019,"food_rnk",8.4673
"22101041300","tract",2019,"food_rnk",40.826
"22101041400","tract",2019,"food_rnk",5.6449
"22101041500","tract",2019,"food_rnk",21.3891
"22101041600","tract",2019,"food_rnk",22.7093
"22101990000","tract",2019,"food_rnk",NA
"22103040102","tract",2019,"food_rnk",64.5805
"22103040103","tract",2019,"food_rnk",56.0638
"22103040104","tract",2019,"food_rnk",60.672
"22103040201","tract",2019,"food_rnk",69.1435
"22103040202","tract",2019,"food_rnk",82.188
"22103040303","tract",2019,"food_rnk",81.6703
"22103040304","tract",2019,"food_rnk",96.6994
"22103040305","tract",2019,"food_rnk",99.8279
"22103040400","tract",2019,"food_rnk",84.9075
"22103040501","tract",2019,"food_rnk",9.3757
"22103040502","tract",2019,"food_rnk",59.8553
"22103040601","tract",2019,"food_rnk",94.9898
"22103040602","tract",2019,"food_rnk",92.9051
"22103040604","tract",2019,"food_rnk",51.0311
"22103040605","tract",2019,"food_rnk",96.2396
"22103040701","tract",2019,"food_rnk",71.2946
"22103040704","tract",2019,"food_rnk",44.389
"22103040705","tract",2019,"food_rnk",35.1642
"22103040706","tract",2019,"food_rnk",40.6553
"22103040708","tract",2019,"food_rnk",77.4628
"22103040709","tract",2019,"food_rnk",64.3365
"22103040710","tract",2019,"food_rnk",57.8157
"22103040801","tract",2019,"food_rnk",27.1764
"22103040802","tract",2019,"food_rnk",68.1139
"22103040803","tract",2019,"food_rnk",48.1452
"22103040900","tract",2019,"food_rnk",9.1007
"22103041002","tract",2019,"food_rnk",70.8573
"22103041003","tract",2019,"food_rnk",59.2741
"22103041004","tract",2019,"food_rnk",27.443
"22103041101","tract",2019,"food_rnk",31.0638
"22103041102","tract",2019,"food_rnk",38.9867
"22103041103","tract",2019,"food_rnk",15.7103
"22103041104","tract",2019,"food_rnk",50.5134
"22103041202","tract",2019,"food_rnk",44.8573
"22103041204","tract",2019,"food_rnk",35.8624
"22103041207","tract",2019,"food_rnk",60.9781
"22103041208","tract",2019,"food_rnk",97.6853
"22103041209","tract",2019,"food_rnk",85.5281
"22103041210","tract",2019,"food_rnk",54.91
"22103041211","tract",2019,"food_rnk",78.7492
"22103041212","tract",2019,"food_rnk",95.4201
"22103041300","tract",2019,"food_rnk",76.773
"22103990000","tract",2019,"food_rnk",NA
"22105953200","tract",2019,"food_rnk",23.0055
"22105953300","tract",2019,"food_rnk",6.2627
"22105953400","tract",2019,"food_rnk",6.1061
"22105953500","tract",2019,"food_rnk",14.3351
"22105953600","tract",2019,"food_rnk",7.4913
"22105953700","tract",2019,"food_rnk",53.8535
"22105953800","tract",2019,"food_rnk",9.5379
"22105953900","tract",2019,"food_rnk",15.874
"22105954001","tract",2019,"food_rnk",21.7502
"22105954002","tract",2019,"food_rnk",35.5634
"22105954101","tract",2019,"food_rnk",28.6025
"22105954102","tract",2019,"food_rnk",20.7826
"22105954200","tract",2019,"food_rnk",NA
"22105954300","tract",2019,"food_rnk",3.7224
"22105954400","tract",2019,"food_rnk",7.7607
"22105954501","tract",2019,"food_rnk",25.8195
"22105954502","tract",2019,"food_rnk",25.4598
"22105954600","tract",2019,"food_rnk",67.0376
"22105954700","tract",2019,"food_rnk",25.3752
"22105954800","tract",2019,"food_rnk",37.1742
"22107000100","tract",2019,"food_rnk",21.2452
"22107000200","tract",2019,"food_rnk",11.6918
"22107000300","tract",2019,"food_rnk",4.4065
"22109000101","tract",2019,"food_rnk",13.4394
"22109000102","tract",2019,"food_rnk",42.2831
"22109000201","tract",2019,"food_rnk",30.9721
"22109000202","tract",2019,"food_rnk",54.0792
"22109000300","tract",2019,"food_rnk",15.6243
"22109000401","tract",2019,"food_rnk",37.0895
"22109000402","tract",2019,"food_rnk",37.8625
"22109000500","tract",2019,"food_rnk",21.1197
"22109000600","tract",2019,"food_rnk",32.4659
"22109000700","tract",2019,"food_rnk",8.6253
"22109000800","tract",2019,"food_rnk",26.3033
"22109000900","tract",2019,"food_rnk",10.3222
"22109001000","tract",2019,"food_rnk",76.8562
"22109001100","tract",2019,"food_rnk",26.3033
"22109001201","tract",2019,"food_rnk",34.5619
"22109001202","tract",2019,"food_rnk",22.9576
"22109001300","tract",2019,"food_rnk",18.7176
"22109001400","tract",2019,"food_rnk",8.1373
"22109001500","tract",2019,"food_rnk",74.4894
"22109001600","tract",2019,"food_rnk",11.5733
"22109001700","tract",2019,"food_rnk",87.9612
"22109990000","tract",2019,"food_rnk",NA
"22111960100","tract",2019,"food_rnk",36.1882
"22111960200","tract",2019,"food_rnk",28.546
"22111960300","tract",2019,"food_rnk",41.3874
"22111960400","tract",2019,"food_rnk",7.329
"22111960500","tract",2019,"food_rnk",56.2824
"22111960600","tract",2019,"food_rnk",50.3738
"22113950100","tract",2019,"food_rnk",42.6413
"22113950200","tract",2019,"food_rnk",41.7231
"22113950400","tract",2019,"food_rnk",16.0348
"22113950500","tract",2019,"food_rnk",49.2242
"22113950600","tract",2019,"food_rnk",51.1369
"22113950700","tract",2019,"food_rnk",22.296
"22113950800","tract",2019,"food_rnk",14.2349
"22113950901","tract",2019,"food_rnk",22.4032
"22113950902","tract",2019,"food_rnk",44.6288
"22113951001","tract",2019,"food_rnk",15.3916
"22113951002","tract",2019,"food_rnk",44.2352
"22113951100","tract",2019,"food_rnk",39.5128
"22113990000","tract",2019,"food_rnk",NA
"22115950100","tract",2019,"food_rnk",29.0355
"22115950200","tract",2019,"food_rnk",56.7479
"22115950300","tract",2019,"food_rnk",47.7672
"22115950400","tract",2019,"food_rnk",11.8314
"22115950500","tract",2019,"food_rnk",22.8292
"22115950600","tract",2019,"food_rnk",54.91
"22115950701","tract",2019,"food_rnk",NA
"22115950702","tract",2019,"food_rnk",81.3727
"22115950703","tract",2019,"food_rnk",86.5225
"22115950704","tract",2019,"food_rnk",90.7597
"22115950800","tract",2019,"food_rnk",18.5624
"22115950900","tract",2019,"food_rnk",65.9276
"22117950101","tract",2019,"food_rnk",NA
"22117950102","tract",2019,"food_rnk",25.8632
"22117950200","tract",2019,"food_rnk",39.2025
"22117950300","tract",2019,"food_rnk",7.8129
"22117950400","tract",2019,"food_rnk",25.8985
"22117950500","tract",2019,"food_rnk",22.3073
"22117950600","tract",2019,"food_rnk",16.448
"22117950700","tract",2019,"food_rnk",7.0286
"22117950800","tract",2019,"food_rnk",4.5898
"22117950900","tract",2019,"food_rnk",0.6432
"22117951000","tract",2019,"food_rnk",14.2998
"22119031100","tract",2019,"food_rnk",42.2041
"22119031200","tract",2019,"food_rnk",10.7439
"22119031300","tract",2019,"food_rnk",3.8916
"22119031400","tract",2019,"food_rnk",24.8857
"22119031500","tract",2019,"food_rnk",23.7855
"22119031600","tract",2019,"food_rnk",83.1641
"22119031700","tract",2019,"food_rnk",2.491
"22119031800","tract",2019,"food_rnk",8.9384
"22119031900","tract",2019,"food_rnk",2.3118
"22119032000","tract",2019,"food_rnk",34.4801
"22119032100","tract",2019,"food_rnk",58.5957
"22121020100","tract",2019,"food_rnk",30.9608
"22121020200","tract",2019,"food_rnk",16.2379
"22121020300","tract",2019,"food_rnk",43.4975
"22121020401","tract",2019,"food_rnk",34.04
"22121020402","tract",2019,"food_rnk",60.4674
"22123000100","tract",2019,"food_rnk",59.1613
"22123000200","tract",2019,"food_rnk",31.6661
"22123000300","tract",2019,"food_rnk",31.4221
"22125951701","tract",2019,"food_rnk",57.236
"22125951702","tract",2019,"food_rnk",NA
"22125951800","tract",2019,"food_rnk",34.466
"22127960100","tract",2019,"food_rnk",39.139
"22127960200","tract",2019,"food_rnk",60.0048
"22127960300","tract",2019,"food_rnk",46.0661
"22127960400","tract",2019,"food_rnk",5.7986
"22001960100","tract",2019,"food_state_rnk",48.1752
"22001960200","tract",2019,"food_state_rnk",91.7883
"22001960300","tract",2019,"food_state_rnk",83.1204
"22001960400","tract",2019,"food_state_rnk",71.2591
"22001960500","tract",2019,"food_state_rnk",67.3814
"22001960600","tract",2019,"food_state_rnk",50.7299
"22001960700","tract",2019,"food_state_rnk",24.3613
"22001960800","tract",2019,"food_state_rnk",29.927
"22001960900","tract",2019,"food_state_rnk",8.8047
"22001961000","tract",2019,"food_state_rnk",17.2445
"22001961100","tract",2019,"food_state_rnk",25.8212
"22001961200","tract",2019,"food_state_rnk",50.3193
"22003950100","tract",2019,"food_state_rnk",44.6168
"22003950200","tract",2019,"food_state_rnk",NA
"22003950300","tract",2019,"food_state_rnk",16.8796
"22003950400","tract",2019,"food_state_rnk",22.354
"22003950500","tract",2019,"food_state_rnk",70.5292
"22005030101","tract",2019,"food_state_rnk",80.0182
"22005030102","tract",2019,"food_state_rnk",67.792
"22005030103","tract",2019,"food_state_rnk",51.5511
"22005030203","tract",2019,"food_state_rnk",92.8832
"22005030204","tract",2019,"food_state_rnk",91.4234
"22005030205","tract",2019,"food_state_rnk",86.8613
"22005030206","tract",2019,"food_state_rnk",84.3978
"22005030300","tract",2019,"food_state_rnk",99.8175
"22005030401","tract",2019,"food_state_rnk",47.4909
"22005030402","tract",2019,"food_state_rnk",63.7774
"22005030500","tract",2019,"food_state_rnk",64.9179
"22005030600","tract",2019,"food_state_rnk",27.1898
"22005030900","tract",2019,"food_state_rnk",11.4051
"22005031000","tract",2019,"food_state_rnk",46.396
"22007050100","tract",2019,"food_state_rnk",41.8796
"22007050200","tract",2019,"food_state_rnk",75.365
"22007050300","tract",2019,"food_state_rnk",24.0876
"22007050400","tract",2019,"food_state_rnk",60.219
"22007050500","tract",2019,"food_state_rnk",18.7044
"22007050600","tract",2019,"food_state_rnk",49.7263
"22009030100","tract",2019,"food_state_rnk",82.938
"22009030200","tract",2019,"food_state_rnk",44.9361
"22009030300","tract",2019,"food_state_rnk",35.0821
"22009030400","tract",2019,"food_state_rnk",39.5073
"22009030500","tract",2019,"food_state_rnk",41.4234
"22009030600","tract",2019,"food_state_rnk",35.219
"22009030700","tract",2019,"food_state_rnk",NA
"22009030800","tract",2019,"food_state_rnk",57.573
"22009030900","tract",2019,"food_state_rnk",15.0547
"22011960100","tract",2019,"food_state_rnk",73.3577
"22011960200","tract",2019,"food_state_rnk",85.219
"22011960300","tract",2019,"food_state_rnk",33.0292
"22011960400","tract",2019,"food_state_rnk",50
"22011960500","tract",2019,"food_state_rnk",47.6277
"22011960600","tract",2019,"food_state_rnk",70.1642
"22011960700","tract",2019,"food_state_rnk",64.781
"22013970100","tract",2019,"food_state_rnk",21.1223
"22013970200","tract",2019,"food_state_rnk",68.1113
"22013970300","tract",2019,"food_state_rnk",15.4197
"22013970400","tract",2019,"food_state_rnk",32.0712
"22013970500","tract",2019,"food_state_rnk",36.7701
"22015010400","tract",2019,"food_state_rnk",7.208
"22015010500","tract",2019,"food_state_rnk",26.0949
"22015010601","tract",2019,"food_state_rnk",34.0328
"22015010602","tract",2019,"food_state_rnk",16.0584
"22015010701","tract",2019,"food_state_rnk",50.4562
"22015010702","tract",2019,"food_state_rnk",41.6058
"22015010801","tract",2019,"food_state_rnk",19.0693
"22015010804","tract",2019,"food_state_rnk",86.4964
"22015010805","tract",2019,"food_state_rnk",79.1058
"22015010806","tract",2019,"food_state_rnk",69.9818
"22015010900","tract",2019,"food_state_rnk",NA
"22015011001","tract",2019,"food_state_rnk",60.4015
"22015011002","tract",2019,"food_state_rnk",89.4161
"22015011103","tract",2019,"food_state_rnk",84.5803
"22015011105","tract",2019,"food_state_rnk",78.6496
"22015011106","tract",2019,"food_state_rnk",35.4015
"22015011107","tract",2019,"food_state_rnk",43.6131
"22015011108","tract",2019,"food_state_rnk",99.1788
"22015011109","tract",2019,"food_state_rnk",92.427
"22015011110","tract",2019,"food_state_rnk",96.6241
"22015011200","tract",2019,"food_state_rnk",67.9745
"22015011300","tract",2019,"food_state_rnk",0.4562
"22017020500","tract",2019,"food_state_rnk",5.5657
"22017020600","tract",2019,"food_state_rnk",1.6423
"22017020700","tract",2019,"food_state_rnk",12.7737
"22017021000","tract",2019,"food_state_rnk",14.188
"22017021100","tract",2019,"food_state_rnk",12.6825
"22017021200","tract",2019,"food_state_rnk",19.2518
"22017021300","tract",2019,"food_state_rnk",4.1058
"22017021400","tract",2019,"food_state_rnk",84.4891
"22017021500","tract",2019,"food_state_rnk",93.7956
"22017021600","tract",2019,"food_state_rnk",69.708
"22017021700","tract",2019,"food_state_rnk",1.1861
"22017021800","tract",2019,"food_state_rnk",17.1533
"22017021900","tract",2019,"food_state_rnk",27.646
"22017022000","tract",2019,"food_state_rnk",23.7226
"22017022100","tract",2019,"food_state_rnk",29.7445
"22017022200","tract",2019,"food_state_rnk",14.6898
"22017022300","tract",2019,"food_state_rnk",5.0182
"22017022400","tract",2019,"food_state_rnk",2.8285
"22017022500","tract",2019,"food_state_rnk",14.4161
"22017022600","tract",2019,"food_state_rnk",85.9489
"22017022700","tract",2019,"food_state_rnk",85.0365
"22017022800","tract",2019,"food_state_rnk",88.2299
"22017022900","tract",2019,"food_state_rnk",45.8942
"22017023000","tract",2019,"food_state_rnk",75
"22017023100","tract",2019,"food_state_rnk",87.9562
"22017023200","tract",2019,"food_state_rnk",12.865
"22017023300","tract",2019,"food_state_rnk",2.281
"22017023400","tract",2019,"food_state_rnk",6.3869
"22017023500","tract",2019,"food_state_rnk",6.2044
"22017023600","tract",2019,"food_state_rnk",11.6788
"22017023700","tract",2019,"food_state_rnk",11.8613
"22017023800","tract",2019,"food_state_rnk",23.9964
"22017023901","tract",2019,"food_state_rnk",91.3321
"22017023903","tract",2019,"food_state_rnk",35.5839
"22017023904","tract",2019,"food_state_rnk",77.4635
"22017023905","tract",2019,"food_state_rnk",72.6277
"22017024000","tract",2019,"food_state_rnk",99.9088
"22017024102","tract",2019,"food_state_rnk",62.135
"22017024104","tract",2019,"food_state_rnk",45.3467
"22017024106","tract",2019,"food_state_rnk",71.9434
"22017024107","tract",2019,"food_state_rnk",65.8759
"22017024108","tract",2019,"food_state_rnk",70.2555
"22017024109","tract",2019,"food_state_rnk",56.1131
"22017024201","tract",2019,"food_state_rnk",41.5146
"22017024202","tract",2019,"food_state_rnk",57.3905
"22017024203","tract",2019,"food_state_rnk",49.1788
"22017024301","tract",2019,"food_state_rnk",59.3066
"22017024303","tract",2019,"food_state_rnk",21.9891
"22017024304","tract",2019,"food_state_rnk",72.2628
"22017024400","tract",2019,"food_state_rnk",64.2336
"22017024503","tract",2019,"food_state_rnk",27.281
"22017024504","tract",2019,"food_state_rnk",64.5985
"22017024601","tract",2019,"food_state_rnk",0.8212
"22017024602","tract",2019,"food_state_rnk",9.5803
"22017024700","tract",2019,"food_state_rnk",68.7044
"22017024800","tract",2019,"food_state_rnk",69.6168
"22017024900","tract",2019,"food_state_rnk",30.9763
"22017025000","tract",2019,"food_state_rnk",30.0182
"22017025100","tract",2019,"food_state_rnk",31.1131
"22017025200","tract",2019,"food_state_rnk",0.1825
"22017025300","tract",2019,"food_state_rnk",NA
"22017025405","tract",2019,"food_state_rnk",81.615
"22017025406","tract",2019,"food_state_rnk",81.615
"22017980000","tract",2019,"food_state_rnk",NA
"22019000100","tract",2019,"food_state_rnk",42.8376
"22019000200","tract",2019,"food_state_rnk",6.6606
"22019000300","tract",2019,"food_state_rnk",1.9161
"22019000400","tract",2019,"food_state_rnk",21.1223
"22019000500","tract",2019,"food_state_rnk",89.9635
"22019000600","tract",2019,"food_state_rnk",11.1314
"22019000700","tract",2019,"food_state_rnk",17.9745
"22019000800","tract",2019,"food_state_rnk",26.6423
"22019000900","tract",2019,"food_state_rnk",55.7482
"22019001000","tract",2019,"food_state_rnk",74.1788
"22019001100","tract",2019,"food_state_rnk",40.7391
"22019001201","tract",2019,"food_state_rnk",58.1204
"22019001202","tract",2019,"food_state_rnk",8.3942
"22019001300","tract",2019,"food_state_rnk",66.4234
"22019001400","tract",2019,"food_state_rnk",9.3522
"22019001500","tract",2019,"food_state_rnk",11.2226
"22019001600","tract",2019,"food_state_rnk",12.5
"22019001700","tract",2019,"food_state_rnk",61.2226
"22019001801","tract",2019,"food_state_rnk",97.6277
"22019001901","tract",2019,"food_state_rnk",96.9891
"22019001903","tract",2019,"food_state_rnk",90.9672
"22019001904","tract",2019,"food_state_rnk",97.354
"22019002000","tract",2019,"food_state_rnk",88.5949
"22019002100","tract",2019,"food_state_rnk",17.5182
"22019002201","tract",2019,"food_state_rnk",80.1095
"22019002203","tract",2019,"food_state_rnk",72.1715
"22019002204","tract",2019,"food_state_rnk",96.8978
"22019002300","tract",2019,"food_state_rnk",86.8613
"22019002400","tract",2019,"food_state_rnk",30.5201
"22019002500","tract",2019,"food_state_rnk",58.6679
"22019002600","tract",2019,"food_state_rnk",70.8029
"22019002700","tract",2019,"food_state_rnk",49.3157
"22019002800","tract",2019,"food_state_rnk",25.9124
"22019002900","tract",2019,"food_state_rnk",58.9416
"22019003000","tract",2019,"food_state_rnk",77.7372
"22019003101","tract",2019,"food_state_rnk",81.2956
"22019003102","tract",2019,"food_state_rnk",73.9964
"22019003200","tract",2019,"food_state_rnk",77.0073
"22019003300","tract",2019,"food_state_rnk",83.3029
"22019003400","tract",2019,"food_state_rnk",80.3376
"22019003500","tract",2019,"food_state_rnk",55.6569
"22019003600","tract",2019,"food_state_rnk",86.6788
"22019980000","tract",2019,"food_state_rnk",NA
"22019980100","tract",2019,"food_state_rnk",NA
"22021000100","tract",2019,"food_state_rnk",50.0912
"22021000200","tract",2019,"food_state_rnk",58.8504
"22021000300","tract",2019,"food_state_rnk",37.5456
"22023970100","tract",2019,"food_state_rnk",61.6788
"22023970201","tract",2019,"food_state_rnk",88.5036
"22023990000","tract",2019,"food_state_rnk",NA
"22025000100","tract",2019,"food_state_rnk",54.6533
"22025000200","tract",2019,"food_state_rnk",22.9015
"22025000300","tract",2019,"food_state_rnk",89.0511
"22027950100","tract",2019,"food_state_rnk",30.292
"22027950200","tract",2019,"food_state_rnk",NA
"22027950300","tract",2019,"food_state_rnk",8.0292
"22027950400","tract",2019,"food_state_rnk",4.927
"22027950500","tract",2019,"food_state_rnk",59.3978
"22029000100","tract",2019,"food_state_rnk",48.4489
"22029000200","tract",2019,"food_state_rnk",32.208
"22029000300","tract",2019,"food_state_rnk",29.6077
"22029000400","tract",2019,"food_state_rnk",68.1113
"22029000500","tract",2019,"food_state_rnk",NA
"22031950100","tract",2019,"food_state_rnk",64.4617
"22031950200","tract",2019,"food_state_rnk",40.9672
"22031950300","tract",2019,"food_state_rnk",25.2737
"22031950400","tract",2019,"food_state_rnk",10.3102
"22031950500","tract",2019,"food_state_rnk",19.5255
"22031950600","tract",2019,"food_state_rnk",3.7409
"22031950700","tract",2019,"food_state_rnk",53.0109
"22033000100","tract",2019,"food_state_rnk",1.3686
"22033000200","tract",2019,"food_state_rnk",3.1022
"22033000300","tract",2019,"food_state_rnk",4.7445
"22033000400","tract",2019,"food_state_rnk",7.573
"22033000500","tract",2019,"food_state_rnk",7.8467
"22033000601","tract",2019,"food_state_rnk",6.9343
"22033000602","tract",2019,"food_state_rnk",5.1095
"22033000701","tract",2019,"food_state_rnk",4.3796
"22033000702","tract",2019,"food_state_rnk",13.9142
"22033000900","tract",2019,"food_state_rnk",8.2117
"22033001000","tract",2019,"food_state_rnk",4.6533
"22033001102","tract",2019,"food_state_rnk",5.3832
"22033001103","tract",2019,"food_state_rnk",10.0365
"22033001104","tract",2019,"food_state_rnk",1.7336
"22033001600","tract",2019,"food_state_rnk",42.427
"22033001700","tract",2019,"food_state_rnk",71.1679
"22033001800","tract",2019,"food_state_rnk",46.5328
"22033001900","tract",2019,"food_state_rnk",87.4544
"22033002000","tract",2019,"food_state_rnk",89.3248
"22033002200","tract",2019,"food_state_rnk",6.0219
"22033002300","tract",2019,"food_state_rnk",97.9015
"22033002400","tract",2019,"food_state_rnk",11.0401
"22033002500","tract",2019,"food_state_rnk",21.8066
"22033002601","tract",2019,"food_state_rnk",80.9307
"22033002602","tract",2019,"food_state_rnk",50.8212
"22033002700","tract",2019,"food_state_rnk",51.8248
"22033002801","tract",2019,"food_state_rnk",NA
"22033002802","tract",2019,"food_state_rnk",NA
"22033003000","tract",2019,"food_state_rnk",NA
"22033003101","tract",2019,"food_state_rnk",5.7482
"22033003103","tract",2019,"food_state_rnk",3.3759
"22033003201","tract",2019,"food_state_rnk",23.4033
"22033003202","tract",2019,"food_state_rnk",34.6715
"22033003300","tract",2019,"food_state_rnk",15.3285
"22033003400","tract",2019,"food_state_rnk",11.5876
"22033003501","tract",2019,"food_state_rnk",40.3285
"22033003504","tract",2019,"food_state_rnk",17.7007
"22033003505","tract",2019,"food_state_rnk",15.2372
"22033003506","tract",2019,"food_state_rnk",60.0365
"22033003507","tract",2019,"food_state_rnk",68.2938
"22033003601","tract",2019,"food_state_rnk",55.3832
"22033003603","tract",2019,"food_state_rnk",3.6496
"22033003604","tract",2019,"food_state_rnk",36.0401
"22033003701","tract",2019,"food_state_rnk",72.0803
"22033003702","tract",2019,"food_state_rnk",28.6496
"22033003703","tract",2019,"food_state_rnk",81.8887
"22033003801","tract",2019,"food_state_rnk",93.9781
"22033003802","tract",2019,"food_state_rnk",96.1223
"22033003804","tract",2019,"food_state_rnk",93.3394
"22033003805","tract",2019,"food_state_rnk",85.7664
"22033003904","tract",2019,"food_state_rnk",24.9088
"22033003906","tract",2019,"food_state_rnk",93.0657
"22033003907","tract",2019,"food_state_rnk",83.0292
"22033003908","tract",2019,"food_state_rnk",91.6971
"22033003909","tract",2019,"food_state_rnk",37.4088
"22033003910","tract",2019,"food_state_rnk",19.8905
"22033004005","tract",2019,"food_state_rnk",81.7518
"22033004006","tract",2019,"food_state_rnk",94.9818
"22033004009","tract",2019,"food_state_rnk",93.8869
"22033004010","tract",2019,"food_state_rnk",88.8686
"22033004011","tract",2019,"food_state_rnk",27.3723
"22033004013","tract",2019,"food_state_rnk",18.9781
"22033004014","tract",2019,"food_state_rnk",73.8139
"22033004015","tract",2019,"food_state_rnk",43.7044
"22033004016","tract",2019,"food_state_rnk",99.635
"22033004201","tract",2019,"food_state_rnk",44.0693
"22033004203","tract",2019,"food_state_rnk",71.6697
"22033004204","tract",2019,"food_state_rnk",8.9872
"22033004205","tract",2019,"food_state_rnk",70.9854
"22033004301","tract",2019,"food_state_rnk",90.3285
"22033004302","tract",2019,"food_state_rnk",77.0985
"22033004401","tract",2019,"food_state_rnk",90.0547
"22033004402","tract",2019,"food_state_rnk",78.8321
"22033004403","tract",2019,"food_state_rnk",83.6679
"22033004503","tract",2019,"food_state_rnk",80.8394
"22033004504","tract",2019,"food_state_rnk",72.719
"22033004505","tract",2019,"food_state_rnk",67.2445
"22033004507","tract",2019,"food_state_rnk",70.3467
"22033004508","tract",2019,"food_state_rnk",98.4489
"22033004509","tract",2019,"food_state_rnk",43.3394
"22033004510","tract",2019,"food_state_rnk",96.5328
"22033004602","tract",2019,"food_state_rnk",61.0858
"22033004603","tract",2019,"food_state_rnk",83.9416
"22033004604","tract",2019,"food_state_rnk",85.4015
"22033004700","tract",2019,"food_state_rnk",85.1277
"22033004800","tract",2019,"food_state_rnk",92.792
"22033004900","tract",2019,"food_state_rnk",90.7847
"22033005000","tract",2019,"food_state_rnk",67.7007
"22033005100","tract",2019,"food_state_rnk",13.2299
"22033005200","tract",2019,"food_state_rnk",9.3522
"22033005300","tract",2019,"food_state_rnk",14.3248
"22033980000","tract",2019,"food_state_rnk",NA
"22035000100","tract",2019,"food_state_rnk",30.8394
"22035000200","tract",2019,"food_state_rnk",NA
"22035000300","tract",2019,"food_state_rnk",1.0036
"22037951300","tract",2019,"food_state_rnk",62.6825
"22037951400","tract",2019,"food_state_rnk",20.8942
"22037951501","tract",2019,"food_state_rnk",87.1807
"22037951502","tract",2019,"food_state_rnk",NA
"22037951600","tract",2019,"food_state_rnk",60.7664
"22039950100","tract",2019,"food_state_rnk",53.1022
"22039950200","tract",2019,"food_state_rnk",62.7737
"22039950300","tract",2019,"food_state_rnk",44.4343
"22039950400","tract",2019,"food_state_rnk",26.8704
"22039950500","tract",2019,"food_state_rnk",14.188
"22039950600","tract",2019,"food_state_rnk",10.1277
"22039950700","tract",2019,"food_state_rnk",53.1934
"22039950800","tract",2019,"food_state_rnk",47.4909
"22041950100","tract",2019,"food_state_rnk",48.9051
"22041950200","tract",2019,"food_state_rnk",33.6679
"22041950300","tract",2019,"food_state_rnk",3.8321
"22041950400","tract",2019,"food_state_rnk",90.4197
"22041950500","tract",2019,"food_state_rnk",50.6387
"22041950600","tract",2019,"food_state_rnk",20.8029
"22043020100","tract",2019,"food_state_rnk",33.8504
"22043020200","tract",2019,"food_state_rnk",17.427
"22043020300","tract",2019,"food_state_rnk",6.4781
"22043020401","tract",2019,"food_state_rnk",46.1679
"22043020402","tract",2019,"food_state_rnk",NA
"22045030100","tract",2019,"food_state_rnk",47.0803
"22045030200","tract",2019,"food_state_rnk",59.4891
"22045030301","tract",2019,"food_state_rnk",33.1204
"22045030302","tract",2019,"food_state_rnk",57.8467
"22045030400","tract",2019,"food_state_rnk",13.1387
"22045030500","tract",2019,"food_state_rnk",35.4927
"22045030600","tract",2019,"food_state_rnk",80.3376
"22045030700","tract",2019,"food_state_rnk",59.9453
"22045030800","tract",2019,"food_state_rnk",1.8248
"22045030900","tract",2019,"food_state_rnk",1.2774
"22045031000","tract",2019,"food_state_rnk",18.385
"22045031100","tract",2019,"food_state_rnk",19.9818
"22045031200","tract",2019,"food_state_rnk",42.6095
"22045031300","tract",2019,"food_state_rnk",45.8029
"22045031600","tract",2019,"food_state_rnk",17.6095
"22045990000","tract",2019,"food_state_rnk",NA
"22047952600","tract",2019,"food_state_rnk",27.0073
"22047952700","tract",2019,"food_state_rnk",46.7153
"22047952900","tract",2019,"food_state_rnk",36.4964
"22047953000","tract",2019,"food_state_rnk",31.3869
"22047953101","tract",2019,"food_state_rnk",34.1241
"22047953102","tract",2019,"food_state_rnk",19.708
"22047953200","tract",2019,"food_state_rnk",NA
"22049970100","tract",2019,"food_state_rnk",40.5109
"22049970200","tract",2019,"food_state_rnk",54.1058
"22049970300","tract",2019,"food_state_rnk",57.208
"22049970400","tract",2019,"food_state_rnk",5.4745
"22049970500","tract",2019,"food_state_rnk",38.0474
"22051020101","tract",2019,"food_state_rnk",74.4982
"22051020102","tract",2019,"food_state_rnk",97.8102
"22051020201","tract",2019,"food_state_rnk",63.4124
"22051020202","tract",2019,"food_state_rnk",46.6241
"22051020203","tract",2019,"food_state_rnk",95.8485
"22051020301","tract",2019,"food_state_rnk",89.6898
"22051020302","tract",2019,"food_state_rnk",48.7226
"22051020303","tract",2019,"food_state_rnk",89.1423
"22051020400","tract",2019,"food_state_rnk",97.719
"22051020502","tract",2019,"food_state_rnk",67.5182
"22051020505","tract",2019,"food_state_rnk",16.9708
"22051020506","tract",2019,"food_state_rnk",50.5474
"22051020507","tract",2019,"food_state_rnk",66.3321
"22051020508","tract",2019,"food_state_rnk",51.1405
"22051020511","tract",2019,"food_state_rnk",52.5547
"22051020512","tract",2019,"food_state_rnk",65.6934
"22051020513","tract",2019,"food_state_rnk",45.6204
"22051020514","tract",2019,"food_state_rnk",95.8485
"22051020515","tract",2019,"food_state_rnk",86.3139
"22051020516","tract",2019,"food_state_rnk",47.354
"22051020517","tract",2019,"food_state_rnk",94.4343
"22051020600","tract",2019,"food_state_rnk",10.9489
"22051020700","tract",2019,"food_state_rnk",29.2883
"22051021000","tract",2019,"food_state_rnk",74.4982
"22051021100","tract",2019,"food_state_rnk",62.5456
"22051021200","tract",2019,"food_state_rnk",49.635
"22051021300","tract",2019,"food_state_rnk",76.6423
"22051021400","tract",2019,"food_state_rnk",80.4745
"22051021500","tract",2019,"food_state_rnk",30.6569
"22051021600","tract",2019,"food_state_rnk",65.0547
"22051021700","tract",2019,"food_state_rnk",31.8431
"22051021801","tract",2019,"food_state_rnk",51.4599
"22051021803","tract",2019,"food_state_rnk",36.1314
"22051021804","tract",2019,"food_state_rnk",23.8139
"22051021900","tract",2019,"food_state_rnk",42.5182
"22051022001","tract",2019,"food_state_rnk",53.4672
"22051022002","tract",2019,"food_state_rnk",94.3431
"22051022101","tract",2019,"food_state_rnk",61.8157
"22051022102","tract",2019,"food_state_rnk",76.7336
"22051022200","tract",2019,"food_state_rnk",74.3157
"22051022301","tract",2019,"food_state_rnk",67.8832
"22051022302","tract",2019,"food_state_rnk",68.4763
"22051022303","tract",2019,"food_state_rnk",38.5493
"22051022400","tract",2019,"food_state_rnk",68.2938
"22051022500","tract",2019,"food_state_rnk",84.6715
"22051022600","tract",2019,"food_state_rnk",92.9745
"22051022700","tract",2019,"food_state_rnk",93.7044
"22051022800","tract",2019,"food_state_rnk",81.0219
"22051022900","tract",2019,"food_state_rnk",86.2226
"22051023001","tract",2019,"food_state_rnk",95.6204
"22051023002","tract",2019,"food_state_rnk",82.0255
"22051023003","tract",2019,"food_state_rnk",96.4416
"22051023100","tract",2019,"food_state_rnk",82.2993
"22051023200","tract",2019,"food_state_rnk",97.4453
"22051023300","tract",2019,"food_state_rnk",75.4562
"22051023400","tract",2019,"food_state_rnk",52.7828
"22051023500","tract",2019,"food_state_rnk",94.8905
"22051023600","tract",2019,"food_state_rnk",79.6533
"22051023700","tract",2019,"food_state_rnk",59.1697
"22051023800","tract",2019,"food_state_rnk",63.5036
"22051023901","tract",2019,"food_state_rnk",79.8358
"22051023902","tract",2019,"food_state_rnk",82.6642
"22051023903","tract",2019,"food_state_rnk",91.6058
"22051023904","tract",2019,"food_state_rnk",93.2026
"22051024001","tract",2019,"food_state_rnk",84.1241
"22051024002","tract",2019,"food_state_rnk",79.927
"22051024100","tract",2019,"food_state_rnk",57.2993
"22051024201","tract",2019,"food_state_rnk",87.5912
"22051024202","tract",2019,"food_state_rnk",83.7591
"22051024300","tract",2019,"food_state_rnk",73.1752
"22051024400","tract",2019,"food_state_rnk",56.3869
"22051024500","tract",2019,"food_state_rnk",78.2847
"22051024600","tract",2019,"food_state_rnk",38.7774
"22051024700","tract",2019,"food_state_rnk",46.0766
"22051024800","tract",2019,"food_state_rnk",96.3504
"22051024900","tract",2019,"food_state_rnk",46.8066
"22051025001","tract",2019,"food_state_rnk",34.5803
"22051025002","tract",2019,"food_state_rnk",25.365
"22051025003","tract",2019,"food_state_rnk",56.0219
"22051025102","tract",2019,"food_state_rnk",97.2628
"22051025103","tract",2019,"food_state_rnk",64.9179
"22051025104","tract",2019,"food_state_rnk",66.0584
"22051025201","tract",2019,"food_state_rnk",7.3905
"22051025202","tract",2019,"food_state_rnk",30.3832
"22051025300","tract",2019,"food_state_rnk",62.0438
"22051025400","tract",2019,"food_state_rnk",35.3102
"22051025500","tract",2019,"food_state_rnk",24.635
"22051025600","tract",2019,"food_state_rnk",40.146
"22051025700","tract",2019,"food_state_rnk",48.0839
"22051025800","tract",2019,"food_state_rnk",37.5456
"22051025900","tract",2019,"food_state_rnk",52.0073
"22051026000","tract",2019,"food_state_rnk",53.604
"22051026100","tract",2019,"food_state_rnk",34.4891
"22051026200","tract",2019,"food_state_rnk",16.2409
"22051026300","tract",2019,"food_state_rnk",39.4161
"22051026400","tract",2019,"food_state_rnk",40.4197
"22051026500","tract",2019,"food_state_rnk",74.8631
"22051026600","tract",2019,"food_state_rnk",31.6606
"22051026700","tract",2019,"food_state_rnk",13.5036
"22051026800","tract",2019,"food_state_rnk",11.7701
"22051026900","tract",2019,"food_state_rnk",8.6223
"22051027000","tract",2019,"food_state_rnk",33.7591
"22051027100","tract",2019,"food_state_rnk",44.708
"22051027200","tract",2019,"food_state_rnk",21.8978
"22051027501","tract",2019,"food_state_rnk",34.9453
"22051027502","tract",2019,"food_state_rnk",18.7956
"22051027601","tract",2019,"food_state_rnk",37.0438
"22051027602","tract",2019,"food_state_rnk",31.9343
"22051027701","tract",2019,"food_state_rnk",20.5292
"22051027703","tract",2019,"food_state_rnk",25.7299
"22051027803","tract",2019,"food_state_rnk",24.5438
"22051027804","tract",2019,"food_state_rnk",60.4927
"22051027805","tract",2019,"food_state_rnk",89.2336
"22051027806","tract",2019,"food_state_rnk",75.6387
"22051027807","tract",2019,"food_state_rnk",80.5657
"22051027809","tract",2019,"food_state_rnk",37.865
"22051027810","tract",2019,"food_state_rnk",53.604
"22051027811","tract",2019,"food_state_rnk",32.8923
"22051027812","tract",2019,"food_state_rnk",66.2409
"22051027901","tract",2019,"food_state_rnk",70.6204
"22051027902","tract",2019,"food_state_rnk",76.2318
"22051028000","tract",2019,"food_state_rnk",88.7774
"22051028100","tract",2019,"food_state_rnk",19.7993
"22051028200","tract",2019,"food_state_rnk",22.6277
"22051980000","tract",2019,"food_state_rnk",NA
"22051990000","tract",2019,"food_state_rnk",NA
"22051990100","tract",2019,"food_state_rnk",NA
"22053000100","tract",2019,"food_state_rnk",77.646
"22053000200","tract",2019,"food_state_rnk",73.5401
"22053000300","tract",2019,"food_state_rnk",54.3339
"22053000400","tract",2019,"food_state_rnk",32.0712
"22053000500","tract",2019,"food_state_rnk",55.9307
"22053000600","tract",2019,"food_state_rnk",11.3139
"22053000700","tract",2019,"food_state_rnk",34.2153
"22055000100","tract",2019,"food_state_rnk",NA
"22055000200","tract",2019,"food_state_rnk",33.2117
"22055000500","tract",2019,"food_state_rnk",92.062
"22055000602","tract",2019,"food_state_rnk",63.9599
"22055000603","tract",2019,"food_state_rnk",61.9526
"22055000604","tract",2019,"food_state_rnk",86.1314
"22055000700","tract",2019,"food_state_rnk",13.6861
"22055000800","tract",2019,"food_state_rnk",5.9307
"22055000900","tract",2019,"food_state_rnk",10.4927
"22055001001","tract",2019,"food_state_rnk",25
"22055001002","tract",2019,"food_state_rnk",45.9854
"22055001003","tract",2019,"food_state_rnk",47.1715
"22055001100","tract",2019,"food_state_rnk",9.2153
"22055001200","tract",2019,"food_state_rnk",28.1022
"22055001300","tract",2019,"food_state_rnk",38.3212
"22055001401","tract",2019,"food_state_rnk",98.6314
"22055001402","tract",2019,"food_state_rnk",98.8139
"22055001403","tract",2019,"food_state_rnk",89.5985
"22055001404","tract",2019,"food_state_rnk",98.7226
"22055001405","tract",2019,"food_state_rnk",72.354
"22055001406","tract",2019,"food_state_rnk",75.2737
"22055001407","tract",2019,"food_state_rnk",98.1752
"22055001409","tract",2019,"food_state_rnk",91.8796
"22055001410","tract",2019,"food_state_rnk",87.3175
"22055001411","tract",2019,"food_state_rnk",62.5456
"22055001500","tract",2019,"food_state_rnk",75.0912
"22055001600","tract",2019,"food_state_rnk",91.1496
"22055001700","tract",2019,"food_state_rnk",81.1131
"22055001801","tract",2019,"food_state_rnk",50.1825
"22055001802","tract",2019,"food_state_rnk",54.4708
"22055001901","tract",2019,"food_state_rnk",80.6569
"22055001902","tract",2019,"food_state_rnk",79.3796
"22055001903","tract",2019,"food_state_rnk",38.2299
"22055001904","tract",2019,"food_state_rnk",78.0109
"22055001905","tract",2019,"food_state_rnk",82.208
"22055002001","tract",2019,"food_state_rnk",45.1642
"22055002002","tract",2019,"food_state_rnk",87.4544
"22055002101","tract",2019,"food_state_rnk",63.2299
"22055002102","tract",2019,"food_state_rnk",74.8631
"22055002103","tract",2019,"food_state_rnk",46.9891
"22055002104","tract",2019,"food_state_rnk",83.8504
"22055002200","tract",2019,"food_state_rnk",NA
"22055980000","tract",2019,"food_state_rnk",NA
"22057020100","tract",2019,"food_state_rnk",41.6971
"22057020202","tract",2019,"food_state_rnk",84.0328
"22057020400","tract",2019,"food_state_rnk",10.8577
"22057020500","tract",2019,"food_state_rnk",53.2847
"22057020600","tract",2019,"food_state_rnk",90.6022
"22057020702","tract",2019,"food_state_rnk",58.3029
"22057020703","tract",2019,"food_state_rnk",79.1971
"22057020704","tract",2019,"food_state_rnk",60.6752
"22057020800","tract",2019,"food_state_rnk",64.6898
"22057020900","tract",2019,"food_state_rnk",18.6131
"22057021000","tract",2019,"food_state_rnk",59.1697
"22057021100","tract",2019,"food_state_rnk",80.7482
"22057021200","tract",2019,"food_state_rnk",51.6423
"22057021300","tract",2019,"food_state_rnk",29.3796
"22057021400","tract",2019,"food_state_rnk",69.0693
"22057021500","tract",2019,"food_state_rnk",57.4818
"22057021601","tract",2019,"food_state_rnk",73.4489
"22057021602","tract",2019,"food_state_rnk",85.6752
"22057021700","tract",2019,"food_state_rnk",52.7828
"22057021800","tract",2019,"food_state_rnk",30.5201
"22057021901","tract",2019,"food_state_rnk",85.4927
"22057021902","tract",2019,"food_state_rnk",39.0511
"22057022000","tract",2019,"food_state_rnk",NA
"22057990000","tract",2019,"food_state_rnk",NA
"22059970100","tract",2019,"food_state_rnk",52.281
"22059970200","tract",2019,"food_state_rnk",43.5219
"22059970300","tract",2019,"food_state_rnk",63.6861
"22061960100","tract",2019,"food_state_rnk",82.7555
"22061960200","tract",2019,"food_state_rnk",58.0292
"22061960300","tract",2019,"food_state_rnk",6.1131
"22061960400","tract",2019,"food_state_rnk",59.8084
"22061960500","tract",2019,"food_state_rnk",71.4416
"22061960600","tract",2019,"food_state_rnk",33.3029
"22061960700","tract",2019,"food_state_rnk",79.4708
"22061960800","tract",2019,"food_state_rnk",8.6223
"22061960900","tract",2019,"food_state_rnk",1.5511
"22061961000","tract",2019,"food_state_rnk",35.0821
"22063040100","tract",2019,"food_state_rnk",68.7956
"22063040201","tract",2019,"food_state_rnk",87.1807
"22063040202","tract",2019,"food_state_rnk",66.7883
"22063040301","tract",2019,"food_state_rnk",71.0766
"22063040303","tract",2019,"food_state_rnk",83.4854
"22063040304","tract",2019,"food_state_rnk",69.3887
"22063040401","tract",2019,"food_state_rnk",42.8376
"22063040402","tract",2019,"food_state_rnk",71.9434
"22063040500","tract",2019,"food_state_rnk",66.8796
"22063040600","tract",2019,"food_state_rnk",72.9927
"22063040700","tract",2019,"food_state_rnk",37.3175
"22063040802","tract",2019,"food_state_rnk",74.3157
"22063040804","tract",2019,"food_state_rnk",78.1022
"22063040805","tract",2019,"food_state_rnk",79.0146
"22063040806","tract",2019,"food_state_rnk",79.7445
"22063040901","tract",2019,"food_state_rnk",47.9015
"22063040902","tract",2019,"food_state_rnk",48.9051
"22065960100","tract",2019,"food_state_rnk",57.7555
"22065960200","tract",2019,"food_state_rnk",NA
"22065960300","tract",2019,"food_state_rnk",5.292
"22065960400","tract",2019,"food_state_rnk",0.7299
"22065960500","tract",2019,"food_state_rnk",13.7774
"22067950100","tract",2019,"food_state_rnk",64.3248
"22067950200","tract",2019,"food_state_rnk",67.1533
"22067950300","tract",2019,"food_state_rnk",88.0474
"22067950400","tract",2019,"food_state_rnk",3.9234
"22067950500","tract",2019,"food_state_rnk",10.6752
"22067950600","tract",2019,"food_state_rnk",37.9562
"22067950700","tract",2019,"food_state_rnk",41.1496
"22067950800","tract",2019,"food_state_rnk",15.5109
"22069000100","tract",2019,"food_state_rnk",29.4708
"22069000200","tract",2019,"food_state_rnk",14.5073
"22069000300","tract",2019,"food_state_rnk",52.1442
"22069000400","tract",2019,"food_state_rnk",2.3723
"22069000500","tract",2019,"food_state_rnk",63.3212
"22069000600","tract",2019,"food_state_rnk",7.2993
"22069000700","tract",2019,"food_state_rnk",2.646
"22069000800","tract",2019,"food_state_rnk",48.6314
"22069000900","tract",2019,"food_state_rnk",29.1058
"22071000100","tract",2019,"food_state_rnk",90.146
"22071000200","tract",2019,"food_state_rnk",43.9781
"22071000300","tract",2019,"food_state_rnk",31.2956
"22071000400","tract",2019,"food_state_rnk",56.4781
"22071000601","tract",2019,"food_state_rnk",0.0912
"22071000602","tract",2019,"food_state_rnk",42.2445
"22071000603","tract",2019,"food_state_rnk",7.0255
"22071000604","tract",2019,"food_state_rnk",18.385
"22071000605","tract",2019,"food_state_rnk",71.8066
"22071000606","tract",2019,"food_state_rnk",55.8394
"22071000607","tract",2019,"food_state_rnk",76.0036
"22071000611","tract",2019,"food_state_rnk",31.7518
"22071000612","tract",2019,"food_state_rnk",68.8869
"22071000613","tract",2019,"food_state_rnk",16.1496
"22071000615","tract",2019,"food_state_rnk",40.2372
"22071000616","tract",2019,"food_state_rnk",56.6606
"22071000617","tract",2019,"food_state_rnk",45.438
"22071000618","tract",2019,"food_state_rnk",67.3814
"22071000701","tract",2019,"food_state_rnk",10.7664
"22071000702","tract",2019,"food_state_rnk",11.4964
"22071000800","tract",2019,"food_state_rnk",27.4635
"22071000901","tract",2019,"food_state_rnk",34.3978
"22071000902","tract",2019,"food_state_rnk",10.219
"22071000903","tract",2019,"food_state_rnk",2.1898
"22071000904","tract",2019,"food_state_rnk",14.781
"22071001100","tract",2019,"food_state_rnk",34.3066
"22071001200","tract",2019,"food_state_rnk",84.7628
"22071001301","tract",2019,"food_state_rnk",32.6642
"22071001302","tract",2019,"food_state_rnk",30.9763
"22071001401","tract",2019,"food_state_rnk",12.0894
"22071001402","tract",2019,"food_state_rnk",37.135
"22071001500","tract",2019,"food_state_rnk",15.6934
"22071001600","tract",2019,"food_state_rnk",NA
"22071001701","tract",2019,"food_state_rnk",25.0912
"22071001702","tract",2019,"food_state_rnk",52.1442
"22071001720","tract",2019,"food_state_rnk",4.0146
"22071001722","tract",2019,"food_state_rnk",12.3175
"22071001723","tract",2019,"food_state_rnk",42.7007
"22071001724","tract",2019,"food_state_rnk",28.8777
"22071001725","tract",2019,"food_state_rnk",19.1606
"22071001730","tract",2019,"food_state_rnk",31.2044
"22071001734","tract",2019,"food_state_rnk",76.3686
"22071001735","tract",2019,"food_state_rnk",13.5949
"22071001736","tract",2019,"food_state_rnk",16.6971
"22071001737","tract",2019,"food_state_rnk",12.9562
"22071001739","tract",2019,"food_state_rnk",23.0839
"22071001740","tract",2019,"food_state_rnk",32.7555
"22071001741","tract",2019,"food_state_rnk",48.9051
"22071001743","tract",2019,"food_state_rnk",16.7883
"22071001744","tract",2019,"food_state_rnk",12.2263
"22071001745","tract",2019,"food_state_rnk",15.8759
"22071001746","tract",2019,"food_state_rnk",23.4033
"22071001747","tract",2019,"food_state_rnk",96.7153
"22071001748","tract",2019,"food_state_rnk",36.3139
"22071001749","tract",2019,"food_state_rnk",27.5547
"22071001750","tract",2019,"food_state_rnk",14.5985
"22071001751","tract",2019,"food_state_rnk",0.6387
"22071001800","tract",2019,"food_state_rnk",87.865
"22071001900","tract",2019,"food_state_rnk",8.1204
"22071002000","tract",2019,"food_state_rnk",16.4234
"22071002100","tract",2019,"food_state_rnk",8.3029
"22071002200","tract",2019,"food_state_rnk",2.4635
"22071002300","tract",2019,"food_state_rnk",12.4088
"22071002401","tract",2019,"food_state_rnk",44.9361
"22071002402","tract",2019,"food_state_rnk",23.2208
"22071002501","tract",2019,"food_state_rnk",27.7372
"22071002502","tract",2019,"food_state_rnk",56.8431
"22071002503","tract",2019,"food_state_rnk",61.4964
"22071002504","tract",2019,"food_state_rnk",43.2026
"22071002600","tract",2019,"food_state_rnk",53.3759
"22071002700","tract",2019,"food_state_rnk",34.7628
"22071002800","tract",2019,"food_state_rnk",1.4599
"22071002900","tract",2019,"food_state_rnk",17.062
"22071003000","tract",2019,"food_state_rnk",20.073
"22071003100","tract",2019,"food_state_rnk",3.4672
"22071003301","tract",2019,"food_state_rnk",81.2044
"22071003302","tract",2019,"food_state_rnk",62.2719
"22071003303","tract",2019,"food_state_rnk",27.0985
"22071003304","tract",2019,"food_state_rnk",23.5401
"22071003307","tract",2019,"food_state_rnk",22.5365
"22071003308","tract",2019,"food_state_rnk",30.2007
"22071003400","tract",2019,"food_state_rnk",21.6241
"22071003500","tract",2019,"food_state_rnk",7.938
"22071003600","tract",2019,"food_state_rnk",7.7555
"22071003701","tract",2019,"food_state_rnk",52.4635
"22071003702","tract",2019,"food_state_rnk",58.2117
"22071003800","tract",2019,"food_state_rnk",88.3212
"22071003900","tract",2019,"food_state_rnk",51.0036
"22071004000","tract",2019,"food_state_rnk",24.4526
"22071004100","tract",2019,"food_state_rnk",88.9599
"22071004401","tract",2019,"food_state_rnk",15.0547
"22071004402","tract",2019,"food_state_rnk",3.2847
"22071004500","tract",2019,"food_state_rnk",61.5876
"22071004600","tract",2019,"food_state_rnk",78.1934
"22071004800","tract",2019,"food_state_rnk",3.1934
"22071004900","tract",2019,"food_state_rnk",9.6715
"22071005000","tract",2019,"food_state_rnk",35.6752
"22071005400","tract",2019,"food_state_rnk",65.5109
"22071005500","tract",2019,"food_state_rnk",95.7117
"22071005601","tract",2019,"food_state_rnk",87.7737
"22071005602","tract",2019,"food_state_rnk",98.9964
"22071005603","tract",2019,"food_state_rnk",94.5255
"22071005604","tract",2019,"food_state_rnk",95.3467
"22071006000","tract",2019,"food_state_rnk",NA
"22071006300","tract",2019,"food_state_rnk",56.5693
"22071006400","tract",2019,"food_state_rnk",81.8887
"22071006500","tract",2019,"food_state_rnk",26.7336
"22071006900","tract",2019,"food_state_rnk",13.9142
"22071007000","tract",2019,"food_state_rnk",NA
"22071007101","tract",2019,"food_state_rnk",NA
"22071007200","tract",2019,"food_state_rnk",14.0511
"22071007501","tract",2019,"food_state_rnk",8.8047
"22071007502","tract",2019,"food_state_rnk",11.9526
"22071007604","tract",2019,"food_state_rnk",97.1259
"22071007605","tract",2019,"food_state_rnk",9.4891
"22071007606","tract",2019,"food_state_rnk",77.5547
"22071007700","tract",2019,"food_state_rnk",94.2518
"22071007800","tract",2019,"food_state_rnk",73.0839
"22071008200","tract",2019,"food_state_rnk",91.0584
"22071008300","tract",2019,"food_state_rnk",93.5219
"22071008400","tract",2019,"food_state_rnk",57.1168
"22071008500","tract",2019,"food_state_rnk",28.7409
"22071008600","tract",2019,"food_state_rnk",32.3905
"22071008800","tract",2019,"food_state_rnk",85.8577
"22071009000","tract",2019,"food_state_rnk",95.9854
"22071009100","tract",2019,"food_state_rnk",55.5657
"22071009200","tract",2019,"food_state_rnk",9.854
"22071009400","tract",2019,"food_state_rnk",6.2956
"22071009600","tract",2019,"food_state_rnk",65.146
"22071009700","tract",2019,"food_state_rnk",94.0693
"22071009900","tract",2019,"food_state_rnk",95.438
"22071010000","tract",2019,"food_state_rnk",25.5474
"22071010100","tract",2019,"food_state_rnk",86.5876
"22071010200","tract",2019,"food_state_rnk",33.5766
"22071010300","tract",2019,"food_state_rnk",30.1095
"22071010600","tract",2019,"food_state_rnk",88.1387
"22071010700","tract",2019,"food_state_rnk",92.1533
"22071010800","tract",2019,"food_state_rnk",92.6095
"22071010900","tract",2019,"food_state_rnk",87.6825
"22071011100","tract",2019,"food_state_rnk",73.2664
"22071011200","tract",2019,"food_state_rnk",81.3869
"22071011400","tract",2019,"food_state_rnk",94.7993
"22071011500","tract",2019,"food_state_rnk",93.4307
"22071011600","tract",2019,"food_state_rnk",91.2409
"22071011700","tract",2019,"food_state_rnk",97.9927
"22071011900","tract",2019,"food_state_rnk",95.073
"22071012000","tract",2019,"food_state_rnk",95.2555
"22071012101","tract",2019,"food_state_rnk",96.8066
"22071012102","tract",2019,"food_state_rnk",NA
"22071012200","tract",2019,"food_state_rnk",91.9708
"22071012300","tract",2019,"food_state_rnk",48.5401
"22071012400","tract",2019,"food_state_rnk",40.0547
"22071012500","tract",2019,"food_state_rnk",78.4215
"22071012600","tract",2019,"food_state_rnk",92.7007
"22071012700","tract",2019,"food_state_rnk",90.6934
"22071012800","tract",2019,"food_state_rnk",87.0438
"22071012900","tract",2019,"food_state_rnk",58.4854
"22071013000","tract",2019,"food_state_rnk",54.8358
"22071013100","tract",2019,"food_state_rnk",34.854
"22071013200","tract",2019,"food_state_rnk",62.2719
"22071013301","tract",2019,"food_state_rnk",99.4526
"22071013302","tract",2019,"food_state_rnk",91.5146
"22071013400","tract",2019,"food_state_rnk",81.4781
"22071013500","tract",2019,"food_state_rnk",94.6168
"22071013600","tract",2019,"food_state_rnk",60.8577
"22071013700","tract",2019,"food_state_rnk",2.0985
"22071013800","tract",2019,"food_state_rnk",24.7263
"22071013900","tract",2019,"food_state_rnk",40.6022
"22071014000","tract",2019,"food_state_rnk",7.4818
"22071014100","tract",2019,"food_state_rnk",4.1971
"22071014200","tract",2019,"food_state_rnk",90.5109
"22071014300","tract",2019,"food_state_rnk",5.8394
"22071014400","tract",2019,"food_state_rnk",72.5365
"22071014500","tract",2019,"food_state_rnk",NA
"22071980000","tract",2019,"food_state_rnk",NA
"22071980100","tract",2019,"food_state_rnk",NA
"22071990000","tract",2019,"food_state_rnk",NA
"22073000100","tract",2019,"food_state_rnk",56.9343
"22073000200","tract",2019,"food_state_rnk",99.5438
"22073000401","tract",2019,"food_state_rnk",NA
"22073000402","tract",2019,"food_state_rnk",23.6314
"22073000500","tract",2019,"food_state_rnk",5.6569
"22073000600","tract",2019,"food_state_rnk",5.2007
"22073000700","tract",2019,"food_state_rnk",0.2737
"22073000900","tract",2019,"food_state_rnk",0
"22073001100","tract",2019,"food_state_rnk",0.5474
"22073001400","tract",2019,"food_state_rnk",2.0073
"22073001500","tract",2019,"food_state_rnk",2.7372
"22073001700","tract",2019,"food_state_rnk",80.2007
"22073005100","tract",2019,"food_state_rnk",51.1405
"22073005201","tract",2019,"food_state_rnk",99.7263
"22073005203","tract",2019,"food_state_rnk",59.8084
"22073005204","tract",2019,"food_state_rnk",96.2591
"22073005301","tract",2019,"food_state_rnk",92.3358
"22073005302","tract",2019,"food_state_rnk",95.5292
"22073005400","tract",2019,"food_state_rnk",21.5328
"22073005500","tract",2019,"food_state_rnk",36.8613
"22073005800","tract",2019,"food_state_rnk",22.0803
"22073005900","tract",2019,"food_state_rnk",9.1241
"22073010101","tract",2019,"food_state_rnk",75.9124
"22073010102","tract",2019,"food_state_rnk",23.9051
"22073010201","tract",2019,"food_state_rnk",45.7117
"22073010202","tract",2019,"food_state_rnk",98.9051
"22073010301","tract",2019,"food_state_rnk",82.573
"22073010302","tract",2019,"food_state_rnk",64.4617
"22073010400","tract",2019,"food_state_rnk",79.562
"22073010502","tract",2019,"food_state_rnk",63.0018
"22073010503","tract",2019,"food_state_rnk",72.4453
"22073010504","tract",2019,"food_state_rnk",76.9161
"22073010603","tract",2019,"food_state_rnk",NA
"22073010604","tract",2019,"food_state_rnk",18.2482
"22073010700","tract",2019,"food_state_rnk",0.365
"22073010800","tract",2019,"food_state_rnk",10.5839
"22073010900","tract",2019,"food_state_rnk",21.396
"22073011000","tract",2019,"food_state_rnk",3.5584
"22073011100","tract",2019,"food_state_rnk",39.9635
"22073980000","tract",2019,"food_state_rnk",NA
"22075050100","tract",2019,"food_state_rnk",65.3285
"22075050200","tract",2019,"food_state_rnk",70.438
"22075050300","tract",2019,"food_state_rnk",85.5839
"22075050400","tract",2019,"food_state_rnk",71.6697
"22075050500","tract",2019,"food_state_rnk",14.8723
"22075050600","tract",2019,"food_state_rnk",6.5693
"22075050700","tract",2019,"food_state_rnk",25.4562
"22075050800","tract",2019,"food_state_rnk",50.9124
"22075990000","tract",2019,"food_state_rnk",NA
"22077951900","tract",2019,"food_state_rnk",28.2391
"22077952000","tract",2019,"food_state_rnk",39.6898
"22077952100","tract",2019,"food_state_rnk",55.2007
"22077952200","tract",2019,"food_state_rnk",51.9161
"22077952300","tract",2019,"food_state_rnk",72.9015
"22077952400","tract",2019,"food_state_rnk",39.1423
"22079010100","tract",2019,"food_state_rnk",82.8467
"22079010300","tract",2019,"food_state_rnk",19.3431
"22079010400","tract",2019,"food_state_rnk",76.5511
"22079010500","tract",2019,"food_state_rnk",20.3467
"22079010600","tract",2019,"food_state_rnk",70.073
"22079010700","tract",2019,"food_state_rnk",52.646
"22079011000","tract",2019,"food_state_rnk",2.9197
"22079011300","tract",2019,"food_state_rnk",86.8613
"22079011500","tract",2019,"food_state_rnk",45.5292
"22079011600","tract",2019,"food_state_rnk",69.2518
"22079011700","tract",2019,"food_state_rnk",2.5547
"22079012000","tract",2019,"food_state_rnk",1.0949
"22079012100","tract",2019,"food_state_rnk",21.7153
"22079012200","tract",2019,"food_state_rnk",24.2701
"22079012301","tract",2019,"food_state_rnk",98.2664
"22079012302","tract",2019,"food_state_rnk",89.5073
"22079012400","tract",2019,"food_state_rnk",69.1606
"22079012500","tract",2019,"food_state_rnk",38.6861
"22079012600","tract",2019,"food_state_rnk",47.2628
"22079012700","tract",2019,"food_state_rnk",4.4708
"22079012800","tract",2019,"food_state_rnk",23.2208
"22079012900","tract",2019,"food_state_rnk",4.562
"22079013000","tract",2019,"food_state_rnk",38.4124
"22079013100","tract",2019,"food_state_rnk",25.1825
"22079013200","tract",2019,"food_state_rnk",84.854
"22079013300","tract",2019,"food_state_rnk",62.865
"22079013400","tract",2019,"food_state_rnk",54.927
"22079013500","tract",2019,"food_state_rnk",67.062
"22079013600","tract",2019,"food_state_rnk",66.6058
"22079013700","tract",2019,"food_state_rnk",39.5985
"22079013800","tract",2019,"food_state_rnk",41.9708
"22079013900","tract",2019,"food_state_rnk",3.0109
"22079980000","tract",2019,"food_state_rnk",NA
"22081960100","tract",2019,"food_state_rnk",72.8102
"22081960300","tract",2019,"food_state_rnk",21.2591
"22083970100","tract",2019,"food_state_rnk",51.7336
"22083970200","tract",2019,"food_state_rnk",26.1861
"22083970300","tract",2019,"food_state_rnk",51.3686
"22083970400","tract",2019,"food_state_rnk",54.0146
"22083970500","tract",2019,"food_state_rnk",6.8431
"22083970600","tract",2019,"food_state_rnk",33.3942
"22085000100","tract",2019,"food_state_rnk",49.0876
"22085000200","tract",2019,"food_state_rnk",45.073
"22085000300","tract",2019,"food_state_rnk",9.7628
"22085000400","tract",2019,"food_state_rnk",55.292
"22085000500","tract",2019,"food_state_rnk",29.8358
"22085000600","tract",2019,"food_state_rnk",42.3358
"22085000700","tract",2019,"food_state_rnk",66.9708
"22087030103","tract",2019,"food_state_rnk",26.5511
"22087030104","tract",2019,"food_state_rnk",32.4818
"22087030105","tract",2019,"food_state_rnk",97.1259
"22087030203","tract",2019,"food_state_rnk",28.4672
"22087030204","tract",2019,"food_state_rnk",17.792
"22087030206","tract",2019,"food_state_rnk",74.0876
"22087030207","tract",2019,"food_state_rnk",67.6095
"22087030208","tract",2019,"food_state_rnk",69.3887
"22087030209","tract",2019,"food_state_rnk",75.1825
"22087030300","tract",2019,"food_state_rnk",43.8869
"22087030400","tract",2019,"food_state_rnk",62.4088
"22087030500","tract",2019,"food_state_rnk",77.281
"22087030601","tract",2019,"food_state_rnk",20.1642
"22087030602","tract",2019,"food_state_rnk",59.5803
"22087030603","tract",2019,"food_state_rnk",12.0894
"22087030700","tract",2019,"food_state_rnk",24.8175
"22087030800","tract",2019,"food_state_rnk",20.7117
"22087990000","tract",2019,"food_state_rnk",NA
"22089060100","tract",2019,"food_state_rnk",75.8212
"22089062100","tract",2019,"food_state_rnk",57.938
"22089062200","tract",2019,"food_state_rnk",40.7391
"22089062301","tract",2019,"food_state_rnk",66.5146
"22089062302","tract",2019,"food_state_rnk",69.8905
"22089062400","tract",2019,"food_state_rnk",31.5693
"22089062500","tract",2019,"food_state_rnk",68.6131
"22089062700","tract",2019,"food_state_rnk",35.8577
"22089062800","tract",2019,"food_state_rnk",35.7664
"22089062900","tract",2019,"food_state_rnk",44.3431
"22089063000","tract",2019,"food_state_rnk",36.6788
"22089063100","tract",2019,"food_state_rnk",84.2153
"22089063200","tract",2019,"food_state_rnk",48.2664
"22091951100","tract",2019,"food_state_rnk",56.7518
"22091951200","tract",2019,"food_state_rnk",20.2555
"22093040100","tract",2019,"food_state_rnk",43.4307
"22093040200","tract",2019,"food_state_rnk",31.4781
"22093040300","tract",2019,"food_state_rnk",82.3905
"22093040400","tract",2019,"food_state_rnk",41.0584
"22093040500","tract",2019,"food_state_rnk",18.0657
"22093040600","tract",2019,"food_state_rnk",38.8686
"22093040700","tract",2019,"food_state_rnk",77.1898
"22095070100","tract",2019,"food_state_rnk",83.3942
"22095070200","tract",2019,"food_state_rnk",61.4051
"22095070300","tract",2019,"food_state_rnk",44.5255
"22095070400","tract",2019,"food_state_rnk",61.0858
"22095070500","tract",2019,"food_state_rnk",30.7482
"22095070600","tract",2019,"food_state_rnk",32.573
"22095070700","tract",2019,"food_state_rnk",33.9416
"22095070800","tract",2019,"food_state_rnk",16.5146
"22095070900","tract",2019,"food_state_rnk",20.438
"22095071000","tract",2019,"food_state_rnk",49.8175
"22095071100","tract",2019,"food_state_rnk",41.3321
"22097960100","tract",2019,"food_state_rnk",66.1496
"22097960200","tract",2019,"food_state_rnk",43.7956
"22097960300","tract",2019,"food_state_rnk",40.8759
"22097960400","tract",2019,"food_state_rnk",55.0182
"22097960500","tract",2019,"food_state_rnk",65.9672
"22097960600","tract",2019,"food_state_rnk",85.3102
"22097960700","tract",2019,"food_state_rnk",52.3723
"22097960800","tract",2019,"food_state_rnk",88.6861
"22097960900","tract",2019,"food_state_rnk",15.9672
"22097961000","tract",2019,"food_state_rnk",22.2628
"22097961100","tract",2019,"food_state_rnk",54.1971
"22097961200","tract",2019,"food_state_rnk",73.7226
"22097961300","tract",2019,"food_state_rnk",10.4015
"22097961400","tract",2019,"food_state_rnk",24.1788
"22097961500","tract",2019,"food_state_rnk",32.2993
"22097961600","tract",2019,"food_state_rnk",6.7518
"22097961700","tract",2019,"food_state_rnk",48.3577
"22097961800","tract",2019,"food_state_rnk",69.5255
"22097961900","tract",2019,"food_state_rnk",27.9197
"22099020100","tract",2019,"food_state_rnk",64.0511
"22099020200","tract",2019,"food_state_rnk",63.8686
"22099020301","tract",2019,"food_state_rnk",57.6642
"22099020302","tract",2019,"food_state_rnk",36.2226
"22099020400","tract",2019,"food_state_rnk",59.6715
"22099020501","tract",2019,"food_state_rnk",22.1715
"22099020502","tract",2019,"food_state_rnk",26.8704
"22099020600","tract",2019,"food_state_rnk",28.8777
"22099020800","tract",2019,"food_state_rnk",47.8102
"22099020900","tract",2019,"food_state_rnk",47.719
"22099021000","tract",2019,"food_state_rnk",76.2318
"22101040100","tract",2019,"food_state_rnk",47.9927
"22101040200","tract",2019,"food_state_rnk",55.4745
"22101040300","tract",2019,"food_state_rnk",27.8285
"22101040400","tract",2019,"food_state_rnk",22.7646
"22101040500","tract",2019,"food_state_rnk",39.8723
"22101040600","tract",2019,"food_state_rnk",26.0036
"22101040700","tract",2019,"food_state_rnk",20.9854
"22101040800","tract",2019,"food_state_rnk",60.5839
"22101040900","tract",2019,"food_state_rnk",41.7883
"22101041000","tract",2019,"food_state_rnk",60.9489
"22101041100","tract",2019,"food_state_rnk",8.4854
"22101041200","tract",2019,"food_state_rnk",17.8832
"22101041300","tract",2019,"food_state_rnk",60.3102
"22101041400","tract",2019,"food_state_rnk",12.5912
"22101041500","tract",2019,"food_state_rnk",36.9526
"22101041600","tract",2019,"food_state_rnk",38.5493
"22101990000","tract",2019,"food_state_rnk",NA
"22103040102","tract",2019,"food_state_rnk",82.4818
"22103040103","tract",2019,"food_state_rnk",75.5474
"22103040104","tract",2019,"food_state_rnk",78.9234
"22103040201","tract",2019,"food_state_rnk",84.9453
"22103040202","tract",2019,"food_state_rnk",93.2026
"22103040303","tract",2019,"food_state_rnk",92.5182
"22103040304","tract",2019,"food_state_rnk",99.2701
"22103040305","tract",2019,"food_state_rnk",100
"22103040400","tract",2019,"food_state_rnk",94.1606
"22103040501","tract",2019,"food_state_rnk",19.4343
"22103040502","tract",2019,"food_state_rnk",78.4215
"22103040601","tract",2019,"food_state_rnk",98.3577
"22103040602","tract",2019,"food_state_rnk",98.0839
"22103040604","tract",2019,"food_state_rnk",71.3504
"22103040605","tract",2019,"food_state_rnk",99.0876
"22103040701","tract",2019,"food_state_rnk",86.4051
"22103040704","tract",2019,"food_state_rnk",65.4197
"22103040705","tract",2019,"food_state_rnk",54.3339
"22103040706","tract",2019,"food_state_rnk",60.1277
"22103040708","tract",2019,"food_state_rnk",90.2372
"22103040709","tract",2019,"food_state_rnk",82.1168
"22103040710","tract",2019,"food_state_rnk",76.8248
"22103040801","tract",2019,"food_state_rnk",44.7993
"22103040802","tract",2019,"food_state_rnk",84.3066
"22103040803","tract",2019,"food_state_rnk",68.9781
"22103040900","tract",2019,"food_state_rnk",18.8869
"22103041002","tract",2019,"food_state_rnk",86.0401
"22103041003","tract",2019,"food_state_rnk",77.9197
"22103041004","tract",2019,"food_state_rnk",45.2555
"22103041101","tract",2019,"food_state_rnk",49.5438
"22103041102","tract",2019,"food_state_rnk",58.3942
"22103041103","tract",2019,"food_state_rnk",28.3759
"22103041104","tract",2019,"food_state_rnk",70.8942
"22103041202","tract",2019,"food_state_rnk",65.7847
"22103041204","tract",2019,"food_state_rnk",54.7445
"22103041207","tract",2019,"food_state_rnk",79.2883
"22103041208","tract",2019,"food_state_rnk",99.3613
"22103041209","tract",2019,"food_state_rnk",94.708
"22103041210","tract",2019,"food_state_rnk",74.6807
"22103041211","tract",2019,"food_state_rnk",90.8759
"22103041212","tract",2019,"food_state_rnk",98.5401
"22103041300","tract",2019,"food_state_rnk",89.781
"22103990000","tract",2019,"food_state_rnk",NA
"22105953200","tract",2019,"food_state_rnk",39.3248
"22105953300","tract",2019,"food_state_rnk",13.4124
"22105953400","tract",2019,"food_state_rnk",13.3212
"22105953500","tract",2019,"food_state_rnk",26.4599
"22105953600","tract",2019,"food_state_rnk",15.7847
"22105953700","tract",2019,"food_state_rnk",73.6314
"22105953800","tract",2019,"food_state_rnk",19.6168
"22105953900","tract",2019,"food_state_rnk",28.5584
"22105954001","tract",2019,"food_state_rnk",37.2263
"22105954002","tract",2019,"food_state_rnk",54.562
"22105954101","tract",2019,"food_state_rnk",46.396
"22105954102","tract",2019,"food_state_rnk",35.9489
"22105954200","tract",2019,"food_state_rnk",NA
"22105954300","tract",2019,"food_state_rnk",7.1168
"22105954400","tract",2019,"food_state_rnk",16.3321
"22105954501","tract",2019,"food_state_rnk",42.9745
"22105954502","tract",2019,"food_state_rnk",42.1533
"22105954600","tract",2019,"food_state_rnk",83.5766
"22105954700","tract",2019,"food_state_rnk",42.062
"22105954800","tract",2019,"food_state_rnk",56.2956
"22107000100","tract",2019,"food_state_rnk",36.5876
"22107000200","tract",2019,"food_state_rnk",22.7646
"22107000300","tract",2019,"food_state_rnk",8.9872
"22109000101","tract",2019,"food_state_rnk",25.6387
"22109000102","tract",2019,"food_state_rnk",63.1387
"22109000201","tract",2019,"food_state_rnk",49.4526
"22109000202","tract",2019,"food_state_rnk",73.9051
"22109000300","tract",2019,"food_state_rnk",28.2391
"22109000401","tract",2019,"food_state_rnk",56.2044
"22109000402","tract",2019,"food_state_rnk",57.0255
"22109000500","tract",2019,"food_state_rnk",36.4051
"22109000600","tract",2019,"food_state_rnk",51.2774
"22109000700","tract",2019,"food_state_rnk",18.1569
"22109000800","tract",2019,"food_state_rnk",44.2062
"22109000900","tract",2019,"food_state_rnk",20.6204
"22109001000","tract",2019,"food_state_rnk",89.8723
"22109001100","tract",2019,"food_state_rnk",44.2062
"22109001201","tract",2019,"food_state_rnk",53.9234
"22109001202","tract",2019,"food_state_rnk",39.2336
"22109001300","tract",2019,"food_state_rnk",33.4854
"22109001400","tract",2019,"food_state_rnk",17.3358
"22109001500","tract",2019,"food_state_rnk",88.4124
"22109001600","tract",2019,"food_state_rnk",22.4453
"22109001700","tract",2019,"food_state_rnk",96.1223
"22109990000","tract",2019,"food_state_rnk",NA
"22111960100","tract",2019,"food_state_rnk",55.1095
"22111960200","tract",2019,"food_state_rnk",46.2591
"22111960300","tract",2019,"food_state_rnk",61.3139
"22111960400","tract",2019,"food_state_rnk",15.6022
"22111960500","tract",2019,"food_state_rnk",75.7299
"22111960600","tract",2019,"food_state_rnk",70.7117
"22113950100","tract",2019,"food_state_rnk",63.5949
"22113950200","tract",2019,"food_state_rnk",61.8157
"22113950400","tract",2019,"food_state_rnk",29.0146
"22113950500","tract",2019,"food_state_rnk",69.7993
"22113950600","tract",2019,"food_state_rnk",71.5328
"22113950700","tract",2019,"food_state_rnk",37.6825
"22113950800","tract",2019,"food_state_rnk",26.2774
"22113950901","tract",2019,"food_state_rnk",38.1387
"22113950902","tract",2019,"food_state_rnk",65.6022
"22113951001","tract",2019,"food_state_rnk",28.0109
"22113951002","tract",2019,"food_state_rnk",65.2372
"22113951100","tract",2019,"food_state_rnk",59.0328
"22113990000","tract",2019,"food_state_rnk",NA
"22115950100","tract",2019,"food_state_rnk",46.8978
"22115950200","tract",2019,"food_state_rnk",76.0949
"22115950300","tract",2019,"food_state_rnk",68.4763
"22115950400","tract",2019,"food_state_rnk",22.9927
"22115950500","tract",2019,"food_state_rnk",38.9599
"22115950600","tract",2019,"food_state_rnk",74.6807
"22115950701","tract",2019,"food_state_rnk",NA
"22115950702","tract",2019,"food_state_rnk",92.2445
"22115950703","tract",2019,"food_state_rnk",95.1642
"22115950704","tract",2019,"food_state_rnk",97.5365
"22115950800","tract",2019,"food_state_rnk",32.8923
"22115950900","tract",2019,"food_state_rnk",83.2117
"22117950101","tract",2019,"food_state_rnk",NA
"22117950102","tract",2019,"food_state_rnk",43.0657
"22117950200","tract",2019,"food_state_rnk",58.7591
"22117950300","tract",2019,"food_state_rnk",16.6058
"22117950400","tract",2019,"food_state_rnk",43.2026
"22117950500","tract",2019,"food_state_rnk",37.7737
"22117950600","tract",2019,"food_state_rnk",29.6077
"22117950700","tract",2019,"food_state_rnk",15.0547
"22117950800","tract",2019,"food_state_rnk",9.9453
"22117950900","tract",2019,"food_state_rnk",0.9124
"22117951000","tract",2019,"food_state_rnk",26.3686
"22119031100","tract",2019,"food_state_rnk",63.0018
"22119031200","tract",2019,"food_state_rnk",21.396
"22119031300","tract",2019,"food_state_rnk",7.6642
"22119031400","tract",2019,"food_state_rnk",41.2409
"22119031500","tract",2019,"food_state_rnk",39.781
"22119031600","tract",2019,"food_state_rnk",93.6131
"22119031700","tract",2019,"food_state_rnk",4.8358
"22119031800","tract",2019,"food_state_rnk",18.5219
"22119031900","tract",2019,"food_state_rnk",4.2883
"22119032000","tract",2019,"food_state_rnk",53.8321
"22119032100","tract",2019,"food_state_rnk",77.3723
"22121020100","tract",2019,"food_state_rnk",49.3157
"22121020200","tract",2019,"food_state_rnk",29.1971
"22121020300","tract",2019,"food_state_rnk",64.1423
"22121020401","tract",2019,"food_state_rnk",52.9197
"22121020402","tract",2019,"food_state_rnk",78.7409
"22123000100","tract",2019,"food_state_rnk",77.8285
"22123000200","tract",2019,"food_state_rnk",50.3193
"22123000300","tract",2019,"food_state_rnk",49.9088
"22125951701","tract",2019,"food_state_rnk",76.4599
"22125951702","tract",2019,"food_state_rnk",NA
"22125951800","tract",2019,"food_state_rnk",53.7409
"22127960100","tract",2019,"food_state_rnk",58.5766
"22127960200","tract",2019,"food_state_rnk",78.5584
"22127960300","tract",2019,"food_state_rnk",66.6971
"22127960400","tract",2019,"food_state_rnk",13.0474
