"geoid","geolevel","year","level","value"
"53001950100","tract",2019,"food_score",95.68
"53001950200","tract",2019,"food_score",87.04
"53001950300","tract",2019,"food_score",81.82
"53001950400","tract",2019,"food_score",86.44
"53001950500","tract",2019,"food_score",84.32
"53003960100","tract",2019,"food_score",120.74
"53003960200","tract",2019,"food_score",119.23
"53003960300","tract",2019,"food_score",67.25
"53003960400","tract",2019,"food_score",77.27
"53003960500","tract",2019,"food_score",79.86
"53003960600","tract",2019,"food_score",99.59
"53005010100","tract",2019,"food_score",116.5
"53005010201","tract",2019,"food_score",108.91
"53005010202","tract",2019,"food_score",88.78
"53005010300","tract",2019,"food_score",100.49
"53005010400","tract",2019,"food_score",90.59
"53005010500","tract",2019,"food_score",83.75
"53005010600","tract",2019,"food_score",86.62
"53005010701","tract",2019,"food_score",96.9
"53005010703","tract",2019,"food_score",82.33
"53005010705","tract",2019,"food_score",117.66
"53005010707","tract",2019,"food_score",114.92
"53005010708","tract",2019,"food_score",105.05
"53005010803","tract",2019,"food_score",126.79
"53005010805","tract",2019,"food_score",117.82
"53005010807","tract",2019,"food_score",113
"53005010809","tract",2019,"food_score",110.16
"53005010810","tract",2019,"food_score",113.89
"53005010811","tract",2019,"food_score",125.89
"53005010813","tract",2019,"food_score",123.56
"53005010814","tract",2019,"food_score",121.69
"53005010901","tract",2019,"food_score",78.79
"53005010902","tract",2019,"food_score",93.25
"53005011001","tract",2019,"food_score",85.34
"53005011002","tract",2019,"food_score",78.36
"53005011100","tract",2019,"food_score",91.24
"53005011200","tract",2019,"food_score",65.02
"53005011300","tract",2019,"food_score",80.08
"53005011401","tract",2019,"food_score",61.48
"53005011402","tract",2019,"food_score",113.89
"53005011501","tract",2019,"food_score",97.4
"53005011503","tract",2019,"food_score",114.63
"53005011504","tract",2019,"food_score",101.13
"53005011600","tract",2019,"food_score",104.69
"53005011700","tract",2019,"food_score",85.31
"53005011800","tract",2019,"food_score",119.35
"53005011900","tract",2019,"food_score",91.63
"53005012000","tract",2019,"food_score",NA
"53007960100","tract",2019,"food_score",107.76
"53007960200","tract",2019,"food_score",114.13
"53007960300","tract",2019,"food_score",107.79
"53007960400","tract",2019,"food_score",123.61
"53007960500","tract",2019,"food_score",115.17
"53007960600","tract",2019,"food_score",110.47
"53007960700","tract",2019,"food_score",123.49
"53007960801","tract",2019,"food_score",121.95
"53007960802","tract",2019,"food_score",111.06
"53007961000","tract",2019,"food_score",96.51
"53007961100","tract",2019,"food_score",91.22
"53007961200","tract",2019,"food_score",123.15
"53007961301","tract",2019,"food_score",121.7
"53007961302","tract",2019,"food_score",103.86
"53009000200","tract",2019,"food_score",111.05
"53009000300","tract",2019,"food_score",93.07
"53009000400","tract",2019,"food_score",88.7
"53009000600","tract",2019,"food_score",98.16
"53009000700","tract",2019,"food_score",83.14
"53009000800","tract",2019,"food_score",98.49
"53009000900","tract",2019,"food_score",82.25
"53009001000","tract",2019,"food_score",81.69
"53009001100","tract",2019,"food_score",81.55
"53009001200","tract",2019,"food_score",103.37
"53009001300","tract",2019,"food_score",95.89
"53009001400","tract",2019,"food_score",115.38
"53009001500","tract",2019,"food_score",96.66
"53009001600","tract",2019,"food_score",100.58
"53009001700","tract",2019,"food_score",98.51
"53009001800","tract",2019,"food_score",116.53
"53009001900","tract",2019,"food_score",116.63
"53009002000","tract",2019,"food_score",110.03
"53009002100","tract",2019,"food_score",96.25
"53009002300","tract",2019,"food_score",106.79
"53009940000","tract",2019,"food_score",75.88
"53009990100","tract",2019,"food_score",NA
"53011040101","tract",2019,"food_score",108.92
"53011040102","tract",2019,"food_score",108.09
"53011040201","tract",2019,"food_score",111.06
"53011040202","tract",2019,"food_score",107.75
"53011040203","tract",2019,"food_score",108.29
"53011040301","tract",2019,"food_score",110.58
"53011040302","tract",2019,"food_score",112.12
"53011040403","tract",2019,"food_score",111.84
"53011040407","tract",2019,"food_score",100.89
"53011040408","tract",2019,"food_score",117.21
"53011040409","tract",2019,"food_score",121.61
"53011040411","tract",2019,"food_score",103.38
"53011040412","tract",2019,"food_score",122.97
"53011040413","tract",2019,"food_score",84.99
"53011040414","tract",2019,"food_score",112.32
"53011040415","tract",2019,"food_score",90.14
"53011040416","tract",2019,"food_score",114.05
"53011040504","tract",2019,"food_score",121.91
"53011040505","tract",2019,"food_score",119.05
"53011040507","tract",2019,"food_score",101.7
"53011040508","tract",2019,"food_score",109.61
"53011040509","tract",2019,"food_score",94.46
"53011040510","tract",2019,"food_score",116.46
"53011040511","tract",2019,"food_score",117.3
"53011040603","tract",2019,"food_score",114.59
"53011040604","tract",2019,"food_score",98.44
"53011040605","tract",2019,"food_score",112.28
"53011040608","tract",2019,"food_score",117.72
"53011040609","tract",2019,"food_score",123.5
"53011040610","tract",2019,"food_score",117.21
"53011040703","tract",2019,"food_score",95.59
"53011040706","tract",2019,"food_score",84.02
"53011040707","tract",2019,"food_score",103.87
"53011040709","tract",2019,"food_score",104.69
"53011040710","tract",2019,"food_score",110.58
"53011040711","tract",2019,"food_score",103.69
"53011040712","tract",2019,"food_score",99.8
"53011040803","tract",2019,"food_score",112.89
"53011040805","tract",2019,"food_score",115.4
"53011040806","tract",2019,"food_score",105.1
"53011040808","tract",2019,"food_score",113.31
"53011040809","tract",2019,"food_score",106.57
"53011040810","tract",2019,"food_score",107.72
"53011040904","tract",2019,"food_score",98.47
"53011040905","tract",2019,"food_score",112.87
"53011040907","tract",2019,"food_score",126.55
"53011040908","tract",2019,"food_score",114.87
"53011040909","tract",2019,"food_score",115.08
"53011040910","tract",2019,"food_score",120.65
"53011041003","tract",2019,"food_score",108.56
"53011041005","tract",2019,"food_score",72.35
"53011041007","tract",2019,"food_score",96.94
"53011041008","tract",2019,"food_score",117.66
"53011041009","tract",2019,"food_score",86.46
"53011041010","tract",2019,"food_score",107.44
"53011041011","tract",2019,"food_score",102.67
"53011041104","tract",2019,"food_score",78.69
"53011041105","tract",2019,"food_score",106.06
"53011041107","tract",2019,"food_score",108.59
"53011041108","tract",2019,"food_score",87.41
"53011041110","tract",2019,"food_score",77.91
"53011041111","tract",2019,"food_score",74.09
"53011041112","tract",2019,"food_score",87.66
"53011041201","tract",2019,"food_score",102.12
"53011041203","tract",2019,"food_score",80.45
"53011041205","tract",2019,"food_score",97.59
"53011041206","tract",2019,"food_score",73.89
"53011041309","tract",2019,"food_score",98.32
"53011041310","tract",2019,"food_score",103.52
"53011041312","tract",2019,"food_score",81.01
"53011041313","tract",2019,"food_score",85.33
"53011041317","tract",2019,"food_score",100.33
"53011041318","tract",2019,"food_score",95.86
"53011041319","tract",2019,"food_score",104.85
"53011041320","tract",2019,"food_score",110.62
"53011041321","tract",2019,"food_score",121.7
"53011041322","tract",2019,"food_score",94.38
"53011041323","tract",2019,"food_score",95.96
"53011041325","tract",2019,"food_score",121.99
"53011041326","tract",2019,"food_score",101.44
"53011041327","tract",2019,"food_score",115.02
"53011041328","tract",2019,"food_score",116.46
"53011041329","tract",2019,"food_score",117.72
"53011041330","tract",2019,"food_score",88.6
"53011041331","tract",2019,"food_score",102.2
"53011041332","tract",2019,"food_score",115.22
"53011041333","tract",2019,"food_score",96.79
"53011041400","tract",2019,"food_score",108.21
"53011041500","tract",2019,"food_score",90.32
"53011041600","tract",2019,"food_score",75.98
"53011041700","tract",2019,"food_score",58.9
"53011041800","tract",2019,"food_score",79.19
"53011041900","tract",2019,"food_score",93.44
"53011042000","tract",2019,"food_score",96.93
"53011042100","tract",2019,"food_score",110.76
"53011042300","tract",2019,"food_score",74.7
"53011042400","tract",2019,"food_score",NA
"53011042500","tract",2019,"food_score",85.28
"53011042600","tract",2019,"food_score",98.18
"53011042700","tract",2019,"food_score",74.6
"53011042800","tract",2019,"food_score",98.76
"53011042900","tract",2019,"food_score",89.78
"53011043000","tract",2019,"food_score",85.91
"53011043100","tract",2019,"food_score",101.38
"53013960200","tract",2019,"food_score",103.05
"53015000300","tract",2019,"food_score",50.22
"53015000400","tract",2019,"food_score",85.76
"53015000501","tract",2019,"food_score",92.21
"53015000502","tract",2019,"food_score",40.51
"53015000601","tract",2019,"food_score",60.36
"53015000602","tract",2019,"food_score",111.75
"53015000702","tract",2019,"food_score",78.09
"53015000703","tract",2019,"food_score",99.89
"53015000704","tract",2019,"food_score",77.6
"53015000800","tract",2019,"food_score",107.16
"53015000900","tract",2019,"food_score",96.83
"53015001000","tract",2019,"food_score",50.53
"53015001100","tract",2019,"food_score",66.16
"53015001200","tract",2019,"food_score",100.8
"53015001300","tract",2019,"food_score",75.07
"53015001501","tract",2019,"food_score",98.92
"53015001502","tract",2019,"food_score",99.96
"53015001600","tract",2019,"food_score",108.89
"53015001700","tract",2019,"food_score",115.47
"53015001800","tract",2019,"food_score",99.44
"53015001900","tract",2019,"food_score",108.61
"53015002001","tract",2019,"food_score",106.15
"53015002002","tract",2019,"food_score",99.26
"53015002100","tract",2019,"food_score",50.23
"53017950100","tract",2019,"food_score",106.59
"53017950200","tract",2019,"food_score",111.91
"53017950300","tract",2019,"food_score",112.01
"53017950400","tract",2019,"food_score",113.88
"53017950500","tract",2019,"food_score",98.83
"53017950600","tract",2019,"food_score",103.28
"53017950700","tract",2019,"food_score",85.44
"53017950800","tract",2019,"food_score",108.36
"53019940000","tract",2019,"food_score",77.5
"53019970100","tract",2019,"food_score",101.71
"53019970200","tract",2019,"food_score",94.99
"53021020100","tract",2019,"food_score",67.08
"53021020200","tract",2019,"food_score",67.72
"53021020300","tract",2019,"food_score",75.28
"53021020400","tract",2019,"food_score",58.3
"53021020501","tract",2019,"food_score",122.37
"53021020502","tract",2019,"food_score",113.51
"53021020601","tract",2019,"food_score",112.41
"53021020603","tract",2019,"food_score",91.27
"53021020605","tract",2019,"food_score",109.91
"53021020606","tract",2019,"food_score",103.45
"53021020700","tract",2019,"food_score",111.53
"53021020800","tract",2019,"food_score",92.05
"53021980100","tract",2019,"food_score",NA
"53023970300","tract",2019,"food_score",108.11
"53025010100","tract",2019,"food_score",95.78
"53025010200","tract",2019,"food_score",115.38
"53025010300","tract",2019,"food_score",93.5
"53025010400","tract",2019,"food_score",91.11
"53025010500","tract",2019,"food_score",104.91
"53025010600","tract",2019,"food_score",101.41
"53025010700","tract",2019,"food_score",98.83
"53025010800","tract",2019,"food_score",62.89
"53025010901","tract",2019,"food_score",109.73
"53025010902","tract",2019,"food_score",86.2
"53025011000","tract",2019,"food_score",111.86
"53025011100","tract",2019,"food_score",84.64
"53025011200","tract",2019,"food_score",105.75
"53025011300","tract",2019,"food_score",92.03
"53025011401","tract",2019,"food_score",98.85
"53025011402","tract",2019,"food_score",91.23
"53027000200","tract",2019,"food_score",104.47
"53027000300","tract",2019,"food_score",101.99
"53027000400","tract",2019,"food_score",105.71
"53027000500","tract",2019,"food_score",101.79
"53027000600","tract",2019,"food_score",97.01
"53027000700","tract",2019,"food_score",93.33
"53027000800","tract",2019,"food_score",100.14
"53027000900","tract",2019,"food_score",86.06
"53027001000","tract",2019,"food_score",59.66
"53027001100","tract",2019,"food_score",91.57
"53027001200","tract",2019,"food_score",87.28
"53027001300","tract",2019,"food_score",79.37
"53027001400","tract",2019,"food_score",80.51
"53027001500","tract",2019,"food_score",92.88
"53027001600","tract",2019,"food_score",NA
"53027940000","tract",2019,"food_score",69.58
"53027990000","tract",2019,"food_score",NA
"53029970100","tract",2019,"food_score",107.48
"53029970200","tract",2019,"food_score",NA
"53029970300","tract",2019,"food_score",114.09
"53029970400","tract",2019,"food_score",102.49
"53029970500","tract",2019,"food_score",111.45
"53029970601","tract",2019,"food_score",91.75
"53029970602","tract",2019,"food_score",97.66
"53029970700","tract",2019,"food_score",109.79
"53029970800","tract",2019,"food_score",110.87
"53029970900","tract",2019,"food_score",113.49
"53029971000","tract",2019,"food_score",112.76
"53029971100","tract",2019,"food_score",102.86
"53029971300","tract",2019,"food_score",108
"53029971400","tract",2019,"food_score",113.99
"53029971500","tract",2019,"food_score",112.56
"53029971600","tract",2019,"food_score",116.98
"53029971700","tract",2019,"food_score",104.7
"53029971800","tract",2019,"food_score",121.58
"53029971900","tract",2019,"food_score",115.63
"53029972000","tract",2019,"food_score",102.39
"53029972100","tract",2019,"food_score",118.03
"53029992201","tract",2019,"food_score",NA
"53031950202","tract",2019,"food_score",98.05
"53031950300","tract",2019,"food_score",111.55
"53031950400","tract",2019,"food_score",108.61
"53031950500","tract",2019,"food_score",102.29
"53031950601","tract",2019,"food_score",109.43
"53031950602","tract",2019,"food_score",103.17
"53031950702","tract",2019,"food_score",96.76
"53031990000","tract",2019,"food_score",NA
"53033000100","tract",2019,"food_score",102.41
"53033000200","tract",2019,"food_score",117.6
"53033000300","tract",2019,"food_score",121.16
"53033000401","tract",2019,"food_score",100.31
"53033000402","tract",2019,"food_score",115.92
"53033000500","tract",2019,"food_score",124.64
"53033000600","tract",2019,"food_score",117.74
"53033000700","tract",2019,"food_score",119.08
"53033000800","tract",2019,"food_score",106.06
"53033000900","tract",2019,"food_score",120.37
"53033001000","tract",2019,"food_score",106.8
"53033001100","tract",2019,"food_score",109.09
"53033001200","tract",2019,"food_score",107.9
"53033001300","tract",2019,"food_score",101.82
"53033001400","tract",2019,"food_score",108.31
"53033001500","tract",2019,"food_score",113.21
"53033001600","tract",2019,"food_score",121.89
"53033001701","tract",2019,"food_score",95.34
"53033001702","tract",2019,"food_score",117.47
"53033001800","tract",2019,"food_score",106.88
"53033001900","tract",2019,"food_score",119.93
"53033002000","tract",2019,"food_score",121.37
"53033002100","tract",2019,"food_score",118.44
"53033002200","tract",2019,"food_score",121.74
"53033002400","tract",2019,"food_score",116.44
"53033002500","tract",2019,"food_score",119.35
"53033002600","tract",2019,"food_score",118.12
"53033002700","tract",2019,"food_score",125.64
"53033002800","tract",2019,"food_score",123.01
"53033002900","tract",2019,"food_score",116.41
"53033003000","tract",2019,"food_score",121.88
"53033003100","tract",2019,"food_score",122.26
"53033003200","tract",2019,"food_score",114.5
"53033003300","tract",2019,"food_score",118.22
"53033003400","tract",2019,"food_score",121.28
"53033003500","tract",2019,"food_score",119.55
"53033003600","tract",2019,"food_score",116.42
"53033003800","tract",2019,"food_score",121.33
"53033003900","tract",2019,"food_score",110.04
"53033004000","tract",2019,"food_score",82.23
"53033004100","tract",2019,"food_score",123.43
"53033004200","tract",2019,"food_score",122.68
"53033004301","tract",2019,"food_score",108.86
"53033004302","tract",2019,"food_score",107.13
"53033004400","tract",2019,"food_score",117.6
"53033004500","tract",2019,"food_score",112.14
"53033004600","tract",2019,"food_score",115.86
"53033004700","tract",2019,"food_score",121.97
"53033004800","tract",2019,"food_score",121.07
"53033004900","tract",2019,"food_score",122
"53033005000","tract",2019,"food_score",120.61
"53033005100","tract",2019,"food_score",112.79
"53033005200","tract",2019,"food_score",115.81
"53033005301","tract",2019,"food_score",98.72
"53033005302","tract",2019,"food_score",NA
"53033005400","tract",2019,"food_score",123.58
"53033005600","tract",2019,"food_score",120.62
"53033005700","tract",2019,"food_score",125.81
"53033005801","tract",2019,"food_score",120.38
"53033005802","tract",2019,"food_score",98.36
"53033005900","tract",2019,"food_score",121.72
"53033006000","tract",2019,"food_score",115.64
"53033006100","tract",2019,"food_score",122.87
"53033006200","tract",2019,"food_score",124.85
"53033006300","tract",2019,"food_score",122.57
"53033006400","tract",2019,"food_score",116.5
"53033006500","tract",2019,"food_score",122.85
"53033006600","tract",2019,"food_score",109.05
"53033006700","tract",2019,"food_score",120.34
"53033006800","tract",2019,"food_score",122.31
"53033006900","tract",2019,"food_score",118.45
"53033007000","tract",2019,"food_score",116.57
"53033007100","tract",2019,"food_score",121.88
"53033007200","tract",2019,"food_score",123.56
"53033007300","tract",2019,"food_score",110.11
"53033007401","tract",2019,"food_score",109.65
"53033007402","tract",2019,"food_score",106.73
"53033007500","tract",2019,"food_score",117.12
"53033007600","tract",2019,"food_score",113.31
"53033007700","tract",2019,"food_score",92.83
"53033007800","tract",2019,"food_score",120.11
"53033007900","tract",2019,"food_score",93.65
"53033008001","tract",2019,"food_score",119.63
"53033008002","tract",2019,"food_score",100.71
"53033008100","tract",2019,"food_score",90.04
"53033008200","tract",2019,"food_score",114.66
"53033008300","tract",2019,"food_score",115.22
"53033008400","tract",2019,"food_score",93.17
"53033008500","tract",2019,"food_score",NA
"53033008600","tract",2019,"food_score",111.41
"53033008700","tract",2019,"food_score",79.68
"53033008800","tract",2019,"food_score",98.94
"53033008900","tract",2019,"food_score",93.25
"53033009000","tract",2019,"food_score",100.51
"53033009100","tract",2019,"food_score",100.45
"53033009200","tract",2019,"food_score",84.9
"53033009300","tract",2019,"food_score",114.51
"53033009400","tract",2019,"food_score",108.08
"53033009500","tract",2019,"food_score",108.68
"53033009600","tract",2019,"food_score",122.25
"53033009701","tract",2019,"food_score",125.81
"53033009702","tract",2019,"food_score",118.29
"53033009800","tract",2019,"food_score",115.94
"53033009900","tract",2019,"food_score",97.9
"53033010001","tract",2019,"food_score",77.89
"53033010002","tract",2019,"food_score",98.22
"53033010100","tract",2019,"food_score",94.68
"53033010200","tract",2019,"food_score",117.11
"53033010300","tract",2019,"food_score",88.92
"53033010401","tract",2019,"food_score",93.64
"53033010402","tract",2019,"food_score",106.37
"53033010500","tract",2019,"food_score",124.49
"53033010600","tract",2019,"food_score",116.18
"53033010701","tract",2019,"food_score",74.89
"53033010702","tract",2019,"food_score",79.45
"53033010800","tract",2019,"food_score",108.79
"53033010900","tract",2019,"food_score",107.07
"53033011001","tract",2019,"food_score",62.67
"53033011002","tract",2019,"food_score",71.86
"53033011101","tract",2019,"food_score",95.76
"53033011102","tract",2019,"food_score",110.49
"53033011200","tract",2019,"food_score",73.99
"53033011300","tract",2019,"food_score",100.97
"53033011401","tract",2019,"food_score",93.3
"53033011402","tract",2019,"food_score",100.99
"53033011500","tract",2019,"food_score",119.33
"53033011600","tract",2019,"food_score",118.9
"53033011700","tract",2019,"food_score",95.15
"53033011800","tract",2019,"food_score",86.89
"53033011900","tract",2019,"food_score",99.85
"53033012000","tract",2019,"food_score",121.54
"53033012100","tract",2019,"food_score",117.74
"53033020100","tract",2019,"food_score",119.37
"53033020200","tract",2019,"food_score",111.04
"53033020300","tract",2019,"food_score",114.17
"53033020401","tract",2019,"food_score",110.13
"53033020402","tract",2019,"food_score",115.17
"53033020500","tract",2019,"food_score",112.12
"53033020600","tract",2019,"food_score",118.74
"53033020700","tract",2019,"food_score",103.34
"53033020800","tract",2019,"food_score",118.4
"53033020900","tract",2019,"food_score",110.41
"53033021000","tract",2019,"food_score",114.66
"53033021100","tract",2019,"food_score",111.58
"53033021300","tract",2019,"food_score",113.22
"53033021400","tract",2019,"food_score",120.62
"53033021500","tract",2019,"food_score",123.84
"53033021600","tract",2019,"food_score",116.65
"53033021700","tract",2019,"food_score",119.17
"53033021802","tract",2019,"food_score",120.65
"53033021803","tract",2019,"food_score",112.12
"53033021804","tract",2019,"food_score",115.78
"53033021903","tract",2019,"food_score",117.28
"53033021904","tract",2019,"food_score",109.16
"53033021905","tract",2019,"food_score",121.86
"53033021906","tract",2019,"food_score",114.59
"53033022001","tract",2019,"food_score",119.49
"53033022003","tract",2019,"food_score",112.95
"53033022005","tract",2019,"food_score",111.31
"53033022006","tract",2019,"food_score",114.59
"53033022101","tract",2019,"food_score",115.89
"53033022102","tract",2019,"food_score",120.52
"53033022201","tract",2019,"food_score",119.02
"53033022202","tract",2019,"food_score",127.23
"53033022203","tract",2019,"food_score",121.63
"53033022300","tract",2019,"food_score",126.06
"53033022400","tract",2019,"food_score",126.76
"53033022500","tract",2019,"food_score",126.28
"53033022603","tract",2019,"food_score",122.38
"53033022604","tract",2019,"food_score",123.06
"53033022605","tract",2019,"food_score",115.83
"53033022606","tract",2019,"food_score",119.98
"53033022701","tract",2019,"food_score",125.33
"53033022702","tract",2019,"food_score",119.6
"53033022703","tract",2019,"food_score",114.67
"53033022801","tract",2019,"food_score",107.58
"53033022802","tract",2019,"food_score",122
"53033022803","tract",2019,"food_score",119.5
"53033022901","tract",2019,"food_score",122.95
"53033022902","tract",2019,"food_score",121.52
"53033023000","tract",2019,"food_score",117.66
"53033023100","tract",2019,"food_score",117.6
"53033023201","tract",2019,"food_score",117.65
"53033023202","tract",2019,"food_score",93.22
"53033023300","tract",2019,"food_score",112.94
"53033023401","tract",2019,"food_score",100.56
"53033023403","tract",2019,"food_score",123.39
"53033023404","tract",2019,"food_score",120.52
"53033023500","tract",2019,"food_score",117.24
"53033023601","tract",2019,"food_score",118.86
"53033023603","tract",2019,"food_score",109.12
"53033023604","tract",2019,"food_score",108.8
"53033023700","tract",2019,"food_score",123.07
"53033023801","tract",2019,"food_score",110.64
"53033023803","tract",2019,"food_score",120.66
"53033023804","tract",2019,"food_score",123.96
"53033023900","tract",2019,"food_score",123.1
"53033024000","tract",2019,"food_score",125.46
"53033024100","tract",2019,"food_score",126.86
"53033024200","tract",2019,"food_score",124.16
"53033024300","tract",2019,"food_score",120.63
"53033024400","tract",2019,"food_score",117.83
"53033024500","tract",2019,"food_score",124.35
"53033024601","tract",2019,"food_score",125.28
"53033024602","tract",2019,"food_score",126.37
"53033024701","tract",2019,"food_score",113.68
"53033024702","tract",2019,"food_score",124.99
"53033024800","tract",2019,"food_score",110.16
"53033024901","tract",2019,"food_score",119.46
"53033024902","tract",2019,"food_score",123.59
"53033024903","tract",2019,"food_score",126.44
"53033025001","tract",2019,"food_score",116.93
"53033025003","tract",2019,"food_score",123.93
"53033025005","tract",2019,"food_score",122.51
"53033025006","tract",2019,"food_score",112.71
"53033025101","tract",2019,"food_score",99.9
"53033025102","tract",2019,"food_score",111.4
"53033025200","tract",2019,"food_score",101.29
"53033025301","tract",2019,"food_score",120.16
"53033025302","tract",2019,"food_score",74.41
"53033025400","tract",2019,"food_score",99.4
"53033025500","tract",2019,"food_score",103.05
"53033025601","tract",2019,"food_score",107.99
"53033025602","tract",2019,"food_score",121.69
"53033025701","tract",2019,"food_score",95.45
"53033025702","tract",2019,"food_score",117.08
"53033025803","tract",2019,"food_score",101.55
"53033025804","tract",2019,"food_score",101.04
"53033025805","tract",2019,"food_score",108.03
"53033025806","tract",2019,"food_score",104.41
"53033026001","tract",2019,"food_score",107.68
"53033026002","tract",2019,"food_score",93.11
"53033026100","tract",2019,"food_score",86.24
"53033026200","tract",2019,"food_score",77.72
"53033026300","tract",2019,"food_score",96.87
"53033026400","tract",2019,"food_score",97.12
"53033026500","tract",2019,"food_score",62.82
"53033026600","tract",2019,"food_score",101.38
"53033026700","tract",2019,"food_score",110.37
"53033026801","tract",2019,"food_score",94.11
"53033026802","tract",2019,"food_score",79.98
"53033027000","tract",2019,"food_score",95.53
"53033027100","tract",2019,"food_score",91.84
"53033027200","tract",2019,"food_score",72.47
"53033027300","tract",2019,"food_score",82.44
"53033027400","tract",2019,"food_score",114.07
"53033027500","tract",2019,"food_score",94.37
"53033027600","tract",2019,"food_score",96.11
"53033027701","tract",2019,"food_score",118.38
"53033027702","tract",2019,"food_score",117.43
"53033027800","tract",2019,"food_score",124.65
"53033027900","tract",2019,"food_score",103.28
"53033028000","tract",2019,"food_score",81.51
"53033028100","tract",2019,"food_score",76.3
"53033028200","tract",2019,"food_score",82.56
"53033028300","tract",2019,"food_score",104.09
"53033028402","tract",2019,"food_score",85.12
"53033028403","tract",2019,"food_score",96
"53033028500","tract",2019,"food_score",108.86
"53033028600","tract",2019,"food_score",117.15
"53033028700","tract",2019,"food_score",118.65
"53033028801","tract",2019,"food_score",106.26
"53033028802","tract",2019,"food_score",87.74
"53033028901","tract",2019,"food_score",121.78
"53033028902","tract",2019,"food_score",78.73
"53033029001","tract",2019,"food_score",109.11
"53033029003","tract",2019,"food_score",97.92
"53033029004","tract",2019,"food_score",67.64
"53033029101","tract",2019,"food_score",83.23
"53033029102","tract",2019,"food_score",110.77
"53033029203","tract",2019,"food_score",87.66
"53033029204","tract",2019,"food_score",93.85
"53033029205","tract",2019,"food_score",96.74
"53033029206","tract",2019,"food_score",67.57
"53033029303","tract",2019,"food_score",111.38
"53033029304","tract",2019,"food_score",117.85
"53033029305","tract",2019,"food_score",98.48
"53033029306","tract",2019,"food_score",113.8
"53033029307","tract",2019,"food_score",100.65
"53033029403","tract",2019,"food_score",104.38
"53033029405","tract",2019,"food_score",108.45
"53033029406","tract",2019,"food_score",103.66
"53033029407","tract",2019,"food_score",74.98
"53033029408","tract",2019,"food_score",102.75
"53033029502","tract",2019,"food_score",100.24
"53033029503","tract",2019,"food_score",73.55
"53033029504","tract",2019,"food_score",76.95
"53033029601","tract",2019,"food_score",75.44
"53033029602","tract",2019,"food_score",113.37
"53033029700","tract",2019,"food_score",83.54
"53033029801","tract",2019,"food_score",111.27
"53033029802","tract",2019,"food_score",108.29
"53033029901","tract",2019,"food_score",104.51
"53033029902","tract",2019,"food_score",106.81
"53033030003","tract",2019,"food_score",117.35
"53033030004","tract",2019,"food_score",80.25
"53033030005","tract",2019,"food_score",93.53
"53033030006","tract",2019,"food_score",88.28
"53033030100","tract",2019,"food_score",99.63
"53033030201","tract",2019,"food_score",94.43
"53033030202","tract",2019,"food_score",88.57
"53033030304","tract",2019,"food_score",69.48
"53033030305","tract",2019,"food_score",89.49
"53033030306","tract",2019,"food_score",104.53
"53033030308","tract",2019,"food_score",107.12
"53033030309","tract",2019,"food_score",105.88
"53033030310","tract",2019,"food_score",104.73
"53033030311","tract",2019,"food_score",107.78
"53033030312","tract",2019,"food_score",91.07
"53033030313","tract",2019,"food_score",86.53
"53033030314","tract",2019,"food_score",87.97
"53033030401","tract",2019,"food_score",88.33
"53033030403","tract",2019,"food_score",117.12
"53033030404","tract",2019,"food_score",108.94
"53033030501","tract",2019,"food_score",85.3
"53033030503","tract",2019,"food_score",97.58
"53033030504","tract",2019,"food_score",88.26
"53033030600","tract",2019,"food_score",103.48
"53033030700","tract",2019,"food_score",81.57
"53033030801","tract",2019,"food_score",77.25
"53033030802","tract",2019,"food_score",83.96
"53033030901","tract",2019,"food_score",88.1
"53033030902","tract",2019,"food_score",110.77
"53033031000","tract",2019,"food_score",119.45
"53033031100","tract",2019,"food_score",93.48
"53033031202","tract",2019,"food_score",109.39
"53033031204","tract",2019,"food_score",118.73
"53033031205","tract",2019,"food_score",87.46
"53033031206","tract",2019,"food_score",116.72
"53033031301","tract",2019,"food_score",102.31
"53033031302","tract",2019,"food_score",100.71
"53033031400","tract",2019,"food_score",111.62
"53033031501","tract",2019,"food_score",115.73
"53033031502","tract",2019,"food_score",113.24
"53033031601","tract",2019,"food_score",112.15
"53033031603","tract",2019,"food_score",114.64
"53033031604","tract",2019,"food_score",121.56
"53033031605","tract",2019,"food_score",112.31
"53033031703","tract",2019,"food_score",102.65
"53033031704","tract",2019,"food_score",101.44
"53033031705","tract",2019,"food_score",116.33
"53033031706","tract",2019,"food_score",107.59
"53033031800","tract",2019,"food_score",118.82
"53033031903","tract",2019,"food_score",123.33
"53033031904","tract",2019,"food_score",123.4
"53033031906","tract",2019,"food_score",124.49
"53033031907","tract",2019,"food_score",119.02
"53033031908","tract",2019,"food_score",103.01
"53033031909","tract",2019,"food_score",109.07
"53033032002","tract",2019,"food_score",121.81
"53033032003","tract",2019,"food_score",115.89
"53033032005","tract",2019,"food_score",121.5
"53033032006","tract",2019,"food_score",118.2
"53033032007","tract",2019,"food_score",119.9
"53033032008","tract",2019,"food_score",112.67
"53033032010","tract",2019,"food_score",116.83
"53033032011","tract",2019,"food_score",123.66
"53033032102","tract",2019,"food_score",115.16
"53033032103","tract",2019,"food_score",108.41
"53033032104","tract",2019,"food_score",110.6
"53033032203","tract",2019,"food_score",126.35
"53033032207","tract",2019,"food_score",122.29
"53033032208","tract",2019,"food_score",126.93
"53033032210","tract",2019,"food_score",128.53
"53033032211","tract",2019,"food_score",120.51
"53033032212","tract",2019,"food_score",112.49
"53033032213","tract",2019,"food_score",128.38
"53033032214","tract",2019,"food_score",127.64
"53033032215","tract",2019,"food_score",126.96
"53033032307","tract",2019,"food_score",124.91
"53033032309","tract",2019,"food_score",125.43
"53033032311","tract",2019,"food_score",123.79
"53033032313","tract",2019,"food_score",122.95
"53033032315","tract",2019,"food_score",126.21
"53033032316","tract",2019,"food_score",130.38
"53033032317","tract",2019,"food_score",122.31
"53033032318","tract",2019,"food_score",122.1
"53033032319","tract",2019,"food_score",114.57
"53033032320","tract",2019,"food_score",123.86
"53033032321","tract",2019,"food_score",124.2
"53033032322","tract",2019,"food_score",128.63
"53033032323","tract",2019,"food_score",126.23
"53033032324","tract",2019,"food_score",113.18
"53033032325","tract",2019,"food_score",113.13
"53033032326","tract",2019,"food_score",125.13
"53033032327","tract",2019,"food_score",122.48
"53033032328","tract",2019,"food_score",123.59
"53033032329","tract",2019,"food_score",124.53
"53033032401","tract",2019,"food_score",121.25
"53033032402","tract",2019,"food_score",124.53
"53033032500","tract",2019,"food_score",119.97
"53033032601","tract",2019,"food_score",103.51
"53033032602","tract",2019,"food_score",128.07
"53033032702","tract",2019,"food_score",122.93
"53033032703","tract",2019,"food_score",110.85
"53033032704","tract",2019,"food_score",117.5
"53033032800","tract",2019,"food_score",119
"53033990100","tract",2019,"food_score",NA
"53035080101","tract",2019,"food_score",101.88
"53035080102","tract",2019,"food_score",98.71
"53035080200","tract",2019,"food_score",74.45
"53035080300","tract",2019,"food_score",95.77
"53035080400","tract",2019,"food_score",101.63
"53035080500","tract",2019,"food_score",86.87
"53035080600","tract",2019,"food_score",95.19
"53035080700","tract",2019,"food_score",109.96
"53035080800","tract",2019,"food_score",106.89
"53035080900","tract",2019,"food_score",89.45
"53035081000","tract",2019,"food_score",77.94
"53035081100","tract",2019,"food_score",60.98
"53035081200","tract",2019,"food_score",92.67
"53035081400","tract",2019,"food_score",NA
"53035090101","tract",2019,"food_score",97.73
"53035090102","tract",2019,"food_score",119.08
"53035090201","tract",2019,"food_score",121.94
"53035090202","tract",2019,"food_score",119.65
"53035090300","tract",2019,"food_score",NA
"53035090400","tract",2019,"food_score",115.22
"53035090501","tract",2019,"food_score",109.7
"53035090502","tract",2019,"food_score",115.17
"53035090700","tract",2019,"food_score",120.77
"53035090800","tract",2019,"food_score",123.18
"53035090900","tract",2019,"food_score",123.88
"53035091000","tract",2019,"food_score",127.83
"53035091100","tract",2019,"food_score",120.22
"53035091201","tract",2019,"food_score",113.9
"53035091203","tract",2019,"food_score",117.56
"53035091204","tract",2019,"food_score",107.91
"53035091301","tract",2019,"food_score",120.02
"53035091302","tract",2019,"food_score",122.52
"53035091400","tract",2019,"food_score",114.93
"53035091500","tract",2019,"food_score",115.65
"53035091600","tract",2019,"food_score",117.42
"53035091700","tract",2019,"food_score",97.82
"53035091800","tract",2019,"food_score",111.77
"53035091900","tract",2019,"food_score",107.39
"53035092000","tract",2019,"food_score",117.77
"53035092100","tract",2019,"food_score",107.08
"53035092200","tract",2019,"food_score",90.29
"53035092300","tract",2019,"food_score",96.38
"53035092400","tract",2019,"food_score",98.98
"53035092500","tract",2019,"food_score",104.72
"53035092600","tract",2019,"food_score",111.03
"53035092701","tract",2019,"food_score",120.24
"53035092704","tract",2019,"food_score",116.07
"53035092801","tract",2019,"food_score",111.38
"53035092802","tract",2019,"food_score",111.11
"53035092803","tract",2019,"food_score",106.6
"53035092901","tract",2019,"food_score",107.54
"53035092902","tract",2019,"food_score",101.96
"53035940000","tract",2019,"food_score",109.54
"53035940100","tract",2019,"food_score",110.61
"53035990100","tract",2019,"food_score",NA
"53037975100","tract",2019,"food_score",95.69
"53037975200","tract",2019,"food_score",113.91
"53037975300","tract",2019,"food_score",125.43
"53037975401","tract",2019,"food_score",107.55
"53037975402","tract",2019,"food_score",114.57
"53037975500","tract",2019,"food_score",106.61
"53037975600","tract",2019,"food_score",94.53
"53037975700","tract",2019,"food_score",108.21
"53039950100","tract",2019,"food_score",96.2
"53039950200","tract",2019,"food_score",85.89
"53039950300","tract",2019,"food_score",105.28
"53041970100","tract",2019,"food_score",109.4
"53041970200","tract",2019,"food_score",103.72
"53041970300","tract",2019,"food_score",83.33
"53041970400","tract",2019,"food_score",74.3
"53041970500","tract",2019,"food_score",87.04
"53041970600","tract",2019,"food_score",86.27
"53041970700","tract",2019,"food_score",71.51
"53041970800","tract",2019,"food_score",93.1
"53041970900","tract",2019,"food_score",72.68
"53041971000","tract",2019,"food_score",99.49
"53041971100","tract",2019,"food_score",109.86
"53041971200","tract",2019,"food_score",98.21
"53041971300","tract",2019,"food_score",100.73
"53041971400","tract",2019,"food_score",96.31
"53041971500","tract",2019,"food_score",105.51
"53041971600","tract",2019,"food_score",93.96
"53041971700","tract",2019,"food_score",105.2
"53041971800","tract",2019,"food_score",104.31
"53041971900","tract",2019,"food_score",80.96
"53041972000","tract",2019,"food_score",101.79
"53043960100","tract",2019,"food_score",112.14
"53043960200","tract",2019,"food_score",92.26
"53043960300","tract",2019,"food_score",107.72
"53043960400","tract",2019,"food_score",99.92
"53045940000","tract",2019,"food_score",76.97
"53045960100","tract",2019,"food_score",90.98
"53045960200","tract",2019,"food_score",100.45
"53045960300","tract",2019,"food_score",99.46
"53045960400","tract",2019,"food_score",109.41
"53045960500","tract",2019,"food_score",99.58
"53045960600","tract",2019,"food_score",90.25
"53045960700","tract",2019,"food_score",80.81
"53045960800","tract",2019,"food_score",71.63
"53045960900","tract",2019,"food_score",74.38
"53045961000","tract",2019,"food_score",95.14
"53045961100","tract",2019,"food_score",93.11
"53045961200","tract",2019,"food_score",85.72
"53045961300","tract",2019,"food_score",102.06
"53047940100","tract",2019,"food_score",91.11
"53047940200","tract",2019,"food_score",73.15
"53047970300","tract",2019,"food_score",89.69
"53047970400","tract",2019,"food_score",88.18
"53047970500","tract",2019,"food_score",85.42
"53047970600","tract",2019,"food_score",77.26
"53047970700","tract",2019,"food_score",92.98
"53047970800","tract",2019,"food_score",102.1
"53047970900","tract",2019,"food_score",105.81
"53047971000","tract",2019,"food_score",101.47
"53049950200","tract",2019,"food_score",91.77
"53049950300","tract",2019,"food_score",81.46
"53049950400","tract",2019,"food_score",114.98
"53049950500","tract",2019,"food_score",95.2
"53049950600","tract",2019,"food_score",73.28
"53049950700","tract",2019,"food_score",81.75
"53049950800","tract",2019,"food_score",98.9
"53049990100","tract",2019,"food_score",NA
"53051970100","tract",2019,"food_score",92.87
"53051970200","tract",2019,"food_score",98.26
"53051970300","tract",2019,"food_score",76.88
"53051970400","tract",2019,"food_score",84.29
"53051970500","tract",2019,"food_score",99.94
"53053060200","tract",2019,"food_score",NA
"53053060300","tract",2019,"food_score",111.17
"53053060400","tract",2019,"food_score",117.04
"53053060500","tract",2019,"food_score",111.3
"53053060600","tract",2019,"food_score",110.18
"53053060700","tract",2019,"food_score",116.21
"53053060800","tract",2019,"food_score",112.71
"53053060903","tract",2019,"food_score",97.24
"53053060904","tract",2019,"food_score",87.11
"53053060905","tract",2019,"food_score",100.87
"53053060906","tract",2019,"food_score",111.05
"53053061001","tract",2019,"food_score",115.96
"53053061002","tract",2019,"food_score",88.54
"53053061100","tract",2019,"food_score",98.46
"53053061200","tract",2019,"food_score",99.85
"53053061300","tract",2019,"food_score",82.01
"53053061400","tract",2019,"food_score",62.41
"53053061500","tract",2019,"food_score",93.55
"53053061601","tract",2019,"food_score",68.46
"53053061602","tract",2019,"food_score",112.67
"53053061700","tract",2019,"food_score",77.72
"53053061800","tract",2019,"food_score",100.68
"53053061900","tract",2019,"food_score",100.27
"53053062000","tract",2019,"food_score",69.22
"53053062300","tract",2019,"food_score",90.98
"53053062400","tract",2019,"food_score",98.79
"53053062500","tract",2019,"food_score",88.97
"53053062600","tract",2019,"food_score",100.38
"53053062801","tract",2019,"food_score",57.74
"53053062802","tract",2019,"food_score",81.65
"53053062900","tract",2019,"food_score",94.66
"53053063000","tract",2019,"food_score",81.01
"53053063100","tract",2019,"food_score",94.29
"53053063200","tract",2019,"food_score",97.42
"53053063300","tract",2019,"food_score",79.33
"53053063400","tract",2019,"food_score",88.22
"53053063501","tract",2019,"food_score",69.8
"53053063502","tract",2019,"food_score",87.49
"53053070100","tract",2019,"food_score",112.13
"53053070203","tract",2019,"food_score",116.28
"53053070204","tract",2019,"food_score",97.77
"53053070205","tract",2019,"food_score",111.38
"53053070206","tract",2019,"food_score",111.91
"53053070207","tract",2019,"food_score",108.74
"53053070307","tract",2019,"food_score",125.6
"53053070308","tract",2019,"food_score",101.84
"53053070309","tract",2019,"food_score",124.23
"53053070310","tract",2019,"food_score",114.28
"53053070311","tract",2019,"food_score",115.39
"53053070312","tract",2019,"food_score",120.38
"53053070313","tract",2019,"food_score",110.43
"53053070314","tract",2019,"food_score",121.49
"53053070315","tract",2019,"food_score",117.29
"53053070316","tract",2019,"food_score",112.66
"53053070401","tract",2019,"food_score",107.42
"53053070403","tract",2019,"food_score",97.79
"53053070404","tract",2019,"food_score",109.72
"53053070703","tract",2019,"food_score",113.56
"53053071100","tract",2019,"food_score",96.05
"53053071205","tract",2019,"food_score",105.09
"53053071206","tract",2019,"food_score",105.02
"53053071207","tract",2019,"food_score",96.05
"53053071208","tract",2019,"food_score",99.34
"53053071209","tract",2019,"food_score",107.35
"53053071210","tract",2019,"food_score",103.94
"53053071304","tract",2019,"food_score",88.32
"53053071305","tract",2019,"food_score",89.16
"53053071306","tract",2019,"food_score",109.36
"53053071307","tract",2019,"food_score",99.04
"53053071309","tract",2019,"food_score",107.95
"53053071310","tract",2019,"food_score",117.88
"53053071403","tract",2019,"food_score",85.16
"53053071406","tract",2019,"food_score",109.27
"53053071407","tract",2019,"food_score",96
"53053071408","tract",2019,"food_score",91.52
"53053071409","tract",2019,"food_score",82.85
"53053071410","tract",2019,"food_score",107.28
"53053071411","tract",2019,"food_score",97.41
"53053071503","tract",2019,"food_score",92.29
"53053071504","tract",2019,"food_score",65.98
"53053071505","tract",2019,"food_score",94.86
"53053071506","tract",2019,"food_score",112.78
"53053071601","tract",2019,"food_score",93.22
"53053071602","tract",2019,"food_score",87
"53053071703","tract",2019,"food_score",93.23
"53053071704","tract",2019,"food_score",82.62
"53053071705","tract",2019,"food_score",72.89
"53053071706","tract",2019,"food_score",83.85
"53053071707","tract",2019,"food_score",113.05
"53053071803","tract",2019,"food_score",96.55
"53053071805","tract",2019,"food_score",70.05
"53053071806","tract",2019,"food_score",49.79
"53053071807","tract",2019,"food_score",81.65
"53053071808","tract",2019,"food_score",71.26
"53053071901","tract",2019,"food_score",71.67
"53053071902","tract",2019,"food_score",119.9
"53053072000","tract",2019,"food_score",79.6
"53053072105","tract",2019,"food_score",111.28
"53053072106","tract",2019,"food_score",97.82
"53053072107","tract",2019,"food_score",113.66
"53053072108","tract",2019,"food_score",112.64
"53053072109","tract",2019,"food_score",117.17
"53053072111","tract",2019,"food_score",117.76
"53053072112","tract",2019,"food_score",104.39
"53053072305","tract",2019,"food_score",110.45
"53053072307","tract",2019,"food_score",102.04
"53053072308","tract",2019,"food_score",105.38
"53053072309","tract",2019,"food_score",111.52
"53053072310","tract",2019,"food_score",103.13
"53053072311","tract",2019,"food_score",86.46
"53053072312","tract",2019,"food_score",104.28
"53053072313","tract",2019,"food_score",102.58
"53053072405","tract",2019,"food_score",125.98
"53053072406","tract",2019,"food_score",114.69
"53053072407","tract",2019,"food_score",119.56
"53053072408","tract",2019,"food_score",122.43
"53053072409","tract",2019,"food_score",121.36
"53053072410","tract",2019,"food_score",116.98
"53053072503","tract",2019,"food_score",100.77
"53053072504","tract",2019,"food_score",112.98
"53053072505","tract",2019,"food_score",126.67
"53053072506","tract",2019,"food_score",123.14
"53053072507","tract",2019,"food_score",116.08
"53053072601","tract",2019,"food_score",110.08
"53053072602","tract",2019,"food_score",108.3
"53053072603","tract",2019,"food_score",102.83
"53053072800","tract",2019,"food_score",121.95
"53053072901","tract",2019,"food_score",117.9
"53053072903","tract",2019,"food_score",NA
"53053072905","tract",2019,"food_score",119.09
"53053072906","tract",2019,"food_score",NA
"53053072907","tract",2019,"food_score",113.62
"53053073001","tract",2019,"food_score",96.11
"53053073005","tract",2019,"food_score",97.93
"53053073006","tract",2019,"food_score",96.38
"53053073108","tract",2019,"food_score",97.78
"53053073110","tract",2019,"food_score",102.96
"53053073111","tract",2019,"food_score",90.68
"53053073113","tract",2019,"food_score",99.41
"53053073114","tract",2019,"food_score",88.13
"53053073115","tract",2019,"food_score",97.97
"53053073116","tract",2019,"food_score",114.51
"53053073117","tract",2019,"food_score",111.63
"53053073118","tract",2019,"food_score",115.44
"53053073119","tract",2019,"food_score",119.21
"53053073120","tract",2019,"food_score",112.65
"53053073121","tract",2019,"food_score",112.26
"53053073122","tract",2019,"food_score",112.58
"53053073123","tract",2019,"food_score",118.38
"53053073124","tract",2019,"food_score",104.5
"53053073125","tract",2019,"food_score",111.67
"53053073126","tract",2019,"food_score",108.54
"53053073200","tract",2019,"food_score",110.04
"53053073301","tract",2019,"food_score",95.92
"53053073302","tract",2019,"food_score",120.96
"53053073404","tract",2019,"food_score",106.25
"53053073405","tract",2019,"food_score",99.07
"53053073406","tract",2019,"food_score",101.69
"53053073407","tract",2019,"food_score",96.52
"53053073408","tract",2019,"food_score",112.2
"53053073500","tract",2019,"food_score",120.53
"53053940001","tract",2019,"food_score",117.21
"53053940002","tract",2019,"food_score",100.63
"53053940003","tract",2019,"food_score",107.76
"53053940004","tract",2019,"food_score",104.53
"53053940005","tract",2019,"food_score",111.02
"53053940006","tract",2019,"food_score",37.95
"53053940007","tract",2019,"food_score",78.13
"53053940008","tract",2019,"food_score",115.83
"53053940009","tract",2019,"food_score",120.14
"53053940010","tract",2019,"food_score",102.95
"53053940011","tract",2019,"food_score",120.87
"53055960100","tract",2019,"food_score",118.49
"53055960300","tract",2019,"food_score",121.1
"53055960400","tract",2019,"food_score",106.97
"53055960500","tract",2019,"food_score",120.31
"53055990100","tract",2019,"food_score",NA
"53057940200","tract",2019,"food_score",117.19
"53057940300","tract",2019,"food_score",119.8
"53057940400","tract",2019,"food_score",121.24
"53057940500","tract",2019,"food_score",91.09
"53057940600","tract",2019,"food_score",96.33
"53057940700","tract",2019,"food_score",104.9
"53057940800","tract",2019,"food_score",98.73
"53057950100","tract",2019,"food_score",118.84
"53057950800","tract",2019,"food_score",96.01
"53057950900","tract",2019,"food_score",101.94
"53057951000","tract",2019,"food_score",113.92
"53057951100","tract",2019,"food_score",85.28
"53057951200","tract",2019,"food_score",113.56
"53057951300","tract",2019,"food_score",100.14
"53057951400","tract",2019,"food_score",103.11
"53057951500","tract",2019,"food_score",110.21
"53057951600","tract",2019,"food_score",108.18
"53057951700","tract",2019,"food_score",94.11
"53057951800","tract",2019,"food_score",83.22
"53057951900","tract",2019,"food_score",119.88
"53057952100","tract",2019,"food_score",112.93
"53057952200","tract",2019,"food_score",78.26
"53057952301","tract",2019,"food_score",74.07
"53057952302","tract",2019,"food_score",97.66
"53057952401","tract",2019,"food_score",96.23
"53057952402","tract",2019,"food_score",102.14
"53057952500","tract",2019,"food_score",101.28
"53057952600","tract",2019,"food_score",110.77
"53057952700","tract",2019,"food_score",117.53
"53057990100","tract",2019,"food_score",NA
"53059950100","tract",2019,"food_score",98.19
"53059950200","tract",2019,"food_score",105.55
"53059950300","tract",2019,"food_score",99.2
"53059950400","tract",2019,"food_score",103.11
"53059950500","tract",2019,"food_score",99.08
"53061040100","tract",2019,"food_score",101.5
"53061040200","tract",2019,"food_score",81.15
"53061040300","tract",2019,"food_score",90.04
"53061040400","tract",2019,"food_score",96.64
"53061040500","tract",2019,"food_score",91.61
"53061040700","tract",2019,"food_score",81.11
"53061040800","tract",2019,"food_score",94.12
"53061040900","tract",2019,"food_score",95.93
"53061041000","tract",2019,"food_score",98.09
"53061041100","tract",2019,"food_score",82.09
"53061041201","tract",2019,"food_score",109.24
"53061041202","tract",2019,"food_score",102.84
"53061041301","tract",2019,"food_score",116.68
"53061041303","tract",2019,"food_score",100.12
"53061041304","tract",2019,"food_score",115.66
"53061041400","tract",2019,"food_score",94.38
"53061041500","tract",2019,"food_score",108.29
"53061041601","tract",2019,"food_score",106.77
"53061041605","tract",2019,"food_score",109.2
"53061041606","tract",2019,"food_score",97.17
"53061041607","tract",2019,"food_score",119.67
"53061041608","tract",2019,"food_score",118.93
"53061041701","tract",2019,"food_score",99
"53061041703","tract",2019,"food_score",112.18
"53061041704","tract",2019,"food_score",111.51
"53061041805","tract",2019,"food_score",94.92
"53061041806","tract",2019,"food_score",81.07
"53061041808","tract",2019,"food_score",104.58
"53061041809","tract",2019,"food_score",77.2
"53061041810","tract",2019,"food_score",100.44
"53061041811","tract",2019,"food_score",103.42
"53061041812","tract",2019,"food_score",84.53
"53061041901","tract",2019,"food_score",95.86
"53061041903","tract",2019,"food_score",66.17
"53061041904","tract",2019,"food_score",94.34
"53061041905","tract",2019,"food_score",118.79
"53061042001","tract",2019,"food_score",130.05
"53061042003","tract",2019,"food_score",127.91
"53061042004","tract",2019,"food_score",105.87
"53061042005","tract",2019,"food_score",124.58
"53061042006","tract",2019,"food_score",115.77
"53061050101","tract",2019,"food_score",113.01
"53061050102","tract",2019,"food_score",110.66
"53061050200","tract",2019,"food_score",120.27
"53061050300","tract",2019,"food_score",114.05
"53061050401","tract",2019,"food_score",117.53
"53061050402","tract",2019,"food_score",111.89
"53061050500","tract",2019,"food_score",120.09
"53061050600","tract",2019,"food_score",117.08
"53061050700","tract",2019,"food_score",115.39
"53061050800","tract",2019,"food_score",111.85
"53061050900","tract",2019,"food_score",110.2
"53061051000","tract",2019,"food_score",108.18
"53061051100","tract",2019,"food_score",114.85
"53061051200","tract",2019,"food_score",101.85
"53061051300","tract",2019,"food_score",115
"53061051400","tract",2019,"food_score",95.26
"53061051500","tract",2019,"food_score",96.1
"53061051601","tract",2019,"food_score",97.34
"53061051602","tract",2019,"food_score",103.48
"53061051701","tract",2019,"food_score",83.9
"53061051702","tract",2019,"food_score",103.1
"53061051802","tract",2019,"food_score",115.94
"53061051803","tract",2019,"food_score",102.33
"53061051804","tract",2019,"food_score",116.57
"53061051905","tract",2019,"food_score",99.57
"53061051912","tract",2019,"food_score",120.28
"53061051913","tract",2019,"food_score",111.74
"53061051914","tract",2019,"food_score",122.46
"53061051915","tract",2019,"food_score",122.09
"53061051916","tract",2019,"food_score",120.75
"53061051917","tract",2019,"food_score",124.6
"53061051918","tract",2019,"food_score",113.25
"53061051921","tract",2019,"food_score",119.8
"53061051922","tract",2019,"food_score",111.81
"53061051923","tract",2019,"food_score",108.52
"53061051924","tract",2019,"food_score",119.19
"53061051925","tract",2019,"food_score",119.55
"53061051926","tract",2019,"food_score",116.14
"53061051927","tract",2019,"food_score",117.43
"53061051928","tract",2019,"food_score",93.57
"53061052003","tract",2019,"food_score",122.1
"53061052004","tract",2019,"food_score",115.27
"53061052005","tract",2019,"food_score",117.59
"53061052006","tract",2019,"food_score",118.09
"53061052007","tract",2019,"food_score",115.81
"53061052104","tract",2019,"food_score",120.02
"53061052105","tract",2019,"food_score",122.68
"53061052107","tract",2019,"food_score",109.71
"53061052108","tract",2019,"food_score",122.13
"53061052112","tract",2019,"food_score",122.59
"53061052113","tract",2019,"food_score",117.79
"53061052114","tract",2019,"food_score",124.3
"53061052115","tract",2019,"food_score",111.19
"53061052118","tract",2019,"food_score",120.21
"53061052203","tract",2019,"food_score",121.94
"53061052204","tract",2019,"food_score",115.46
"53061052206","tract",2019,"food_score",120.51
"53061052207","tract",2019,"food_score",112.89
"53061052208","tract",2019,"food_score",93.05
"53061052209","tract",2019,"food_score",NA
"53061052301","tract",2019,"food_score",113.43
"53061052302","tract",2019,"food_score",117.35
"53061052401","tract",2019,"food_score",119.34
"53061052402","tract",2019,"food_score",104.18
"53061052502","tract",2019,"food_score",115.86
"53061052503","tract",2019,"food_score",116.15
"53061052504","tract",2019,"food_score",108.92
"53061052603","tract",2019,"food_score",108.49
"53061052604","tract",2019,"food_score",105.99
"53061052605","tract",2019,"food_score",112.71
"53061052606","tract",2019,"food_score",111.31
"53061052607","tract",2019,"food_score",119.45
"53061052701","tract",2019,"food_score",105.35
"53061052705","tract",2019,"food_score",118.69
"53061052706","tract",2019,"food_score",114.21
"53061052707","tract",2019,"food_score",120.38
"53061052708","tract",2019,"food_score",111.53
"53061052709","tract",2019,"food_score",107.38
"53061052803","tract",2019,"food_score",116.39
"53061052804","tract",2019,"food_score",99.24
"53061052805","tract",2019,"food_score",113.89
"53061052806","tract",2019,"food_score",113.39
"53061052903","tract",2019,"food_score",75.98
"53061052904","tract",2019,"food_score",105.39
"53061052905","tract",2019,"food_score",95.58
"53061052906","tract",2019,"food_score",86.59
"53061053101","tract",2019,"food_score",106.53
"53061053102","tract",2019,"food_score",116.15
"53061053201","tract",2019,"food_score",122.82
"53061053202","tract",2019,"food_score",125.07
"53061053301","tract",2019,"food_score",108.34
"53061053302","tract",2019,"food_score",122.88
"53061053400","tract",2019,"food_score",109.87
"53061053504","tract",2019,"food_score",107.8
"53061053505","tract",2019,"food_score",108.15
"53061053506","tract",2019,"food_score",111.53
"53061053507","tract",2019,"food_score",121.55
"53061053508","tract",2019,"food_score",109.42
"53061053509","tract",2019,"food_score",89.93
"53061053602","tract",2019,"food_score",103.27
"53061053603","tract",2019,"food_score",109.6
"53061053604","tract",2019,"food_score",104.56
"53061053700","tract",2019,"food_score",103.45
"53061053801","tract",2019,"food_score",105.66
"53061053802","tract",2019,"food_score",110.23
"53061053803","tract",2019,"food_score",108.17
"53061940001","tract",2019,"food_score",108.8
"53061940002","tract",2019,"food_score",108.81
"53061990002","tract",2019,"food_score",NA
"53061990100","tract",2019,"food_score",NA
"53063000200","tract",2019,"food_score",54.57
"53063000300","tract",2019,"food_score",73.99
"53063000400","tract",2019,"food_score",69.12
"53063000500","tract",2019,"food_score",89.37
"53063000600","tract",2019,"food_score",84.42
"53063000700","tract",2019,"food_score",86.43
"53063000800","tract",2019,"food_score",116.1
"53063000900","tract",2019,"food_score",94
"53063001000","tract",2019,"food_score",111.53
"53063001100","tract",2019,"food_score",101.93
"53063001200","tract",2019,"food_score",89.83
"53063001300","tract",2019,"food_score",83.21
"53063001400","tract",2019,"food_score",78.29
"53063001500","tract",2019,"food_score",83.94
"53063001600","tract",2019,"food_score",53.86
"53063001800","tract",2019,"food_score",78.32
"53063001900","tract",2019,"food_score",84.52
"53063002000","tract",2019,"food_score",61.6
"53063002100","tract",2019,"food_score",78.3
"53063002300","tract",2019,"food_score",85.17
"53063002400","tract",2019,"food_score",NA
"53063002500","tract",2019,"food_score",NA
"53063002600","tract",2019,"food_score",46.12
"53063002900","tract",2019,"food_score",98.31
"53063003000","tract",2019,"food_score",61.42
"53063003100","tract",2019,"food_score",85.57
"53063003200","tract",2019,"food_score",97.51
"53063003500","tract",2019,"food_score",45.37
"53063003600","tract",2019,"food_score",89.92
"53063003800","tract",2019,"food_score",93.05
"53063003900","tract",2019,"food_score",102.75
"53063004000","tract",2019,"food_score",81.67
"53063004100","tract",2019,"food_score",101.92
"53063004200","tract",2019,"food_score",119.87
"53063004300","tract",2019,"food_score",110.13
"53063004400","tract",2019,"food_score",112.5
"53063004500","tract",2019,"food_score",114.57
"53063004601","tract",2019,"food_score",92.52
"53063004602","tract",2019,"food_score",90.02
"53063004700","tract",2019,"food_score",100.47
"53063004800","tract",2019,"food_score",108.26
"53063004900","tract",2019,"food_score",113.14
"53063005000","tract",2019,"food_score",93.4
"53063010100","tract",2019,"food_score",113.55
"53063010201","tract",2019,"food_score",114.84
"53063010202","tract",2019,"food_score",120.91
"53063010301","tract",2019,"food_score",97.99
"53063010303","tract",2019,"food_score",109.33
"53063010304","tract",2019,"food_score",101.61
"53063010305","tract",2019,"food_score",112.44
"53063010401","tract",2019,"food_score",NA
"53063010402","tract",2019,"food_score",110.33
"53063010501","tract",2019,"food_score",115.25
"53063010503","tract",2019,"food_score",117.32
"53063010504","tract",2019,"food_score",107.68
"53063010601","tract",2019,"food_score",123.87
"53063010602","tract",2019,"food_score",111.52
"53063010700","tract",2019,"food_score",124.61
"53063010800","tract",2019,"food_score",80.12
"53063010900","tract",2019,"food_score",111.86
"53063011000","tract",2019,"food_score",109.06
"53063011101","tract",2019,"food_score",86.4
"53063011102","tract",2019,"food_score",73.14
"53063011201","tract",2019,"food_score",82.07
"53063011202","tract",2019,"food_score",93.28
"53063011300","tract",2019,"food_score",114.02
"53063011400","tract",2019,"food_score",92.66
"53063011500","tract",2019,"food_score",98.57
"53063011600","tract",2019,"food_score",97.01
"53063011701","tract",2019,"food_score",91.98
"53063011702","tract",2019,"food_score",66.05
"53063011800","tract",2019,"food_score",85.95
"53063011900","tract",2019,"food_score",87.19
"53063012000","tract",2019,"food_score",95.07
"53063012100","tract",2019,"food_score",97.86
"53063012200","tract",2019,"food_score",80.03
"53063012300","tract",2019,"food_score",105.12
"53063012401","tract",2019,"food_score",114.86
"53063012402","tract",2019,"food_score",119.24
"53063012500","tract",2019,"food_score",85.04
"53063012600","tract",2019,"food_score",90.25
"53063012701","tract",2019,"food_score",101.56
"53063012702","tract",2019,"food_score",94.2
"53063012801","tract",2019,"food_score",90.15
"53063012802","tract",2019,"food_score",105.67
"53063012901","tract",2019,"food_score",95.27
"53063012902","tract",2019,"food_score",114.66
"53063013000","tract",2019,"food_score",103.57
"53063013100","tract",2019,"food_score",116.17
"53063013201","tract",2019,"food_score",101.77
"53063013202","tract",2019,"food_score",118
"53063013300","tract",2019,"food_score",111.43
"53063013401","tract",2019,"food_score",118.06
"53063013500","tract",2019,"food_score",116.32
"53063013600","tract",2019,"food_score",99.45
"53063013700","tract",2019,"food_score",103.96
"53063013800","tract",2019,"food_score",121.25
"53063013900","tract",2019,"food_score",97.05
"53063014001","tract",2019,"food_score",101.67
"53063014002","tract",2019,"food_score",105.99
"53063014100","tract",2019,"food_score",124.38
"53063014200","tract",2019,"food_score",110.98
"53063014300","tract",2019,"food_score",104.07
"53063014400","tract",2019,"food_score",78.23
"53063014500","tract",2019,"food_score",33.58
"53065941000","tract",2019,"food_score",63.62
"53065950100","tract",2019,"food_score",92.09
"53065950200","tract",2019,"food_score",102.58
"53065950300","tract",2019,"food_score",92.42
"53065950500","tract",2019,"food_score",93.78
"53065950600","tract",2019,"food_score",107.73
"53065950700","tract",2019,"food_score",89.26
"53065950800","tract",2019,"food_score",96.61
"53065950900","tract",2019,"food_score",108.87
"53065951100","tract",2019,"food_score",96.55
"53065951300","tract",2019,"food_score",97.58
"53065951400","tract",2019,"food_score",120.06
"53067010100","tract",2019,"food_score",100.97
"53067010200","tract",2019,"food_score",116.91
"53067010300","tract",2019,"food_score",93.42
"53067010400","tract",2019,"food_score",116.15
"53067010510","tract",2019,"food_score",80.05
"53067010520","tract",2019,"food_score",80.14
"53067010600","tract",2019,"food_score",81.21
"53067010700","tract",2019,"food_score",125.37
"53067010800","tract",2019,"food_score",106.85
"53067010910","tract",2019,"food_score",116.55
"53067010920","tract",2019,"food_score",97.56
"53067011000","tract",2019,"food_score",98.05
"53067011100","tract",2019,"food_score",104.01
"53067011200","tract",2019,"food_score",99.68
"53067011300","tract",2019,"food_score",102.5
"53067011410","tract",2019,"food_score",100.68
"53067011420","tract",2019,"food_score",103.92
"53067011500","tract",2019,"food_score",107.39
"53067011610","tract",2019,"food_score",108.67
"53067011621","tract",2019,"food_score",106.61
"53067011622","tract",2019,"food_score",99.25
"53067011623","tract",2019,"food_score",112.05
"53067011624","tract",2019,"food_score",107.36
"53067011710","tract",2019,"food_score",115.68
"53067011720","tract",2019,"food_score",109.13
"53067011810","tract",2019,"food_score",109.56
"53067011821","tract",2019,"food_score",102.89
"53067011822","tract",2019,"food_score",107.08
"53067011900","tract",2019,"food_score",109.97
"53067012000","tract",2019,"food_score",114.7
"53067012100","tract",2019,"food_score",113.39
"53067012211","tract",2019,"food_score",106.05
"53067012212","tract",2019,"food_score",102.85
"53067012221","tract",2019,"food_score",113.96
"53067012222","tract",2019,"food_score",126.24
"53067012310","tract",2019,"food_score",112.83
"53067012320","tract",2019,"food_score",94.98
"53067012330","tract",2019,"food_score",93.84
"53067012411","tract",2019,"food_score",102.4
"53067012412","tract",2019,"food_score",89.05
"53067012420","tract",2019,"food_score",115.72
"53067012510","tract",2019,"food_score",101.19
"53067012520","tract",2019,"food_score",110.54
"53067012530","tract",2019,"food_score",103.74
"53067012610","tract",2019,"food_score",112.04
"53067012620","tract",2019,"food_score",96.98
"53067012710","tract",2019,"food_score",90.84
"53067012720","tract",2019,"food_score",101.78
"53067012730","tract",2019,"food_score",110.06
"53067990100","tract",2019,"food_score",NA
"53069950100","tract",2019,"food_score",104.22
"53071920000","tract",2019,"food_score",98.66
"53071920100","tract",2019,"food_score",111.45
"53071920200","tract",2019,"food_score",92.63
"53071920300","tract",2019,"food_score",107.47
"53071920400","tract",2019,"food_score",NA
"53071920500","tract",2019,"food_score",67.86
"53071920600","tract",2019,"food_score",114.22
"53071920701","tract",2019,"food_score",93.04
"53071920702","tract",2019,"food_score",103.25
"53071920801","tract",2019,"food_score",98.03
"53071920802","tract",2019,"food_score",102.4
"53071920900","tract",2019,"food_score",119.37
"53073000100","tract",2019,"food_score",102.82
"53073000200","tract",2019,"food_score",85.39
"53073000300","tract",2019,"food_score",89.65
"53073000400","tract",2019,"food_score",117.61
"53073000501","tract",2019,"food_score",93.22
"53073000502","tract",2019,"food_score",103.23
"53073000600","tract",2019,"food_score",65.4
"53073000700","tract",2019,"food_score",104.77
"53073000803","tract",2019,"food_score",106.08
"53073000804","tract",2019,"food_score",108.92
"53073000805","tract",2019,"food_score",120.1
"53073000806","tract",2019,"food_score",115.68
"53073000901","tract",2019,"food_score",101.43
"53073000902","tract",2019,"food_score",118.62
"53073001000","tract",2019,"food_score",NA
"53073001100","tract",2019,"food_score",125.19
"53073001201","tract",2019,"food_score",101.06
"53073001202","tract",2019,"food_score",121.27
"53073010100","tract",2019,"food_score",78.97
"53073010200","tract",2019,"food_score",98.18
"53073010301","tract",2019,"food_score",117.94
"53073010302","tract",2019,"food_score",115.78
"53073010303","tract",2019,"food_score",112.01
"53073010401","tract",2019,"food_score",111.08
"53073010403","tract",2019,"food_score",110.68
"53073010404","tract",2019,"food_score",103.52
"53073010501","tract",2019,"food_score",106.78
"53073010502","tract",2019,"food_score",106.85
"53073010600","tract",2019,"food_score",113.99
"53073010701","tract",2019,"food_score",116.03
"53073010702","tract",2019,"food_score",99.34
"53073010900","tract",2019,"food_score",94.38
"53073011000","tract",2019,"food_score",121.92
"53073940000","tract",2019,"food_score",86.58
"53075000100","tract",2019,"food_score",NA
"53075000200","tract",2019,"food_score",106.64
"53075000300","tract",2019,"food_score",112.68
"53075000400","tract",2019,"food_score",113.43
"53075000500","tract",2019,"food_score",NA
"53075000600","tract",2019,"food_score",106.14
"53075000700","tract",2019,"food_score",109.54
"53075000800","tract",2019,"food_score",98.45
"53075000900","tract",2019,"food_score",90.24
"53075001000","tract",2019,"food_score",105.91
"53077000100","tract",2019,"food_score",NA
"53077000200","tract",2019,"food_score",58.36
"53077000300","tract",2019,"food_score",70.48
"53077000400","tract",2019,"food_score",120.36
"53077000500","tract",2019,"food_score",100.77
"53077000600","tract",2019,"food_score",53.3
"53077000700","tract",2019,"food_score",77.82
"53077000800","tract",2019,"food_score",116.96
"53077000901","tract",2019,"food_score",105.25
"53077000902","tract",2019,"food_score",94.84
"53077001000","tract",2019,"food_score",96.64
"53077001100","tract",2019,"food_score",92.03
"53077001201","tract",2019,"food_score",72.69
"53077001202","tract",2019,"food_score",65.13
"53077001300","tract",2019,"food_score",87.01
"53077001400","tract",2019,"food_score",91.62
"53077001501","tract",2019,"food_score",40.88
"53077001502","tract",2019,"food_score",55.72
"53077001601","tract",2019,"food_score",97.51
"53077001602","tract",2019,"food_score",114.42
"53077001701","tract",2019,"food_score",98.46
"53077001702","tract",2019,"food_score",109.96
"53077001800","tract",2019,"food_score",102.46
"53077001901","tract",2019,"food_score",70.93
"53077001902","tract",2019,"food_score",87.04
"53077002001","tract",2019,"food_score",58.7
"53077002002","tract",2019,"food_score",76.36
"53077002101","tract",2019,"food_score",89.11
"53077002102","tract",2019,"food_score",63.56
"53077002200","tract",2019,"food_score",92.74
"53077002701","tract",2019,"food_score",80.14
"53077002801","tract",2019,"food_score",114.69
"53077002802","tract",2019,"food_score",115.05
"53077002900","tract",2019,"food_score",101.89
"53077003001","tract",2019,"food_score",115.88
"53077003002","tract",2019,"food_score",105.15
"53077003100","tract",2019,"food_score",107.88
"53077003200","tract",2019,"food_score",96.48
"53077003400","tract",2019,"food_score",105
"53077940001","tract",2019,"food_score",77.76
"53077940002","tract",2019,"food_score",79.35
"53077940003","tract",2019,"food_score",84.01
"53077940004","tract",2019,"food_score",66.23
"53077940005","tract",2019,"food_score",76.35
"53077940006","tract",2019,"food_score",70.79
"53001950100","tract",2019,"food_rnk",33.6013
"53001950200","tract",2019,"food_rnk",22.21
"53001950300","tract",2019,"food_rnk",17.1886
"53001950400","tract",2019,"food_rnk",21.5823
"53001950500","tract",2019,"food_rnk",19.4468
"53003960100","tract",2019,"food_rnk",88.9035
"53003960200","tract",2019,"food_rnk",85.2883
"53003960300","tract",2019,"food_rnk",7.8918
"53003960400","tract",2019,"food_rnk",13.5734
"53003960500","tract",2019,"food_rnk",15.5129
"53003960600","tract",2019,"food_rnk",40.2815
"53005010100","tract",2019,"food_rnk",78.3824
"53005010201","tract",2019,"food_rnk",59.3884
"53005010202","tract",2019,"food_rnk",24.2172
"53005010300","tract",2019,"food_rnk",41.9149
"53005010400","tract",2019,"food_rnk",26.4006
"53005010500","tract",2019,"food_rnk",18.8572
"53005010600","tract",2019,"food_rnk",21.7502
"53005010701","tract",2019,"food_rnk",35.6085
"53005010703","tract",2019,"food_rnk",17.6357
"53005010705","tract",2019,"food_rnk",81.4249
"53005010707","tract",2019,"food_rnk",74.4062
"53005010708","tract",2019,"food_rnk",50.9521
"53005010803","tract",2019,"food_rnk",98.842
"53005010805","tract",2019,"food_rnk",81.8481
"53005010807","tract",2019,"food_rnk",69.365
"53005010809","tract",2019,"food_rnk",62.3688
"53005010810","tract",2019,"food_rnk",71.6373
"53005010811","tract",2019,"food_rnk",98.1043
"53005010813","tract",2019,"food_rnk",94.7275
"53005010814","tract",2019,"food_rnk",90.9544
"53005010901","tract",2019,"food_rnk",14.7004
"53005010902","tract",2019,"food_rnk",30.0412
"53005011001","tract",2019,"food_rnk",20.4003
"53005011002","tract",2019,"food_rnk",14.3873
"53005011100","tract",2019,"food_rnk",27.2244
"53005011200","tract",2019,"food_rnk",6.9976
"53005011300","tract",2019,"food_rnk",15.7005
"53005011401","tract",2019,"food_rnk",5.6787
"53005011402","tract",2019,"food_rnk",71.6373
"53005011501","tract",2019,"food_rnk",36.5042
"53005011503","tract",2019,"food_rnk",73.6022
"53005011504","tract",2019,"food_rnk",43.0814
"53005011600","tract",2019,"food_rnk",50.2271
"53005011700","tract",2019,"food_rnk",20.3777
"53005011800","tract",2019,"food_rnk",85.5845
"53005011900","tract",2019,"food_rnk",27.7477
"53005012000","tract",2019,"food_rnk",NA
"53007960100","tract",2019,"food_rnk",56.7479
"53007960200","tract",2019,"food_rnk",72.3087
"53007960300","tract",2019,"food_rnk",56.817
"53007960400","tract",2019,"food_rnk",94.8417
"53007960500","tract",2019,"food_rnk",75.0451
"53007960600","tract",2019,"food_rnk",63.1178
"53007960700","tract",2019,"food_rnk",94.6118
"53007960801","tract",2019,"food_rnk",91.5397
"53007960802","tract",2019,"food_rnk",64.62
"53007961000","tract",2019,"food_rnk",34.8976
"53007961100","tract",2019,"food_rnk",27.1877
"53007961200","tract",2019,"food_rnk",93.9672
"53007961301","tract",2019,"food_rnk",90.9727
"53007961302","tract",2019,"food_rnk",48.5218
"53009000200","tract",2019,"food_rnk",64.5805
"53009000300","tract",2019,"food_rnk",29.7929
"53009000400","tract",2019,"food_rnk",24.1241
"53009000600","tract",2019,"food_rnk",37.8061
"53009000700","tract",2019,"food_rnk",18.348
"53009000800","tract",2019,"food_rnk",38.3816
"53009000900","tract",2019,"food_rnk",17.5454
"53009001000","tract",2019,"food_rnk",17.0644
"53009001100","tract",2019,"food_rnk",16.9234
"53009001200","tract",2019,"food_rnk",47.502
"53009001300","tract",2019,"food_rnk",33.8834
"53009001400","tract",2019,"food_rnk",75.5586
"53009001500","tract",2019,"food_rnk",35.1825
"53009001600","tract",2019,"food_rnk",42.0616
"53009001700","tract",2019,"food_rnk",38.4197
"53009001800","tract",2019,"food_rnk",78.4769
"53009001900","tract",2019,"food_rnk",78.7266
"53009002000","tract",2019,"food_rnk",62.0317
"53009002100","tract",2019,"food_rnk",34.5041
"53009002300","tract",2019,"food_rnk",54.6378
"53009940000","tract",2019,"food_rnk",12.5649
"53009990100","tract",2019,"food_rnk",NA
"53011040101","tract",2019,"food_rnk",59.4138
"53011040102","tract",2019,"food_rnk",57.4715
"53011040201","tract",2019,"food_rnk",64.62
"53011040202","tract",2019,"food_rnk",56.7225
"53011040203","tract",2019,"food_rnk",57.9144
"53011040301","tract",2019,"food_rnk",63.3731
"53011040302","tract",2019,"food_rnk",67.1335
"53011040403","tract",2019,"food_rnk",66.4156
"53011040407","tract",2019,"food_rnk",42.6258
"53011040408","tract",2019,"food_rnk",80.2471
"53011040409","tract",2019,"food_rnk",90.8133
"53011040411","tract",2019,"food_rnk",47.5203
"53011040412","tract",2019,"food_rnk",93.6104
"53011040413","tract",2019,"food_rnk",20.066
"53011040414","tract",2019,"food_rnk",67.6427
"53011040415","tract",2019,"food_rnk",25.8336
"53011040416","tract",2019,"food_rnk",72.0943
"53011040504","tract",2019,"food_rnk",91.4452
"53011040505","tract",2019,"food_rnk",84.8764
"53011040507","tract",2019,"food_rnk",44.1548
"53011040508","tract",2019,"food_rnk",61.0443
"53011040509","tract",2019,"food_rnk",31.7761
"53011040510","tract",2019,"food_rnk",78.2639
"53011040511","tract",2019,"food_rnk",80.4841
"53011040603","tract",2019,"food_rnk",73.4865
"53011040604","tract",2019,"food_rnk",38.2814
"53011040605","tract",2019,"food_rnk",67.5355
"53011040608","tract",2019,"food_rnk",81.5871
"53011040609","tract",2019,"food_rnk",94.6316
"53011040610","tract",2019,"food_rnk",80.2471
"53011040703","tract",2019,"food_rnk",33.4603
"53011040706","tract",2019,"food_rnk",19.1732
"53011040707","tract",2019,"food_rnk",48.5429
"53011040709","tract",2019,"food_rnk",50.2271
"53011040710","tract",2019,"food_rnk",63.3731
"53011040711","tract",2019,"food_rnk",48.2072
"53011040712","tract",2019,"food_rnk",40.6779
"53011040803","tract",2019,"food_rnk",69.0913
"53011040805","tract",2019,"food_rnk",75.622
"53011040806","tract",2019,"food_rnk",51.0847
"53011040808","tract",2019,"food_rnk",70.1901
"53011040809","tract",2019,"food_rnk",54.1469
"53011040810","tract",2019,"food_rnk",56.6435
"53011040904","tract",2019,"food_rnk",38.3378
"53011040905","tract",2019,"food_rnk",69.0377
"53011040907","tract",2019,"food_rnk",98.6699
"53011040908","tract",2019,"food_rnk",74.2538
"53011040909","tract",2019,"food_rnk",74.8321
"53011040910","tract",2019,"food_rnk",88.6947
"53011041003","tract",2019,"food_rnk",58.5745
"53011041005","tract",2019,"food_rnk",10.4548
"53011041007","tract",2019,"food_rnk",35.6903
"53011041008","tract",2019,"food_rnk",81.4249
"53011041009","tract",2019,"food_rnk",21.6063
"53011041010","tract",2019,"food_rnk",56.0328
"53011041011","tract",2019,"food_rnk",46.0153
"53011041104","tract",2019,"food_rnk",14.6172
"53011041105","tract",2019,"food_rnk",53.1271
"53011041107","tract",2019,"food_rnk",58.6493
"53011041108","tract",2019,"food_rnk",22.5767
"53011041110","tract",2019,"food_rnk",14.0586
"53011041111","tract",2019,"food_rnk",11.459
"53011041112","tract",2019,"food_rnk",22.8574
"53011041201","tract",2019,"food_rnk",44.9659
"53011041203","tract",2019,"food_rnk",15.9854
"53011041205","tract",2019,"food_rnk",36.8399
"53011041206","tract",2019,"food_rnk",11.3434
"53011041309","tract",2019,"food_rnk",38.0868
"53011041310","tract",2019,"food_rnk",47.8447
"53011041312","tract",2019,"food_rnk",16.4706
"53011041313","tract",2019,"food_rnk",20.3918
"53011041317","tract",2019,"food_rnk",41.6258
"53011041318","tract",2019,"food_rnk",33.8383
"53011041319","tract",2019,"food_rnk",50.536
"53011041320","tract",2019,"food_rnk",63.4874
"53011041321","tract",2019,"food_rnk",90.9727
"53011041322","tract",2019,"food_rnk",31.6661
"53011041323","tract",2019,"food_rnk",34.0146
"53011041325","tract",2019,"food_rnk",91.6356
"53011041326","tract",2019,"food_rnk",43.6484
"53011041327","tract",2019,"food_rnk",74.6826
"53011041328","tract",2019,"food_rnk",78.2639
"53011041329","tract",2019,"food_rnk",81.5871
"53011041330","tract",2019,"food_rnk",23.9985
"53011041331","tract",2019,"food_rnk",45.0999
"53011041332","tract",2019,"food_rnk",75.1693
"53011041333","tract",2019,"food_rnk",35.428
"53011041400","tract",2019,"food_rnk",57.7353
"53011041500","tract",2019,"food_rnk",26.0664
"53011041600","tract",2019,"food_rnk",12.6269
"53011041700","tract",2019,"food_rnk",4.8381
"53011041800","tract",2019,"food_rnk",14.9642
"53011041900","tract",2019,"food_rnk",30.3134
"53011042000","tract",2019,"food_rnk",35.6748
"53011042100","tract",2019,"food_rnk",63.8668
"53011042300","tract",2019,"food_rnk",11.8314
"53011042400","tract",2019,"food_rnk",NA
"53011042500","tract",2019,"food_rnk",20.3481
"53011042600","tract",2019,"food_rnk",37.8442
"53011042700","tract",2019,"food_rnk",11.775
"53011042800","tract",2019,"food_rnk",38.8485
"53011042900","tract",2019,"food_rnk",25.3808
"53011043000","tract",2019,"food_rnk",20.9941
"53011043100","tract",2019,"food_rnk",43.5441
"53013960200","tract",2019,"food_rnk",46.8052
"53015000300","tract",2019,"food_rnk",2.6193
"53015000400","tract",2019,"food_rnk",20.8319
"53015000501","tract",2019,"food_rnk",28.5728
"53015000502","tract",2019,"food_rnk",1.1468
"53015000601","tract",2019,"food_rnk",5.3148
"53015000602","tract",2019,"food_rnk",66.2224
"53015000702","tract",2019,"food_rnk",14.1898
"53015000703","tract",2019,"food_rnk",40.826
"53015000704","tract",2019,"food_rnk",13.8329
"53015000800","tract",2019,"food_rnk",55.4164
"53015000900","tract",2019,"food_rnk",35.5041
"53015001000","tract",2019,"food_rnk",2.68
"53015001100","tract",2019,"food_rnk",7.4334
"53015001200","tract",2019,"food_rnk",42.4904
"53015001300","tract",2019,"food_rnk",12.0783
"53015001501","tract",2019,"food_rnk",39.1179
"53015001502","tract",2019,"food_rnk",40.9769
"53015001600","tract",2019,"food_rnk",59.332
"53015001700","tract",2019,"food_rnk",75.8223
"53015001800","tract",2019,"food_rnk",39.9924
"53015001900","tract",2019,"food_rnk",58.6888
"53015002001","tract",2019,"food_rnk",53.2978
"53015002002","tract",2019,"food_rnk",39.6736
"53015002100","tract",2019,"food_rnk",2.625
"53017950100","tract",2019,"food_rnk",54.1906
"53017950200","tract",2019,"food_rnk",66.6046
"53017950300","tract",2019,"food_rnk",66.8599
"53017950400","tract",2019,"food_rnk",71.6148
"53017950500","tract",2019,"food_rnk",38.9571
"53017950600","tract",2019,"food_rnk",47.2876
"53017950700","tract",2019,"food_rnk",20.492
"53017950800","tract",2019,"food_rnk",58.1048
"53019940000","tract",2019,"food_rnk",13.7723
"53019970100","tract",2019,"food_rnk",44.1732
"53019970200","tract",2019,"food_rnk",32.4983
"53021020100","tract",2019,"food_rnk",7.8143
"53021020200","tract",2019,"food_rnk",8.102
"53021020300","tract",2019,"food_rnk",12.2024
"53021020400","tract",2019,"food_rnk",4.642
"53021020501","tract",2019,"food_rnk",92.3903
"53021020502","tract",2019,"food_rnk",70.681
"53021020601","tract",2019,"food_rnk",67.8684
"53021020603","tract",2019,"food_rnk",27.2611
"53021020605","tract",2019,"food_rnk",61.7567
"53021020606","tract",2019,"food_rnk",47.6839
"53021020700","tract",2019,"food_rnk",65.7414
"53021020800","tract",2019,"food_rnk",28.326
"53021980100","tract",2019,"food_rnk",NA
"53023970300","tract",2019,"food_rnk",57.5138
"53025010100","tract",2019,"food_rnk",33.7382
"53025010200","tract",2019,"food_rnk",75.5586
"53025010300","tract",2019,"food_rnk",30.4164
"53025010400","tract",2019,"food_rnk",27.0594
"53025010500","tract",2019,"food_rnk",50.6644
"53025010600","tract",2019,"food_rnk",43.6005
"53025010700","tract",2019,"food_rnk",38.9571
"53025010800","tract",2019,"food_rnk",6.2035
"53025010901","tract",2019,"food_rnk",61.3307
"53025010902","tract",2019,"food_rnk",21.3186
"53025011000","tract",2019,"food_rnk",66.4847
"53025011100","tract",2019,"food_rnk",19.7458
"53025011200","tract",2019,"food_rnk",52.4543
"53025011300","tract",2019,"food_rnk",28.2893
"53025011401","tract",2019,"food_rnk",38.9867
"53025011402","tract",2019,"food_rnk",27.206
"53027000200","tract",2019,"food_rnk",49.7673
"53027000300","tract",2019,"food_rnk",44.7176
"53027000400","tract",2019,"food_rnk",52.357
"53027000500","tract",2019,"food_rnk",44.3184
"53027000600","tract",2019,"food_rnk",35.8412
"53027000700","tract",2019,"food_rnk",30.1681
"53027000800","tract",2019,"food_rnk",41.2675
"53027000900","tract",2019,"food_rnk",21.1789
"53027001000","tract",2019,"food_rnk",5.0708
"53027001100","tract",2019,"food_rnk",27.6616
"53027001200","tract",2019,"food_rnk",22.447
"53027001300","tract",2019,"food_rnk",15.1137
"53027001400","tract",2019,"food_rnk",16.0348
"53027001500","tract",2019,"food_rnk",29.5108
"53027001600","tract",2019,"food_rnk",NA
"53027940000","tract",2019,"food_rnk",8.9596
"53027990000","tract",2019,"food_rnk",NA
"53029970100","tract",2019,"food_rnk",56.0977
"53029970200","tract",2019,"food_rnk",NA
"53029970300","tract",2019,"food_rnk",72.1874
"53029970400","tract",2019,"food_rnk",45.6613
"53029970500","tract",2019,"food_rnk",65.5538
"53029970601","tract",2019,"food_rnk",27.9226
"53029970602","tract",2019,"food_rnk",36.9584
"53029970700","tract",2019,"food_rnk",61.4731
"53029970800","tract",2019,"food_rnk",64.1545
"53029970900","tract",2019,"food_rnk",70.6274
"53029971000","tract",2019,"food_rnk",68.7556
"53029971100","tract",2019,"food_rnk",46.4116
"53029971300","tract",2019,"food_rnk",57.2839
"53029971400","tract",2019,"food_rnk",71.9166
"53029971500","tract",2019,"food_rnk",68.2211
"53029971600","tract",2019,"food_rnk",79.6279
"53029971700","tract",2019,"food_rnk",50.2511
"53029971800","tract",2019,"food_rnk",90.7357
"53029971900","tract",2019,"food_rnk",76.2102
"53029972000","tract",2019,"food_rnk",45.4553
"53029972100","tract",2019,"food_rnk",82.3262
"53029992201","tract",2019,"food_rnk",NA
"53031950202","tract",2019,"food_rnk",37.6213
"53031950300","tract",2019,"food_rnk",65.802
"53031950400","tract",2019,"food_rnk",58.6888
"53031950500","tract",2019,"food_rnk",45.2705
"53031950601","tract",2019,"food_rnk",60.6325
"53031950602","tract",2019,"food_rnk",47.0506
"53031950702","tract",2019,"food_rnk",35.3687
"53031990000","tract",2019,"food_rnk",NA
"53033000100","tract",2019,"food_rnk",45.4948
"53033000200","tract",2019,"food_rnk",81.2655
"53033000300","tract",2019,"food_rnk",89.8344
"53033000401","tract",2019,"food_rnk",41.5933
"53033000402","tract",2019,"food_rnk",76.8971
"53033000500","tract",2019,"food_rnk",96.5724
"53033000600","tract",2019,"food_rnk",81.6506
"53033000700","tract",2019,"food_rnk",84.954
"53033000800","tract",2019,"food_rnk",53.1271
"53033000900","tract",2019,"food_rnk",87.9937
"53033001000","tract",2019,"food_rnk",54.6674
"53033001100","tract",2019,"food_rnk",59.8242
"53033001200","tract",2019,"food_rnk",57.0596
"53033001300","tract",2019,"food_rnk",44.3678
"53033001400","tract",2019,"food_rnk",57.9737
"53033001500","tract",2019,"food_rnk",69.9235
"53033001600","tract",2019,"food_rnk",91.3888
"53033001701","tract",2019,"food_rnk",33.0653
"53033001702","tract",2019,"food_rnk",80.9199
"53033001800","tract",2019,"food_rnk",54.8353
"53033001900","tract",2019,"food_rnk",86.9443
"53033002000","tract",2019,"food_rnk",90.29
"53033002100","tract",2019,"food_rnk",83.4151
"53033002200","tract",2019,"food_rnk",91.0714
"53033002400","tract",2019,"food_rnk",78.2244
"53033002500","tract",2019,"food_rnk",85.5845
"53033002600","tract",2019,"food_rnk",82.5237
"53033002700","tract",2019,"food_rnk",97.8278
"53033002800","tract",2019,"food_rnk",93.6752
"53033002900","tract",2019,"food_rnk",78.1356
"53033003000","tract",2019,"food_rnk",91.369
"53033003100","tract",2019,"food_rnk",92.1773
"53033003200","tract",2019,"food_rnk",73.2707
"53033003300","tract",2019,"food_rnk",82.7973
"53033003400","tract",2019,"food_rnk",90.0925
"53033003500","tract",2019,"food_rnk",86.074
"53033003600","tract",2019,"food_rnk",78.1652
"53033003800","tract",2019,"food_rnk",90.2096
"53033003900","tract",2019,"food_rnk",62.0642
"53033004000","tract",2019,"food_rnk",17.5214
"53033004100","tract",2019,"food_rnk",94.5089
"53033004200","tract",2019,"food_rnk",93.0067
"53033004301","tract",2019,"food_rnk",59.2741
"53033004302","tract",2019,"food_rnk",55.3543
"53033004400","tract",2019,"food_rnk",81.2655
"53033004500","tract",2019,"food_rnk",67.1956
"53033004600","tract",2019,"food_rnk",76.7561
"53033004700","tract",2019,"food_rnk",91.5905
"53033004800","tract",2019,"food_rnk",89.6059
"53033004900","tract",2019,"food_rnk",91.6568
"53033005000","tract",2019,"food_rnk",88.5875
"53033005100","tract",2019,"food_rnk",68.8389
"53033005200","tract",2019,"food_rnk",76.6179
"53033005301","tract",2019,"food_rnk",38.7681
"53033005302","tract",2019,"food_rnk",NA
"53033005400","tract",2019,"food_rnk",94.7839
"53033005600","tract",2019,"food_rnk",88.6129
"53033005700","tract",2019,"food_rnk",98.0225
"53033005801","tract",2019,"food_rnk",88.0233
"53033005802","tract",2019,"food_rnk",38.139
"53033005900","tract",2019,"food_rnk",91.0291
"53033006000","tract",2019,"food_rnk",76.2286
"53033006100","tract",2019,"food_rnk",93.4115
"53033006200","tract",2019,"food_rnk",96.8813
"53033006300","tract",2019,"food_rnk",92.7993
"53033006400","tract",2019,"food_rnk",78.3824
"53033006500","tract",2019,"food_rnk",93.3762
"53033006600","tract",2019,"food_rnk",59.7382
"53033006700","tract",2019,"food_rnk",87.9048
"53033006800","tract",2019,"food_rnk",92.2704
"53033006900","tract",2019,"food_rnk",83.4448
"53033007000","tract",2019,"food_rnk",78.5686
"53033007100","tract",2019,"food_rnk",91.369
"53033007200","tract",2019,"food_rnk",94.7275
"53033007300","tract",2019,"food_rnk",62.2376
"53033007401","tract",2019,"food_rnk",61.1417
"53033007402","tract",2019,"food_rnk",54.4897
"53033007500","tract",2019,"food_rnk",80.0102
"53033007600","tract",2019,"food_rnk",70.1901
"53033007700","tract",2019,"food_rnk",29.4445
"53033007800","tract",2019,"food_rnk",87.3787
"53033007900","tract",2019,"food_rnk",30.628
"53033008001","tract",2019,"food_rnk",86.2855
"53033008002","tract",2019,"food_rnk",42.3085
"53033008100","tract",2019,"food_rnk",25.6968
"53033008200","tract",2019,"food_rnk",73.6826
"53033008300","tract",2019,"food_rnk",75.1693
"53033008400","tract",2019,"food_rnk",29.9326
"53033008500","tract",2019,"food_rnk",NA
"53033008600","tract",2019,"food_rnk",65.4677
"53033008700","tract",2019,"food_rnk",15.3549
"53033008800","tract",2019,"food_rnk",39.1602
"53033008900","tract",2019,"food_rnk",30.0412
"53033009000","tract",2019,"food_rnk",41.9417
"53033009100","tract",2019,"food_rnk",41.8387
"53033009200","tract",2019,"food_rnk",19.9913
"53033009300","tract",2019,"food_rnk",73.2933
"53033009400","tract",2019,"food_rnk",57.4489
"53033009500","tract",2019,"food_rnk",58.8595
"53033009600","tract",2019,"food_rnk",92.1547
"53033009701","tract",2019,"food_rnk",98.0225
"53033009702","tract",2019,"food_rnk",83.016
"53033009800","tract",2019,"food_rnk",76.9606
"53033009900","tract",2019,"food_rnk",37.3829
"53033010001","tract",2019,"food_rnk",14.0473
"53033010002","tract",2019,"food_rnk",37.902
"53033010100","tract",2019,"food_rnk",32.0582
"53033010200","tract",2019,"food_rnk",79.9721
"53033010300","tract",2019,"food_rnk",24.3949
"53033010401","tract",2019,"food_rnk",30.611
"53033010402","tract",2019,"food_rnk",53.7943
"53033010500","tract",2019,"food_rnk",96.3454
"53033010600","tract",2019,"food_rnk",77.5262
"53033010701","tract",2019,"food_rnk",11.9753
"53033010702","tract",2019,"food_rnk",15.187
"53033010800","tract",2019,"food_rnk",59.1021
"53033010900","tract",2019,"food_rnk",55.209
"53033011001","tract",2019,"food_rnk",6.1061
"53033011002","tract",2019,"food_rnk",10.1811
"53033011101","tract",2019,"food_rnk",33.717
"53033011102","tract",2019,"food_rnk",63.1587
"53033011200","tract",2019,"food_rnk",11.4111
"53033011300","tract",2019,"food_rnk",42.788
"53033011401","tract",2019,"food_rnk",30.1216
"53033011402","tract",2019,"food_rnk",42.8247
"53033011500","tract",2019,"food_rnk",85.5281
"53033011600","tract",2019,"food_rnk",84.4857
"53033011700","tract",2019,"food_rnk",32.7451
"53033011800","tract",2019,"food_rnk",22.0774
"53033011900","tract",2019,"food_rnk",40.7456
"53033012000","tract",2019,"food_rnk",90.644
"53033012100","tract",2019,"food_rnk",81.6506
"53033020100","tract",2019,"food_rnk",85.6254
"53033020200","tract",2019,"food_rnk",64.5424
"53033020300","tract",2019,"food_rnk",72.4343
"53033020401","tract",2019,"food_rnk",62.28
"53033020402","tract",2019,"food_rnk",75.0451
"53033020500","tract",2019,"food_rnk",67.1335
"53033020600","tract",2019,"food_rnk",84.1303
"53033020700","tract",2019,"food_rnk",47.4075
"53033020800","tract",2019,"food_rnk",83.3009
"53033020900","tract",2019,"food_rnk",62.957
"53033021000","tract",2019,"food_rnk",73.6826
"53033021100","tract",2019,"food_rnk",65.8528
"53033021300","tract",2019,"food_rnk",69.9503
"53033021400","tract",2019,"food_rnk",88.6129
"53033021500","tract",2019,"food_rnk",95.2846
"53033021600","tract",2019,"food_rnk",78.7802
"53033021700","tract",2019,"food_rnk",85.1543
"53033021802","tract",2019,"food_rnk",88.6947
"53033021803","tract",2019,"food_rnk",67.1335
"53033021804","tract",2019,"food_rnk",76.5473
"53033021903","tract",2019,"food_rnk",80.4178
"53033021904","tract",2019,"food_rnk",60.0048
"53033021905","tract",2019,"food_rnk",91.3296
"53033021906","tract",2019,"food_rnk",73.4865
"53033022001","tract",2019,"food_rnk",85.9273
"53033022003","tract",2019,"food_rnk",69.2394
"53033022005","tract",2019,"food_rnk",65.2026
"53033022006","tract",2019,"food_rnk",73.4865
"53033022101","tract",2019,"food_rnk",76.821
"53033022102","tract",2019,"food_rnk",88.3632
"53033022201","tract",2019,"food_rnk",84.7791
"53033022202","tract",2019,"food_rnk",99.0592
"53033022203","tract",2019,"food_rnk",90.8415
"53033022300","tract",2019,"food_rnk",98.2665
"53033022400","tract",2019,"food_rnk",98.825
"53033022500","tract",2019,"food_rnk",98.4597
"53033022603","tract",2019,"food_rnk",92.4114
"53033022604","tract",2019,"food_rnk",93.7937
"53033022605","tract",2019,"food_rnk",76.6785
"53033022606","tract",2019,"food_rnk",87.0472
"53033022701","tract",2019,"food_rnk",97.4709
"53033022702","tract",2019,"food_rnk",86.2023
"53033022703","tract",2019,"food_rnk",73.7037
"53033022801","tract",2019,"food_rnk",56.3219
"53033022802","tract",2019,"food_rnk",91.6568
"53033022803","tract",2019,"food_rnk",85.9555
"53033022901","tract",2019,"food_rnk",93.568
"53033022902","tract",2019,"food_rnk",90.6031
"53033023000","tract",2019,"food_rnk",81.4249
"53033023100","tract",2019,"food_rnk",81.2655
"53033023201","tract",2019,"food_rnk",81.3854
"53033023202","tract",2019,"food_rnk",30.0017
"53033023300","tract",2019,"food_rnk",69.2084
"53033023401","tract",2019,"food_rnk",42.0193
"53033023403","tract",2019,"food_rnk",94.4228
"53033023404","tract",2019,"food_rnk",88.3632
"53033023500","tract",2019,"food_rnk",80.3064
"53033023601","tract",2019,"food_rnk",84.4081
"53033023603","tract",2019,"food_rnk",59.8976
"53033023604","tract",2019,"food_rnk",59.1218
"53033023700","tract",2019,"food_rnk",93.8177
"53033023801","tract",2019,"food_rnk",63.5297
"53033023803","tract",2019,"food_rnk",88.7187
"53033023804","tract",2019,"food_rnk",95.5047
"53033023900","tract",2019,"food_rnk",93.8798
"53033024000","tract",2019,"food_rnk",97.6416
"53033024100","tract",2019,"food_rnk",98.8815
"53033024200","tract",2019,"food_rnk",95.839
"53033024300","tract",2019,"food_rnk",88.6468
"53033024400","tract",2019,"food_rnk",81.8763
"53033024500","tract",2019,"food_rnk",96.1338
"53033024601","tract",2019,"food_rnk",97.4159
"53033024602","tract",2019,"food_rnk",98.526
"53033024701","tract",2019,"food_rnk",71.1126
"53033024702","tract",2019,"food_rnk",97.0492
"53033024800","tract",2019,"food_rnk",62.3688
"53033024901","tract",2019,"food_rnk",85.8638
"53033024902","tract",2019,"food_rnk",94.8065
"53033024903","tract",2019,"food_rnk",98.5782
"53033025001","tract",2019,"food_rnk",79.5306
"53033025003","tract",2019,"food_rnk",95.4426
"53033025005","tract",2019,"food_rnk",92.678
"53033025006","tract",2019,"food_rnk",68.6315
"53033025101","tract",2019,"food_rnk",40.8401
"53033025102","tract",2019,"food_rnk",65.4353
"53033025200","tract",2019,"food_rnk",43.3833
"53033025301","tract",2019,"food_rnk",87.5169
"53033025302","tract",2019,"food_rnk",11.6636
"53033025400","tract",2019,"food_rnk",39.9007
"53033025500","tract",2019,"food_rnk",46.8052
"53033025601","tract",2019,"food_rnk",57.2599
"53033025602","tract",2019,"food_rnk",90.9544
"53033025701","tract",2019,"food_rnk",33.2346
"53033025702","tract",2019,"food_rnk",79.8945
"53033025803","tract",2019,"food_rnk",43.884
"53033025804","tract",2019,"food_rnk",42.9093
"53033025805","tract",2019,"food_rnk",57.3389
"53033025806","tract",2019,"food_rnk",49.6615
"53033026001","tract",2019,"food_rnk",56.549
"53033026002","tract",2019,"food_rnk",29.8451
"53033026100","tract",2019,"food_rnk",21.3665
"53033026200","tract",2019,"food_rnk",13.9289
"53033026300","tract",2019,"food_rnk",35.5634
"53033026400","tract",2019,"food_rnk",36.0302
"53033026500","tract",2019,"food_rnk",6.1682
"53033026600","tract",2019,"food_rnk",43.5441
"53033026700","tract",2019,"food_rnk",62.8484
"53033026801","tract",2019,"food_rnk",31.2994
"53033026802","tract",2019,"food_rnk",15.6243
"53033027000","tract",2019,"food_rnk",33.3531
"53033027100","tract",2019,"food_rnk",28.027
"53033027200","tract",2019,"food_rnk",10.5239
"53033027300","tract",2019,"food_rnk",17.7387
"53033027400","tract",2019,"food_rnk",72.1409
"53033027500","tract",2019,"food_rnk",31.6449
"53033027600","tract",2019,"food_rnk",34.2629
"53033027701","tract",2019,"food_rnk",83.2515
"53033027702","tract",2019,"food_rnk",80.841
"53033027800","tract",2019,"food_rnk",96.5837
"53033027900","tract",2019,"food_rnk",47.2876
"53033028000","tract",2019,"food_rnk",16.8895
"53033028100","tract",2019,"food_rnk",12.8766
"53033028200","tract",2019,"food_rnk",17.8529
"53033028300","tract",2019,"food_rnk",49.0253
"53033028402","tract",2019,"food_rnk",20.1873
"53033028403","tract",2019,"food_rnk",34.088
"53033028500","tract",2019,"food_rnk",59.2741
"53033028600","tract",2019,"food_rnk",80.0934
"53033028700","tract",2019,"food_rnk",83.899
"53033028801","tract",2019,"food_rnk",53.5799
"53033028802","tract",2019,"food_rnk",22.9576
"53033028901","tract",2019,"food_rnk",91.1575
"53033028902","tract",2019,"food_rnk",14.651
"53033029001","tract",2019,"food_rnk",59.8778
"53033029003","tract",2019,"food_rnk",37.4111
"53033029004","tract",2019,"food_rnk",8.0667
"53033029101","tract",2019,"food_rnk",18.4213
"53033029102","tract",2019,"food_rnk",63.8922
"53033029203","tract",2019,"food_rnk",22.8574
"53033029204","tract",2019,"food_rnk",30.9115
"53033029205","tract",2019,"food_rnk",35.3292
"53033029206","tract",2019,"food_rnk",8.0301
"53033029303","tract",2019,"food_rnk",65.393
"53033029304","tract",2019,"food_rnk",81.9355
"53033029305","tract",2019,"food_rnk",38.3646
"53033029306","tract",2019,"food_rnk",71.4088
"53033029307","tract",2019,"food_rnk",42.1871
"53033029403","tract",2019,"food_rnk",49.5853
"53033029405","tract",2019,"food_rnk",58.3277
"53033029406","tract",2019,"food_rnk",48.1452
"53033029407","tract",2019,"food_rnk",12.0275
"53033029408","tract",2019,"food_rnk",46.1916
"53033029502","tract",2019,"food_rnk",41.4509
"53033029503","tract",2019,"food_rnk",11.153
"53033029504","tract",2019,"food_rnk",13.3449
"53033029601","tract",2019,"food_rnk",12.2955
"53033029602","tract",2019,"food_rnk",70.3241
"53033029700","tract",2019,"food_rnk",18.6668
"53033029801","tract",2019,"food_rnk",65.0982
"53033029802","tract",2019,"food_rnk",57.9144
"53033029901","tract",2019,"food_rnk",49.8392
"53033029902","tract",2019,"food_rnk",54.6857
"53033030003","tract",2019,"food_rnk",80.6322
"53033030004","tract",2019,"food_rnk",15.8189
"53033030005","tract",2019,"food_rnk",30.4502
"53033030006","tract",2019,"food_rnk",23.6233
"53033030100","tract",2019,"food_rnk",40.3577
"53033030201","tract",2019,"food_rnk",31.7366
"53033030202","tract",2019,"food_rnk",23.9633
"53033030304","tract",2019,"food_rnk",8.9159
"53033030305","tract",2019,"food_rnk",25.048
"53033030306","tract",2019,"food_rnk",49.8843
"53033030308","tract",2019,"food_rnk",55.3233
"53033030309","tract",2019,"food_rnk",52.7364
"53033030310","tract",2019,"food_rnk",50.3117
"53033030311","tract",2019,"food_rnk",56.7888
"53033030312","tract",2019,"food_rnk",26.9987
"53033030313","tract",2019,"food_rnk",21.6613
"53033030314","tract",2019,"food_rnk",23.2425
"53033030401","tract",2019,"food_rnk",23.6953
"53033030403","tract",2019,"food_rnk",80.0102
"53033030404","tract",2019,"food_rnk",59.4617
"53033030501","tract",2019,"food_rnk",20.3608
"53033030503","tract",2019,"food_rnk",36.8117
"53033030504","tract",2019,"food_rnk",23.5965
"53033030600","tract",2019,"food_rnk",47.7389
"53033030700","tract",2019,"food_rnk",16.9502
"53033030801","tract",2019,"food_rnk",13.5593
"53033030802","tract",2019,"food_rnk",19.1125
"53033030901","tract",2019,"food_rnk",23.3835
"53033030902","tract",2019,"food_rnk",63.8922
"53033031000","tract",2019,"food_rnk",85.8342
"53033031100","tract",2019,"food_rnk",30.3755
"53033031202","tract",2019,"food_rnk",60.538
"53033031204","tract",2019,"food_rnk",84.1049
"53033031205","tract",2019,"food_rnk",22.6261
"53033031206","tract",2019,"food_rnk",78.9847
"53033031301","tract",2019,"food_rnk",45.3016
"53033031302","tract",2019,"food_rnk",42.3085
"53033031400","tract",2019,"food_rnk",65.9276
"53033031501","tract",2019,"food_rnk",76.4077
"53033031502","tract",2019,"food_rnk",70.0096
"53033031601","tract",2019,"food_rnk",67.2238
"53033031603","tract",2019,"food_rnk",73.6219
"53033031604","tract",2019,"food_rnk",90.6934
"53033031605","tract",2019,"food_rnk",67.6103
"53033031703","tract",2019,"food_rnk",45.9687
"53033031704","tract",2019,"food_rnk",43.6484
"53033031705","tract",2019,"food_rnk",77.9198
"53033031706","tract",2019,"food_rnk",56.3544
"53033031800","tract",2019,"food_rnk",84.3094
"53033031903","tract",2019,"food_rnk",94.3255
"53033031904","tract",2019,"food_rnk",94.4482
"53033031906","tract",2019,"food_rnk",96.3454
"53033031907","tract",2019,"food_rnk",84.7791
"53033031908","tract",2019,"food_rnk",46.7361
"53033031909","tract",2019,"food_rnk",59.7805
"53033032002","tract",2019,"food_rnk",91.2266
"53033032003","tract",2019,"food_rnk",76.821
"53033032005","tract",2019,"food_rnk",90.5636
"53033032006","tract",2019,"food_rnk",82.7325
"53033032007","tract",2019,"food_rnk",86.8582
"53033032008","tract",2019,"food_rnk",68.5201
"53033032010","tract",2019,"food_rnk",79.2739
"53033032011","tract",2019,"food_rnk",94.9334
"53033032102","tract",2019,"food_rnk",75.0226
"53033032103","tract",2019,"food_rnk",58.2205
"53033032104","tract",2019,"food_rnk",63.438
"53033032203","tract",2019,"food_rnk",98.5119
"53033032207","tract",2019,"food_rnk",92.2252
"53033032208","tract",2019,"food_rnk",98.9181
"53033032210","tract",2019,"food_rnk",99.5627
"53033032211","tract",2019,"food_rnk",88.335
"53033032212","tract",2019,"food_rnk",68.0758
"53033032213","tract",2019,"food_rnk",99.5218
"53033032214","tract",2019,"food_rnk",99.2369
"53033032215","tract",2019,"food_rnk",98.928
"53033032307","tract",2019,"food_rnk",96.9603
"53033032309","tract",2019,"food_rnk",97.5979
"53033032311","tract",2019,"food_rnk",95.1915
"53033032313","tract",2019,"food_rnk",93.568
"53033032315","tract",2019,"food_rnk",98.3878
"53033032316","tract",2019,"food_rnk",99.8463
"53033032317","tract",2019,"food_rnk",92.2704
"53033032318","tract",2019,"food_rnk",91.8853
"53033032319","tract",2019,"food_rnk",73.4442
"53033032320","tract",2019,"food_rnk",95.3157
"53033032321","tract",2019,"food_rnk",95.9137
"53033032322","tract",2019,"food_rnk",99.5952
"53033032323","tract",2019,"food_rnk",98.3977
"53033032324","tract",2019,"food_rnk",69.8389
"53033032325","tract",2019,"food_rnk",69.6908
"53033032326","tract",2019,"food_rnk",97.2368
"53033032327","tract",2019,"food_rnk",92.6216
"53033032328","tract",2019,"food_rnk",94.8065
"53033032329","tract",2019,"food_rnk",96.4131
"53033032401","tract",2019,"food_rnk",90.0276
"53033032402","tract",2019,"food_rnk",96.4131
"53033032500","tract",2019,"food_rnk",87.0289
"53033032601","tract",2019,"food_rnk",47.8165
"53033032602","tract",2019,"food_rnk",99.4302
"53033032702","tract",2019,"food_rnk",93.5215
"53033032703","tract",2019,"food_rnk",64.1009
"53033032704","tract",2019,"food_rnk",80.9933
"53033032800","tract",2019,"food_rnk",84.7297
"53033990100","tract",2019,"food_rnk",NA
"53035080101","tract",2019,"food_rnk",44.4933
"53035080102","tract",2019,"food_rnk",38.7568
"53035080200","tract",2019,"food_rnk",11.6805
"53035080300","tract",2019,"food_rnk",33.7269
"53035080400","tract",2019,"food_rnk",44.0363
"53035080500","tract",2019,"food_rnk",22.0506
"53035080600","tract",2019,"food_rnk",32.8227
"53035080700","tract",2019,"food_rnk",61.8864
"53035080800","tract",2019,"food_rnk",54.8522
"53035080900","tract",2019,"food_rnk",25.0042
"53035081000","tract",2019,"food_rnk",14.0798
"53035081100","tract",2019,"food_rnk",5.5179
"53035081200","tract",2019,"food_rnk",29.2259
"53035081400","tract",2019,"food_rnk",NA
"53035090101","tract",2019,"food_rnk",37.0783
"53035090102","tract",2019,"food_rnk",84.954
"53035090201","tract",2019,"food_rnk",91.5115
"53035090202","tract",2019,"food_rnk",86.3307
"53035090300","tract",2019,"food_rnk",NA
"53035090400","tract",2019,"food_rnk",75.1693
"53035090501","tract",2019,"food_rnk",61.2517
"53035090502","tract",2019,"food_rnk",75.0451
"53035090700","tract",2019,"food_rnk",88.9825
"53035090800","tract",2019,"food_rnk",94.0321
"53035090900","tract",2019,"food_rnk",95.3509
"53035091000","tract",2019,"food_rnk",99.3328
"53035091100","tract",2019,"food_rnk",87.6749
"53035091201","tract",2019,"food_rnk",71.6627
"53035091203","tract",2019,"food_rnk",81.1343
"53035091204","tract",2019,"food_rnk",57.0794
"53035091301","tract",2019,"food_rnk",87.153
"53035091302","tract",2019,"food_rnk",92.7006
"53035091400","tract",2019,"food_rnk",74.4259
"53035091500","tract",2019,"food_rnk",76.2568
"53035091600","tract",2019,"food_rnk",80.8226
"53035091700","tract",2019,"food_rnk",37.208
"53035091800","tract",2019,"food_rnk",66.2661
"53035091900","tract",2019,"food_rnk",55.9185
"53035092000","tract",2019,"food_rnk",81.7155
"53035092100","tract",2019,"food_rnk",55.2344
"53035092200","tract",2019,"food_rnk",26.0297
"53035092300","tract",2019,"food_rnk",34.7072
"53035092400","tract",2019,"food_rnk",39.2152
"53035092500","tract",2019,"food_rnk",50.2906
"53035092600","tract",2019,"food_rnk",64.5227
"53035092701","tract",2019,"food_rnk",87.7172
"53035092704","tract",2019,"food_rnk",77.2794
"53035092801","tract",2019,"food_rnk",65.393
"53035092802","tract",2019,"food_rnk",64.7343
"53035092803","tract",2019,"food_rnk",54.2132
"53035092901","tract",2019,"food_rnk",56.2429
"53035092902","tract",2019,"food_rnk",44.657
"53035940000","tract",2019,"food_rnk",60.892
"53035940100","tract",2019,"food_rnk",63.4733
"53035990100","tract",2019,"food_rnk",NA
"53037975100","tract",2019,"food_rnk",33.6154
"53037975200","tract",2019,"food_rnk",71.6994
"53037975300","tract",2019,"food_rnk",97.5979
"53037975401","tract",2019,"food_rnk",56.2599
"53037975402","tract",2019,"food_rnk",73.4442
"53037975500","tract",2019,"food_rnk",54.2287
"53037975600","tract",2019,"food_rnk",31.8622
"53037975700","tract",2019,"food_rnk",57.7353
"53039950100","tract",2019,"food_rnk",34.4152
"53039950200","tract",2019,"food_rnk",20.973
"53039950300","tract",2019,"food_rnk",51.4401
"53041970100","tract",2019,"food_rnk",60.5605
"53041970200","tract",2019,"food_rnk",48.2778
"53041970300","tract",2019,"food_rnk",18.5074
"53041970400","tract",2019,"food_rnk",11.5987
"53041970500","tract",2019,"food_rnk",22.21
"53041970600","tract",2019,"food_rnk",21.4032
"53041970700","tract",2019,"food_rnk",9.9808
"53041970800","tract",2019,"food_rnk",29.8296
"53041970900","tract",2019,"food_rnk",10.6409
"53041971000","tract",2019,"food_rnk",40.0798
"53041971100","tract",2019,"food_rnk",61.6424
"53041971200","tract",2019,"food_rnk",37.8865
"53041971300","tract",2019,"food_rnk",42.3353
"53041971400","tract",2019,"food_rnk",34.5957
"53041971500","tract",2019,"food_rnk",51.9324
"53041971600","tract",2019,"food_rnk",31.0807
"53041971700","tract",2019,"food_rnk",51.2765
"53041971800","tract",2019,"food_rnk",49.4457
"53041971900","tract",2019,"food_rnk",16.4241
"53041972000","tract",2019,"food_rnk",44.3184
"53043960100","tract",2019,"food_rnk",67.1956
"53043960200","tract",2019,"food_rnk",28.6321
"53043960300","tract",2019,"food_rnk",56.6435
"53043960400","tract",2019,"food_rnk",40.8852
"53045940000","tract",2019,"food_rnk",13.3632
"53045960100","tract",2019,"food_rnk",26.876
"53045960200","tract",2019,"food_rnk",41.8387
"53045960300","tract",2019,"food_rnk",40.0361
"53045960400","tract",2019,"food_rnk",60.5803
"53045960500","tract",2019,"food_rnk",40.2703
"53045960600","tract",2019,"food_rnk",25.9789
"53045960700","tract",2019,"food_rnk",16.3112
"53045960800","tract",2019,"food_rnk",10.0457
"53045960900","tract",2019,"food_rnk",11.6438
"53045961000","tract",2019,"food_rnk",32.731
"53045961100","tract",2019,"food_rnk",29.8451
"53045961200","tract",2019,"food_rnk",20.7826
"53045961300","tract",2019,"food_rnk",44.8573
"53047940100","tract",2019,"food_rnk",27.0594
"53047940200","tract",2019,"food_rnk",10.916
"53047970300","tract",2019,"food_rnk",25.2877
"53047970400","tract",2019,"food_rnk",23.4936
"53047970500","tract",2019,"food_rnk",20.4737
"53047970600","tract",2019,"food_rnk",13.5678
"53047970700","tract",2019,"food_rnk",29.6589
"53047970800","tract",2019,"food_rnk",44.9207
"53047970900","tract",2019,"food_rnk",52.5897
"53047971000","tract",2019,"food_rnk",43.695
"53049950200","tract",2019,"food_rnk",27.9494
"53049950300","tract",2019,"food_rnk",16.8402
"53049950400","tract",2019,"food_rnk",74.5754
"53049950500","tract",2019,"food_rnk",32.8397
"53049950600","tract",2019,"food_rnk",10.9823
"53049950700","tract",2019,"food_rnk",17.1096
"53049950800","tract",2019,"food_rnk",39.0741
"53049990100","tract",2019,"food_rnk",NA
"53051970100","tract",2019,"food_rnk",29.4995
"53051970200","tract",2019,"food_rnk",37.9753
"53051970300","tract",2019,"food_rnk",13.2927
"53051970400","tract",2019,"food_rnk",19.4172
"53051970500","tract",2019,"food_rnk",40.9374
"53053060200","tract",2019,"food_rnk",NA
"53053060300","tract",2019,"food_rnk",64.8824
"53053060400","tract",2019,"food_rnk",79.7873
"53053060500","tract",2019,"food_rnk",65.1729
"53053060600","tract",2019,"food_rnk",62.4323
"53053060700","tract",2019,"food_rnk",77.5954
"53053060800","tract",2019,"food_rnk",68.6315
"53053060903","tract",2019,"food_rnk",36.2249
"53053060904","tract",2019,"food_rnk",22.2862
"53053060905","tract",2019,"food_rnk",42.599
"53053060906","tract",2019,"food_rnk",64.5805
"53053061001","tract",2019,"food_rnk",77.0128
"53053061002","tract",2019,"food_rnk",23.9252
"53053061100","tract",2019,"food_rnk",38.3252
"53053061200","tract",2019,"food_rnk",40.7456
"53053061300","tract",2019,"food_rnk",17.3494
"53053061400","tract",2019,"food_rnk",6.0116
"53053061500","tract",2019,"food_rnk",30.4911
"53053061601","tract",2019,"food_rnk",8.4349
"53053061602","tract",2019,"food_rnk",68.5201
"53053061700","tract",2019,"food_rnk",13.9289
"53053061800","tract",2019,"food_rnk",42.2407
"53053061900","tract",2019,"food_rnk",41.5228
"53053062000","tract",2019,"food_rnk",8.7932
"53053062300","tract",2019,"food_rnk",26.876
"53053062400","tract",2019,"food_rnk",38.9021
"53053062500","tract",2019,"food_rnk",24.4584
"53053062600","tract",2019,"food_rnk",41.7033
"53053062801","tract",2019,"food_rnk",4.4798
"53053062802","tract",2019,"food_rnk",17.0235
"53053062900","tract",2019,"food_rnk",32.03
"53053063000","tract",2019,"food_rnk",16.4706
"53053063100","tract",2019,"food_rnk",31.5307
"53053063200","tract",2019,"food_rnk",36.5366
"53053063300","tract",2019,"food_rnk",15.0756
"53053063400","tract",2019,"food_rnk",23.5387
"53053063501","tract",2019,"food_rnk",9.0781
"53053063502","tract",2019,"food_rnk",22.6543
"53053070100","tract",2019,"food_rnk",67.1688
"53053070203","tract",2019,"food_rnk",77.8013
"53053070204","tract",2019,"food_rnk",37.1319
"53053070205","tract",2019,"food_rnk",65.393
"53053070206","tract",2019,"food_rnk",66.6046
"53053070207","tract",2019,"food_rnk",58.9906
"53053070307","tract",2019,"food_rnk",97.7784
"53053070308","tract",2019,"food_rnk",44.4087
"53053070309","tract",2019,"food_rnk",95.9659
"53053070310","tract",2019,"food_rnk",72.7333
"53053070311","tract",2019,"food_rnk",75.5938
"53053070312","tract",2019,"food_rnk",88.0233
"53053070313","tract",2019,"food_rnk",63.005
"53053070314","tract",2019,"food_rnk",90.5439
"53053070315","tract",2019,"food_rnk",80.4587
"53053070316","tract",2019,"food_rnk",68.4947
"53053070401","tract",2019,"food_rnk",55.9933
"53053070403","tract",2019,"food_rnk",37.1587
"53053070404","tract",2019,"food_rnk",61.3123
"53053070703","tract",2019,"food_rnk",70.8319
"53053071100","tract",2019,"food_rnk",34.1543
"53053071205","tract",2019,"food_rnk",51.0607
"53053071206","tract",2019,"food_rnk",50.89
"53053071207","tract",2019,"food_rnk",34.1543
"53053071208","tract",2019,"food_rnk",39.809
"53053071209","tract",2019,"food_rnk",55.8142
"53053071210","tract",2019,"food_rnk",48.7066
"53053071304","tract",2019,"food_rnk",23.6812
"53053071305","tract",2019,"food_rnk",24.6812
"53053071306","tract",2019,"food_rnk",60.4674
"53053071307","tract",2019,"food_rnk",39.2956
"53053071309","tract",2019,"food_rnk",57.1711
"53053071310","tract",2019,"food_rnk",82.006
"53053071403","tract",2019,"food_rnk",20.2226
"53053071406","tract",2019,"food_rnk",60.2686
"53053071407","tract",2019,"food_rnk",34.088
"53053071408","tract",2019,"food_rnk",27.601
"53053071409","tract",2019,"food_rnk",18.0758
"53053071410","tract",2019,"food_rnk",55.6378
"53053071411","tract",2019,"food_rnk",36.5183
"53053071503","tract",2019,"food_rnk",28.6716
"53053071504","tract",2019,"food_rnk",7.3798
"53053071505","tract",2019,"food_rnk",32.3051
"53053071506","tract",2019,"food_rnk",68.8064
"53053071601","tract",2019,"food_rnk",30.0017
"53053071602","tract",2019,"food_rnk",22.1719
"53053071703","tract",2019,"food_rnk",30.0172
"53053071704","tract",2019,"food_rnk",17.9093
"53053071705","tract",2019,"food_rnk",10.7651
"53053071706","tract",2019,"food_rnk",18.9771
"53053071707","tract",2019,"food_rnk",69.499
"53053071803","tract",2019,"food_rnk",34.9653
"53053071805","tract",2019,"food_rnk",9.2191
"53053071806","tract",2019,"food_rnk",2.5488
"53053071807","tract",2019,"food_rnk",17.0235
"53053071808","tract",2019,"food_rnk",9.8327
"53053071901","tract",2019,"food_rnk",10.0683
"53053071902","tract",2019,"food_rnk",86.8582
"53053072000","tract",2019,"food_rnk",15.2773
"53053072105","tract",2019,"food_rnk",65.125
"53053072106","tract",2019,"food_rnk",37.208
"53053072107","tract",2019,"food_rnk",71.0562
"53053072108","tract",2019,"food_rnk",68.4397
"53053072109","tract",2019,"food_rnk",80.147
"53053072111","tract",2019,"food_rnk",81.7014
"53053072112","tract",2019,"food_rnk",49.6135
"53053072305","tract",2019,"food_rnk",63.0698
"53053072307","tract",2019,"food_rnk",44.8164
"53053072308","tract",2019,"food_rnk",51.6574
"53053072309","tract",2019,"food_rnk",65.7146
"53053072310","tract",2019,"food_rnk",46.9843
"53053072311","tract",2019,"food_rnk",21.6063
"53053072312","tract",2019,"food_rnk",49.378
"53053072313","tract",2019,"food_rnk",45.8333
"53053072405","tract",2019,"food_rnk",98.1833
"53053072406","tract",2019,"food_rnk",73.7644
"53053072407","tract",2019,"food_rnk",86.1078
"53053072408","tract",2019,"food_rnk",92.5102
"53053072409","tract",2019,"food_rnk",90.2576
"53053072410","tract",2019,"food_rnk",79.6279
"53053072503","tract",2019,"food_rnk",42.4269
"53053072504","tract",2019,"food_rnk",69.3128
"53053072505","tract",2019,"food_rnk",98.7686
"53053072506","tract",2019,"food_rnk",93.9475
"53053072507","tract",2019,"food_rnk",77.2977
"53053072601","tract",2019,"food_rnk",62.1671
"53053072602","tract",2019,"food_rnk",57.9454
"53053072603","tract",2019,"food_rnk",46.3566
"53053072800","tract",2019,"food_rnk",91.5397
"53053072901","tract",2019,"food_rnk",82.0455
"53053072903","tract",2019,"food_rnk",NA
"53053072905","tract",2019,"food_rnk",84.9766
"53053072906","tract",2019,"food_rnk",NA
"53053072907","tract",2019,"food_rnk",70.9687
"53053073001","tract",2019,"food_rnk",34.2629
"53053073005","tract",2019,"food_rnk",37.421
"53053073006","tract",2019,"food_rnk",34.7072
"53053073108","tract",2019,"food_rnk",37.1445
"53053073110","tract",2019,"food_rnk",46.6091
"53053073111","tract",2019,"food_rnk",26.5163
"53053073113","tract",2019,"food_rnk",39.9303
"53053073114","tract",2019,"food_rnk",23.4259
"53053073115","tract",2019,"food_rnk",37.4958
"53053073116","tract",2019,"food_rnk",73.2933
"53053073117","tract",2019,"food_rnk",65.9459
"53053073118","tract",2019,"food_rnk",75.7349
"53053073119","tract",2019,"food_rnk",85.2375
"53053073120","tract",2019,"food_rnk",68.4679
"53053073121","tract",2019,"food_rnk",67.489
"53053073122","tract",2019,"food_rnk",68.2859
"53053073123","tract",2019,"food_rnk",83.2515
"53053073124","tract",2019,"food_rnk",49.8152
"53053073125","tract",2019,"food_rnk",66.0418
"53053073126","tract",2019,"food_rnk",58.5294
"53053073200","tract",2019,"food_rnk",62.0642
"53053073301","tract",2019,"food_rnk",33.9314
"53053073302","tract",2019,"food_rnk",89.383
"53053073404","tract",2019,"food_rnk",53.5573
"53053073405","tract",2019,"food_rnk",39.3464
"53053073406","tract",2019,"food_rnk",44.1407
"53053073407","tract",2019,"food_rnk",34.9131
"53053073408","tract",2019,"food_rnk",67.3395
"53053073500","tract",2019,"food_rnk",88.3914
"53053940001","tract",2019,"food_rnk",80.2471
"53053940002","tract",2019,"food_rnk",42.1561
"53053940003","tract",2019,"food_rnk",56.7479
"53053940004","tract",2019,"food_rnk",49.8843
"53053940005","tract",2019,"food_rnk",64.4931
"53053940006","tract",2019,"food_rnk",0.8844
"53053940007","tract",2019,"food_rnk",14.2194
"53053940008","tract",2019,"food_rnk",76.6785
"53053940009","tract",2019,"food_rnk",87.469
"53053940010","tract",2019,"food_rnk",46.5908
"53053940011","tract",2019,"food_rnk",89.2095
"53055960100","tract",2019,"food_rnk",83.535
"53055960300","tract",2019,"food_rnk",89.6792
"53055960400","tract",2019,"food_rnk",55.0087
"53055960500","tract",2019,"food_rnk",87.8484
"53055990100","tract",2019,"food_rnk",NA
"53057940200","tract",2019,"food_rnk",80.1978
"53057940300","tract",2019,"food_rnk",86.6311
"53057940400","tract",2019,"food_rnk",89.9994
"53057940500","tract",2019,"food_rnk",27.0227
"53057940600","tract",2019,"food_rnk",34.6296
"53057940700","tract",2019,"food_rnk",50.6305
"53057940800","tract",2019,"food_rnk",38.785
"53057950100","tract",2019,"food_rnk",84.3602
"53057950800","tract",2019,"food_rnk",34.1007
"53057950900","tract",2019,"food_rnk",44.6146
"53057951000","tract",2019,"food_rnk",71.7234
"53057951100","tract",2019,"food_rnk",20.3481
"53057951200","tract",2019,"food_rnk",70.8319
"53057951300","tract",2019,"food_rnk",41.2675
"53057951400","tract",2019,"food_rnk",46.9476
"53057951500","tract",2019,"food_rnk",62.5
"53057951600","tract",2019,"food_rnk",57.6817
"53057951700","tract",2019,"food_rnk",31.2994
"53057951800","tract",2019,"food_rnk",18.4115
"53057951900","tract",2019,"food_rnk",86.8074
"53057952100","tract",2019,"food_rnk",69.1788
"53057952200","tract",2019,"food_rnk",14.3083
"53057952301","tract",2019,"food_rnk",11.4449
"53057952302","tract",2019,"food_rnk",36.9584
"53057952401","tract",2019,"food_rnk",34.466
"53057952402","tract",2019,"food_rnk",45.0082
"53057952500","tract",2019,"food_rnk",43.3663
"53057952600","tract",2019,"food_rnk",63.8922
"53057952700","tract",2019,"food_rnk",81.0553
"53057990100","tract",2019,"food_rnk",NA
"53059950100","tract",2019,"food_rnk",37.8625
"53059950200","tract",2019,"food_rnk",52.017
"53059950300","tract",2019,"food_rnk",39.5608
"53059950400","tract",2019,"food_rnk",46.9476
"53059950500","tract",2019,"food_rnk",39.3633
"53061040100","tract",2019,"food_rnk",43.7641
"53061040200","tract",2019,"food_rnk",16.5806
"53061040300","tract",2019,"food_rnk",25.6968
"53061040400","tract",2019,"food_rnk",35.1346
"53061040500","tract",2019,"food_rnk",27.7167
"53061040700","tract",2019,"food_rnk",16.5454
"53061040800","tract",2019,"food_rnk",31.3064
"53061040900","tract",2019,"food_rnk",33.9568
"53061041000","tract",2019,"food_rnk",37.682
"53061041100","tract",2019,"food_rnk",17.4227
"53061041201","tract",2019,"food_rnk",60.1938
"53061041202","tract",2019,"food_rnk",46.3722
"53061041301","tract",2019,"food_rnk",78.8648
"53061041303","tract",2019,"food_rnk",41.2336
"53061041304","tract",2019,"food_rnk",76.2836
"53061041400","tract",2019,"food_rnk",31.6661
"53061041500","tract",2019,"food_rnk",57.9144
"53061041601","tract",2019,"food_rnk",54.5814
"53061041605","tract",2019,"food_rnk",60.0951
"53061041606","tract",2019,"food_rnk",36.1149
"53061041607","tract",2019,"food_rnk",86.3829
"53061041608","tract",2019,"food_rnk",84.5421
"53061041701","tract",2019,"food_rnk",39.249
"53061041703","tract",2019,"food_rnk",67.2901
"53061041704","tract",2019,"food_rnk",65.6906
"53061041805","tract",2019,"food_rnk",32.4066
"53061041806","tract",2019,"food_rnk",16.5115
"53061041808","tract",2019,"food_rnk",49.9901
"53061041809","tract",2019,"food_rnk",13.5142
"53061041810","tract",2019,"food_rnk",41.8232
"53061041811","tract",2019,"food_rnk",47.6134
"53061041812","tract",2019,"food_rnk",19.6471
"53061041901","tract",2019,"food_rnk",33.8383
"53061041903","tract",2019,"food_rnk",7.4362
"53061041904","tract",2019,"food_rnk",31.6012
"53061041905","tract",2019,"food_rnk",84.2459
"53061042001","tract",2019,"food_rnk",99.8209
"53061042003","tract",2019,"food_rnk",99.3751
"53061042004","tract",2019,"food_rnk",52.7138
"53061042005","tract",2019,"food_rnk",96.492
"53061042006","tract",2019,"food_rnk",76.505
"53061050101","tract",2019,"food_rnk",69.3974
"53061050102","tract",2019,"food_rnk",63.5805
"53061050200","tract",2019,"food_rnk",87.7793
"53061050300","tract",2019,"food_rnk",72.0943
"53061050401","tract",2019,"food_rnk",81.0553
"53061050402","tract",2019,"food_rnk",66.5581
"53061050500","tract",2019,"food_rnk",87.3293
"53061050600","tract",2019,"food_rnk",79.8945
"53061050700","tract",2019,"food_rnk",75.5938
"53061050800","tract",2019,"food_rnk",66.4509
"53061050900","tract",2019,"food_rnk",62.4803
"53061051000","tract",2019,"food_rnk",57.6817
"53061051100","tract",2019,"food_rnk",74.1875
"53061051200","tract",2019,"food_rnk",44.4313
"53061051300","tract",2019,"food_rnk",74.6248
"53061051400","tract",2019,"food_rnk",32.9426
"53061051500","tract",2019,"food_rnk",34.2389
"53061051601","tract",2019,"food_rnk",36.3956
"53061051602","tract",2019,"food_rnk",47.7389
"53061051701","tract",2019,"food_rnk",19.0307
"53061051702","tract",2019,"food_rnk",46.918
"53061051802","tract",2019,"food_rnk",76.9606
"53061051803","tract",2019,"food_rnk",45.3411
"53061051804","tract",2019,"food_rnk",78.5686
"53061051905","tract",2019,"food_rnk",40.242
"53061051912","tract",2019,"food_rnk",87.7934
"53061051913","tract",2019,"food_rnk",66.197
"53061051914","tract",2019,"food_rnk",92.5849
"53061051915","tract",2019,"food_rnk",91.8641
"53061051916","tract",2019,"food_rnk",88.9415
"53061051917","tract",2019,"food_rnk",96.5188
"53061051918","tract",2019,"food_rnk",70.0364
"53061051921","tract",2019,"food_rnk",86.6311
"53061051922","tract",2019,"food_rnk",66.3437
"53061051923","tract",2019,"food_rnk",58.4913
"53061051924","tract",2019,"food_rnk",85.198
"53061051925","tract",2019,"food_rnk",86.074
"53061051926","tract",2019,"food_rnk",77.4317
"53061051927","tract",2019,"food_rnk",80.841
"53061051928","tract",2019,"food_rnk",30.5179
"53061052003","tract",2019,"food_rnk",91.8853
"53061052004","tract",2019,"food_rnk",75.2863
"53061052005","tract",2019,"food_rnk",81.2204
"53061052006","tract",2019,"food_rnk",82.463
"53061052007","tract",2019,"food_rnk",76.6179
"53061052104","tract",2019,"food_rnk",87.153
"53061052105","tract",2019,"food_rnk",93.0067
"53061052107","tract",2019,"food_rnk",61.2855
"53061052108","tract",2019,"food_rnk",91.9375
"53061052112","tract",2019,"food_rnk",92.843
"53061052113","tract",2019,"food_rnk",81.7789
"53061052114","tract",2019,"food_rnk",96.0661
"53061052115","tract",2019,"food_rnk",64.9303
"53061052118","tract",2019,"food_rnk",87.6509
"53061052203","tract",2019,"food_rnk",91.5115
"53061052204","tract",2019,"food_rnk",75.7899
"53061052206","tract",2019,"food_rnk",88.335
"53061052207","tract",2019,"food_rnk",69.0913
"53061052208","tract",2019,"food_rnk",29.7661
"53061052209","tract",2019,"food_rnk",NA
"53061052301","tract",2019,"food_rnk",70.468
"53061052302","tract",2019,"food_rnk",80.6322
"53061052401","tract",2019,"food_rnk",85.5535
"53061052402","tract",2019,"food_rnk",49.2087
"53061052502","tract",2019,"food_rnk",76.7561
"53061052503","tract",2019,"food_rnk",77.4501
"53061052504","tract",2019,"food_rnk",59.4138
"53061052603","tract",2019,"food_rnk",58.418
"53061052604","tract",2019,"food_rnk",52.9579
"53061052605","tract",2019,"food_rnk",68.6315
"53061052606","tract",2019,"food_rnk",65.2026
"53061052607","tract",2019,"food_rnk",85.8342
"53061052701","tract",2019,"food_rnk",51.584
"53061052705","tract",2019,"food_rnk",84.0047
"53061052706","tract",2019,"food_rnk",72.5429
"53061052707","tract",2019,"food_rnk",88.0233
"53061052708","tract",2019,"food_rnk",65.7414
"53061052709","tract",2019,"food_rnk",55.9002
"53061052803","tract",2019,"food_rnk",78.0834
"53061052804","tract",2019,"food_rnk",39.6369
"53061052805","tract",2019,"food_rnk",71.6373
"53061052806","tract",2019,"food_rnk",70.3636
"53061052903","tract",2019,"food_rnk",12.6269
"53061052904","tract",2019,"food_rnk",51.6884
"53061052905","tract",2019,"food_rnk",33.4448
"53061052906","tract",2019,"food_rnk",21.7149
"53061053101","tract",2019,"food_rnk",54.0792
"53061053102","tract",2019,"food_rnk",77.4501
"53061053201","tract",2019,"food_rnk",93.3071
"53061053202","tract",2019,"food_rnk",97.1508
"53061053301","tract",2019,"food_rnk",58.0611
"53061053302","tract",2019,"food_rnk",93.4256
"53061053400","tract",2019,"food_rnk",61.6622
"53061053504","tract",2019,"food_rnk",56.8382
"53061053505","tract",2019,"food_rnk",57.6027
"53061053506","tract",2019,"food_rnk",65.7414
"53061053507","tract",2019,"food_rnk",90.6694
"53061053508","tract",2019,"food_rnk",60.6113
"53061053509","tract",2019,"food_rnk",25.5473
"53061053602","tract",2019,"food_rnk",47.2565
"53061053603","tract",2019,"food_rnk",61.0204
"53061053604","tract",2019,"food_rnk",49.9478
"53061053700","tract",2019,"food_rnk",47.6839
"53061053801","tract",2019,"food_rnk",52.2455
"53061053802","tract",2019,"food_rnk",62.5508
"53061053803","tract",2019,"food_rnk",57.6521
"53061940001","tract",2019,"food_rnk",59.1218
"53061940002","tract",2019,"food_rnk",59.1613
"53061990002","tract",2019,"food_rnk",NA
"53061990100","tract",2019,"food_rnk",NA
"53063000200","tract",2019,"food_rnk",3.625
"53063000300","tract",2019,"food_rnk",11.4111
"53063000400","tract",2019,"food_rnk",8.748
"53063000500","tract",2019,"food_rnk",24.8984
"53063000600","tract",2019,"food_rnk",19.5314
"53063000700","tract",2019,"food_rnk",21.564
"53063000800","tract",2019,"food_rnk",77.3499
"53063000900","tract",2019,"food_rnk",31.1329
"53063001000","tract",2019,"food_rnk",65.7414
"53063001100","tract",2019,"food_rnk",44.5991
"53063001200","tract",2019,"food_rnk",25.4373
"53063001300","tract",2019,"food_rnk",18.4058
"53063001400","tract",2019,"food_rnk",14.3351
"53063001500","tract",2019,"food_rnk",19.0984
"53063001600","tract",2019,"food_rnk",3.436
"53063001800","tract",2019,"food_rnk",14.3562
"53063001900","tract",2019,"food_rnk",19.6372
"53063002000","tract",2019,"food_rnk",5.7239
"53063002100","tract",2019,"food_rnk",14.3421
"53063002300","tract",2019,"food_rnk",20.231
"53063002400","tract",2019,"food_rnk",NA
"53063002500","tract",2019,"food_rnk",NA
"53063002600","tract",2019,"food_rnk",1.883
"53063002900","tract",2019,"food_rnk",38.0741
"53063003000","tract",2019,"food_rnk",5.6604
"53063003100","tract",2019,"food_rnk",20.6345
"53063003200","tract",2019,"food_rnk",36.6777
"53063003500","tract",2019,"food_rnk",1.7547
"53063003600","tract",2019,"food_rnk",25.5374
"53063003800","tract",2019,"food_rnk",29.7661
"53063003900","tract",2019,"food_rnk",46.1916
"53063004000","tract",2019,"food_rnk",17.0447
"53063004100","tract",2019,"food_rnk",44.578
"53063004200","tract",2019,"food_rnk",86.782
"53063004300","tract",2019,"food_rnk",62.28
"53063004400","tract",2019,"food_rnk",68.0955
"53063004500","tract",2019,"food_rnk",73.4442
"53063004601","tract",2019,"food_rnk",29.0214
"53063004602","tract",2019,"food_rnk",25.6672
"53063004700","tract",2019,"food_rnk",41.8768
"53063004800","tract",2019,"food_rnk",57.8411
"53063004900","tract",2019,"food_rnk",69.7176
"53063005000","tract",2019,"food_rnk",30.2542
"53063010100","tract",2019,"food_rnk",70.8009
"53063010201","tract",2019,"food_rnk",74.1509
"53063010202","tract",2019,"food_rnk",89.2758
"53063010301","tract",2019,"food_rnk",37.531
"53063010303","tract",2019,"food_rnk",60.4096
"53063010304","tract",2019,"food_rnk",43.9785
"53063010305","tract",2019,"food_rnk",67.9516
"53063010401","tract",2019,"food_rnk",NA
"53063010402","tract",2019,"food_rnk",62.7694
"53063010501","tract",2019,"food_rnk",75.2384
"53063010503","tract",2019,"food_rnk",80.5391
"53063010504","tract",2019,"food_rnk",56.549
"53063010601","tract",2019,"food_rnk",95.334
"53063010602","tract",2019,"food_rnk",65.7146
"53063010700","tract",2019,"food_rnk",96.5386
"53063010800","tract",2019,"food_rnk",15.7301
"53063010900","tract",2019,"food_rnk",66.4847
"53063011000","tract",2019,"food_rnk",59.7523
"53063011101","tract",2019,"food_rnk",21.5259
"53063011102","tract",2019,"food_rnk",10.9075
"53063011201","tract",2019,"food_rnk",17.4086
"53063011202","tract",2019,"food_rnk",30.0863
"53063011300","tract",2019,"food_rnk",71.9914
"53063011400","tract",2019,"food_rnk",29.2132
"53063011500","tract",2019,"food_rnk",38.5184
"53063011600","tract",2019,"food_rnk",35.8412
"53063011701","tract",2019,"food_rnk",28.2273
"53063011702","tract",2019,"food_rnk",7.4038
"53063011800","tract",2019,"food_rnk",21.0506
"53063011900","tract",2019,"food_rnk",22.3637
"53063012000","tract",2019,"food_rnk",32.6083
"53063012100","tract",2019,"food_rnk",37.2884
"53063012200","tract",2019,"food_rnk",15.6652
"53063012300","tract",2019,"food_rnk",51.1214
"53063012401","tract",2019,"food_rnk",74.2172
"53063012402","tract",2019,"food_rnk",85.3123
"53063012500","tract",2019,"food_rnk",20.1154
"53063012600","tract",2019,"food_rnk",25.9789
"53063012701","tract",2019,"food_rnk",43.8981
"53063012702","tract",2019,"food_rnk",31.4108
"53063012801","tract",2019,"food_rnk",25.8477
"53063012802","tract",2019,"food_rnk",52.2596
"53063012901","tract",2019,"food_rnk",32.9511
"53063012902","tract",2019,"food_rnk",73.6826
"53063013000","tract",2019,"food_rnk",47.9505
"53063013100","tract",2019,"food_rnk",77.4924
"53063013201","tract",2019,"food_rnk",44.2832
"53063013202","tract",2019,"food_rnk",82.243
"53063013300","tract",2019,"food_rnk",65.5086
"53063013401","tract",2019,"food_rnk",82.3939
"53063013500","tract",2019,"food_rnk",77.9043
"53063013600","tract",2019,"food_rnk",40.0093
"53063013700","tract",2019,"food_rnk",48.7475
"53063013800","tract",2019,"food_rnk",90.0276
"53063013900","tract",2019,"food_rnk",35.9089
"53063014001","tract",2019,"food_rnk",44.1055
"53063014002","tract",2019,"food_rnk",52.9579
"53063014100","tract",2019,"food_rnk",96.1761
"53063014200","tract",2019,"food_rnk",64.4127
"53063014300","tract",2019,"food_rnk",48.9844
"53063014400","tract",2019,"food_rnk",14.2829
"53063014500","tract",2019,"food_rnk",0.5318
"53065941000","tract",2019,"food_rnk",6.4672
"53065950100","tract",2019,"food_rnk",28.374
"53065950200","tract",2019,"food_rnk",45.8333
"53065950300","tract",2019,"food_rnk",28.8719
"53065950500","tract",2019,"food_rnk",30.8184
"53065950600","tract",2019,"food_rnk",56.6661
"53065950700","tract",2019,"food_rnk",24.7927
"53065950800","tract",2019,"food_rnk",35.0951
"53065950900","tract",2019,"food_rnk",59.2883
"53065951100","tract",2019,"food_rnk",34.9653
"53065951300","tract",2019,"food_rnk",36.8117
"53065951400","tract",2019,"food_rnk",87.2433
"53067010100","tract",2019,"food_rnk",42.788
"53067010200","tract",2019,"food_rnk",79.484
"53067010300","tract",2019,"food_rnk",30.2852
"53067010400","tract",2019,"food_rnk",77.4501
"53067010510","tract",2019,"food_rnk",15.6835
"53067010520","tract",2019,"food_rnk",15.7484
"53067010600","tract",2019,"food_rnk",16.6314
"53067010700","tract",2019,"food_rnk",97.5175
"53067010800","tract",2019,"food_rnk",54.7647
"53067010910","tract",2019,"food_rnk",78.5108
"53067010920","tract",2019,"food_rnk",36.7736
"53067011000","tract",2019,"food_rnk",37.6213
"53067011100","tract",2019,"food_rnk",48.8518
"53067011200","tract",2019,"food_rnk",40.448
"53067011300","tract",2019,"food_rnk",45.6852
"53067011410","tract",2019,"food_rnk",42.2407
"53067011420","tract",2019,"food_rnk",48.6572
"53067011500","tract",2019,"food_rnk",55.9185
"53067011610","tract",2019,"food_rnk",58.8397
"53067011621","tract",2019,"food_rnk",54.2287
"53067011622","tract",2019,"food_rnk",39.6482
"53067011623","tract",2019,"food_rnk",66.9629
"53067011624","tract",2019,"food_rnk",55.8565
"53067011710","tract",2019,"food_rnk",76.3217
"53067011720","tract",2019,"food_rnk",59.9258
"53067011810","tract",2019,"food_rnk",60.9315
"53067011821","tract",2019,"food_rnk",46.4681
"53067011822","tract",2019,"food_rnk",55.2344
"53067011900","tract",2019,"food_rnk",61.9132
"53067012000","tract",2019,"food_rnk",73.7954
"53067012100","tract",2019,"food_rnk",70.3636
"53067012211","tract",2019,"food_rnk",53.106
"53067012212","tract",2019,"food_rnk",46.3961
"53067012221","tract",2019,"food_rnk",71.8235
"53067012222","tract",2019,"food_rnk",98.4132
"53067012310","tract",2019,"food_rnk",68.9376
"53067012320","tract",2019,"food_rnk",32.4828
"53067012330","tract",2019,"food_rnk",30.9002
"53067012411","tract",2019,"food_rnk",45.4821
"53067012412","tract",2019,"food_rnk",24.5599
"53067012420","tract",2019,"food_rnk",76.3936
"53067012510","tract",2019,"food_rnk",43.1957
"53067012520","tract",2019,"food_rnk",63.2913
"53067012530","tract",2019,"food_rnk",48.3144
"53067012610","tract",2019,"food_rnk",66.9361
"53067012620","tract",2019,"food_rnk",35.7735
"53067012710","tract",2019,"food_rnk",26.7011
"53067012720","tract",2019,"food_rnk",44.2973
"53067012730","tract",2019,"food_rnk",62.1177
"53067990100","tract",2019,"food_rnk",NA
"53069950100","tract",2019,"food_rnk",49.282
"53071920000","tract",2019,"food_rnk",38.6735
"53071920100","tract",2019,"food_rnk",65.5538
"53071920200","tract",2019,"food_rnk",29.1624
"53071920300","tract",2019,"food_rnk",56.0836
"53071920400","tract",2019,"food_rnk",NA
"53071920500","tract",2019,"food_rnk",8.1754
"53071920600","tract",2019,"food_rnk",72.5683
"53071920701","tract",2019,"food_rnk",29.7464
"53071920702","tract",2019,"food_rnk",47.21
"53071920801","tract",2019,"food_rnk",37.5889
"53071920802","tract",2019,"food_rnk",45.4821
"53071920900","tract",2019,"food_rnk",85.6254
"53073000100","tract",2019,"food_rnk",46.3312
"53073000200","tract",2019,"food_rnk",20.4497
"53073000300","tract",2019,"food_rnk",25.237
"53073000400","tract",2019,"food_rnk",81.2881
"53073000501","tract",2019,"food_rnk",30.0017
"53073000502","tract",2019,"food_rnk",47.1677
"53073000600","tract",2019,"food_rnk",7.188
"53073000700","tract",2019,"food_rnk",50.3921
"53073000803","tract",2019,"food_rnk",53.1624
"53073000804","tract",2019,"food_rnk",59.4138
"53073000805","tract",2019,"food_rnk",87.3547
"53073000806","tract",2019,"food_rnk",76.3217
"53073000901","tract",2019,"food_rnk",43.6315
"53073000902","tract",2019,"food_rnk",83.827
"53073001000","tract",2019,"food_rnk",NA
"53073001100","tract",2019,"food_rnk",97.3031
"53073001201","tract",2019,"food_rnk",42.9488
"53073001202","tract",2019,"food_rnk",90.0686
"53073010100","tract",2019,"food_rnk",14.8132
"53073010200","tract",2019,"food_rnk",37.8442
"53073010301","tract",2019,"food_rnk",82.1245
"53073010302","tract",2019,"food_rnk",76.5473
"53073010303","tract",2019,"food_rnk",66.8599
"53073010401","tract",2019,"food_rnk",64.6708
"53073010403","tract",2019,"food_rnk",63.6341
"53073010404","tract",2019,"food_rnk",47.8447
"53073010501","tract",2019,"food_rnk",54.6166
"53073010502","tract",2019,"food_rnk",54.7647
"53073010600","tract",2019,"food_rnk",71.9166
"53073010701","tract",2019,"food_rnk",77.1807
"53073010702","tract",2019,"food_rnk",39.809
"53073010900","tract",2019,"food_rnk",31.6661
"53073011000","tract",2019,"food_rnk",91.472
"53073940000","tract",2019,"food_rnk",21.7036
"53075000100","tract",2019,"food_rnk",NA
"53075000200","tract",2019,"food_rnk",54.2922
"53075000300","tract",2019,"food_rnk",68.5497
"53075000400","tract",2019,"food_rnk",70.468
"53075000500","tract",2019,"food_rnk",NA
"53075000600","tract",2019,"food_rnk",53.2724
"53075000700","tract",2019,"food_rnk",60.892
"53075000800","tract",2019,"food_rnk",38.2998
"53075000900","tract",2019,"food_rnk",25.962
"53075001000","tract",2019,"food_rnk",52.7928
"53077000100","tract",2019,"food_rnk",NA
"53077000200","tract",2019,"food_rnk",4.6716
"53077000300","tract",2019,"food_rnk",9.4279
"53077000400","tract",2019,"food_rnk",87.9612
"53077000500","tract",2019,"food_rnk",42.4269
"53077000600","tract",2019,"food_rnk",3.2865
"53077000700","tract",2019,"food_rnk",13.9937
"53077000800","tract",2019,"food_rnk",79.5785
"53077000901","tract",2019,"food_rnk",51.3879
"53077000902","tract",2019,"food_rnk",32.2754
"53077001000","tract",2019,"food_rnk",35.1346
"53077001100","tract",2019,"food_rnk",28.2893
"53077001201","tract",2019,"food_rnk",10.6452
"53077001202","tract",2019,"food_rnk",7.0582
"53077001300","tract",2019,"food_rnk",22.1832
"53077001400","tract",2019,"food_rnk",27.7279
"53077001501","tract",2019,"food_rnk",1.1834
"53077001502","tract",2019,"food_rnk",3.9043
"53077001601","tract",2019,"food_rnk",36.6777
"53077001602","tract",2019,"food_rnk",73.0718
"53077001701","tract",2019,"food_rnk",38.3252
"53077001702","tract",2019,"food_rnk",61.8864
"53077001800","tract",2019,"food_rnk",45.5865
"53077001901","tract",2019,"food_rnk",9.6536
"53077001902","tract",2019,"food_rnk",22.21
"53077002001","tract",2019,"food_rnk",4.7802
"53077002002","tract",2019,"food_rnk",12.9246
"53077002101","tract",2019,"food_rnk",24.6135
"53077002102","tract",2019,"food_rnk",6.4475
"53077002200","tract",2019,"food_rnk",29.3105
"53077002701","tract",2019,"food_rnk",15.7484
"53077002801","tract",2019,"food_rnk",73.7644
"53077002802","tract",2019,"food_rnk",74.7517
"53077002900","tract",2019,"food_rnk",44.5103
"53077003001","tract",2019,"food_rnk",76.7998
"53077003002","tract",2019,"food_rnk",51.1665
"53077003100","tract",2019,"food_rnk",57.03
"53077003200","tract",2019,"food_rnk",34.8454
"53077003400","tract",2019,"food_rnk",50.8576
"53077940001","tract",2019,"food_rnk",13.9557
"53077940002","tract",2019,"food_rnk",15.0968
"53077940003","tract",2019,"food_rnk",19.1675
"53077940004","tract",2019,"food_rnk",7.4518
"53077940005","tract",2019,"food_rnk",12.9189
"53077940006","tract",2019,"food_rnk",9.5746
"53001950100","tract",2019,"food_state_rnk",26.4045
"53001950200","tract",2019,"food_state_rnk",15.6601
"53001950300","tract",2019,"food_state_rnk",10.8146
"53001950400","tract",2019,"food_state_rnk",14.8174
"53001950500","tract",2019,"food_state_rnk",12.5702
"53003960100","tract",2019,"food_state_rnk",88.764
"53003960200","tract",2019,"food_state_rnk",84.4803
"53003960300","tract",2019,"food_state_rnk",2.809
"53003960400","tract",2019,"food_state_rnk",6.8118
"53003960500","tract",2019,"food_state_rnk",8.8483
"53003960600","tract",2019,"food_state_rnk",35.3933
"53005010100","tract",2019,"food_state_rnk",77.493
"53005010201","tract",2019,"food_state_rnk",56.1096
"53005010202","tract",2019,"food_state_rnk",17.3455
"53005010300","tract",2019,"food_state_rnk",37.0084
"53005010400","tract",2019,"food_state_rnk",19.1713
"53005010500","tract",2019,"food_state_rnk",12.0084
"53005010600","tract",2019,"food_state_rnk",15.2388
"53005010701","tract",2019,"food_state_rnk",29.2135
"53005010703","tract",2019,"food_state_rnk",11.236
"53005010705","tract",2019,"food_state_rnk",80.9691
"53005010707","tract",2019,"food_state_rnk",72.6826
"53005010708","tract",2019,"food_state_rnk",47.3315
"53005010803","tract",2019,"food_state_rnk",99.0871
"53005010805","tract",2019,"food_state_rnk",81.6011
"53005010807","tract",2019,"food_state_rnk",67.8371
"53005010809","tract",2019,"food_state_rnk",59.5154
"53005010810","tract",2019,"food_state_rnk",69.8034
"53005010811","tract",2019,"food_state_rnk",98.1742
"53005010813","tract",2019,"food_state_rnk",95.0492
"53005010814","tract",2019,"food_state_rnk",90.625
"53005010901","tract",2019,"food_state_rnk",8.2163
"53005010902","tract",2019,"food_state_rnk",22.7879
"53005011001","tract",2019,"food_state_rnk",13.6938
"53005011002","tract",2019,"food_state_rnk",8.0056
"53005011100","tract",2019,"food_state_rnk",19.9438
"53005011200","tract",2019,"food_state_rnk",2.177
"53005011300","tract",2019,"food_state_rnk",9.1292
"53005011401","tract",2019,"food_state_rnk",1.6152
"53005011402","tract",2019,"food_state_rnk",69.8034
"53005011501","tract",2019,"food_state_rnk",29.986
"53005011503","tract",2019,"food_state_rnk",71.7697
"53005011504","tract",2019,"food_state_rnk",38.4831
"53005011600","tract",2019,"food_state_rnk",46.5941
"53005011700","tract",2019,"food_state_rnk",13.5534
"53005011800","tract",2019,"food_state_rnk",84.7963
"53005011900","tract",2019,"food_state_rnk",20.3652
"53005012000","tract",2019,"food_state_rnk",NA
"53007960100","tract",2019,"food_state_rnk",52.7037
"53007960200","tract",2019,"food_state_rnk",70.7163
"53007960300","tract",2019,"food_state_rnk",52.8792
"53007960400","tract",2019,"food_state_rnk",95.3652
"53007960500","tract",2019,"food_state_rnk",73.3146
"53007960600","tract",2019,"food_state_rnk",60.2528
"53007960700","tract",2019,"food_state_rnk",94.8736
"53007960801","tract",2019,"food_state_rnk",91.7486
"53007960802","tract",2019,"food_state_rnk",61.9031
"53007961000","tract",2019,"food_state_rnk",28.3006
"53007961100","tract",2019,"food_state_rnk",19.8034
"53007961200","tract",2019,"food_state_rnk",94.4522
"53007961301","tract",2019,"food_state_rnk",90.7654
"53007961302","tract",2019,"food_state_rnk",45.014
"53009000200","tract",2019,"food_state_rnk",61.7626
"53009000300","tract",2019,"food_state_rnk",22.1208
"53009000400","tract",2019,"food_state_rnk",17.2753
"53009000600","tract",2019,"food_state_rnk",31.882
"53009000700","tract",2019,"food_state_rnk",11.5871
"53009000800","tract",2019,"food_state_rnk",33.0056
"53009000900","tract",2019,"food_state_rnk",11.1657
"53009001000","tract",2019,"food_state_rnk",10.6742
"53009001100","tract",2019,"food_state_rnk",10.323
"53009001200","tract",2019,"food_state_rnk",43.9607
"53009001300","tract",2019,"food_state_rnk",26.8961
"53009001400","tract",2019,"food_state_rnk",73.8413
"53009001500","tract",2019,"food_state_rnk",28.7921
"53009001600","tract",2019,"food_state_rnk",37.2191
"53009001700","tract",2019,"food_state_rnk",33.0758
"53009001800","tract",2019,"food_state_rnk",77.5983
"53009001900","tract",2019,"food_state_rnk",77.8792
"53009002000","tract",2019,"food_state_rnk",58.9185
"53009002100","tract",2019,"food_state_rnk",27.8792
"53009002300","tract",2019,"food_state_rnk",50.2809
"53009940000","tract",2019,"food_state_rnk",5.9691
"53009990100","tract",2019,"food_state_rnk",NA
"53011040101","tract",2019,"food_state_rnk",56.25
"53011040102","tract",2019,"food_state_rnk",53.5815
"53011040201","tract",2019,"food_state_rnk",61.9031
"53011040202","tract",2019,"food_state_rnk",52.5983
"53011040203","tract",2019,"food_state_rnk",54.2837
"53011040301","tract",2019,"food_state_rnk",60.4986
"53011040302","tract",2019,"food_state_rnk",65.1685
"53011040403","tract",2019,"food_state_rnk",64.3258
"53011040407","tract",2019,"food_state_rnk",38.0618
"53011040408","tract",2019,"food_state_rnk",79.2837
"53011040409","tract",2019,"food_state_rnk",90.4494
"53011040411","tract",2019,"food_state_rnk",44.0309
"53011040412","tract",2019,"food_state_rnk",94.0309
"53011040413","tract",2019,"food_state_rnk",12.9916
"53011040414","tract",2019,"food_state_rnk",65.941
"53011040415","tract",2019,"food_state_rnk",18.6798
"53011040416","tract",2019,"food_state_rnk",70.4705
"53011040504","tract",2019,"food_state_rnk",91.4326
"53011040505","tract",2019,"food_state_rnk",83.9888
"53011040507","tract",2019,"food_state_rnk",39.7472
"53011040508","tract",2019,"food_state_rnk",58.0056
"53011040509","tract",2019,"food_state_rnk",24.9298
"53011040510","tract",2019,"food_state_rnk",77.3525
"53011040511","tract",2019,"food_state_rnk",79.6348
"53011040603","tract",2019,"food_state_rnk",71.6292
"53011040604","tract",2019,"food_state_rnk",32.5843
"53011040605","tract",2019,"food_state_rnk",65.8006
"53011040608","tract",2019,"food_state_rnk",81.1447
"53011040609","tract",2019,"food_state_rnk",94.9438
"53011040610","tract",2019,"food_state_rnk",79.2837
"53011040703","tract",2019,"food_state_rnk",26.3343
"53011040706","tract",2019,"food_state_rnk",12.4298
"53011040707","tract",2019,"food_state_rnk",45.0843
"53011040709","tract",2019,"food_state_rnk",46.5941
"53011040710","tract",2019,"food_state_rnk",60.4986
"53011040711","tract",2019,"food_state_rnk",44.8034
"53011040712","tract",2019,"food_state_rnk",35.6039
"53011040803","tract",2019,"food_state_rnk",67.4508
"53011040805","tract",2019,"food_state_rnk",74.0871
"53011040806","tract",2019,"food_state_rnk",47.4719
"53011040808","tract",2019,"food_state_rnk",68.5744
"53011040809","tract",2019,"food_state_rnk",49.6489
"53011040810","tract",2019,"food_state_rnk",52.4228
"53011040904","tract",2019,"food_state_rnk",32.8652
"53011040905","tract",2019,"food_state_rnk",67.3455
"53011040907","tract",2019,"food_state_rnk",98.8764
"53011040908","tract",2019,"food_state_rnk",72.6124
"53011040909","tract",2019,"food_state_rnk",73.1039
"53011040910","tract",2019,"food_state_rnk",88.5885
"53011041003","tract",2019,"food_state_rnk",55.0562
"53011041005","tract",2019,"food_state_rnk",4.2135
"53011041007","tract",2019,"food_state_rnk",29.3539
"53011041008","tract",2019,"food_state_rnk",80.9691
"53011041009","tract",2019,"food_state_rnk",14.9228
"53011041010","tract",2019,"food_state_rnk",51.7556
"53011041011","tract",2019,"food_state_rnk",42.2051
"53011041104","tract",2019,"food_state_rnk",8.0758
"53011041105","tract",2019,"food_state_rnk",49.052
"53011041107","tract",2019,"food_state_rnk",55.1264
"53011041108","tract",2019,"food_state_rnk",16.0112
"53011041110","tract",2019,"food_state_rnk",7.3736
"53011041111","tract",2019,"food_state_rnk",5.1264
"53011041112","tract",2019,"food_state_rnk",16.257
"53011041201","tract",2019,"food_state_rnk",41.0815
"53011041203","tract",2019,"food_state_rnk",9.4803
"53011041205","tract",2019,"food_state_rnk",30.5478
"53011041206","tract",2019,"food_state_rnk",4.8455
"53011041309","tract",2019,"food_state_rnk",32.4438
"53011041310","tract",2019,"food_state_rnk",44.5576
"53011041312","tract",2019,"food_state_rnk",9.7963
"53011041313","tract",2019,"food_state_rnk",13.6236
"53011041317","tract",2019,"food_state_rnk",36.5871
"53011041318","tract",2019,"food_state_rnk",26.7907
"53011041319","tract",2019,"food_state_rnk",46.9803
"53011041320","tract",2019,"food_state_rnk",60.7444
"53011041321","tract",2019,"food_state_rnk",90.7654
"53011041322","tract",2019,"food_state_rnk",24.7191
"53011041323","tract",2019,"food_state_rnk",27.1067
"53011041325","tract",2019,"food_state_rnk",91.9242
"53011041326","tract",2019,"food_state_rnk",39.0801
"53011041327","tract",2019,"food_state_rnk",72.9635
"53011041328","tract",2019,"food_state_rnk",77.3525
"53011041329","tract",2019,"food_state_rnk",81.1447
"53011041330","tract",2019,"food_state_rnk",17.2051
"53011041331","tract",2019,"food_state_rnk",41.2219
"53011041332","tract",2019,"food_state_rnk",73.5253
"53011041333","tract",2019,"food_state_rnk",29.0028
"53011041400","tract",2019,"food_state_rnk",54.0379
"53011041500","tract",2019,"food_state_rnk",19.1011
"53011041600","tract",2019,"food_state_rnk",6.0744
"53011041700","tract",2019,"food_state_rnk",1.264
"53011041800","tract",2019,"food_state_rnk",8.3567
"53011041900","tract",2019,"food_state_rnk",23.2444
"53011042000","tract",2019,"food_state_rnk",29.2837
"53011042100","tract",2019,"food_state_rnk",61.0253
"53011042300","tract",2019,"food_state_rnk",5.5478
"53011042400","tract",2019,"food_state_rnk",NA
"53011042500","tract",2019,"food_state_rnk",13.3778
"53011042600","tract",2019,"food_state_rnk",31.9874
"53011042700","tract",2019,"food_state_rnk",5.4775
"53011042800","tract",2019,"food_state_rnk",33.4972
"53011042900","tract",2019,"food_state_rnk",18.1882
"53011043000","tract",2019,"food_state_rnk",14.2556
"53011043100","tract",2019,"food_state_rnk",38.7992
"53013960200","tract",2019,"food_state_rnk",43.0829
"53015000300","tract",2019,"food_state_rnk",0.4916
"53015000400","tract",2019,"food_state_rnk",14.1152
"53015000501","tract",2019,"food_state_rnk",20.9972
"53015000502","tract",2019,"food_state_rnk",0.1404
"53015000601","tract",2019,"food_state_rnk",1.4045
"53015000602","tract",2019,"food_state_rnk",64.1152
"53015000702","tract",2019,"food_state_rnk",7.514
"53015000703","tract",2019,"food_state_rnk",35.8146
"53015000704","tract",2019,"food_state_rnk",6.9522
"53015000800","tract",2019,"food_state_rnk",51.1938
"53015000900","tract",2019,"food_state_rnk",29.073
"53015001000","tract",2019,"food_state_rnk",0.632
"53015001100","tract",2019,"food_state_rnk",2.5281
"53015001200","tract",2019,"food_state_rnk",37.9213
"53015001300","tract",2019,"food_state_rnk",5.7584
"53015001501","tract",2019,"food_state_rnk",33.9185
"53015001502","tract",2019,"food_state_rnk",36.0955
"53015001600","tract",2019,"food_state_rnk",56.0393
"53015001700","tract",2019,"food_state_rnk",74.2978
"53015001800","tract",2019,"food_state_rnk",34.9719
"53015001900","tract",2019,"food_state_rnk",55.2317
"53015002001","tract",2019,"food_state_rnk",49.2978
"53015002002","tract",2019,"food_state_rnk",34.6208
"53015002100","tract",2019,"food_state_rnk",0.5618
"53017950100","tract",2019,"food_state_rnk",49.7191
"53017950200","tract",2019,"food_state_rnk",64.7121
"53017950300","tract",2019,"food_state_rnk",64.8525
"53017950400","tract",2019,"food_state_rnk",69.6629
"53017950500","tract",2019,"food_state_rnk",33.6728
"53017950600","tract",2019,"food_state_rnk",43.7851
"53017950700","tract",2019,"food_state_rnk",13.9045
"53017950800","tract",2019,"food_state_rnk",54.6348
"53019940000","tract",2019,"food_state_rnk",6.882
"53019970100","tract",2019,"food_state_rnk",39.8174
"53019970200","tract",2019,"food_state_rnk",25.4916
"53021020100","tract",2019,"food_state_rnk",2.7388
"53021020200","tract",2019,"food_state_rnk",3.0197
"53021020300","tract",2019,"food_state_rnk",5.8287
"53021020400","tract",2019,"food_state_rnk",1.0534
"53021020501","tract",2019,"food_state_rnk",92.7669
"53021020502","tract",2019,"food_state_rnk",69.1011
"53021020601","tract",2019,"food_state_rnk",66.0112
"53021020603","tract",2019,"food_state_rnk",20.014
"53021020605","tract",2019,"food_state_rnk",58.6376
"53021020606","tract",2019,"food_state_rnk",44.2065
"53021020700","tract",2019,"food_state_rnk",63.5183
"53021020800","tract",2019,"food_state_rnk",20.8567
"53021980100","tract",2019,"food_state_rnk",NA
"53023970300","tract",2019,"food_state_rnk",53.6517
"53025010100","tract",2019,"food_state_rnk",26.6854
"53025010200","tract",2019,"food_state_rnk",73.8413
"53025010300","tract",2019,"food_state_rnk",23.3848
"53025010400","tract",2019,"food_state_rnk",19.698
"53025010500","tract",2019,"food_state_rnk",47.1208
"53025010600","tract",2019,"food_state_rnk",38.9045
"53025010700","tract",2019,"food_state_rnk",33.6728
"53025010800","tract",2019,"food_state_rnk",1.9663
"53025010901","tract",2019,"food_state_rnk",58.3567
"53025010902","tract",2019,"food_state_rnk",14.4663
"53025011000","tract",2019,"food_state_rnk",64.5014
"53025011100","tract",2019,"food_state_rnk",12.8511
"53025011200","tract",2019,"food_state_rnk",48.4551
"53025011300","tract",2019,"food_state_rnk",20.7514
"53025011401","tract",2019,"food_state_rnk",33.7781
"53025011402","tract",2019,"food_state_rnk",19.8736
"53027000200","tract",2019,"food_state_rnk",46.0674
"53027000300","tract",2019,"food_state_rnk",40.8006
"53027000400","tract",2019,"food_state_rnk",48.3848
"53027000500","tract",2019,"food_state_rnk",40.0632
"53027000600","tract",2019,"food_state_rnk",29.5295
"53027000700","tract",2019,"food_state_rnk",23.0337
"53027000800","tract",2019,"food_state_rnk",36.2711
"53027000900","tract",2019,"food_state_rnk",14.3961
"53027001000","tract",2019,"food_state_rnk",1.3343
"53027001100","tract",2019,"food_state_rnk",20.1545
"53027001200","tract",2019,"food_state_rnk",15.941
"53027001300","tract",2019,"food_state_rnk",8.5674
"53027001400","tract",2019,"food_state_rnk",9.5506
"53027001500","tract",2019,"food_state_rnk",21.7697
"53027001600","tract",2019,"food_state_rnk",NA
"53027940000","tract",2019,"food_state_rnk",3.441
"53027990000","tract",2019,"food_state_rnk",NA
"53029970100","tract",2019,"food_state_rnk",51.8961
"53029970200","tract",2019,"food_state_rnk",NA
"53029970300","tract",2019,"food_state_rnk",70.6461
"53029970400","tract",2019,"food_state_rnk",41.8539
"53029970500","tract",2019,"food_state_rnk",63.0969
"53029970601","tract",2019,"food_state_rnk",20.4354
"53029970602","tract",2019,"food_state_rnk",30.6531
"53029970700","tract",2019,"food_state_rnk",58.427
"53029970800","tract",2019,"food_state_rnk",61.3764
"53029970900","tract",2019,"food_state_rnk",69.0309
"53029971000","tract",2019,"food_state_rnk",67.0646
"53029971100","tract",2019,"food_state_rnk",42.6966
"53029971300","tract",2019,"food_state_rnk",53.3708
"53029971400","tract",2019,"food_state_rnk",70.2598
"53029971500","tract",2019,"food_state_rnk",66.2921
"53029971600","tract",2019,"food_state_rnk",78.4761
"53029971700","tract",2019,"food_state_rnk",46.6994
"53029971800","tract",2019,"food_state_rnk",90.3792
"53029971900","tract",2019,"food_state_rnk",74.368
"53029972000","tract",2019,"food_state_rnk",41.5028
"53029972100","tract",2019,"food_state_rnk",82.0927
"53029992201","tract",2019,"food_state_rnk",NA
"53031950202","tract",2019,"food_state_rnk",31.7065
"53031950300","tract",2019,"food_state_rnk",63.6938
"53031950400","tract",2019,"food_state_rnk",55.2317
"53031950500","tract",2019,"food_state_rnk",41.2921
"53031950601","tract",2019,"food_state_rnk",57.6545
"53031950602","tract",2019,"food_state_rnk",43.4691
"53031950702","tract",2019,"food_state_rnk",28.9326
"53031990000","tract",2019,"food_state_rnk",NA
"53033000100","tract",2019,"food_state_rnk",41.7135
"53033000200","tract",2019,"food_state_rnk",80.618
"53033000300","tract",2019,"food_state_rnk",89.3258
"53033000401","tract",2019,"food_state_rnk",36.5169
"53033000402","tract",2019,"food_state_rnk",75.7725
"53033000500","tract",2019,"food_state_rnk",96.9101
"53033000600","tract",2019,"food_state_rnk",81.2851
"53033000700","tract",2019,"food_state_rnk",84.0941
"53033000800","tract",2019,"food_state_rnk",49.052
"53033000900","tract",2019,"food_state_rnk",87.6404
"53033001000","tract",2019,"food_state_rnk",50.3511
"53033001100","tract",2019,"food_state_rnk",56.6713
"53033001200","tract",2019,"food_state_rnk",53.0899
"53033001300","tract",2019,"food_state_rnk",40.1685
"53033001400","tract",2019,"food_state_rnk",54.4944
"53033001500","tract",2019,"food_state_rnk",68.2584
"53033001600","tract",2019,"food_state_rnk",91.3624
"53033001701","tract",2019,"food_state_rnk",26.0534
"53033001702","tract",2019,"food_state_rnk",80.1264
"53033001800","tract",2019,"food_state_rnk",50.632
"53033001900","tract",2019,"food_state_rnk",86.3062
"53033002000","tract",2019,"food_state_rnk",89.8876
"53033002100","tract",2019,"food_state_rnk",82.7949
"53033002200","tract",2019,"food_state_rnk",90.941
"53033002400","tract",2019,"food_state_rnk",77.2472
"53033002500","tract",2019,"food_state_rnk",84.7963
"53033002600","tract",2019,"food_state_rnk",82.3034
"53033002700","tract",2019,"food_state_rnk",97.9635
"53033002800","tract",2019,"food_state_rnk",94.1011
"53033002900","tract",2019,"food_state_rnk",77.1067
"53033003000","tract",2019,"food_state_rnk",91.257
"53033003100","tract",2019,"food_state_rnk",92.486
"53033003200","tract",2019,"food_state_rnk",71.1376
"53033003300","tract",2019,"food_state_rnk",82.4438
"53033003400","tract",2019,"food_state_rnk",89.677
"53033003500","tract",2019,"food_state_rnk",85.4284
"53033003600","tract",2019,"food_state_rnk",77.177
"53033003800","tract",2019,"food_state_rnk",89.7472
"53033003900","tract",2019,"food_state_rnk",59.0239
"53033004000","tract",2019,"food_state_rnk",11.0955
"53033004100","tract",2019,"food_state_rnk",94.8034
"53033004200","tract",2019,"food_state_rnk",93.434
"53033004301","tract",2019,"food_state_rnk",55.8638
"53033004302","tract",2019,"food_state_rnk",51.1236
"53033004400","tract",2019,"food_state_rnk",80.618
"53033004500","tract",2019,"food_state_rnk",65.4143
"53033004600","tract",2019,"food_state_rnk",75.4565
"53033004700","tract",2019,"food_state_rnk",91.8539
"53033004800","tract",2019,"food_state_rnk",89.1854
"53033004900","tract",2019,"food_state_rnk",92.0295
"53033005000","tract",2019,"food_state_rnk",88.2725
"53033005100","tract",2019,"food_state_rnk",67.2051
"53033005200","tract",2019,"food_state_rnk",75.1756
"53033005301","tract",2019,"food_state_rnk",33.3567
"53033005302","tract",2019,"food_state_rnk",NA
"53033005400","tract",2019,"food_state_rnk",95.1545
"53033005600","tract",2019,"food_state_rnk",88.3778
"53033005700","tract",2019,"food_state_rnk",98.0688
"53033005801","tract",2019,"food_state_rnk",87.7809
"53033005802","tract",2019,"food_state_rnk",32.514
"53033005900","tract",2019,"food_state_rnk",90.8708
"53033006000","tract",2019,"food_state_rnk",74.4382
"53033006100","tract",2019,"food_state_rnk",93.6798
"53033006200","tract",2019,"food_state_rnk",97.0506
"53033006300","tract",2019,"food_state_rnk",93.2584
"53033006400","tract",2019,"food_state_rnk",77.493
"53033006500","tract",2019,"food_state_rnk",93.6096
"53033006600","tract",2019,"food_state_rnk",56.4607
"53033006700","tract",2019,"food_state_rnk",87.5
"53033006800","tract",2019,"food_state_rnk",92.6615
"53033006900","tract",2019,"food_state_rnk",82.8652
"53033007000","tract",2019,"food_state_rnk",77.7739
"53033007100","tract",2019,"food_state_rnk",91.257
"53033007200","tract",2019,"food_state_rnk",95.0492
"53033007300","tract",2019,"food_state_rnk",59.2697
"53033007401","tract",2019,"food_state_rnk",58.0758
"53033007402","tract",2019,"food_state_rnk",50.0702
"53033007500","tract",2019,"food_state_rnk",78.8975
"53033007600","tract",2019,"food_state_rnk",68.5744
"53033007700","tract",2019,"food_state_rnk",21.6292
"53033007800","tract",2019,"food_state_rnk",86.868
"53033007900","tract",2019,"food_state_rnk",23.736
"53033008001","tract",2019,"food_state_rnk",85.6742
"53033008002","tract",2019,"food_state_rnk",37.6053
"53033008100","tract",2019,"food_state_rnk",18.5744
"53033008200","tract",2019,"food_state_rnk",71.9803
"53033008300","tract",2019,"food_state_rnk",73.5253
"53033008400","tract",2019,"food_state_rnk",22.4017
"53033008500","tract",2019,"food_state_rnk",NA
"53033008600","tract",2019,"food_state_rnk",62.9213
"53033008700","tract",2019,"food_state_rnk",8.7781
"53033008800","tract",2019,"food_state_rnk",33.9888
"53033008900","tract",2019,"food_state_rnk",22.7879
"53033009000","tract",2019,"food_state_rnk",37.0787
"53033009100","tract",2019,"food_state_rnk",36.8329
"53033009200","tract",2019,"food_state_rnk",12.9213
"53033009300","tract",2019,"food_state_rnk",71.243
"53033009400","tract",2019,"food_state_rnk",53.5112
"53033009500","tract",2019,"food_state_rnk",55.4073
"53033009600","tract",2019,"food_state_rnk",92.4157
"53033009701","tract",2019,"food_state_rnk",98.0688
"53033009702","tract",2019,"food_state_rnk",82.514
"53033009800","tract",2019,"food_state_rnk",75.8778
"53033009900","tract",2019,"food_state_rnk",31.25
"53033010001","tract",2019,"food_state_rnk",7.3034
"53033010002","tract",2019,"food_state_rnk",32.2331
"53033010100","tract",2019,"food_state_rnk",25.1404
"53033010200","tract",2019,"food_state_rnk",78.7921
"53033010300","tract",2019,"food_state_rnk",17.4157
"53033010401","tract",2019,"food_state_rnk",23.6657
"53033010402","tract",2019,"food_state_rnk",49.5084
"53033010500","tract",2019,"food_state_rnk",96.4537
"53033010600","tract",2019,"food_state_rnk",76.6854
"53033010701","tract",2019,"food_state_rnk",5.618
"53033010702","tract",2019,"food_state_rnk",8.6376
"53033010800","tract",2019,"food_state_rnk",55.5478
"53033010900","tract",2019,"food_state_rnk",50.8427
"53033011001","tract",2019,"food_state_rnk",1.8258
"53033011002","tract",2019,"food_state_rnk",4.1433
"53033011101","tract",2019,"food_state_rnk",26.5449
"53033011102","tract",2019,"food_state_rnk",60.323
"53033011200","tract",2019,"food_state_rnk",4.9508
"53033011300","tract",2019,"food_state_rnk",38.1671
"53033011401","tract",2019,"food_state_rnk",22.9635
"53033011402","tract",2019,"food_state_rnk",38.2725
"53033011500","tract",2019,"food_state_rnk",84.6208
"53033011600","tract",2019,"food_state_rnk",83.6376
"53033011700","tract",2019,"food_state_rnk",25.7022
"53033011800","tract",2019,"food_state_rnk",15.3792
"53033011900","tract",2019,"food_state_rnk",35.7093
"53033012000","tract",2019,"food_state_rnk",90.1685
"53033012100","tract",2019,"food_state_rnk",81.2851
"53033020100","tract",2019,"food_state_rnk",84.9368
"53033020200","tract",2019,"food_state_rnk",61.6573
"53033020300","tract",2019,"food_state_rnk",70.7865
"53033020401","tract",2019,"food_state_rnk",59.375
"53033020402","tract",2019,"food_state_rnk",73.3146
"53033020500","tract",2019,"food_state_rnk",65.1685
"53033020600","tract",2019,"food_state_rnk",83.2865
"53033020700","tract",2019,"food_state_rnk",43.8904
"53033020800","tract",2019,"food_state_rnk",82.7247
"53033020900","tract",2019,"food_state_rnk",60.0421
"53033021000","tract",2019,"food_state_rnk",71.9803
"53033021100","tract",2019,"food_state_rnk",63.764
"53033021300","tract",2019,"food_state_rnk",68.3287
"53033021400","tract",2019,"food_state_rnk",88.3778
"53033021500","tract",2019,"food_state_rnk",95.5758
"53033021600","tract",2019,"food_state_rnk",77.9494
"53033021700","tract",2019,"food_state_rnk",84.2697
"53033021802","tract",2019,"food_state_rnk",88.5885
"53033021803","tract",2019,"food_state_rnk",65.1685
"53033021804","tract",2019,"food_state_rnk",75.0351
"53033021903","tract",2019,"food_state_rnk",79.4944
"53033021904","tract",2019,"food_state_rnk",56.9522
"53033021905","tract",2019,"food_state_rnk",91.1517
"53033021906","tract",2019,"food_state_rnk",71.6292
"53033022001","tract",2019,"food_state_rnk",85.2528
"53033022003","tract",2019,"food_state_rnk",67.6966
"53033022005","tract",2019,"food_state_rnk",62.5351
"53033022006","tract",2019,"food_state_rnk",71.6292
"53033022101","tract",2019,"food_state_rnk",75.6671
"53033022102","tract",2019,"food_state_rnk",88.0969
"53033022201","tract",2019,"food_state_rnk",83.8834
"53033022202","tract",2019,"food_state_rnk",99.368
"53033022203","tract",2019,"food_state_rnk",90.5197
"53033022300","tract",2019,"food_state_rnk",98.3146
"53033022400","tract",2019,"food_state_rnk",99.0169
"53033022500","tract",2019,"food_state_rnk",98.5955
"53033022603","tract",2019,"food_state_rnk",92.8371
"53033022604","tract",2019,"food_state_rnk",94.1713
"53033022605","tract",2019,"food_state_rnk",75.316
"53033022606","tract",2019,"food_state_rnk",86.4466
"53033022701","tract",2019,"food_state_rnk",97.5421
"53033022702","tract",2019,"food_state_rnk",85.6039
"53033022703","tract",2019,"food_state_rnk",72.1208
"53033022801","tract",2019,"food_state_rnk",52.1067
"53033022802","tract",2019,"food_state_rnk",92.0295
"53033022803","tract",2019,"food_state_rnk",85.323
"53033022901","tract",2019,"food_state_rnk",93.9256
"53033022902","tract",2019,"food_state_rnk",90.0983
"53033023000","tract",2019,"food_state_rnk",80.9691
"53033023100","tract",2019,"food_state_rnk",80.618
"53033023201","tract",2019,"food_state_rnk",80.8287
"53033023202","tract",2019,"food_state_rnk",22.5421
"53033023300","tract",2019,"food_state_rnk",67.6264
"53033023401","tract",2019,"food_state_rnk",37.1489
"53033023403","tract",2019,"food_state_rnk",94.6629
"53033023404","tract",2019,"food_state_rnk",88.0969
"53033023500","tract",2019,"food_state_rnk",79.4242
"53033023601","tract",2019,"food_state_rnk",83.5674
"53033023603","tract",2019,"food_state_rnk",56.8118
"53033023604","tract",2019,"food_state_rnk",55.6531
"53033023700","tract",2019,"food_state_rnk",94.2416
"53033023801","tract",2019,"food_state_rnk",60.8146
"53033023803","tract",2019,"food_state_rnk",88.6938
"53033023804","tract",2019,"food_state_rnk",95.927
"53033023900","tract",2019,"food_state_rnk",94.3118
"53033024000","tract",2019,"food_state_rnk",97.823
"53033024100","tract",2019,"food_state_rnk",99.1573
"53033024200","tract",2019,"food_state_rnk",95.9972
"53033024300","tract",2019,"food_state_rnk",88.4831
"53033024400","tract",2019,"food_state_rnk",81.6713
"53033024500","tract",2019,"food_state_rnk",96.2781
"53033024601","tract",2019,"food_state_rnk",97.4719
"53033024602","tract",2019,"food_state_rnk",98.736
"53033024701","tract",2019,"food_state_rnk",69.5225
"53033024702","tract",2019,"food_state_rnk",97.191
"53033024800","tract",2019,"food_state_rnk",59.5154
"53033024901","tract",2019,"food_state_rnk",85.1826
"53033024902","tract",2019,"food_state_rnk",95.2598
"53033024903","tract",2019,"food_state_rnk",98.8062
"53033025001","tract",2019,"food_state_rnk",78.3006
"53033025003","tract",2019,"food_state_rnk",95.8567
"53033025005","tract",2019,"food_state_rnk",93.118
"53033025006","tract",2019,"food_state_rnk",66.9242
"53033025101","tract",2019,"food_state_rnk",35.8848
"53033025102","tract",2019,"food_state_rnk",62.8511
"53033025200","tract",2019,"food_state_rnk",38.6938
"53033025301","tract",2019,"food_state_rnk",87.0084
"53033025302","tract",2019,"food_state_rnk",5.3371
"53033025400","tract",2019,"food_state_rnk",34.8315
"53033025500","tract",2019,"food_state_rnk",43.0829
"53033025601","tract",2019,"food_state_rnk",53.3006
"53033025602","tract",2019,"food_state_rnk",90.625
"53033025701","tract",2019,"food_state_rnk",26.1236
"53033025702","tract",2019,"food_state_rnk",78.6868
"53033025803","tract",2019,"food_state_rnk",39.3258
"53033025804","tract",2019,"food_state_rnk",38.3427
"53033025805","tract",2019,"food_state_rnk",53.441
"53033025806","tract",2019,"food_state_rnk",45.9972
"53033026001","tract",2019,"food_state_rnk",52.2823
"53033026002","tract",2019,"food_state_rnk",22.2963
"53033026100","tract",2019,"food_state_rnk",14.5365
"53033026200","tract",2019,"food_state_rnk",7.0576
"53033026300","tract",2019,"food_state_rnk",29.1433
"53033026400","tract",2019,"food_state_rnk",29.7051
"53033026500","tract",2019,"food_state_rnk",1.8961
"53033026600","tract",2019,"food_state_rnk",38.7992
"53033026700","tract",2019,"food_state_rnk",59.9719
"53033026801","tract",2019,"food_state_rnk",24.1924
"53033026802","tract",2019,"food_state_rnk",8.9185
"53033027000","tract",2019,"food_state_rnk",26.1938
"53033027100","tract",2019,"food_state_rnk",20.5758
"53033027200","tract",2019,"food_state_rnk",4.2837
"53033027300","tract",2019,"food_state_rnk",11.3062
"53033027400","tract",2019,"food_state_rnk",70.5758
"53033027500","tract",2019,"food_state_rnk",24.5787
"53033027600","tract",2019,"food_state_rnk",27.6334
"53033027701","tract",2019,"food_state_rnk",82.6194
"53033027702","tract",2019,"food_state_rnk",80.0211
"53033027800","tract",2019,"food_state_rnk",96.9803
"53033027900","tract",2019,"food_state_rnk",43.7851
"53033028000","tract",2019,"food_state_rnk",10.2528
"53033028100","tract",2019,"food_state_rnk",6.1798
"53033028200","tract",2019,"food_state_rnk",11.3764
"53033028300","tract",2019,"food_state_rnk",45.5056
"53033028402","tract",2019,"food_state_rnk",13.132
"53033028403","tract",2019,"food_state_rnk",27.2121
"53033028500","tract",2019,"food_state_rnk",55.8638
"53033028600","tract",2019,"food_state_rnk",79.0028
"53033028700","tract",2019,"food_state_rnk",83.0758
"53033028801","tract",2019,"food_state_rnk",49.4382
"53033028802","tract",2019,"food_state_rnk",16.3624
"53033028901","tract",2019,"food_state_rnk",91.0112
"53033028902","tract",2019,"food_state_rnk",8.1461
"53033029001","tract",2019,"food_state_rnk",56.7416
"53033029003","tract",2019,"food_state_rnk",31.3202
"53033029004","tract",2019,"food_state_rnk",2.9494
"53033029101","tract",2019,"food_state_rnk",11.7978
"53033029102","tract",2019,"food_state_rnk",61.1657
"53033029203","tract",2019,"food_state_rnk",16.257
"53033029204","tract",2019,"food_state_rnk",23.9466
"53033029205","tract",2019,"food_state_rnk",28.8624
"53033029206","tract",2019,"food_state_rnk",2.8792
"53033029303","tract",2019,"food_state_rnk",62.7107
"53033029304","tract",2019,"food_state_rnk",81.7416
"53033029305","tract",2019,"food_state_rnk",32.9354
"53033029306","tract",2019,"food_state_rnk",69.5927
"53033029307","tract",2019,"food_state_rnk",37.3596
"53033029403","tract",2019,"food_state_rnk",45.8567
"53033029405","tract",2019,"food_state_rnk",54.7753
"53033029406","tract",2019,"food_state_rnk",44.7331
"53033029407","tract",2019,"food_state_rnk",5.6882
"53033029408","tract",2019,"food_state_rnk",42.3104
"53033029502","tract",2019,"food_state_rnk",36.3764
"53033029503","tract",2019,"food_state_rnk",4.7753
"53033029504","tract",2019,"food_state_rnk",6.4607
"53033029601","tract",2019,"food_state_rnk",5.8989
"53033029602","tract",2019,"food_state_rnk",68.6798
"53033029700","tract",2019,"food_state_rnk",11.9382
"53033029801","tract",2019,"food_state_rnk",62.2893
"53033029802","tract",2019,"food_state_rnk",54.2837
"53033029901","tract",2019,"food_state_rnk",46.2079
"53033029902","tract",2019,"food_state_rnk",50.4213
"53033030003","tract",2019,"food_state_rnk",79.8104
"53033030004","tract",2019,"food_state_rnk",9.4101
"53033030005","tract",2019,"food_state_rnk",23.4551
"53033030006","tract",2019,"food_state_rnk",16.8539
"53033030100","tract",2019,"food_state_rnk",35.4635
"53033030201","tract",2019,"food_state_rnk",24.8596
"53033030202","tract",2019,"food_state_rnk",17.1348
"53033030304","tract",2019,"food_state_rnk",3.3708
"53033030305","tract",2019,"food_state_rnk",17.9775
"53033030306","tract",2019,"food_state_rnk",46.3132
"53033030308","tract",2019,"food_state_rnk",51.0534
"53033030309","tract",2019,"food_state_rnk",48.6657
"53033030310","tract",2019,"food_state_rnk",46.8399
"53033030311","tract",2019,"food_state_rnk",52.809
"53033030312","tract",2019,"food_state_rnk",19.5225
"53033030313","tract",2019,"food_state_rnk",15.0281
"53033030314","tract",2019,"food_state_rnk",16.4326
"53033030401","tract",2019,"food_state_rnk",16.9944
"53033030403","tract",2019,"food_state_rnk",78.8975
"53033030404","tract",2019,"food_state_rnk",56.3904
"53033030501","tract",2019,"food_state_rnk",13.4831
"53033030503","tract",2019,"food_state_rnk",30.4424
"53033030504","tract",2019,"food_state_rnk",16.7837
"53033030600","tract",2019,"food_state_rnk",44.3469
"53033030700","tract",2019,"food_state_rnk",10.3933
"53033030801","tract",2019,"food_state_rnk",6.6713
"53033030802","tract",2019,"food_state_rnk",12.2893
"53033030901","tract",2019,"food_state_rnk",16.5028
"53033030902","tract",2019,"food_state_rnk",61.1657
"53033031000","tract",2019,"food_state_rnk",85.0772
"53033031100","tract",2019,"food_state_rnk",23.3146
"53033031202","tract",2019,"food_state_rnk",57.3736
"53033031204","tract",2019,"food_state_rnk",83.2163
"53033031205","tract",2019,"food_state_rnk",16.0815
"53033031206","tract",2019,"food_state_rnk",78.0899
"53033031301","tract",2019,"food_state_rnk",41.3624
"53033031302","tract",2019,"food_state_rnk",37.6053
"53033031400","tract",2019,"food_state_rnk",63.8343
"53033031501","tract",2019,"food_state_rnk",74.8596
"53033031502","tract",2019,"food_state_rnk",68.3989
"53033031601","tract",2019,"food_state_rnk",65.5197
"53033031603","tract",2019,"food_state_rnk",71.8399
"53033031604","tract",2019,"food_state_rnk",90.309
"53033031605","tract",2019,"food_state_rnk",65.8708
"53033031703","tract",2019,"food_state_rnk",42.1348
"53033031704","tract",2019,"food_state_rnk",39.0801
"53033031705","tract",2019,"food_state_rnk",76.9663
"53033031706","tract",2019,"food_state_rnk",52.177
"53033031800","tract",2019,"food_state_rnk",83.427
"53033031903","tract",2019,"food_state_rnk",94.5927
"53033031904","tract",2019,"food_state_rnk",94.7331
"53033031906","tract",2019,"food_state_rnk",96.4537
"53033031907","tract",2019,"food_state_rnk",83.8834
"53033031908","tract",2019,"food_state_rnk",42.9775
"53033031909","tract",2019,"food_state_rnk",56.6011
"53033032002","tract",2019,"food_state_rnk",91.0815
"53033032003","tract",2019,"food_state_rnk",75.6671
"53033032005","tract",2019,"food_state_rnk",90.0281
"53033032006","tract",2019,"food_state_rnk",82.3736
"53033032007","tract",2019,"food_state_rnk",86.2008
"53033032008","tract",2019,"food_state_rnk",66.6784
"53033032010","tract",2019,"food_state_rnk",78.1601
"53033032011","tract",2019,"food_state_rnk",95.4354
"53033032102","tract",2019,"food_state_rnk",73.1742
"53033032103","tract",2019,"food_state_rnk",54.7051
"53033032104","tract",2019,"food_state_rnk",60.6039
"53033032203","tract",2019,"food_state_rnk",98.6657
"53033032207","tract",2019,"food_state_rnk",92.5562
"53033032208","tract",2019,"food_state_rnk",99.2275
"53033032210","tract",2019,"food_state_rnk",99.7893
"53033032211","tract",2019,"food_state_rnk",87.9565
"53033032212","tract",2019,"food_state_rnk",66.1517
"53033032213","tract",2019,"food_state_rnk",99.7191
"53033032214","tract",2019,"food_state_rnk",99.4382
"53033032215","tract",2019,"food_state_rnk",99.2978
"53033032307","tract",2019,"food_state_rnk",97.1208
"53033032309","tract",2019,"food_state_rnk",97.7177
"53033032311","tract",2019,"food_state_rnk",95.5056
"53033032313","tract",2019,"food_state_rnk",93.9256
"53033032315","tract",2019,"food_state_rnk",98.3848
"53033032316","tract",2019,"food_state_rnk",100
"53033032317","tract",2019,"food_state_rnk",92.6615
"53033032318","tract",2019,"food_state_rnk",92.2402
"53033032319","tract",2019,"food_state_rnk",71.4185
"53033032320","tract",2019,"food_state_rnk",95.6461
"53033032321","tract",2019,"food_state_rnk",96.0674
"53033032322","tract",2019,"food_state_rnk",99.8596
"53033032323","tract",2019,"food_state_rnk",98.4551
"53033032324","tract",2019,"food_state_rnk",68.1882
"53033032325","tract",2019,"food_state_rnk",68.0478
"53033032326","tract",2019,"food_state_rnk",97.3315
"53033032327","tract",2019,"food_state_rnk",93.0478
"53033032328","tract",2019,"food_state_rnk",95.2598
"53033032329","tract",2019,"food_state_rnk",96.5941
"53033032401","tract",2019,"food_state_rnk",89.5014
"53033032402","tract",2019,"food_state_rnk",96.5941
"53033032500","tract",2019,"food_state_rnk",86.3764
"53033032601","tract",2019,"food_state_rnk",44.4522
"53033032602","tract",2019,"food_state_rnk",99.6489
"53033032702","tract",2019,"food_state_rnk",93.8202
"53033032703","tract",2019,"food_state_rnk",61.3062
"53033032704","tract",2019,"food_state_rnk",80.1966
"53033032800","tract",2019,"food_state_rnk",83.7781
"53033990100","tract",2019,"food_state_rnk",NA
"53035080101","tract",2019,"food_state_rnk",40.3792
"53035080102","tract",2019,"food_state_rnk",33.2865
"53035080200","tract",2019,"food_state_rnk",5.4073
"53035080300","tract",2019,"food_state_rnk",26.6152
"53035080400","tract",2019,"food_state_rnk",39.5365
"53035080500","tract",2019,"food_state_rnk",15.309
"53035080600","tract",2019,"food_state_rnk",25.7725
"53035080700","tract",2019,"food_state_rnk",58.743
"53035080800","tract",2019,"food_state_rnk",50.7022
"53035080900","tract",2019,"food_state_rnk",17.9073
"53035081000","tract",2019,"food_state_rnk",7.4438
"53035081100","tract",2019,"food_state_rnk",1.4747
"53035081200","tract",2019,"food_state_rnk",21.4888
"53035081400","tract",2019,"food_state_rnk",NA
"53035090101","tract",2019,"food_state_rnk",30.7584
"53035090102","tract",2019,"food_state_rnk",84.0941
"53035090201","tract",2019,"food_state_rnk",91.6081
"53035090202","tract",2019,"food_state_rnk",85.7444
"53035090300","tract",2019,"food_state_rnk",NA
"53035090400","tract",2019,"food_state_rnk",73.5253
"53035090501","tract",2019,"food_state_rnk",58.1461
"53035090502","tract",2019,"food_state_rnk",73.3146
"53035090700","tract",2019,"food_state_rnk",88.9045
"53035090800","tract",2019,"food_state_rnk",94.5225
"53035090900","tract",2019,"food_state_rnk",95.7865
"53035091000","tract",2019,"food_state_rnk",99.5084
"53035091100","tract",2019,"food_state_rnk",87.1489
"53035091201","tract",2019,"food_state_rnk",69.9438
"53035091203","tract",2019,"food_state_rnk",80.4073
"53035091204","tract",2019,"food_state_rnk",53.1601
"53035091301","tract",2019,"food_state_rnk",86.552
"53035091302","tract",2019,"food_state_rnk",93.1882
"53035091400","tract",2019,"food_state_rnk",72.7528
"53035091500","tract",2019,"food_state_rnk",74.5084
"53035091600","tract",2019,"food_state_rnk",79.9157
"53035091700","tract",2019,"food_state_rnk",31.0744
"53035091800","tract",2019,"food_state_rnk",64.1854
"53035091900","tract",2019,"food_state_rnk",51.5801
"53035092000","tract",2019,"food_state_rnk",81.4607
"53035092100","tract",2019,"food_state_rnk",50.948
"53035092200","tract",2019,"food_state_rnk",19.0309
"53035092300","tract",2019,"food_state_rnk",28.125
"53035092400","tract",2019,"food_state_rnk",34.059
"53035092500","tract",2019,"food_state_rnk",46.7697
"53035092600","tract",2019,"food_state_rnk",61.5871
"53035092701","tract",2019,"food_state_rnk",87.2191
"53035092704","tract",2019,"food_state_rnk",76.1236
"53035092801","tract",2019,"food_state_rnk",62.7107
"53035092802","tract",2019,"food_state_rnk",62.0787
"53035092803","tract",2019,"food_state_rnk",49.7893
"53035092901","tract",2019,"food_state_rnk",51.9663
"53035092902","tract",2019,"food_state_rnk",40.7303
"53035940000","tract",2019,"food_state_rnk",57.7598
"53035940100","tract",2019,"food_state_rnk",60.6742
"53035990100","tract",2019,"food_state_rnk",NA
"53037975100","tract",2019,"food_state_rnk",26.4747
"53037975200","tract",2019,"food_state_rnk",70.014
"53037975300","tract",2019,"food_state_rnk",97.7177
"53037975401","tract",2019,"food_state_rnk",52.0365
"53037975402","tract",2019,"food_state_rnk",71.4185
"53037975500","tract",2019,"food_state_rnk",49.8947
"53037975600","tract",2019,"food_state_rnk",25
"53037975700","tract",2019,"food_state_rnk",54.0379
"53039950100","tract",2019,"food_state_rnk",27.7388
"53039950200","tract",2019,"food_state_rnk",14.1854
"53039950300","tract",2019,"food_state_rnk",47.823
"53041970100","tract",2019,"food_state_rnk",57.4438
"53041970200","tract",2019,"food_state_rnk",44.8736
"53041970300","tract",2019,"food_state_rnk",11.868
"53041970400","tract",2019,"food_state_rnk",5.1966
"53041970500","tract",2019,"food_state_rnk",15.6601
"53041970600","tract",2019,"food_state_rnk",14.6067
"53041970700","tract",2019,"food_state_rnk",3.9326
"53041970800","tract",2019,"food_state_rnk",22.191
"53041970900","tract",2019,"food_state_rnk",4.3539
"53041971000","tract",2019,"food_state_rnk",35.1826
"53041971100","tract",2019,"food_state_rnk",58.4972
"53041971200","tract",2019,"food_state_rnk",32.1629
"53041971300","tract",2019,"food_state_rnk",37.7107
"53041971400","tract",2019,"food_state_rnk",27.9494
"53041971500","tract",2019,"food_state_rnk",48.1039
"53041971600","tract",2019,"food_state_rnk",24.0169
"53041971700","tract",2019,"food_state_rnk",47.6826
"53041971800","tract",2019,"food_state_rnk",45.7865
"53041971900","tract",2019,"food_state_rnk",9.691
"53041972000","tract",2019,"food_state_rnk",40.0632
"53043960100","tract",2019,"food_state_rnk",65.4143
"53043960200","tract",2019,"food_state_rnk",21.0674
"53043960300","tract",2019,"food_state_rnk",52.4228
"53043960400","tract",2019,"food_state_rnk",35.9551
"53045940000","tract",2019,"food_state_rnk",6.5309
"53045960100","tract",2019,"food_state_rnk",19.4171
"53045960200","tract",2019,"food_state_rnk",36.8329
"53045960300","tract",2019,"food_state_rnk",35.1124
"53045960400","tract",2019,"food_state_rnk",57.514
"53045960500","tract",2019,"food_state_rnk",35.323
"53045960600","tract",2019,"food_state_rnk",18.9256
"53045960700","tract",2019,"food_state_rnk",9.6208
"53045960800","tract",2019,"food_state_rnk",4.0028
"53045960900","tract",2019,"food_state_rnk",5.2669
"53045961000","tract",2019,"food_state_rnk",25.632
"53045961100","tract",2019,"food_state_rnk",22.2963
"53045961200","tract",2019,"food_state_rnk",14.0449
"53045961300","tract",2019,"food_state_rnk",40.941
"53047940100","tract",2019,"food_state_rnk",19.698
"53047940200","tract",2019,"food_state_rnk",4.6348
"53047970300","tract",2019,"food_state_rnk",18.118
"53047970400","tract",2019,"food_state_rnk",16.6433
"53047970500","tract",2019,"food_state_rnk",13.8343
"53047970600","tract",2019,"food_state_rnk",6.7416
"53047970700","tract",2019,"food_state_rnk",21.8399
"53047970800","tract",2019,"food_state_rnk",41.0112
"53047970900","tract",2019,"food_state_rnk",48.5253
"53047971000","tract",2019,"food_state_rnk",39.1854
"53049950200","tract",2019,"food_state_rnk",20.5056
"53049950300","tract",2019,"food_state_rnk",10.1826
"53049950400","tract",2019,"food_state_rnk",72.823
"53049950500","tract",2019,"food_state_rnk",25.8427
"53049950600","tract",2019,"food_state_rnk",4.7051
"53049950700","tract",2019,"food_state_rnk",10.7444
"53049950800","tract",2019,"food_state_rnk",33.8483
"53049990100","tract",2019,"food_state_rnk",NA
"53051970100","tract",2019,"food_state_rnk",21.6994
"53051970200","tract",2019,"food_state_rnk",32.3034
"53051970300","tract",2019,"food_state_rnk",6.3904
"53051970400","tract",2019,"food_state_rnk",12.5
"53051970500","tract",2019,"food_state_rnk",36.0253
"53053060200","tract",2019,"food_state_rnk",NA
"53053060300","tract",2019,"food_state_rnk",62.1489
"53053060400","tract",2019,"food_state_rnk",78.5815
"53053060500","tract",2019,"food_state_rnk",62.4298
"53053060600","tract",2019,"food_state_rnk",59.6208
"53053060700","tract",2019,"food_state_rnk",76.7556
"53053060800","tract",2019,"food_state_rnk",66.9242
"53053060903","tract",2019,"food_state_rnk",29.8455
"53053060904","tract",2019,"food_state_rnk",15.8006
"53053060905","tract",2019,"food_state_rnk",37.9916
"53053060906","tract",2019,"food_state_rnk",61.7626
"53053061001","tract",2019,"food_state_rnk",75.9831
"53053061002","tract",2019,"food_state_rnk",17.0646
"53053061100","tract",2019,"food_state_rnk",32.7598
"53053061200","tract",2019,"food_state_rnk",35.7093
"53053061300","tract",2019,"food_state_rnk",10.8848
"53053061400","tract",2019,"food_state_rnk",1.7556
"53053061500","tract",2019,"food_state_rnk",23.5253
"53053061601","tract",2019,"food_state_rnk",3.1601
"53053061602","tract",2019,"food_state_rnk",66.6784
"53053061700","tract",2019,"food_state_rnk",7.0576
"53053061800","tract",2019,"food_state_rnk",37.4649
"53053061900","tract",2019,"food_state_rnk",36.4466
"53053062000","tract",2019,"food_state_rnk",3.3006
"53053062300","tract",2019,"food_state_rnk",19.4171
"53053062400","tract",2019,"food_state_rnk",33.5674
"53053062500","tract",2019,"food_state_rnk",17.486
"53053062600","tract",2019,"food_state_rnk",36.6573
"53053062801","tract",2019,"food_state_rnk",0.9831
"53053062802","tract",2019,"food_state_rnk",10.4986
"53053062900","tract",2019,"food_state_rnk",25.0702
"53053063000","tract",2019,"food_state_rnk",9.7963
"53053063100","tract",2019,"food_state_rnk",24.4382
"53053063200","tract",2019,"food_state_rnk",30.1264
"53053063300","tract",2019,"food_state_rnk",8.427
"53053063400","tract",2019,"food_state_rnk",16.7135
"53053063501","tract",2019,"food_state_rnk",3.5112
"53053063502","tract",2019,"food_state_rnk",16.1517
"53053070100","tract",2019,"food_state_rnk",65.309
"53053070203","tract",2019,"food_state_rnk",76.8258
"53053070204","tract",2019,"food_state_rnk",30.8287
"53053070205","tract",2019,"food_state_rnk",62.7107
"53053070206","tract",2019,"food_state_rnk",64.7121
"53053070207","tract",2019,"food_state_rnk",55.4775
"53053070307","tract",2019,"food_state_rnk",97.8933
"53053070308","tract",2019,"food_state_rnk",40.2388
"53053070309","tract",2019,"food_state_rnk",96.1376
"53053070310","tract",2019,"food_state_rnk",70.9972
"53053070311","tract",2019,"food_state_rnk",73.9817
"53053070312","tract",2019,"food_state_rnk",87.7809
"53053070313","tract",2019,"food_state_rnk",60.1124
"53053070314","tract",2019,"food_state_rnk",89.9579
"53053070315","tract",2019,"food_state_rnk",79.5646
"53053070316","tract",2019,"food_state_rnk",66.573
"53053070401","tract",2019,"food_state_rnk",51.6854
"53053070403","tract",2019,"food_state_rnk",30.9691
"53053070404","tract",2019,"food_state_rnk",58.2865
"53053070703","tract",2019,"food_state_rnk",69.2767
"53053071100","tract",2019,"food_state_rnk",27.4228
"53053071205","tract",2019,"food_state_rnk",47.4017
"53053071206","tract",2019,"food_state_rnk",47.2612
"53053071207","tract",2019,"food_state_rnk",27.4228
"53053071208","tract",2019,"food_state_rnk",34.7261
"53053071209","tract",2019,"food_state_rnk",51.3343
"53053071210","tract",2019,"food_state_rnk",45.2247
"53053071304","tract",2019,"food_state_rnk",16.9242
"53053071305","tract",2019,"food_state_rnk",17.6966
"53053071306","tract",2019,"food_state_rnk",57.3034
"53053071307","tract",2019,"food_state_rnk",34.1994
"53053071309","tract",2019,"food_state_rnk",53.2303
"53053071310","tract",2019,"food_state_rnk",81.8118
"53053071403","tract",2019,"food_state_rnk",13.2022
"53053071406","tract",2019,"food_state_rnk",57.1629
"53053071407","tract",2019,"food_state_rnk",27.2121
"53053071408","tract",2019,"food_state_rnk",20.0843
"53053071409","tract",2019,"food_state_rnk",11.5169
"53053071410","tract",2019,"food_state_rnk",51.264
"53053071411","tract",2019,"food_state_rnk",30.0562
"53053071503","tract",2019,"food_state_rnk",21.1376
"53053071504","tract",2019,"food_state_rnk",2.3876
"53053071505","tract",2019,"food_state_rnk",25.2809
"53053071506","tract",2019,"food_state_rnk",67.1348
"53053071601","tract",2019,"food_state_rnk",22.5421
"53053071602","tract",2019,"food_state_rnk",15.4494
"53053071703","tract",2019,"food_state_rnk",22.6826
"53053071704","tract",2019,"food_state_rnk",11.4466
"53053071705","tract",2019,"food_state_rnk",4.4944
"53053071706","tract",2019,"food_state_rnk",12.0787
"53053071707","tract",2019,"food_state_rnk",67.9775
"53053071803","tract",2019,"food_state_rnk",28.4761
"53053071805","tract",2019,"food_state_rnk",3.5815
"53053071806","tract",2019,"food_state_rnk",0.4213
"53053071807","tract",2019,"food_state_rnk",10.4986
"53053071808","tract",2019,"food_state_rnk",3.8624
"53053071901","tract",2019,"food_state_rnk",4.073
"53053071902","tract",2019,"food_state_rnk",86.2008
"53053072000","tract",2019,"food_state_rnk",8.7079
"53053072105","tract",2019,"food_state_rnk",62.3596
"53053072106","tract",2019,"food_state_rnk",31.0744
"53053072107","tract",2019,"food_state_rnk",69.4522
"53053072108","tract",2019,"food_state_rnk",66.4326
"53053072109","tract",2019,"food_state_rnk",79.073
"53053072111","tract",2019,"food_state_rnk",81.3904
"53053072112","tract",2019,"food_state_rnk",45.927
"53053072305","tract",2019,"food_state_rnk",60.1826
"53053072307","tract",2019,"food_state_rnk",40.8708
"53053072308","tract",2019,"food_state_rnk",47.9635
"53053072309","tract",2019,"food_state_rnk",63.3076
"53053072310","tract",2019,"food_state_rnk",43.3989
"53053072311","tract",2019,"food_state_rnk",14.9228
"53053072312","tract",2019,"food_state_rnk",45.7163
"53053072313","tract",2019,"food_state_rnk",42.0295
"53053072405","tract",2019,"food_state_rnk",98.2444
"53053072406","tract",2019,"food_state_rnk",72.2261
"53053072407","tract",2019,"food_state_rnk",85.5337
"53053072408","tract",2019,"food_state_rnk",92.9073
"53053072409","tract",2019,"food_state_rnk",89.8174
"53053072410","tract",2019,"food_state_rnk",78.4761
"53053072503","tract",2019,"food_state_rnk",37.816
"53053072504","tract",2019,"food_state_rnk",67.7669
"53053072505","tract",2019,"food_state_rnk",98.9466
"53053072506","tract",2019,"food_state_rnk",94.382
"53053072507","tract",2019,"food_state_rnk",76.1938
"53053072601","tract",2019,"food_state_rnk",59.1994
"53053072602","tract",2019,"food_state_rnk",54.4242
"53053072603","tract",2019,"food_state_rnk",42.486
"53053072800","tract",2019,"food_state_rnk",91.7486
"53053072901","tract",2019,"food_state_rnk",81.882
"53053072903","tract",2019,"food_state_rnk",NA
"53053072905","tract",2019,"food_state_rnk",84.1994
"53053072906","tract",2019,"food_state_rnk",NA
"53053072907","tract",2019,"food_state_rnk",69.382
"53053073001","tract",2019,"food_state_rnk",27.6334
"53053073005","tract",2019,"food_state_rnk",31.3904
"53053073006","tract",2019,"food_state_rnk",28.125
"53053073108","tract",2019,"food_state_rnk",30.8989
"53053073110","tract",2019,"food_state_rnk",42.9073
"53053073111","tract",2019,"food_state_rnk",19.2416
"53053073113","tract",2019,"food_state_rnk",34.9017
"53053073114","tract",2019,"food_state_rnk",16.573
"53053073115","tract",2019,"food_state_rnk",31.4607
"53053073116","tract",2019,"food_state_rnk",71.243
"53053073117","tract",2019,"food_state_rnk",63.9045
"53053073118","tract",2019,"food_state_rnk",74.1573
"53053073119","tract",2019,"food_state_rnk",84.4101
"53053073120","tract",2019,"food_state_rnk",66.5028
"53053073121","tract",2019,"food_state_rnk",65.7303
"53053073122","tract",2019,"food_state_rnk",66.3624
"53053073123","tract",2019,"food_state_rnk",82.6194
"53053073124","tract",2019,"food_state_rnk",46.1376
"53053073125","tract",2019,"food_state_rnk",63.9747
"53053073126","tract",2019,"food_state_rnk",54.986
"53053073200","tract",2019,"food_state_rnk",59.0239
"53053073301","tract",2019,"food_state_rnk",26.9663
"53053073302","tract",2019,"food_state_rnk",89.1152
"53053073404","tract",2019,"food_state_rnk",49.368
"53053073405","tract",2019,"food_state_rnk",34.2697
"53053073406","tract",2019,"food_state_rnk",39.677
"53053073407","tract",2019,"food_state_rnk",28.3708
"53053073408","tract",2019,"food_state_rnk",65.6601
"53053073500","tract",2019,"food_state_rnk",88.2022
"53053940001","tract",2019,"food_state_rnk",79.2837
"53053940002","tract",2019,"food_state_rnk",37.2893
"53053940003","tract",2019,"food_state_rnk",52.7037
"53053940004","tract",2019,"food_state_rnk",46.3132
"53053940005","tract",2019,"food_state_rnk",61.5169
"53053940006","tract",2019,"food_state_rnk",0.0702
"53053940007","tract",2019,"food_state_rnk",7.5843
"53053940008","tract",2019,"food_state_rnk",75.316
"53053940009","tract",2019,"food_state_rnk",86.9382
"53053940010","tract",2019,"food_state_rnk",42.8371
"53053940011","tract",2019,"food_state_rnk",88.9747
"53055960100","tract",2019,"food_state_rnk",82.9354
"53055960300","tract",2019,"food_state_rnk",89.2556
"53055960400","tract",2019,"food_state_rnk",50.7725
"53055960500","tract",2019,"food_state_rnk",87.4298
"53055990100","tract",2019,"food_state_rnk",NA
"53057940200","tract",2019,"food_state_rnk",79.1433
"53057940300","tract",2019,"food_state_rnk",85.9199
"53057940400","tract",2019,"food_state_rnk",89.3961
"53057940500","tract",2019,"food_state_rnk",19.5927
"53057940600","tract",2019,"food_state_rnk",28.0197
"53057940700","tract",2019,"food_state_rnk",47.0506
"53057940800","tract",2019,"food_state_rnk",33.427
"53057950100","tract",2019,"food_state_rnk",83.4972
"53057950800","tract",2019,"food_state_rnk",27.3174
"53057950900","tract",2019,"food_state_rnk",40.6601
"53057951000","tract",2019,"food_state_rnk",70.0843
"53057951100","tract",2019,"food_state_rnk",13.3778
"53057951200","tract",2019,"food_state_rnk",69.2767
"53057951300","tract",2019,"food_state_rnk",36.2711
"53057951400","tract",2019,"food_state_rnk",43.2935
"53057951500","tract",2019,"food_state_rnk",59.7612
"53057951600","tract",2019,"food_state_rnk",53.8975
"53057951700","tract",2019,"food_state_rnk",24.1924
"53057951800","tract",2019,"food_state_rnk",11.7275
"53057951900","tract",2019,"food_state_rnk",86.0955
"53057952100","tract",2019,"food_state_rnk",67.5562
"53057952200","tract",2019,"food_state_rnk",7.7247
"53057952301","tract",2019,"food_state_rnk",5.0562
"53057952302","tract",2019,"food_state_rnk",30.6531
"53057952401","tract",2019,"food_state_rnk",27.809
"53057952402","tract",2019,"food_state_rnk",41.1517
"53057952500","tract",2019,"food_state_rnk",38.6236
"53057952600","tract",2019,"food_state_rnk",61.1657
"53057952700","tract",2019,"food_state_rnk",80.302
"53057990100","tract",2019,"food_state_rnk",NA
"53059950100","tract",2019,"food_state_rnk",32.0927
"53059950200","tract",2019,"food_state_rnk",48.1742
"53059950300","tract",2019,"food_state_rnk",34.4101
"53059950400","tract",2019,"food_state_rnk",43.2935
"53059950500","tract",2019,"food_state_rnk",34.3399
"53061040100","tract",2019,"food_state_rnk",39.2556
"53061040200","tract",2019,"food_state_rnk",10.0421
"53061040300","tract",2019,"food_state_rnk",18.5744
"53061040400","tract",2019,"food_state_rnk",28.6868
"53061040500","tract",2019,"food_state_rnk",20.2247
"53061040700","tract",2019,"food_state_rnk",9.9719
"53061040800","tract",2019,"food_state_rnk",24.2978
"53061040900","tract",2019,"food_state_rnk",27.0365
"53061041000","tract",2019,"food_state_rnk",31.8118
"53061041100","tract",2019,"food_state_rnk",11.0253
"53061041201","tract",2019,"food_state_rnk",57.0927
"53061041202","tract",2019,"food_state_rnk",42.5562
"53061041301","tract",2019,"food_state_rnk",78.0197
"53061041303","tract",2019,"food_state_rnk",36.1657
"53061041304","tract",2019,"food_state_rnk",74.5787
"53061041400","tract",2019,"food_state_rnk",24.7191
"53061041500","tract",2019,"food_state_rnk",54.2837
"53061041601","tract",2019,"food_state_rnk",50.1404
"53061041605","tract",2019,"food_state_rnk",57.0225
"53061041606","tract",2019,"food_state_rnk",29.7753
"53061041607","tract",2019,"food_state_rnk",85.8146
"53061041608","tract",2019,"food_state_rnk",83.7079
"53061041701","tract",2019,"food_state_rnk",34.1292
"53061041703","tract",2019,"food_state_rnk",65.5899
"53061041704","tract",2019,"food_state_rnk",63.2022
"53061041805","tract",2019,"food_state_rnk",25.3511
"53061041806","tract",2019,"food_state_rnk",9.9017
"53061041808","tract",2019,"food_state_rnk",46.4888
"53061041809","tract",2019,"food_state_rnk",6.6011
"53061041810","tract",2019,"food_state_rnk",36.7275
"53061041811","tract",2019,"food_state_rnk",44.1011
"53061041812","tract",2019,"food_state_rnk",12.7809
"53061041901","tract",2019,"food_state_rnk",26.7907
"53061041903","tract",2019,"food_state_rnk",2.5983
"53061041904","tract",2019,"food_state_rnk",24.5084
"53061041905","tract",2019,"food_state_rnk",83.3567
"53061042001","tract",2019,"food_state_rnk",99.9298
"53061042003","tract",2019,"food_state_rnk",99.5787
"53061042004","tract",2019,"food_state_rnk",48.5955
"53061042005","tract",2019,"food_state_rnk",96.6994
"53061042006","tract",2019,"food_state_rnk",74.9298
"53061050101","tract",2019,"food_state_rnk",67.9073
"53061050102","tract",2019,"food_state_rnk",60.8848
"53061050200","tract",2019,"food_state_rnk",87.2893
"53061050300","tract",2019,"food_state_rnk",70.4705
"53061050401","tract",2019,"food_state_rnk",80.302
"53061050402","tract",2019,"food_state_rnk",64.6067
"53061050500","tract",2019,"food_state_rnk",86.7275
"53061050600","tract",2019,"food_state_rnk",78.6868
"53061050700","tract",2019,"food_state_rnk",73.9817
"53061050800","tract",2019,"food_state_rnk",64.3961
"53061050900","tract",2019,"food_state_rnk",59.691
"53061051000","tract",2019,"food_state_rnk",53.8975
"53061051100","tract",2019,"food_state_rnk",72.4719
"53061051200","tract",2019,"food_state_rnk",40.309
"53061051300","tract",2019,"food_state_rnk",72.8933
"53061051400","tract",2019,"food_state_rnk",25.9129
"53061051500","tract",2019,"food_state_rnk",27.5281
"53061051601","tract",2019,"food_state_rnk",29.9157
"53061051602","tract",2019,"food_state_rnk",44.3469
"53061051701","tract",2019,"food_state_rnk",12.1489
"53061051702","tract",2019,"food_state_rnk",43.1882
"53061051802","tract",2019,"food_state_rnk",75.8778
"53061051803","tract",2019,"food_state_rnk",41.4326
"53061051804","tract",2019,"food_state_rnk",77.7739
"53061051905","tract",2019,"food_state_rnk",35.2528
"53061051912","tract",2019,"food_state_rnk",87.3596
"53061051913","tract",2019,"food_state_rnk",64.0449
"53061051914","tract",2019,"food_state_rnk",92.9775
"53061051915","tract",2019,"food_state_rnk",92.1348
"53061051916","tract",2019,"food_state_rnk",88.8343
"53061051917","tract",2019,"food_state_rnk",96.7697
"53061051918","tract",2019,"food_state_rnk",68.4691
"53061051921","tract",2019,"food_state_rnk",85.9199
"53061051922","tract",2019,"food_state_rnk",64.2556
"53061051923","tract",2019,"food_state_rnk",54.9157
"53061051924","tract",2019,"food_state_rnk",84.3399
"53061051925","tract",2019,"food_state_rnk",85.4284
"53061051926","tract",2019,"food_state_rnk",76.3343
"53061051927","tract",2019,"food_state_rnk",80.0211
"53061051928","tract",2019,"food_state_rnk",23.5955
"53061052003","tract",2019,"food_state_rnk",92.2402
"53061052004","tract",2019,"food_state_rnk",73.736
"53061052005","tract",2019,"food_state_rnk",80.4775
"53061052006","tract",2019,"food_state_rnk",82.2331
"53061052007","tract",2019,"food_state_rnk",75.1756
"53061052104","tract",2019,"food_state_rnk",86.552
"53061052105","tract",2019,"food_state_rnk",93.434
"53061052107","tract",2019,"food_state_rnk",58.2163
"53061052108","tract",2019,"food_state_rnk",92.3455
"53061052112","tract",2019,"food_state_rnk",93.3287
"53061052113","tract",2019,"food_state_rnk",81.5309
"53061052114","tract",2019,"food_state_rnk",96.2079
"53061052115","tract",2019,"food_state_rnk",62.2191
"53061052118","tract",2019,"food_state_rnk",87.0787
"53061052203","tract",2019,"food_state_rnk",91.6081
"53061052204","tract",2019,"food_state_rnk",74.2275
"53061052206","tract",2019,"food_state_rnk",87.9565
"53061052207","tract",2019,"food_state_rnk",67.4508
"53061052208","tract",2019,"food_state_rnk",22.0154
"53061052209","tract",2019,"food_state_rnk",NA
"53061052301","tract",2019,"food_state_rnk",68.9256
"53061052302","tract",2019,"food_state_rnk",79.8104
"53061052401","tract",2019,"food_state_rnk",84.691
"53061052402","tract",2019,"food_state_rnk",45.5758
"53061052502","tract",2019,"food_state_rnk",75.4565
"53061052503","tract",2019,"food_state_rnk",76.4747
"53061052504","tract",2019,"food_state_rnk",56.25
"53061052603","tract",2019,"food_state_rnk",54.8455
"53061052604","tract",2019,"food_state_rnk",48.8413
"53061052605","tract",2019,"food_state_rnk",66.9242
"53061052606","tract",2019,"food_state_rnk",62.5351
"53061052607","tract",2019,"food_state_rnk",85.0772
"53061052701","tract",2019,"food_state_rnk",47.8933
"53061052705","tract",2019,"food_state_rnk",83.1461
"53061052706","tract",2019,"food_state_rnk",70.8567
"53061052707","tract",2019,"food_state_rnk",87.7809
"53061052708","tract",2019,"food_state_rnk",63.5183
"53061052709","tract",2019,"food_state_rnk",51.4747
"53061052803","tract",2019,"food_state_rnk",77.0365
"53061052804","tract",2019,"food_state_rnk",34.4803
"53061052805","tract",2019,"food_state_rnk",69.8034
"53061052806","tract",2019,"food_state_rnk",68.7851
"53061052903","tract",2019,"food_state_rnk",6.0744
"53061052904","tract",2019,"food_state_rnk",48.0337
"53061052905","tract",2019,"food_state_rnk",26.264
"53061052906","tract",2019,"food_state_rnk",15.1685
"53061053101","tract",2019,"food_state_rnk",49.5787
"53061053102","tract",2019,"food_state_rnk",76.4747
"53061053201","tract",2019,"food_state_rnk",93.5393
"53061053202","tract",2019,"food_state_rnk",97.2612
"53061053301","tract",2019,"food_state_rnk",54.5646
"53061053302","tract",2019,"food_state_rnk",93.75
"53061053400","tract",2019,"food_state_rnk",58.5674
"53061053504","tract",2019,"food_state_rnk",52.9494
"53061053505","tract",2019,"food_state_rnk",53.7219
"53061053506","tract",2019,"food_state_rnk",63.5183
"53061053507","tract",2019,"food_state_rnk",90.2388
"53061053508","tract",2019,"food_state_rnk",57.5843
"53061053509","tract",2019,"food_state_rnk",18.3989
"53061053602","tract",2019,"food_state_rnk",43.6798
"53061053603","tract",2019,"food_state_rnk",57.9354
"53061053604","tract",2019,"food_state_rnk",46.4185
"53061053700","tract",2019,"food_state_rnk",44.2065
"53061053801","tract",2019,"food_state_rnk",48.2444
"53061053802","tract",2019,"food_state_rnk",59.8315
"53061053803","tract",2019,"food_state_rnk",53.7921
"53061940001","tract",2019,"food_state_rnk",55.6531
"53061940002","tract",2019,"food_state_rnk",55.7584
"53061990002","tract",2019,"food_state_rnk",NA
"53061990100","tract",2019,"food_state_rnk",NA
"53063000200","tract",2019,"food_state_rnk",0.8427
"53063000300","tract",2019,"food_state_rnk",4.9508
"53063000400","tract",2019,"food_state_rnk",3.2303
"53063000500","tract",2019,"food_state_rnk",17.8371
"53063000600","tract",2019,"food_state_rnk",12.6404
"53063000700","tract",2019,"food_state_rnk",14.7472
"53063000800","tract",2019,"food_state_rnk",76.264
"53063000900","tract",2019,"food_state_rnk",24.0871
"53063001000","tract",2019,"food_state_rnk",63.5183
"53063001100","tract",2019,"food_state_rnk",40.5899
"53063001200","tract",2019,"food_state_rnk",18.2584
"53063001300","tract",2019,"food_state_rnk",11.6573
"53063001400","tract",2019,"food_state_rnk",7.7949
"53063001500","tract",2019,"food_state_rnk",12.2191
"53063001600","tract",2019,"food_state_rnk",0.7725
"53063001800","tract",2019,"food_state_rnk",7.9354
"53063001900","tract",2019,"food_state_rnk",12.7107
"53063002000","tract",2019,"food_state_rnk",1.6854
"53063002100","tract",2019,"food_state_rnk",7.8652
"53063002300","tract",2019,"food_state_rnk",13.2725
"53063002400","tract",2019,"food_state_rnk",NA
"53063002500","tract",2019,"food_state_rnk",NA
"53063002600","tract",2019,"food_state_rnk",0.3511
"53063002900","tract",2019,"food_state_rnk",32.3736
"53063003000","tract",2019,"food_state_rnk",1.5449
"53063003100","tract",2019,"food_state_rnk",13.9747
"53063003200","tract",2019,"food_state_rnk",30.2317
"53063003500","tract",2019,"food_state_rnk",0.2809
"53063003600","tract",2019,"food_state_rnk",18.3287
"53063003800","tract",2019,"food_state_rnk",22.0154
"53063003900","tract",2019,"food_state_rnk",42.3104
"53063004000","tract",2019,"food_state_rnk",10.6039
"53063004100","tract",2019,"food_state_rnk",40.5197
"53063004200","tract",2019,"food_state_rnk",86.0253
"53063004300","tract",2019,"food_state_rnk",59.375
"53063004400","tract",2019,"food_state_rnk",66.2219
"53063004500","tract",2019,"food_state_rnk",71.4185
"53063004601","tract",2019,"food_state_rnk",21.2781
"53063004602","tract",2019,"food_state_rnk",18.4691
"53063004700","tract",2019,"food_state_rnk",36.9382
"53063004800","tract",2019,"food_state_rnk",54.1433
"53063004900","tract",2019,"food_state_rnk",68.118
"53063005000","tract",2019,"food_state_rnk",23.1039
"53063010100","tract",2019,"food_state_rnk",69.1713
"53063010201","tract",2019,"food_state_rnk",72.4017
"53063010202","tract",2019,"food_state_rnk",89.0449
"53063010301","tract",2019,"food_state_rnk",31.5309
"53063010303","tract",2019,"food_state_rnk",57.2331
"53063010304","tract",2019,"food_state_rnk",39.4663
"53063010305","tract",2019,"food_state_rnk",66.0815
"53063010401","tract",2019,"food_state_rnk",NA
"53063010402","tract",2019,"food_state_rnk",59.9017
"53063010501","tract",2019,"food_state_rnk",73.6657
"53063010503","tract",2019,"food_state_rnk",79.7051
"53063010504","tract",2019,"food_state_rnk",52.2823
"53063010601","tract",2019,"food_state_rnk",95.7163
"53063010602","tract",2019,"food_state_rnk",63.3076
"53063010700","tract",2019,"food_state_rnk",96.8399
"53063010800","tract",2019,"food_state_rnk",9.1994
"53063010900","tract",2019,"food_state_rnk",64.5014
"53063011000","tract",2019,"food_state_rnk",56.5309
"53063011101","tract",2019,"food_state_rnk",14.677
"53063011102","tract",2019,"food_state_rnk",4.5646
"53063011201","tract",2019,"food_state_rnk",10.9551
"53063011202","tract",2019,"food_state_rnk",22.8933
"53063011300","tract",2019,"food_state_rnk",70.3652
"53063011400","tract",2019,"food_state_rnk",21.4185
"53063011500","tract",2019,"food_state_rnk",33.1461
"53063011600","tract",2019,"food_state_rnk",29.5295
"53063011701","tract",2019,"food_state_rnk",20.6461
"53063011702","tract",2019,"food_state_rnk",2.4579
"53063011800","tract",2019,"food_state_rnk",14.3258
"53063011900","tract",2019,"food_state_rnk",15.8708
"53063012000","tract",2019,"food_state_rnk",25.5618
"53063012100","tract",2019,"food_state_rnk",31.1798
"53063012200","tract",2019,"food_state_rnk",8.9888
"53063012300","tract",2019,"food_state_rnk",47.5421
"53063012401","tract",2019,"food_state_rnk",72.5421
"53063012402","tract",2019,"food_state_rnk",84.5506
"53063012500","tract",2019,"food_state_rnk",13.0618
"53063012600","tract",2019,"food_state_rnk",18.9256
"53063012701","tract",2019,"food_state_rnk",39.3961
"53063012702","tract",2019,"food_state_rnk",24.368
"53063012801","tract",2019,"food_state_rnk",18.75
"53063012802","tract",2019,"food_state_rnk",48.3146
"53063012901","tract",2019,"food_state_rnk",25.9831
"53063012902","tract",2019,"food_state_rnk",71.9803
"53063013000","tract",2019,"food_state_rnk",44.6629
"53063013100","tract",2019,"food_state_rnk",76.6152
"53063013201","tract",2019,"food_state_rnk",39.8876
"53063013202","tract",2019,"food_state_rnk",82.0225
"53063013300","tract",2019,"food_state_rnk",62.9916
"53063013401","tract",2019,"food_state_rnk",82.1629
"53063013500","tract",2019,"food_state_rnk",76.8961
"53063013600","tract",2019,"food_state_rnk",35.0421
"53063013700","tract",2019,"food_state_rnk",45.2949
"53063013800","tract",2019,"food_state_rnk",89.5014
"53063013900","tract",2019,"food_state_rnk",29.6348
"53063014001","tract",2019,"food_state_rnk",39.6067
"53063014002","tract",2019,"food_state_rnk",48.8413
"53063014100","tract",2019,"food_state_rnk",96.3483
"53063014200","tract",2019,"food_state_rnk",61.4466
"53063014300","tract",2019,"food_state_rnk",45.4354
"53063014400","tract",2019,"food_state_rnk",7.6545
"53063014500","tract",2019,"food_state_rnk",0
"53065941000","tract",2019,"food_state_rnk",2.1067
"53065950100","tract",2019,"food_state_rnk",20.927
"53065950200","tract",2019,"food_state_rnk",42.0295
"53065950300","tract",2019,"food_state_rnk",21.2079
"53065950500","tract",2019,"food_state_rnk",23.8062
"53065950600","tract",2019,"food_state_rnk",52.5281
"53065950700","tract",2019,"food_state_rnk",17.7669
"53065950800","tract",2019,"food_state_rnk",28.5815
"53065950900","tract",2019,"food_state_rnk",55.9691
"53065951100","tract",2019,"food_state_rnk",28.4761
"53065951300","tract",2019,"food_state_rnk",30.4424
"53065951400","tract",2019,"food_state_rnk",86.6573
"53067010100","tract",2019,"food_state_rnk",38.1671
"53067010200","tract",2019,"food_state_rnk",78.2303
"53067010300","tract",2019,"food_state_rnk",23.1742
"53067010400","tract",2019,"food_state_rnk",76.4747
"53067010510","tract",2019,"food_state_rnk",9.059
"53067010520","tract",2019,"food_state_rnk",9.3048
"53067010600","tract",2019,"food_state_rnk",10.1124
"53067010700","tract",2019,"food_state_rnk",97.6124
"53067010800","tract",2019,"food_state_rnk",50.5267
"53067010910","tract",2019,"food_state_rnk",77.6685
"53067010920","tract",2019,"food_state_rnk",30.3371
"53067011000","tract",2019,"food_state_rnk",31.7065
"53067011100","tract",2019,"food_state_rnk",45.3652
"53067011200","tract",2019,"food_state_rnk",35.5337
"53067011300","tract",2019,"food_state_rnk",41.9242
"53067011410","tract",2019,"food_state_rnk",37.4649
"53067011420","tract",2019,"food_state_rnk",45.1545
"53067011500","tract",2019,"food_state_rnk",51.5801
"53067011610","tract",2019,"food_state_rnk",55.3371
"53067011621","tract",2019,"food_state_rnk",49.8947
"53067011622","tract",2019,"food_state_rnk",34.5506
"53067011623","tract",2019,"food_state_rnk",65.0281
"53067011624","tract",2019,"food_state_rnk",51.4045
"53067011710","tract",2019,"food_state_rnk",74.684
"53067011720","tract",2019,"food_state_rnk",56.882
"53067011810","tract",2019,"food_state_rnk",57.8652
"53067011821","tract",2019,"food_state_rnk",42.7669
"53067011822","tract",2019,"food_state_rnk",50.948
"53067011900","tract",2019,"food_state_rnk",58.8483
"53067012000","tract",2019,"food_state_rnk",72.3315
"53067012100","tract",2019,"food_state_rnk",68.7851
"53067012211","tract",2019,"food_state_rnk",48.9466
"53067012212","tract",2019,"food_state_rnk",42.6264
"53067012221","tract",2019,"food_state_rnk",70.1545
"53067012222","tract",2019,"food_state_rnk",98.5253
"53067012310","tract",2019,"food_state_rnk",67.2753
"53067012320","tract",2019,"food_state_rnk",25.4213
"53067012330","tract",2019,"food_state_rnk",23.8764
"53067012411","tract",2019,"food_state_rnk",41.6081
"53067012412","tract",2019,"food_state_rnk",17.5562
"53067012420","tract",2019,"food_state_rnk",74.7893
"53067012510","tract",2019,"food_state_rnk",38.5534
"53067012520","tract",2019,"food_state_rnk",60.3933
"53067012530","tract",2019,"food_state_rnk",44.9438
"53067012610","tract",2019,"food_state_rnk",64.9579
"53067012620","tract",2019,"food_state_rnk",29.4242
"53067012710","tract",2019,"food_state_rnk",19.3118
"53067012720","tract",2019,"food_state_rnk",39.9579
"53067012730","tract",2019,"food_state_rnk",59.1292
"53067990100","tract",2019,"food_state_rnk",NA
"53069950100","tract",2019,"food_state_rnk",45.6461
"53071920000","tract",2019,"food_state_rnk",33.2163
"53071920100","tract",2019,"food_state_rnk",63.0969
"53071920200","tract",2019,"food_state_rnk",21.3483
"53071920300","tract",2019,"food_state_rnk",51.8258
"53071920400","tract",2019,"food_state_rnk",NA
"53071920500","tract",2019,"food_state_rnk",3.0899
"53071920600","tract",2019,"food_state_rnk",70.927
"53071920701","tract",2019,"food_state_rnk",21.9101
"53071920702","tract",2019,"food_state_rnk",43.6096
"53071920801","tract",2019,"food_state_rnk",31.6011
"53071920802","tract",2019,"food_state_rnk",41.6081
"53071920900","tract",2019,"food_state_rnk",84.9368
"53073000100","tract",2019,"food_state_rnk",42.4157
"53073000200","tract",2019,"food_state_rnk",13.764
"53073000300","tract",2019,"food_state_rnk",18.0478
"53073000400","tract",2019,"food_state_rnk",80.7584
"53073000501","tract",2019,"food_state_rnk",22.5421
"53073000502","tract",2019,"food_state_rnk",43.5393
"53073000600","tract",2019,"food_state_rnk",2.3174
"53073000700","tract",2019,"food_state_rnk",46.9101
"53073000803","tract",2019,"food_state_rnk",49.1573
"53073000804","tract",2019,"food_state_rnk",56.25
"53073000805","tract",2019,"food_state_rnk",86.7978
"53073000806","tract",2019,"food_state_rnk",74.684
"53073000901","tract",2019,"food_state_rnk",38.9747
"53073000902","tract",2019,"food_state_rnk",83.0056
"53073001000","tract",2019,"food_state_rnk",NA
"53073001100","tract",2019,"food_state_rnk",97.4017
"53073001201","tract",2019,"food_state_rnk",38.4129
"53073001202","tract",2019,"food_state_rnk",89.6067
"53073010100","tract",2019,"food_state_rnk",8.2865
"53073010200","tract",2019,"food_state_rnk",31.9874
"53073010301","tract",2019,"food_state_rnk",81.9522
"53073010302","tract",2019,"food_state_rnk",75.0351
"53073010303","tract",2019,"food_state_rnk",64.8525
"53073010401","tract",2019,"food_state_rnk",62.0084
"53073010403","tract",2019,"food_state_rnk",60.9551
"53073010404","tract",2019,"food_state_rnk",44.5576
"53073010501","tract",2019,"food_state_rnk",50.2107
"53073010502","tract",2019,"food_state_rnk",50.5267
"53073010600","tract",2019,"food_state_rnk",70.2598
"53073010701","tract",2019,"food_state_rnk",76.0534
"53073010702","tract",2019,"food_state_rnk",34.7261
"53073010900","tract",2019,"food_state_rnk",24.7191
"53073011000","tract",2019,"food_state_rnk",91.5028
"53073940000","tract",2019,"food_state_rnk",15.0983
"53075000100","tract",2019,"food_state_rnk",NA
"53075000200","tract",2019,"food_state_rnk",50
"53075000300","tract",2019,"food_state_rnk",66.7837
"53075000400","tract",2019,"food_state_rnk",68.9256
"53075000500","tract",2019,"food_state_rnk",NA
"53075000600","tract",2019,"food_state_rnk",49.2275
"53075000700","tract",2019,"food_state_rnk",57.7598
"53075000800","tract",2019,"food_state_rnk",32.6545
"53075000900","tract",2019,"food_state_rnk",18.8202
"53075001000","tract",2019,"food_state_rnk",48.736
"53077000100","tract",2019,"food_state_rnk",NA
"53077000200","tract",2019,"food_state_rnk",1.1236
"53077000300","tract",2019,"food_state_rnk",3.6517
"53077000400","tract",2019,"food_state_rnk",87.5702
"53077000500","tract",2019,"food_state_rnk",37.816
"53077000600","tract",2019,"food_state_rnk",0.7022
"53077000700","tract",2019,"food_state_rnk",7.2331
"53077000800","tract",2019,"food_state_rnk",78.3708
"53077000901","tract",2019,"food_state_rnk",47.7528
"53077000902","tract",2019,"food_state_rnk",25.2107
"53077001000","tract",2019,"food_state_rnk",28.6868
"53077001100","tract",2019,"food_state_rnk",20.7514
"53077001201","tract",2019,"food_state_rnk",4.4242
"53077001202","tract",2019,"food_state_rnk",2.2472
"53077001300","tract",2019,"food_state_rnk",15.5197
"53077001400","tract",2019,"food_state_rnk",20.2949
"53077001501","tract",2019,"food_state_rnk",0.2107
"53077001502","tract",2019,"food_state_rnk",0.9129
"53077001601","tract",2019,"food_state_rnk",30.2317
"53077001602","tract",2019,"food_state_rnk",71.0674
"53077001701","tract",2019,"food_state_rnk",32.7598
"53077001702","tract",2019,"food_state_rnk",58.743
"53077001800","tract",2019,"food_state_rnk",41.7837
"53077001901","tract",2019,"food_state_rnk",3.7921
"53077001902","tract",2019,"food_state_rnk",15.6601
"53077002001","tract",2019,"food_state_rnk",1.1938
"53077002002","tract",2019,"food_state_rnk",6.3202
"53077002101","tract",2019,"food_state_rnk",17.6264
"53077002102","tract",2019,"food_state_rnk",2.0365
"53077002200","tract",2019,"food_state_rnk",21.559
"53077002701","tract",2019,"food_state_rnk",9.3048
"53077002801","tract",2019,"food_state_rnk",72.2261
"53077002802","tract",2019,"food_state_rnk",73.0337
"53077002900","tract",2019,"food_state_rnk",40.4494
"53077003001","tract",2019,"food_state_rnk",75.5618
"53077003002","tract",2019,"food_state_rnk",47.6124
"53077003100","tract",2019,"food_state_rnk",53.0197
"53077003200","tract",2019,"food_state_rnk",28.2303
"53077003400","tract",2019,"food_state_rnk",47.191
"53077940001","tract",2019,"food_state_rnk",7.1629
"53077940002","tract",2019,"food_state_rnk",8.4972
"53077940003","tract",2019,"food_state_rnk",12.3596
"53077940004","tract",2019,"food_state_rnk",2.6685
"53077940005","tract",2019,"food_state_rnk",6.25
"53077940006","tract",2019,"food_state_rnk",3.7219
