"geoid","geolevel","year","level","value"
"19001960100","tract",2019,"food_score",101.14
"19001960200","tract",2019,"food_score",92.02
"19001960300","tract",2019,"food_score",102.48
"19003950100","tract",2019,"food_score",105.44
"19003950200","tract",2019,"food_score",101.11
"19005960100","tract",2019,"food_score",111.79
"19005960200","tract",2019,"food_score",110.66
"19005960300","tract",2019,"food_score",102.7
"19005960400","tract",2019,"food_score",118.35
"19005960500","tract",2019,"food_score",98.86
"19007950100","tract",2019,"food_score",108.2
"19007950200","tract",2019,"food_score",106.91
"19007950300","tract",2019,"food_score",80.36
"19007950400","tract",2019,"food_score",94.54
"19007950500","tract",2019,"food_score",112.4
"19009070100","tract",2019,"food_score",113.12
"19009070200","tract",2019,"food_score",91.54
"19009070300","tract",2019,"food_score",102.27
"19011960100","tract",2019,"food_score",121.59
"19011960200","tract",2019,"food_score",108.77
"19011960300","tract",2019,"food_score",103.64
"19011960400","tract",2019,"food_score",104.5
"19011960500","tract",2019,"food_score",114.93
"19011960600","tract",2019,"food_score",103.71
"19011960700","tract",2019,"food_score",97.69
"19013000100","tract",2019,"food_score",51.89
"19013000200","tract",2019,"food_score",79.06
"19013000300","tract",2019,"food_score",53.88
"19013000400","tract",2019,"food_score",101.12
"19013000500","tract",2019,"food_score",62.26
"19013000700","tract",2019,"food_score",82.94
"19013000800","tract",2019,"food_score",67.07
"19013000900","tract",2019,"food_score",80.57
"19013001000","tract",2019,"food_score",101.75
"19013001100","tract",2019,"food_score",98.8
"19013001200","tract",2019,"food_score",122.56
"19013001301","tract",2019,"food_score",100
"19013001302","tract",2019,"food_score",103.27
"19013001400","tract",2019,"food_score",106.99
"19013001501","tract",2019,"food_score",94.03
"19013001502","tract",2019,"food_score",89.07
"19013001503","tract",2019,"food_score",115.69
"19013001600","tract",2019,"food_score",76.86
"19013001701","tract",2019,"food_score",44.47
"19013001702","tract",2019,"food_score",83.75
"19013001800","tract",2019,"food_score",61.51
"19013001900","tract",2019,"food_score",65.35
"19013002000","tract",2019,"food_score",105.41
"19013002200","tract",2019,"food_score",101.96
"19013002301","tract",2019,"food_score",95.06
"19013002303","tract",2019,"food_score",NA
"19013002304","tract",2019,"food_score",113.26
"19013002400","tract",2019,"food_score",108.26
"19013002500","tract",2019,"food_score",110.28
"19013002601","tract",2019,"food_score",116.11
"19013002603","tract",2019,"food_score",116.39
"19013002604","tract",2019,"food_score",106.71
"19013002700","tract",2019,"food_score",112.02
"19013002800","tract",2019,"food_score",103.24
"19013002901","tract",2019,"food_score",116.41
"19013002902","tract",2019,"food_score",114.16
"19013003001","tract",2019,"food_score",101.36
"19013003002","tract",2019,"food_score",115.95
"19015020100","tract",2019,"food_score",112.77
"19015020200","tract",2019,"food_score",93.16
"19015020300","tract",2019,"food_score",103.72
"19015020400","tract",2019,"food_score",106.16
"19015020500","tract",2019,"food_score",107.95
"19015020600","tract",2019,"food_score",112.68
"19015020700","tract",2019,"food_score",108.25
"19017004000","tract",2019,"food_score",NA
"19017004100","tract",2019,"food_score",108.17
"19017004200","tract",2019,"food_score",110.93
"19017004300","tract",2019,"food_score",112.63
"19017004400","tract",2019,"food_score",121.88
"19017004500","tract",2019,"food_score",117.21
"19017004600","tract",2019,"food_score",116.19
"19017004700","tract",2019,"food_score",114.05
"19019950100","tract",2019,"food_score",101.05
"19019950200","tract",2019,"food_score",110.87
"19019950300","tract",2019,"food_score",108.91
"19019950400","tract",2019,"food_score",104.81
"19019950500","tract",2019,"food_score",99.34
"19019950600","tract",2019,"food_score",112.19
"19021960100","tract",2019,"food_score",104.92
"19021960200","tract",2019,"food_score",98.93
"19021960300","tract",2019,"food_score",106.6
"19021960400","tract",2019,"food_score",100.53
"19021960500","tract",2019,"food_score",81.74
"19021960600","tract",2019,"food_score",108.1
"19023070100","tract",2019,"food_score",105.65
"19023070200","tract",2019,"food_score",101.88
"19023070300","tract",2019,"food_score",109.72
"19023070400","tract",2019,"food_score",111.58
"19023070500","tract",2019,"food_score",108.56
"19025950100","tract",2019,"food_score",110.47
"19025950200","tract",2019,"food_score",107.74
"19025950300","tract",2019,"food_score",100.19
"19025950400","tract",2019,"food_score",97.78
"19027960100","tract",2019,"food_score",119.2
"19027960200","tract",2019,"food_score",122.58
"19027960300","tract",2019,"food_score",108.18
"19027960400","tract",2019,"food_score",98.25
"19027960500","tract",2019,"food_score",110.71
"19027960600","tract",2019,"food_score",113.74
"19029190100","tract",2019,"food_score",103.66
"19029190200","tract",2019,"food_score",112.98
"19029190300","tract",2019,"food_score",109.23
"19029190400","tract",2019,"food_score",89.89
"19029190500","tract",2019,"food_score",77.13
"19031450100","tract",2019,"food_score",108.62
"19031450200","tract",2019,"food_score",111.89
"19031450300","tract",2019,"food_score",109.91
"19031450400","tract",2019,"food_score",111.93
"19031450500","tract",2019,"food_score",121.01
"19033950102","tract",2019,"food_score",90.96
"19033950200","tract",2019,"food_score",98.81
"19033950300","tract",2019,"food_score",93.15
"19033950402","tract",2019,"food_score",77.59
"19033950600","tract",2019,"food_score",105.49
"19033950700","tract",2019,"food_score",108.75
"19033950800","tract",2019,"food_score",112.5
"19033950900","tract",2019,"food_score",103.76
"19033951000","tract",2019,"food_score",115.44
"19033951400","tract",2019,"food_score",114.64
"19033951600","tract",2019,"food_score",105.7
"19035080100","tract",2019,"food_score",95.85
"19035080200","tract",2019,"food_score",108.49
"19035080300","tract",2019,"food_score",101.12
"19035080400","tract",2019,"food_score",110.4
"19037070100","tract",2019,"food_score",116.48
"19037070200","tract",2019,"food_score",108.34
"19037070300","tract",2019,"food_score",112.21
"19037070400","tract",2019,"food_score",118.79
"19039960100","tract",2019,"food_score",94.91
"19039960200","tract",2019,"food_score",114.74
"19039960300","tract",2019,"food_score",106.95
"19041080100","tract",2019,"food_score",113.24
"19041080200","tract",2019,"food_score",91.22
"19041080300","tract",2019,"food_score",106.2
"19041080400","tract",2019,"food_score",107.01
"19043070100","tract",2019,"food_score",96.91
"19043070200","tract",2019,"food_score",104.46
"19043070300","tract",2019,"food_score",101.49
"19043070400","tract",2019,"food_score",116.82
"19043070500","tract",2019,"food_score",111.04
"19043070600","tract",2019,"food_score",106.14
"19045000100","tract",2019,"food_score",48.69
"19045000200","tract",2019,"food_score",71.75
"19045000300","tract",2019,"food_score",86.8
"19045000400","tract",2019,"food_score",101.19
"19045000500","tract",2019,"food_score",95.24
"19045000600","tract",2019,"food_score",84.68
"19045000700","tract",2019,"food_score",99.27
"19045000800","tract",2019,"food_score",104.45
"19045000900","tract",2019,"food_score",114.7
"19045001000","tract",2019,"food_score",105.81
"19045001100","tract",2019,"food_score",108.43
"19045001200","tract",2019,"food_score",109.08
"19047070100","tract",2019,"food_score",114.44
"19047070200","tract",2019,"food_score",104.9
"19047070300","tract",2019,"food_score",92.22
"19047070400","tract",2019,"food_score",108.96
"19047070500","tract",2019,"food_score",110.87
"19049050100","tract",2019,"food_score",116.53
"19049050200","tract",2019,"food_score",108.94
"19049050300","tract",2019,"food_score",88.2
"19049050400","tract",2019,"food_score",91.01
"19049050500","tract",2019,"food_score",120.09
"19049050600","tract",2019,"food_score",107.97
"19049050700","tract",2019,"food_score",118.76
"19049050803","tract",2019,"food_score",128.66
"19049050805","tract",2019,"food_score",118.4
"19049050807","tract",2019,"food_score",114.62
"19049050809","tract",2019,"food_score",117.85
"19049050811","tract",2019,"food_score",127.45
"19049050812","tract",2019,"food_score",111.67
"19049050901","tract",2019,"food_score",124.03
"19049050902","tract",2019,"food_score",112.57
"19051080100","tract",2019,"food_score",102.37
"19051080200","tract",2019,"food_score",110.66
"19053960100","tract",2019,"food_score",103.95
"19053960200","tract",2019,"food_score",98.27
"19053960300","tract",2019,"food_score",94.92
"19055950100","tract",2019,"food_score",110.82
"19055950200","tract",2019,"food_score",116.75
"19055950300","tract",2019,"food_score",108.58
"19055950400","tract",2019,"food_score",118.75
"19057000200","tract",2019,"food_score",71.22
"19057000300","tract",2019,"food_score",73.23
"19057000400","tract",2019,"food_score",55.54
"19057000500","tract",2019,"food_score",82.25
"19057000600","tract",2019,"food_score",104.57
"19057000700","tract",2019,"food_score",105.68
"19057000800","tract",2019,"food_score",98.64
"19057000900","tract",2019,"food_score",103.34
"19057001000","tract",2019,"food_score",113.18
"19057001100","tract",2019,"food_score",109.93
"19057001200","tract",2019,"food_score",106.59
"19059450200","tract",2019,"food_score",109.75
"19059450500","tract",2019,"food_score",116.38
"19059450800","tract",2019,"food_score",108.28
"19059451000","tract",2019,"food_score",120.2
"19059451100","tract",2019,"food_score",111.8
"19061000100","tract",2019,"food_score",58.21
"19061000300","tract",2019,"food_score",82.84
"19061000400","tract",2019,"food_score",103.93
"19061000500","tract",2019,"food_score",53.08
"19061000600","tract",2019,"food_score",77.91
"19061000701","tract",2019,"food_score",85.01
"19061000702","tract",2019,"food_score",105.07
"19061000801","tract",2019,"food_score",113.3
"19061000802","tract",2019,"food_score",125.27
"19061000900","tract",2019,"food_score",114.02
"19061001101","tract",2019,"food_score",111.5
"19061001102","tract",2019,"food_score",118.3
"19061001201","tract",2019,"food_score",109.75
"19061001202","tract",2019,"food_score",88.86
"19061001204","tract",2019,"food_score",103.3
"19061001205","tract",2019,"food_score",114.88
"19061010101","tract",2019,"food_score",89.71
"19061010103","tract",2019,"food_score",104.85
"19061010104","tract",2019,"food_score",114.47
"19061010105","tract",2019,"food_score",123.07
"19061010201","tract",2019,"food_score",115.58
"19061010202","tract",2019,"food_score",117.78
"19061010300","tract",2019,"food_score",118.21
"19061010400","tract",2019,"food_score",118.18
"19061010500","tract",2019,"food_score",108.34
"19061010600","tract",2019,"food_score",121.9
"19063070100","tract",2019,"food_score",93.88
"19063070200","tract",2019,"food_score",119.12
"19063070300","tract",2019,"food_score",97.52
"19063070400","tract",2019,"food_score",102.99
"19065080100","tract",2019,"food_score",96.67
"19065080200","tract",2019,"food_score",98.05
"19065080300","tract",2019,"food_score",106.02
"19065080400","tract",2019,"food_score",91.47
"19065080500","tract",2019,"food_score",92.15
"19065080600","tract",2019,"food_score",110.97
"19065080700","tract",2019,"food_score",114.79
"19067480100","tract",2019,"food_score",119.24
"19067480200","tract",2019,"food_score",111.31
"19067480300","tract",2019,"food_score",112.16
"19067480400","tract",2019,"food_score",73.28
"19067480500","tract",2019,"food_score",91.13
"19069360100","tract",2019,"food_score",115.75
"19069360200","tract",2019,"food_score",94.06
"19069360300","tract",2019,"food_score",101.67
"19071970100","tract",2019,"food_score",110.01
"19071970200","tract",2019,"food_score",112.15
"19071970300","tract",2019,"food_score",92.95
"19073080100","tract",2019,"food_score",98.29
"19073080200","tract",2019,"food_score",75.83
"19073080300","tract",2019,"food_score",111.11
"19073080500","tract",2019,"food_score",94.39
"19075960100","tract",2019,"food_score",112.01
"19075960200","tract",2019,"food_score",116.81
"19075960300","tract",2019,"food_score",107.09
"19075960400","tract",2019,"food_score",111.98
"19077950100","tract",2019,"food_score",111.37
"19077950200","tract",2019,"food_score",104.24
"19077950300","tract",2019,"food_score",108.01
"19079960100","tract",2019,"food_score",117.07
"19079960200","tract",2019,"food_score",116.18
"19079960300","tract",2019,"food_score",104.97
"19079960400","tract",2019,"food_score",96.07
"19079960500","tract",2019,"food_score",109
"19081270100","tract",2019,"food_score",111.51
"19081270200","tract",2019,"food_score",106.19
"19081270300","tract",2019,"food_score",98.81
"19081270400","tract",2019,"food_score",103.02
"19083480100","tract",2019,"food_score",110.32
"19083480200","tract",2019,"food_score",106.15
"19083480300","tract",2019,"food_score",101.86
"19083480400","tract",2019,"food_score",115.49
"19083480500","tract",2019,"food_score",111.48
"19083480600","tract",2019,"food_score",96.19
"19085290100","tract",2019,"food_score",104.04
"19085290200","tract",2019,"food_score",109.65
"19085290300","tract",2019,"food_score",106.54
"19085290400","tract",2019,"food_score",89.88
"19085290500","tract",2019,"food_score",118.25
"19087970100","tract",2019,"food_score",103.89
"19087970200","tract",2019,"food_score",102.46
"19087970300","tract",2019,"food_score",102.37
"19087970400","tract",2019,"food_score",103.13
"19087970500","tract",2019,"food_score",105.17
"19089960100","tract",2019,"food_score",108.23
"19089960200","tract",2019,"food_score",123.31
"19089960300","tract",2019,"food_score",107.55
"19091970100","tract",2019,"food_score",92.88
"19091970200","tract",2019,"food_score",106.4
"19091970300","tract",2019,"food_score",96.36
"19091970400","tract",2019,"food_score",106.4
"19093090100","tract",2019,"food_score",108.42
"19093090200","tract",2019,"food_score",106.65
"19093090300","tract",2019,"food_score",106.12
"19095960100","tract",2019,"food_score",119.67
"19095960200","tract",2019,"food_score",109.13
"19095960300","tract",2019,"food_score",115.37
"19095960400","tract",2019,"food_score",109.8
"19097950100","tract",2019,"food_score",116.58
"19097950200","tract",2019,"food_score",110.55
"19097950300","tract",2019,"food_score",111.96
"19097950400","tract",2019,"food_score",118.12
"19097950500","tract",2019,"food_score",85.88
"19097950600","tract",2019,"food_score",76.87
"19099040100","tract",2019,"food_score",99.94
"19099040200","tract",2019,"food_score",116.09
"19099040300","tract",2019,"food_score",69.81
"19099040400","tract",2019,"food_score",78.56
"19099040500","tract",2019,"food_score",81.82
"19099040600","tract",2019,"food_score",110.07
"19099040700","tract",2019,"food_score",103.39
"19099040800","tract",2019,"food_score",114.5
"19099040900","tract",2019,"food_score",113.86
"19101090100","tract",2019,"food_score",116.02
"19101090200","tract",2019,"food_score",105.76
"19101090300","tract",2019,"food_score",88.71
"19101090400","tract",2019,"food_score",103.69
"19103000100","tract",2019,"food_score",115.64
"19103000200","tract",2019,"food_score",87.41
"19103000301","tract",2019,"food_score",116.01
"19103000302","tract",2019,"food_score",101.17
"19103000400","tract",2019,"food_score",99.54
"19103000500","tract",2019,"food_score",106.23
"19103000600","tract",2019,"food_score",75.95
"19103001100","tract",2019,"food_score",96.77
"19103001200","tract",2019,"food_score",113.15
"19103001300","tract",2019,"food_score",104.65
"19103001400","tract",2019,"food_score",110.45
"19103001500","tract",2019,"food_score",109.31
"19103001600","tract",2019,"food_score",95.23
"19103001700","tract",2019,"food_score",94.07
"19103001801","tract",2019,"food_score",95.74
"19103001802","tract",2019,"food_score",96.58
"19103002100","tract",2019,"food_score",NA
"19103002300","tract",2019,"food_score",NA
"19103010100","tract",2019,"food_score",121.83
"19103010200","tract",2019,"food_score",121.67
"19103010301","tract",2019,"food_score",117.41
"19103010302","tract",2019,"food_score",123.79
"19103010400","tract",2019,"food_score",110.23
"19103010500","tract",2019,"food_score",102.46
"19105070100","tract",2019,"food_score",120.8
"19105070300","tract",2019,"food_score",102.24
"19105070400","tract",2019,"food_score",110.72
"19105070500","tract",2019,"food_score",97.63
"19105070600","tract",2019,"food_score",102.71
"19107080100","tract",2019,"food_score",108
"19107080200","tract",2019,"food_score",94.75
"19107080300","tract",2019,"food_score",100.68
"19107080400","tract",2019,"food_score",98.39
"19109950100","tract",2019,"food_score",100
"19109950200","tract",2019,"food_score",107.15
"19109950300","tract",2019,"food_score",103.05
"19109950400","tract",2019,"food_score",90.74
"19109950500","tract",2019,"food_score",111.08
"19109950600","tract",2019,"food_score",116.82
"19111490100","tract",2019,"food_score",98.63
"19111490200","tract",2019,"food_score",81.44
"19111490300","tract",2019,"food_score",107.78
"19111490400","tract",2019,"food_score",115.94
"19111490500","tract",2019,"food_score",110.78
"19111490600","tract",2019,"food_score",102.44
"19111490700","tract",2019,"food_score",105.85
"19111490800","tract",2019,"food_score",62.13
"19111490900","tract",2019,"food_score",68.05
"19111491000","tract",2019,"food_score",67.67
"19111491100","tract",2019,"food_score",97.29
"19113000100","tract",2019,"food_score",115.91
"19113000201","tract",2019,"food_score",91.31
"19113000203","tract",2019,"food_score",124.01
"19113000205","tract",2019,"food_score",119.83
"19113000206","tract",2019,"food_score",121.76
"19113000207","tract",2019,"food_score",101.48
"19113000300","tract",2019,"food_score",100.11
"19113000400","tract",2019,"food_score",106.82
"19113000500","tract",2019,"food_score",114.71
"19113000600","tract",2019,"food_score",102.35
"19113000700","tract",2019,"food_score",101.24
"19113000800","tract",2019,"food_score",103.86
"19113000901","tract",2019,"food_score",104.7
"19113000902","tract",2019,"food_score",119.92
"19113001001","tract",2019,"food_score",112.68
"19113001002","tract",2019,"food_score",108.62
"19113001003","tract",2019,"food_score",90.22
"19113001101","tract",2019,"food_score",97.88
"19113001102","tract",2019,"food_score",108.52
"19113001200","tract",2019,"food_score",81.06
"19113001300","tract",2019,"food_score",86.41
"19113001400","tract",2019,"food_score",99.62
"19113001500","tract",2019,"food_score",93.4
"19113001600","tract",2019,"food_score",120.64
"19113001700","tract",2019,"food_score",90.57
"19113001800","tract",2019,"food_score",90.62
"19113001900","tract",2019,"food_score",NA
"19113002200","tract",2019,"food_score",84.95
"19113002300","tract",2019,"food_score",91.1
"19113002400","tract",2019,"food_score",95.72
"19113002500","tract",2019,"food_score",80.52
"19113002600","tract",2019,"food_score",67.73
"19113002700","tract",2019,"food_score",63.89
"19113002800","tract",2019,"food_score",101.74
"19113002900","tract",2019,"food_score",100.96
"19113003001","tract",2019,"food_score",119.55
"19113003002","tract",2019,"food_score",107.76
"19113010100","tract",2019,"food_score",115.75
"19113010200","tract",2019,"food_score",108.17
"19113010300","tract",2019,"food_score",108.96
"19113010400","tract",2019,"food_score",105.99
"19113010500","tract",2019,"food_score",110.76
"19113010600","tract",2019,"food_score",121.46
"19113010700","tract",2019,"food_score",120.75
"19113010800","tract",2019,"food_score",125.69
"19115450100","tract",2019,"food_score",102.17
"19115450200","tract",2019,"food_score",105.9
"19115450300","tract",2019,"food_score",105.78
"19117950100","tract",2019,"food_score",98.14
"19117950200","tract",2019,"food_score",104.92
"19117950300","tract",2019,"food_score",86.86
"19117950400","tract",2019,"food_score",93.27
"19119950100","tract",2019,"food_score",113.82
"19119950200","tract",2019,"food_score",111.86
"19119950300","tract",2019,"food_score",118.83
"19121060100","tract",2019,"food_score",115.5
"19121060200","tract",2019,"food_score",100.21
"19121060300","tract",2019,"food_score",107.8
"19123950100","tract",2019,"food_score",96.32
"19123950200","tract",2019,"food_score",118.36
"19123950300","tract",2019,"food_score",109.01
"19123950400","tract",2019,"food_score",100.59
"19123950500","tract",2019,"food_score",105.17
"19123950600","tract",2019,"food_score",80.37
"19123950700","tract",2019,"food_score",63.73
"19125030100","tract",2019,"food_score",108.46
"19125030200","tract",2019,"food_score",116.51
"19125030300","tract",2019,"food_score",NA
"19125030401","tract",2019,"food_score",106.37
"19125030402","tract",2019,"food_score",104.52
"19125030500","tract",2019,"food_score",82.55
"19125030600","tract",2019,"food_score",101.05
"19125030700","tract",2019,"food_score",104.36
"19127950100","tract",2019,"food_score",114.91
"19127950200","tract",2019,"food_score",111.06
"19127950300","tract",2019,"food_score",110.18
"19127950400","tract",2019,"food_score",108.62
"19127950500","tract",2019,"food_score",83.04
"19127950600","tract",2019,"food_score",86.43
"19127950700","tract",2019,"food_score",97.22
"19127950800","tract",2019,"food_score",111.78
"19127950900","tract",2019,"food_score",94.68
"19127951000","tract",2019,"food_score",96.89
"19129040100","tract",2019,"food_score",100.36
"19129040201","tract",2019,"food_score",112.81
"19129040202","tract",2019,"food_score",109.89
"19129040301","tract",2019,"food_score",100.84
"19129040302","tract",2019,"food_score",105.24
"19131560100","tract",2019,"food_score",113.59
"19131560200","tract",2019,"food_score",119.44
"19131560300","tract",2019,"food_score",110.72
"19133960100","tract",2019,"food_score",98.77
"19133960200","tract",2019,"food_score",106.18
"19133960300","tract",2019,"food_score",91.04
"19133960400","tract",2019,"food_score",108.89
"19135070100","tract",2019,"food_score",119.77
"19135070200","tract",2019,"food_score",94.2
"19135070300","tract",2019,"food_score",111.58
"19137960100","tract",2019,"food_score",102.72
"19137960200","tract",2019,"food_score",86.04
"19137960300","tract",2019,"food_score",85.05
"19137960400","tract",2019,"food_score",99.22
"19139050100","tract",2019,"food_score",116.61
"19139050200","tract",2019,"food_score",119.4
"19139050300","tract",2019,"food_score",111.81
"19139050400","tract",2019,"food_score",102.41
"19139050500","tract",2019,"food_score",100.11
"19139050600","tract",2019,"food_score",127.18
"19139050700","tract",2019,"food_score",104.63
"19139050800","tract",2019,"food_score",97.93
"19139050900","tract",2019,"food_score",101.32
"19139051000","tract",2019,"food_score",76.75
"19141490100","tract",2019,"food_score",106.94
"19141490200","tract",2019,"food_score",109.51
"19141490300","tract",2019,"food_score",108.58
"19141490400","tract",2019,"food_score",101.04
"19143460100","tract",2019,"food_score",96.42
"19143460200","tract",2019,"food_score",105.55
"19145490100","tract",2019,"food_score",110.17
"19145490200","tract",2019,"food_score",84.05
"19145490300","tract",2019,"food_score",103.68
"19145490400","tract",2019,"food_score",99.91
"19145490500","tract",2019,"food_score",101.45
"19145490600","tract",2019,"food_score",105.31
"19147960100","tract",2019,"food_score",114.67
"19147960200","tract",2019,"food_score",103.81
"19147960300","tract",2019,"food_score",97.89
"19147960400","tract",2019,"food_score",98.56
"19149970100","tract",2019,"food_score",111.82
"19149970200","tract",2019,"food_score",106.8
"19149970300","tract",2019,"food_score",111.11
"19149970400","tract",2019,"food_score",113.35
"19149970500","tract",2019,"food_score",107.24
"19149970600","tract",2019,"food_score",116.62
"19151780100","tract",2019,"food_score",88.32
"19151780200","tract",2019,"food_score",101.32
"19151780300","tract",2019,"food_score",110.28
"19153000101","tract",2019,"food_score",71.07
"19153000102","tract",2019,"food_score",88.39
"19153000103","tract",2019,"food_score",84.08
"19153000201","tract",2019,"food_score",101.99
"19153000202","tract",2019,"food_score",93.33
"19153000300","tract",2019,"food_score",93.25
"19153000400","tract",2019,"food_score",85.93
"19153000500","tract",2019,"food_score",73.12
"19153000600","tract",2019,"food_score",79.01
"19153000701","tract",2019,"food_score",70.3
"19153000702","tract",2019,"food_score",97.43
"19153000703","tract",2019,"food_score",112.77
"19153000704","tract",2019,"food_score",108.13
"19153000801","tract",2019,"food_score",86.2
"19153000802","tract",2019,"food_score",114.47
"19153000803","tract",2019,"food_score",77.79
"19153000901","tract",2019,"food_score",106.03
"19153000902","tract",2019,"food_score",106.6
"19153001000","tract",2019,"food_score",89.37
"19153001100","tract",2019,"food_score",52.15
"19153001200","tract",2019,"food_score",69.77
"19153001500","tract",2019,"food_score",71.58
"19153001700","tract",2019,"food_score",54
"19153001800","tract",2019,"food_score",69.27
"19153001900","tract",2019,"food_score",75.62
"19153002100","tract",2019,"food_score",78.51
"19153002600","tract",2019,"food_score",61.77
"19153002700","tract",2019,"food_score",106.7
"19153002800","tract",2019,"food_score",93.03
"19153002900","tract",2019,"food_score",107.82
"19153003001","tract",2019,"food_score",108.98
"19153003002","tract",2019,"food_score",124.23
"19153003100","tract",2019,"food_score",106.64
"19153003200","tract",2019,"food_score",116.75
"19153003901","tract",2019,"food_score",60.5
"19153003902","tract",2019,"food_score",94.86
"19153004001","tract",2019,"food_score",72.71
"19153004004","tract",2019,"food_score",113.05
"19153004100","tract",2019,"food_score",95.61
"19153004200","tract",2019,"food_score",78.36
"19153004300","tract",2019,"food_score",112.11
"19153004400","tract",2019,"food_score",77.02
"19153004501","tract",2019,"food_score",73.66
"19153004502","tract",2019,"food_score",97.59
"19153004602","tract",2019,"food_score",66.85
"19153004603","tract",2019,"food_score",90.26
"19153004701","tract",2019,"food_score",76.48
"19153004702","tract",2019,"food_score",73.03
"19153004800","tract",2019,"food_score",48.87
"19153004900","tract",2019,"food_score",60.92
"19153005000","tract",2019,"food_score",67.34
"19153005100","tract",2019,"food_score",76.4
"19153005200","tract",2019,"food_score",47.69
"19153005300","tract",2019,"food_score",91.45
"19153010101","tract",2019,"food_score",121.71
"19153010102","tract",2019,"food_score",116.92
"19153010203","tract",2019,"food_score",139.16
"19153010205","tract",2019,"food_score",110.49
"19153010207","tract",2019,"food_score",112.66
"19153010208","tract",2019,"food_score",106.4
"19153010209","tract",2019,"food_score",108.91
"19153010211","tract",2019,"food_score",108.83
"19153010212","tract",2019,"food_score",93.33
"19153010404","tract",2019,"food_score",111.52
"19153010405","tract",2019,"food_score",102.84
"19153010406","tract",2019,"food_score",107.65
"19153010407","tract",2019,"food_score",117.59
"19153010408","tract",2019,"food_score",101.87
"19153010409","tract",2019,"food_score",101.18
"19153010500","tract",2019,"food_score",115.43
"19153010600","tract",2019,"food_score",111.12
"19153010702","tract",2019,"food_score",113.43
"19153010703","tract",2019,"food_score",104.08
"19153010705","tract",2019,"food_score",104.37
"19153010706","tract",2019,"food_score",114.62
"19153010802","tract",2019,"food_score",98.1
"19153010803","tract",2019,"food_score",97.07
"19153010804","tract",2019,"food_score",123.02
"19153011001","tract",2019,"food_score",91.99
"19153011021","tract",2019,"food_score",112.96
"19153011025","tract",2019,"food_score",122.89
"19153011026","tract",2019,"food_score",124.63
"19153011027","tract",2019,"food_score",108.88
"19153011028","tract",2019,"food_score",109.4
"19153011111","tract",2019,"food_score",107.86
"19153011112","tract",2019,"food_score",116.07
"19153011113","tract",2019,"food_score",115.32
"19153011114","tract",2019,"food_score",114.56
"19153011201","tract",2019,"food_score",101.12
"19153011203","tract",2019,"food_score",127.79
"19153011205","tract",2019,"food_score",82.47
"19153011206","tract",2019,"food_score",121.38
"19153011300","tract",2019,"food_score",125.37
"19153011404","tract",2019,"food_score",115.77
"19153011500","tract",2019,"food_score",122.61
"19153011600","tract",2019,"food_score",NA
"19153011701","tract",2019,"food_score",126.25
"19153011702","tract",2019,"food_score",100.05
"19155021200","tract",2019,"food_score",100.68
"19155021400","tract",2019,"food_score",113.23
"19155021501","tract",2019,"food_score",112.02
"19155021502","tract",2019,"food_score",116.23
"19155021602","tract",2019,"food_score",121.37
"19155021603","tract",2019,"food_score",111.25
"19155021701","tract",2019,"food_score",104.16
"19155021702","tract",2019,"food_score",116.67
"19155030100","tract",2019,"food_score",110.19
"19155030200","tract",2019,"food_score",95.28
"19155030300","tract",2019,"food_score",100.08
"19155030401","tract",2019,"food_score",82.96
"19155030402","tract",2019,"food_score",98.3
"19155030501","tract",2019,"food_score",93.96
"19155030502","tract",2019,"food_score",94.28
"19155030601","tract",2019,"food_score",89.89
"19155030602","tract",2019,"food_score",69.39
"19155030700","tract",2019,"food_score",69.04
"19155030800","tract",2019,"food_score",101.41
"19155030900","tract",2019,"food_score",47.36
"19155031000","tract",2019,"food_score",87.92
"19155031100","tract",2019,"food_score",107.41
"19155031200","tract",2019,"food_score",102.57
"19155031300","tract",2019,"food_score",76.76
"19155031400","tract",2019,"food_score",81.42
"19155031601","tract",2019,"food_score",117.27
"19155031602","tract",2019,"food_score",121.19
"19155031700","tract",2019,"food_score",110.68
"19155031800","tract",2019,"food_score",104.5
"19155031900","tract",2019,"food_score",115.19
"19157370100","tract",2019,"food_score",112.27
"19157370200","tract",2019,"food_score",114.59
"19157370300","tract",2019,"food_score",116.88
"19157370400","tract",2019,"food_score",88.72
"19157370500","tract",2019,"food_score",112.25
"19159950100","tract",2019,"food_score",118.69
"19159950200","tract",2019,"food_score",91.4
"19161080100","tract",2019,"food_score",106.06
"19161080200","tract",2019,"food_score",112.33
"19161080300","tract",2019,"food_score",111.13
"19161080400","tract",2019,"food_score",88.84
"19163010101","tract",2019,"food_score",119.86
"19163010102","tract",2019,"food_score",121.84
"19163010201","tract",2019,"food_score",98.82
"19163010202","tract",2019,"food_score",117.3
"19163010300","tract",2019,"food_score",124.72
"19163010401","tract",2019,"food_score",118.87
"19163010402","tract",2019,"food_score",109.85
"19163010600","tract",2019,"food_score",59.5
"19163010700","tract",2019,"food_score",63.34
"19163010800","tract",2019,"food_score",91.81
"19163010900","tract",2019,"food_score",88.45
"19163011000","tract",2019,"food_score",60.69
"19163011100","tract",2019,"food_score",99.71
"19163011200","tract",2019,"food_score",94.3
"19163011300","tract",2019,"food_score",75.48
"19163011400","tract",2019,"food_score",82.67
"19163011500","tract",2019,"food_score",77.04
"19163011600","tract",2019,"food_score",113.93
"19163011700","tract",2019,"food_score",99.85
"19163011800","tract",2019,"food_score",104.5
"19163011900","tract",2019,"food_score",102.71
"19163012000","tract",2019,"food_score",115.09
"19163012100","tract",2019,"food_score",109.77
"19163012200","tract",2019,"food_score",94.27
"19163012300","tract",2019,"food_score",86.91
"19163012400","tract",2019,"food_score",104.34
"19163012501","tract",2019,"food_score",79.56
"19163012502","tract",2019,"food_score",99.43
"19163012601","tract",2019,"food_score",94.56
"19163012602","tract",2019,"food_score",89.57
"19163012701","tract",2019,"food_score",103.35
"19163012702","tract",2019,"food_score",117.62
"19163012801","tract",2019,"food_score",83.57
"19163012802","tract",2019,"food_score",99.92
"19163012901","tract",2019,"food_score",105.83
"19163012902","tract",2019,"food_score",110.95
"19163013000","tract",2019,"food_score",117.81
"19163013100","tract",2019,"food_score",105.08
"19163013200","tract",2019,"food_score",110.54
"19163013300","tract",2019,"food_score",110.2
"19163013400","tract",2019,"food_score",84.46
"19163013500","tract",2019,"food_score",112.4
"19163013600","tract",2019,"food_score",108.97
"19163013702","tract",2019,"food_score",122.91
"19163013703","tract",2019,"food_score",122.68
"19163013705","tract",2019,"food_score",124.99
"19163013706","tract",2019,"food_score",129.79
"19165960100","tract",2019,"food_score",114.46
"19165960200","tract",2019,"food_score",111.59
"19165960300","tract",2019,"food_score",100.5
"19165960400","tract",2019,"food_score",104.21
"19167070100","tract",2019,"food_score",113.42
"19167070200","tract",2019,"food_score",116.06
"19167070300","tract",2019,"food_score",111.56
"19167070400","tract",2019,"food_score",108.98
"19167070500","tract",2019,"food_score",116.05
"19167070600","tract",2019,"food_score",118.26
"19167070700","tract",2019,"food_score",118.51
"19169000100","tract",2019,"food_score",118.52
"19169000200","tract",2019,"food_score",113.91
"19169000300","tract",2019,"food_score",117.16
"19169000400","tract",2019,"food_score",103.43
"19169000500","tract",2019,"food_score",NA
"19169000600","tract",2019,"food_score",108.46
"19169000700","tract",2019,"food_score",100.22
"19169000800","tract",2019,"food_score",NA
"19169000900","tract",2019,"food_score",103.58
"19169001000","tract",2019,"food_score",117.14
"19169001100","tract",2019,"food_score",118.81
"19169001200","tract",2019,"food_score",NA
"19169001301","tract",2019,"food_score",108.34
"19169001302","tract",2019,"food_score",106.04
"19169010100","tract",2019,"food_score",118.44
"19169010200","tract",2019,"food_score",103.89
"19169010300","tract",2019,"food_score",107.53
"19169010400","tract",2019,"food_score",84.21
"19169010500","tract",2019,"food_score",110.22
"19169010600","tract",2019,"food_score",110.8
"19171290100","tract",2019,"food_score",108.88
"19171290200","tract",2019,"food_score",112.82
"19171290300","tract",2019,"food_score",110.85
"19171290400","tract",2019,"food_score",104.64
"19171290500","tract",2019,"food_score",96.94
"19171290600","tract",2019,"food_score",104.32
"19173180100","tract",2019,"food_score",99.37
"19173180200","tract",2019,"food_score",105.05
"19173180300","tract",2019,"food_score",110.56
"19175190100","tract",2019,"food_score",97.42
"19175190200","tract",2019,"food_score",102.52
"19175190300","tract",2019,"food_score",114.44
"19175190400","tract",2019,"food_score",111.1
"19177950100","tract",2019,"food_score",96.23
"19177950200","tract",2019,"food_score",107.13
"19179960100","tract",2019,"food_score",96.17
"19179960200","tract",2019,"food_score",74.12
"19179960300","tract",2019,"food_score",115.08
"19179960400","tract",2019,"food_score",65.72
"19179960500","tract",2019,"food_score",64.74
"19179960600","tract",2019,"food_score",84.25
"19179960700","tract",2019,"food_score",107.16
"19179960800","tract",2019,"food_score",103.5
"19179960900","tract",2019,"food_score",93.2
"19179961000","tract",2019,"food_score",79.6
"19179961100","tract",2019,"food_score",99.61
"19181020100","tract",2019,"food_score",112.66
"19181020200","tract",2019,"food_score",116.65
"19181020300","tract",2019,"food_score",118.49
"19181020400","tract",2019,"food_score",97.3
"19181020500","tract",2019,"food_score",110.61
"19181020600","tract",2019,"food_score",108.28
"19181020700","tract",2019,"food_score",102.77
"19181020800","tract",2019,"food_score",110.62
"19181020900","tract",2019,"food_score",84.18
"19181021000","tract",2019,"food_score",83.9
"19181021100","tract",2019,"food_score",112.57
"19181021200","tract",2019,"food_score",111.98
"19183960100","tract",2019,"food_score",114.4
"19183960200","tract",2019,"food_score",109.65
"19183960300","tract",2019,"food_score",104.97
"19183960400","tract",2019,"food_score",97.95
"19183960500","tract",2019,"food_score",114.03
"19185070100","tract",2019,"food_score",99.41
"19185070200","tract",2019,"food_score",85.27
"19185070300","tract",2019,"food_score",92.04
"19187000100","tract",2019,"food_score",113.9
"19187000200","tract",2019,"food_score",112.95
"19187000300","tract",2019,"food_score",80.42
"19187000400","tract",2019,"food_score",91.25
"19187000500","tract",2019,"food_score",101.86
"19187000600","tract",2019,"food_score",90.46
"19187000700","tract",2019,"food_score",64.8
"19187000900","tract",2019,"food_score",NA
"19187010100","tract",2019,"food_score",120.27
"19187010200","tract",2019,"food_score",113.57
"19187010300","tract",2019,"food_score",107.72
"19187010400","tract",2019,"food_score",103.54
"19189680100","tract",2019,"food_score",113.43
"19189680200","tract",2019,"food_score",113.22
"19189680300","tract",2019,"food_score",99.51
"19191950100","tract",2019,"food_score",103.57
"19191950200","tract",2019,"food_score",NA
"19191950300","tract",2019,"food_score",118.04
"19191950400","tract",2019,"food_score",113.28
"19191950500","tract",2019,"food_score",115.76
"19193000100","tract",2019,"food_score",89.54
"19193000200","tract",2019,"food_score",105.84
"19193000300","tract",2019,"food_score",102.02
"19193000400","tract",2019,"food_score",116.83
"19193000500","tract",2019,"food_score",102.33
"19193000600","tract",2019,"food_score",96.65
"19193000700","tract",2019,"food_score",88.84
"19193000800","tract",2019,"food_score",68.81
"19193000900","tract",2019,"food_score",98
"19193001000","tract",2019,"food_score",95.2
"19193001100","tract",2019,"food_score",65.36
"19193001200","tract",2019,"food_score",74.85
"19193001300","tract",2019,"food_score",73.36
"19193001400","tract",2019,"food_score",83.82
"19193001500","tract",2019,"food_score",57.97
"19193001800","tract",2019,"food_score",105.5
"19193001900","tract",2019,"food_score",104.06
"19193002000","tract",2019,"food_score",112.27
"19193002101","tract",2019,"food_score",109.62
"19193002102","tract",2019,"food_score",103.89
"19193003100","tract",2019,"food_score",108.69
"19193003200","tract",2019,"food_score",114.65
"19193003300","tract",2019,"food_score",115.38
"19193003500","tract",2019,"food_score",113.54
"19193003600","tract",2019,"food_score",71.76
"19193940200","tract",2019,"food_score",NA
"19195690100","tract",2019,"food_score",103.01
"19195690200","tract",2019,"food_score",108.82
"19195690300","tract",2019,"food_score",106.4
"19197680100","tract",2019,"food_score",105.64
"19197680200","tract",2019,"food_score",105.82
"19197680300","tract",2019,"food_score",103.72
"19197680400","tract",2019,"food_score",111.61
"19197680500","tract",2019,"food_score",100.19
"19001960100","tract",2019,"food_rnk",43.1054
"19001960200","tract",2019,"food_rnk",28.271
"19001960300","tract",2019,"food_rnk",45.6373
"19003950100","tract",2019,"food_rnk",51.7871
"19003950200","tract",2019,"food_rnk",43.0391
"19005960100","tract",2019,"food_rnk",66.2957
"19005960200","tract",2019,"food_rnk",63.5805
"19005960300","tract",2019,"food_rnk",46.0661
"19005960400","tract",2019,"food_rnk",83.1641
"19005960500","tract",2019,"food_rnk",39.0093
"19007950100","tract",2019,"food_rnk",57.7183
"19007950200","tract",2019,"food_rnk",54.8945
"19007950300","tract",2019,"food_rnk",15.9008
"19007950400","tract",2019,"food_rnk",31.8791
"19007950500","tract",2019,"food_rnk",67.8402
"19009070100","tract",2019,"food_rnk",69.6711
"19009070200","tract",2019,"food_rnk",27.6264
"19009070300","tract",2019,"food_rnk",45.2409
"19011960100","tract",2019,"food_rnk",90.7597
"19011960200","tract",2019,"food_rnk",59.0583
"19011960300","tract",2019,"food_rnk",48.0902
"19011960400","tract",2019,"food_rnk",49.8152
"19011960500","tract",2019,"food_rnk",74.4259
"19011960600","tract",2019,"food_rnk",48.251
"19011960700","tract",2019,"food_rnk",37.0091
"19013000100","tract",2019,"food_rnk",2.9593
"19013000200","tract",2019,"food_rnk",14.8697
"19013000300","tract",2019,"food_rnk",3.4445
"19013000400","tract",2019,"food_rnk",43.0617
"19013000500","tract",2019,"food_rnk",5.9538
"19013000700","tract",2019,"food_rnk",18.1604
"19013000800","tract",2019,"food_rnk",7.8129
"19013000900","tract",2019,"food_rnk",16.0813
"19013001000","tract",2019,"food_rnk",44.2352
"19013001100","tract",2019,"food_rnk",38.9147
"19013001200","tract",2019,"food_rnk",92.7824
"19013001301","tract",2019,"food_rnk",41.0432
"19013001302","tract",2019,"food_rnk",47.2565
"19013001400","tract",2019,"food_rnk",55.044
"19013001501","tract",2019,"food_rnk",31.1837
"19013001502","tract",2019,"food_rnk",24.5839
"19013001503","tract",2019,"food_rnk",76.3358
"19013001600","tract",2019,"food_rnk",13.2687
"19013001701","tract",2019,"food_rnk",1.6545
"19013001702","tract",2019,"food_rnk",18.8572
"19013001800","tract",2019,"food_rnk",5.6844
"19013001900","tract",2019,"food_rnk",7.1556
"19013002000","tract",2019,"food_rnk",51.7251
"19013002200","tract",2019,"food_rnk",44.657
"19013002301","tract",2019,"food_rnk",32.59
"19013002303","tract",2019,"food_rnk",NA
"19013002304","tract",2019,"food_rnk",70.066
"19013002400","tract",2019,"food_rnk",57.8411
"19013002500","tract",2019,"food_rnk",62.6566
"19013002601","tract",2019,"food_rnk",77.3767
"19013002603","tract",2019,"food_rnk",78.0834
"19013002604","tract",2019,"food_rnk",54.4474
"19013002700","tract",2019,"food_rnk",66.8895
"19013002800","tract",2019,"food_rnk",47.1945
"19013002901","tract",2019,"food_rnk",78.1356
"19013002902","tract",2019,"food_rnk",72.392
"19013003001","tract",2019,"food_rnk",43.5159
"19013003002","tract",2019,"food_rnk",76.986
"19015020100","tract",2019,"food_rnk",68.781
"19015020200","tract",2019,"food_rnk",29.9185
"19015020300","tract",2019,"food_rnk",48.2778
"19015020400","tract",2019,"food_rnk",53.3189
"19015020500","tract",2019,"food_rnk",57.1711
"19015020600","tract",2019,"food_rnk",68.5497
"19015020700","tract",2019,"food_rnk",57.8157
"19017004000","tract",2019,"food_rnk",NA
"19017004100","tract",2019,"food_rnk",57.6521
"19017004200","tract",2019,"food_rnk",64.2899
"19017004300","tract",2019,"food_rnk",68.4185
"19017004400","tract",2019,"food_rnk",91.369
"19017004500","tract",2019,"food_rnk",80.2471
"19017004600","tract",2019,"food_rnk",77.5516
"19017004700","tract",2019,"food_rnk",72.0943
"19019950100","tract",2019,"food_rnk",42.9291
"19019950200","tract",2019,"food_rnk",64.1545
"19019950300","tract",2019,"food_rnk",59.3884
"19019950400","tract",2019,"food_rnk",50.4697
"19019950500","tract",2019,"food_rnk",39.809
"19019950600","tract",2019,"food_rnk",67.3113
"19021960100","tract",2019,"food_rnk",50.6827
"19021960200","tract",2019,"food_rnk",39.139
"19021960300","tract",2019,"food_rnk",54.2132
"19021960400","tract",2019,"food_rnk",41.9699
"19021960500","tract",2019,"food_rnk",17.1025
"19021960600","tract",2019,"food_rnk",57.487
"19023070100","tract",2019,"food_rnk",52.2244
"19023070200","tract",2019,"food_rnk",44.4933
"19023070300","tract",2019,"food_rnk",61.3123
"19023070400","tract",2019,"food_rnk",65.8528
"19023070500","tract",2019,"food_rnk",58.5745
"19025950100","tract",2019,"food_rnk",63.1178
"19025950200","tract",2019,"food_rnk",56.7042
"19025950300","tract",2019,"food_rnk",41.3535
"19025950400","tract",2019,"food_rnk",37.1445
"19027960100","tract",2019,"food_rnk",85.2107
"19027960200","tract",2019,"food_rnk",92.8162
"19027960300","tract",2019,"food_rnk",57.6817
"19027960400","tract",2019,"food_rnk",37.957
"19027960500","tract",2019,"food_rnk",63.713
"19027960600","tract",2019,"food_rnk",71.2776
"19029190100","tract",2019,"food_rnk",48.1452
"19029190200","tract",2019,"food_rnk",69.3128
"19029190300","tract",2019,"food_rnk",60.1656
"19029190400","tract",2019,"food_rnk",25.5021
"19029190500","tract",2019,"food_rnk",13.4592
"19031450100","tract",2019,"food_rnk",58.7226
"19031450200","tract",2019,"food_rnk",66.5581
"19031450300","tract",2019,"food_rnk",61.7567
"19031450400","tract",2019,"food_rnk",66.6638
"19031450500","tract",2019,"food_rnk",89.4846
"19033950102","tract",2019,"food_rnk",26.845
"19033950200","tract",2019,"food_rnk",38.9317
"19033950300","tract",2019,"food_rnk",29.9072
"19033950402","tract",2019,"food_rnk",13.8287
"19033950600","tract",2019,"food_rnk",51.8915
"19033950700","tract",2019,"food_rnk",59.016
"19033950800","tract",2019,"food_rnk",68.0955
"19033950900","tract",2019,"food_rnk",48.3497
"19033951000","tract",2019,"food_rnk",75.7349
"19033951400","tract",2019,"food_rnk",73.6219
"19033951600","tract",2019,"food_rnk",52.3344
"19035080100","tract",2019,"food_rnk",33.8242
"19035080200","tract",2019,"food_rnk",58.418
"19035080300","tract",2019,"food_rnk",43.0617
"19035080400","tract",2019,"food_rnk",62.9344
"19037070100","tract",2019,"food_rnk",78.3189
"19037070200","tract",2019,"food_rnk",58.0611
"19037070300","tract",2019,"food_rnk",67.3691
"19037070400","tract",2019,"food_rnk",84.2459
"19039960100","tract",2019,"food_rnk",32.3939
"19039960200","tract",2019,"food_rnk",73.8913
"19039960300","tract",2019,"food_rnk",54.958
"19041080100","tract",2019,"food_rnk",70.0096
"19041080200","tract",2019,"food_rnk",27.1877
"19041080300","tract",2019,"food_rnk",53.4261
"19041080400","tract",2019,"food_rnk",55.0863
"19043070100","tract",2019,"food_rnk",35.6297
"19043070200","tract",2019,"food_rnk",49.7489
"19043070300","tract",2019,"food_rnk",43.7514
"19043070400","tract",2019,"food_rnk",79.2485
"19043070500","tract",2019,"food_rnk",64.5424
"19043070600","tract",2019,"food_rnk",53.2724
"19045000100","tract",2019,"food_rnk",2.3048
"19045000200","tract",2019,"food_rnk",10.112
"19045000300","tract",2019,"food_rnk",21.9773
"19045000400","tract",2019,"food_rnk",43.1957
"19045000500","tract",2019,"food_rnk",32.9172
"19045000600","tract",2019,"food_rnk",19.7938
"19045000700","tract",2019,"food_rnk",39.6948
"19045000800","tract",2019,"food_rnk",49.7249
"19045000900","tract",2019,"food_rnk",73.7954
"19045001000","tract",2019,"food_rnk",52.5897
"19045001100","tract",2019,"food_rnk",58.2755
"19045001200","tract",2019,"food_rnk",59.8059
"19047070100","tract",2019,"food_rnk",73.117
"19047070200","tract",2019,"food_rnk",50.6305
"19047070300","tract",2019,"food_rnk",28.5855
"19047070400","tract",2019,"food_rnk",59.5069
"19047070500","tract",2019,"food_rnk",64.1545
"19049050100","tract",2019,"food_rnk",78.4769
"19049050200","tract",2019,"food_rnk",59.4617
"19049050300","tract",2019,"food_rnk",23.5147
"19049050400","tract",2019,"food_rnk",26.9211
"19049050500","tract",2019,"food_rnk",87.3293
"19049050600","tract",2019,"food_rnk",57.2063
"19049050700","tract",2019,"food_rnk",84.1768
"19049050803","tract",2019,"food_rnk",99.6022
"19049050805","tract",2019,"food_rnk",83.3009
"19049050807","tract",2019,"food_rnk",73.574
"19049050809","tract",2019,"food_rnk",81.9355
"19049050811","tract",2019,"food_rnk",99.1593
"19049050812","tract",2019,"food_rnk",66.0418
"19049050901","tract",2019,"food_rnk",95.6288
"19049050902","tract",2019,"food_rnk",68.2521
"19051080100","tract",2019,"food_rnk",45.413
"19051080200","tract",2019,"food_rnk",63.5805
"19053960100","tract",2019,"food_rnk",48.7249
"19053960200","tract",2019,"food_rnk",37.9894
"19053960300","tract",2019,"food_rnk",32.4066
"19055950100","tract",2019,"food_rnk",64.0078
"19055950200","tract",2019,"food_rnk",79.0792
"19055950300","tract",2019,"food_rnk",58.6154
"19055950400","tract",2019,"food_rnk",84.1528
"19057000200","tract",2019,"food_rnk",9.8031
"19057000300","tract",2019,"food_rnk",10.9456
"19057000400","tract",2019,"food_rnk",3.8606
"19057000500","tract",2019,"food_rnk",17.5454
"19057000600","tract",2019,"food_rnk",49.9647
"19057000700","tract",2019,"food_rnk",52.2907
"19057000800","tract",2019,"food_rnk",38.6397
"19057000900","tract",2019,"food_rnk",47.4075
"19057001000","tract",2019,"food_rnk",69.8389
"19057001100","tract",2019,"food_rnk",61.8088
"19057001200","tract",2019,"food_rnk",54.1906
"19059450200","tract",2019,"food_rnk",61.3885
"19059450500","tract",2019,"food_rnk",78.0524
"19059450800","tract",2019,"food_rnk",57.8989
"19059451000","tract",2019,"food_rnk",87.6269
"19059451100","tract",2019,"food_rnk",66.3239
"19061000100","tract",2019,"food_rnk",4.6138
"19061000300","tract",2019,"food_rnk",18.073
"19061000400","tract",2019,"food_rnk",48.6826
"19061000500","tract",2019,"food_rnk",3.2132
"19061000600","tract",2019,"food_rnk",14.0586
"19061000701","tract",2019,"food_rnk",20.09
"19061000702","tract",2019,"food_rnk",51.0043
"19061000801","tract",2019,"food_rnk",70.1563
"19061000802","tract",2019,"food_rnk",97.4018
"19061000900","tract",2019,"food_rnk",71.9914
"19061001101","tract",2019,"food_rnk",65.6596
"19061001102","tract",2019,"food_rnk",83.0498
"19061001201","tract",2019,"food_rnk",61.3885
"19061001202","tract",2019,"food_rnk",24.3244
"19061001204","tract",2019,"food_rnk",47.32
"19061001205","tract",2019,"food_rnk",74.2806
"19061010101","tract",2019,"food_rnk",25.3103
"19061010103","tract",2019,"food_rnk",50.536
"19061010104","tract",2019,"food_rnk",73.1875
"19061010105","tract",2019,"food_rnk",93.8177
"19061010201","tract",2019,"food_rnk",76.103
"19061010202","tract",2019,"food_rnk",81.7437
"19061010300","tract",2019,"food_rnk",82.7719
"19061010400","tract",2019,"food_rnk",82.676
"19061010500","tract",2019,"food_rnk",58.0611
"19061010600","tract",2019,"food_rnk",91.4142
"19063070100","tract",2019,"food_rnk",30.9608
"19063070200","tract",2019,"food_rnk",85.0471
"19063070300","tract",2019,"food_rnk",36.6918
"19063070400","tract",2019,"food_rnk",46.6811
"19065080100","tract",2019,"food_rnk",35.2009
"19065080200","tract",2019,"food_rnk",37.6213
"19065080300","tract",2019,"food_rnk",53.0326
"19065080400","tract",2019,"food_rnk",27.5291
"19065080500","tract",2019,"food_rnk",28.4769
"19065080600","tract",2019,"food_rnk",64.3845
"19065080700","tract",2019,"food_rnk",74.0352
"19067480100","tract",2019,"food_rnk",85.3123
"19067480200","tract",2019,"food_rnk",65.2026
"19067480300","tract",2019,"food_rnk",67.245
"19067480400","tract",2019,"food_rnk",10.9823
"19067480500","tract",2019,"food_rnk",27.0791
"19069360100","tract",2019,"food_rnk",76.4557
"19069360200","tract",2019,"food_rnk",31.226
"19069360300","tract",2019,"food_rnk",44.1055
"19071970100","tract",2019,"food_rnk",61.9866
"19071970200","tract",2019,"food_rnk",67.2238
"19071970300","tract",2019,"food_rnk",29.6124
"19073080100","tract",2019,"food_rnk",38.0289
"19073080200","tract",2019,"food_rnk",12.5353
"19073080300","tract",2019,"food_rnk",64.7343
"19073080500","tract",2019,"food_rnk",31.6816
"19075960100","tract",2019,"food_rnk",66.8599
"19075960200","tract",2019,"food_rnk",79.2104
"19075960300","tract",2019,"food_rnk",55.2584
"19075960400","tract",2019,"food_rnk",66.7809
"19077950100","tract",2019,"food_rnk",65.3648
"19077950200","tract",2019,"food_rnk",49.3103
"19077950300","tract",2019,"food_rnk",57.3008
"19079960100","tract",2019,"food_rnk",79.8635
"19079960200","tract",2019,"food_rnk",77.5262
"19079960300","tract",2019,"food_rnk",50.7828
"19079960400","tract",2019,"food_rnk",34.1853
"19079960500","tract",2019,"food_rnk",59.607
"19081270100","tract",2019,"food_rnk",65.6906
"19081270200","tract",2019,"food_rnk",53.3965
"19081270300","tract",2019,"food_rnk",38.9317
"19081270400","tract",2019,"food_rnk",46.7572
"19083480100","tract",2019,"food_rnk",62.7412
"19083480200","tract",2019,"food_rnk",53.2978
"19083480300","tract",2019,"food_rnk",44.4538
"19083480400","tract",2019,"food_rnk",75.8731
"19083480500","tract",2019,"food_rnk",65.6074
"19083480600","tract",2019,"food_rnk",34.3955
"19085290100","tract",2019,"food_rnk",48.9012
"19085290200","tract",2019,"food_rnk",61.1417
"19085290300","tract",2019,"food_rnk",54.0947
"19085290400","tract",2019,"food_rnk",25.4866
"19085290500","tract",2019,"food_rnk",82.8834
"19087970100","tract",2019,"food_rnk",48.5994
"19087970200","tract",2019,"food_rnk",45.5865
"19087970300","tract",2019,"food_rnk",45.413
"19087970400","tract",2019,"food_rnk",46.9843
"19087970500","tract",2019,"food_rnk",51.2201
"19089960100","tract",2019,"food_rnk",57.7734
"19089960200","tract",2019,"food_rnk",94.2832
"19089960300","tract",2019,"food_rnk",56.2599
"19091970100","tract",2019,"food_rnk",29.5108
"19091970200","tract",2019,"food_rnk",53.8535
"19091970300","tract",2019,"food_rnk",34.6818
"19091970400","tract",2019,"food_rnk",53.8535
"19093090100","tract",2019,"food_rnk",58.2473
"19093090200","tract",2019,"food_rnk",54.3232
"19093090300","tract",2019,"food_rnk",53.2414
"19095960100","tract",2019,"food_rnk",86.3829
"19095960200","tract",2019,"food_rnk",59.9258
"19095960300","tract",2019,"food_rnk",75.5332
"19095960400","tract",2019,"food_rnk",61.4929
"19097950100","tract",2019,"food_rnk",78.5954
"19097950200","tract",2019,"food_rnk",63.3082
"19097950300","tract",2019,"food_rnk",66.7513
"19097950400","tract",2019,"food_rnk",82.5237
"19097950500","tract",2019,"food_rnk",20.9603
"19097950600","tract",2019,"food_rnk",13.2786
"19099040100","tract",2019,"food_rnk",40.9374
"19099040200","tract",2019,"food_rnk",77.3231
"19099040300","tract",2019,"food_rnk",9.088
"19099040400","tract",2019,"food_rnk",14.5255
"19099040500","tract",2019,"food_rnk",17.1886
"19099040600","tract",2019,"food_rnk",62.1389
"19099040700","tract",2019,"food_rnk",47.5386
"19099040800","tract",2019,"food_rnk",73.2707
"19099040900","tract",2019,"food_rnk",71.564
"19101090100","tract",2019,"food_rnk",77.1595
"19101090200","tract",2019,"food_rnk",52.4853
"19101090300","tract",2019,"food_rnk",24.1354
"19101090400","tract",2019,"food_rnk",48.2072
"19103000100","tract",2019,"food_rnk",76.2286
"19103000200","tract",2019,"food_rnk",22.5767
"19103000301","tract",2019,"food_rnk",77.1341
"19103000302","tract",2019,"food_rnk",43.159
"19103000400","tract",2019,"food_rnk",40.1743
"19103000500","tract",2019,"food_rnk",53.508
"19103000600","tract",2019,"food_rnk",12.6044
"19103001100","tract",2019,"food_rnk",35.3969
"19103001200","tract",2019,"food_rnk",69.7501
"19103001300","tract",2019,"food_rnk",50.1453
"19103001400","tract",2019,"food_rnk",63.0698
"19103001500","tract",2019,"food_rnk",60.3574
"19103001600","tract",2019,"food_rnk",32.8947
"19103001700","tract",2019,"food_rnk",31.2429
"19103001801","tract",2019,"food_rnk",33.6874
"19103001802","tract",2019,"food_rnk",35.0217
"19103002100","tract",2019,"food_rnk",NA
"19103002300","tract",2019,"food_rnk",NA
"19103010100","tract",2019,"food_rnk",91.2618
"19103010200","tract",2019,"food_rnk",90.9205
"19103010301","tract",2019,"food_rnk",80.793
"19103010302","tract",2019,"food_rnk",95.1915
"19103010400","tract",2019,"food_rnk",62.5508
"19103010500","tract",2019,"food_rnk",45.5865
"19105070100","tract",2019,"food_rnk",89.0417
"19105070300","tract",2019,"food_rnk",45.1873
"19105070400","tract",2019,"food_rnk",63.7455
"19105070500","tract",2019,"food_rnk",36.9019
"19105070600","tract",2019,"food_rnk",46.0886
"19107080100","tract",2019,"food_rnk",57.2839
"19107080200","tract",2019,"food_rnk",32.1584
"19107080300","tract",2019,"food_rnk",42.2407
"19107080400","tract",2019,"food_rnk",38.1841
"19109950100","tract",2019,"food_rnk",41.0432
"19109950200","tract",2019,"food_rnk",55.3924
"19109950300","tract",2019,"food_rnk",46.8052
"19109950400","tract",2019,"food_rnk",26.5629
"19109950500","tract",2019,"food_rnk",64.6708
"19109950600","tract",2019,"food_rnk",79.2485
"19111490100","tract",2019,"food_rnk",38.62
"19111490200","tract",2019,"food_rnk",16.8261
"19111490300","tract",2019,"food_rnk",56.7888
"19111490400","tract",2019,"food_rnk",76.9606
"19111490500","tract",2019,"food_rnk",63.9176
"19111490600","tract",2019,"food_rnk",45.5498
"19111490700","tract",2019,"food_rnk",52.68
"19111490800","tract",2019,"food_rnk",5.9058
"19111490900","tract",2019,"food_rnk",8.26
"19111491000","tract",2019,"food_rnk",8.0724
"19111491100","tract",2019,"food_rnk",36.3194
"19113000100","tract",2019,"food_rnk",76.8774
"19113000201","tract",2019,"food_rnk",27.3062
"19113000203","tract",2019,"food_rnk",95.5879
"19113000205","tract",2019,"food_rnk",86.6918
"19113000206","tract",2019,"food_rnk",91.1081
"19113000207","tract",2019,"food_rnk",43.7232
"19113000300","tract",2019,"food_rnk",41.2181
"19113000400","tract",2019,"food_rnk",54.7041
"19113000500","tract",2019,"food_rnk",73.8138
"19113000600","tract",2019,"food_rnk",45.3693
"19113000700","tract",2019,"food_rnk",43.2916
"19113000800","tract",2019,"food_rnk",48.5218
"19113000901","tract",2019,"food_rnk",50.2511
"19113000902","tract",2019,"food_rnk",86.9203
"19113001001","tract",2019,"food_rnk",68.5497
"19113001002","tract",2019,"food_rnk",58.7226
"19113001003","tract",2019,"food_rnk",25.9324
"19113001101","tract",2019,"food_rnk",37.3463
"19113001102","tract",2019,"food_rnk",58.4913
"19113001200","tract",2019,"food_rnk",16.5016
"19113001300","tract",2019,"food_rnk",21.5358
"19113001400","tract",2019,"food_rnk",40.3422
"19113001500","tract",2019,"food_rnk",30.2542
"19113001600","tract",2019,"food_rnk",88.6609
"19113001700","tract",2019,"food_rnk",26.3809
"19113001800","tract",2019,"food_rnk",26.4514
"19113001900","tract",2019,"food_rnk",NA
"19113002200","tract",2019,"food_rnk",20.0265
"19113002300","tract",2019,"food_rnk",27.0354
"19113002400","tract",2019,"food_rnk",33.6634
"19113002500","tract",2019,"food_rnk",16.0503
"19113002600","tract",2019,"food_rnk",8.1105
"19113002700","tract",2019,"food_rnk",6.5702
"19113002800","tract",2019,"food_rnk",44.2239
"19113002900","tract",2019,"food_rnk",42.764
"19113003001","tract",2019,"food_rnk",86.074
"19113003002","tract",2019,"food_rnk",56.7479
"19113010100","tract",2019,"food_rnk",76.4557
"19113010200","tract",2019,"food_rnk",57.6521
"19113010300","tract",2019,"food_rnk",59.5069
"19113010400","tract",2019,"food_rnk",52.9579
"19113010500","tract",2019,"food_rnk",63.8668
"19113010600","tract",2019,"food_rnk",90.4621
"19113010700","tract",2019,"food_rnk",88.9415
"19113010800","tract",2019,"food_rnk",97.8913
"19115450100","tract",2019,"food_rnk",45.0519
"19115450200","tract",2019,"food_rnk",52.7731
"19115450300","tract",2019,"food_rnk",52.5206
"19117950100","tract",2019,"food_rnk",37.7736
"19117950200","tract",2019,"food_rnk",50.6827
"19117950300","tract",2019,"food_rnk",22.0365
"19117950400","tract",2019,"food_rnk",30.0666
"19119950100","tract",2019,"food_rnk",71.4681
"19119950200","tract",2019,"food_rnk",66.4847
"19119950300","tract",2019,"food_rnk",84.3263
"19121060100","tract",2019,"food_rnk",75.9013
"19121060200","tract",2019,"food_rnk",41.3874
"19121060300","tract",2019,"food_rnk",56.8382
"19123950100","tract",2019,"food_rnk",34.6141
"19123950200","tract",2019,"food_rnk",83.1937
"19123950300","tract",2019,"food_rnk",59.6367
"19123950400","tract",2019,"food_rnk",42.0743
"19123950500","tract",2019,"food_rnk",51.2201
"19123950600","tract",2019,"food_rnk",15.9106
"19123950700","tract",2019,"food_rnk",6.5067
"19125030100","tract",2019,"food_rnk",58.3573
"19125030200","tract",2019,"food_rnk",78.4177
"19125030300","tract",2019,"food_rnk",NA
"19125030401","tract",2019,"food_rnk",53.7943
"19125030402","tract",2019,"food_rnk",49.8575
"19125030500","tract",2019,"food_rnk",17.8416
"19125030600","tract",2019,"food_rnk",42.9291
"19125030700","tract",2019,"food_rnk",49.5416
"19127950100","tract",2019,"food_rnk",74.3723
"19127950200","tract",2019,"food_rnk",64.62
"19127950300","tract",2019,"food_rnk",62.4323
"19127950400","tract",2019,"food_rnk",58.7226
"19127950500","tract",2019,"food_rnk",18.2408
"19127950600","tract",2019,"food_rnk",21.564
"19127950700","tract",2019,"food_rnk",36.1882
"19127950800","tract",2019,"food_rnk",66.2844
"19127950900","tract",2019,"food_rnk",32.0582
"19127951000","tract",2019,"food_rnk",35.5972
"19129040100","tract",2019,"food_rnk",41.6751
"19129040201","tract",2019,"food_rnk",68.8882
"19129040202","tract",2019,"food_rnk",61.7087
"19129040301","tract",2019,"food_rnk",42.5525
"19129040302","tract",2019,"food_rnk",51.3541
"19131560100","tract",2019,"food_rnk",70.9137
"19131560200","tract",2019,"food_rnk",85.8003
"19131560300","tract",2019,"food_rnk",63.7455
"19133960100","tract",2019,"food_rnk",38.864
"19133960200","tract",2019,"food_rnk",53.3711
"19133960300","tract",2019,"food_rnk",26.9592
"19133960400","tract",2019,"food_rnk",59.332
"19135070100","tract",2019,"food_rnk",86.5761
"19135070200","tract",2019,"food_rnk",31.4108
"19135070300","tract",2019,"food_rnk",65.8528
"19137960100","tract",2019,"food_rnk",46.1239
"19137960200","tract",2019,"food_rnk",21.1634
"19137960300","tract",2019,"food_rnk",20.1238
"19137960400","tract",2019,"food_rnk",39.5946
"19139050100","tract",2019,"food_rnk",78.6772
"19139050200","tract",2019,"food_rnk",85.7086
"19139050300","tract",2019,"food_rnk",66.3437
"19139050400","tract",2019,"food_rnk",45.4948
"19139050500","tract",2019,"food_rnk",41.2181
"19139050600","tract",2019,"food_rnk",99.0338
"19139050700","tract",2019,"food_rnk",50.1044
"19139050800","tract",2019,"food_rnk",37.421
"19139050900","tract",2019,"food_rnk",43.4439
"19139051000","tract",2019,"food_rnk",13.1968
"19141490100","tract",2019,"food_rnk",54.9425
"19141490200","tract",2019,"food_rnk",60.8285
"19141490300","tract",2019,"food_rnk",58.6154
"19141490400","tract",2019,"food_rnk",42.9093
"19143460100","tract",2019,"food_rnk",34.7481
"19143460200","tract",2019,"food_rnk",52.017
"19145490100","tract",2019,"food_rnk",62.397
"19145490200","tract",2019,"food_rnk",19.1957
"19145490300","tract",2019,"food_rnk",48.1833
"19145490400","tract",2019,"food_rnk",40.8613
"19145490500","tract",2019,"food_rnk",43.6654
"19145490600","tract",2019,"food_rnk",51.5107
"19147960100","tract",2019,"food_rnk",73.7037
"19147960200","tract",2019,"food_rnk",48.4273
"19147960300","tract",2019,"food_rnk",37.3688
"19147960400","tract",2019,"food_rnk",38.5015
"19149970100","tract",2019,"food_rnk",66.3747
"19149970200","tract",2019,"food_rnk",54.6674
"19149970300","tract",2019,"food_rnk",64.7343
"19149970400","tract",2019,"food_rnk",70.2818
"19149970500","tract",2019,"food_rnk",55.556
"19149970600","tract",2019,"food_rnk",78.7012
"19151780100","tract",2019,"food_rnk",23.6812
"19151780200","tract",2019,"food_rnk",43.4439
"19151780300","tract",2019,"food_rnk",62.6566
"19153000101","tract",2019,"food_rnk",9.7283
"19153000102","tract",2019,"food_rnk",23.7686
"19153000103","tract",2019,"food_rnk",19.2296
"19153000201","tract",2019,"food_rnk",44.7176
"19153000202","tract",2019,"food_rnk",30.1681
"19153000300","tract",2019,"food_rnk",30.0412
"19153000400","tract",2019,"food_rnk",21.0195
"19153000500","tract",2019,"food_rnk",10.8878
"19153000600","tract",2019,"food_rnk",14.8415
"19153000701","tract",2019,"food_rnk",9.3433
"19153000702","tract",2019,"food_rnk",36.5564
"19153000703","tract",2019,"food_rnk",68.781
"19153000704","tract",2019,"food_rnk",57.5434
"19153000801","tract",2019,"food_rnk",21.3186
"19153000802","tract",2019,"food_rnk",73.1875
"19153000803","tract",2019,"food_rnk",13.9698
"19153000901","tract",2019,"food_rnk",53.0594
"19153000902","tract",2019,"food_rnk",54.2132
"19153001000","tract",2019,"food_rnk",24.8984
"19153001100","tract",2019,"food_rnk",3.0016
"19153001200","tract",2019,"food_rnk",9.0583
"19153001500","tract",2019,"food_rnk",10.0161
"19153001700","tract",2019,"food_rnk",3.4656
"19153001800","tract",2019,"food_rnk",8.8115
"19153001900","tract",2019,"food_rnk",12.3999
"19153002100","tract",2019,"food_rnk",14.4987
"19153002600","tract",2019,"food_rnk",5.7831
"19153002700","tract",2019,"food_rnk",54.422
"19153002800","tract",2019,"food_rnk",29.7309
"19153002900","tract",2019,"food_rnk",56.8918
"19153003001","tract",2019,"food_rnk",59.5563
"19153003002","tract",2019,"food_rnk",95.9659
"19153003100","tract",2019,"food_rnk",54.2922
"19153003200","tract",2019,"food_rnk",79.0792
"19153003901","tract",2019,"food_rnk",5.3557
"19153003902","tract",2019,"food_rnk",32.3051
"19153004001","tract",2019,"food_rnk",10.6565
"19153004004","tract",2019,"food_rnk",69.499
"19153004100","tract",2019,"food_rnk",33.4955
"19153004200","tract",2019,"food_rnk",14.3873
"19153004300","tract",2019,"food_rnk",67.1138
"19153004400","tract",2019,"food_rnk",13.4041
"19153004501","tract",2019,"food_rnk",11.2066
"19153004502","tract",2019,"food_rnk",36.8399
"19153004602","tract",2019,"food_rnk",7.7071
"19153004603","tract",2019,"food_rnk",25.9902
"19153004701","tract",2019,"food_rnk",13.0162
"19153004702","tract",2019,"food_rnk",10.8328
"19153004800","tract",2019,"food_rnk",2.3415
"19153004900","tract",2019,"food_rnk",5.4982
"19153005000","tract",2019,"food_rnk",7.9327
"19153005100","tract",2019,"food_rnk",12.9556
"19153005200","tract",2019,"food_rnk",2.1454
"19153005300","tract",2019,"food_rnk",27.5037
"19153010101","tract",2019,"food_rnk",91.0009
"19153010102","tract",2019,"food_rnk",79.5052
"19153010203","tract",2019,"food_rnk",99.9901
"19153010205","tract",2019,"food_rnk",63.1587
"19153010207","tract",2019,"food_rnk",68.4947
"19153010208","tract",2019,"food_rnk",53.8535
"19153010209","tract",2019,"food_rnk",59.3884
"19153010211","tract",2019,"food_rnk",59.2008
"19153010212","tract",2019,"food_rnk",30.1681
"19153010404","tract",2019,"food_rnk",65.7146
"19153010405","tract",2019,"food_rnk",46.3722
"19153010406","tract",2019,"food_rnk",56.4813
"19153010407","tract",2019,"food_rnk",81.2204
"19153010408","tract",2019,"food_rnk",44.4764
"19153010409","tract",2019,"food_rnk",43.1787
"19153010500","tract",2019,"food_rnk",75.701
"19153010600","tract",2019,"food_rnk",64.7554
"19153010702","tract",2019,"food_rnk",70.468
"19153010703","tract",2019,"food_rnk",49.0098
"19153010705","tract",2019,"food_rnk",49.5627
"19153010706","tract",2019,"food_rnk",73.574
"19153010802","tract",2019,"food_rnk",37.7059
"19153010803","tract",2019,"food_rnk",35.9371
"19153010804","tract",2019,"food_rnk",93.7049
"19153011001","tract",2019,"food_rnk",28.2428
"19153011021","tract",2019,"food_rnk",69.2662
"19153011025","tract",2019,"food_rnk",93.4467
"19153011026","tract",2019,"food_rnk",96.5612
"19153011027","tract",2019,"food_rnk",59.308
"19153011028","tract",2019,"food_rnk",60.5605
"19153011111","tract",2019,"food_rnk",56.9919
"19153011112","tract",2019,"food_rnk",77.2794
"19153011113","tract",2019,"food_rnk",75.4105
"19153011114","tract",2019,"food_rnk",73.4188
"19153011201","tract",2019,"food_rnk",43.0617
"19153011203","tract",2019,"food_rnk",99.3103
"19153011205","tract",2019,"food_rnk",17.7711
"19153011206","tract",2019,"food_rnk",90.3112
"19153011300","tract",2019,"food_rnk",97.5175
"19153011404","tract",2019,"food_rnk",76.505
"19153011500","tract",2019,"food_rnk",92.8868
"19153011600","tract",2019,"food_rnk",NA
"19153011701","tract",2019,"food_rnk",98.4259
"19153011702","tract",2019,"food_rnk",41.1194
"19155021200","tract",2019,"food_rnk",42.2407
"19155021400","tract",2019,"food_rnk",69.9786
"19155021501","tract",2019,"food_rnk",66.8895
"19155021502","tract",2019,"food_rnk",77.6687
"19155021602","tract",2019,"food_rnk",90.29
"19155021603","tract",2019,"food_rnk",65.0559
"19155021701","tract",2019,"food_rnk",49.1636
"19155021702","tract",2019,"food_rnk",78.838
"19155030100","tract",2019,"food_rnk",62.4492
"19155030200","tract",2019,"food_rnk",32.9708
"19155030300","tract",2019,"food_rnk",41.1758
"19155030401","tract",2019,"food_rnk",18.1703
"19155030402","tract",2019,"food_rnk",38.0501
"19155030501","tract",2019,"food_rnk",31.0807
"19155030502","tract",2019,"food_rnk",31.518
"19155030601","tract",2019,"food_rnk",25.5021
"19155030602","tract",2019,"food_rnk",8.8806
"19155030700","tract",2019,"food_rnk",8.7043
"19155030800","tract",2019,"food_rnk",43.6005
"19155030900","tract",2019,"food_rnk",2.0946
"19155031000","tract",2019,"food_rnk",23.1776
"19155031100","tract",2019,"food_rnk",55.9623
"19155031200","tract",2019,"food_rnk",45.8122
"19155031300","tract",2019,"food_rnk",13.2053
"19155031400","tract",2019,"food_rnk",16.8091
"19155031601","tract",2019,"food_rnk",80.3952
"19155031602","tract",2019,"food_rnk",89.8866
"19155031700","tract",2019,"food_rnk",63.6341
"19155031800","tract",2019,"food_rnk",49.8152
"19155031900","tract",2019,"food_rnk",75.0846
"19157370100","tract",2019,"food_rnk",67.5172
"19157370200","tract",2019,"food_rnk",73.4865
"19157370300","tract",2019,"food_rnk",79.4065
"19157370400","tract",2019,"food_rnk",24.1509
"19157370500","tract",2019,"food_rnk",67.4721
"19159950100","tract",2019,"food_rnk",84.0047
"19159950200","tract",2019,"food_rnk",27.4233
"19161080100","tract",2019,"food_rnk",53.1271
"19161080200","tract",2019,"food_rnk",67.6653
"19161080300","tract",2019,"food_rnk",64.7766
"19161080400","tract",2019,"food_rnk",24.3032
"19163010101","tract",2019,"food_rnk",86.7524
"19163010102","tract",2019,"food_rnk",91.283
"19163010201","tract",2019,"food_rnk",38.9401
"19163010202","tract",2019,"food_rnk",80.4841
"19163010300","tract",2019,"food_rnk",96.6853
"19163010401","tract",2019,"food_rnk",84.4307
"19163010402","tract",2019,"food_rnk",61.61
"19163010600","tract",2019,"food_rnk",5.0186
"19163010700","tract",2019,"food_rnk",6.3713
"19163010800","tract",2019,"food_rnk",28.0002
"19163010900","tract",2019,"food_rnk",23.8406
"19163011000","tract",2019,"food_rnk",5.4178
"19163011100","tract",2019,"food_rnk",40.4988
"19163011200","tract",2019,"food_rnk",31.5462
"19163011300","tract",2019,"food_rnk",12.3195
"19163011400","tract",2019,"food_rnk",17.9587
"19163011500","tract",2019,"food_rnk",13.414
"19163011600","tract",2019,"food_rnk",71.7544
"19163011700","tract",2019,"food_rnk",40.7456
"19163011800","tract",2019,"food_rnk",49.8152
"19163011900","tract",2019,"food_rnk",46.0886
"19163012000","tract",2019,"food_rnk",74.8589
"19163012100","tract",2019,"food_rnk",61.4308
"19163012200","tract",2019,"food_rnk",31.4954
"19163012300","tract",2019,"food_rnk",22.0972
"19163012400","tract",2019,"food_rnk",49.4979
"19163012501","tract",2019,"food_rnk",15.2505
"19163012502","tract",2019,"food_rnk",39.9698
"19163012601","tract",2019,"food_rnk",31.9101
"19163012602","tract",2019,"food_rnk",25.1481
"19163012701","tract",2019,"food_rnk",47.4484
"19163012702","tract",2019,"food_rnk",81.3177
"19163012801","tract",2019,"food_rnk",18.7063
"19163012802","tract",2019,"food_rnk",40.8852
"19163012901","tract",2019,"food_rnk",52.6236
"19163012902","tract",2019,"food_rnk",64.3365
"19163013000","tract",2019,"food_rnk",81.8241
"19163013100","tract",2019,"food_rnk",51.0311
"19163013200","tract",2019,"food_rnk",63.2913
"19163013300","tract",2019,"food_rnk",62.4803
"19163013400","tract",2019,"food_rnk",19.5723
"19163013500","tract",2019,"food_rnk",67.8402
"19163013600","tract",2019,"food_rnk",59.5266
"19163013702","tract",2019,"food_rnk",93.482
"19163013703","tract",2019,"food_rnk",93.0067
"19163013705","tract",2019,"food_rnk",97.0492
"19163013706","tract",2019,"food_rnk",99.7912
"19165960100","tract",2019,"food_rnk",73.1649
"19165960200","tract",2019,"food_rnk",65.8683
"19165960300","tract",2019,"food_rnk",41.929
"19165960400","tract",2019,"food_rnk",49.2581
"19167070100","tract",2019,"food_rnk",70.4257
"19167070200","tract",2019,"food_rnk",77.2582
"19167070300","tract",2019,"food_rnk",65.8175
"19167070400","tract",2019,"food_rnk",59.5563
"19167070500","tract",2019,"food_rnk",77.2286
"19167070600","tract",2019,"food_rnk",82.9243
"19167070700","tract",2019,"food_rnk",83.5661
"19169000100","tract",2019,"food_rnk",83.5957
"19169000200","tract",2019,"food_rnk",71.6994
"19169000300","tract",2019,"food_rnk",80.1216
"19169000400","tract",2019,"food_rnk",47.6444
"19169000500","tract",2019,"food_rnk",NA
"19169000600","tract",2019,"food_rnk",58.3573
"19169000700","tract",2019,"food_rnk",41.4043
"19169000800","tract",2019,"food_rnk",NA
"19169000900","tract",2019,"food_rnk",47.9731
"19169001000","tract",2019,"food_rnk",80.068
"19169001100","tract",2019,"food_rnk",84.2925
"19169001200","tract",2019,"food_rnk",NA
"19169001301","tract",2019,"food_rnk",58.0611
"19169001302","tract",2019,"food_rnk",53.0806
"19169010100","tract",2019,"food_rnk",83.4151
"19169010200","tract",2019,"food_rnk",48.5994
"19169010300","tract",2019,"food_rnk",56.202
"19169010400","tract",2019,"food_rnk",19.3396
"19169010500","tract",2019,"food_rnk",62.5296
"19169010600","tract",2019,"food_rnk",63.95
"19171290100","tract",2019,"food_rnk",59.308
"19171290200","tract",2019,"food_rnk",68.9164
"19171290300","tract",2019,"food_rnk",64.1009
"19171290400","tract",2019,"food_rnk",50.1298
"19171290500","tract",2019,"food_rnk",35.6903
"19171290600","tract",2019,"food_rnk",49.4654
"19173180100","tract",2019,"food_rnk",39.857
"19173180200","tract",2019,"food_rnk",50.9521
"19173180300","tract",2019,"food_rnk",63.3266
"19175190100","tract",2019,"food_rnk",36.5366
"19175190200","tract",2019,"food_rnk",45.7163
"19175190300","tract",2019,"food_rnk",73.117
"19175190400","tract",2019,"food_rnk",64.7145
"19177950100","tract",2019,"food_rnk",34.466
"19177950200","tract",2019,"food_rnk",55.3543
"19179960100","tract",2019,"food_rnk",34.363
"19179960200","tract",2019,"food_rnk",11.483
"19179960300","tract",2019,"food_rnk",74.8321
"19179960400","tract",2019,"food_rnk",7.2952
"19179960500","tract",2019,"food_rnk",6.8847
"19179960600","tract",2019,"food_rnk",19.3791
"19179960700","tract",2019,"food_rnk",55.4164
"19179960800","tract",2019,"food_rnk",47.7869
"19179960900","tract",2019,"food_rnk",29.9707
"19179961000","tract",2019,"food_rnk",15.2773
"19179961100","tract",2019,"food_rnk",40.3196
"19181020100","tract",2019,"food_rnk",68.4947
"19181020200","tract",2019,"food_rnk",78.7802
"19181020300","tract",2019,"food_rnk",83.535
"19181020400","tract",2019,"food_rnk",36.3321
"19181020500","tract",2019,"food_rnk",63.4733
"19181020600","tract",2019,"food_rnk",57.8989
"19181020700","tract",2019,"food_rnk",46.2382
"19181020800","tract",2019,"food_rnk",63.4874
"19181020900","tract",2019,"food_rnk",19.3198
"19181021000","tract",2019,"food_rnk",19.0307
"19181021100","tract",2019,"food_rnk",68.2521
"19181021200","tract",2019,"food_rnk",66.7809
"19183960100","tract",2019,"food_rnk",73.0084
"19183960200","tract",2019,"food_rnk",61.1417
"19183960300","tract",2019,"food_rnk",50.7828
"19183960400","tract",2019,"food_rnk",37.4577
"19183960500","tract",2019,"food_rnk",72.0309
"19185070100","tract",2019,"food_rnk",39.9303
"19185070200","tract",2019,"food_rnk",20.334
"19185070300","tract",2019,"food_rnk",28.3063
"19187000100","tract",2019,"food_rnk",71.6627
"19187000200","tract",2019,"food_rnk",69.2394
"19187000300","tract",2019,"food_rnk",15.9515
"19187000400","tract",2019,"food_rnk",27.2385
"19187000500","tract",2019,"food_rnk",44.4538
"19187000600","tract",2019,"food_rnk",26.2539
"19187000700","tract",2019,"food_rnk",6.9017
"19187000900","tract",2019,"food_rnk",NA
"19187010100","tract",2019,"food_rnk",87.7793
"19187010200","tract",2019,"food_rnk",70.8573
"19187010300","tract",2019,"food_rnk",56.6435
"19187010400","tract",2019,"food_rnk",47.8969
"19189680100","tract",2019,"food_rnk",70.468
"19189680200","tract",2019,"food_rnk",69.9503
"19189680300","tract",2019,"food_rnk",40.1236
"19191950100","tract",2019,"food_rnk",47.9505
"19191950200","tract",2019,"food_rnk",NA
"19191950300","tract",2019,"food_rnk",82.3516
"19191950400","tract",2019,"food_rnk",70.1097
"19191950500","tract",2019,"food_rnk",76.4796
"19193000100","tract",2019,"food_rnk",25.1128
"19193000200","tract",2019,"food_rnk",52.6518
"19193000300","tract",2019,"food_rnk",44.7754
"19193000400","tract",2019,"food_rnk",79.2739
"19193000500","tract",2019,"food_rnk",45.3411
"19193000600","tract",2019,"food_rnk",35.1642
"19193000700","tract",2019,"food_rnk",24.3032
"19193000800","tract",2019,"food_rnk",8.5886
"19193000900","tract",2019,"food_rnk",37.5409
"19193001000","tract",2019,"food_rnk",32.8397
"19193001100","tract",2019,"food_rnk",7.1626
"19193001200","tract",2019,"food_rnk",11.9428
"19193001300","tract",2019,"food_rnk",11.0373
"19193001400","tract",2019,"food_rnk",18.9418
"19193001500","tract",2019,"food_rnk",4.5419
"19193001800","tract",2019,"food_rnk",51.9113
"19193001900","tract",2019,"food_rnk",48.952
"19193002000","tract",2019,"food_rnk",67.5172
"19193002101","tract",2019,"food_rnk",61.0697
"19193002102","tract",2019,"food_rnk",48.5994
"19193003100","tract",2019,"food_rnk",58.882
"19193003200","tract",2019,"food_rnk",73.6544
"19193003300","tract",2019,"food_rnk",75.5586
"19193003500","tract",2019,"food_rnk",70.7713
"19193003600","tract",2019,"food_rnk",10.1162
"19193940200","tract",2019,"food_rnk",NA
"19195690100","tract",2019,"food_rnk",46.7361
"19195690200","tract",2019,"food_rnk",59.1839
"19195690300","tract",2019,"food_rnk",53.8535
"19197680100","tract",2019,"food_rnk",52.2004
"19197680200","tract",2019,"food_rnk",52.608
"19197680300","tract",2019,"food_rnk",48.2778
"19197680400","tract",2019,"food_rnk",65.9078
"19197680500","tract",2019,"food_rnk",41.3535
"19001960100","tract",2019,"food_state_rnk",35.635
"19001960200","tract",2019,"food_state_rnk",19.7287
"19001960300","tract",2019,"food_state_rnk",39.7041
"19003950100","tract",2019,"food_state_rnk",49.0752
"19003950200","tract",2019,"food_state_rnk",35.1418
"19005960100","tract",2019,"food_state_rnk",72.3798
"19005960200","tract",2019,"food_state_rnk",67.7559
"19005960300","tract",2019,"food_state_rnk",40.074
"19005960400","tract",2019,"food_state_rnk",91.492
"19005960500","tract",2019,"food_state_rnk",30.4562
"19007950100","tract",2019,"food_state_rnk",58.1998
"19007950200","tract",2019,"food_state_rnk",54.5006
"19007950300","tract",2019,"food_state_rnk",9.7411
"19007950400","tract",2019,"food_state_rnk",22.8113
"19007950500","tract",2019,"food_state_rnk",75.1541
"19009070100","tract",2019,"food_state_rnk",77.312
"19009070200","tract",2019,"food_state_rnk",19.3588
"19009070300","tract",2019,"food_state_rnk",38.5943
"19011960100","tract",2019,"food_state_rnk",95.9309
"19011960200","tract",2019,"food_state_rnk",61.0358
"19011960300","tract",2019,"food_state_rnk",42.7867
"19011960400","tract",2019,"food_state_rnk",46.2392
"19011960500","tract",2019,"food_state_rnk",82.984
"19011960600","tract",2019,"food_state_rnk",43.2799
"19011960700","tract",2019,"food_state_rnk",27.6202
"19013000100","tract",2019,"food_state_rnk",0.6165
"19013000200","tract",2019,"food_state_rnk",9.3711
"19013000300","tract",2019,"food_state_rnk",0.9864
"19013000400","tract",2019,"food_state_rnk",35.3884
"19013000500","tract",2019,"food_state_rnk",2.4661
"19013000700","tract",2019,"food_state_rnk",11.5906
"19013000800","tract",2019,"food_state_rnk",3.6991
"19013000900","tract",2019,"food_state_rnk",10.2343
"19013001000","tract",2019,"food_state_rnk",37.3613
"19013001100","tract",2019,"food_state_rnk",29.963
"19013001200","tract",2019,"food_state_rnk",96.9174
"19013001301","tract",2019,"food_state_rnk",32.6141
"19013001302","tract",2019,"food_state_rnk",41.5536
"19013001400","tract",2019,"food_state_rnk",54.8705
"19013001501","tract",2019,"food_state_rnk",21.8249
"19013001502","tract",2019,"food_state_rnk",16.2762
"19013001503","tract",2019,"food_state_rnk",84.5869
"19013001600","tract",2019,"food_state_rnk",7.8915
"19013001701","tract",2019,"food_state_rnk",0
"19013001702","tract",2019,"food_state_rnk",12.0838
"19013001800","tract",2019,"food_state_rnk",2.0962
"19013001900","tract",2019,"food_state_rnk",3.2059
"19013002000","tract",2019,"food_state_rnk",48.9519
"19013002200","tract",2019,"food_state_rnk",37.9778
"19013002301","tract",2019,"food_state_rnk",23.6745
"19013002303","tract",2019,"food_state_rnk",NA
"19013002304","tract",2019,"food_state_rnk",78.0518
"19013002400","tract",2019,"food_state_rnk",58.5697
"19013002500","tract",2019,"food_state_rnk",66.2762
"19013002601","tract",2019,"food_state_rnk",86.3132
"19013002603","tract",2019,"food_state_rnk",86.9297
"19013002604","tract",2019,"food_state_rnk",54.1307
"19013002700","tract",2019,"food_state_rnk",73.7978
"19013002800","tract",2019,"food_state_rnk",41.4303
"19013002901","tract",2019,"food_state_rnk",87.053
"19013002902","tract",2019,"food_state_rnk",80.3946
"19013003001","tract",2019,"food_state_rnk",36.4982
"19013003002","tract",2019,"food_state_rnk",85.4501
"19015020100","tract",2019,"food_state_rnk",76.3872
"19015020200","tract",2019,"food_state_rnk",20.7152
"19015020300","tract",2019,"food_state_rnk",43.4649
"19015020400","tract",2019,"food_state_rnk",52.0345
"19015020500","tract",2019,"food_state_rnk",57.09
"19015020600","tract",2019,"food_state_rnk",76.1406
"19015020700","tract",2019,"food_state_rnk",58.4464
"19017004000","tract",2019,"food_state_rnk",NA
"19017004100","tract",2019,"food_state_rnk",57.8915
"19017004200","tract",2019,"food_state_rnk",69.2972
"19017004300","tract",2019,"food_state_rnk",75.709
"19017004400","tract",2019,"food_state_rnk",96.6708
"19017004500","tract",2019,"food_state_rnk",89.5191
"19017004600","tract",2019,"food_state_rnk",86.5598
"19017004700","tract",2019,"food_state_rnk",80.2713
"19019950100","tract",2019,"food_state_rnk",34.9568
"19019950200","tract",2019,"food_state_rnk",69.1122
"19019950300","tract",2019,"food_state_rnk",61.8372
"19019950400","tract",2019,"food_state_rnk",47.2256
"19019950500","tract",2019,"food_state_rnk",30.9494
"19019950600","tract",2019,"food_state_rnk",74.3527
"19021960100","tract",2019,"food_state_rnk",47.6572
"19021960200","tract",2019,"food_state_rnk",30.5795
"19021960300","tract",2019,"food_state_rnk",53.5758
"19021960400","tract",2019,"food_state_rnk",34.0321
"19021960500","tract",2019,"food_state_rnk",10.7275
"19021960600","tract",2019,"food_state_rnk",57.5832
"19023070100","tract",2019,"food_state_rnk",49.6917
"19023070200","tract",2019,"food_state_rnk",37.8545
"19023070300","tract",2019,"food_state_rnk",64.1184
"19023070400","tract",2019,"food_state_rnk",71.7016
"19023070500","tract",2019,"food_state_rnk",60.0493
"19025950100","tract",2019,"food_state_rnk",66.8311
"19025950200","tract",2019,"food_state_rnk",56.3502
"19025950300","tract",2019,"food_state_rnk",33.3539
"19025950400","tract",2019,"food_state_rnk",27.7435
"19027960100","tract",2019,"food_state_rnk",93.3416
"19027960200","tract",2019,"food_state_rnk",97.0407
"19027960300","tract",2019,"food_state_rnk",58.0764
"19027960400","tract",2019,"food_state_rnk",28.8533
"19027960500","tract",2019,"food_state_rnk",68.0641
"19027960600","tract",2019,"food_state_rnk",79.2848
"19029190100","tract",2019,"food_state_rnk",42.91
"19029190200","tract",2019,"food_state_rnk",77.0654
"19029190300","tract",2019,"food_state_rnk",63.2552
"19029190400","tract",2019,"food_state_rnk",17.0777
"19029190500","tract",2019,"food_state_rnk",8.3847
"19031450100","tract",2019,"food_state_rnk",60.5425
"19031450200","tract",2019,"food_state_rnk",72.9963
"19031450300","tract",2019,"food_state_rnk",64.9815
"19031450400","tract",2019,"food_state_rnk",73.1196
"19031450500","tract",2019,"food_state_rnk",95.3144
"19033950102","tract",2019,"food_state_rnk",18.0025
"19033950200","tract",2019,"food_state_rnk",30.148
"19033950300","tract",2019,"food_state_rnk",20.5919
"19033950402","tract",2019,"food_state_rnk",8.508
"19033950600","tract",2019,"food_state_rnk",49.1985
"19033950700","tract",2019,"food_state_rnk",60.9125
"19033950800","tract",2019,"food_state_rnk",75.3391
"19033950900","tract",2019,"food_state_rnk",43.6498
"19033951000","tract",2019,"food_state_rnk",83.9704
"19033951400","tract",2019,"food_state_rnk",81.8742
"19033951600","tract",2019,"food_state_rnk",49.9383
"19035080100","tract",2019,"food_state_rnk",24.6609
"19035080200","tract",2019,"food_state_rnk",59.8027
"19035080300","tract",2019,"food_state_rnk",35.3884
"19035080400","tract",2019,"food_state_rnk",66.5845
"19037070100","tract",2019,"food_state_rnk",87.1763
"19037070200","tract",2019,"food_state_rnk",59.0629
"19037070300","tract",2019,"food_state_rnk",74.476
"19037070400","tract",2019,"food_state_rnk",92.725
"19039960100","tract",2019,"food_state_rnk",23.4279
"19039960200","tract",2019,"food_state_rnk",82.4908
"19039960300","tract",2019,"food_state_rnk",54.7472
"19041080100","tract",2019,"food_state_rnk",77.9285
"19041080200","tract",2019,"food_state_rnk",18.619
"19041080300","tract",2019,"food_state_rnk",52.4044
"19041080400","tract",2019,"food_state_rnk",54.9938
"19043070100","tract",2019,"food_state_rnk",26.2639
"19043070200","tract",2019,"food_state_rnk",45.9926
"19043070300","tract",2019,"food_state_rnk",36.9914
"19043070400","tract",2019,"food_state_rnk",88.5943
"19043070500","tract",2019,"food_state_rnk",69.6671
"19043070600","tract",2019,"food_state_rnk",51.7879
"19045000100","tract",2019,"food_state_rnk",0.3699
"19045000200","tract",2019,"food_state_rnk",5.5487
"19045000300","tract",2019,"food_state_rnk",14.5499
"19045000400","tract",2019,"food_state_rnk",36.0049
"19045000500","tract",2019,"food_state_rnk",24.0444
"19045000600","tract",2019,"food_state_rnk",13.1936
"19045000700","tract",2019,"food_state_rnk",30.8261
"19045000800","tract",2019,"food_state_rnk",45.8693
"19045000900","tract",2019,"food_state_rnk",82.2441
"19045001000","tract",2019,"food_state_rnk",50.3083
"19045001100","tract",2019,"food_state_rnk",59.4328
"19045001200","tract",2019,"food_state_rnk",63.0086
"19047070100","tract",2019,"food_state_rnk",80.7028
"19047070200","tract",2019,"food_state_rnk",47.4723
"19047070300","tract",2019,"food_state_rnk",20.0986
"19047070400","tract",2019,"food_state_rnk",62.2072
"19047070500","tract",2019,"food_state_rnk",69.1122
"19049050100","tract",2019,"food_state_rnk",87.4229
"19049050200","tract",2019,"food_state_rnk",62.0222
"19049050300","tract",2019,"food_state_rnk",15.1665
"19049050400","tract",2019,"food_state_rnk",18.1258
"19049050500","tract",2019,"food_state_rnk",94.5746
"19049050600","tract",2019,"food_state_rnk",57.2133
"19049050700","tract",2019,"food_state_rnk",92.6017
"19049050803","tract",2019,"food_state_rnk",99.7534
"19049050805","tract",2019,"food_state_rnk",91.7386
"19049050807","tract",2019,"food_state_rnk",81.6893
"19049050809","tract",2019,"food_state_rnk",90.5055
"19049050811","tract",2019,"food_state_rnk",99.5068
"19049050812","tract",2019,"food_state_rnk",72.1332
"19049050901","tract",2019,"food_state_rnk",98.2737
"19049050902","tract",2019,"food_state_rnk",75.524
"19051080100","tract",2019,"food_state_rnk",39.0259
"19051080200","tract",2019,"food_state_rnk",67.7559
"19053960100","tract",2019,"food_state_rnk",44.5129
"19053960200","tract",2019,"food_state_rnk",28.9766
"19053960300","tract",2019,"food_state_rnk",23.5512
"19055950100","tract",2019,"food_state_rnk",68.8039
"19055950200","tract",2019,"food_state_rnk",88.2244
"19055950300","tract",2019,"food_state_rnk",60.2343
"19055950400","tract",2019,"food_state_rnk",92.4784
"19057000200","tract",2019,"food_state_rnk",5.3021
"19057000300","tract",2019,"food_state_rnk",6.1652
"19057000400","tract",2019,"food_state_rnk",1.233
"19057000500","tract",2019,"food_state_rnk",10.9741
"19057000600","tract",2019,"food_state_rnk",46.6091
"19057000700","tract",2019,"food_state_rnk",49.815
"19057000800","tract",2019,"food_state_rnk",29.7164
"19057000900","tract",2019,"food_state_rnk",41.8002
"19057001000","tract",2019,"food_state_rnk",77.5586
"19057001100","tract",2019,"food_state_rnk",65.1048
"19057001200","tract",2019,"food_state_rnk",53.3909
"19059450200","tract",2019,"food_state_rnk",64.3033
"19059450500","tract",2019,"food_state_rnk",86.8064
"19059450800","tract",2019,"food_state_rnk",58.7546
"19059451000","tract",2019,"food_state_rnk",94.6979
"19059451100","tract",2019,"food_state_rnk",72.5031
"19061000100","tract",2019,"food_state_rnk",1.4797
"19061000300","tract",2019,"food_state_rnk",11.4673
"19061000400","tract",2019,"food_state_rnk",44.3896
"19061000500","tract",2019,"food_state_rnk",0.8631
"19061000600","tract",2019,"food_state_rnk",8.7546
"19061000701","tract",2019,"food_state_rnk",13.4402
"19061000702","tract",2019,"food_state_rnk",48.2121
"19061000801","tract",2019,"food_state_rnk",78.2984
"19061000802","tract",2019,"food_state_rnk",98.8903
"19061000900","tract",2019,"food_state_rnk",80.0247
"19061001101","tract",2019,"food_state_rnk",71.1467
"19061001102","tract",2019,"food_state_rnk",91.3687
"19061001201","tract",2019,"food_state_rnk",64.3033
"19061001202","tract",2019,"food_state_rnk",16.1529
"19061001204","tract",2019,"food_state_rnk",41.6769
"19061001205","tract",2019,"food_state_rnk",82.7374
"19061010101","tract",2019,"food_state_rnk",16.7694
"19061010103","tract",2019,"food_state_rnk",47.349
"19061010104","tract",2019,"food_state_rnk",81.0727
"19061010105","tract",2019,"food_state_rnk",97.7805
"19061010201","tract",2019,"food_state_rnk",84.3403
"19061010202","tract",2019,"food_state_rnk",90.2589
"19061010300","tract",2019,"food_state_rnk",90.9988
"19061010400","tract",2019,"food_state_rnk",90.8755
"19061010500","tract",2019,"food_state_rnk",59.0629
"19061010600","tract",2019,"food_state_rnk",96.7941
"19063070100","tract",2019,"food_state_rnk",21.5783
"19063070200","tract",2019,"food_state_rnk",93.2182
"19063070300","tract",2019,"food_state_rnk",27.2503
"19063070400","tract",2019,"food_state_rnk",40.8138
"19065080100","tract",2019,"food_state_rnk",25.894
"19065080200","tract",2019,"food_state_rnk",28.4834
"19065080300","tract",2019,"food_state_rnk",51.1714
"19065080400","tract",2019,"food_state_rnk",19.2355
"19065080500","tract",2019,"food_state_rnk",19.9753
"19065080600","tract",2019,"food_state_rnk",69.5438
"19065080700","tract",2019,"food_state_rnk",82.6141
"19067480100","tract",2019,"food_state_rnk",93.4649
"19067480200","tract",2019,"food_state_rnk",70.7768
"19067480300","tract",2019,"food_state_rnk",74.2293
"19067480400","tract",2019,"food_state_rnk",6.2885
"19067480500","tract",2019,"food_state_rnk",18.4957
"19069360100","tract",2019,"food_state_rnk",84.7719
"19069360200","tract",2019,"food_state_rnk",21.9482
"19069360300","tract",2019,"food_state_rnk",37.1147
"19071970100","tract",2019,"food_state_rnk",65.2281
"19071970200","tract",2019,"food_state_rnk",74.106
"19071970300","tract",2019,"food_state_rnk",20.3453
"19073080100","tract",2019,"food_state_rnk",29.0999
"19073080200","tract",2019,"food_state_rnk",7.1517
"19073080300","tract",2019,"food_state_rnk",70.2219
"19073080500","tract",2019,"food_state_rnk",22.688
"19075960100","tract",2019,"food_state_rnk",73.6128
"19075960200","tract",2019,"food_state_rnk",88.4094
"19075960300","tract",2019,"food_state_rnk",55.1171
"19075960400","tract",2019,"food_state_rnk",73.4279
"19077950100","tract",2019,"food_state_rnk",70.9001
"19077950200","tract",2019,"food_state_rnk",45.2528
"19077950300","tract",2019,"food_state_rnk",57.4599
"19079960100","tract",2019,"food_state_rnk",89.1492
"19079960200","tract",2019,"food_state_rnk",86.4365
"19079960300","tract",2019,"food_state_rnk",47.9038
"19079960400","tract",2019,"food_state_rnk",24.7842
"19079960500","tract",2019,"food_state_rnk",62.762
"19081270100","tract",2019,"food_state_rnk",71.27
"19081270200","tract",2019,"food_state_rnk",52.2811
"19081270300","tract",2019,"food_state_rnk",30.148
"19081270400","tract",2019,"food_state_rnk",41.0604
"19083480100","tract",2019,"food_state_rnk",66.4612
"19083480200","tract",2019,"food_state_rnk",51.9112
"19083480300","tract",2019,"food_state_rnk",37.5462
"19083480400","tract",2019,"food_state_rnk",84.0937
"19083480500","tract",2019,"food_state_rnk",71.0234
"19083480600","tract",2019,"food_state_rnk",25.0308
"19085290100","tract",2019,"food_state_rnk",44.6363
"19085290200","tract",2019,"food_state_rnk",63.9334
"19085290300","tract",2019,"food_state_rnk",53.2676
"19085290400","tract",2019,"food_state_rnk",16.8927
"19085290500","tract",2019,"food_state_rnk",91.1221
"19087970100","tract",2019,"food_state_rnk",44.143
"19087970200","tract",2019,"food_state_rnk",39.5191
"19087970300","tract",2019,"food_state_rnk",39.0259
"19087970400","tract",2019,"food_state_rnk",41.307
"19087970500","tract",2019,"food_state_rnk",48.5203
"19089960100","tract",2019,"food_state_rnk",58.3231
"19089960200","tract",2019,"food_state_rnk",97.9038
"19089960300","tract",2019,"food_state_rnk",55.9803
"19091970100","tract",2019,"food_state_rnk",20.2219
"19091970200","tract",2019,"food_state_rnk",52.9593
"19091970300","tract",2019,"food_state_rnk",25.4007
"19091970400","tract",2019,"food_state_rnk",52.9593
"19093090100","tract",2019,"food_state_rnk",59.3095
"19093090200","tract",2019,"food_state_rnk",53.8841
"19093090300","tract",2019,"food_state_rnk",51.6646
"19095960100","tract",2019,"food_state_rnk",93.9581
"19095960200","tract",2019,"food_state_rnk",63.1319
"19095960300","tract",2019,"food_state_rnk",83.6005
"19095960400","tract",2019,"food_state_rnk",64.6116
"19097950100","tract",2019,"food_state_rnk",87.5462
"19097950200","tract",2019,"food_state_rnk",67.201
"19097950300","tract",2019,"food_state_rnk",73.2429
"19097950400","tract",2019,"food_state_rnk",90.7522
"19097950500","tract",2019,"food_state_rnk",13.8101
"19097950600","tract",2019,"food_state_rnk",8.0148
"19099040100","tract",2019,"food_state_rnk",32.4291
"19099040200","tract",2019,"food_state_rnk",86.1899
"19099040300","tract",2019,"food_state_rnk",4.9322
"19099040400","tract",2019,"food_state_rnk",9.1245
"19099040500","tract",2019,"food_state_rnk",10.8508
"19099040600","tract",2019,"food_state_rnk",65.3514
"19099040700","tract",2019,"food_state_rnk",42.0469
"19099040800","tract",2019,"food_state_rnk",81.2577
"19099040900","tract",2019,"food_state_rnk",79.5314
"19101090100","tract",2019,"food_state_rnk",85.6967
"19101090200","tract",2019,"food_state_rnk",50.0617
"19101090300","tract",2019,"food_state_rnk",15.6597
"19101090400","tract",2019,"food_state_rnk",43.1566
"19103000100","tract",2019,"food_state_rnk",84.4636
"19103000200","tract",2019,"food_state_rnk",14.9199
"19103000301","tract",2019,"food_state_rnk",85.5734
"19103000302","tract",2019,"food_state_rnk",35.7583
"19103000400","tract",2019,"food_state_rnk",31.566
"19103000500","tract",2019,"food_state_rnk",52.5277
"19103000600","tract",2019,"food_state_rnk",7.275
"19103001100","tract",2019,"food_state_rnk",26.0173
"19103001200","tract",2019,"food_state_rnk",77.4353
"19103001300","tract",2019,"food_state_rnk",46.979
"19103001400","tract",2019,"food_state_rnk",66.7078
"19103001500","tract",2019,"food_state_rnk",63.3785
"19103001600","tract",2019,"food_state_rnk",23.9211
"19103001700","tract",2019,"food_state_rnk",22.0715
"19103001801","tract",2019,"food_state_rnk",24.5376
"19103001802","tract",2019,"food_state_rnk",25.6473
"19103002100","tract",2019,"food_state_rnk",NA
"19103002300","tract",2019,"food_state_rnk",NA
"19103010100","tract",2019,"food_state_rnk",96.4242
"19103010200","tract",2019,"food_state_rnk",96.0543
"19103010301","tract",2019,"food_state_rnk",89.889
"19103010302","tract",2019,"food_state_rnk",98.0271
"19103010400","tract",2019,"food_state_rnk",66.0912
"19103010500","tract",2019,"food_state_rnk",39.5191
"19105070100","tract",2019,"food_state_rnk",95.1911
"19105070300","tract",2019,"food_state_rnk",38.471
"19105070400","tract",2019,"food_state_rnk",68.2491
"19105070500","tract",2019,"food_state_rnk",27.4969
"19105070600","tract",2019,"food_state_rnk",40.2589
"19107080100","tract",2019,"food_state_rnk",57.3366
"19107080200","tract",2019,"food_state_rnk",23.1813
"19107080300","tract",2019,"food_state_rnk",34.3403
"19107080400","tract",2019,"food_state_rnk",29.3465
"19109950100","tract",2019,"food_state_rnk",32.6141
"19109950200","tract",2019,"food_state_rnk",55.3637
"19109950300","tract",2019,"food_state_rnk",41.1837
"19109950400","tract",2019,"food_state_rnk",17.8792
"19109950500","tract",2019,"food_state_rnk",69.9137
"19109950600","tract",2019,"food_state_rnk",88.5943
"19111490100","tract",2019,"food_state_rnk",29.5931
"19111490200","tract",2019,"food_state_rnk",10.6042
"19111490300","tract",2019,"food_state_rnk",56.5968
"19111490400","tract",2019,"food_state_rnk",85.3268
"19111490500","tract",2019,"food_state_rnk",68.5573
"19111490600","tract",2019,"food_state_rnk",39.3342
"19111490700","tract",2019,"food_state_rnk",50.8015
"19111490800","tract",2019,"food_state_rnk",2.3428
"19111490900","tract",2019,"food_state_rnk",4.1924
"19111491000","tract",2019,"food_state_rnk",3.9457
"19111491100","tract",2019,"food_state_rnk",26.7571
"19113000100","tract",2019,"food_state_rnk",85.2035
"19113000201","tract",2019,"food_state_rnk",18.8656
"19113000203","tract",2019,"food_state_rnk",98.1504
"19113000205","tract",2019,"food_state_rnk",94.2047
"19113000206","tract",2019,"food_state_rnk",96.3009
"19113000207","tract",2019,"food_state_rnk",36.8681
"19113000300","tract",2019,"food_state_rnk",33.1073
"19113000400","tract",2019,"food_state_rnk",54.3773
"19113000500","tract",2019,"food_state_rnk",82.3674
"19113000600","tract",2019,"food_state_rnk",38.8409
"19113000700","tract",2019,"food_state_rnk",36.1282
"19113000800","tract",2019,"food_state_rnk",43.8964
"19113000901","tract",2019,"food_state_rnk",47.1023
"19113000902","tract",2019,"food_state_rnk",94.4513
"19113001001","tract",2019,"food_state_rnk",76.1406
"19113001002","tract",2019,"food_state_rnk",60.5425
"19113001003","tract",2019,"food_state_rnk",17.2626
"19113001101","tract",2019,"food_state_rnk",27.8668
"19113001102","tract",2019,"food_state_rnk",59.926
"19113001200","tract",2019,"food_state_rnk",10.3576
"19113001300","tract",2019,"food_state_rnk",14.3033
"19113001400","tract",2019,"food_state_rnk",31.8126
"19113001500","tract",2019,"food_state_rnk",21.455
"19113001600","tract",2019,"food_state_rnk",94.9445
"19113001700","tract",2019,"food_state_rnk",17.6326
"19113001800","tract",2019,"food_state_rnk",17.7559
"19113001900","tract",2019,"food_state_rnk",NA
"19113002200","tract",2019,"food_state_rnk",13.3169
"19113002300","tract",2019,"food_state_rnk",18.3724
"19113002400","tract",2019,"food_state_rnk",24.4143
"19113002500","tract",2019,"food_state_rnk",10.111
"19113002600","tract",2019,"food_state_rnk",4.0691
"19113002700","tract",2019,"food_state_rnk",2.836
"19113002800","tract",2019,"food_state_rnk",37.238
"19113002900","tract",2019,"food_state_rnk",34.6486
"19113003001","tract",2019,"food_state_rnk",93.8348
"19113003002","tract",2019,"food_state_rnk",56.4735
"19113010100","tract",2019,"food_state_rnk",84.7719
"19113010200","tract",2019,"food_state_rnk",57.8915
"19113010300","tract",2019,"food_state_rnk",62.2072
"19113010400","tract",2019,"food_state_rnk",51.0481
"19113010500","tract",2019,"food_state_rnk",68.434
"19113010600","tract",2019,"food_state_rnk",95.8076
"19113010700","tract",2019,"food_state_rnk",95.0678
"19113010800","tract",2019,"food_state_rnk",99.1369
"19115450100","tract",2019,"food_state_rnk",38.3477
"19115450200","tract",2019,"food_state_rnk",50.9248
"19115450300","tract",2019,"food_state_rnk",50.185
"19117950100","tract",2019,"food_state_rnk",28.73
"19117950200","tract",2019,"food_state_rnk",47.6572
"19117950300","tract",2019,"food_state_rnk",14.6732
"19117950400","tract",2019,"food_state_rnk",21.0851
"19119950100","tract",2019,"food_state_rnk",79.4081
"19119950200","tract",2019,"food_state_rnk",72.873
"19119950300","tract",2019,"food_state_rnk",92.9716
"19121060100","tract",2019,"food_state_rnk",84.217
"19121060200","tract",2019,"food_state_rnk",33.5388
"19121060300","tract",2019,"food_state_rnk",56.7201
"19123950100","tract",2019,"food_state_rnk",25.2774
"19123950200","tract",2019,"food_state_rnk",91.6153
"19123950300","tract",2019,"food_state_rnk",62.8853
"19123950400","tract",2019,"food_state_rnk",34.1554
"19123950500","tract",2019,"food_state_rnk",48.5203
"19123950600","tract",2019,"food_state_rnk",9.8644
"19123950700","tract",2019,"food_state_rnk",2.7127
"19125030100","tract",2019,"food_state_rnk",59.6178
"19125030200","tract",2019,"food_state_rnk",87.2996
"19125030300","tract",2019,"food_state_rnk",NA
"19125030401","tract",2019,"food_state_rnk",52.651
"19125030402","tract",2019,"food_state_rnk",46.4858
"19125030500","tract",2019,"food_state_rnk",11.2207
"19125030600","tract",2019,"food_state_rnk",34.9568
"19125030700","tract",2019,"food_state_rnk",45.6227
"19127950100","tract",2019,"food_state_rnk",82.8607
"19127950200","tract",2019,"food_state_rnk",69.7904
"19127950300","tract",2019,"food_state_rnk",65.598
"19127950400","tract",2019,"food_state_rnk",60.5425
"19127950500","tract",2019,"food_state_rnk",11.8372
"19127950600","tract",2019,"food_state_rnk",14.4266
"19127950700","tract",2019,"food_state_rnk",26.6338
"19127950800","tract",2019,"food_state_rnk",72.2565
"19127950900","tract",2019,"food_state_rnk",23.058
"19127951000","tract",2019,"food_state_rnk",26.1406
"19129040100","tract",2019,"food_state_rnk",33.7855
"19129040201","tract",2019,"food_state_rnk",76.5721
"19129040202","tract",2019,"food_state_rnk",64.8582
"19129040301","tract",2019,"food_state_rnk",34.5253
"19129040302","tract",2019,"food_state_rnk",48.7053
"19131560100","tract",2019,"food_state_rnk",79.1615
"19131560200","tract",2019,"food_state_rnk",93.7115
"19131560300","tract",2019,"food_state_rnk",68.2491
"19133960100","tract",2019,"food_state_rnk",29.8397
"19133960200","tract",2019,"food_state_rnk",52.1578
"19133960300","tract",2019,"food_state_rnk",18.2491
"19133960400","tract",2019,"food_state_rnk",61.6523
"19135070100","tract",2019,"food_state_rnk",94.0814
"19135070200","tract",2019,"food_state_rnk",22.1948
"19135070300","tract",2019,"food_state_rnk",71.7016
"19137960100","tract",2019,"food_state_rnk",40.4439
"19137960200","tract",2019,"food_state_rnk",14.0567
"19137960300","tract",2019,"food_state_rnk",13.5635
"19137960400","tract",2019,"food_state_rnk",30.7028
"19139050100","tract",2019,"food_state_rnk",87.6695
"19139050200","tract",2019,"food_state_rnk",93.5882
"19139050300","tract",2019,"food_state_rnk",72.6264
"19139050400","tract",2019,"food_state_rnk",39.2109
"19139050500","tract",2019,"food_state_rnk",33.1073
"19139050600","tract",2019,"food_state_rnk",99.3835
"19139050700","tract",2019,"food_state_rnk",46.7324
"19139050800","tract",2019,"food_state_rnk",28.1134
"19139050900","tract",2019,"food_state_rnk",36.3132
"19139051000","tract",2019,"food_state_rnk",7.6449
"19141490100","tract",2019,"food_state_rnk",54.6239
"19141490200","tract",2019,"food_state_rnk",63.6252
"19141490300","tract",2019,"food_state_rnk",60.2343
"19141490400","tract",2019,"food_state_rnk",34.7719
"19143460100","tract",2019,"food_state_rnk",25.524
"19143460200","tract",2019,"food_state_rnk",49.4451
"19145490100","tract",2019,"food_state_rnk",65.4747
"19145490200","tract",2019,"food_state_rnk",12.4538
"19145490300","tract",2019,"food_state_rnk",43.0333
"19145490400","tract",2019,"food_state_rnk",32.1825
"19145490500","tract",2019,"food_state_rnk",36.7448
"19145490600","tract",2019,"food_state_rnk",48.8286
"19147960100","tract",2019,"food_state_rnk",82.1208
"19147960200","tract",2019,"food_state_rnk",43.7731
"19147960300","tract",2019,"food_state_rnk",27.9901
"19147960400","tract",2019,"food_state_rnk",29.4698
"19149970100","tract",2019,"food_state_rnk",72.7497
"19149970200","tract",2019,"food_state_rnk",54.254
"19149970300","tract",2019,"food_state_rnk",70.2219
"19149970400","tract",2019,"food_state_rnk",78.4217
"19149970500","tract",2019,"food_state_rnk",55.6104
"19149970600","tract",2019,"food_state_rnk",87.7928
"19151780100","tract",2019,"food_state_rnk",15.2898
"19151780200","tract",2019,"food_state_rnk",36.3132
"19151780300","tract",2019,"food_state_rnk",66.2762
"19153000101","tract",2019,"food_state_rnk",5.1788
"19153000102","tract",2019,"food_state_rnk",15.4131
"19153000103","tract",2019,"food_state_rnk",12.5771
"19153000201","tract",2019,"food_state_rnk",38.1011
"19153000202","tract",2019,"food_state_rnk",21.27
"19153000300","tract",2019,"food_state_rnk",20.9618
"19153000400","tract",2019,"food_state_rnk",13.9334
"19153000500","tract",2019,"food_state_rnk",6.0419
"19153000600","tract",2019,"food_state_rnk",9.2478
"19153000701","tract",2019,"food_state_rnk",5.0555
"19153000702","tract",2019,"food_state_rnk",27.127
"19153000703","tract",2019,"food_state_rnk",76.3872
"19153000704","tract",2019,"food_state_rnk",57.7065
"19153000801","tract",2019,"food_state_rnk",14.18
"19153000802","tract",2019,"food_state_rnk",81.0727
"19153000803","tract",2019,"food_state_rnk",8.6313
"19153000901","tract",2019,"food_state_rnk",51.2947
"19153000902","tract",2019,"food_state_rnk",53.5758
"19153001000","tract",2019,"food_state_rnk",16.3995
"19153001100","tract",2019,"food_state_rnk",0.7398
"19153001200","tract",2019,"food_state_rnk",4.8089
"19153001500","tract",2019,"food_state_rnk",5.4254
"19153001700","tract",2019,"food_state_rnk",1.1097
"19153001800","tract",2019,"food_state_rnk",4.5623
"19153001900","tract",2019,"food_state_rnk",7.0284
"19153002100","tract",2019,"food_state_rnk",9.0012
"19153002600","tract",2019,"food_state_rnk",2.2195
"19153002700","tract",2019,"food_state_rnk",54.0074
"19153002800","tract",2019,"food_state_rnk",20.4686
"19153002900","tract",2019,"food_state_rnk",56.8434
"19153003001","tract",2019,"food_state_rnk",62.5771
"19153003002","tract",2019,"food_state_rnk",98.397
"19153003100","tract",2019,"food_state_rnk",53.7608
"19153003200","tract",2019,"food_state_rnk",88.2244
"19153003901","tract",2019,"food_state_rnk",1.7263
"19153003902","tract",2019,"food_state_rnk",23.3046
"19153004001","tract",2019,"food_state_rnk",5.7953
"19153004004","tract",2019,"food_state_rnk",77.1887
"19153004100","tract",2019,"food_state_rnk",24.291
"19153004200","tract",2019,"food_state_rnk",8.8779
"19153004300","tract",2019,"food_state_rnk",73.9827
"19153004400","tract",2019,"food_state_rnk",8.1381
"19153004501","tract",2019,"food_state_rnk",6.5351
"19153004502","tract",2019,"food_state_rnk",27.3736
"19153004602","tract",2019,"food_state_rnk",3.5758
"19153004603","tract",2019,"food_state_rnk",17.3859
"19153004701","tract",2019,"food_state_rnk",7.5216
"19153004702","tract",2019,"food_state_rnk",5.9186
"19153004800","tract",2019,"food_state_rnk",0.4932
"19153004900","tract",2019,"food_state_rnk",1.9729
"19153005000","tract",2019,"food_state_rnk",3.8224
"19153005100","tract",2019,"food_state_rnk",7.3983
"19153005200","tract",2019,"food_state_rnk",0.2466
"19153005300","tract",2019,"food_state_rnk",19.1122
"19153010101","tract",2019,"food_state_rnk",96.1776
"19153010102","tract",2019,"food_state_rnk",89.0259
"19153010203","tract",2019,"food_state_rnk",100
"19153010205","tract",2019,"food_state_rnk",66.9544
"19153010207","tract",2019,"food_state_rnk",75.894
"19153010208","tract",2019,"food_state_rnk",52.9593
"19153010209","tract",2019,"food_state_rnk",61.8372
"19153010211","tract",2019,"food_state_rnk",61.2824
"19153010212","tract",2019,"food_state_rnk",21.27
"19153010404","tract",2019,"food_state_rnk",71.3933
"19153010405","tract",2019,"food_state_rnk",40.6905
"19153010406","tract",2019,"food_state_rnk",56.1036
"19153010407","tract",2019,"food_state_rnk",90.0123
"19153010408","tract",2019,"food_state_rnk",37.7312
"19153010409","tract",2019,"food_state_rnk",35.8816
"19153010500","tract",2019,"food_state_rnk",83.8471
"19153010600","tract",2019,"food_state_rnk",70.4069
"19153010702","tract",2019,"food_state_rnk",78.73
"19153010703","tract",2019,"food_state_rnk",44.8829
"19153010705","tract",2019,"food_state_rnk",45.746
"19153010706","tract",2019,"food_state_rnk",81.6893
"19153010802","tract",2019,"food_state_rnk",28.6067
"19153010803","tract",2019,"food_state_rnk",26.5105
"19153010804","tract",2019,"food_state_rnk",97.6572
"19153011001","tract",2019,"food_state_rnk",19.6054
"19153011021","tract",2019,"food_state_rnk",76.942
"19153011025","tract",2019,"food_state_rnk",97.4106
"19153011026","tract",2019,"food_state_rnk",98.5203
"19153011027","tract",2019,"food_state_rnk",61.4673
"19153011028","tract",2019,"food_state_rnk",63.5018
"19153011111","tract",2019,"food_state_rnk",56.9667
"19153011112","tract",2019,"food_state_rnk",86.0666
"19153011113","tract",2019,"food_state_rnk",83.4772
"19153011114","tract",2019,"food_state_rnk",81.381
"19153011201","tract",2019,"food_state_rnk",35.3884
"19153011203","tract",2019,"food_state_rnk",99.6301
"19153011205","tract",2019,"food_state_rnk",11.0974
"19153011206","tract",2019,"food_state_rnk",95.6843
"19153011300","tract",2019,"food_state_rnk",99.0136
"19153011404","tract",2019,"food_state_rnk",85.0801
"19153011500","tract",2019,"food_state_rnk",97.164
"19153011600","tract",2019,"food_state_rnk",NA
"19153011701","tract",2019,"food_state_rnk",99.2602
"19153011702","tract",2019,"food_state_rnk",32.799
"19155021200","tract",2019,"food_state_rnk",34.3403
"19155021400","tract",2019,"food_state_rnk",77.8052
"19155021501","tract",2019,"food_state_rnk",73.7978
"19155021502","tract",2019,"food_state_rnk",86.6831
"19155021602","tract",2019,"food_state_rnk",95.561
"19155021603","tract",2019,"food_state_rnk",70.6535
"19155021701","tract",2019,"food_state_rnk",45.0062
"19155021702","tract",2019,"food_state_rnk",88.0395
"19155030100","tract",2019,"food_state_rnk",65.7213
"19155030200","tract",2019,"food_state_rnk",24.1677
"19155030300","tract",2019,"food_state_rnk",32.9223
"19155030401","tract",2019,"food_state_rnk",11.7139
"19155030402","tract",2019,"food_state_rnk",29.2232
"19155030501","tract",2019,"food_state_rnk",21.7016
"19155030502","tract",2019,"food_state_rnk",22.4414
"19155030601","tract",2019,"food_state_rnk",17.0777
"19155030602","tract",2019,"food_state_rnk",4.6856
"19155030700","tract",2019,"food_state_rnk",4.439
"19155030800","tract",2019,"food_state_rnk",36.6215
"19155030900","tract",2019,"food_state_rnk",0.1233
"19155031000","tract",2019,"food_state_rnk",15.0432
"19155031100","tract",2019,"food_state_rnk",55.7337
"19155031200","tract",2019,"food_state_rnk",39.9507
"19155031300","tract",2019,"food_state_rnk",7.7682
"19155031400","tract",2019,"food_state_rnk",10.4809
"19155031601","tract",2019,"food_state_rnk",89.6424
"19155031602","tract",2019,"food_state_rnk",95.4377
"19155031700","tract",2019,"food_state_rnk",67.9408
"19155031800","tract",2019,"food_state_rnk",46.2392
"19155031900","tract",2019,"food_state_rnk",83.3539
"19157370100","tract",2019,"food_state_rnk",74.7842
"19157370200","tract",2019,"food_state_rnk",81.5043
"19157370300","tract",2019,"food_state_rnk",88.9026
"19157370400","tract",2019,"food_state_rnk",15.783
"19157370500","tract",2019,"food_state_rnk",74.5993
"19159950100","tract",2019,"food_state_rnk",92.3551
"19159950200","tract",2019,"food_state_rnk",18.9889
"19161080100","tract",2019,"food_state_rnk",51.5413
"19161080200","tract",2019,"food_state_rnk",74.9692
"19161080300","tract",2019,"food_state_rnk",70.5302
"19161080400","tract",2019,"food_state_rnk",15.9679
"19163010101","tract",2019,"food_state_rnk",94.328
"19163010102","tract",2019,"food_state_rnk",96.5475
"19163010201","tract",2019,"food_state_rnk",30.3329
"19163010202","tract",2019,"food_state_rnk",89.7657
"19163010300","tract",2019,"food_state_rnk",98.6436
"19163010401","tract",2019,"food_state_rnk",93.0949
"19163010402","tract",2019,"food_state_rnk",64.7349
"19163010600","tract",2019,"food_state_rnk",1.603
"19163010700","tract",2019,"food_state_rnk",2.5894
"19163010800","tract",2019,"food_state_rnk",19.4821
"19163010900","tract",2019,"food_state_rnk",15.5364
"19163011000","tract",2019,"food_state_rnk",1.8496
"19163011100","tract",2019,"food_state_rnk",31.9359
"19163011200","tract",2019,"food_state_rnk",22.5647
"19163011300","tract",2019,"food_state_rnk",6.9051
"19163011400","tract",2019,"food_state_rnk",11.344
"19163011500","tract",2019,"food_state_rnk",8.2614
"19163011600","tract",2019,"food_state_rnk",79.9014
"19163011700","tract",2019,"food_state_rnk",32.0592
"19163011800","tract",2019,"food_state_rnk",46.2392
"19163011900","tract",2019,"food_state_rnk",40.2589
"19163012000","tract",2019,"food_state_rnk",83.2306
"19163012100","tract",2019,"food_state_rnk",64.4883
"19163012200","tract",2019,"food_state_rnk",22.3181
"19163012300","tract",2019,"food_state_rnk",14.7965
"19163012400","tract",2019,"food_state_rnk",45.4994
"19163012501","tract",2019,"food_state_rnk",9.4945
"19163012502","tract",2019,"food_state_rnk",31.3194
"19163012601","tract",2019,"food_state_rnk",22.9346
"19163012602","tract",2019,"food_state_rnk",16.6461
"19163012701","tract",2019,"food_state_rnk",41.9236
"19163012702","tract",2019,"food_state_rnk",90.1356
"19163012801","tract",2019,"food_state_rnk",11.9605
"19163012802","tract",2019,"food_state_rnk",32.3058
"19163012901","tract",2019,"food_state_rnk",50.5549
"19163012902","tract",2019,"food_state_rnk",69.4205
"19163013000","tract",2019,"food_state_rnk",90.3822
"19163013100","tract",2019,"food_state_rnk",48.3354
"19163013200","tract",2019,"food_state_rnk",67.0777
"19163013300","tract",2019,"food_state_rnk",65.8446
"19163013400","tract",2019,"food_state_rnk",13.0703
"19163013500","tract",2019,"food_state_rnk",75.1541
"19163013600","tract",2019,"food_state_rnk",62.3921
"19163013702","tract",2019,"food_state_rnk",97.5339
"19163013703","tract",2019,"food_state_rnk",97.2873
"19163013705","tract",2019,"food_state_rnk",98.767
"19163013706","tract",2019,"food_state_rnk",99.8767
"19165960100","tract",2019,"food_state_rnk",80.8878
"19165960200","tract",2019,"food_state_rnk",71.8866
"19165960300","tract",2019,"food_state_rnk",33.9088
"19165960400","tract",2019,"food_state_rnk",45.1295
"19167070100","tract",2019,"food_state_rnk",78.545
"19167070200","tract",2019,"food_state_rnk",85.9433
"19167070300","tract",2019,"food_state_rnk",71.5166
"19167070400","tract",2019,"food_state_rnk",62.5771
"19167070500","tract",2019,"food_state_rnk",85.82
"19167070600","tract",2019,"food_state_rnk",91.2454
"19167070700","tract",2019,"food_state_rnk",92.1085
"19169000100","tract",2019,"food_state_rnk",92.2318
"19169000200","tract",2019,"food_state_rnk",79.7781
"19169000300","tract",2019,"food_state_rnk",89.3958
"19169000400","tract",2019,"food_state_rnk",42.1702
"19169000500","tract",2019,"food_state_rnk",NA
"19169000600","tract",2019,"food_state_rnk",59.6178
"19169000700","tract",2019,"food_state_rnk",33.6621
"19169000800","tract",2019,"food_state_rnk",NA
"19169000900","tract",2019,"food_state_rnk",42.6634
"19169001000","tract",2019,"food_state_rnk",89.2725
"19169001100","tract",2019,"food_state_rnk",92.8483
"19169001200","tract",2019,"food_state_rnk",NA
"19169001301","tract",2019,"food_state_rnk",59.0629
"19169001302","tract",2019,"food_state_rnk",51.418
"19169010100","tract",2019,"food_state_rnk",91.8619
"19169010200","tract",2019,"food_state_rnk",44.143
"19169010300","tract",2019,"food_state_rnk",55.857
"19169010400","tract",2019,"food_state_rnk",12.8237
"19169010500","tract",2019,"food_state_rnk",65.9679
"19169010600","tract",2019,"food_state_rnk",68.6806
"19171290100","tract",2019,"food_state_rnk",61.4673
"19171290200","tract",2019,"food_state_rnk",76.6954
"19171290300","tract",2019,"food_state_rnk",68.9273
"19171290400","tract",2019,"food_state_rnk",46.8557
"19171290500","tract",2019,"food_state_rnk",26.3872
"19171290600","tract",2019,"food_state_rnk",45.3761
"19173180100","tract",2019,"food_state_rnk",31.0727
"19173180200","tract",2019,"food_state_rnk",48.0888
"19173180300","tract",2019,"food_state_rnk",67.3243
"19175190100","tract",2019,"food_state_rnk",27.0037
"19175190200","tract",2019,"food_state_rnk",39.8274
"19175190300","tract",2019,"food_state_rnk",80.7028
"19175190400","tract",2019,"food_state_rnk",70.037
"19177950100","tract",2019,"food_state_rnk",25.1541
"19177950200","tract",2019,"food_state_rnk",55.2404
"19179960100","tract",2019,"food_state_rnk",24.9075
"19179960200","tract",2019,"food_state_rnk",6.6584
"19179960300","tract",2019,"food_state_rnk",83.1073
"19179960400","tract",2019,"food_state_rnk",3.4525
"19179960500","tract",2019,"food_state_rnk",2.9593
"19179960600","tract",2019,"food_state_rnk",12.947
"19179960700","tract",2019,"food_state_rnk",55.4871
"19179960800","tract",2019,"food_state_rnk",42.2935
"19179960900","tract",2019,"food_state_rnk",20.8385
"19179961000","tract",2019,"food_state_rnk",9.6178
"19179961100","tract",2019,"food_state_rnk",31.6893
"19181020100","tract",2019,"food_state_rnk",75.894
"19181020200","tract",2019,"food_state_rnk",87.9162
"19181020300","tract",2019,"food_state_rnk",91.9852
"19181020400","tract",2019,"food_state_rnk",26.8804
"19181020500","tract",2019,"food_state_rnk",67.4476
"19181020600","tract",2019,"food_state_rnk",58.7546
"19181020700","tract",2019,"food_state_rnk",40.5672
"19181020800","tract",2019,"food_state_rnk",67.5709
"19181020900","tract",2019,"food_state_rnk",12.7004
"19181021000","tract",2019,"food_state_rnk",12.3305
"19181021100","tract",2019,"food_state_rnk",75.524
"19181021200","tract",2019,"food_state_rnk",73.4279
"19183960100","tract",2019,"food_state_rnk",80.5179
"19183960200","tract",2019,"food_state_rnk",63.9334
"19183960300","tract",2019,"food_state_rnk",47.9038
"19183960400","tract",2019,"food_state_rnk",28.2367
"19183960500","tract",2019,"food_state_rnk",80.148
"19185070100","tract",2019,"food_state_rnk",31.1961
"19185070200","tract",2019,"food_state_rnk",13.6868
"19185070300","tract",2019,"food_state_rnk",19.852
"19187000100","tract",2019,"food_state_rnk",79.6547
"19187000200","tract",2019,"food_state_rnk",76.8187
"19187000300","tract",2019,"food_state_rnk",9.9877
"19187000400","tract",2019,"food_state_rnk",18.7423
"19187000500","tract",2019,"food_state_rnk",37.5462
"19187000600","tract",2019,"food_state_rnk",17.5092
"19187000700","tract",2019,"food_state_rnk",3.0826
"19187000900","tract",2019,"food_state_rnk",NA
"19187010100","tract",2019,"food_state_rnk",94.8212
"19187010200","tract",2019,"food_state_rnk",79.0382
"19187010300","tract",2019,"food_state_rnk",56.2269
"19187010400","tract",2019,"food_state_rnk",42.4168
"19189680100","tract",2019,"food_state_rnk",78.73
"19189680200","tract",2019,"food_state_rnk",77.6819
"19189680300","tract",2019,"food_state_rnk",31.4427
"19191950100","tract",2019,"food_state_rnk",42.5401
"19191950200","tract",2019,"food_state_rnk",NA
"19191950300","tract",2019,"food_state_rnk",90.6289
"19191950400","tract",2019,"food_state_rnk",78.1751
"19191950500","tract",2019,"food_state_rnk",84.9568
"19193000100","tract",2019,"food_state_rnk",16.5228
"19193000200","tract",2019,"food_state_rnk",50.6782
"19193000300","tract",2019,"food_state_rnk",38.2244
"19193000400","tract",2019,"food_state_rnk",88.7793
"19193000500","tract",2019,"food_state_rnk",38.7176
"19193000600","tract",2019,"food_state_rnk",25.7707
"19193000700","tract",2019,"food_state_rnk",15.9679
"19193000800","tract",2019,"food_state_rnk",4.3157
"19193000900","tract",2019,"food_state_rnk",28.36
"19193001000","tract",2019,"food_state_rnk",23.7978
"19193001100","tract",2019,"food_state_rnk",3.3292
"19193001200","tract",2019,"food_state_rnk",6.7818
"19193001300","tract",2019,"food_state_rnk",6.4118
"19193001400","tract",2019,"food_state_rnk",12.2072
"19193001500","tract",2019,"food_state_rnk",1.3564
"19193001800","tract",2019,"food_state_rnk",49.3218
"19193001900","tract",2019,"food_state_rnk",44.7596
"19193002000","tract",2019,"food_state_rnk",74.7842
"19193002101","tract",2019,"food_state_rnk",63.7485
"19193002102","tract",2019,"food_state_rnk",44.143
"19193003100","tract",2019,"food_state_rnk",60.7891
"19193003200","tract",2019,"food_state_rnk",81.9975
"19193003300","tract",2019,"food_state_rnk",83.7238
"19193003500","tract",2019,"food_state_rnk",78.9149
"19193003600","tract",2019,"food_state_rnk",5.672
"19193940200","tract",2019,"food_state_rnk",NA
"19195690100","tract",2019,"food_state_rnk",40.9371
"19195690200","tract",2019,"food_state_rnk",61.1591
"19195690300","tract",2019,"food_state_rnk",52.9593
"19197680100","tract",2019,"food_state_rnk",49.5684
"19197680200","tract",2019,"food_state_rnk",50.4316
"19197680300","tract",2019,"food_state_rnk",43.4649
"19197680400","tract",2019,"food_state_rnk",72.0099
"19197680500","tract",2019,"food_state_rnk",33.3539
