"geoid","geolevel","year","level","value"
"51001090100","tract",2019,"food_score",112.76
"51001090200","tract",2019,"food_score",107.33
"51001090300","tract",2019,"food_score",87.91
"51001090400","tract",2019,"food_score",89.71
"51001090500","tract",2019,"food_score",90.37
"51001090600","tract",2019,"food_score",102.91
"51001090700","tract",2019,"food_score",102.89
"51001090800","tract",2019,"food_score",96.95
"51001980100","tract",2019,"food_score",NA
"51001980200","tract",2019,"food_score",NA
"51001990100","tract",2019,"food_score",NA
"51001990200","tract",2019,"food_score",NA
"51003010100","tract",2019,"food_score",122.77
"51003010201","tract",2019,"food_score",124.12
"51003010202","tract",2019,"food_score",125.55
"51003010300","tract",2019,"food_score",116.69
"51003010401","tract",2019,"food_score",116.98
"51003010402","tract",2019,"food_score",121.38
"51003010500","tract",2019,"food_score",121.73
"51003010601","tract",2019,"food_score",99.7
"51003010602","tract",2019,"food_score",119.25
"51003010700","tract",2019,"food_score",101.76
"51003010800","tract",2019,"food_score",111.95
"51003010901","tract",2019,"food_score",NA
"51003010902","tract",2019,"food_score",NA
"51003010903","tract",2019,"food_score",NA
"51003011000","tract",2019,"food_score",121.21
"51003011100","tract",2019,"food_score",124.31
"51003011201","tract",2019,"food_score",126.56
"51003011202","tract",2019,"food_score",113.4
"51003011301","tract",2019,"food_score",119.89
"51003011302","tract",2019,"food_score",100.08
"51003011303","tract",2019,"food_score",118.49
"51003011400","tract",2019,"food_score",103.77
"51005070100","tract",2019,"food_score",72.95
"51005080100","tract",2019,"food_score",104.86
"51005080201","tract",2019,"food_score",100.06
"51005080202","tract",2019,"food_score",90.49
"51005080301","tract",2019,"food_score",97.94
"51005080302","tract",2019,"food_score",117.41
"51007930100","tract",2019,"food_score",109.67
"51007930200","tract",2019,"food_score",108.74
"51009010100","tract",2019,"food_score",107.22
"51009010200","tract",2019,"food_score",116.88
"51009010300","tract",2019,"food_score",111.36
"51009010401","tract",2019,"food_score",102.46
"51009010402","tract",2019,"food_score",119.87
"51009010502","tract",2019,"food_score",99.29
"51009010503","tract",2019,"food_score",83.4
"51009010504","tract",2019,"food_score",105.06
"51009010600","tract",2019,"food_score",82.71
"51011040100","tract",2019,"food_score",92
"51011040200","tract",2019,"food_score",115.77
"51011040300","tract",2019,"food_score",104.38
"51013100100","tract",2019,"food_score",124.93
"51013100200","tract",2019,"food_score",128.51
"51013100300","tract",2019,"food_score",128.66
"51013100400","tract",2019,"food_score",124.23
"51013100500","tract",2019,"food_score",124.92
"51013100600","tract",2019,"food_score",114.66
"51013100700","tract",2019,"food_score",123.62
"51013100800","tract",2019,"food_score",109.49
"51013100900","tract",2019,"food_score",123.07
"51013101000","tract",2019,"food_score",120.94
"51013101100","tract",2019,"food_score",121.85
"51013101200","tract",2019,"food_score",106.72
"51013101300","tract",2019,"food_score",128.63
"51013101401","tract",2019,"food_score",117.79
"51013101402","tract",2019,"food_score",121.99
"51013101403","tract",2019,"food_score",124.61
"51013101404","tract",2019,"food_score",124
"51013101500","tract",2019,"food_score",122.52
"51013101601","tract",2019,"food_score",107.05
"51013101602","tract",2019,"food_score",117.08
"51013101603","tract",2019,"food_score",108.84
"51013101701","tract",2019,"food_score",106.64
"51013101702","tract",2019,"food_score",114.43
"51013101703","tract",2019,"food_score",112.57
"51013101801","tract",2019,"food_score",121.08
"51013101802","tract",2019,"food_score",126.62
"51013101803","tract",2019,"food_score",118.28
"51013101900","tract",2019,"food_score",121.82
"51013102001","tract",2019,"food_score",118.38
"51013102002","tract",2019,"food_score",116.47
"51013102003","tract",2019,"food_score",100.99
"51013102100","tract",2019,"food_score",112.46
"51013102200","tract",2019,"food_score",91.75
"51013102301","tract",2019,"food_score",117.56
"51013102302","tract",2019,"food_score",110.22
"51013102400","tract",2019,"food_score",106.74
"51013102500","tract",2019,"food_score",116.81
"51013102600","tract",2019,"food_score",119.11
"51013102701","tract",2019,"food_score",107.42
"51013102702","tract",2019,"food_score",111.07
"51013102801","tract",2019,"food_score",120.74
"51013102802","tract",2019,"food_score",123.57
"51013102901","tract",2019,"food_score",107.69
"51013102902","tract",2019,"food_score",120.57
"51013103000","tract",2019,"food_score",122.73
"51013103100","tract",2019,"food_score",110.22
"51013103200","tract",2019,"food_score",122.32
"51013103300","tract",2019,"food_score",102.48
"51013103401","tract",2019,"food_score",NA
"51013103402","tract",2019,"food_score",115.79
"51013103501","tract",2019,"food_score",122.37
"51013103502","tract",2019,"food_score",114.85
"51013103503","tract",2019,"food_score",123.77
"51013103601","tract",2019,"food_score",115.5
"51013103602","tract",2019,"food_score",119.88
"51013103700","tract",2019,"food_score",122.5
"51013103800","tract",2019,"food_score",114.17
"51013980100","tract",2019,"food_score",NA
"51013980200","tract",2019,"food_score",NA
"51015070100","tract",2019,"food_score",NA
"51015070200","tract",2019,"food_score",118.79
"51015070300","tract",2019,"food_score",123.82
"51015070400","tract",2019,"food_score",106.23
"51015070500","tract",2019,"food_score",105.25
"51015070600","tract",2019,"food_score",108.51
"51015070700","tract",2019,"food_score",105.99
"51015070800","tract",2019,"food_score",118.21
"51015070900","tract",2019,"food_score",103.92
"51015071000","tract",2019,"food_score",117.77
"51015071101","tract",2019,"food_score",99.27
"51015071102","tract",2019,"food_score",114.89
"51015071200","tract",2019,"food_score",110.88
"51017920100","tract",2019,"food_score",104.62
"51019030101","tract",2019,"food_score",119.25
"51019030103","tract",2019,"food_score",115.52
"51019030104","tract",2019,"food_score",120.96
"51019030201","tract",2019,"food_score",125.04
"51019030202","tract",2019,"food_score",108.68
"51019030300","tract",2019,"food_score",113.19
"51019030401","tract",2019,"food_score",117.5
"51019030402","tract",2019,"food_score",109.01
"51019030501","tract",2019,"food_score",112.57
"51019030503","tract",2019,"food_score",116.59
"51019030504","tract",2019,"food_score",96.19
"51019030601","tract",2019,"food_score",108.43
"51019030602","tract",2019,"food_score",106.15
"51019030603","tract",2019,"food_score",112.22
"51019030604","tract",2019,"food_score",109.44
"51019030605","tract",2019,"food_score",111.14
"51019050100","tract",2019,"food_score",81.81
"51021040100","tract",2019,"food_score",101.65
"51021040200","tract",2019,"food_score",103.74
"51023040100","tract",2019,"food_score",110.76
"51023040200","tract",2019,"food_score",112.59
"51023040301","tract",2019,"food_score",109.84
"51023040302","tract",2019,"food_score",127.5
"51023040401","tract",2019,"food_score",111.62
"51023040402","tract",2019,"food_score",112.8
"51023040501","tract",2019,"food_score",125.12
"51023040502","tract",2019,"food_score",101.83
"51025930100","tract",2019,"food_score",82.3
"51025930201","tract",2019,"food_score",83.67
"51025930202","tract",2019,"food_score",NA
"51025930203","tract",2019,"food_score",69.86
"51025930300","tract",2019,"food_score",98.92
"51027010100","tract",2019,"food_score",81.33
"51027010200","tract",2019,"food_score",83.89
"51027010300","tract",2019,"food_score",89.71
"51027010400","tract",2019,"food_score",86.42
"51027010500","tract",2019,"food_score",84.14
"51027010600","tract",2019,"food_score",84.97
"51027010700","tract",2019,"food_score",78.38
"51029930101","tract",2019,"food_score",100.57
"51029930102","tract",2019,"food_score",97.58
"51029930201","tract",2019,"food_score",NA
"51029930202","tract",2019,"food_score",93.67
"51031020101","tract",2019,"food_score",110.92
"51031020102","tract",2019,"food_score",104.07
"51031020200","tract",2019,"food_score",107.37
"51031020300","tract",2019,"food_score",124.48
"51031020401","tract",2019,"food_score",114.19
"51031020402","tract",2019,"food_score",117.74
"51031020403","tract",2019,"food_score",115.47
"51031020500","tract",2019,"food_score",106.48
"51031020600","tract",2019,"food_score",112.28
"51031020700","tract",2019,"food_score",76.14
"51031020800","tract",2019,"food_score",90.89
"51031020900","tract",2019,"food_score",83.47
"51033030100","tract",2019,"food_score",NA
"51033030201","tract",2019,"food_score",101.5
"51033030202","tract",2019,"food_score",91.96
"51033030300","tract",2019,"food_score",105.69
"51033030400","tract",2019,"food_score",90.62
"51033030500","tract",2019,"food_score",119.3
"51033030600","tract",2019,"food_score",80.43
"51035080100","tract",2019,"food_score",101.51
"51035080200","tract",2019,"food_score",104.51
"51035080300","tract",2019,"food_score",90.27
"51035080400","tract",2019,"food_score",113.52
"51035080500","tract",2019,"food_score",116.38
"51035080601","tract",2019,"food_score",104.11
"51035080602","tract",2019,"food_score",93.94
"51036600100","tract",2019,"food_score",105.98
"51036600200","tract",2019,"food_score",104.94
"51036600300","tract",2019,"food_score",100.21
"51037930100","tract",2019,"food_score",84.72
"51037930200","tract",2019,"food_score",87.04
"51037930300","tract",2019,"food_score",92.99
"51041100106","tract",2019,"food_score",112.78
"51041100107","tract",2019,"food_score",91.94
"51041100205","tract",2019,"food_score",103.68
"51041100206","tract",2019,"food_score",107.31
"51041100208","tract",2019,"food_score",125.97
"51041100209","tract",2019,"food_score",112.71
"51041100210","tract",2019,"food_score",93.78
"51041100300","tract",2019,"food_score",74.49
"51041100403","tract",2019,"food_score",116.67
"51041100404","tract",2019,"food_score",78.72
"51041100405","tract",2019,"food_score",76.34
"51041100406","tract",2019,"food_score",48.82
"51041100407","tract",2019,"food_score",89.72
"51041100409","tract",2019,"food_score",117.54
"51041100410","tract",2019,"food_score",111.46
"51041100505","tract",2019,"food_score",113.65
"51041100506","tract",2019,"food_score",85.94
"51041100507","tract",2019,"food_score",112.95
"51041100508","tract",2019,"food_score",90.06
"51041100509","tract",2019,"food_score",122.3
"51041100510","tract",2019,"food_score",109.77
"51041100600","tract",2019,"food_score",NA
"51041100701","tract",2019,"food_score",81.93
"51041100702","tract",2019,"food_score",96.07
"51041100703","tract",2019,"food_score",114.65
"51041100804","tract",2019,"food_score",104.49
"51041100805","tract",2019,"food_score",113.55
"51041100806","tract",2019,"food_score",93.12
"51041100807","tract",2019,"food_score",112.86
"51041100812","tract",2019,"food_score",113.11
"51041100814","tract",2019,"food_score",102.33
"51041100815","tract",2019,"food_score",119.86
"51041100816","tract",2019,"food_score",107.89
"51041100817","tract",2019,"food_score",91.76
"51041100818","tract",2019,"food_score",110.98
"51041100819","tract",2019,"food_score",105.71
"51041100820","tract",2019,"food_score",114.94
"51041100821","tract",2019,"food_score",121.33
"51041100822","tract",2019,"food_score",119.57
"51041100823","tract",2019,"food_score",106.72
"51041100902","tract",2019,"food_score",123.58
"51041100907","tract",2019,"food_score",104.33
"51041100910","tract",2019,"food_score",113.63
"51041100912","tract",2019,"food_score",126.32
"51041100915","tract",2019,"food_score",109.95
"51041100919","tract",2019,"food_score",111.96
"51041100920","tract",2019,"food_score",107.03
"51041100921","tract",2019,"food_score",115.31
"51041100922","tract",2019,"food_score",107.77
"51041100923","tract",2019,"food_score",118.63
"51041100924","tract",2019,"food_score",119.01
"51041100926","tract",2019,"food_score",129.61
"51041100927","tract",2019,"food_score",126.92
"51041100928","tract",2019,"food_score",119.05
"51041100929","tract",2019,"food_score",114.77
"51041100930","tract",2019,"food_score",123.76
"51041100931","tract",2019,"food_score",125.86
"51041100932","tract",2019,"food_score",124.13
"51041100933","tract",2019,"food_score",112.75
"51041100934","tract",2019,"food_score",104.16
"51041100935","tract",2019,"food_score",123.93
"51041100936","tract",2019,"food_score",117.42
"51041101003","tract",2019,"food_score",122.15
"51041101004","tract",2019,"food_score",114.94
"51041101007","tract",2019,"food_score",118.82
"51041101008","tract",2019,"food_score",125.91
"51041101009","tract",2019,"food_score",114.3
"51041101010","tract",2019,"food_score",124.51
"51041101011","tract",2019,"food_score",112.8
"51041101012","tract",2019,"food_score",123.23
"51041101013","tract",2019,"food_score",116.34
"51043010100","tract",2019,"food_score",114.23
"51043010200","tract",2019,"food_score",117.71
"51043010300","tract",2019,"food_score",114.3
"51045050100","tract",2019,"food_score",98.75
"51047930101","tract",2019,"food_score",115.05
"51047930102","tract",2019,"food_score",113.16
"51047930201","tract",2019,"food_score",116.25
"51047930202","tract",2019,"food_score",114.85
"51047930300","tract",2019,"food_score",95.64
"51047930400","tract",2019,"food_score",106.9
"51047930501","tract",2019,"food_score",113.12
"51047930502","tract",2019,"food_score",103.08
"51049930100","tract",2019,"food_score",96.91
"51049930200","tract",2019,"food_score",90.16
"51051040100","tract",2019,"food_score",92.72
"51051040200","tract",2019,"food_score",100.46
"51051040300","tract",2019,"food_score",92.4
"51051040400","tract",2019,"food_score",73.55
"51053840100","tract",2019,"food_score",109.56
"51053840200","tract",2019,"food_score",99.19
"51053840300","tract",2019,"food_score",102.97
"51053840400","tract",2019,"food_score",NA
"51053840500","tract",2019,"food_score",86.58
"51053840600","tract",2019,"food_score",117.45
"51053980100","tract",2019,"food_score",NA
"51057950600","tract",2019,"food_score",97.99
"51057950700","tract",2019,"food_score",90.42
"51057950800","tract",2019,"food_score",96.2
"51059415100","tract",2019,"food_score",117.11
"51059415200","tract",2019,"food_score",108.81
"51059415300","tract",2019,"food_score",116.31
"51059415401","tract",2019,"food_score",96.94
"51059415402","tract",2019,"food_score",124.03
"51059415500","tract",2019,"food_score",91.77
"51059415600","tract",2019,"food_score",124.46
"51059415700","tract",2019,"food_score",124.61
"51059415800","tract",2019,"food_score",120.25
"51059415900","tract",2019,"food_score",124.64
"51059416000","tract",2019,"food_score",112.77
"51059416100","tract",2019,"food_score",122.02
"51059416200","tract",2019,"food_score",120.71
"51059416300","tract",2019,"food_score",119.64
"51059420100","tract",2019,"food_score",113.04
"51059420201","tract",2019,"food_score",118.27
"51059420202","tract",2019,"food_score",122.23
"51059420203","tract",2019,"food_score",121.99
"51059420300","tract",2019,"food_score",116.52
"51059420400","tract",2019,"food_score",117.15
"51059420501","tract",2019,"food_score",89.68
"51059420502","tract",2019,"food_score",119.5
"51059420503","tract",2019,"food_score",112.58
"51059420600","tract",2019,"food_score",96.43
"51059420700","tract",2019,"food_score",106.9
"51059420800","tract",2019,"food_score",110.32
"51059421001","tract",2019,"food_score",123.2
"51059421002","tract",2019,"food_score",111.63
"51059421101","tract",2019,"food_score",122.56
"51059421102","tract",2019,"food_score",117.59
"51059421103","tract",2019,"food_score",125.66
"51059421200","tract",2019,"food_score",124.77
"51059421300","tract",2019,"food_score",121.44
"51059421400","tract",2019,"food_score",103.35
"51059421500","tract",2019,"food_score",92.15
"51059421600","tract",2019,"food_score",99.69
"51059421701","tract",2019,"food_score",98.78
"51059421702","tract",2019,"food_score",112.22
"51059421800","tract",2019,"food_score",106.08
"51059421900","tract",2019,"food_score",117.29
"51059422000","tract",2019,"food_score",118.97
"51059422101","tract",2019,"food_score",116.17
"51059422102","tract",2019,"food_score",107.45
"51059422201","tract",2019,"food_score",123.35
"51059422202","tract",2019,"food_score",108.47
"51059422301","tract",2019,"food_score",121.13
"51059422302","tract",2019,"food_score",117.98
"51059422401","tract",2019,"food_score",112.47
"51059422402","tract",2019,"food_score",121.65
"51059422403","tract",2019,"food_score",117.85
"51059430101","tract",2019,"food_score",121
"51059430102","tract",2019,"food_score",118.47
"51059430201","tract",2019,"food_score",123.02
"51059430202","tract",2019,"food_score",123.57
"51059430203","tract",2019,"food_score",115.86
"51059430400","tract",2019,"food_score",119.42
"51059430500","tract",2019,"food_score",114.08
"51059430600","tract",2019,"food_score",99.08
"51059430700","tract",2019,"food_score",117.44
"51059430801","tract",2019,"food_score",119.02
"51059430802","tract",2019,"food_score",118.76
"51059430901","tract",2019,"food_score",110.71
"51059430902","tract",2019,"food_score",113.75
"51059431001","tract",2019,"food_score",113.69
"51059431002","tract",2019,"food_score",120.43
"51059431300","tract",2019,"food_score",117.86
"51059431400","tract",2019,"food_score",122.33
"51059431500","tract",2019,"food_score",123.85
"51059431600","tract",2019,"food_score",120.2
"51059431801","tract",2019,"food_score",121.17
"51059431802","tract",2019,"food_score",116.06
"51059431900","tract",2019,"food_score",119.96
"51059432000","tract",2019,"food_score",115.4
"51059432100","tract",2019,"food_score",125.03
"51059432201","tract",2019,"food_score",122.3
"51059432202","tract",2019,"food_score",121.99
"51059432300","tract",2019,"food_score",125.1
"51059432401","tract",2019,"food_score",119.94
"51059432402","tract",2019,"food_score",123.01
"51059432500","tract",2019,"food_score",128.63
"51059432600","tract",2019,"food_score",122.43
"51059432701","tract",2019,"food_score",121.94
"51059432702","tract",2019,"food_score",105.42
"51059432800","tract",2019,"food_score",99.94
"51059440100","tract",2019,"food_score",119.63
"51059440201","tract",2019,"food_score",106
"51059440202","tract",2019,"food_score",118.7
"51059440300","tract",2019,"food_score",124.03
"51059440501","tract",2019,"food_score",122.57
"51059440502","tract",2019,"food_score",NA
"51059440600","tract",2019,"food_score",114.5
"51059440701","tract",2019,"food_score",121.77
"51059440702","tract",2019,"food_score",125.97
"51059440800","tract",2019,"food_score",126.14
"51059450100","tract",2019,"food_score",111.29
"51059450200","tract",2019,"food_score",100.24
"51059450300","tract",2019,"food_score",113.38
"51059450400","tract",2019,"food_score",116.6
"51059450500","tract",2019,"food_score",115.79
"51059450601","tract",2019,"food_score",121.16
"51059450602","tract",2019,"food_score",110.98
"51059450701","tract",2019,"food_score",118.52
"51059450702","tract",2019,"food_score",82.27
"51059450800","tract",2019,"food_score",120.54
"51059450900","tract",2019,"food_score",123.68
"51059451000","tract",2019,"food_score",115.07
"51059451100","tract",2019,"food_score",118.75
"51059451200","tract",2019,"food_score",123.43
"51059451300","tract",2019,"food_score",121.56
"51059451400","tract",2019,"food_score",95.63
"51059451501","tract",2019,"food_score",98.73
"51059451502","tract",2019,"food_score",106.19
"51059451601","tract",2019,"food_score",91.62
"51059451602","tract",2019,"food_score",116.65
"51059451800","tract",2019,"food_score",103.48
"51059451900","tract",2019,"food_score",122.35
"51059452000","tract",2019,"food_score",108.01
"51059452101","tract",2019,"food_score",104.11
"51059452102","tract",2019,"food_score",107.11
"51059452200","tract",2019,"food_score",99.27
"51059452301","tract",2019,"food_score",94.1
"51059452302","tract",2019,"food_score",104.04
"51059452400","tract",2019,"food_score",104.77
"51059452501","tract",2019,"food_score",122.48
"51059452502","tract",2019,"food_score",103.87
"51059452600","tract",2019,"food_score",107.07
"51059452700","tract",2019,"food_score",101.63
"51059452801","tract",2019,"food_score",108.84
"51059452802","tract",2019,"food_score",116.63
"51059460100","tract",2019,"food_score",128.34
"51059460200","tract",2019,"food_score",128.48
"51059460300","tract",2019,"food_score",124.33
"51059460400","tract",2019,"food_score",120.67
"51059460501","tract",2019,"food_score",124.94
"51059460502","tract",2019,"food_score",123.62
"51059460600","tract",2019,"food_score",120.85
"51059460701","tract",2019,"food_score",108.17
"51059460702","tract",2019,"food_score",125.68
"51059460800","tract",2019,"food_score",120.76
"51059460900","tract",2019,"food_score",121.08
"51059461000","tract",2019,"food_score",123.74
"51059461100","tract",2019,"food_score",114.27
"51059461201","tract",2019,"food_score",128.55
"51059461202","tract",2019,"food_score",122.73
"51059461500","tract",2019,"food_score",123
"51059461601","tract",2019,"food_score",115.67
"51059461602","tract",2019,"food_score",113.3
"51059461700","tract",2019,"food_score",112.08
"51059461801","tract",2019,"food_score",105.42
"51059461802","tract",2019,"food_score",123.98
"51059461901","tract",2019,"food_score",109.91
"51059461902","tract",2019,"food_score",89.77
"51059470100","tract",2019,"food_score",128.01
"51059470300","tract",2019,"food_score",124.69
"51059470400","tract",2019,"food_score",125.27
"51059470500","tract",2019,"food_score",124.28
"51059470600","tract",2019,"food_score",123.98
"51059470700","tract",2019,"food_score",122.56
"51059470800","tract",2019,"food_score",119.3
"51059470900","tract",2019,"food_score",129.51
"51059471000","tract",2019,"food_score",122.02
"51059471100","tract",2019,"food_score",122.38
"51059471201","tract",2019,"food_score",124.43
"51059471202","tract",2019,"food_score",122.62
"51059471301","tract",2019,"food_score",112.96
"51059471303","tract",2019,"food_score",113.64
"51059471304","tract",2019,"food_score",121.64
"51059471401","tract",2019,"food_score",117.68
"51059471402","tract",2019,"food_score",103.66
"51059480100","tract",2019,"food_score",120.51
"51059480201","tract",2019,"food_score",125.07
"51059480202","tract",2019,"food_score",116.99
"51059480203","tract",2019,"food_score",123.64
"51059480300","tract",2019,"food_score",122.79
"51059480401","tract",2019,"food_score",126.02
"51059480402","tract",2019,"food_score",129.17
"51059480501","tract",2019,"food_score",122.63
"51059480502","tract",2019,"food_score",118.81
"51059480503","tract",2019,"food_score",124.52
"51059480504","tract",2019,"food_score",121.7
"51059480505","tract",2019,"food_score",116.08
"51059480801","tract",2019,"food_score",111.45
"51059480802","tract",2019,"food_score",119.16
"51059480901","tract",2019,"food_score",96.77
"51059480902","tract",2019,"food_score",109.9
"51059480903","tract",2019,"food_score",122.86
"51059481000","tract",2019,"food_score",114.8
"51059481101","tract",2019,"food_score",109.24
"51059481102","tract",2019,"food_score",122
"51059481103","tract",2019,"food_score",98.54
"51059481104","tract",2019,"food_score",118.77
"51059481105","tract",2019,"food_score",122.97
"51059481106","tract",2019,"food_score",125.45
"51059481201","tract",2019,"food_score",121.05
"51059481202","tract",2019,"food_score",103.58
"51059481400","tract",2019,"food_score",123.26
"51059481500","tract",2019,"food_score",120.19
"51059481600","tract",2019,"food_score",125.68
"51059481701","tract",2019,"food_score",126.4
"51059481702","tract",2019,"food_score",123.33
"51059481900","tract",2019,"food_score",112.59
"51059482001","tract",2019,"food_score",123.57
"51059482002","tract",2019,"food_score",123.18
"51059482100","tract",2019,"food_score",115.93
"51059482201","tract",2019,"food_score",92.93
"51059482202","tract",2019,"food_score",116.45
"51059482203","tract",2019,"food_score",120.61
"51059482301","tract",2019,"food_score",123.28
"51059482302","tract",2019,"food_score",97.48
"51059482303","tract",2019,"food_score",126.94
"51059482400","tract",2019,"food_score",124.17
"51059482501","tract",2019,"food_score",114.69
"51059482502","tract",2019,"food_score",121.61
"51059482503","tract",2019,"food_score",123.65
"51059482504","tract",2019,"food_score",123.8
"51059482601","tract",2019,"food_score",121.55
"51059482602","tract",2019,"food_score",123.73
"51059490101","tract",2019,"food_score",116.44
"51059490103","tract",2019,"food_score",106.2
"51059490501","tract",2019,"food_score",109.39
"51059490502","tract",2019,"food_score",127.43
"51059491000","tract",2019,"food_score",122.57
"51059491101","tract",2019,"food_score",124.57
"51059491102","tract",2019,"food_score",115.13
"51059491103","tract",2019,"food_score",101.62
"51059491201","tract",2019,"food_score",114.05
"51059491202","tract",2019,"food_score",106.69
"51059491301","tract",2019,"food_score",115.82
"51059491302","tract",2019,"food_score",109.28
"51059491303","tract",2019,"food_score",105.89
"51059491401","tract",2019,"food_score",113.14
"51059491402","tract",2019,"food_score",104.98
"51059491403","tract",2019,"food_score",124.36
"51059491404","tract",2019,"food_score",120.76
"51059491405","tract",2019,"food_score",123.51
"51059491501","tract",2019,"food_score",124.7
"51059491502","tract",2019,"food_score",125.65
"51059491601","tract",2019,"food_score",112.96
"51059491602","tract",2019,"food_score",114.6
"51059491701","tract",2019,"food_score",121.36
"51059491702","tract",2019,"food_score",117.11
"51059491703","tract",2019,"food_score",113.11
"51059491704","tract",2019,"food_score",124.83
"51059491705","tract",2019,"food_score",116.6
"51059491801","tract",2019,"food_score",121.11
"51059491802","tract",2019,"food_score",118.23
"51059491803","tract",2019,"food_score",116.05
"51059492000","tract",2019,"food_score",126.32
"51059492100","tract",2019,"food_score",124.4
"51059492201","tract",2019,"food_score",128.34
"51059492202","tract",2019,"food_score",123.4
"51059492203","tract",2019,"food_score",120.85
"51059492300","tract",2019,"food_score",117.43
"51059492400","tract",2019,"food_score",113.17
"51059492500","tract",2019,"food_score",124.9
"51059980100","tract",2019,"food_score",NA
"51059980200","tract",2019,"food_score",NA
"51059980300","tract",2019,"food_score",NA
"51061930100","tract",2019,"food_score",125.43
"51061930203","tract",2019,"food_score",103.33
"51061930204","tract",2019,"food_score",120.71
"51061930205","tract",2019,"food_score",120.05
"51061930206","tract",2019,"food_score",117.54
"51061930207","tract",2019,"food_score",118.02
"51061930302","tract",2019,"food_score",112.1
"51061930303","tract",2019,"food_score",115.15
"51061930304","tract",2019,"food_score",123.23
"51061930401","tract",2019,"food_score",122.5
"51061930402","tract",2019,"food_score",126.11
"51061930403","tract",2019,"food_score",119.46
"51061930703","tract",2019,"food_score",117.84
"51061930704","tract",2019,"food_score",117.53
"51061930705","tract",2019,"food_score",111.6
"51061930706","tract",2019,"food_score",114.15
"51061930707","tract",2019,"food_score",107.22
"51063920101","tract",2019,"food_score",102.38
"51063920102","tract",2019,"food_score",112.25
"51063920200","tract",2019,"food_score",111.81
"51065020101","tract",2019,"food_score",113
"51065020102","tract",2019,"food_score",117.38
"51065020200","tract",2019,"food_score",116.43
"51065020300","tract",2019,"food_score",114.6
"51067020101","tract",2019,"food_score",121.92
"51067020102","tract",2019,"food_score",107.51
"51067020200","tract",2019,"food_score",103.28
"51067020300","tract",2019,"food_score",111.53
"51067020400","tract",2019,"food_score",91.86
"51067020500","tract",2019,"food_score",113.74
"51067020600","tract",2019,"food_score",101.18
"51067020700","tract",2019,"food_score",105.59
"51067020800","tract",2019,"food_score",101.25
"51067020900","tract",2019,"food_score",97.58
"51069050100","tract",2019,"food_score",118.61
"51069050200","tract",2019,"food_score",117.91
"51069050300","tract",2019,"food_score",120.07
"51069050400","tract",2019,"food_score",117.56
"51069050500","tract",2019,"food_score",122.23
"51069050600","tract",2019,"food_score",116.49
"51069050700","tract",2019,"food_score",113.16
"51069050801","tract",2019,"food_score",112.83
"51069050802","tract",2019,"food_score",119.85
"51069050803","tract",2019,"food_score",116.09
"51069050900","tract",2019,"food_score",110.4
"51069051000","tract",2019,"food_score",119.87
"51069051101","tract",2019,"food_score",121.93
"51069051102","tract",2019,"food_score",118.35
"51071930100","tract",2019,"food_score",120.09
"51071930200","tract",2019,"food_score",114.4
"51071930300","tract",2019,"food_score",104.72
"51071930400","tract",2019,"food_score",114.28
"51073100100","tract",2019,"food_score",118.76
"51073100201","tract",2019,"food_score",103.83
"51073100202","tract",2019,"food_score",112.11
"51073100203","tract",2019,"food_score",114.71
"51073100301","tract",2019,"food_score",111.09
"51073100302","tract",2019,"food_score",114.44
"51073100400","tract",2019,"food_score",109.12
"51073100500","tract",2019,"food_score",105.05
"51075400100","tract",2019,"food_score",119.45
"51075400200","tract",2019,"food_score",117.25
"51075400300","tract",2019,"food_score",NA
"51075400400","tract",2019,"food_score",112.39
"51075400500","tract",2019,"food_score",112.08
"51077060101","tract",2019,"food_score",89.18
"51077060102","tract",2019,"food_score",104.75
"51077060201","tract",2019,"food_score",81.76
"51077060202","tract",2019,"food_score",93.05
"51077060300","tract",2019,"food_score",105.09
"51079030101","tract",2019,"food_score",107.51
"51079030102","tract",2019,"food_score",93.5
"51079030200","tract",2019,"food_score",118.55
"51081880101","tract",2019,"food_score",107.46
"51081880102","tract",2019,"food_score",NA
"51081880200","tract",2019,"food_score",75.6
"51083930100","tract",2019,"food_score",98.02
"51083930201","tract",2019,"food_score",89.84
"51083930202","tract",2019,"food_score",88.86
"51083930301","tract",2019,"food_score",115.01
"51083930302","tract",2019,"food_score",119.57
"51083930400","tract",2019,"food_score",110.52
"51083930500","tract",2019,"food_score",110.76
"51083930600","tract",2019,"food_score",98.56
"51083930800","tract",2019,"food_score",93.05
"51085320100","tract",2019,"food_score",115.99
"51085320200","tract",2019,"food_score",119.74
"51085320300","tract",2019,"food_score",123.23
"51085320400","tract",2019,"food_score",116.68
"51085320500","tract",2019,"food_score",122.06
"51085320601","tract",2019,"food_score",96.85
"51085320602","tract",2019,"food_score",120.11
"51085320701","tract",2019,"food_score",115.59
"51085320702","tract",2019,"food_score",117.72
"51085320801","tract",2019,"food_score",111.7
"51085320803","tract",2019,"food_score",125.23
"51085320804","tract",2019,"food_score",122.65
"51085320805","tract",2019,"food_score",118.41
"51085320900","tract",2019,"food_score",121.9
"51085321001","tract",2019,"food_score",117.73
"51085321002","tract",2019,"food_score",119.91
"51085321100","tract",2019,"food_score",126
"51085321201","tract",2019,"food_score",118.67
"51085321202","tract",2019,"food_score",80.02
"51085321300","tract",2019,"food_score",115.52
"51085321401","tract",2019,"food_score",113.56
"51085321402","tract",2019,"food_score",120.68
"51085321403","tract",2019,"food_score",119.47
"51087200104","tract",2019,"food_score",120.45
"51087200105","tract",2019,"food_score",100.79
"51087200106","tract",2019,"food_score",104.29
"51087200107","tract",2019,"food_score",119.83
"51087200108","tract",2019,"food_score",125.66
"51087200109","tract",2019,"food_score",125.8
"51087200112","tract",2019,"food_score",124.95
"51087200116","tract",2019,"food_score",119.19
"51087200119","tract",2019,"food_score",120.57
"51087200120","tract",2019,"food_score",121.45
"51087200121","tract",2019,"food_score",124.14
"51087200122","tract",2019,"food_score",118.86
"51087200123","tract",2019,"food_score",106.23
"51087200124","tract",2019,"food_score",129.11
"51087200125","tract",2019,"food_score",108.66
"51087200126","tract",2019,"food_score",110.78
"51087200127","tract",2019,"food_score",126.56
"51087200128","tract",2019,"food_score",126.28
"51087200129","tract",2019,"food_score",134.35
"51087200130","tract",2019,"food_score",127.42
"51087200201","tract",2019,"food_score",121.49
"51087200202","tract",2019,"food_score",124.73
"51087200301","tract",2019,"food_score",99.41
"51087200302","tract",2019,"food_score",126.22
"51087200303","tract",2019,"food_score",106.21
"51087200305","tract",2019,"food_score",93.56
"51087200404","tract",2019,"food_score",116.87
"51087200406","tract",2019,"food_score",122.38
"51087200407","tract",2019,"food_score",104.04
"51087200409","tract",2019,"food_score",90.72
"51087200410","tract",2019,"food_score",70.05
"51087200411","tract",2019,"food_score",98.48
"51087200412","tract",2019,"food_score",102.47
"51087200413","tract",2019,"food_score",123.84
"51087200414","tract",2019,"food_score",116.41
"51087200501","tract",2019,"food_score",100.54
"51087200502","tract",2019,"food_score",119.43
"51087200503","tract",2019,"food_score",106.44
"51087200600","tract",2019,"food_score",124.19
"51087200700","tract",2019,"food_score",101.44
"51087200801","tract",2019,"food_score",115.78
"51087200802","tract",2019,"food_score",89.35
"51087200804","tract",2019,"food_score",96.16
"51087200805","tract",2019,"food_score",58.25
"51087200903","tract",2019,"food_score",107.13
"51087200904","tract",2019,"food_score",109.75
"51087200905","tract",2019,"food_score",106.72
"51087200906","tract",2019,"food_score",111.33
"51087201001","tract",2019,"food_score",124.31
"51087201002","tract",2019,"food_score",91.56
"51087201003","tract",2019,"food_score",83.37
"51087201101","tract",2019,"food_score",103.55
"51087201102","tract",2019,"food_score",102.66
"51087201201","tract",2019,"food_score",97.74
"51087201202","tract",2019,"food_score",68.99
"51087201401","tract",2019,"food_score",85.44
"51087201403","tract",2019,"food_score",93.31
"51087201404","tract",2019,"food_score",106.66
"51087201501","tract",2019,"food_score",98.55
"51087201502","tract",2019,"food_score",116.65
"51087201601","tract",2019,"food_score",113.31
"51087201602","tract",2019,"food_score",127.17
"51087201701","tract",2019,"food_score",112.55
"51087980100","tract",2019,"food_score",NA
"51089010100","tract",2019,"food_score",103.96
"51089010200","tract",2019,"food_score",93.76
"51089010300","tract",2019,"food_score",109.39
"51089010400","tract",2019,"food_score",85.3
"51089010500","tract",2019,"food_score",72.83
"51089010601","tract",2019,"food_score",95.41
"51089010602","tract",2019,"food_score",89.38
"51089010700","tract",2019,"food_score",83.69
"51089010800","tract",2019,"food_score",64.77
"51089010900","tract",2019,"food_score",78.28
"51089011000","tract",2019,"food_score",84.16
"51089011100","tract",2019,"food_score",91.39
"51089011200","tract",2019,"food_score",87.8
"51089011300","tract",2019,"food_score",104.01
"51091970100","tract",2019,"food_score",123.59
"51093280101","tract",2019,"food_score",90.28
"51093280103","tract",2019,"food_score",114.6
"51093280104","tract",2019,"food_score",122.08
"51093280105","tract",2019,"food_score",83.9
"51093280106","tract",2019,"food_score",102.67
"51093280200","tract",2019,"food_score",112.69
"51093280300","tract",2019,"food_score",103.72
"51093280400","tract",2019,"food_score",99.75
"51095080101","tract",2019,"food_score",120.86
"51095080102","tract",2019,"food_score",75.35
"51095080202","tract",2019,"food_score",118.49
"51095080203","tract",2019,"food_score",118.02
"51095080205","tract",2019,"food_score",105.03
"51095080206","tract",2019,"food_score",119.77
"51095080301","tract",2019,"food_score",120.35
"51095080303","tract",2019,"food_score",125.74
"51095080304","tract",2019,"food_score",127.41
"51095080401","tract",2019,"food_score",126.81
"51095080402","tract",2019,"food_score",110.59
"51097950400","tract",2019,"food_score",107.63
"51097950500","tract",2019,"food_score",104.86
"51099040100","tract",2019,"food_score",107.42
"51099040200","tract",2019,"food_score",104.39
"51099040300","tract",2019,"food_score",111.25
"51099040400","tract",2019,"food_score",116.39
"51099040500","tract",2019,"food_score",107.67
"51101950101","tract",2019,"food_score",100.3
"51101950102","tract",2019,"food_score",112.9
"51101950200","tract",2019,"food_score",105.52
"51101950300","tract",2019,"food_score",114.36
"51103030100","tract",2019,"food_score",113.93
"51103030200","tract",2019,"food_score",101.15
"51103030300","tract",2019,"food_score",104.13
"51103990100","tract",2019,"food_score",NA
"51105950100","tract",2019,"food_score",87.73
"51105950200","tract",2019,"food_score",93.29
"51105950300","tract",2019,"food_score",81.31
"51105950400","tract",2019,"food_score",64.16
"51105950500","tract",2019,"food_score",83.68
"51105950600","tract",2019,"food_score",102.64
"51107610101","tract",2019,"food_score",122.59
"51107610102","tract",2019,"food_score",120.24
"51107610201","tract",2019,"food_score",125.6
"51107610202","tract",2019,"food_score",125.88
"51107610300","tract",2019,"food_score",120.27
"51107610400","tract",2019,"food_score",124.98
"51107610503","tract",2019,"food_score",123.35
"51107610504","tract",2019,"food_score",126.7
"51107610505","tract",2019,"food_score",112.8
"51107610506","tract",2019,"food_score",111.33
"51107610507","tract",2019,"food_score",116.24
"51107610601","tract",2019,"food_score",116.35
"51107610602","tract",2019,"food_score",119.83
"51107610603","tract",2019,"food_score",106.82
"51107610604","tract",2019,"food_score",128.86
"51107610701","tract",2019,"food_score",125.36
"51107610702","tract",2019,"food_score",118.38
"51107610703","tract",2019,"food_score",126.16
"51107610800","tract",2019,"food_score",121.22
"51107610900","tract",2019,"food_score",112.25
"51107611002","tract",2019,"food_score",110.46
"51107611004","tract",2019,"food_score",129.38
"51107611005","tract",2019,"food_score",120.14
"51107611006","tract",2019,"food_score",118.48
"51107611009","tract",2019,"food_score",120.38
"51107611010","tract",2019,"food_score",103.73
"51107611011","tract",2019,"food_score",113.11
"51107611012","tract",2019,"food_score",122.81
"51107611013","tract",2019,"food_score",109.96
"51107611014","tract",2019,"food_score",121.43
"51107611015","tract",2019,"food_score",111.82
"51107611016","tract",2019,"food_score",122.83
"51107611017","tract",2019,"food_score",126.88
"51107611018","tract",2019,"food_score",112.48
"51107611019","tract",2019,"food_score",121.42
"51107611020","tract",2019,"food_score",109.2
"51107611021","tract",2019,"food_score",125.46
"51107611022","tract",2019,"food_score",124.4
"51107611023","tract",2019,"food_score",119.63
"51107611024","tract",2019,"food_score",125.5
"51107611025","tract",2019,"food_score",126.89
"51107611101","tract",2019,"food_score",122.59
"51107611102","tract",2019,"food_score",121.85
"51107611202","tract",2019,"food_score",122.62
"51107611204","tract",2019,"food_score",107.96
"51107611205","tract",2019,"food_score",107.38
"51107611206","tract",2019,"food_score",118.94
"51107611207","tract",2019,"food_score",118.97
"51107611208","tract",2019,"food_score",122.87
"51107611209","tract",2019,"food_score",122.86
"51107611300","tract",2019,"food_score",114.46
"51107611400","tract",2019,"food_score",109.49
"51107611501","tract",2019,"food_score",102.78
"51107611502","tract",2019,"food_score",121.44
"51107611601","tract",2019,"food_score",109.78
"51107611602","tract",2019,"food_score",94.36
"51107611700","tract",2019,"food_score",115.53
"51107611801","tract",2019,"food_score",122.44
"51107611802","tract",2019,"food_score",125.36
"51107611803","tract",2019,"food_score",120.09
"51107611804","tract",2019,"food_score",121.16
"51107611805","tract",2019,"food_score",121.49
"51107611806","tract",2019,"food_score",127.98
"51107611900","tract",2019,"food_score",126.25
"51107980100","tract",2019,"food_score",NA
"51109950100","tract",2019,"food_score",106.68
"51109950201","tract",2019,"food_score",101.67
"51109950202","tract",2019,"food_score",84.19
"51109950300","tract",2019,"food_score",112.33
"51109950400","tract",2019,"food_score",97.17
"51109950500","tract",2019,"food_score",102.54
"51111930100","tract",2019,"food_score",96.82
"51111930200","tract",2019,"food_score",86.92
"51111930300","tract",2019,"food_score",110.25
"51113930100","tract",2019,"food_score",106.79
"51113930200","tract",2019,"food_score",118.49
"51115951300","tract",2019,"food_score",103.72
"51115951400","tract",2019,"food_score",114.68
"51115990100","tract",2019,"food_score",NA
"51117930101","tract",2019,"food_score",91.73
"51117930102","tract",2019,"food_score",96.28
"51117930200","tract",2019,"food_score",103.14
"51117930300","tract",2019,"food_score",98.84
"51117930400","tract",2019,"food_score",98.36
"51117930500","tract",2019,"food_score",114.65
"51117930600","tract",2019,"food_score",94.62
"51117930700","tract",2019,"food_score",113.23
"51117930800","tract",2019,"food_score",94.82
"51119950900","tract",2019,"food_score",87.5
"51119951000","tract",2019,"food_score",104.39
"51119951100","tract",2019,"food_score",109.57
"51119951200","tract",2019,"food_score",75.16
"51119990100","tract",2019,"food_score",NA
"51121020100","tract",2019,"food_score",NA
"51121020201","tract",2019,"food_score",112.34
"51121020202","tract",2019,"food_score",101.25
"51121020300","tract",2019,"food_score",115.9
"51121020400","tract",2019,"food_score",107.25
"51121020500","tract",2019,"food_score",122.12
"51121020600","tract",2019,"food_score",123.78
"51121020700","tract",2019,"food_score",110.7
"51121020800","tract",2019,"food_score",97.37
"51121020900","tract",2019,"food_score",95.36
"51121021000","tract",2019,"food_score",109.92
"51121021100","tract",2019,"food_score",113.84
"51121021200","tract",2019,"food_score",114.37
"51121021300","tract",2019,"food_score",118.97
"51121021400","tract",2019,"food_score",101.63
"51121021500","tract",2019,"food_score",112.24
"51125950100","tract",2019,"food_score",103.52
"51125950200","tract",2019,"food_score",106.91
"51125950300","tract",2019,"food_score",111.54
"51127700100","tract",2019,"food_score",115.27
"51127700200","tract",2019,"food_score",115.34
"51127700300","tract",2019,"food_score",101.49
"51131930100","tract",2019,"food_score",92.21
"51131930200","tract",2019,"food_score",110.49
"51131930300","tract",2019,"food_score",91.9
"51131990100","tract",2019,"food_score",NA
"51133020100","tract",2019,"food_score",109.85
"51133020200","tract",2019,"food_score",102.98
"51133020300","tract",2019,"food_score",113.28
"51133990100","tract",2019,"food_score",NA
"51135000100","tract",2019,"food_score",74.17
"51135000200","tract",2019,"food_score",102.26
"51135000300","tract",2019,"food_score",103.11
"51135980100","tract",2019,"food_score",NA
"51137110102","tract",2019,"food_score",108.65
"51137110103","tract",2019,"food_score",131.49
"51137110104","tract",2019,"food_score",116
"51137110200","tract",2019,"food_score",99.84
"51137110300","tract",2019,"food_score",112.3
"51139030100","tract",2019,"food_score",78.75
"51139030200","tract",2019,"food_score",105.57
"51139030300","tract",2019,"food_score",106.11
"51139030400","tract",2019,"food_score",97.62
"51139030500","tract",2019,"food_score",109.84
"51141030100","tract",2019,"food_score",95.5
"51141030200","tract",2019,"food_score",92.52
"51141030301","tract",2019,"food_score",111.82
"51141030302","tract",2019,"food_score",96.44
"51143010100","tract",2019,"food_score",88.25
"51143010200","tract",2019,"food_score",87.57
"51143010300","tract",2019,"food_score",102.51
"51143010400","tract",2019,"food_score",96.59
"51143010500","tract",2019,"food_score",95.85
"51143010600","tract",2019,"food_score",83.45
"51143010700","tract",2019,"food_score",93.59
"51143010801","tract",2019,"food_score",105.06
"51143010802","tract",2019,"food_score",100.78
"51143010900","tract",2019,"food_score",104.32
"51143011001","tract",2019,"food_score",104.02
"51143011002","tract",2019,"food_score",95.51
"51143011100","tract",2019,"food_score",92.59
"51143011200","tract",2019,"food_score",94.73
"51143011300","tract",2019,"food_score",96.67
"51143011400","tract",2019,"food_score",83.37
"51145500101","tract",2019,"food_score",117.41
"51145500102","tract",2019,"food_score",125.85
"51145500200","tract",2019,"food_score",119.17
"51145500300","tract",2019,"food_score",NA
"51145500400","tract",2019,"food_score",117.92
"51147930100","tract",2019,"food_score",102.05
"51147930201","tract",2019,"food_score",NA
"51147930202","tract",2019,"food_score",92.86
"51147930203","tract",2019,"food_score",NA
"51147930300","tract",2019,"food_score",100.84
"51149850100","tract",2019,"food_score",NA
"51149850200","tract",2019,"food_score",119.6
"51149850301","tract",2019,"food_score",105.99
"51149850302","tract",2019,"food_score",106.03
"51149850400","tract",2019,"food_score",108.81
"51149850501","tract",2019,"food_score",112.13
"51149850502","tract",2019,"food_score",103.63
"51153900100","tract",2019,"food_score",118.38
"51153900201","tract",2019,"food_score",117.51
"51153900202","tract",2019,"food_score",104
"51153900203","tract",2019,"food_score",108.96
"51153900300","tract",2019,"food_score",116.23
"51153900403","tract",2019,"food_score",108.94
"51153900404","tract",2019,"food_score",96.11
"51153900407","tract",2019,"food_score",112.82
"51153900408","tract",2019,"food_score",120.23
"51153900409","tract",2019,"food_score",110.06
"51153900410","tract",2019,"food_score",112.37
"51153900501","tract",2019,"food_score",108.33
"51153900502","tract",2019,"food_score",118.22
"51153900600","tract",2019,"food_score",95.37
"51153900701","tract",2019,"food_score",109.69
"51153900702","tract",2019,"food_score",110.96
"51153900801","tract",2019,"food_score",121.1
"51153900802","tract",2019,"food_score",113.68
"51153900901","tract",2019,"food_score",91.91
"51153900904","tract",2019,"food_score",109.5
"51153900905","tract",2019,"food_score",116.32
"51153901001","tract",2019,"food_score",114.18
"51153901005","tract",2019,"food_score",125.14
"51153901008","tract",2019,"food_score",117.98
"51153901009","tract",2019,"food_score",107.56
"51153901010","tract",2019,"food_score",120.21
"51153901011","tract",2019,"food_score",121.8
"51153901012","tract",2019,"food_score",117.72
"51153901100","tract",2019,"food_score",116.51
"51153901203","tract",2019,"food_score",109.24
"51153901208","tract",2019,"food_score",105.85
"51153901209","tract",2019,"food_score",116.82
"51153901211","tract",2019,"food_score",109.97
"51153901212","tract",2019,"food_score",106.25
"51153901219","tract",2019,"food_score",121.48
"51153901221","tract",2019,"food_score",118.19
"51153901222","tract",2019,"food_score",115.31
"51153901223","tract",2019,"food_score",115.92
"51153901224","tract",2019,"food_score",114.95
"51153901225","tract",2019,"food_score",115.91
"51153901226","tract",2019,"food_score",112.26
"51153901227","tract",2019,"food_score",120.67
"51153901228","tract",2019,"food_score",113.94
"51153901229","tract",2019,"food_score",111.94
"51153901230","tract",2019,"food_score",115.74
"51153901231","tract",2019,"food_score",122.15
"51153901232","tract",2019,"food_score",125.82
"51153901233","tract",2019,"food_score",121.84
"51153901234","tract",2019,"food_score",119.43
"51153901235","tract",2019,"food_score",123.07
"51153901236","tract",2019,"food_score",125.8
"51153901237","tract",2019,"food_score",99.3
"51153901303","tract",2019,"food_score",124.77
"51153901304","tract",2019,"food_score",126.51
"51153901305","tract",2019,"food_score",123.42
"51153901306","tract",2019,"food_score",120.88
"51153901403","tract",2019,"food_score",118.69
"51153901407","tract",2019,"food_score",110.12
"51153901408","tract",2019,"food_score",110.75
"51153901409","tract",2019,"food_score",115.05
"51153901410","tract",2019,"food_score",119.3
"51153901411","tract",2019,"food_score",125.37
"51153901412","tract",2019,"food_score",117.43
"51153901413","tract",2019,"food_score",124.92
"51153901414","tract",2019,"food_score",120.84
"51153901415","tract",2019,"food_score",123.79
"51153901416","tract",2019,"food_score",116.41
"51153901417","tract",2019,"food_score",121.14
"51153901503","tract",2019,"food_score",125.76
"51153901504","tract",2019,"food_score",113.91
"51153901505","tract",2019,"food_score",119.22
"51153901506","tract",2019,"food_score",116.78
"51153901507","tract",2019,"food_score",118.93
"51153901508","tract",2019,"food_score",117.63
"51153901509","tract",2019,"food_score",121.25
"51153901510","tract",2019,"food_score",122.12
"51153901511","tract",2019,"food_score",127.72
"51153901601","tract",2019,"food_score",107.06
"51153901602","tract",2019,"food_score",108.91
"51153901701","tract",2019,"food_score",115.42
"51153901702","tract",2019,"food_score",113.3
"51153901900","tract",2019,"food_score",112.98
"51153980100","tract",2019,"food_score",NA
"51155210100","tract",2019,"food_score",115.08
"51155210201","tract",2019,"food_score",70.55
"51155210202","tract",2019,"food_score",107.95
"51155210300","tract",2019,"food_score",112.35
"51155210400","tract",2019,"food_score",88.87
"51155210500","tract",2019,"food_score",115.48
"51155210600","tract",2019,"food_score",103.1
"51155210700","tract",2019,"food_score",100.71
"51155980100","tract",2019,"food_score",NA
"51155980200","tract",2019,"food_score",NA
"51157950100","tract",2019,"food_score",112.59
"51157950200","tract",2019,"food_score",110.16
"51159040100","tract",2019,"food_score",88.08
"51159040200","tract",2019,"food_score",NA
"51161030100","tract",2019,"food_score",116.43
"51161030201","tract",2019,"food_score",118.96
"51161030203","tract",2019,"food_score",117.42
"51161030204","tract",2019,"food_score",109.18
"51161030205","tract",2019,"food_score",113.31
"51161030300","tract",2019,"food_score",116.75
"51161030500","tract",2019,"food_score",116.95
"51161030600","tract",2019,"food_score",120.47
"51161030701","tract",2019,"food_score",118.93
"51161030702","tract",2019,"food_score",115.74
"51161030801","tract",2019,"food_score",113.7
"51161030802","tract",2019,"food_score",122.56
"51161030900","tract",2019,"food_score",109.16
"51161031000","tract",2019,"food_score",99.81
"51161031101","tract",2019,"food_score",97.21
"51161031102","tract",2019,"food_score",96.8
"51161031201","tract",2019,"food_score",107.71
"51161031202","tract",2019,"food_score",122.74
"51163930100","tract",2019,"food_score",108.06
"51163930200","tract",2019,"food_score",105.58
"51163930300","tract",2019,"food_score",113.12
"51163930400","tract",2019,"food_score",97.46
"51165010100","tract",2019,"food_score",105.05
"51165010200","tract",2019,"food_score",103.77
"51165010300","tract",2019,"food_score",115.35
"51165010400","tract",2019,"food_score",103.78
"51165010500","tract",2019,"food_score",106.52
"51165010600","tract",2019,"food_score",122.96
"51165010700","tract",2019,"food_score",114.55
"51165010800","tract",2019,"food_score",105.65
"51165010900","tract",2019,"food_score",106.2
"51165011000","tract",2019,"food_score",104.99
"51165011100","tract",2019,"food_score",106.66
"51165011200","tract",2019,"food_score",116.15
"51165011400","tract",2019,"food_score",118.65
"51165011500","tract",2019,"food_score",113.24
"51165011600","tract",2019,"food_score",112.45
"51165011700","tract",2019,"food_score",121.23
"51165011800","tract",2019,"food_score",120.27
"51165011900","tract",2019,"food_score",106.03
"51165012000","tract",2019,"food_score",111.22
"51167030100","tract",2019,"food_score",93.44
"51167030200","tract",2019,"food_score",87.67
"51167030300","tract",2019,"food_score",86.53
"51167030401","tract",2019,"food_score",114.77
"51167030402","tract",2019,"food_score",111.07
"51167030500","tract",2019,"food_score",85.38
"51167030600","tract",2019,"food_score",83.11
"51169030100","tract",2019,"food_score",88.79
"51169030200","tract",2019,"food_score",98.19
"51169030300","tract",2019,"food_score",89.88
"51169030400","tract",2019,"food_score",111.65
"51169030500","tract",2019,"food_score",107.15
"51169030600","tract",2019,"food_score",114.44
"51171040100","tract",2019,"food_score",103.04
"51171040201","tract",2019,"food_score",122.37
"51171040202","tract",2019,"food_score",114.48
"51171040300","tract",2019,"food_score",114.81
"51171040400","tract",2019,"food_score",113.34
"51171040500","tract",2019,"food_score",91.84
"51171040600","tract",2019,"food_score",112.01
"51171040700","tract",2019,"food_score",101.69
"51171040800","tract",2019,"food_score",100.49
"51173030100","tract",2019,"food_score",87.64
"51173030200","tract",2019,"food_score",93.13
"51173030301","tract",2019,"food_score",95.93
"51173030302","tract",2019,"food_score",100.79
"51173030400","tract",2019,"food_score",89.46
"51173030500","tract",2019,"food_score",92.14
"51173030600","tract",2019,"food_score",73.37
"51173030701","tract",2019,"food_score",99.63
"51173030702","tract",2019,"food_score",99.14
"51175200100","tract",2019,"food_score",101.9
"51175200200","tract",2019,"food_score",90.01
"51175200300","tract",2019,"food_score",NA
"51175200400","tract",2019,"food_score",90.36
"51175200500","tract",2019,"food_score",103.43
"51177020104","tract",2019,"food_score",118.93
"51177020105","tract",2019,"food_score",116.48
"51177020106","tract",2019,"food_score",123.78
"51177020107","tract",2019,"food_score",125.08
"51177020108","tract",2019,"food_score",94.51
"51177020109","tract",2019,"food_score",110.78
"51177020110","tract",2019,"food_score",100.76
"51177020111","tract",2019,"food_score",113.38
"51177020112","tract",2019,"food_score",107.34
"51177020113","tract",2019,"food_score",115.78
"51177020114","tract",2019,"food_score",113.6
"51177020201","tract",2019,"food_score",107.01
"51177020202","tract",2019,"food_score",108.81
"51177020203","tract",2019,"food_score",114.62
"51177020204","tract",2019,"food_score",114.18
"51177020205","tract",2019,"food_score",113.35
"51177020304","tract",2019,"food_score",104.8
"51177020305","tract",2019,"food_score",99.48
"51177020306","tract",2019,"food_score",113.71
"51177020307","tract",2019,"food_score",109.93
"51177020308","tract",2019,"food_score",114.29
"51177020309","tract",2019,"food_score",114.99
"51177020310","tract",2019,"food_score",113
"51177020311","tract",2019,"food_score",107.88
"51177020403","tract",2019,"food_score",106.26
"51177020404","tract",2019,"food_score",96.54
"51177020405","tract",2019,"food_score",109.93
"51177020406","tract",2019,"food_score",104.58
"51177020407","tract",2019,"food_score",119.06
"51177020408","tract",2019,"food_score",108.15
"51179010103","tract",2019,"food_score",114.01
"51179010105","tract",2019,"food_score",112.64
"51179010106","tract",2019,"food_score",112.87
"51179010107","tract",2019,"food_score",123.58
"51179010108","tract",2019,"food_score",120.9
"51179010201","tract",2019,"food_score",NA
"51179010202","tract",2019,"food_score",120.52
"51179010204","tract",2019,"food_score",129.77
"51179010205","tract",2019,"food_score",119.06
"51179010206","tract",2019,"food_score",115.96
"51179010207","tract",2019,"food_score",100.24
"51179010210","tract",2019,"food_score",118.43
"51179010211","tract",2019,"food_score",98.01
"51179010212","tract",2019,"food_score",117.02
"51179010213","tract",2019,"food_score",127.54
"51179010214","tract",2019,"food_score",116.72
"51179010301","tract",2019,"food_score",118.31
"51179010303","tract",2019,"food_score",116.66
"51179010304","tract",2019,"food_score",118.11
"51179010305","tract",2019,"food_score",110.71
"51179010403","tract",2019,"food_score",108.33
"51179010404","tract",2019,"food_score",112.91
"51179010405","tract",2019,"food_score",117.51
"51179010406","tract",2019,"food_score",107.36
"51179010502","tract",2019,"food_score",117.72
"51179010503","tract",2019,"food_score",123.82
"51179010504","tract",2019,"food_score",115.32
"51181860100","tract",2019,"food_score",85.67
"51181860200","tract",2019,"food_score",101.27
"51183870100","tract",2019,"food_score",72.92
"51183870201","tract",2019,"food_score",NA
"51183870202","tract",2019,"food_score",NA
"51183870300","tract",2019,"food_score",91.01
"51183870400","tract",2019,"food_score",90.71
"51185020100","tract",2019,"food_score",NA
"51185020200","tract",2019,"food_score",81.8
"51185020300","tract",2019,"food_score",92.15
"51185020400","tract",2019,"food_score",86.44
"51185020500","tract",2019,"food_score",87.97
"51185020600","tract",2019,"food_score",92.1
"51185020700","tract",2019,"food_score",105.53
"51185020800","tract",2019,"food_score",89.76
"51185020900","tract",2019,"food_score",78.11
"51185021000","tract",2019,"food_score",101.26
"51185021100","tract",2019,"food_score",119.42
"51187020100","tract",2019,"food_score",110.86
"51187020200","tract",2019,"food_score",122.23
"51187020300","tract",2019,"food_score",109.81
"51187020400","tract",2019,"food_score",86.04
"51187020500","tract",2019,"food_score",78.48
"51187020601","tract",2019,"food_score",113.7
"51187020602","tract",2019,"food_score",105.55
"51187020700","tract",2019,"food_score",116.74
"51191010100","tract",2019,"food_score",105.72
"51191010200","tract",2019,"food_score",97.18
"51191010300","tract",2019,"food_score",99.22
"51191010401","tract",2019,"food_score",126.59
"51191010402","tract",2019,"food_score",112.39
"51191010501","tract",2019,"food_score",113.12
"51191010502","tract",2019,"food_score",88.62
"51191010601","tract",2019,"food_score",108.98
"51191010602","tract",2019,"food_score",99.45
"51191010700","tract",2019,"food_score",102.37
"51191010800","tract",2019,"food_score",97.57
"51191010900","tract",2019,"food_score",83.38
"51191011000","tract",2019,"food_score",122.22
"51193010100","tract",2019,"food_score",77.02
"51193010200","tract",2019,"food_score",117.05
"51193010300","tract",2019,"food_score",107.16
"51193010400","tract",2019,"food_score",104.91
"51195930700","tract",2019,"food_score",98.8
"51195930800","tract",2019,"food_score",97.23
"51195930900","tract",2019,"food_score",86.97
"51195931000","tract",2019,"food_score",85.01
"51195931100","tract",2019,"food_score",61.78
"51195931200","tract",2019,"food_score",100.48
"51195931300","tract",2019,"food_score",97.96
"51195931400","tract",2019,"food_score",105.87
"51195931500","tract",2019,"food_score",68.2
"51195931600","tract",2019,"food_score",70.19
"51195931700","tract",2019,"food_score",79.69
"51197050100","tract",2019,"food_score",98.97
"51197050200","tract",2019,"food_score",108.9
"51197050301","tract",2019,"food_score",115.33
"51197050302","tract",2019,"food_score",110.96
"51197050401","tract",2019,"food_score",108.16
"51197050402","tract",2019,"food_score",110.61
"51199050203","tract",2019,"food_score",121.3
"51199050204","tract",2019,"food_score",116.06
"51199050205","tract",2019,"food_score",123.18
"51199050206","tract",2019,"food_score",120.49
"51199050303","tract",2019,"food_score",126.26
"51199050304","tract",2019,"food_score",126.83
"51199050305","tract",2019,"food_score",125.05
"51199050306","tract",2019,"food_score",115.51
"51199050401","tract",2019,"food_score",120.93
"51199050402","tract",2019,"food_score",116.76
"51199050500","tract",2019,"food_score",98.94
"51199050900","tract",2019,"food_score",109.49
"51199051000","tract",2019,"food_score",95.68
"51199051100","tract",2019,"food_score",120.28
"51199990100","tract",2019,"food_score",NA
"51510200102","tract",2019,"food_score",92.12
"51510200103","tract",2019,"food_score",105.93
"51510200104","tract",2019,"food_score",104.48
"51510200105","tract",2019,"food_score",114.89
"51510200106","tract",2019,"food_score",96.6
"51510200107","tract",2019,"food_score",126.27
"51510200201","tract",2019,"food_score",120.63
"51510200202","tract",2019,"food_score",118.24
"51510200301","tract",2019,"food_score",115.28
"51510200302","tract",2019,"food_score",95.03
"51510200303","tract",2019,"food_score",114.68
"51510200403","tract",2019,"food_score",124.53
"51510200404","tract",2019,"food_score",123.02
"51510200405","tract",2019,"food_score",98.11
"51510200406","tract",2019,"food_score",111.53
"51510200407","tract",2019,"food_score",107.59
"51510200500","tract",2019,"food_score",107.17
"51510200600","tract",2019,"food_score",122.19
"51510200701","tract",2019,"food_score",119.46
"51510200702","tract",2019,"food_score",123.08
"51510200703","tract",2019,"food_score",98.34
"51510200801","tract",2019,"food_score",112.07
"51510200802","tract",2019,"food_score",101.12
"51510200900","tract",2019,"food_score",124.12
"51510201000","tract",2019,"food_score",121.34
"51510201100","tract",2019,"food_score",116.86
"51510201202","tract",2019,"food_score",118.74
"51510201203","tract",2019,"food_score",92.43
"51510201204","tract",2019,"food_score",114.56
"51510201300","tract",2019,"food_score",120.06
"51510201400","tract",2019,"food_score",118.55
"51510201500","tract",2019,"food_score",121.77
"51510201600","tract",2019,"food_score",91.25
"51510201801","tract",2019,"food_score",120.57
"51510201802","tract",2019,"food_score",88.42
"51510201900","tract",2019,"food_score",119.13
"51510202001","tract",2019,"food_score",112.14
"51510202002","tract",2019,"food_score",120.87
"51520020100","tract",2019,"food_score",78.34
"51520020200","tract",2019,"food_score",86.69
"51520020300","tract",2019,"food_score",59.16
"51520020400","tract",2019,"food_score",98.93
"51530930600","tract",2019,"food_score",95.1
"51540000201","tract",2019,"food_score",106.24
"51540000202","tract",2019,"food_score",84.1
"51540000302","tract",2019,"food_score",102.13
"51540000401","tract",2019,"food_score",88.33
"51540000402","tract",2019,"food_score",110.14
"51540000501","tract",2019,"food_score",91.31
"51540000502","tract",2019,"food_score",100.24
"51540000600","tract",2019,"food_score",86.07
"51540000700","tract",2019,"food_score",126.06
"51540000800","tract",2019,"food_score",108.86
"51540000900","tract",2019,"food_score",119.68
"51540001000","tract",2019,"food_score",113.74
"51550020001","tract",2019,"food_score",124.87
"51550020002","tract",2019,"food_score",105.31
"51550020003","tract",2019,"food_score",90.17
"51550020100","tract",2019,"food_score",56.23
"51550020200","tract",2019,"food_score",83.56
"51550020300","tract",2019,"food_score",75.01
"51550020400","tract",2019,"food_score",100.83
"51550020500","tract",2019,"food_score",87.03
"51550020600","tract",2019,"food_score",106.36
"51550020700","tract",2019,"food_score",107.73
"51550020804","tract",2019,"food_score",112.79
"51550020805","tract",2019,"food_score",113.23
"51550020806","tract",2019,"food_score",115.53
"51550020807","tract",2019,"food_score",112.85
"51550020808","tract",2019,"food_score",120.23
"51550020809","tract",2019,"food_score",102.95
"51550020903","tract",2019,"food_score",118.9
"51550020904","tract",2019,"food_score",108.02
"51550020905","tract",2019,"food_score",115.59
"51550020906","tract",2019,"food_score",108.6
"51550021004","tract",2019,"food_score",107.74
"51550021005","tract",2019,"food_score",128
"51550021006","tract",2019,"food_score",126.09
"51550021009","tract",2019,"food_score",118.44
"51550021010","tract",2019,"food_score",116.27
"51550021011","tract",2019,"food_score",121.39
"51550021012","tract",2019,"food_score",123.29
"51550021013","tract",2019,"food_score",124.01
"51550021101","tract",2019,"food_score",115.76
"51550021102","tract",2019,"food_score",123.18
"51550021200","tract",2019,"food_score",116.91
"51550021301","tract",2019,"food_score",119.88
"51550021302","tract",2019,"food_score",124.18
"51550021401","tract",2019,"food_score",110.57
"51550021402","tract",2019,"food_score",109.33
"51550021403","tract",2019,"food_score",87.97
"51550021404","tract",2019,"food_score",114.97
"51550021501","tract",2019,"food_score",113.51
"51550021502","tract",2019,"food_score",123.74
"51550021601","tract",2019,"food_score",126.34
"51550021602","tract",2019,"food_score",106.58
"51570830100","tract",2019,"food_score",117.07
"51570830200","tract",2019,"food_score",92.72
"51570830300","tract",2019,"food_score",119.01
"51570830400","tract",2019,"food_score",85.91
"51570830500","tract",2019,"food_score",98.99
"51580060100","tract",2019,"food_score",95.29
"51580060200","tract",2019,"food_score",112.13
"51590000100","tract",2019,"food_score",99.05
"51590000200","tract",2019,"food_score",91.79
"51590000300","tract",2019,"food_score",84.99
"51590000400","tract",2019,"food_score",52.76
"51590000500","tract",2019,"food_score",49.39
"51590000600","tract",2019,"food_score",56.8
"51590000700","tract",2019,"food_score",114.61
"51590000800","tract",2019,"food_score",92.86
"51590000900","tract",2019,"food_score",90.1
"51590001000","tract",2019,"food_score",72.03
"51590001100","tract",2019,"food_score",61.47
"51590001200","tract",2019,"food_score",66.61
"51590001301","tract",2019,"food_score",72.41
"51590001302","tract",2019,"food_score",77.48
"51590001400","tract",2019,"food_score",103.09
"51590980100","tract",2019,"food_score",NA
"51595890100","tract",2019,"food_score",76.23
"51595890200","tract",2019,"food_score",89.77
"51600300100","tract",2019,"food_score",132.01
"51600300200","tract",2019,"food_score",130.64
"51600300300","tract",2019,"food_score",133
"51600300400","tract",2019,"food_score",122.11
"51600300500","tract",2019,"food_score",130.01
"51610500100","tract",2019,"food_score",126.56
"51610500200","tract",2019,"food_score",124.24
"51610500300","tract",2019,"food_score",129.48
"51620090100","tract",2019,"food_score",116.15
"51620090200","tract",2019,"food_score",73.5
"51630000100","tract",2019,"food_score",119.35
"51630000200","tract",2019,"food_score",88.18
"51630000301","tract",2019,"food_score",NA
"51630000302","tract",2019,"food_score",102.81
"51630000400","tract",2019,"food_score",92.51
"51630000500","tract",2019,"food_score",114.89
"51640070101","tract",2019,"food_score",94.1
"51640070102","tract",2019,"food_score",102.96
"51650010103","tract",2019,"food_score",119.24
"51650010104","tract",2019,"food_score",84.49
"51650010200","tract",2019,"food_score",NA
"51650010304","tract",2019,"food_score",113.28
"51650010306","tract",2019,"food_score",114.76
"51650010307","tract",2019,"food_score",111.21
"51650010309","tract",2019,"food_score",105.71
"51650010310","tract",2019,"food_score",110.63
"51650010311","tract",2019,"food_score",99.66
"51650010312","tract",2019,"food_score",100.47
"51650010313","tract",2019,"food_score",96.13
"51650010314","tract",2019,"food_score",72.29
"51650010400","tract",2019,"food_score",76.56
"51650010501","tract",2019,"food_score",112.94
"51650010502","tract",2019,"food_score",90.05
"51650010601","tract",2019,"food_score",62.96
"51650010602","tract",2019,"food_score",71.92
"51650010701","tract",2019,"food_score",70.27
"51650010702","tract",2019,"food_score",97.48
"51650010703","tract",2019,"food_score",109.32
"51650010800","tract",2019,"food_score",96.7
"51650010900","tract",2019,"food_score",67.88
"51650011000","tract",2019,"food_score",95.27
"51650011100","tract",2019,"food_score",123.68
"51650011200","tract",2019,"food_score",92.23
"51650011300","tract",2019,"food_score",76.97
"51650011400","tract",2019,"food_score",NA
"51650011500","tract",2019,"food_score",115.14
"51650011600","tract",2019,"food_score",95.49
"51650011800","tract",2019,"food_score",81.95
"51650011900","tract",2019,"food_score",87.08
"51650012000","tract",2019,"food_score",88.92
"51650012100","tract",2019,"food_score",117.7
"51650990100","tract",2019,"food_score",NA
"51660000101","tract",2019,"food_score",93
"51660000102","tract",2019,"food_score",94.86
"51660000203","tract",2019,"food_score",114.87
"51660000204","tract",2019,"food_score",92.95
"51660000205","tract",2019,"food_score",108.17
"51660000206","tract",2019,"food_score",NA
"51660000207","tract",2019,"food_score",108.26
"51660000301","tract",2019,"food_score",114.32
"51660000302","tract",2019,"food_score",89.22
"51660000401","tract",2019,"food_score",110.55
"51660000402","tract",2019,"food_score",104.05
"51670820100","tract",2019,"food_score",76.6
"51670820300","tract",2019,"food_score",68.29
"51670820400","tract",2019,"food_score",98.54
"51670820500","tract",2019,"food_score",92.45
"51670820600","tract",2019,"food_score",70.61
"51670820700","tract",2019,"food_score",67.55
"51670980100","tract",2019,"food_score",NA
"51678930500","tract",2019,"food_score",NA
"51680000100","tract",2019,"food_score",119.39
"51680000201","tract",2019,"food_score",115.41
"51680000202","tract",2019,"food_score",83.42
"51680000203","tract",2019,"food_score",NA
"51680000300","tract",2019,"food_score",103.75
"51680000400","tract",2019,"food_score",72.83
"51680000500","tract",2019,"food_score",78.14
"51680000600","tract",2019,"food_score",54.09
"51680000700","tract",2019,"food_score",79.75
"51680000801","tract",2019,"food_score",86.86
"51680000802","tract",2019,"food_score",108.75
"51680000900","tract",2019,"food_score",111.2
"51680001000","tract",2019,"food_score",97.48
"51680001100","tract",2019,"food_score",49.67
"51680001400","tract",2019,"food_score",NA
"51680001600","tract",2019,"food_score",112.76
"51680001700","tract",2019,"food_score",120.13
"51680001800","tract",2019,"food_score",115.63
"51680001900","tract",2019,"food_score",66.83
"51683910100","tract",2019,"food_score",120.79
"51683910201","tract",2019,"food_score",115.13
"51683910202","tract",2019,"food_score",110.94
"51683910301","tract",2019,"food_score",112.89
"51683910302","tract",2019,"food_score",84.24
"51683910401","tract",2019,"food_score",99.19
"51683910402","tract",2019,"food_score",123.58
"51685920100","tract",2019,"food_score",105.47
"51685920200","tract",2019,"food_score",110.43
"51690000100","tract",2019,"food_score",83.8
"51690000200","tract",2019,"food_score",64.88
"51690000300","tract",2019,"food_score",95.99
"51690000400","tract",2019,"food_score",65.69
"51690000500","tract",2019,"food_score",105.41
"51700030100","tract",2019,"food_score",NA
"51700030300","tract",2019,"food_score",89.98
"51700030400","tract",2019,"food_score",56.73
"51700030500","tract",2019,"food_score",90.93
"51700030600","tract",2019,"food_score",64.48
"51700030800","tract",2019,"food_score",57.31
"51700030900","tract",2019,"food_score",50.87
"51700031100","tract",2019,"food_score",99.54
"51700031200","tract",2019,"food_score",77.95
"51700031300","tract",2019,"food_score",80.56
"51700031400","tract",2019,"food_score",95.96
"51700031500","tract",2019,"food_score",113.62
"51700031601","tract",2019,"food_score",106.91
"51700031602","tract",2019,"food_score",114.65
"51700031701","tract",2019,"food_score",NA
"51700031702","tract",2019,"food_score",106.88
"51700031800","tract",2019,"food_score",125.81
"51700031901","tract",2019,"food_score",109.91
"51700031902","tract",2019,"food_score",109.43
"51700032001","tract",2019,"food_score",103.99
"51700032002","tract",2019,"food_score",125.49
"51700032005","tract",2019,"food_score",105.04
"51700032006","tract",2019,"food_score",70.33
"51700032007","tract",2019,"food_score",104.96
"51700032113","tract",2019,"food_score",112.29
"51700032114","tract",2019,"food_score",103.16
"51700032117","tract",2019,"food_score",88.24
"51700032123","tract",2019,"food_score",100.11
"51700032124","tract",2019,"food_score",106.9
"51700032126","tract",2019,"food_score",88.19
"51700032127","tract",2019,"food_score",97.07
"51700032128","tract",2019,"food_score",80.61
"51700032129","tract",2019,"food_score",90.47
"51700032130","tract",2019,"food_score",118.11
"51700032131","tract",2019,"food_score",103.01
"51700032132","tract",2019,"food_score",116.78
"51700032211","tract",2019,"food_score",118.68
"51700032212","tract",2019,"food_score",78.36
"51700032223","tract",2019,"food_score",107.76
"51700032224","tract",2019,"food_score",97.34
"51700032225","tract",2019,"food_score",76.77
"51700032226","tract",2019,"food_score",75.62
"51700032300","tract",2019,"food_score",NA
"51700032400","tract",2019,"food_score",114.21
"51710000100","tract",2019,"food_score",88.91
"51710000201","tract",2019,"food_score",78.58
"51710000202","tract",2019,"food_score",115.83
"51710000300","tract",2019,"food_score",98.02
"51710000400","tract",2019,"food_score",114.9
"51710000500","tract",2019,"food_score",108.44
"51710000600","tract",2019,"food_score",98.2
"51710000700","tract",2019,"food_score",117.76
"51710000800","tract",2019,"food_score",97.36
"51710000901","tract",2019,"food_score",NA
"51710000902","tract",2019,"food_score",NA
"51710001100","tract",2019,"food_score",71.91
"51710001200","tract",2019,"food_score",108.66
"51710001300","tract",2019,"food_score",83.78
"51710001400","tract",2019,"food_score",98.49
"51710001500","tract",2019,"food_score",115.66
"51710001600","tract",2019,"food_score",74.55
"51710001700","tract",2019,"food_score",102.74
"51710002000","tract",2019,"food_score",121.36
"51710002100","tract",2019,"food_score",103.87
"51710002200","tract",2019,"food_score",120.29
"51710002300","tract",2019,"food_score",112.68
"51710002400","tract",2019,"food_score",122.59
"51710002500","tract",2019,"food_score",NA
"51710002600","tract",2019,"food_score",NA
"51710002700","tract",2019,"food_score",79.3
"51710002800","tract",2019,"food_score",109.67
"51710002900","tract",2019,"food_score",65.99
"51710003000","tract",2019,"food_score",110.37
"51710003100","tract",2019,"food_score",87.48
"51710003200","tract",2019,"food_score",78.44
"51710003300","tract",2019,"food_score",86.94
"51710003400","tract",2019,"food_score",69.78
"51710003501","tract",2019,"food_score",40.31
"51710003600","tract",2019,"food_score",122.71
"51710003700","tract",2019,"food_score",111.43
"51710003800","tract",2019,"food_score",124.79
"51710004001","tract",2019,"food_score",118.93
"51710004002","tract",2019,"food_score",112.97
"51710004100","tract",2019,"food_score",23.35
"51710004200","tract",2019,"food_score",18.41
"51710004300","tract",2019,"food_score",77.32
"51710004400","tract",2019,"food_score",94.04
"51710004500","tract",2019,"food_score",80.18
"51710004600","tract",2019,"food_score",62.19
"51710004700","tract",2019,"food_score",NA
"51710004800","tract",2019,"food_score",23.3
"51710004900","tract",2019,"food_score",124.86
"51710005000","tract",2019,"food_score",75.81
"51710005100","tract",2019,"food_score",44.09
"51710005500","tract",2019,"food_score",82.21
"51710005601","tract",2019,"food_score",104.44
"51710005602","tract",2019,"food_score",100.47
"51710005701","tract",2019,"food_score",72.89
"51710005702","tract",2019,"food_score",88.11
"51710005800","tract",2019,"food_score",85.89
"51710005901","tract",2019,"food_score",76.18
"51710005902","tract",2019,"food_score",96.18
"51710005903","tract",2019,"food_score",82.56
"51710006000","tract",2019,"food_score",96.16
"51710006100","tract",2019,"food_score",87.8
"51710006200","tract",2019,"food_score",103.44
"51710006400","tract",2019,"food_score",81.14
"51710006501","tract",2019,"food_score",86.34
"51710006502","tract",2019,"food_score",89.35
"51710006601","tract",2019,"food_score",121.16
"51710006602","tract",2019,"food_score",105.96
"51710006603","tract",2019,"food_score",104.13
"51710006604","tract",2019,"food_score",108.3
"51710006605","tract",2019,"food_score",119.27
"51710006606","tract",2019,"food_score",116.72
"51710006607","tract",2019,"food_score",101.87
"51710006800","tract",2019,"food_score",111.31
"51710006901","tract",2019,"food_score",93.77
"51710006902","tract",2019,"food_score",110.06
"51710007001","tract",2019,"food_score",101.7
"51710007002","tract",2019,"food_score",107.99
"51710980100","tract",2019,"food_score",NA
"51710980200","tract",2019,"food_score",NA
"51710980300","tract",2019,"food_score",NA
"51710990000","tract",2019,"food_score",NA
"51720960100","tract",2019,"food_score",74.95
"51730810100","tract",2019,"food_score",44.95
"51730810300","tract",2019,"food_score",88.86
"51730810400","tract",2019,"food_score",53.79
"51730810500","tract",2019,"food_score",80.31
"51730810600","tract",2019,"food_score",44.74
"51730810700","tract",2019,"food_score",63.89
"51730810900","tract",2019,"food_score",80.96
"51730811000","tract",2019,"food_score",92.45
"51730811100","tract",2019,"food_score",92.46
"51730811200","tract",2019,"food_score",83.93
"51730811300","tract",2019,"food_score",57.34
"51735340100","tract",2019,"food_score",123.5
"51735340200","tract",2019,"food_score",118.64
"51735340300","tract",2019,"food_score",122.95
"51735990100","tract",2019,"food_score",NA
"51740210200","tract",2019,"food_score",90.89
"51740210300","tract",2019,"food_score",77.51
"51740210400","tract",2019,"food_score",113.12
"51740210500","tract",2019,"food_score",52.7
"51740210600","tract",2019,"food_score",107.84
"51740210900","tract",2019,"food_score",107.61
"51740211100","tract",2019,"food_score",67.49
"51740211400","tract",2019,"food_score",70.07
"51740211500","tract",2019,"food_score",59.11
"51740211600","tract",2019,"food_score",90.88
"51740211700","tract",2019,"food_score",87.93
"51740211800","tract",2019,"food_score",64.02
"51740211900","tract",2019,"food_score",84.71
"51740212000","tract",2019,"food_score",74.64
"51740212100","tract",2019,"food_score",38.32
"51740212300","tract",2019,"food_score",77.49
"51740212400","tract",2019,"food_score",88.97
"51740212500","tract",2019,"food_score",101.54
"51740212600","tract",2019,"food_score",101.81
"51740212701","tract",2019,"food_score",100.78
"51740212702","tract",2019,"food_score",102.48
"51740212801","tract",2019,"food_score",103.83
"51740212802","tract",2019,"food_score",102.34
"51740212900","tract",2019,"food_score",119.11
"51740213001","tract",2019,"food_score",123.09
"51740213002","tract",2019,"food_score",112.5
"51740213101","tract",2019,"food_score",84.18
"51740213103","tract",2019,"food_score",81.35
"51740213104","tract",2019,"food_score",118.31
"51740213200","tract",2019,"food_score",103.02
"51740980100","tract",2019,"food_score",NA
"51750010101","tract",2019,"food_score",109.26
"51750010102","tract",2019,"food_score",NA
"51750010200","tract",2019,"food_score",103.01
"51760010200","tract",2019,"food_score",117.12
"51760010300","tract",2019,"food_score",48.61
"51760010401","tract",2019,"food_score",107.82
"51760010402","tract",2019,"food_score",102.07
"51760010500","tract",2019,"food_score",105.7
"51760010600","tract",2019,"food_score",102.22
"51760010700","tract",2019,"food_score",96.1
"51760010800","tract",2019,"food_score",74.52
"51760010900","tract",2019,"food_score",55.52
"51760011000","tract",2019,"food_score",92.58
"51760011100","tract",2019,"food_score",101.02
"51760020100","tract",2019,"food_score",29.41
"51760020200","tract",2019,"food_score",32.69
"51760020300","tract",2019,"food_score",95.61
"51760020400","tract",2019,"food_score",44.91
"51760020500","tract",2019,"food_score",101.87
"51760020600","tract",2019,"food_score",108.77
"51760020700","tract",2019,"food_score",84.02
"51760020800","tract",2019,"food_score",112.59
"51760020900","tract",2019,"food_score",101.92
"51760021000","tract",2019,"food_score",62.11
"51760021100","tract",2019,"food_score",86.21
"51760021200","tract",2019,"food_score",82.36
"51760030100","tract",2019,"food_score",-2.42
"51760030200","tract",2019,"food_score",114.55
"51760030500","tract",2019,"food_score",116.38
"51760040200","tract",2019,"food_score",101.68
"51760040300","tract",2019,"food_score",NA
"51760040400","tract",2019,"food_score",120.96
"51760040500","tract",2019,"food_score",110.83
"51760040600","tract",2019,"food_score",119.7
"51760040700","tract",2019,"food_score",119.68
"51760040800","tract",2019,"food_score",116.49
"51760040900","tract",2019,"food_score",108.63
"51760041000","tract",2019,"food_score",116.83
"51760041100","tract",2019,"food_score",91.68
"51760041200","tract",2019,"food_score",120.73
"51760041300","tract",2019,"food_score",86.27
"51760041400","tract",2019,"food_score",98.45
"51760041600","tract",2019,"food_score",116.86
"51760050100","tract",2019,"food_score",120.82
"51760050200","tract",2019,"food_score",123.22
"51760050300","tract",2019,"food_score",115.79
"51760050400","tract",2019,"food_score",124.8
"51760050500","tract",2019,"food_score",NA
"51760050600","tract",2019,"food_score",125.23
"51760060200","tract",2019,"food_score",81.22
"51760060400","tract",2019,"food_score",51.02
"51760060500","tract",2019,"food_score",106.24
"51760060600","tract",2019,"food_score",117.88
"51760060700","tract",2019,"food_score",47.42
"51760060800","tract",2019,"food_score",63.83
"51760060900","tract",2019,"food_score",51.15
"51760061000","tract",2019,"food_score",73.53
"51760070100","tract",2019,"food_score",120.37
"51760070300","tract",2019,"food_score",109.95
"51760070400","tract",2019,"food_score",110.03
"51760070601","tract",2019,"food_score",78.85
"51760070602","tract",2019,"food_score",76.04
"51760070700","tract",2019,"food_score",86.86
"51760070801","tract",2019,"food_score",78.72
"51760070802","tract",2019,"food_score",106.95
"51760070900","tract",2019,"food_score",87.49
"51760071001","tract",2019,"food_score",69.3
"51760071002","tract",2019,"food_score",102.4
"51760071100","tract",2019,"food_score",94.02
"51770000100","tract",2019,"food_score",67.52
"51770000300","tract",2019,"food_score",93.87
"51770000400","tract",2019,"food_score",86.66
"51770000500","tract",2019,"food_score",81.01
"51770000601","tract",2019,"food_score",109.08
"51770000602","tract",2019,"food_score",84.45
"51770000900","tract",2019,"food_score",75.36
"51770001000","tract",2019,"food_score",48.16
"51770001100","tract",2019,"food_score",121.44
"51770001200","tract",2019,"food_score",108.67
"51770001800","tract",2019,"food_score",107.63
"51770001900","tract",2019,"food_score",107.89
"51770002100","tract",2019,"food_score",112.36
"51770002200","tract",2019,"food_score",96.68
"51770002300","tract",2019,"food_score",88.59
"51770002400","tract",2019,"food_score",75.72
"51770002500","tract",2019,"food_score",53.23
"51770002600","tract",2019,"food_score",66.24
"51770002700","tract",2019,"food_score",63.97
"51770002800","tract",2019,"food_score",92.38
"51770002900","tract",2019,"food_score",128.69
"51770003000","tract",2019,"food_score",111.88
"51770003100","tract",2019,"food_score",117.4
"51775010100","tract",2019,"food_score",103.47
"51775010200","tract",2019,"food_score",114.83
"51775010300","tract",2019,"food_score",99.71
"51775010501","tract",2019,"food_score",123.96
"51775010502","tract",2019,"food_score",111.69
"51790000100","tract",2019,"food_score",102.73
"51790000200","tract",2019,"food_score",100.7
"51790000300","tract",2019,"food_score",112.65
"51790000400","tract",2019,"food_score",116.55
"51790000500","tract",2019,"food_score",113.76
"51790000600","tract",2019,"food_score",107.01
"51800065100","tract",2019,"food_score",75.06
"51800065200","tract",2019,"food_score",100.17
"51800065300","tract",2019,"food_score",66.75
"51800065400","tract",2019,"food_score",61.98
"51800065500","tract",2019,"food_score",56.91
"51800075101","tract",2019,"food_score",106.85
"51800075102","tract",2019,"food_score",118.94
"51800075201","tract",2019,"food_score",117.58
"51800075202","tract",2019,"food_score",124.22
"51800075203","tract",2019,"food_score",123.57
"51800075204","tract",2019,"food_score",104.78
"51800075301","tract",2019,"food_score",118.41
"51800075302","tract",2019,"food_score",115.75
"51800075401","tract",2019,"food_score",103.79
"51800075402","tract",2019,"food_score",109.08
"51800075403","tract",2019,"food_score",112.17
"51800075404","tract",2019,"food_score",102.35
"51800075405","tract",2019,"food_score",120.3
"51800075501","tract",2019,"food_score",83.73
"51800075502","tract",2019,"food_score",118.23
"51800075601","tract",2019,"food_score",55.13
"51800075602","tract",2019,"food_score",124.02
"51800075701","tract",2019,"food_score",92.03
"51800075702","tract",2019,"food_score",110.73
"51800075703","tract",2019,"food_score",119.6
"51800075801","tract",2019,"food_score",101.26
"51800075802","tract",2019,"food_score",90.99
"51800075803","tract",2019,"food_score",99.88
"51810040000","tract",2019,"food_score",NA
"51810040200","tract",2019,"food_score",94.39
"51810040402","tract",2019,"food_score",96.45
"51810040403","tract",2019,"food_score",103.4
"51810040404","tract",2019,"food_score",121.46
"51810040600","tract",2019,"food_score",99.94
"51810040801","tract",2019,"food_score",113.06
"51810040802","tract",2019,"food_score",115.92
"51810041002","tract",2019,"food_score",104.04
"51810041003","tract",2019,"food_score",111.89
"51810041004","tract",2019,"food_score",89.8
"51810041200","tract",2019,"food_score",125.03
"51810041400","tract",2019,"food_score",129.31
"51810041600","tract",2019,"food_score",117.76
"51810041801","tract",2019,"food_score",126.24
"51810041802","tract",2019,"food_score",119.74
"51810042000","tract",2019,"food_score",126.45
"51810042201","tract",2019,"food_score",120.03
"51810042202","tract",2019,"food_score",120.19
"51810042400","tract",2019,"food_score",113.89
"51810042600","tract",2019,"food_score",101.7
"51810042801","tract",2019,"food_score",112.87
"51810042802","tract",2019,"food_score",104.19
"51810043002","tract",2019,"food_score",125.14
"51810043003","tract",2019,"food_score",124.7
"51810043004","tract",2019,"food_score",121.39
"51810043200","tract",2019,"food_score",124.45
"51810043400","tract",2019,"food_score",124.88
"51810043600","tract",2019,"food_score",124.74
"51810043800","tract",2019,"food_score",125.65
"51810044001","tract",2019,"food_score",106.79
"51810044003","tract",2019,"food_score",124.21
"51810044004","tract",2019,"food_score",115.84
"51810044200","tract",2019,"food_score",83.91
"51810044401","tract",2019,"food_score",124.53
"51810044402","tract",2019,"food_score",117.37
"51810044600","tract",2019,"food_score",128.4
"51810044805","tract",2019,"food_score",111.93
"51810044806","tract",2019,"food_score",85.09
"51810044807","tract",2019,"food_score",104.98
"51810044808","tract",2019,"food_score",99.56
"51810045000","tract",2019,"food_score",NA
"51810045200","tract",2019,"food_score",NA
"51810045405","tract",2019,"food_score",113.67
"51810045406","tract",2019,"food_score",100.51
"51810045407","tract",2019,"food_score",107.92
"51810045408","tract",2019,"food_score",105.71
"51810045412","tract",2019,"food_score",117.09
"51810045414","tract",2019,"food_score",89.52
"51810045415","tract",2019,"food_score",95.4
"51810045417","tract",2019,"food_score",129.66
"51810045420","tract",2019,"food_score",123.92
"51810045421","tract",2019,"food_score",116.17
"51810045422","tract",2019,"food_score",120.22
"51810045423","tract",2019,"food_score",121.37
"51810045424","tract",2019,"food_score",127.38
"51810045425","tract",2019,"food_score",123.85
"51810045426","tract",2019,"food_score",128.61
"51810045427","tract",2019,"food_score",123.74
"51810045428","tract",2019,"food_score",125.57
"51810045601","tract",2019,"food_score",102.78
"51810045603","tract",2019,"food_score",103.41
"51810045604","tract",2019,"food_score",103.55
"51810045801","tract",2019,"food_score",105.68
"51810045803","tract",2019,"food_score",107.75
"51810045805","tract",2019,"food_score",112
"51810045806","tract",2019,"food_score",97.46
"51810045807","tract",2019,"food_score",109.24
"51810045808","tract",2019,"food_score",99.39
"51810045809","tract",2019,"food_score",109.27
"51810045810","tract",2019,"food_score",54.57
"51810046002","tract",2019,"food_score",108.37
"51810046005","tract",2019,"food_score",116.18
"51810046006","tract",2019,"food_score",123.81
"51810046009","tract",2019,"food_score",114.7
"51810046010","tract",2019,"food_score",103.07
"51810046011","tract",2019,"food_score",100.14
"51810046012","tract",2019,"food_score",114.47
"51810046013","tract",2019,"food_score",106.34
"51810046014","tract",2019,"food_score",109.64
"51810046015","tract",2019,"food_score",112.79
"51810046016","tract",2019,"food_score",125.27
"51810046204","tract",2019,"food_score",110.04
"51810046206","tract",2019,"food_score",117.59
"51810046207","tract",2019,"food_score",120.08
"51810046211","tract",2019,"food_score",123.1
"51810046212","tract",2019,"food_score",124.57
"51810046213","tract",2019,"food_score",97.57
"51810046214","tract",2019,"food_score",109.08
"51810046216","tract",2019,"food_score",119.07
"51810046217","tract",2019,"food_score",125.31
"51810046219","tract",2019,"food_score",115.53
"51810046220","tract",2019,"food_score",109.95
"51810046221","tract",2019,"food_score",95.26
"51810046222","tract",2019,"food_score",117.25
"51810046223","tract",2019,"food_score",117.44
"51810046224","tract",2019,"food_score",108.81
"51810046225","tract",2019,"food_score",116.25
"51810046400","tract",2019,"food_score",119.03
"51810990100","tract",2019,"food_score",NA
"51820003100","tract",2019,"food_score",112.42
"51820003200","tract",2019,"food_score",72.22
"51820003300","tract",2019,"food_score",83.53
"51820003400","tract",2019,"food_score",110.99
"51820003500","tract",2019,"food_score",115.58
"51830370100","tract",2019,"food_score",125.27
"51830370200","tract",2019,"food_score",91
"51830370300","tract",2019,"food_score",NA
"51840000100","tract",2019,"food_score",96.67
"51840000201","tract",2019,"food_score",110.87
"51840000202","tract",2019,"food_score",129.27
"51840000301","tract",2019,"food_score",98.88
"51840000302","tract",2019,"food_score",103.95
"51001090100","tract",2019,"food_rnk",68.7556
"51001090200","tract",2019,"food_rnk",55.7747
"51001090300","tract",2019,"food_rnk",23.1677
"51001090400","tract",2019,"food_rnk",25.3103
"51001090500","tract",2019,"food_rnk",26.1425
"51001090600","tract",2019,"food_rnk",46.4963
"51001090700","tract",2019,"food_rnk",46.4681
"51001090800","tract",2019,"food_rnk",35.7129
"51001980100","tract",2019,"food_rnk",NA
"51001980200","tract",2019,"food_rnk",NA
"51001990100","tract",2019,"food_rnk",NA
"51001990200","tract",2019,"food_rnk",NA
"51003010100","tract",2019,"food_rnk",93.2013
"51003010201","tract",2019,"food_rnk",95.7811
"51003010202","tract",2019,"food_rnk",97.7319
"51003010300","tract",2019,"food_rnk",78.8944
"51003010401","tract",2019,"food_rnk",79.6279
"51003010402","tract",2019,"food_rnk",90.3112
"51003010500","tract",2019,"food_rnk",91.0489
"51003010601","tract",2019,"food_rnk",40.4804
"51003010602","tract",2019,"food_rnk",85.3334
"51003010700","tract",2019,"food_rnk",44.255
"51003010800","tract",2019,"food_rnk",66.7174
"51003010901","tract",2019,"food_rnk",NA
"51003010902","tract",2019,"food_rnk",NA
"51003010903","tract",2019,"food_rnk",NA
"51003011000","tract",2019,"food_rnk",89.9275
"51003011100","tract",2019,"food_rnk",96.0759
"51003011201","tract",2019,"food_rnk",98.6812
"51003011202","tract",2019,"food_rnk",70.3862
"51003011301","tract",2019,"food_rnk",86.8356
"51003011302","tract",2019,"food_rnk",41.1758
"51003011303","tract",2019,"food_rnk",83.535
"51003011400","tract",2019,"food_rnk",48.3666
"51005070100","tract",2019,"food_rnk",10.8003
"51005080100","tract",2019,"food_rnk",50.5557
"51005080201","tract",2019,"food_rnk",41.1434
"51005080202","tract",2019,"food_rnk",26.2892
"51005080301","tract",2019,"food_rnk",37.4393
"51005080302","tract",2019,"food_rnk",80.793
"51007930100","tract",2019,"food_rnk",61.1741
"51007930200","tract",2019,"food_rnk",58.9906
"51009010100","tract",2019,"food_rnk",55.5151
"51009010200","tract",2019,"food_rnk",79.4065
"51009010300","tract",2019,"food_rnk",65.338
"51009010401","tract",2019,"food_rnk",45.5865
"51009010402","tract",2019,"food_rnk",86.782
"51009010502","tract",2019,"food_rnk",39.7216
"51009010503","tract",2019,"food_rnk",18.5624
"51009010504","tract",2019,"food_rnk",50.9831
"51009010600","tract",2019,"food_rnk",17.9827
"51011040100","tract",2019,"food_rnk",28.247
"51011040200","tract",2019,"food_rnk",76.505
"51011040300","tract",2019,"food_rnk",49.5853
"51013100100","tract",2019,"food_rnk",96.9801
"51013100200","tract",2019,"food_rnk",99.5543
"51013100300","tract",2019,"food_rnk",99.6022
"51013100400","tract",2019,"food_rnk",95.9659
"51013100500","tract",2019,"food_rnk",96.973
"51013100600","tract",2019,"food_rnk",73.6826
"51013100700","tract",2019,"food_rnk",94.8643
"51013100800","tract",2019,"food_rnk",60.7651
"51013100900","tract",2019,"food_rnk",93.8177
"51013101000","tract",2019,"food_rnk",89.3379
"51013101100","tract",2019,"food_rnk",91.3084
"51013101200","tract",2019,"food_rnk",54.4643
"51013101300","tract",2019,"food_rnk",99.5952
"51013101401","tract",2019,"food_rnk",81.7789
"51013101402","tract",2019,"food_rnk",91.6356
"51013101403","tract",2019,"food_rnk",96.5386
"51013101404","tract",2019,"food_rnk",95.5752
"51013101500","tract",2019,"food_rnk",92.7006
"51013101601","tract",2019,"food_rnk",55.178
"51013101602","tract",2019,"food_rnk",79.8945
"51013101603","tract",2019,"food_rnk",59.229
"51013101701","tract",2019,"food_rnk",54.2922
"51013101702","tract",2019,"food_rnk",73.0859
"51013101703","tract",2019,"food_rnk",68.2521
"51013101801","tract",2019,"food_rnk",89.6355
"51013101802","tract",2019,"food_rnk",98.7263
"51013101803","tract",2019,"food_rnk",82.9878
"51013101900","tract",2019,"food_rnk",91.235
"51013102001","tract",2019,"food_rnk",83.2515
"51013102002","tract",2019,"food_rnk",78.2921
"51013102003","tract",2019,"food_rnk",42.8247
"51013102100","tract",2019,"food_rnk",67.9968
"51013102200","tract",2019,"food_rnk",27.9226
"51013102301","tract",2019,"food_rnk",81.1343
"51013102302","tract",2019,"food_rnk",62.5296
"51013102400","tract",2019,"food_rnk",54.5179
"51013102500","tract",2019,"food_rnk",79.2104
"51013102600","tract",2019,"food_rnk",85.0133
"51013102701","tract",2019,"food_rnk",55.9933
"51013102702","tract",2019,"food_rnk",64.644
"51013102801","tract",2019,"food_rnk",88.9035
"51013102802","tract",2019,"food_rnk",94.7515
"51013102901","tract",2019,"food_rnk",56.5744
"51013102902","tract",2019,"food_rnk",88.4874
"51013103000","tract",2019,"food_rnk",93.128
"51013103100","tract",2019,"food_rnk",62.5296
"51013103200","tract",2019,"food_rnk",92.2817
"51013103300","tract",2019,"food_rnk",45.6373
"51013103401","tract",2019,"food_rnk",NA
"51013103402","tract",2019,"food_rnk",76.5713
"51013103501","tract",2019,"food_rnk",92.3903
"51013103502","tract",2019,"food_rnk",74.1875
"51013103503","tract",2019,"food_rnk",95.1492
"51013103601","tract",2019,"food_rnk",75.9013
"51013103602","tract",2019,"food_rnk",86.8074
"51013103700","tract",2019,"food_rnk",92.654
"51013103800","tract",2019,"food_rnk",72.4343
"51013980100","tract",2019,"food_rnk",NA
"51013980200","tract",2019,"food_rnk",NA
"51015070100","tract",2019,"food_rnk",NA
"51015070200","tract",2019,"food_rnk",84.2459
"51015070300","tract",2019,"food_rnk",95.2494
"51015070400","tract",2019,"food_rnk",53.508
"51015070500","tract",2019,"food_rnk",51.3879
"51015070600","tract",2019,"food_rnk",58.4645
"51015070700","tract",2019,"food_rnk",52.9579
"51015070800","tract",2019,"food_rnk",82.7719
"51015070900","tract",2019,"food_rnk",48.6572
"51015071000","tract",2019,"food_rnk",81.7155
"51015071101","tract",2019,"food_rnk",39.6948
"51015071102","tract",2019,"food_rnk",74.306
"51015071200","tract",2019,"food_rnk",64.1771
"51017920100","tract",2019,"food_rnk",50.0804
"51019030101","tract",2019,"food_rnk",85.3334
"51019030103","tract",2019,"food_rnk",75.9521
"51019030104","tract",2019,"food_rnk",89.383
"51019030201","tract",2019,"food_rnk",97.1127
"51019030202","tract",2019,"food_rnk",58.8595
"51019030300","tract",2019,"food_rnk",69.8671
"51019030401","tract",2019,"food_rnk",80.9933
"51019030402","tract",2019,"food_rnk",59.6367
"51019030501","tract",2019,"food_rnk",68.2521
"51019030503","tract",2019,"food_rnk",78.625
"51019030504","tract",2019,"food_rnk",34.3955
"51019030601","tract",2019,"food_rnk",58.2755
"51019030602","tract",2019,"food_rnk",53.2978
"51019030603","tract",2019,"food_rnk",67.386
"51019030604","tract",2019,"food_rnk",60.6522
"51019030605","tract",2019,"food_rnk",64.8132
"51019050100","tract",2019,"food_rnk",17.1787
"51021040100","tract",2019,"food_rnk",44.0702
"51021040200","tract",2019,"food_rnk",48.3144
"51023040100","tract",2019,"food_rnk",63.8668
"51023040200","tract",2019,"food_rnk",68.317
"51023040301","tract",2019,"food_rnk",61.5874
"51023040302","tract",2019,"food_rnk",99.1805
"51023040401","tract",2019,"food_rnk",65.9276
"51023040402","tract",2019,"food_rnk",68.8685
"51023040501","tract",2019,"food_rnk",97.2241
"51023040502","tract",2019,"food_rnk",44.389
"51025930100","tract",2019,"food_rnk",17.5976
"51025930201","tract",2019,"food_rnk",18.7768
"51025930202","tract",2019,"food_rnk",NA
"51025930203","tract",2019,"food_rnk",9.1162
"51025930300","tract",2019,"food_rnk",39.1179
"51027010100","tract",2019,"food_rnk",16.7259
"51027010200","tract",2019,"food_rnk",19.0194
"51027010300","tract",2019,"food_rnk",25.3103
"51027010400","tract",2019,"food_rnk",21.5513
"51027010500","tract",2019,"food_rnk",19.2761
"51027010600","tract",2019,"food_rnk",20.0533
"51027010700","tract",2019,"food_rnk",14.4028
"51029930101","tract",2019,"food_rnk",42.0447
"51029930102","tract",2019,"food_rnk",36.8117
"51029930201","tract",2019,"food_rnk",NA
"51029930202","tract",2019,"food_rnk",30.6534
"51031020101","tract",2019,"food_rnk",64.2744
"51031020102","tract",2019,"food_rnk",48.9844
"51031020200","tract",2019,"food_rnk",55.8706
"51031020300","tract",2019,"food_rnk",96.327
"51031020401","tract",2019,"food_rnk",72.4822
"51031020402","tract",2019,"food_rnk",81.6506
"51031020403","tract",2019,"food_rnk",75.8223
"51031020500","tract",2019,"food_rnk",53.9805
"51031020600","tract",2019,"food_rnk",67.5355
"51031020700","tract",2019,"food_rnk",12.744
"51031020800","tract",2019,"food_rnk",26.773
"51031020900","tract",2019,"food_rnk",18.6287
"51033030100","tract",2019,"food_rnk",NA
"51033030201","tract",2019,"food_rnk",43.7641
"51033030202","tract",2019,"food_rnk",28.1878
"51033030300","tract",2019,"food_rnk",52.3189
"51033030400","tract",2019,"food_rnk",26.4514
"51033030500","tract",2019,"food_rnk",85.4491
"51033030600","tract",2019,"food_rnk",15.9628
"51035080100","tract",2019,"food_rnk",43.7923
"51035080200","tract",2019,"food_rnk",49.8392
"51035080300","tract",2019,"food_rnk",26.0071
"51035080400","tract",2019,"food_rnk",70.705
"51035080500","tract",2019,"food_rnk",78.0524
"51035080601","tract",2019,"food_rnk",49.0705
"51035080602","tract",2019,"food_rnk",31.0525
"51036600100","tract",2019,"food_rnk",52.924
"51036600200","tract",2019,"food_rnk",50.7222
"51036600300","tract",2019,"food_rnk",41.3874
"51037930100","tract",2019,"food_rnk",19.8417
"51037930200","tract",2019,"food_rnk",22.21
"51037930300","tract",2019,"food_rnk",29.6688
"51041100106","tract",2019,"food_rnk",68.8064
"51041100107","tract",2019,"food_rnk",28.1567
"51041100205","tract",2019,"food_rnk",48.1833
"51041100206","tract",2019,"food_rnk",55.7126
"51041100208","tract",2019,"food_rnk",98.1748
"51041100209","tract",2019,"food_rnk",68.6315
"51041100210","tract",2019,"food_rnk",30.8184
"51041100300","tract",2019,"food_rnk",11.7059
"51041100403","tract",2019,"food_rnk",78.838
"51041100404","tract",2019,"food_rnk",14.6454
"51041100405","tract",2019,"food_rnk",12.909
"51041100406","tract",2019,"food_rnk",2.3358
"51041100407","tract",2019,"food_rnk",25.3188
"51041100409","tract",2019,"food_rnk",81.0878
"51041100410","tract",2019,"food_rnk",65.5693
"51041100505","tract",2019,"food_rnk",71.0336
"51041100506","tract",2019,"food_rnk",21.035
"51041100507","tract",2019,"food_rnk",69.2394
"51041100508","tract",2019,"food_rnk",25.725
"51041100509","tract",2019,"food_rnk",92.2478
"51041100510","tract",2019,"food_rnk",61.4308
"51041100600","tract",2019,"food_rnk",NA
"51041100701","tract",2019,"food_rnk",17.2802
"51041100702","tract",2019,"food_rnk",34.1853
"51041100703","tract",2019,"food_rnk",73.6544
"51041100804","tract",2019,"food_rnk",49.7983
"51041100805","tract",2019,"food_rnk",70.8009
"51041100806","tract",2019,"food_rnk",29.8606
"51041100807","tract",2019,"food_rnk",69.0138
"51041100812","tract",2019,"food_rnk",69.6457
"51041100814","tract",2019,"food_rnk",45.3411
"51041100815","tract",2019,"food_rnk",86.7524
"51041100816","tract",2019,"food_rnk",57.0484
"51041100817","tract",2019,"food_rnk",27.9339
"51041100818","tract",2019,"food_rnk",64.4127
"51041100819","tract",2019,"food_rnk",52.357
"51041100820","tract",2019,"food_rnk",74.4527
"51041100821","tract",2019,"food_rnk",90.2096
"51041100822","tract",2019,"food_rnk",86.1389
"51041100823","tract",2019,"food_rnk",54.4643
"51041100902","tract",2019,"food_rnk",94.7839
"51041100907","tract",2019,"food_rnk",49.4809
"51041100910","tract",2019,"food_rnk",70.9843
"51041100912","tract",2019,"food_rnk",98.4907
"51041100915","tract",2019,"food_rnk",61.854
"51041100919","tract",2019,"food_rnk",66.7513
"51041100920","tract",2019,"food_rnk",55.1357
"51041100921","tract",2019,"food_rnk",75.378
"51041100922","tract",2019,"food_rnk",56.7719
"51041100923","tract",2019,"food_rnk",83.851
"51041100924","tract",2019,"food_rnk",84.758
"51041100926","tract",2019,"food_rnk",99.7701
"51041100927","tract",2019,"food_rnk",98.9139
"51041100928","tract",2019,"food_rnk",84.8764
"51041100929","tract",2019,"food_rnk",73.9788
"51041100930","tract",2019,"food_rnk",95.1267
"51041100931","tract",2019,"food_rnk",98.0746
"51041100932","tract",2019,"food_rnk",95.7967
"51041100933","tract",2019,"food_rnk",68.7274
"51041100934","tract",2019,"food_rnk",49.1636
"51041100935","tract",2019,"food_rnk",95.4426
"51041100936","tract",2019,"food_rnk",80.8226
"51041101003","tract",2019,"food_rnk",91.9727
"51041101004","tract",2019,"food_rnk",74.4527
"51041101007","tract",2019,"food_rnk",84.3094
"51041101008","tract",2019,"food_rnk",98.1297
"51041101009","tract",2019,"food_rnk",72.7798
"51041101010","tract",2019,"food_rnk",96.3806
"51041101011","tract",2019,"food_rnk",68.8685
"51041101012","tract",2019,"food_rnk",94.1294
"51041101013","tract",2019,"food_rnk",77.9452
"51043010100","tract",2019,"food_rnk",72.5937
"51043010200","tract",2019,"food_rnk",81.5547
"51043010300","tract",2019,"food_rnk",72.7798
"51045050100","tract",2019,"food_rnk",38.8287
"51047930101","tract",2019,"food_rnk",74.7517
"51047930102","tract",2019,"food_rnk",69.7825
"51047930201","tract",2019,"food_rnk",77.7195
"51047930202","tract",2019,"food_rnk",74.1875
"51047930300","tract",2019,"food_rnk",33.5379
"51047930400","tract",2019,"food_rnk",54.8776
"51047930501","tract",2019,"food_rnk",69.6711
"51047930502","tract",2019,"food_rnk",46.8757
"51049930100","tract",2019,"food_rnk",35.6297
"51049930200","tract",2019,"food_rnk",25.8632
"51051040100","tract",2019,"food_rnk",29.2936
"51051040200","tract",2019,"food_rnk",41.8543
"51051040300","tract",2019,"food_rnk",28.8521
"51051040400","tract",2019,"food_rnk",11.153
"51053840100","tract",2019,"food_rnk",60.9315
"51053840200","tract",2019,"food_rnk",39.5368
"51053840300","tract",2019,"food_rnk",46.6303
"51053840400","tract",2019,"food_rnk",NA
"51053840500","tract",2019,"food_rnk",21.7036
"51053840600","tract",2019,"food_rnk",80.8847
"51053980100","tract",2019,"food_rnk",NA
"51057950600","tract",2019,"food_rnk",37.531
"51057950700","tract",2019,"food_rnk",26.2018
"51057950800","tract",2019,"food_rnk",34.4152
"51059415100","tract",2019,"food_rnk",79.9721
"51059415200","tract",2019,"food_rnk",59.1613
"51059415300","tract",2019,"food_rnk",77.8732
"51059415401","tract",2019,"food_rnk",35.6903
"51059415402","tract",2019,"food_rnk",95.6288
"51059415500","tract",2019,"food_rnk",27.9494
"51059415600","tract",2019,"food_rnk",96.3059
"51059415700","tract",2019,"food_rnk",96.5386
"51059415800","tract",2019,"food_rnk",87.7412
"51059415900","tract",2019,"food_rnk",96.5724
"51059416000","tract",2019,"food_rnk",68.781
"51059416100","tract",2019,"food_rnk",91.7132
"51059416200","tract",2019,"food_rnk",88.8329
"51059416300","tract",2019,"food_rnk",86.3039
"51059420100","tract",2019,"food_rnk",69.4694
"51059420201","tract",2019,"food_rnk",82.9553
"51059420202","tract",2019,"food_rnk",92.1209
"51059420203","tract",2019,"food_rnk",91.6356
"51059420300","tract",2019,"food_rnk",78.4515
"51059420400","tract",2019,"food_rnk",80.0934
"51059420501","tract",2019,"food_rnk",25.2765
"51059420502","tract",2019,"food_rnk",85.9555
"51059420503","tract",2019,"food_rnk",68.2859
"51059420600","tract",2019,"food_rnk",34.7692
"51059420700","tract",2019,"food_rnk",54.8776
"51059420800","tract",2019,"food_rnk",62.7412
"51059421001","tract",2019,"food_rnk",94.073
"51059421002","tract",2019,"food_rnk",65.9459
"51059421101","tract",2019,"food_rnk",92.7824
"51059421102","tract",2019,"food_rnk",81.2204
"51059421103","tract",2019,"food_rnk",97.8588
"51059421200","tract",2019,"food_rnk",96.7713
"51059421300","tract",2019,"food_rnk",90.4169
"51059421400","tract",2019,"food_rnk",47.4484
"51059421500","tract",2019,"food_rnk",28.4769
"51059421600","tract",2019,"food_rnk",40.4649
"51059421701","tract",2019,"food_rnk",38.8795
"51059421702","tract",2019,"food_rnk",67.386
"51059421800","tract",2019,"food_rnk",53.1624
"51059421900","tract",2019,"food_rnk",80.4587
"51059422000","tract",2019,"food_rnk",84.6649
"51059422101","tract",2019,"food_rnk",77.4924
"51059422102","tract",2019,"food_rnk",56.0497
"51059422201","tract",2019,"food_rnk",94.3523
"51059422202","tract",2019,"food_rnk",58.3771
"51059422301","tract",2019,"food_rnk",89.7596
"51059422302","tract",2019,"food_rnk",82.2092
"51059422401","tract",2019,"food_rnk",68.0236
"51059422402","tract",2019,"food_rnk",90.881
"51059422403","tract",2019,"food_rnk",81.9355
"51059430101","tract",2019,"food_rnk",89.4648
"51059430102","tract",2019,"food_rnk",83.4857
"51059430201","tract",2019,"food_rnk",93.7049
"51059430202","tract",2019,"food_rnk",94.7515
"51059430203","tract",2019,"food_rnk",76.7561
"51059430400","tract",2019,"food_rnk",85.7453
"51059430500","tract",2019,"food_rnk",72.1635
"51059430600","tract",2019,"food_rnk",39.3633
"51059430700","tract",2019,"food_rnk",80.8635
"51059430801","tract",2019,"food_rnk",84.7791
"51059430802","tract",2019,"food_rnk",84.1768
"51059430901","tract",2019,"food_rnk",63.713
"51059430902","tract",2019,"food_rnk",71.2946
"51059431001","tract",2019,"food_rnk",71.1352
"51059431002","tract",2019,"food_rnk",88.1234
"51059431300","tract",2019,"food_rnk",81.9581
"51059431400","tract",2019,"food_rnk",92.2972
"51059431500","tract",2019,"food_rnk",95.2987
"51059431600","tract",2019,"food_rnk",87.6269
"51059431801","tract",2019,"food_rnk",89.8542
"51059431802","tract",2019,"food_rnk",77.2582
"51059431900","tract",2019,"food_rnk",87.0106
"51059432000","tract",2019,"food_rnk",75.622
"51059432100","tract",2019,"food_rnk",97.0957
"51059432201","tract",2019,"food_rnk",92.2478
"51059432202","tract",2019,"food_rnk",91.6356
"51059432300","tract",2019,"food_rnk",97.1945
"51059432401","tract",2019,"food_rnk",86.9725
"51059432402","tract",2019,"food_rnk",93.6752
"51059432500","tract",2019,"food_rnk",99.5952
"51059432600","tract",2019,"food_rnk",92.5102
"51059432701","tract",2019,"food_rnk",91.5115
"51059432702","tract",2019,"food_rnk",51.7505
"51059432800","tract",2019,"food_rnk",40.9374
"51059440100","tract",2019,"food_rnk",86.2855
"51059440201","tract",2019,"food_rnk",52.9861
"51059440202","tract",2019,"food_rnk",84.0372
"51059440300","tract",2019,"food_rnk",95.6288
"51059440501","tract",2019,"food_rnk",92.7993
"51059440502","tract",2019,"food_rnk",NA
"51059440600","tract",2019,"food_rnk",73.2707
"51059440701","tract",2019,"food_rnk",91.1293
"51059440702","tract",2019,"food_rnk",98.1748
"51059440800","tract",2019,"food_rnk",98.3483
"51059450100","tract",2019,"food_rnk",65.1518
"51059450200","tract",2019,"food_rnk",41.4509
"51059450300","tract",2019,"food_rnk",70.3453
"51059450400","tract",2019,"food_rnk",78.6561
"51059450500","tract",2019,"food_rnk",76.5713
"51059450601","tract",2019,"food_rnk",89.8344
"51059450602","tract",2019,"food_rnk",64.4127
"51059450701","tract",2019,"food_rnk",83.5957
"51059450702","tract",2019,"food_rnk",17.568
"51059450800","tract",2019,"food_rnk",88.4084
"51059450900","tract",2019,"food_rnk",94.9701
"51059451000","tract",2019,"food_rnk",74.8011
"51059451100","tract",2019,"food_rnk",84.1528
"51059451200","tract",2019,"food_rnk",94.5089
"51059451300","tract",2019,"food_rnk",90.6934
"51059451400","tract",2019,"food_rnk",33.5266
"51059451501","tract",2019,"food_rnk",38.785
"51059451502","tract",2019,"food_rnk",53.3965
"51059451601","tract",2019,"food_rnk",27.7279
"51059451602","tract",2019,"food_rnk",78.7802
"51059451800","tract",2019,"food_rnk",47.7389
"51059451900","tract",2019,"food_rnk",92.3409
"51059452000","tract",2019,"food_rnk",57.3008
"51059452101","tract",2019,"food_rnk",49.0705
"51059452102","tract",2019,"food_rnk",55.305
"51059452200","tract",2019,"food_rnk",39.6948
"51059452301","tract",2019,"food_rnk",31.281
"51059452302","tract",2019,"food_rnk",48.9012
"51059452400","tract",2019,"food_rnk",50.3921
"51059452501","tract",2019,"food_rnk",92.6216
"51059452502","tract",2019,"food_rnk",48.5429
"51059452600","tract",2019,"food_rnk",55.209
"51059452700","tract",2019,"food_rnk",44.0363
"51059452801","tract",2019,"food_rnk",59.229
"51059452802","tract",2019,"food_rnk",78.7266
"51059460100","tract",2019,"food_rnk",99.5091
"51059460200","tract",2019,"food_rnk",99.5458
"51059460300","tract",2019,"food_rnk",96.1112
"51059460400","tract",2019,"food_rnk",88.7441
"51059460501","tract",2019,"food_rnk",96.9956
"51059460502","tract",2019,"food_rnk",94.8643
"51059460600","tract",2019,"food_rnk",89.1602
"51059460701","tract",2019,"food_rnk",57.6521
"51059460702","tract",2019,"food_rnk",97.8828
"51059460800","tract",2019,"food_rnk",88.9613
"51059460900","tract",2019,"food_rnk",89.6355
"51059461000","tract",2019,"food_rnk",95.0773
"51059461100","tract",2019,"food_rnk",72.698
"51059461201","tract",2019,"food_rnk",99.5726
"51059461202","tract",2019,"food_rnk",93.128
"51059461500","tract",2019,"food_rnk",93.6555
"51059461601","tract",2019,"food_rnk",76.2991
"51059461602","tract",2019,"food_rnk",70.1563
"51059461700","tract",2019,"food_rnk",67.0376
"51059461801","tract",2019,"food_rnk",51.7505
"51059461802","tract",2019,"food_rnk",95.5371
"51059461901","tract",2019,"food_rnk",61.7567
"51059461902","tract",2019,"food_rnk",25.3752
"51059470100","tract",2019,"food_rnk",99.4146
"51059470300","tract",2019,"food_rnk",96.6387
"51059470400","tract",2019,"food_rnk",97.4018
"51059470500","tract",2019,"food_rnk",96.0379
"51059470600","tract",2019,"food_rnk",95.5371
"51059470700","tract",2019,"food_rnk",92.7824
"51059470800","tract",2019,"food_rnk",85.4491
"51059470900","tract",2019,"food_rnk",99.7602
"51059471000","tract",2019,"food_rnk",91.7132
"51059471100","tract",2019,"food_rnk",92.4114
"51059471201","tract",2019,"food_rnk",96.2593
"51059471202","tract",2019,"food_rnk",92.9051
"51059471301","tract",2019,"food_rnk",69.2662
"51059471303","tract",2019,"food_rnk",71.0082
"51059471304","tract",2019,"food_rnk",90.8584
"51059471401","tract",2019,"food_rnk",81.4715
"51059471402","tract",2019,"food_rnk",48.1452
"51059480100","tract",2019,"food_rnk",88.335
"51059480201","tract",2019,"food_rnk",97.1508
"51059480202","tract",2019,"food_rnk",79.6547
"51059480203","tract",2019,"food_rnk",94.9052
"51059480300","tract",2019,"food_rnk",93.2464
"51059480401","tract",2019,"food_rnk",98.234
"51059480402","tract",2019,"food_rnk",99.7094
"51059480501","tract",2019,"food_rnk",92.9263
"51059480502","tract",2019,"food_rnk",84.2925
"51059480503","tract",2019,"food_rnk",96.3961
"51059480504","tract",2019,"food_rnk",90.9727
"51059480505","tract",2019,"food_rnk",77.2977
"51059480801","tract",2019,"food_rnk",65.5538
"51059480802","tract",2019,"food_rnk",85.1275
"51059480901","tract",2019,"food_rnk",35.3969
"51059480902","tract",2019,"food_rnk",61.7299
"51059480903","tract",2019,"food_rnk",93.3917
"51059481000","tract",2019,"food_rnk",74.062
"51059481101","tract",2019,"food_rnk",60.1938
"51059481102","tract",2019,"food_rnk",91.6568
"51059481103","tract",2019,"food_rnk",38.4704
"51059481104","tract",2019,"food_rnk",84.198
"51059481105","tract",2019,"food_rnk",93.6104
"51059481106","tract",2019,"food_rnk",97.6219
"51059481201","tract",2019,"food_rnk",89.572
"51059481202","tract",2019,"food_rnk",47.9731
"51059481400","tract",2019,"food_rnk",94.1844
"51059481500","tract",2019,"food_rnk",87.5987
"51059481600","tract",2019,"food_rnk",97.8828
"51059481701","tract",2019,"food_rnk",98.5528
"51059481702","tract",2019,"food_rnk",94.3255
"51059481900","tract",2019,"food_rnk",68.317
"51059482001","tract",2019,"food_rnk",94.7515
"51059482002","tract",2019,"food_rnk",94.0321
"51059482100","tract",2019,"food_rnk",76.9324
"51059482201","tract",2019,"food_rnk",29.5785
"51059482202","tract",2019,"food_rnk",78.2442
"51059482203","tract",2019,"food_rnk",88.5875
"51059482301","tract",2019,"food_rnk",94.2282
"51059482302","tract",2019,"food_rnk",36.6297
"51059482303","tract",2019,"food_rnk",98.9224
"51059482400","tract",2019,"food_rnk",95.8559
"51059482501","tract",2019,"food_rnk",73.7644
"51059482502","tract",2019,"food_rnk",90.8133
"51059482503","tract",2019,"food_rnk",94.9165
"51059482504","tract",2019,"food_rnk",95.2085
"51059482601","tract",2019,"food_rnk",90.6694
"51059482602","tract",2019,"food_rnk",95.0561
"51059490101","tract",2019,"food_rnk",78.2244
"51059490103","tract",2019,"food_rnk",53.4261
"51059490501","tract",2019,"food_rnk",60.538
"51059490502","tract",2019,"food_rnk",99.1551
"51059491000","tract",2019,"food_rnk",92.7993
"51059491101","tract",2019,"food_rnk",96.4794
"51059491102","tract",2019,"food_rnk",74.9436
"51059491103","tract",2019,"food_rnk",44.0025
"51059491201","tract",2019,"food_rnk",72.0943
"51059491202","tract",2019,"food_rnk",54.4036
"51059491301","tract",2019,"food_rnk",76.6503
"51059491302","tract",2019,"food_rnk",60.2996
"51059491303","tract",2019,"food_rnk",52.7547
"51059491401","tract",2019,"food_rnk",69.7176
"51059491402","tract",2019,"food_rnk",50.8054
"51059491403","tract",2019,"food_rnk",96.1451
"51059491404","tract",2019,"food_rnk",88.9613
"51059491405","tract",2019,"food_rnk",94.6527
"51059491501","tract",2019,"food_rnk",96.6528
"51059491502","tract",2019,"food_rnk",97.8476
"51059491601","tract",2019,"food_rnk",69.2662
"51059491602","tract",2019,"food_rnk",73.519
"51059491701","tract",2019,"food_rnk",90.2576
"51059491702","tract",2019,"food_rnk",79.9721
"51059491703","tract",2019,"food_rnk",69.6457
"51059491704","tract",2019,"food_rnk",96.8475
"51059491705","tract",2019,"food_rnk",78.6561
"51059491801","tract",2019,"food_rnk",89.7018
"51059491802","tract",2019,"food_rnk",82.8227
"51059491803","tract",2019,"food_rnk",77.2286
"51059492000","tract",2019,"food_rnk",98.4907
"51059492100","tract",2019,"food_rnk",96.2099
"51059492201","tract",2019,"food_rnk",99.5091
"51059492202","tract",2019,"food_rnk",94.4482
"51059492203","tract",2019,"food_rnk",89.1602
"51059492300","tract",2019,"food_rnk",80.841
"51059492400","tract",2019,"food_rnk",69.8051
"51059492500","tract",2019,"food_rnk",96.942
"51059980100","tract",2019,"food_rnk",NA
"51059980200","tract",2019,"food_rnk",NA
"51059980300","tract",2019,"food_rnk",NA
"51061930100","tract",2019,"food_rnk",97.5979
"51061930203","tract",2019,"food_rnk",47.3905
"51061930204","tract",2019,"food_rnk",88.8329
"51061930205","tract",2019,"food_rnk",87.2179
"51061930206","tract",2019,"food_rnk",81.0878
"51061930207","tract",2019,"food_rnk",82.2966
"51061930302","tract",2019,"food_rnk",67.087
"51061930303","tract",2019,"food_rnk",74.9944
"51061930304","tract",2019,"food_rnk",94.1294
"51061930401","tract",2019,"food_rnk",92.654
"51061930402","tract",2019,"food_rnk",98.3243
"51061930403","tract",2019,"food_rnk",85.8638
"51061930703","tract",2019,"food_rnk",81.9059
"51061930704","tract",2019,"food_rnk",81.0553
"51061930705","tract",2019,"food_rnk",65.8895
"51061930706","tract",2019,"food_rnk",72.3652
"51061930707","tract",2019,"food_rnk",55.5151
"51063920101","tract",2019,"food_rnk",45.437
"51063920102","tract",2019,"food_rnk",67.4721
"51063920200","tract",2019,"food_rnk",66.3437
"51065020101","tract",2019,"food_rnk",69.365
"51065020102","tract",2019,"food_rnk",80.714
"51065020200","tract",2019,"food_rnk",78.1962
"51065020300","tract",2019,"food_rnk",73.519
"51067020101","tract",2019,"food_rnk",91.472
"51067020102","tract",2019,"food_rnk",56.1499
"51067020200","tract",2019,"food_rnk",47.2876
"51067020300","tract",2019,"food_rnk",65.7414
"51067020400","tract",2019,"food_rnk",28.058
"51067020500","tract",2019,"food_rnk",71.2776
"51067020600","tract",2019,"food_rnk",43.1787
"51067020700","tract",2019,"food_rnk",52.1158
"51067020800","tract",2019,"food_rnk",43.3099
"51067020900","tract",2019,"food_rnk",36.8117
"51069050100","tract",2019,"food_rnk",83.8002
"51069050200","tract",2019,"food_rnk",82.0625
"51069050300","tract",2019,"food_rnk",87.2757
"51069050400","tract",2019,"food_rnk",81.1343
"51069050500","tract",2019,"food_rnk",92.1209
"51069050600","tract",2019,"food_rnk",78.3415
"51069050700","tract",2019,"food_rnk",69.7825
"51069050801","tract",2019,"food_rnk",68.9376
"51069050802","tract",2019,"food_rnk",86.727
"51069050803","tract",2019,"food_rnk",77.3231
"51069050900","tract",2019,"food_rnk",62.9344
"51069051000","tract",2019,"food_rnk",86.782
"51069051101","tract",2019,"food_rnk",91.4946
"51069051102","tract",2019,"food_rnk",83.1641
"51071930100","tract",2019,"food_rnk",87.3293
"51071930200","tract",2019,"food_rnk",73.0084
"51071930300","tract",2019,"food_rnk",50.2906
"51071930400","tract",2019,"food_rnk",72.7333
"51073100100","tract",2019,"food_rnk",84.1768
"51073100201","tract",2019,"food_rnk",48.4569
"51073100202","tract",2019,"food_rnk",67.1138
"51073100203","tract",2019,"food_rnk",73.8138
"51073100301","tract",2019,"food_rnk",64.6919
"51073100302","tract",2019,"food_rnk",73.117
"51073100400","tract",2019,"food_rnk",59.8976
"51073100500","tract",2019,"food_rnk",50.9521
"51075400100","tract",2019,"food_rnk",85.8342
"51075400200","tract",2019,"food_rnk",80.3346
"51075400300","tract",2019,"food_rnk",NA
"51075400400","tract",2019,"food_rnk",67.8191
"51075400500","tract",2019,"food_rnk",67.0376
"51077060101","tract",2019,"food_rnk",24.7066
"51077060102","tract",2019,"food_rnk",50.3597
"51077060201","tract",2019,"food_rnk",17.1251
"51077060202","tract",2019,"food_rnk",29.7661
"51077060300","tract",2019,"food_rnk",51.0607
"51079030101","tract",2019,"food_rnk",56.1499
"51079030102","tract",2019,"food_rnk",30.4164
"51079030200","tract",2019,"food_rnk",83.6733
"51081880101","tract",2019,"food_rnk",56.0638
"51081880102","tract",2019,"food_rnk",NA
"51081880200","tract",2019,"food_rnk",12.3886
"51083930100","tract",2019,"food_rnk",37.5748
"51083930201","tract",2019,"food_rnk",25.4471
"51083930202","tract",2019,"food_rnk",24.3244
"51083930301","tract",2019,"food_rnk",74.6516
"51083930302","tract",2019,"food_rnk",86.1389
"51083930400","tract",2019,"food_rnk",63.2278
"51083930500","tract",2019,"food_rnk",63.8668
"51083930600","tract",2019,"food_rnk",38.5015
"51083930800","tract",2019,"food_rnk",29.7661
"51085320100","tract",2019,"food_rnk",77.0706
"51085320200","tract",2019,"food_rnk",86.5225
"51085320300","tract",2019,"food_rnk",94.1294
"51085320400","tract",2019,"food_rnk",78.8648
"51085320500","tract",2019,"food_rnk",91.8049
"51085320601","tract",2019,"food_rnk",35.5352
"51085320602","tract",2019,"food_rnk",87.3787
"51085320701","tract",2019,"food_rnk",76.1298
"51085320702","tract",2019,"food_rnk",81.5871
"51085320801","tract",2019,"food_rnk",66.1278
"51085320803","tract",2019,"food_rnk",97.3567
"51085320804","tract",2019,"food_rnk",92.9601
"51085320805","tract",2019,"food_rnk",83.3277
"51085320900","tract",2019,"food_rnk",91.4142
"51085321001","tract",2019,"food_rnk",81.6083
"51085321002","tract",2019,"food_rnk",86.8921
"51085321100","tract",2019,"food_rnk",98.2044
"51085321201","tract",2019,"food_rnk",83.9441
"51085321202","tract",2019,"food_rnk",15.6567
"51085321300","tract",2019,"food_rnk",75.9521
"51085321401","tract",2019,"food_rnk",70.8319
"51085321402","tract",2019,"food_rnk",88.7638
"51085321403","tract",2019,"food_rnk",85.885
"51087200104","tract",2019,"food_rnk",88.194
"51087200105","tract",2019,"food_rnk",42.4749
"51087200106","tract",2019,"food_rnk",49.3977
"51087200107","tract",2019,"food_rnk",86.6918
"51087200108","tract",2019,"food_rnk",97.8588
"51087200109","tract",2019,"food_rnk",98.0126
"51087200112","tract",2019,"food_rnk",97.0027
"51087200116","tract",2019,"food_rnk",85.198
"51087200119","tract",2019,"food_rnk",88.4874
"51087200120","tract",2019,"food_rnk",90.4395
"51087200121","tract",2019,"food_rnk",95.8094
"51087200122","tract",2019,"food_rnk",84.4081
"51087200123","tract",2019,"food_rnk",53.508
"51087200124","tract",2019,"food_rnk",99.6925
"51087200125","tract",2019,"food_rnk",58.8143
"51087200126","tract",2019,"food_rnk",63.9176
"51087200127","tract",2019,"food_rnk",98.6812
"51087200128","tract",2019,"food_rnk",98.4597
"51087200129","tract",2019,"food_rnk",99.9577
"51087200130","tract",2019,"food_rnk",99.1509
"51087200201","tract",2019,"food_rnk",90.5439
"51087200202","tract",2019,"food_rnk",96.6994
"51087200301","tract",2019,"food_rnk",39.9303
"51087200302","tract",2019,"food_rnk",98.3906
"51087200303","tract",2019,"food_rnk",53.4558
"51087200305","tract",2019,"food_rnk",30.5038
"51087200404","tract",2019,"food_rnk",79.3867
"51087200406","tract",2019,"food_rnk",92.4114
"51087200407","tract",2019,"food_rnk",48.9012
"51087200409","tract",2019,"food_rnk",26.5445
"51087200410","tract",2019,"food_rnk",9.2191
"51087200411","tract",2019,"food_rnk",38.3646
"51087200412","tract",2019,"food_rnk",45.6077
"51087200413","tract",2019,"food_rnk",95.2846
"51087200414","tract",2019,"food_rnk",78.1356
"51087200501","tract",2019,"food_rnk",41.9812
"51087200502","tract",2019,"food_rnk",85.7665
"51087200503","tract",2019,"food_rnk",53.9226
"51087200600","tract",2019,"food_rnk",95.8954
"51087200700","tract",2019,"food_rnk",43.6484
"51087200801","tract",2019,"food_rnk",76.5473
"51087200802","tract",2019,"food_rnk",24.8815
"51087200804","tract",2019,"food_rnk",34.3348
"51087200805","tract",2019,"food_rnk",4.6223
"51087200903","tract",2019,"food_rnk",55.3543
"51087200904","tract",2019,"food_rnk",61.3885
"51087200905","tract",2019,"food_rnk",54.4643
"51087200906","tract",2019,"food_rnk",65.2533
"51087201001","tract",2019,"food_rnk",96.0759
"51087201002","tract",2019,"food_rnk",27.6461
"51087201003","tract",2019,"food_rnk",18.5314
"51087201101","tract",2019,"food_rnk",47.9153
"51087201102","tract",2019,"food_rnk",45.9871
"51087201201","tract",2019,"food_rnk",37.0895
"51087201202","tract",2019,"food_rnk",8.6831
"51087201401","tract",2019,"food_rnk",20.492
"51087201403","tract",2019,"food_rnk",30.1371
"51087201404","tract",2019,"food_rnk",54.3416
"51087201501","tract",2019,"food_rnk",38.4831
"51087201502","tract",2019,"food_rnk",78.7802
"51087201601","tract",2019,"food_rnk",70.1901
"51087201602","tract",2019,"food_rnk",99.0296
"51087201701","tract",2019,"food_rnk",68.1928
"51087980100","tract",2019,"food_rnk",NA
"51089010100","tract",2019,"food_rnk",48.7475
"51089010200","tract",2019,"food_rnk",30.7817
"51089010300","tract",2019,"food_rnk",60.538
"51089010400","tract",2019,"food_rnk",20.3608
"51089010500","tract",2019,"food_rnk",10.7256
"51089010601","tract",2019,"food_rnk",33.1725
"51089010602","tract",2019,"food_rnk",24.9125
"51089010700","tract",2019,"food_rnk",18.7923
"51089010800","tract",2019,"food_rnk",6.8918
"51089010900","tract",2019,"food_rnk",14.3238
"51089011000","tract",2019,"food_rnk",19.293
"51089011100","tract",2019,"food_rnk",27.4134
"51089011200","tract",2019,"food_rnk",23.0394
"51089011300","tract",2019,"food_rnk",48.8518
"51091970100","tract",2019,"food_rnk",94.8065
"51093280101","tract",2019,"food_rnk",26.0212
"51093280103","tract",2019,"food_rnk",73.519
"51093280104","tract",2019,"food_rnk",91.8472
"51093280105","tract",2019,"food_rnk",19.0307
"51093280106","tract",2019,"food_rnk",46.0153
"51093280200","tract",2019,"food_rnk",68.5864
"51093280300","tract",2019,"food_rnk",48.2778
"51093280400","tract",2019,"food_rnk",40.5721
"51095080101","tract",2019,"food_rnk",89.1799
"51095080102","tract",2019,"food_rnk",12.2447
"51095080202","tract",2019,"food_rnk",83.535
"51095080203","tract",2019,"food_rnk",82.2966
"51095080205","tract",2019,"food_rnk",50.9084
"51095080206","tract",2019,"food_rnk",86.5761
"51095080301","tract",2019,"food_rnk",87.926
"51095080303","tract",2019,"food_rnk",97.9533
"51095080304","tract",2019,"food_rnk",99.1452
"51095080401","tract",2019,"food_rnk",98.8504
"51095080402","tract",2019,"food_rnk",63.3999
"51097950400","tract",2019,"food_rnk",56.4362
"51097950500","tract",2019,"food_rnk",50.5557
"51099040100","tract",2019,"food_rnk",55.9933
"51099040200","tract",2019,"food_rnk",49.6135
"51099040300","tract",2019,"food_rnk",65.0559
"51099040400","tract",2019,"food_rnk",78.0834
"51099040500","tract",2019,"food_rnk",56.5335
"51101950101","tract",2019,"food_rnk",41.5708
"51101950102","tract",2019,"food_rnk",69.1125
"51101950200","tract",2019,"food_rnk",51.9536
"51101950300","tract",2019,"food_rnk",72.9068
"51103030100","tract",2019,"food_rnk",71.7544
"51103030200","tract",2019,"food_rnk",43.1266
"51103030300","tract",2019,"food_rnk",49.1156
"51103990100","tract",2019,"food_rnk",NA
"51105950100","tract",2019,"food_rnk",22.9463
"51105950200","tract",2019,"food_rnk",30.1032
"51105950300","tract",2019,"food_rnk",16.7118
"51105950400","tract",2019,"food_rnk",6.6506
"51105950500","tract",2019,"food_rnk",18.7853
"51105950600","tract",2019,"food_rnk",45.9504
"51107610101","tract",2019,"food_rnk",92.843
"51107610102","tract",2019,"food_rnk",87.7172
"51107610201","tract",2019,"food_rnk",97.7784
"51107610202","tract",2019,"food_rnk",98.093
"51107610300","tract",2019,"food_rnk",87.7793
"51107610400","tract",2019,"food_rnk",97.0351
"51107610503","tract",2019,"food_rnk",94.3523
"51107610504","tract",2019,"food_rnk",98.7884
"51107610505","tract",2019,"food_rnk",68.8685
"51107610506","tract",2019,"food_rnk",65.2533
"51107610507","tract",2019,"food_rnk",77.6955
"51107610601","tract",2019,"food_rnk",77.9635
"51107610602","tract",2019,"food_rnk",86.6918
"51107610603","tract",2019,"food_rnk",54.7041
"51107610604","tract",2019,"food_rnk",99.6516
"51107610701","tract",2019,"food_rnk",97.5062
"51107610702","tract",2019,"food_rnk",83.2515
"51107610703","tract",2019,"food_rnk",98.3582
"51107610800","tract",2019,"food_rnk",89.9557
"51107610900","tract",2019,"food_rnk",67.4721
"51107611002","tract",2019,"food_rnk",63.091
"51107611004","tract",2019,"food_rnk",99.7376
"51107611005","tract",2019,"food_rnk",87.469
"51107611006","tract",2019,"food_rnk",83.5054
"51107611009","tract",2019,"food_rnk",88.0233
"51107611010","tract",2019,"food_rnk",48.2947
"51107611011","tract",2019,"food_rnk",69.6457
"51107611012","tract",2019,"food_rnk",93.2902
"51107611013","tract",2019,"food_rnk",61.8864
"51107611014","tract",2019,"food_rnk",90.393
"51107611015","tract",2019,"food_rnk",66.3747
"51107611016","tract",2019,"food_rnk",93.3268
"51107611017","tract",2019,"food_rnk",98.8927
"51107611018","tract",2019,"food_rnk",68.0518
"51107611019","tract",2019,"food_rnk",90.3746
"51107611020","tract",2019,"food_rnk",60.0951
"51107611021","tract",2019,"food_rnk",97.6416
"51107611022","tract",2019,"food_rnk",96.2099
"51107611023","tract",2019,"food_rnk",86.2855
"51107611024","tract",2019,"food_rnk",97.6853
"51107611025","tract",2019,"food_rnk",98.8984
"51107611101","tract",2019,"food_rnk",92.843
"51107611102","tract",2019,"food_rnk",91.3084
"51107611202","tract",2019,"food_rnk",92.9051
"51107611204","tract",2019,"food_rnk",57.1894
"51107611205","tract",2019,"food_rnk",55.9002
"51107611206","tract",2019,"food_rnk",84.5704
"51107611207","tract",2019,"food_rnk",84.6649
"51107611208","tract",2019,"food_rnk",93.4115
"51107611209","tract",2019,"food_rnk",93.3917
"51107611300","tract",2019,"food_rnk",73.1649
"51107611400","tract",2019,"food_rnk",60.7651
"51107611501","tract",2019,"food_rnk",46.2565
"51107611502","tract",2019,"food_rnk",90.4169
"51107611601","tract",2019,"food_rnk",61.4506
"51107611602","tract",2019,"food_rnk",31.6252
"51107611700","tract",2019,"food_rnk",75.9803
"51107611801","tract",2019,"food_rnk",92.5426
"51107611802","tract",2019,"food_rnk",97.5062
"51107611803","tract",2019,"food_rnk",87.3293
"51107611804","tract",2019,"food_rnk",89.8344
"51107611805","tract",2019,"food_rnk",90.5439
"51107611806","tract",2019,"food_rnk",99.4034
"51107611900","tract",2019,"food_rnk",98.4259
"51107980100","tract",2019,"food_rnk",NA
"51109950100","tract",2019,"food_rnk",54.3825
"51109950201","tract",2019,"food_rnk",44.1055
"51109950202","tract",2019,"food_rnk",19.3283
"51109950300","tract",2019,"food_rnk",67.6653
"51109950400","tract",2019,"food_rnk",36.1149
"51109950500","tract",2019,"food_rnk",45.7572
"51111930100","tract",2019,"food_rnk",35.4914
"51111930200","tract",2019,"food_rnk",22.1056
"51111930300","tract",2019,"food_rnk",62.5917
"51113930100","tract",2019,"food_rnk",54.6378
"51113930200","tract",2019,"food_rnk",83.535
"51115951300","tract",2019,"food_rnk",48.2778
"51115951400","tract",2019,"food_rnk",73.7376
"51115990100","tract",2019,"food_rnk",NA
"51117930101","tract",2019,"food_rnk",27.8887
"51117930102","tract",2019,"food_rnk",34.5464
"51117930200","tract",2019,"food_rnk",46.9984
"51117930300","tract",2019,"food_rnk",38.9712
"51117930400","tract",2019,"food_rnk",38.139
"51117930500","tract",2019,"food_rnk",73.6544
"51117930600","tract",2019,"food_rnk",31.9821
"51117930700","tract",2019,"food_rnk",69.9786
"51117930800","tract",2019,"food_rnk",32.2529
"51119950900","tract",2019,"food_rnk",22.6684
"51119951000","tract",2019,"food_rnk",49.6135
"51119951100","tract",2019,"food_rnk",60.9654
"51119951200","tract",2019,"food_rnk",12.1333
"51119990100","tract",2019,"food_rnk",NA
"51121020100","tract",2019,"food_rnk",NA
"51121020201","tract",2019,"food_rnk",67.6865
"51121020202","tract",2019,"food_rnk",43.3099
"51121020300","tract",2019,"food_rnk",76.8562
"51121020400","tract",2019,"food_rnk",55.5871
"51121020500","tract",2019,"food_rnk",91.922
"51121020600","tract",2019,"food_rnk",95.1647
"51121020700","tract",2019,"food_rnk",63.6891
"51121020800","tract",2019,"food_rnk",36.4435
"51121020900","tract",2019,"food_rnk",33.095
"51121021000","tract",2019,"food_rnk",61.7849
"51121021100","tract",2019,"food_rnk",71.5203
"51121021200","tract",2019,"food_rnk",72.9364
"51121021300","tract",2019,"food_rnk",84.6649
"51121021400","tract",2019,"food_rnk",44.0363
"51121021500","tract",2019,"food_rnk",67.4439
"51125950100","tract",2019,"food_rnk",47.8447
"51125950200","tract",2019,"food_rnk",54.8945
"51125950300","tract",2019,"food_rnk",65.7724
"51127700100","tract",2019,"food_rnk",75.2863
"51127700200","tract",2019,"food_rnk",75.4584
"51127700300","tract",2019,"food_rnk",43.7514
"51131930100","tract",2019,"food_rnk",28.5728
"51131930200","tract",2019,"food_rnk",63.1587
"51131930300","tract",2019,"food_rnk",28.1003
"51131990100","tract",2019,"food_rnk",NA
"51133020100","tract",2019,"food_rnk",61.61
"51133020200","tract",2019,"food_rnk",46.6557
"51133020300","tract",2019,"food_rnk",70.1097
"51133990100","tract",2019,"food_rnk",NA
"51135000100","tract",2019,"food_rnk",11.5098
"51135000200","tract",2019,"food_rnk",45.224
"51135000300","tract",2019,"food_rnk",46.9476
"51135980100","tract",2019,"food_rnk",NA
"51137110102","tract",2019,"food_rnk",58.7847
"51137110103","tract",2019,"food_rnk",99.8928
"51137110104","tract",2019,"food_rnk",77.1031
"51137110200","tract",2019,"food_rnk",40.7244
"51137110300","tract",2019,"food_rnk",67.5891
"51139030100","tract",2019,"food_rnk",14.6694
"51139030200","tract",2019,"food_rnk",52.0537
"51139030300","tract",2019,"food_rnk",53.2146
"51139030400","tract",2019,"food_rnk",36.8949
"51139030500","tract",2019,"food_rnk",61.5874
"51141030100","tract",2019,"food_rnk",33.3037
"51141030200","tract",2019,"food_rnk",29.0214
"51141030301","tract",2019,"food_rnk",66.3747
"51141030302","tract",2019,"food_rnk",34.7862
"51143010100","tract",2019,"food_rnk",23.5796
"51143010200","tract",2019,"food_rnk",22.7432
"51143010300","tract",2019,"food_rnk",45.7022
"51143010400","tract",2019,"food_rnk",35.0457
"51143010500","tract",2019,"food_rnk",33.8242
"51143010600","tract",2019,"food_rnk",18.6132
"51143010700","tract",2019,"food_rnk",30.549
"51143010801","tract",2019,"food_rnk",50.9831
"51143010802","tract",2019,"food_rnk",42.4481
"51143010900","tract",2019,"food_rnk",49.4654
"51143011001","tract",2019,"food_rnk",48.8659
"51143011002","tract",2019,"food_rnk",33.3235
"51143011100","tract",2019,"food_rnk",29.1244
"51143011200","tract",2019,"food_rnk",32.1316
"51143011300","tract",2019,"food_rnk",35.2009
"51143011400","tract",2019,"food_rnk",18.5314
"51145500101","tract",2019,"food_rnk",80.793
"51145500102","tract",2019,"food_rnk",98.0662
"51145500200","tract",2019,"food_rnk",85.1543
"51145500300","tract",2019,"food_rnk",NA
"51145500400","tract",2019,"food_rnk",82.085
"51147930100","tract",2019,"food_rnk",44.8375
"51147930201","tract",2019,"food_rnk",NA
"51147930202","tract",2019,"food_rnk",29.4826
"51147930203","tract",2019,"food_rnk",NA
"51147930300","tract",2019,"food_rnk",42.5525
"51149850100","tract",2019,"food_rnk",NA
"51149850200","tract",2019,"food_rnk",86.2023
"51149850301","tract",2019,"food_rnk",52.9579
"51149850302","tract",2019,"food_rnk",53.0594
"51149850400","tract",2019,"food_rnk",59.1613
"51149850501","tract",2019,"food_rnk",67.1688
"51149850502","tract",2019,"food_rnk",48.0662
"51153900100","tract",2019,"food_rnk",83.2515
"51153900201","tract",2019,"food_rnk",81.013
"51153900202","tract",2019,"food_rnk",48.8307
"51153900203","tract",2019,"food_rnk",59.5069
"51153900300","tract",2019,"food_rnk",77.6687
"51153900403","tract",2019,"food_rnk",59.4617
"51153900404","tract",2019,"food_rnk",34.2629
"51153900407","tract",2019,"food_rnk",68.9164
"51153900408","tract",2019,"food_rnk",87.6989
"51153900409","tract",2019,"food_rnk",62.1177
"51153900410","tract",2019,"food_rnk",67.7669
"51153900501","tract",2019,"food_rnk",58.0301
"51153900502","tract",2019,"food_rnk",82.7973
"51153900600","tract",2019,"food_rnk",33.1161
"51153900701","tract",2019,"food_rnk",61.2305
"51153900702","tract",2019,"food_rnk",64.3605
"51153900801","tract",2019,"food_rnk",89.6792
"51153900802","tract",2019,"food_rnk",71.1126
"51153900901","tract",2019,"food_rnk",28.1172
"51153900904","tract",2019,"food_rnk",60.8046
"51153900905","tract",2019,"food_rnk",77.9043
"51153901001","tract",2019,"food_rnk",72.4568
"51153901005","tract",2019,"food_rnk",97.2495
"51153901008","tract",2019,"food_rnk",82.2092
"51153901009","tract",2019,"food_rnk",56.2824
"51153901010","tract",2019,"food_rnk",87.6509
"51153901011","tract",2019,"food_rnk",91.2111
"51153901012","tract",2019,"food_rnk",81.5871
"51153901100","tract",2019,"food_rnk",78.4177
"51153901203","tract",2019,"food_rnk",60.1938
"51153901208","tract",2019,"food_rnk",52.68
"51153901209","tract",2019,"food_rnk",79.2485
"51153901211","tract",2019,"food_rnk",61.9132
"51153901212","tract",2019,"food_rnk",53.5573
"51153901219","tract",2019,"food_rnk",90.5199
"51153901221","tract",2019,"food_rnk",82.7071
"51153901222","tract",2019,"food_rnk",75.378
"51153901223","tract",2019,"food_rnk",76.8971
"51153901224","tract",2019,"food_rnk",74.4894
"51153901225","tract",2019,"food_rnk",76.8774
"51153901226","tract",2019,"food_rnk",67.489
"51153901227","tract",2019,"food_rnk",88.7441
"51153901228","tract",2019,"food_rnk",71.7784
"51153901229","tract",2019,"food_rnk",66.6949
"51153901230","tract",2019,"food_rnk",76.4232
"51153901231","tract",2019,"food_rnk",91.9727
"51153901232","tract",2019,"food_rnk",98.038
"51153901233","tract",2019,"food_rnk",91.283
"51153901234","tract",2019,"food_rnk",85.7665
"51153901235","tract",2019,"food_rnk",93.8177
"51153901236","tract",2019,"food_rnk",98.0126
"51153901237","tract",2019,"food_rnk",39.7512
"51153901303","tract",2019,"food_rnk",96.7713
"51153901304","tract",2019,"food_rnk",98.6304
"51153901305","tract",2019,"food_rnk",94.4835
"51153901306","tract",2019,"food_rnk",89.2237
"51153901403","tract",2019,"food_rnk",84.0047
"51153901407","tract",2019,"food_rnk",62.2602
"51153901408","tract",2019,"food_rnk",63.8301
"51153901409","tract",2019,"food_rnk",74.7517
"51153901410","tract",2019,"food_rnk",85.4491
"51153901411","tract",2019,"food_rnk",97.5175
"51153901412","tract",2019,"food_rnk",80.841
"51153901413","tract",2019,"food_rnk",96.973
"51153901414","tract",2019,"food_rnk",89.1334
"51153901415","tract",2019,"food_rnk",95.1915
"51153901416","tract",2019,"food_rnk",78.1356
"51153901417","tract",2019,"food_rnk",89.7822
"51153901503","tract",2019,"food_rnk",97.9689
"51153901504","tract",2019,"food_rnk",71.6994
"51153901505","tract",2019,"food_rnk",85.2643
"51153901506","tract",2019,"food_rnk",79.1497
"51153901507","tract",2019,"food_rnk",84.5421
"51153901508","tract",2019,"food_rnk",81.3459
"51153901509","tract",2019,"food_rnk",90.0276
"51153901510","tract",2019,"food_rnk",91.922
"51153901511","tract",2019,"food_rnk",99.2835
"51153901601","tract",2019,"food_rnk",55.1921
"51153901602","tract",2019,"food_rnk",59.3884
"51153901701","tract",2019,"food_rnk",75.6742
"51153901702","tract",2019,"food_rnk",70.1563
"51153901900","tract",2019,"food_rnk",69.3128
"51153980100","tract",2019,"food_rnk",NA
"51155210100","tract",2019,"food_rnk",74.8321
"51155210201","tract",2019,"food_rnk",9.4674
"51155210202","tract",2019,"food_rnk",57.1711
"51155210300","tract",2019,"food_rnk",67.7147
"51155210400","tract",2019,"food_rnk",24.3455
"51155210500","tract",2019,"food_rnk",75.8534
"51155210600","tract",2019,"food_rnk",46.918
"51155210700","tract",2019,"food_rnk",42.3085
"51155980100","tract",2019,"food_rnk",NA
"51155980200","tract",2019,"food_rnk",NA
"51157950100","tract",2019,"food_rnk",68.317
"51157950200","tract",2019,"food_rnk",62.3688
"51159040100","tract",2019,"food_rnk",23.361
"51159040200","tract",2019,"food_rnk",NA
"51161030100","tract",2019,"food_rnk",78.1962
"51161030201","tract",2019,"food_rnk",84.6381
"51161030203","tract",2019,"food_rnk",80.8226
"51161030204","tract",2019,"food_rnk",60.0457
"51161030205","tract",2019,"food_rnk",70.1901
"51161030300","tract",2019,"food_rnk",79.0792
"51161030500","tract",2019,"food_rnk",79.5644
"51161030600","tract",2019,"food_rnk",88.2306
"51161030701","tract",2019,"food_rnk",84.5421
"51161030702","tract",2019,"food_rnk",76.4232
"51161030801","tract",2019,"food_rnk",71.1592
"51161030802","tract",2019,"food_rnk",92.7824
"51161030900","tract",2019,"food_rnk",60.0048
"51161031000","tract",2019,"food_rnk",40.692
"51161031101","tract",2019,"food_rnk",36.1713
"51161031102","tract",2019,"food_rnk",35.4491
"51161031201","tract",2019,"food_rnk",56.6083
"51161031202","tract",2019,"food_rnk",93.1364
"51163930100","tract",2019,"food_rnk",57.3996
"51163930200","tract",2019,"food_rnk",52.0847
"51163930300","tract",2019,"food_rnk",69.6711
"51163930400","tract",2019,"food_rnk",36.6015
"51165010100","tract",2019,"food_rnk",50.9521
"51165010200","tract",2019,"food_rnk",48.3666
"51165010300","tract",2019,"food_rnk",75.4866
"51165010400","tract",2019,"food_rnk",48.3779
"51165010500","tract",2019,"food_rnk",54.0552
"51165010600","tract",2019,"food_rnk",93.5948
"51165010700","tract",2019,"food_rnk",73.3892
"51165010800","tract",2019,"food_rnk",52.2244
"51165010900","tract",2019,"food_rnk",53.4261
"51165011000","tract",2019,"food_rnk",50.8378
"51165011100","tract",2019,"food_rnk",54.3416
"51165011200","tract",2019,"food_rnk",77.4501
"51165011400","tract",2019,"food_rnk",83.899
"51165011500","tract",2019,"food_rnk",70.0096
"51165011600","tract",2019,"food_rnk",67.977
"51165011700","tract",2019,"food_rnk",89.9755
"51165011800","tract",2019,"food_rnk",87.7793
"51165011900","tract",2019,"food_rnk",53.0594
"51165012000","tract",2019,"food_rnk",64.998
"51167030100","tract",2019,"food_rnk",30.3134
"51167030200","tract",2019,"food_rnk",22.8744
"51167030300","tract",2019,"food_rnk",21.6613
"51167030401","tract",2019,"food_rnk",73.9788
"51167030402","tract",2019,"food_rnk",64.644
"51167030500","tract",2019,"food_rnk",20.4384
"51167030600","tract",2019,"food_rnk",18.3198
"51169030100","tract",2019,"food_rnk",24.2369
"51169030200","tract",2019,"food_rnk",37.8625
"51169030300","tract",2019,"food_rnk",25.4866
"51169030400","tract",2019,"food_rnk",65.9854
"51169030500","tract",2019,"food_rnk",55.3924
"51169030600","tract",2019,"food_rnk",73.117
"51171040100","tract",2019,"food_rnk",46.7854
"51171040201","tract",2019,"food_rnk",92.3903
"51171040202","tract",2019,"food_rnk",73.2143
"51171040300","tract",2019,"food_rnk",74.0789
"51171040400","tract",2019,"food_rnk",70.2522
"51171040500","tract",2019,"food_rnk",28.027
"51171040600","tract",2019,"food_rnk",66.8599
"51171040700","tract",2019,"food_rnk",44.1407
"51171040800","tract",2019,"food_rnk",41.9149
"51173030100","tract",2019,"food_rnk",22.8292
"51173030200","tract",2019,"food_rnk",29.8804
"51173030301","tract",2019,"food_rnk",33.9568
"51173030302","tract",2019,"food_rnk",42.4749
"51173030400","tract",2019,"food_rnk",25.0183
"51173030500","tract",2019,"food_rnk",28.4586
"51173030600","tract",2019,"food_rnk",11.0472
"51173030701","tract",2019,"food_rnk",40.3577
"51173030702","tract",2019,"food_rnk",39.4493
"51175200100","tract",2019,"food_rnk",44.5357
"51175200200","tract",2019,"food_rnk",25.6502
"51175200300","tract",2019,"food_rnk",NA
"51175200400","tract",2019,"food_rnk",26.1298
"51175200500","tract",2019,"food_rnk",47.6444
"51177020104","tract",2019,"food_rnk",84.5421
"51177020105","tract",2019,"food_rnk",78.3189
"51177020106","tract",2019,"food_rnk",95.1647
"51177020107","tract",2019,"food_rnk",97.162
"51177020108","tract",2019,"food_rnk",31.8382
"51177020109","tract",2019,"food_rnk",63.9176
"51177020110","tract",2019,"food_rnk",42.403
"51177020111","tract",2019,"food_rnk",70.3453
"51177020112","tract",2019,"food_rnk",55.7958
"51177020113","tract",2019,"food_rnk",76.5473
"51177020114","tract",2019,"food_rnk",70.9391
"51177020201","tract",2019,"food_rnk",55.0863
"51177020202","tract",2019,"food_rnk",59.1613
"51177020203","tract",2019,"food_rnk",73.574
"51177020204","tract",2019,"food_rnk",72.4568
"51177020205","tract",2019,"food_rnk",70.2818
"51177020304","tract",2019,"food_rnk",50.4485
"51177020305","tract",2019,"food_rnk",40.0671
"51177020306","tract",2019,"food_rnk",71.1958
"51177020307","tract",2019,"food_rnk",61.8088
"51177020308","tract",2019,"food_rnk",72.753
"51177020309","tract",2019,"food_rnk",74.598
"51177020310","tract",2019,"food_rnk",69.365
"51177020311","tract",2019,"food_rnk",57.03
"51177020403","tract",2019,"food_rnk",53.5799
"51177020404","tract",2019,"food_rnk",34.947
"51177020405","tract",2019,"food_rnk",61.8088
"51177020406","tract",2019,"food_rnk",49.9901
"51177020407","tract",2019,"food_rnk",84.9075
"51177020408","tract",2019,"food_rnk",57.6027
"51179010103","tract",2019,"food_rnk",71.9688
"51179010105","tract",2019,"food_rnk",68.4397
"51179010106","tract",2019,"food_rnk",69.0377
"51179010107","tract",2019,"food_rnk",94.7839
"51179010108","tract",2019,"food_rnk",89.249
"51179010201","tract",2019,"food_rnk",NA
"51179010202","tract",2019,"food_rnk",88.3632
"51179010204","tract",2019,"food_rnk",99.7898
"51179010205","tract",2019,"food_rnk",84.9075
"51179010206","tract",2019,"food_rnk",77.0128
"51179010207","tract",2019,"food_rnk",41.4509
"51179010210","tract",2019,"food_rnk",83.3771
"51179010211","tract",2019,"food_rnk",37.5607
"51179010212","tract",2019,"food_rnk",79.7323
"51179010213","tract",2019,"food_rnk",99.1988
"51179010214","tract",2019,"food_rnk",78.9847
"51179010301","tract",2019,"food_rnk",83.078
"51179010303","tract",2019,"food_rnk",78.807
"51179010304","tract",2019,"food_rnk",82.5025
"51179010305","tract",2019,"food_rnk",63.713
"51179010403","tract",2019,"food_rnk",58.0301
"51179010404","tract",2019,"food_rnk",69.1435
"51179010405","tract",2019,"food_rnk",81.013
"51179010406","tract",2019,"food_rnk",55.8565
"51179010502","tract",2019,"food_rnk",81.5871
"51179010503","tract",2019,"food_rnk",95.2494
"51179010504","tract",2019,"food_rnk",75.4105
"51181860100","tract",2019,"food_rnk",20.7332
"51181860200","tract",2019,"food_rnk",43.3424
"51183870100","tract",2019,"food_rnk",10.7834
"51183870201","tract",2019,"food_rnk",NA
"51183870202","tract",2019,"food_rnk",NA
"51183870300","tract",2019,"food_rnk",26.9211
"51183870400","tract",2019,"food_rnk",26.5375
"51185020100","tract",2019,"food_rnk",NA
"51185020200","tract",2019,"food_rnk",17.1674
"51185020300","tract",2019,"food_rnk",28.4769
"51185020400","tract",2019,"food_rnk",21.5823
"51185020500","tract",2019,"food_rnk",23.2425
"51185020600","tract",2019,"food_rnk",28.3923
"51185020700","tract",2019,"food_rnk",51.9747
"51185020800","tract",2019,"food_rnk",25.3569
"51185020900","tract",2019,"food_rnk",14.2025
"51185021000","tract",2019,"food_rnk",43.3268
"51185021100","tract",2019,"food_rnk",85.7453
"51187020100","tract",2019,"food_rnk",64.1249
"51187020200","tract",2019,"food_rnk",92.1209
"51187020300","tract",2019,"food_rnk",61.5169
"51187020400","tract",2019,"food_rnk",21.1634
"51187020500","tract",2019,"food_rnk",14.4775
"51187020601","tract",2019,"food_rnk",71.1592
"51187020602","tract",2019,"food_rnk",52.017
"51187020700","tract",2019,"food_rnk",79.0397
"51191010100","tract",2019,"food_rnk",52.3795
"51191010200","tract",2019,"food_rnk",36.1374
"51191010300","tract",2019,"food_rnk",39.5946
"51191010401","tract",2019,"food_rnk",98.7051
"51191010402","tract",2019,"food_rnk",67.8191
"51191010501","tract",2019,"food_rnk",69.6711
"51191010502","tract",2019,"food_rnk",24.031
"51191010601","tract",2019,"food_rnk",59.5563
"51191010602","tract",2019,"food_rnk",40.0093
"51191010700","tract",2019,"food_rnk",45.413
"51191010800","tract",2019,"food_rnk",36.7849
"51191010900","tract",2019,"food_rnk",18.537
"51191011000","tract",2019,"food_rnk",92.1025
"51193010100","tract",2019,"food_rnk",13.4041
"51193010200","tract",2019,"food_rnk",79.8014
"51193010300","tract",2019,"food_rnk",55.4164
"51193010400","tract",2019,"food_rnk",50.6644
"51195930700","tract",2019,"food_rnk",38.9147
"51195930800","tract",2019,"food_rnk",36.2037
"51195930900","tract",2019,"food_rnk",22.1479
"51195931000","tract",2019,"food_rnk",20.09
"51195931100","tract",2019,"food_rnk",5.7874
"51195931200","tract",2019,"food_rnk",41.898
"51195931300","tract",2019,"food_rnk",37.4788
"51195931400","tract",2019,"food_rnk",52.7138
"51195931500","tract",2019,"food_rnk",8.322
"51195931600","tract",2019,"food_rnk",9.2883
"51195931700","tract",2019,"food_rnk",15.3619
"51197050100","tract",2019,"food_rnk",39.2025
"51197050200","tract",2019,"food_rnk",59.3588
"51197050301","tract",2019,"food_rnk",75.4373
"51197050302","tract",2019,"food_rnk",64.3605
"51197050401","tract",2019,"food_rnk",57.6253
"51197050402","tract",2019,"food_rnk",63.4733
"51199050203","tract",2019,"food_rnk",90.1292
"51199050204","tract",2019,"food_rnk",77.2582
"51199050205","tract",2019,"food_rnk",94.0321
"51199050206","tract",2019,"food_rnk",88.2772
"51199050303","tract",2019,"food_rnk",98.4414
"51199050304","tract",2019,"food_rnk",98.8631
"51199050305","tract",2019,"food_rnk",97.1268
"51199050306","tract",2019,"food_rnk",75.9267
"51199050401","tract",2019,"food_rnk",89.3182
"51199050402","tract",2019,"food_rnk",79.0905
"51199050500","tract",2019,"food_rnk",39.1602
"51199050900","tract",2019,"food_rnk",60.7651
"51199051000","tract",2019,"food_rnk",33.6013
"51199051100","tract",2019,"food_rnk",87.7934
"51199990100","tract",2019,"food_rnk",NA
"51510200102","tract",2019,"food_rnk",28.4135
"51510200103","tract",2019,"food_rnk",52.8253
"51510200104","tract",2019,"food_rnk",49.7842
"51510200105","tract",2019,"food_rnk",74.306
"51510200106","tract",2019,"food_rnk",35.0669
"51510200107","tract",2019,"food_rnk",98.447
"51510200201","tract",2019,"food_rnk",88.6468
"51510200202","tract",2019,"food_rnk",82.8481
"51510200301","tract",2019,"food_rnk",75.3061
"51510200302","tract",2019,"food_rnk",32.5547
"51510200303","tract",2019,"food_rnk",73.7376
"51510200403","tract",2019,"food_rnk",96.4131
"51510200404","tract",2019,"food_rnk",93.7049
"51510200405","tract",2019,"food_rnk",37.7285
"51510200406","tract",2019,"food_rnk",65.7414
"51510200407","tract",2019,"food_rnk",56.3544
"51510200500","tract",2019,"food_rnk",55.4305
"51510200600","tract",2019,"food_rnk",92.0531
"51510200701","tract",2019,"food_rnk",85.8638
"51510200702","tract",2019,"food_rnk",93.8389
"51510200703","tract",2019,"food_rnk",38.1065
"51510200801","tract",2019,"food_rnk",67.0193
"51510200802","tract",2019,"food_rnk",43.0617
"51510200900","tract",2019,"food_rnk",95.7811
"51510201000","tract",2019,"food_rnk",90.2294
"51510201100","tract",2019,"food_rnk",79.3627
"51510201202","tract",2019,"food_rnk",84.1303
"51510201203","tract",2019,"food_rnk",28.8888
"51510201204","tract",2019,"food_rnk",73.4188
"51510201300","tract",2019,"food_rnk",87.2433
"51510201400","tract",2019,"food_rnk",83.6733
"51510201500","tract",2019,"food_rnk",91.1293
"51510201600","tract",2019,"food_rnk",27.2385
"51510201801","tract",2019,"food_rnk",88.4874
"51510201802","tract",2019,"food_rnk",23.8011
"51510201900","tract",2019,"food_rnk",85.0711
"51510202001","tract",2019,"food_rnk",67.1956
"51510202002","tract",2019,"food_rnk",89.2095
"51520020100","tract",2019,"food_rnk",14.3718
"51520020200","tract",2019,"food_rnk",21.8235
"51520020300","tract",2019,"food_rnk",4.9227
"51520020400","tract",2019,"food_rnk",39.139
"51530930600","tract",2019,"food_rnk",32.6492
"51540000201","tract",2019,"food_rnk",53.5319
"51540000202","tract",2019,"food_rnk",19.2451
"51540000302","tract",2019,"food_rnk",44.9856
"51540000401","tract",2019,"food_rnk",23.6953
"51540000402","tract",2019,"food_rnk",62.3053
"51540000501","tract",2019,"food_rnk",27.3062
"51540000502","tract",2019,"food_rnk",41.4509
"51540000600","tract",2019,"food_rnk",21.1846
"51540000700","tract",2019,"food_rnk",98.2665
"51540000800","tract",2019,"food_rnk",59.2741
"51540000900","tract",2019,"food_rnk",86.4026
"51540001000","tract",2019,"food_rnk",71.2776
"51550020001","tract",2019,"food_rnk",96.911
"51550020002","tract",2019,"food_rnk",51.5107
"51550020003","tract",2019,"food_rnk",25.8703
"51550020100","tract",2019,"food_rnk",4.0538
"51550020200","tract",2019,"food_rnk",18.695
"51550020300","tract",2019,"food_rnk",12.0472
"51550020400","tract",2019,"food_rnk",42.5341
"51550020500","tract",2019,"food_rnk",22.1959
"51550020600","tract",2019,"food_rnk",53.7802
"51550020700","tract",2019,"food_rnk",56.6661
"51550020804","tract",2019,"food_rnk",68.8389
"51550020805","tract",2019,"food_rnk",69.9786
"51550020806","tract",2019,"food_rnk",75.9803
"51550020807","tract",2019,"food_rnk",68.9912
"51550020808","tract",2019,"food_rnk",87.6989
"51550020809","tract",2019,"food_rnk",46.5908
"51550020903","tract",2019,"food_rnk",84.4857
"51550020904","tract",2019,"food_rnk",57.3248
"51550020905","tract",2019,"food_rnk",76.1298
"51550020906","tract",2019,"food_rnk",58.6648
"51550021004","tract",2019,"food_rnk",56.7042
"51550021005","tract",2019,"food_rnk",99.4104
"51550021006","tract",2019,"food_rnk",98.2989
"51550021009","tract",2019,"food_rnk",83.4151
"51550021010","tract",2019,"food_rnk",77.7759
"51550021011","tract",2019,"food_rnk",90.3309
"51550021012","tract",2019,"food_rnk",94.2479
"51550021013","tract",2019,"food_rnk",95.5879
"51550021101","tract",2019,"food_rnk",76.4796
"51550021102","tract",2019,"food_rnk",94.0321
"51550021200","tract",2019,"food_rnk",79.484
"51550021301","tract",2019,"food_rnk",86.8074
"51550021302","tract",2019,"food_rnk",95.8785
"51550021401","tract",2019,"food_rnk",63.3505
"51550021402","tract",2019,"food_rnk",60.4096
"51550021403","tract",2019,"food_rnk",23.2425
"51550021404","tract",2019,"food_rnk",74.5458
"51550021501","tract",2019,"food_rnk",70.681
"51550021502","tract",2019,"food_rnk",95.0773
"51550021601","tract",2019,"food_rnk",98.5049
"51550021602","tract",2019,"food_rnk",54.1709
"51570830100","tract",2019,"food_rnk",79.8635
"51570830200","tract",2019,"food_rnk",29.2936
"51570830300","tract",2019,"food_rnk",84.758
"51570830400","tract",2019,"food_rnk",20.9941
"51570830500","tract",2019,"food_rnk",39.2349
"51580060100","tract",2019,"food_rnk",32.9863
"51580060200","tract",2019,"food_rnk",67.1688
"51590000100","tract",2019,"food_rnk",39.3139
"51590000200","tract",2019,"food_rnk",27.9804
"51590000300","tract",2019,"food_rnk",20.066
"51590000400","tract",2019,"food_rnk",3.137
"51590000500","tract",2019,"food_rnk",2.443
"51590000600","tract",2019,"food_rnk",4.1921
"51590000700","tract",2019,"food_rnk",73.5415
"51590000800","tract",2019,"food_rnk",29.4826
"51590000900","tract",2019,"food_rnk",25.7842
"51590001000","tract",2019,"food_rnk",10.2827
"51590001100","tract",2019,"food_rnk",5.6759
"51590001200","tract",2019,"food_rnk",7.5956
"51590001301","tract",2019,"food_rnk",10.4999
"51590001302","tract",2019,"food_rnk",13.7582
"51590001400","tract",2019,"food_rnk",46.8926
"51590980100","tract",2019,"food_rnk",NA
"51595890100","tract",2019,"food_rnk",12.8315
"51595890200","tract",2019,"food_rnk",25.3752
"51600300100","tract",2019,"food_rnk",99.9154
"51600300200","tract",2019,"food_rnk",99.8575
"51600300300","tract",2019,"food_rnk",99.9365
"51600300400","tract",2019,"food_rnk",91.8966
"51600300500","tract",2019,"food_rnk",99.8166
"51610500100","tract",2019,"food_rnk",98.6812
"51610500200","tract",2019,"food_rnk",95.9843
"51610500300","tract",2019,"food_rnk",99.7574
"51620090100","tract",2019,"food_rnk",77.4501
"51620090200","tract",2019,"food_rnk",11.1233
"51630000100","tract",2019,"food_rnk",85.5845
"51630000200","tract",2019,"food_rnk",23.4936
"51630000301","tract",2019,"food_rnk",NA
"51630000302","tract",2019,"food_rnk",46.303
"51630000400","tract",2019,"food_rnk",29.0073
"51630000500","tract",2019,"food_rnk",74.306
"51640070101","tract",2019,"food_rnk",31.281
"51640070102","tract",2019,"food_rnk",46.6091
"51650010103","tract",2019,"food_rnk",85.3123
"51650010104","tract",2019,"food_rnk",19.5991
"51650010200","tract",2019,"food_rnk",NA
"51650010304","tract",2019,"food_rnk",70.1097
"51650010306","tract",2019,"food_rnk",73.9492
"51650010307","tract",2019,"food_rnk",64.9726
"51650010309","tract",2019,"food_rnk",52.357
"51650010310","tract",2019,"food_rnk",63.5099
"51650010311","tract",2019,"food_rnk",40.3972
"51650010312","tract",2019,"food_rnk",41.8768
"51650010313","tract",2019,"food_rnk",34.2883
"51650010314","tract",2019,"food_rnk",10.4124
"51650010400","tract",2019,"food_rnk",13.0698
"51650010501","tract",2019,"food_rnk",69.2084
"51650010502","tract",2019,"food_rnk",25.7109
"51650010601","tract",2019,"food_rnk",6.2331
"51650010602","tract",2019,"food_rnk",10.2234
"51650010701","tract",2019,"food_rnk",9.3221
"51650010702","tract",2019,"food_rnk",36.6297
"51650010703","tract",2019,"food_rnk",60.3758
"51650010800","tract",2019,"food_rnk",35.2545
"51650010900","tract",2019,"food_rnk",8.1881
"51650011000","tract",2019,"food_rnk",32.9511
"51650011100","tract",2019,"food_rnk",94.9701
"51650011200","tract",2019,"food_rnk",28.6025
"51650011300","tract",2019,"food_rnk",13.3632
"51650011400","tract",2019,"food_rnk",NA
"51650011500","tract",2019,"food_rnk",74.969
"51650011600","tract",2019,"food_rnk",33.2924
"51650011800","tract",2019,"food_rnk",17.2958
"51650011900","tract",2019,"food_rnk",22.2509
"51650012000","tract",2019,"food_rnk",24.3949
"51650012100","tract",2019,"food_rnk",81.5166
"51650990100","tract",2019,"food_rnk",NA
"51660000101","tract",2019,"food_rnk",29.6843
"51660000102","tract",2019,"food_rnk",32.3051
"51660000203","tract",2019,"food_rnk",74.2538
"51660000204","tract",2019,"food_rnk",29.6124
"51660000205","tract",2019,"food_rnk",57.6521
"51660000206","tract",2019,"food_rnk",NA
"51660000207","tract",2019,"food_rnk",57.8411
"51660000301","tract",2019,"food_rnk",72.8179
"51660000302","tract",2019,"food_rnk",24.7503
"51660000401","tract",2019,"food_rnk",63.3082
"51660000402","tract",2019,"food_rnk",48.9266
"51670820100","tract",2019,"food_rnk",13.0938
"51670820300","tract",2019,"food_rnk",8.3573
"51670820400","tract",2019,"food_rnk",38.4704
"51670820500","tract",2019,"food_rnk",28.9198
"51670820600","tract",2019,"food_rnk",9.497
"51670820700","tract",2019,"food_rnk",8.0174
"51670980100","tract",2019,"food_rnk",NA
"51678930500","tract",2019,"food_rnk",NA
"51680000100","tract",2019,"food_rnk",85.6833
"51680000201","tract",2019,"food_rnk",75.6488
"51680000202","tract",2019,"food_rnk",18.5793
"51680000203","tract",2019,"food_rnk",NA
"51680000300","tract",2019,"food_rnk",48.3314
"51680000400","tract",2019,"food_rnk",10.7256
"51680000500","tract",2019,"food_rnk",14.2265
"51680000600","tract",2019,"food_rnk",3.4924
"51680000700","tract",2019,"food_rnk",15.4169
"51680000801","tract",2019,"food_rnk",22.0365
"51680000802","tract",2019,"food_rnk",59.016
"51680000900","tract",2019,"food_rnk",64.9543
"51680001000","tract",2019,"food_rnk",36.6297
"51680001100","tract",2019,"food_rnk",2.515
"51680001400","tract",2019,"food_rnk",NA
"51680001600","tract",2019,"food_rnk",68.7556
"51680001700","tract",2019,"food_rnk",87.4281
"51680001800","tract",2019,"food_rnk",76.2102
"51680001900","tract",2019,"food_rnk",7.6972
"51683910100","tract",2019,"food_rnk",89.0276
"51683910201","tract",2019,"food_rnk",74.9436
"51683910202","tract",2019,"food_rnk",64.3139
"51683910301","tract",2019,"food_rnk",69.0913
"51683910302","tract",2019,"food_rnk",19.3706
"51683910401","tract",2019,"food_rnk",39.5368
"51683910402","tract",2019,"food_rnk",94.7839
"51685920100","tract",2019,"food_rnk",51.8407
"51685920200","tract",2019,"food_rnk",63.005
"51690000100","tract",2019,"food_rnk",18.9122
"51690000200","tract",2019,"food_rnk",6.9327
"51690000300","tract",2019,"food_rnk",34.0682
"51690000400","tract",2019,"food_rnk",7.2797
"51690000500","tract",2019,"food_rnk",51.7251
"51700030100","tract",2019,"food_rnk",NA
"51700030300","tract",2019,"food_rnk",25.6093
"51700030400","tract",2019,"food_rnk",4.185
"51700030500","tract",2019,"food_rnk",26.8083
"51700030600","tract",2019,"food_rnk",6.7916
"51700030800","tract",2019,"food_rnk",4.3472
"51700030900","tract",2019,"food_rnk",2.7463
"51700031100","tract",2019,"food_rnk",40.1743
"51700031200","tract",2019,"food_rnk",14.0868
"51700031300","tract",2019,"food_rnk",16.0742
"51700031400","tract",2019,"food_rnk",34.0146
"51700031500","tract",2019,"food_rnk",70.9687
"51700031601","tract",2019,"food_rnk",54.8945
"51700031602","tract",2019,"food_rnk",73.6544
"51700031701","tract",2019,"food_rnk",NA
"51700031702","tract",2019,"food_rnk",54.8353
"51700031800","tract",2019,"food_rnk",98.0225
"51700031901","tract",2019,"food_rnk",61.7567
"51700031902","tract",2019,"food_rnk",60.6325
"51700032001","tract",2019,"food_rnk",48.8039
"51700032002","tract",2019,"food_rnk",97.6769
"51700032005","tract",2019,"food_rnk",50.9338
"51700032006","tract",2019,"food_rnk",9.356
"51700032007","tract",2019,"food_rnk",50.7574
"51700032113","tract",2019,"food_rnk",67.5623
"51700032114","tract",2019,"food_rnk",47.0295
"51700032117","tract",2019,"food_rnk",23.5641
"51700032123","tract",2019,"food_rnk",41.2181
"51700032124","tract",2019,"food_rnk",54.8776
"51700032126","tract",2019,"food_rnk",23.5091
"51700032127","tract",2019,"food_rnk",35.9371
"51700032128","tract",2019,"food_rnk",16.1208
"51700032129","tract",2019,"food_rnk",26.2709
"51700032130","tract",2019,"food_rnk",82.5025
"51700032131","tract",2019,"food_rnk",46.7361
"51700032132","tract",2019,"food_rnk",79.1497
"51700032211","tract",2019,"food_rnk",83.9779
"51700032212","tract",2019,"food_rnk",14.3873
"51700032223","tract",2019,"food_rnk",56.7479
"51700032224","tract",2019,"food_rnk",36.3956
"51700032225","tract",2019,"food_rnk",13.2151
"51700032226","tract",2019,"food_rnk",12.3999
"51700032300","tract",2019,"food_rnk",NA
"51700032400","tract",2019,"food_rnk",72.5429
"51710000100","tract",2019,"food_rnk",24.3808
"51710000201","tract",2019,"food_rnk",14.5354
"51710000202","tract",2019,"food_rnk",76.6785
"51710000300","tract",2019,"food_rnk",37.5748
"51710000400","tract",2019,"food_rnk",74.3469
"51710000500","tract",2019,"food_rnk",58.3009
"51710000600","tract",2019,"food_rnk",37.8766
"51710000700","tract",2019,"food_rnk",81.7014
"51710000800","tract",2019,"food_rnk",36.4308
"51710000901","tract",2019,"food_rnk",NA
"51710000902","tract",2019,"food_rnk",NA
"51710001100","tract",2019,"food_rnk",10.2164
"51710001200","tract",2019,"food_rnk",58.8143
"51710001300","tract",2019,"food_rnk",18.8939
"51710001400","tract",2019,"food_rnk",38.3816
"51710001500","tract",2019,"food_rnk",76.2836
"51710001600","tract",2019,"food_rnk",11.7468
"51710001700","tract",2019,"food_rnk",46.162
"51710002000","tract",2019,"food_rnk",90.2576
"51710002100","tract",2019,"food_rnk",48.5429
"51710002200","tract",2019,"food_rnk",87.816
"51710002300","tract",2019,"food_rnk",68.5497
"51710002400","tract",2019,"food_rnk",92.843
"51710002500","tract",2019,"food_rnk",NA
"51710002600","tract",2019,"food_rnk",NA
"51710002700","tract",2019,"food_rnk",15.0502
"51710002800","tract",2019,"food_rnk",61.1741
"51710002900","tract",2019,"food_rnk",7.3855
"51710003000","tract",2019,"food_rnk",62.8484
"51710003100","tract",2019,"food_rnk",22.6388
"51710003200","tract",2019,"food_rnk",14.455
"51710003300","tract",2019,"food_rnk",22.1225
"51710003400","tract",2019,"food_rnk",9.0682
"51710003501","tract",2019,"food_rnk",1.1171
"51710003600","tract",2019,"food_rnk",93.0772
"51710003700","tract",2019,"food_rnk",65.5086
"51710003800","tract",2019,"food_rnk",96.8024
"51710004001","tract",2019,"food_rnk",84.5421
"51710004002","tract",2019,"food_rnk",69.2874
"51710004100","tract",2019,"food_rnk",0.1425
"51710004200","tract",2019,"food_rnk",0.0691
"51710004300","tract",2019,"food_rnk",13.6171
"51710004400","tract",2019,"food_rnk",31.1978
"51710004500","tract",2019,"food_rnk",15.7696
"51710004600","tract",2019,"food_rnk",5.934
"51710004700","tract",2019,"food_rnk",NA
"51710004800","tract",2019,"food_rnk",0.1411
"51710004900","tract",2019,"food_rnk",96.8898
"51710005000","tract",2019,"food_rnk",12.5183
"51710005100","tract",2019,"food_rnk",1.6023
"51710005500","tract",2019,"food_rnk",17.5073
"51710005601","tract",2019,"food_rnk",49.7066
"51710005602","tract",2019,"food_rnk",41.8768
"51710005701","tract",2019,"food_rnk",10.7651
"51710005702","tract",2019,"food_rnk",23.4005
"51710005800","tract",2019,"food_rnk",20.973
"51710005901","tract",2019,"food_rnk",12.7934
"51710005902","tract",2019,"food_rnk",34.3785
"51710005903","tract",2019,"food_rnk",17.8529
"51710006000","tract",2019,"food_rnk",34.3348
"51710006100","tract",2019,"food_rnk",23.0394
"51710006200","tract",2019,"food_rnk",47.6614
"51710006400","tract",2019,"food_rnk",16.5679
"51710006501","tract",2019,"food_rnk",21.4723
"51710006502","tract",2019,"food_rnk",24.8815
"51710006601","tract",2019,"food_rnk",89.8344
"51710006602","tract",2019,"food_rnk",52.8873
"51710006603","tract",2019,"food_rnk",49.1156
"51710006604","tract",2019,"food_rnk",57.9454
"51710006605","tract",2019,"food_rnk",85.3786
"51710006606","tract",2019,"food_rnk",78.9847
"51710006607","tract",2019,"food_rnk",44.4764
"51710006800","tract",2019,"food_rnk",65.2026
"51710006901","tract",2019,"food_rnk",30.7986
"51710006902","tract",2019,"food_rnk",62.1177
"51710007001","tract",2019,"food_rnk",44.1548
"51710007002","tract",2019,"food_rnk",57.2599
"51710980100","tract",2019,"food_rnk",NA
"51710980200","tract",2019,"food_rnk",NA
"51710980300","tract",2019,"food_rnk",NA
"51710990000","tract",2019,"food_rnk",NA
"51720960100","tract",2019,"food_rnk",12.0091
"51730810100","tract",2019,"food_rnk",1.7095
"51730810300","tract",2019,"food_rnk",24.3244
"51730810400","tract",2019,"food_rnk",3.4191
"51730810500","tract",2019,"food_rnk",15.8641
"51730810600","tract",2019,"food_rnk",1.6842
"51730810700","tract",2019,"food_rnk",6.5702
"51730810900","tract",2019,"food_rnk",16.4241
"51730811000","tract",2019,"food_rnk",28.9198
"51730811100","tract",2019,"food_rnk",28.9396
"51730811200","tract",2019,"food_rnk",19.0885
"51730811300","tract",2019,"food_rnk",4.3529
"51735340100","tract",2019,"food_rnk",94.6316
"51735340200","tract",2019,"food_rnk",83.8764
"51735340300","tract",2019,"food_rnk",93.568
"51735990100","tract",2019,"food_rnk",NA
"51740210200","tract",2019,"food_rnk",26.773
"51740210300","tract",2019,"food_rnk",13.7779
"51740210400","tract",2019,"food_rnk",69.6711
"51740210500","tract",2019,"food_rnk",3.1243
"51740210600","tract",2019,"food_rnk",56.9426
"51740210900","tract",2019,"food_rnk",56.3981
"51740211100","tract",2019,"food_rnk",7.992
"51740211400","tract",2019,"food_rnk",9.2347
"51740211500","tract",2019,"food_rnk",4.9114
"51740211600","tract",2019,"food_rnk",26.7589
"51740211700","tract",2019,"food_rnk",23.1903
"51740211800","tract",2019,"food_rnk",6.6069
"51740211900","tract",2019,"food_rnk",19.8262
"51740212000","tract",2019,"food_rnk",11.8074
"51740212100","tract",2019,"food_rnk",0.945
"51740212300","tract",2019,"food_rnk",13.7624
"51740212400","tract",2019,"food_rnk",24.4584
"51740212500","tract",2019,"food_rnk",43.8572
"51740212600","tract",2019,"food_rnk",44.3537
"51740212701","tract",2019,"food_rnk",42.4481
"51740212702","tract",2019,"food_rnk",45.6373
"51740212801","tract",2019,"food_rnk",48.4569
"51740212802","tract",2019,"food_rnk",45.3566
"51740212900","tract",2019,"food_rnk",85.0133
"51740213001","tract",2019,"food_rnk",93.8614
"51740213002","tract",2019,"food_rnk",68.0955
"51740213101","tract",2019,"food_rnk",19.3198
"51740213103","tract",2019,"food_rnk",16.7372
"51740213104","tract",2019,"food_rnk",83.078
"51740213200","tract",2019,"food_rnk",46.7572
"51740980100","tract",2019,"food_rnk",NA
"51750010101","tract",2019,"food_rnk",60.2418
"51750010102","tract",2019,"food_rnk",NA
"51750010200","tract",2019,"food_rnk",46.7361
"51760010200","tract",2019,"food_rnk",80.0102
"51760010300","tract",2019,"food_rnk",2.2949
"51760010401","tract",2019,"food_rnk",56.8918
"51760010402","tract",2019,"food_rnk",44.87
"51760010500","tract",2019,"food_rnk",52.3344
"51760010600","tract",2019,"food_rnk",45.1436
"51760010700","tract",2019,"food_rnk",34.2389
"51760010800","tract",2019,"food_rnk",11.7256
"51760010900","tract",2019,"food_rnk",3.8521
"51760011000","tract",2019,"food_rnk",29.1102
"51760011100","tract",2019,"food_rnk",42.8769
"51760020100","tract",2019,"food_rnk",0.323
"51760020200","tract",2019,"food_rnk",0.481
"51760020300","tract",2019,"food_rnk",33.4955
"51760020400","tract",2019,"food_rnk",1.7053
"51760020500","tract",2019,"food_rnk",44.4764
"51760020600","tract",2019,"food_rnk",59.0583
"51760020700","tract",2019,"food_rnk",19.1732
"51760020800","tract",2019,"food_rnk",68.317
"51760020900","tract",2019,"food_rnk",44.578
"51760021000","tract",2019,"food_rnk",5.8974
"51760021100","tract",2019,"food_rnk",21.3341
"51760021200","tract",2019,"food_rnk",17.6597
"51760030100","tract",2019,"food_rnk",0.0028
"51760030200","tract",2019,"food_rnk",73.3892
"51760030500","tract",2019,"food_rnk",78.0524
"51760040200","tract",2019,"food_rnk",44.1238
"51760040300","tract",2019,"food_rnk",NA
"51760040400","tract",2019,"food_rnk",89.383
"51760040500","tract",2019,"food_rnk",64.0403
"51760040600","tract",2019,"food_rnk",86.4365
"51760040700","tract",2019,"food_rnk",86.4026
"51760040800","tract",2019,"food_rnk",78.3415
"51760040900","tract",2019,"food_rnk",58.7452
"51760041000","tract",2019,"food_rnk",79.2739
"51760041100","tract",2019,"food_rnk",27.8154
"51760041200","tract",2019,"food_rnk",88.8823
"51760041300","tract",2019,"food_rnk",21.4032
"51760041400","tract",2019,"food_rnk",38.2998
"51760041600","tract",2019,"food_rnk",79.3627
"51760050100","tract",2019,"food_rnk",89.0925
"51760050200","tract",2019,"food_rnk",94.1125
"51760050300","tract",2019,"food_rnk",76.5713
"51760050400","tract",2019,"food_rnk",96.8151
"51760050500","tract",2019,"food_rnk",NA
"51760050600","tract",2019,"food_rnk",97.3567
"51760060200","tract",2019,"food_rnk",16.6385
"51760060400","tract",2019,"food_rnk",2.7801
"51760060500","tract",2019,"food_rnk",53.5319
"51760060600","tract",2019,"food_rnk",82.006
"51760060700","tract",2019,"food_rnk",2.1045
"51760060800","tract",2019,"food_rnk",6.5434
"51760060900","tract",2019,"food_rnk",2.7985
"51760061000","tract",2019,"food_rnk",11.1445
"51760070100","tract",2019,"food_rnk",87.9937
"51760070300","tract",2019,"food_rnk",61.854
"51760070400","tract",2019,"food_rnk",62.0317
"51760070601","tract",2019,"food_rnk",14.7413
"51760070602","tract",2019,"food_rnk",12.6594
"51760070700","tract",2019,"food_rnk",22.0365
"51760070801","tract",2019,"food_rnk",14.6454
"51760070802","tract",2019,"food_rnk",54.958
"51760070900","tract",2019,"food_rnk",22.6543
"51760071001","tract",2019,"food_rnk",8.8312
"51760071002","tract",2019,"food_rnk",45.4821
"51760071100","tract",2019,"food_rnk",31.1682
"51770000100","tract",2019,"food_rnk",8.0047
"51770000300","tract",2019,"food_rnk",30.9453
"51770000400","tract",2019,"food_rnk",21.7967
"51770000500","tract",2019,"food_rnk",16.4706
"51770000601","tract",2019,"food_rnk",59.8059
"51770000602","tract",2019,"food_rnk",19.5625
"51770000900","tract",2019,"food_rnk",12.2503
"51770001000","tract",2019,"food_rnk",2.2145
"51770001100","tract",2019,"food_rnk",90.4169
"51770001200","tract",2019,"food_rnk",58.8397
"51770001800","tract",2019,"food_rnk",56.4362
"51770001900","tract",2019,"food_rnk",57.0484
"51770002100","tract",2019,"food_rnk",67.7415
"51770002200","tract",2019,"food_rnk",35.2206
"51770002300","tract",2019,"food_rnk",23.9872
"51770002400","tract",2019,"food_rnk",12.4704
"51770002500","tract",2019,"food_rnk",3.2597
"51770002600","tract",2019,"food_rnk",7.4588
"51770002700","tract",2019,"food_rnk",6.5928
"51770002800","tract",2019,"food_rnk",28.8211
"51770002900","tract",2019,"food_rnk",99.6107
"51770003000","tract",2019,"food_rnk",66.5341
"51770003100","tract",2019,"food_rnk",80.7676
"51775010100","tract",2019,"food_rnk",47.7248
"51775010200","tract",2019,"food_rnk",74.1297
"51775010300","tract",2019,"food_rnk",40.4988
"51775010501","tract",2019,"food_rnk",95.5047
"51775010502","tract",2019,"food_rnk",66.1053
"51790000100","tract",2019,"food_rnk",46.1394
"51790000200","tract",2019,"food_rnk",42.2831
"51790000300","tract",2019,"food_rnk",68.4679
"51790000400","tract",2019,"food_rnk",78.5108
"51790000500","tract",2019,"food_rnk",71.3143
"51790000600","tract",2019,"food_rnk",55.0863
"51800065100","tract",2019,"food_rnk",12.0726
"51800065200","tract",2019,"food_rnk",41.314
"51800065300","tract",2019,"food_rnk",7.6633
"51800065400","tract",2019,"food_rnk",5.8508
"51800065500","tract",2019,"food_rnk",4.2203
"51800075101","tract",2019,"food_rnk",54.7647
"51800075102","tract",2019,"food_rnk",84.5704
"51800075201","tract",2019,"food_rnk",81.1922
"51800075202","tract",2019,"food_rnk",95.9476
"51800075203","tract",2019,"food_rnk",94.7515
"51800075204","tract",2019,"food_rnk",50.4076
"51800075301","tract",2019,"food_rnk",83.3277
"51800075302","tract",2019,"food_rnk",76.4557
"51800075401","tract",2019,"food_rnk",48.3934
"51800075402","tract",2019,"food_rnk",59.8059
"51800075403","tract",2019,"food_rnk",67.2675
"51800075404","tract",2019,"food_rnk",45.3693
"51800075405","tract",2019,"food_rnk",87.8287
"51800075501","tract",2019,"food_rnk",18.8346
"51800075502","tract",2019,"food_rnk",82.8227
"51800075601","tract",2019,"food_rnk",3.735
"51800075602","tract",2019,"food_rnk",95.6048
"51800075701","tract",2019,"food_rnk",28.2893
"51800075702","tract",2019,"food_rnk",63.7695
"51800075703","tract",2019,"food_rnk",86.2023
"51800075801","tract",2019,"food_rnk",43.3268
"51800075802","tract",2019,"food_rnk",26.8887
"51800075803","tract",2019,"food_rnk",40.8034
"51810040000","tract",2019,"food_rnk",NA
"51810040200","tract",2019,"food_rnk",31.6816
"51810040402","tract",2019,"food_rnk",34.8017
"51810040403","tract",2019,"food_rnk",47.5626
"51810040404","tract",2019,"food_rnk",90.4621
"51810040600","tract",2019,"food_rnk",40.9374
"51810040801","tract",2019,"food_rnk",69.5258
"51810040802","tract",2019,"food_rnk",76.8971
"51810041002","tract",2019,"food_rnk",48.9012
"51810041003","tract",2019,"food_rnk",66.5581
"51810041004","tract",2019,"food_rnk",25.4006
"51810041200","tract",2019,"food_rnk",97.0957
"51810041400","tract",2019,"food_rnk",99.7306
"51810041600","tract",2019,"food_rnk",81.7014
"51810041801","tract",2019,"food_rnk",98.4132
"51810041802","tract",2019,"food_rnk",86.5225
"51810042000","tract",2019,"food_rnk",98.5838
"51810042201","tract",2019,"food_rnk",87.1812
"51810042202","tract",2019,"food_rnk",87.5987
"51810042400","tract",2019,"food_rnk",71.6373
"51810042600","tract",2019,"food_rnk",44.1548
"51810042801","tract",2019,"food_rnk",69.0377
"51810042802","tract",2019,"food_rnk",49.2242
"51810043002","tract",2019,"food_rnk",97.2495
"51810043003","tract",2019,"food_rnk",96.6528
"51810043004","tract",2019,"food_rnk",90.3309
"51810043200","tract",2019,"food_rnk",96.2918
"51810043400","tract",2019,"food_rnk",96.9279
"51810043600","tract",2019,"food_rnk",96.7205
"51810043800","tract",2019,"food_rnk",97.8476
"51810044001","tract",2019,"food_rnk",54.6378
"51810044003","tract",2019,"food_rnk",95.9349
"51810044004","tract",2019,"food_rnk",76.7053
"51810044200","tract",2019,"food_rnk",19.049
"51810044401","tract",2019,"food_rnk",96.4131
"51810044402","tract",2019,"food_rnk",80.683
"51810044600","tract",2019,"food_rnk",99.5247
"51810044805","tract",2019,"food_rnk",66.6638
"51810044806","tract",2019,"food_rnk",20.1563
"51810044807","tract",2019,"food_rnk",50.8054
"51810044808","tract",2019,"food_rnk",40.2223
"51810045000","tract",2019,"food_rnk",NA
"51810045200","tract",2019,"food_rnk",NA
"51810045405","tract",2019,"food_rnk",71.083
"51810045406","tract",2019,"food_rnk",41.9417
"51810045407","tract",2019,"food_rnk",57.1005
"51810045408","tract",2019,"food_rnk",52.357
"51810045412","tract",2019,"food_rnk",79.9142
"51810045414","tract",2019,"food_rnk",25.0889
"51810045415","tract",2019,"food_rnk",33.1542
"51810045417","tract",2019,"food_rnk",99.7743
"51810045420","tract",2019,"food_rnk",95.4201
"51810045421","tract",2019,"food_rnk",77.4924
"51810045422","tract",2019,"food_rnk",87.6749
"51810045423","tract",2019,"food_rnk",90.29
"51810045424","tract",2019,"food_rnk",99.1283
"51810045425","tract",2019,"food_rnk",95.2987
"51810045426","tract",2019,"food_rnk",99.5867
"51810045427","tract",2019,"food_rnk",95.0773
"51810045428","tract",2019,"food_rnk",97.7488
"51810045601","tract",2019,"food_rnk",46.2565
"51810045603","tract",2019,"food_rnk",47.5753
"51810045604","tract",2019,"food_rnk",47.9153
"51810045801","tract",2019,"food_rnk",52.2907
"51810045803","tract",2019,"food_rnk",56.7225
"51810045805","tract",2019,"food_rnk",66.8232
"51810045806","tract",2019,"food_rnk",36.6015
"51810045807","tract",2019,"food_rnk",60.1938
"51810045808","tract",2019,"food_rnk",39.8781
"51810045809","tract",2019,"food_rnk",60.2686
"51810045810","tract",2019,"food_rnk",3.625
"51810046002","tract",2019,"food_rnk",58.1288
"51810046005","tract",2019,"food_rnk",77.5262
"51810046006","tract",2019,"food_rnk",95.231
"51810046009","tract",2019,"food_rnk",73.7954
"51810046010","tract",2019,"food_rnk",46.8503
"51810046011","tract",2019,"food_rnk",41.2675
"51810046012","tract",2019,"food_rnk",73.1875
"51810046013","tract",2019,"food_rnk",53.7463
"51810046014","tract",2019,"food_rnk",61.1177
"51810046015","tract",2019,"food_rnk",68.8389
"51810046016","tract",2019,"food_rnk",97.4018
"51810046204","tract",2019,"food_rnk",62.0642
"51810046206","tract",2019,"food_rnk",81.2204
"51810046207","tract",2019,"food_rnk",87.2969
"51810046211","tract",2019,"food_rnk",93.8798
"51810046212","tract",2019,"food_rnk",96.4794
"51810046213","tract",2019,"food_rnk",36.7849
"51810046214","tract",2019,"food_rnk",59.8059
"51810046216","tract",2019,"food_rnk",84.9244
"51810046217","tract",2019,"food_rnk",97.4484
"51810046219","tract",2019,"food_rnk",75.9803
"51810046220","tract",2019,"food_rnk",61.854
"51810046221","tract",2019,"food_rnk",32.9426
"51810046222","tract",2019,"food_rnk",80.3346
"51810046223","tract",2019,"food_rnk",80.8635
"51810046224","tract",2019,"food_rnk",59.1613
"51810046225","tract",2019,"food_rnk",77.7195
"51810046400","tract",2019,"food_rnk",84.8116
"51810990100","tract",2019,"food_rnk",NA
"51820003100","tract",2019,"food_rnk",67.8938
"51820003200","tract",2019,"food_rnk",10.3729
"51820003300","tract",2019,"food_rnk",18.6569
"51820003400","tract",2019,"food_rnk",64.4338
"51820003500","tract",2019,"food_rnk",76.103
"51830370100","tract",2019,"food_rnk",97.4018
"51830370200","tract",2019,"food_rnk",26.9042
"51830370300","tract",2019,"food_rnk",NA
"51840000100","tract",2019,"food_rnk",35.2009
"51840000201","tract",2019,"food_rnk",64.1545
"51840000202","tract",2019,"food_rnk",99.7249
"51840000301","tract",2019,"food_rnk",39.0389
"51840000302","tract",2019,"food_rnk",48.7249
"51001090100","tract",2019,"food_state_rnk",54.2396
"51001090200","tract",2019,"food_state_rnk",40.9737
"51001090300","tract",2019,"food_state_rnk",12.5821
"51001090400","tract",2019,"food_state_rnk",14.1958
"51001090500","tract",2019,"food_state_rnk",15.2079
"51001090600","tract",2019,"food_state_rnk",31.1269
"51001090700","tract",2019,"food_state_rnk",31.0722
"51001090800","tract",2019,"food_state_rnk",22.3742
"51001980100","tract",2019,"food_state_rnk",NA
"51001980200","tract",2019,"food_state_rnk",NA
"51001990100","tract",2019,"food_state_rnk",NA
"51001990200","tract",2019,"food_state_rnk",NA
"51003010100","tract",2019,"food_state_rnk",86.7068
"51003010201","tract",2019,"food_state_rnk",91.0011
"51003010202","tract",2019,"food_state_rnk",95.0766
"51003010300","tract",2019,"food_state_rnk",67.3414
"51003010401","tract",2019,"food_state_rnk",68.2713
"51003010402","tract",2019,"food_state_rnk",82.3304
"51003010500","tract",2019,"food_state_rnk",83.3698
"51003010601","tract",2019,"food_state_rnk",26.0941
"51003010602","tract",2019,"food_state_rnk",75.5197
"51003010700","tract",2019,"food_state_rnk",29.3217
"51003010800","tract",2019,"food_state_rnk",51.5317
"51003010901","tract",2019,"food_state_rnk",NA
"51003010902","tract",2019,"food_state_rnk",NA
"51003010903","tract",2019,"food_state_rnk",NA
"51003011000","tract",2019,"food_state_rnk",81.7834
"51003011100","tract",2019,"food_state_rnk",91.6575
"51003011201","tract",2019,"food_state_rnk",97.3195
"51003011202","tract",2019,"food_state_rnk",57.1116
"51003011301","tract",2019,"food_state_rnk",77.5711
"51003011302","tract",2019,"food_state_rnk",26.5864
"51003011303","tract",2019,"food_state_rnk",72.8118
"51003011400","tract",2019,"food_state_rnk",33.1783
"51005070100","tract",2019,"food_state_rnk",4.6499
"51005080100","tract",2019,"food_state_rnk",35.5306
"51005080201","tract",2019,"food_state_rnk",26.5317
"51005080202","tract",2019,"food_state_rnk",15.372
"51005080301","tract",2019,"food_state_rnk",23.4683
"51005080302","tract",2019,"food_state_rnk",69.2287
"51007930100","tract",2019,"food_state_rnk",46.3621
"51007930200","tract",2019,"food_state_rnk",44.0372
"51009010100","tract",2019,"food_state_rnk",40.7823
"51009010200","tract",2019,"food_state_rnk",68.1072
"51009010300","tract",2019,"food_state_rnk",50.4376
"51009010401","tract",2019,"food_state_rnk",30.3063
"51009010402","tract",2019,"food_state_rnk",77.3796
"51009010502","tract",2019,"food_state_rnk",25.4923
"51009010503","tract",2019,"food_state_rnk",8.9716
"51009010504","tract",2019,"food_state_rnk",36.1871
"51009010600","tract",2019,"food_state_rnk",8.698
"51011040100","tract",2019,"food_state_rnk",16.9037
"51011040200","tract",2019,"food_state_rnk",63.9497
"51011040300","tract",2019,"food_state_rnk",34.7374
"51013100100","tract",2019,"food_state_rnk",93.5449
"51013100200","tract",2019,"food_state_rnk",98.7418
"51013100300","tract",2019,"food_state_rnk",99.0153
"51013100400","tract",2019,"food_state_rnk",91.4661
"51013100500","tract",2019,"food_state_rnk",93.4628
"51013100600","tract",2019,"food_state_rnk",60.5033
"51013100700","tract",2019,"food_state_rnk",89.2505
"51013100800","tract",2019,"food_state_rnk",46.0066
"51013100900","tract",2019,"food_state_rnk",87.5
"51013101000","tract",2019,"food_state_rnk",80.9628
"51013101100","tract",2019,"food_state_rnk",83.7254
"51013101200","tract",2019,"food_state_rnk",39.3873
"51013101300","tract",2019,"food_state_rnk",98.9333
"51013101401","tract",2019,"food_state_rnk",70.9519
"51013101402","tract",2019,"food_state_rnk",84.081
"51013101403","tract",2019,"food_state_rnk",92.5328
"51013101404","tract",2019,"food_state_rnk",90.7002
"51013101500","tract",2019,"food_state_rnk",85.7768
"51013101601","tract",2019,"food_state_rnk",40.3173
"51013101602","tract",2019,"food_state_rnk",68.5449
"51013101603","tract",2019,"food_state_rnk",44.4475
"51013101701","tract",2019,"food_state_rnk",39.0591
"51013101702","tract",2019,"food_state_rnk",59.5186
"51013101703","tract",2019,"food_state_rnk",53.5284
"51013101801","tract",2019,"food_state_rnk",81.2637
"51013101802","tract",2019,"food_state_rnk",97.4836
"51013101803","tract",2019,"food_state_rnk",72.046
"51013101900","tract",2019,"food_state_rnk",83.5886
"51013102001","tract",2019,"food_state_rnk",72.3195
"51013102002","tract",2019,"food_state_rnk",66.4661
"51013102003","tract",2019,"food_state_rnk",28.0088
"51013102100","tract",2019,"food_state_rnk",53.2276
"51013102200","tract",2019,"food_state_rnk",16.3567
"51013102301","tract",2019,"food_state_rnk",70.0492
"51013102302","tract",2019,"food_state_rnk",47.8939
"51013102400","tract",2019,"food_state_rnk",39.4967
"51013102500","tract",2019,"food_state_rnk",67.779
"51013102600","tract",2019,"food_state_rnk",75.0821
"51013102701","tract",2019,"food_state_rnk",41.2746
"51013102702","tract",2019,"food_state_rnk",49.8085
"51013102801","tract",2019,"food_state_rnk",80.2516
"51013102802","tract",2019,"food_state_rnk",88.8676
"51013102901","tract",2019,"food_state_rnk",41.9037
"51013102902","tract",2019,"food_state_rnk",79.7046
"51013103000","tract",2019,"food_state_rnk",86.57
"51013103100","tract",2019,"food_state_rnk",47.8939
"51013103200","tract",2019,"food_state_rnk",85.1204
"51013103300","tract",2019,"food_state_rnk",30.4431
"51013103401","tract",2019,"food_state_rnk",NA
"51013103402","tract",2019,"food_state_rnk",64.1685
"51013103501","tract",2019,"food_state_rnk",85.3118
"51013103502","tract",2019,"food_state_rnk",61.1871
"51013103503","tract",2019,"food_state_rnk",89.8249
"51013103601","tract",2019,"food_state_rnk",63.0197
"51013103602","tract",2019,"food_state_rnk",77.4891
"51013103700","tract",2019,"food_state_rnk",85.6947
"51013103800","tract",2019,"food_state_rnk",58.698
"51013980100","tract",2019,"food_state_rnk",NA
"51013980200","tract",2019,"food_state_rnk",NA
"51015070100","tract",2019,"food_state_rnk",NA
"51015070200","tract",2019,"food_state_rnk",73.7965
"51015070300","tract",2019,"food_state_rnk",90.1805
"51015070400","tract",2019,"food_state_rnk",38.43
"51015070500","tract",2019,"food_state_rnk",36.3239
"51015070600","tract",2019,"food_state_rnk",43.5996
"51015070700","tract",2019,"food_state_rnk",37.7735
"51015070800","tract",2019,"food_state_rnk",71.7177
"51015070900","tract",2019,"food_state_rnk",33.5886
"51015071000","tract",2019,"food_state_rnk",70.8972
"51015071101","tract",2019,"food_state_rnk",25.4103
"51015071102","tract",2019,"food_state_rnk",61.3786
"51015071200","tract",2019,"food_state_rnk",49.3435
"51017920100","tract",2019,"food_state_rnk",35.1751
"51019030101","tract",2019,"food_state_rnk",75.5197
"51019030103","tract",2019,"food_state_rnk",63.1565
"51019030104","tract",2019,"food_state_rnk",81.0449
"51019030201","tract",2019,"food_state_rnk",93.8731
"51019030202","tract",2019,"food_state_rnk",43.9825
"51019030300","tract",2019,"food_state_rnk",56.3457
"51019030401","tract",2019,"food_state_rnk",69.6937
"51019030402","tract",2019,"food_state_rnk",44.8578
"51019030501","tract",2019,"food_state_rnk",53.5284
"51019030503","tract",2019,"food_state_rnk",66.849
"51019030504","tract",2019,"food_state_rnk",21.3348
"51019030601","tract",2019,"food_state_rnk",43.4354
"51019030602","tract",2019,"food_state_rnk",38.1291
"51019030603","tract",2019,"food_state_rnk",52.2702
"51019030604","tract",2019,"food_state_rnk",45.8972
"51019030605","tract",2019,"food_state_rnk",49.9453
"51019050100","tract",2019,"food_state_rnk",8.2604
"51021040100","tract",2019,"food_state_rnk",28.9934
"51021040200","tract",2019,"food_state_rnk",33.0416
"51023040100","tract",2019,"food_state_rnk",48.988
"51023040200","tract",2019,"food_state_rnk",53.7473
"51023040301","tract",2019,"food_state_rnk",46.7451
"51023040302","tract",2019,"food_state_rnk",98.1947
"51023040401","tract",2019,"food_state_rnk",50.8753
"51023040402","tract",2019,"food_state_rnk",54.5952
"51023040501","tract",2019,"food_state_rnk",94.1466
"51023040502","tract",2019,"food_state_rnk",29.4311
"51025930100","tract",2019,"food_state_rnk",8.5339
"51025930201","tract",2019,"food_state_rnk",9.2998
"51025930202","tract",2019,"food_state_rnk",NA
"51025930203","tract",2019,"food_state_rnk",3.6652
"51025930300","tract",2019,"food_state_rnk",24.7812
"51027010100","tract",2019,"food_state_rnk",8.0416
"51027010200","tract",2019,"food_state_rnk",9.628
"51027010300","tract",2019,"food_state_rnk",14.1958
"51027010400","tract",2019,"food_state_rnk",11.3239
"51027010500","tract",2019,"food_state_rnk",9.9562
"51027010600","tract",2019,"food_state_rnk",10.4486
"51027010700","tract",2019,"food_state_rnk",6.8381
"51029930101","tract",2019,"food_state_rnk",27.4617
"51029930102","tract",2019,"food_state_rnk",23.2768
"51029930201","tract",2019,"food_state_rnk",NA
"51029930202","tract",2019,"food_state_rnk",18.9278
"51031020101","tract",2019,"food_state_rnk",49.3982
"51031020102","tract",2019,"food_state_rnk",34.1904
"51031020200","tract",2019,"food_state_rnk",41.1379
"51031020300","tract",2019,"food_state_rnk",92.1225
"51031020401","tract",2019,"food_state_rnk",58.8621
"51031020402","tract",2019,"food_state_rnk",70.733
"51031020403","tract",2019,"food_state_rnk",62.9103
"51031020500","tract",2019,"food_state_rnk",38.895
"51031020600","tract",2019,"food_state_rnk",52.5711
"51031020700","tract",2019,"food_state_rnk",5.7987
"51031020800","tract",2019,"food_state_rnk",15.6729
"51031020900","tract",2019,"food_state_rnk",9.1357
"51033030100","tract",2019,"food_state_rnk",NA
"51033030201","tract",2019,"food_state_rnk",28.6652
"51033030202","tract",2019,"food_state_rnk",16.849
"51033030300","tract",2019,"food_state_rnk",37.0897
"51033030400","tract",2019,"food_state_rnk",15.4267
"51033030500","tract",2019,"food_state_rnk",75.7112
"51033030600","tract",2019,"food_state_rnk",7.6039
"51035080100","tract",2019,"food_state_rnk",28.7199
"51035080200","tract",2019,"food_state_rnk",35.0656
"51035080300","tract",2019,"food_state_rnk",15.0438
"51035080400","tract",2019,"food_state_rnk",57.221
"51035080500","tract",2019,"food_state_rnk",66.0011
"51035080601","tract",2019,"food_state_rnk",34.2724
"51035080602","tract",2019,"food_state_rnk",19.2013
"51036600100","tract",2019,"food_state_rnk",37.6915
"51036600200","tract",2019,"food_state_rnk",35.6674
"51036600300","tract",2019,"food_state_rnk",26.8053
"51037930100","tract",2019,"food_state_rnk",10.3939
"51037930200","tract",2019,"food_state_rnk",11.9803
"51037930300","tract",2019,"food_state_rnk",18.2713
"51041100106","tract",2019,"food_state_rnk",54.3764
"51041100107","tract",2019,"food_state_rnk",16.7943
"51041100205","tract",2019,"food_state_rnk",32.8228
"51041100206","tract",2019,"food_state_rnk",40.919
"51041100208","tract",2019,"food_state_rnk",96.1433
"51041100209","tract",2019,"food_state_rnk",54.1028
"51041100210","tract",2019,"food_state_rnk",19.0919
"51041100300","tract",2019,"food_state_rnk",4.9781
"51041100403","tract",2019,"food_state_rnk",67.2319
"51041100404","tract",2019,"food_state_rnk",7.0842
"51041100405","tract",2019,"food_state_rnk",5.9628
"51041100406","tract",2019,"food_state_rnk",0.8206
"51041100407","tract",2019,"food_state_rnk",14.2779
"51041100409","tract",2019,"food_state_rnk",69.9398
"51041100410","tract",2019,"food_state_rnk",50.6018
"51041100505","tract",2019,"food_state_rnk",57.6039
"51041100506","tract",2019,"food_state_rnk",10.9956
"51041100507","tract",2019,"food_state_rnk",55.2516
"51041100508","tract",2019,"food_state_rnk",14.8249
"51041100509","tract",2019,"food_state_rnk",85.0383
"51041100510","tract",2019,"food_state_rnk",46.5536
"51041100600","tract",2019,"food_state_rnk",NA
"51041100701","tract",2019,"food_state_rnk",8.3151
"51041100702","tract",2019,"food_state_rnk",20.9519
"51041100703","tract",2019,"food_state_rnk",60.3939
"51041100804","tract",2019,"food_state_rnk",35.0109
"51041100805","tract",2019,"food_state_rnk",57.2757
"51041100806","tract",2019,"food_state_rnk",18.4902
"51041100807","tract",2019,"food_state_rnk",54.8687
"51041100812","tract",2019,"food_state_rnk",55.7987
"51041100814","tract",2019,"food_state_rnk",29.9781
"51041100815","tract",2019,"food_state_rnk",77.2976
"51041100816","tract",2019,"food_state_rnk",42.4781
"51041100817","tract",2019,"food_state_rnk",16.4114
"51041100818","tract",2019,"food_state_rnk",49.6444
"51041100819","tract",2019,"food_state_rnk",37.2538
"51041100820","tract",2019,"food_state_rnk",61.57
"51041100821","tract",2019,"food_state_rnk",82.0569
"51041100822","tract",2019,"food_state_rnk",76.4497
"51041100823","tract",2019,"food_state_rnk",39.3873
"51041100902","tract",2019,"food_state_rnk",89.0591
"51041100907","tract",2019,"food_state_rnk",34.6827
"51041100910","tract",2019,"food_state_rnk",57.4945
"51041100912","tract",2019,"food_state_rnk",96.9639
"51041100915","tract",2019,"food_state_rnk",47.2648
"51041100919","tract",2019,"food_state_rnk",51.5864
"51041100920","tract",2019,"food_state_rnk",40.2626
"51041100921","tract",2019,"food_state_rnk",62.4453
"51041100922","tract",2019,"food_state_rnk",42.2319
"51041100923","tract",2019,"food_state_rnk",73.14
"51041100924","tract",2019,"food_state_rnk",74.6444
"51041100926","tract",2019,"food_state_rnk",99.5624
"51041100927","tract",2019,"food_state_rnk",97.8118
"51041100928","tract",2019,"food_state_rnk",74.8359
"51041100929","tract",2019,"food_state_rnk",60.9136
"51041100930","tract",2019,"food_state_rnk",89.7702
"51041100931","tract",2019,"food_state_rnk",95.9519
"51041100932","tract",2019,"food_state_rnk",91.0832
"51041100933","tract",2019,"food_state_rnk",54.1575
"51041100934","tract",2019,"food_state_rnk",34.4639
"51041100935","tract",2019,"food_state_rnk",90.4814
"51041100936","tract",2019,"food_state_rnk",69.3381
"51041101003","tract",2019,"food_state_rnk",84.6554
"51041101004","tract",2019,"food_state_rnk",61.57
"51041101007","tract",2019,"food_state_rnk",73.9059
"51041101008","tract",2019,"food_state_rnk",96.0613
"51041101009","tract",2019,"food_state_rnk",59.2177
"51041101010","tract",2019,"food_state_rnk",92.1772
"51041101011","tract",2019,"food_state_rnk",54.5952
"51041101012","tract",2019,"food_state_rnk",88.0744
"51041101013","tract",2019,"food_state_rnk",65.8643
"51043010100","tract",2019,"food_state_rnk",58.9716
"51043010200","tract",2019,"food_state_rnk",70.4595
"51043010300","tract",2019,"food_state_rnk",59.2177
"51045050100","tract",2019,"food_state_rnk",24.5077
"51047930101","tract",2019,"food_state_rnk",61.8982
"51047930102","tract",2019,"food_state_rnk",56.209
"51047930201","tract",2019,"food_state_rnk",65.6182
"51047930202","tract",2019,"food_state_rnk",61.1871
"51047930300","tract",2019,"food_state_rnk",20.6236
"51047930400","tract",2019,"food_state_rnk",39.8796
"51047930501","tract",2019,"food_state_rnk",55.9902
"51047930502","tract",2019,"food_state_rnk",31.674
"51049930100","tract",2019,"food_state_rnk",22.2648
"51049930200","tract",2019,"food_state_rnk",14.9344
"51051040100","tract",2019,"food_state_rnk",17.9705
"51051040200","tract",2019,"food_state_rnk",27.0788
"51051040300","tract",2019,"food_state_rnk",17.4508
"51051040400","tract",2019,"food_state_rnk",4.8687
"51053840100","tract",2019,"food_state_rnk",46.1707
"51053840200","tract",2019,"food_state_rnk",25.2462
"51053840300","tract",2019,"food_state_rnk",31.291
"51053840400","tract",2019,"food_state_rnk",NA
"51053840500","tract",2019,"food_state_rnk",11.488
"51053840600","tract",2019,"food_state_rnk",69.6389
"51053980100","tract",2019,"food_state_rnk",NA
"51057950600","tract",2019,"food_state_rnk",23.5777
"51057950700","tract",2019,"food_state_rnk",15.2626
"51057950800","tract",2019,"food_state_rnk",21.3895
"51059415100","tract",2019,"food_state_rnk",68.6816
"51059415200","tract",2019,"food_state_rnk",44.2834
"51059415300","tract",2019,"food_state_rnk",65.7549
"51059415401","tract",2019,"food_state_rnk",22.3195
"51059415402","tract",2019,"food_state_rnk",90.8917
"51059415500","tract",2019,"food_state_rnk",16.4661
"51059415600","tract",2019,"food_state_rnk",92.0678
"51059415700","tract",2019,"food_state_rnk",92.5328
"51059415800","tract",2019,"food_state_rnk",78.7746
"51059415900","tract",2019,"food_state_rnk",92.6149
"51059416000","tract",2019,"food_state_rnk",54.3217
"51059416100","tract",2019,"food_state_rnk",84.2724
"51059416200","tract",2019,"food_state_rnk",80.1149
"51059416300","tract",2019,"food_state_rnk",76.7505
"51059420100","tract",2019,"food_state_rnk",55.6346
"51059420201","tract",2019,"food_state_rnk",71.9912
"51059420202","tract",2019,"food_state_rnk",84.9015
"51059420203","tract",2019,"food_state_rnk",84.081
"51059420300","tract",2019,"food_state_rnk",66.7396
"51059420400","tract",2019,"food_state_rnk",68.8184
"51059420501","tract",2019,"food_state_rnk",14.1138
"51059420502","tract",2019,"food_state_rnk",76.3676
"51059420503","tract",2019,"food_state_rnk",53.6105
"51059420600","tract",2019,"food_state_rnk",21.4989
"51059420700","tract",2019,"food_state_rnk",39.8796
"51059420800","tract",2019,"food_state_rnk",48.0306
"51059421001","tract",2019,"food_state_rnk",87.9103
"51059421002","tract",2019,"food_state_rnk",50.93
"51059421101","tract",2019,"food_state_rnk",85.8862
"51059421102","tract",2019,"food_state_rnk",70.2133
"51059421103","tract",2019,"food_state_rnk",95.3775
"51059421200","tract",2019,"food_state_rnk",92.9705
"51059421300","tract",2019,"food_state_rnk",82.6586
"51059421400","tract",2019,"food_state_rnk",32.1116
"51059421500","tract",2019,"food_state_rnk",17.2046
"51059421600","tract",2019,"food_state_rnk",26.0394
"51059421701","tract",2019,"food_state_rnk",24.5624
"51059421702","tract",2019,"food_state_rnk",52.2702
"51059421800","tract",2019,"food_state_rnk",38.0197
"51059421900","tract",2019,"food_state_rnk",68.9825
"51059422000","tract",2019,"food_state_rnk",74.5077
"51059422101","tract",2019,"food_state_rnk",65.3446
"51059422102","tract",2019,"food_state_rnk",41.3567
"51059422201","tract",2019,"food_state_rnk",88.43
"51059422202","tract",2019,"food_state_rnk",43.5449
"51059422301","tract",2019,"food_state_rnk",81.4551
"51059422302","tract",2019,"food_state_rnk",71.3621
"51059422401","tract",2019,"food_state_rnk",53.2823
"51059422402","tract",2019,"food_state_rnk",83.2604
"51059422403","tract",2019,"food_state_rnk",71.0613
"51059430101","tract",2019,"food_state_rnk",81.1269
"51059430102","tract",2019,"food_state_rnk",72.6477
"51059430201","tract",2019,"food_state_rnk",87.3906
"51059430202","tract",2019,"food_state_rnk",88.8676
"51059430203","tract",2019,"food_state_rnk",64.442
"51059430400","tract",2019,"food_state_rnk",75.9573
"51059430500","tract",2019,"food_state_rnk",58.5886
"51059430600","tract",2019,"food_state_rnk",25.1094
"51059430700","tract",2019,"food_state_rnk",69.5569
"51059430801","tract",2019,"food_state_rnk",74.7265
"51059430802","tract",2019,"food_state_rnk",73.6597
"51059430901","tract",2019,"food_state_rnk",48.7691
"51059430902","tract",2019,"food_state_rnk",58.0963
"51059431001","tract",2019,"food_state_rnk",57.7681
"51059431002","tract",2019,"food_state_rnk",79.267
"51059431300","tract",2019,"food_state_rnk",71.116
"51059431400","tract",2019,"food_state_rnk",85.1751
"51059431500","tract",2019,"food_state_rnk",90.3446
"51059431600","tract",2019,"food_state_rnk",78.4464
"51059431801","tract",2019,"food_state_rnk",81.7287
"51059431802","tract",2019,"food_state_rnk",65.0164
"51059431900","tract",2019,"food_state_rnk",77.7352
"51059432000","tract",2019,"food_state_rnk",62.7462
"51059432100","tract",2019,"food_state_rnk",93.791
"51059432201","tract",2019,"food_state_rnk",85.0383
"51059432202","tract",2019,"food_state_rnk",84.081
"51059432300","tract",2019,"food_state_rnk",94.0919
"51059432401","tract",2019,"food_state_rnk",77.6805
"51059432402","tract",2019,"food_state_rnk",87.3085
"51059432500","tract",2019,"food_state_rnk",98.9333
"51059432600","tract",2019,"food_state_rnk",85.5033
"51059432701","tract",2019,"food_state_rnk",83.9716
"51059432702","tract",2019,"food_state_rnk",36.5153
"51059432800","tract",2019,"food_state_rnk",26.4497
"51059440100","tract",2019,"food_state_rnk",76.6685
"51059440201","tract",2019,"food_state_rnk",37.8556
"51059440202","tract",2019,"food_state_rnk",73.4683
"51059440300","tract",2019,"food_state_rnk",90.8917
"51059440501","tract",2019,"food_state_rnk",86.023
"51059440502","tract",2019,"food_state_rnk",NA
"51059440600","tract",2019,"food_state_rnk",59.8468
"51059440701","tract",2019,"food_state_rnk",83.4519
"51059440702","tract",2019,"food_state_rnk",96.1433
"51059440800","tract",2019,"food_state_rnk",96.4989
"51059450100","tract",2019,"food_state_rnk",50.2188
"51059450200","tract",2019,"food_state_rnk",26.9147
"51059450300","tract",2019,"food_state_rnk",57.0295
"51059450400","tract",2019,"food_state_rnk",66.9311
"51059450500","tract",2019,"food_state_rnk",64.1685
"51059450601","tract",2019,"food_state_rnk",81.6193
"51059450602","tract",2019,"food_state_rnk",49.6444
"51059450701","tract",2019,"food_state_rnk",72.9212
"51059450702","tract",2019,"food_state_rnk",8.4792
"51059450800","tract",2019,"food_state_rnk",79.5952
"51059450900","tract",2019,"food_state_rnk",89.4694
"51059451000","tract",2019,"food_state_rnk",61.9803
"51059451100","tract",2019,"food_state_rnk",73.5777
"51059451200","tract",2019,"food_state_rnk",88.6214
"51059451300","tract",2019,"food_state_rnk",83.0963
"51059451400","tract",2019,"food_state_rnk",20.5689
"51059451501","tract",2019,"food_state_rnk",24.453
"51059451502","tract",2019,"food_state_rnk",38.1838
"51059451601","tract",2019,"food_state_rnk",16.1926
"51059451602","tract",2019,"food_state_rnk",67.0952
"51059451800","tract",2019,"food_state_rnk",32.4398
"51059451900","tract",2019,"food_state_rnk",85.2298
"51059452000","tract",2019,"food_state_rnk",42.779
"51059452101","tract",2019,"food_state_rnk",34.2724
"51059452102","tract",2019,"food_state_rnk",40.4814
"51059452200","tract",2019,"food_state_rnk",25.4103
"51059452301","tract",2019,"food_state_rnk",19.3928
"51059452302","tract",2019,"food_state_rnk",34.0263
"51059452400","tract",2019,"food_state_rnk",35.3392
"51059452501","tract",2019,"food_state_rnk",85.6127
"51059452502","tract",2019,"food_state_rnk",33.5066
"51059452600","tract",2019,"food_state_rnk",40.4267
"51059452700","tract",2019,"food_state_rnk",28.9114
"51059452801","tract",2019,"food_state_rnk",44.4475
"51059452802","tract",2019,"food_state_rnk",67.0131
"51059460100","tract",2019,"food_state_rnk",98.5503
"51059460200","tract",2019,"food_state_rnk",98.6871
"51059460300","tract",2019,"food_state_rnk",91.7396
"51059460400","tract",2019,"food_state_rnk",79.9508
"51059460501","tract",2019,"food_state_rnk",93.5996
"51059460502","tract",2019,"food_state_rnk",89.2505
"51059460600","tract",2019,"food_state_rnk",80.6072
"51059460701","tract",2019,"food_state_rnk",43.0799
"51059460702","tract",2019,"food_state_rnk",95.4869
"51059460800","tract",2019,"food_state_rnk",80.3337
"51059460900","tract",2019,"food_state_rnk",81.2637
"51059461000","tract",2019,"food_state_rnk",89.6608
"51059461100","tract",2019,"food_state_rnk",59.0263
"51059461201","tract",2019,"food_state_rnk",98.7965
"51059461202","tract",2019,"food_state_rnk",86.57
"51059461500","tract",2019,"food_state_rnk",87.2538
"51059461601","tract",2019,"food_state_rnk",63.6761
"51059461602","tract",2019,"food_state_rnk",56.7013
"51059461700","tract",2019,"food_state_rnk",51.8326
"51059461801","tract",2019,"food_state_rnk",36.5153
"51059461802","tract",2019,"food_state_rnk",90.6182
"51059461901","tract",2019,"food_state_rnk",46.9639
"51059461902","tract",2019,"food_state_rnk",14.4147
"51059470100","tract",2019,"food_state_rnk",98.4683
"51059470300","tract",2019,"food_state_rnk",92.6696
"51059470400","tract",2019,"food_state_rnk",94.4748
"51059470500","tract",2019,"food_state_rnk",91.5755
"51059470600","tract",2019,"food_state_rnk",90.6182
"51059470700","tract",2019,"food_state_rnk",85.8862
"51059470800","tract",2019,"food_state_rnk",75.7112
"51059470900","tract",2019,"food_state_rnk",99.5077
"51059471000","tract",2019,"food_state_rnk",84.2724
"51059471100","tract",2019,"food_state_rnk",85.4212
"51059471201","tract",2019,"food_state_rnk",91.9584
"51059471202","tract",2019,"food_state_rnk",86.2965
"51059471301","tract",2019,"food_state_rnk",55.3337
"51059471303","tract",2019,"food_state_rnk",57.5492
"51059471304","tract",2019,"food_state_rnk",83.2057
"51059471401","tract",2019,"food_state_rnk",70.3501
"51059471402","tract",2019,"food_state_rnk",32.7681
"51059480100","tract",2019,"food_state_rnk",79.4858
"51059480201","tract",2019,"food_state_rnk",93.9825
"51059480202","tract",2019,"food_state_rnk",68.326
"51059480203","tract",2019,"food_state_rnk",89.3326
"51059480300","tract",2019,"food_state_rnk",86.7615
"51059480401","tract",2019,"food_state_rnk",96.2801
"51059480402","tract",2019,"food_state_rnk",99.2341
"51059480501","tract",2019,"food_state_rnk",86.3786
"51059480502","tract",2019,"food_state_rnk",73.8512
"51059480503","tract",2019,"food_state_rnk",92.2319
"51059480504","tract",2019,"food_state_rnk",83.3151
"51059480505","tract",2019,"food_state_rnk",65.0985
"51059480801","tract",2019,"food_state_rnk",50.547
"51059480802","tract",2019,"food_state_rnk",75.2188
"51059480901","tract",2019,"food_state_rnk",22.046
"51059480902","tract",2019,"food_state_rnk",46.8818
"51059480903","tract",2019,"food_state_rnk",86.953
"51059481000","tract",2019,"food_state_rnk",60.9956
"51059481101","tract",2019,"food_state_rnk",45.3501
"51059481102","tract",2019,"food_state_rnk",84.1904
"51059481103","tract",2019,"food_state_rnk",24.2615
"51059481104","tract",2019,"food_state_rnk",73.7418
"51059481105","tract",2019,"food_state_rnk",87.1991
"51059481106","tract",2019,"food_state_rnk",94.8578
"51059481201","tract",2019,"food_state_rnk",81.1816
"51059481202","tract",2019,"food_state_rnk",32.6586
"51059481400","tract",2019,"food_state_rnk",88.1838
"51059481500","tract",2019,"food_state_rnk",78.3643
"51059481600","tract",2019,"food_state_rnk",95.4869
"51059481701","tract",2019,"food_state_rnk",97.1007
"51059481702","tract",2019,"food_state_rnk",88.3479
"51059481900","tract",2019,"food_state_rnk",53.7473
"51059482001","tract",2019,"food_state_rnk",88.8676
"51059482002","tract",2019,"food_state_rnk",87.8009
"51059482100","tract",2019,"food_state_rnk",64.7155
"51059482201","tract",2019,"food_state_rnk",18.1619
"51059482202","tract",2019,"food_state_rnk",66.4114
"51059482203","tract",2019,"food_state_rnk",79.814
"51059482301","tract",2019,"food_state_rnk",88.2385
"51059482302","tract",2019,"food_state_rnk",23.0306
"51059482303","tract",2019,"food_state_rnk",97.8665
"51059482400","tract",2019,"food_state_rnk",91.1926
"51059482501","tract",2019,"food_state_rnk",60.6674
"51059482502","tract",2019,"food_state_rnk",83.151
"51059482503","tract",2019,"food_state_rnk",89.3873
"51059482504","tract",2019,"food_state_rnk",90.0438
"51059482601","tract",2019,"food_state_rnk",83.0416
"51059482602","tract",2019,"food_state_rnk",89.5514
"51059490101","tract",2019,"food_state_rnk",66.3567
"51059490103","tract",2019,"food_state_rnk",38.2659
"51059490501","tract",2019,"food_state_rnk",45.7604
"51059490502","tract",2019,"food_state_rnk",98.14
"51059491000","tract",2019,"food_state_rnk",86.023
"51059491101","tract",2019,"food_state_rnk",92.4234
"51059491102","tract",2019,"food_state_rnk",62.1171
"51059491103","tract",2019,"food_state_rnk",28.8293
"51059491201","tract",2019,"food_state_rnk",58.5339
"51059491202","tract",2019,"food_state_rnk",39.2779
"51059491301","tract",2019,"food_state_rnk",64.2779
"51059491302","tract",2019,"food_state_rnk",45.5689
"51059491303","tract",2019,"food_state_rnk",37.5274
"51059491401","tract",2019,"food_state_rnk",56.1269
"51059491402","tract",2019,"food_state_rnk",35.8042
"51059491403","tract",2019,"food_state_rnk",91.7943
"51059491404","tract",2019,"food_state_rnk",80.3337
"51059491405","tract",2019,"food_state_rnk",88.7309
"51059491501","tract",2019,"food_state_rnk",92.7516
"51059491502","tract",2019,"food_state_rnk",95.2681
"51059491601","tract",2019,"food_state_rnk",55.3337
"51059491602","tract",2019,"food_state_rnk",60.1204
"51059491701","tract",2019,"food_state_rnk",82.1937
"51059491702","tract",2019,"food_state_rnk",68.6816
"51059491703","tract",2019,"food_state_rnk",55.7987
"51059491704","tract",2019,"food_state_rnk",93.1619
"51059491705","tract",2019,"food_state_rnk",66.9311
"51059491801","tract",2019,"food_state_rnk",81.4004
"51059491802","tract",2019,"food_state_rnk",71.8545
"51059491803","tract",2019,"food_state_rnk",64.9344
"51059492000","tract",2019,"food_state_rnk",96.9639
"51059492100","tract",2019,"food_state_rnk",91.8764
"51059492201","tract",2019,"food_state_rnk",98.5503
"51059492202","tract",2019,"food_state_rnk",88.512
"51059492203","tract",2019,"food_state_rnk",80.6072
"51059492300","tract",2019,"food_state_rnk",69.4475
"51059492400","tract",2019,"food_state_rnk",56.291
"51059492500","tract",2019,"food_state_rnk",93.3807
"51059980100","tract",2019,"food_state_rnk",NA
"51059980200","tract",2019,"food_state_rnk",NA
"51059980300","tract",2019,"food_state_rnk",NA
"51061930100","tract",2019,"food_state_rnk",94.8031
"51061930203","tract",2019,"food_state_rnk",32.0569
"51061930204","tract",2019,"food_state_rnk",80.1149
"51061930205","tract",2019,"food_state_rnk",77.8446
"51061930206","tract",2019,"food_state_rnk",69.9398
"51061930207","tract",2019,"food_state_rnk",71.4716
"51061930302","tract",2019,"food_state_rnk",51.9147
"51061930303","tract",2019,"food_state_rnk",62.2538
"51061930304","tract",2019,"food_state_rnk",88.0744
"51061930401","tract",2019,"food_state_rnk",85.6947
"51061930402","tract",2019,"food_state_rnk",96.4442
"51061930403","tract",2019,"food_state_rnk",76.2309
"51061930703","tract",2019,"food_state_rnk",71.0066
"51061930704","tract",2019,"food_state_rnk",69.8578
"51061930705","tract",2019,"food_state_rnk",50.8206
"51061930706","tract",2019,"food_state_rnk",58.6433
"51061930707","tract",2019,"food_state_rnk",40.7823
"51063920101","tract",2019,"food_state_rnk",30.1969
"51063920102","tract",2019,"food_state_rnk",52.4344
"51063920200","tract",2019,"food_state_rnk",51.1488
"51065020101","tract",2019,"food_state_rnk",55.5525
"51065020102","tract",2019,"food_state_rnk",69.0919
"51065020200","tract",2019,"food_state_rnk",66.2746
"51065020300","tract",2019,"food_state_rnk",60.1204
"51067020101","tract",2019,"food_state_rnk",83.8621
"51067020102","tract",2019,"food_state_rnk",41.4934
"51067020200","tract",2019,"food_state_rnk",32.0022
"51067020300","tract",2019,"food_state_rnk",50.6838
"51067020400","tract",2019,"food_state_rnk",16.6302
"51067020500","tract",2019,"food_state_rnk",58.0142
"51067020600","tract",2019,"food_state_rnk",28.2276
"51067020700","tract",2019,"food_state_rnk",36.9256
"51067020800","tract",2019,"food_state_rnk",28.3096
"51067020900","tract",2019,"food_state_rnk",23.2768
"51069050100","tract",2019,"food_state_rnk",73.0853
"51069050200","tract",2019,"food_state_rnk",71.2254
"51069050300","tract",2019,"food_state_rnk",77.954
"51069050400","tract",2019,"food_state_rnk",70.0492
"51069050500","tract",2019,"food_state_rnk",84.9015
"51069050600","tract",2019,"food_state_rnk",66.6028
"51069050700","tract",2019,"food_state_rnk",56.209
"51069050801","tract",2019,"food_state_rnk",54.7593
"51069050802","tract",2019,"food_state_rnk",77.2429
"51069050803","tract",2019,"food_state_rnk",65.1532
"51069050900","tract",2019,"food_state_rnk",48.14
"51069051000","tract",2019,"food_state_rnk",77.3796
"51069051101","tract",2019,"food_state_rnk",83.9168
"51069051102","tract",2019,"food_state_rnk",72.2101
"51071930100","tract",2019,"food_state_rnk",78.0908
"51071930200","tract",2019,"food_state_rnk",59.4639
"51071930300","tract",2019,"food_state_rnk",35.2298
"51071930400","tract",2019,"food_state_rnk",59.081
"51073100100","tract",2019,"food_state_rnk",73.6597
"51073100201","tract",2019,"food_state_rnk",33.3972
"51073100202","tract",2019,"food_state_rnk",51.9694
"51073100203","tract",2019,"food_state_rnk",60.7768
"51073100301","tract",2019,"food_state_rnk",49.8906
"51073100302","tract",2019,"food_state_rnk",59.6007
"51073100400","tract",2019,"food_state_rnk",45.0766
"51073100500","tract",2019,"food_state_rnk",36.0777
"51075400100","tract",2019,"food_state_rnk",76.1488
"51075400200","tract",2019,"food_state_rnk",68.9004
"51075400300","tract",2019,"food_state_rnk",NA
"51075400400","tract",2019,"food_state_rnk",53.0361
"51075400500","tract",2019,"food_state_rnk",51.8326
"51077060101","tract",2019,"food_state_rnk",13.7309
"51077060102","tract",2019,"food_state_rnk",35.2845
"51077060201","tract",2019,"food_state_rnk",8.151
"51077060202","tract",2019,"food_state_rnk",18.4081
"51077060300","tract",2019,"food_state_rnk",36.2691
"51079030101","tract",2019,"food_state_rnk",41.4934
"51079030102","tract",2019,"food_state_rnk",18.7637
"51079030200","tract",2019,"food_state_rnk",73.0033
"51081880101","tract",2019,"food_state_rnk",41.4114
"51081880102","tract",2019,"food_state_rnk",NA
"51081880200","tract",2019,"food_state_rnk",5.5252
"51083930100","tract",2019,"food_state_rnk",23.7144
"51083930201","tract",2019,"food_state_rnk",14.5514
"51083930202","tract",2019,"food_state_rnk",13.43
"51083930301","tract",2019,"food_state_rnk",61.8162
"51083930302","tract",2019,"food_state_rnk",76.4497
"51083930400","tract",2019,"food_state_rnk",48.3589
"51083930500","tract",2019,"food_state_rnk",48.988
"51083930600","tract",2019,"food_state_rnk",24.3982
"51083930800","tract",2019,"food_state_rnk",18.4081
"51085320100","tract",2019,"food_state_rnk",64.8249
"51085320200","tract",2019,"food_state_rnk",76.9967
"51085320300","tract",2019,"food_state_rnk",88.0744
"51085320400","tract",2019,"food_state_rnk",67.2867
"51085320500","tract",2019,"food_state_rnk",84.3545
"51085320601","tract",2019,"food_state_rnk",22.2101
"51085320602","tract",2019,"food_state_rnk",78.1729
"51085320701","tract",2019,"food_state_rnk",63.4847
"51085320702","tract",2019,"food_state_rnk",70.5689
"51085320801","tract",2019,"food_state_rnk",51.0941
"51085320803","tract",2019,"food_state_rnk",94.3381
"51085320804","tract",2019,"food_state_rnk",86.4333
"51085320805","tract",2019,"food_state_rnk",72.4562
"51085320900","tract",2019,"food_state_rnk",83.8074
"51085321001","tract",2019,"food_state_rnk",70.6783
"51085321002","tract",2019,"food_state_rnk",77.6258
"51085321100","tract",2019,"food_state_rnk",96.2254
"51085321201","tract",2019,"food_state_rnk",73.3042
"51085321202","tract",2019,"food_state_rnk",7.4398
"51085321300","tract",2019,"food_state_rnk",63.1565
"51085321401","tract",2019,"food_state_rnk",57.3304
"51085321402","tract",2019,"food_state_rnk",80.0328
"51085321403","tract",2019,"food_state_rnk",76.3129
"51087200104","tract",2019,"food_state_rnk",79.3217
"51087200105","tract",2019,"food_state_rnk",27.8173
"51087200106","tract",2019,"food_state_rnk",34.5733
"51087200107","tract",2019,"food_state_rnk",77.1608
"51087200108","tract",2019,"food_state_rnk",95.3775
"51087200109","tract",2019,"food_state_rnk",95.7057
"51087200112","tract",2019,"food_state_rnk",93.6543
"51087200116","tract",2019,"food_state_rnk",75.3282
"51087200119","tract",2019,"food_state_rnk",79.7046
"51087200120","tract",2019,"food_state_rnk",82.7681
"51087200121","tract",2019,"food_state_rnk",91.1379
"51087200122","tract",2019,"food_state_rnk",73.9606
"51087200123","tract",2019,"food_state_rnk",38.43
"51087200124","tract",2019,"food_state_rnk",99.1794
"51087200125","tract",2019,"food_state_rnk",43.8457
"51087200126","tract",2019,"food_state_rnk",49.0974
"51087200127","tract",2019,"food_state_rnk",97.3195
"51087200128","tract",2019,"food_state_rnk",96.8818
"51087200129","tract",2019,"food_state_rnk",100
"51087200130","tract",2019,"food_state_rnk",98.0853
"51087200201","tract",2019,"food_state_rnk",82.9595
"51087200202","tract",2019,"food_state_rnk",92.8337
"51087200301","tract",2019,"food_state_rnk",25.6565
"51087200302","tract",2019,"food_state_rnk",96.6083
"51087200303","tract",2019,"food_state_rnk",38.3479
"51087200305","tract",2019,"food_state_rnk",18.8184
"51087200404","tract",2019,"food_state_rnk",68.0525
"51087200406","tract",2019,"food_state_rnk",85.4212
"51087200407","tract",2019,"food_state_rnk",34.0263
"51087200409","tract",2019,"food_state_rnk",15.5361
"51087200410","tract",2019,"food_state_rnk",3.7199
"51087200411","tract",2019,"food_state_rnk",24.1247
"51087200412","tract",2019,"food_state_rnk",30.3611
"51087200413","tract",2019,"food_state_rnk",90.2626
"51087200414","tract",2019,"food_state_rnk",66.1652
"51087200501","tract",2019,"food_state_rnk",27.407
"51087200502","tract",2019,"food_state_rnk",76.0667
"51087200503","tract",2019,"food_state_rnk",38.8403
"51087200600","tract",2019,"food_state_rnk",91.302
"51087200700","tract",2019,"food_state_rnk",28.5558
"51087200801","tract",2019,"food_state_rnk",64.0317
"51087200802","tract",2019,"food_state_rnk",13.8676
"51087200804","tract",2019,"food_state_rnk",21.198
"51087200805","tract",2019,"food_state_rnk",1.9147
"51087200903","tract",2019,"food_state_rnk",40.5361
"51087200904","tract",2019,"food_state_rnk",46.4989
"51087200905","tract",2019,"food_state_rnk",39.3873
"51087200906","tract",2019,"food_state_rnk",50.3556
"51087201001","tract",2019,"food_state_rnk",91.6575
"51087201002","tract",2019,"food_state_rnk",16.1379
"51087201003","tract",2019,"food_state_rnk",8.8348
"51087201101","tract",2019,"food_state_rnk",32.5766
"51087201102","tract",2019,"food_state_rnk",30.6893
"51087201201","tract",2019,"food_state_rnk",23.4136
"51087201202","tract",2019,"food_state_rnk",3.5011
"51087201401","tract",2019,"food_state_rnk",10.7768
"51087201403","tract",2019,"food_state_rnk",18.6543
"51087201404","tract",2019,"food_state_rnk",39.1411
"51087201501","tract",2019,"food_state_rnk",24.3435
"51087201502","tract",2019,"food_state_rnk",67.0952
"51087201601","tract",2019,"food_state_rnk",56.8107
"51087201602","tract",2019,"food_state_rnk",97.9212
"51087201701","tract",2019,"food_state_rnk",53.4464
"51087980100","tract",2019,"food_state_rnk",NA
"51089010100","tract",2019,"food_state_rnk",33.698
"51089010200","tract",2019,"food_state_rnk",18.9825
"51089010300","tract",2019,"food_state_rnk",45.7604
"51089010400","tract",2019,"food_state_rnk",10.6674
"51089010500","tract",2019,"food_state_rnk",4.4584
"51089010601","tract",2019,"food_state_rnk",20.2954
"51089010602","tract",2019,"food_state_rnk",13.9497
"51089010700","tract",2019,"food_state_rnk",9.4092
"51089010800","tract",2019,"food_state_rnk",2.7352
"51089010900","tract",2019,"food_state_rnk",6.674
"51089011000","tract",2019,"food_state_rnk",10.0109
"51089011100","tract",2019,"food_state_rnk",16.0832
"51089011200","tract",2019,"food_state_rnk",12.5
"51089011300","tract",2019,"food_state_rnk",33.8621
"51091970100","tract",2019,"food_state_rnk",89.1685
"51093280101","tract",2019,"food_state_rnk",15.0985
"51093280103","tract",2019,"food_state_rnk",60.1204
"51093280104","tract",2019,"food_state_rnk",84.4092
"51093280105","tract",2019,"food_state_rnk",9.6827
"51093280106","tract",2019,"food_state_rnk",30.744
"51093280200","tract",2019,"food_state_rnk",54.0481
"51093280300","tract",2019,"food_state_rnk",32.9048
"51093280400","tract",2019,"food_state_rnk",26.2035
"51095080101","tract",2019,"food_state_rnk",80.6893
"51095080102","tract",2019,"food_state_rnk",5.4158
"51095080202","tract",2019,"food_state_rnk",72.8118
"51095080203","tract",2019,"food_state_rnk",71.4716
"51095080205","tract",2019,"food_state_rnk",35.9409
"51095080206","tract",2019,"food_state_rnk",77.0788
"51095080301","tract",2019,"food_state_rnk",79.1028
"51095080303","tract",2019,"food_state_rnk",95.5689
"51095080304","tract",2019,"food_state_rnk",98.0306
"51095080401","tract",2019,"food_state_rnk",97.593
"51095080402","tract",2019,"food_state_rnk",48.523
"51097950400","tract",2019,"food_state_rnk",41.767
"51097950500","tract",2019,"food_state_rnk",35.5306
"51099040100","tract",2019,"food_state_rnk",41.2746
"51099040200","tract",2019,"food_state_rnk",34.8195
"51099040300","tract",2019,"food_state_rnk",50.1641
"51099040400","tract",2019,"food_state_rnk",66.0832
"51099040500","tract",2019,"food_state_rnk",41.849
"51101950101","tract",2019,"food_state_rnk",27.0241
"51101950102","tract",2019,"food_state_rnk",55.0875
"51101950200","tract",2019,"food_state_rnk",36.6521
"51101950300","tract",2019,"food_state_rnk",59.3545
"51103030100","tract",2019,"food_state_rnk",58.3698
"51103030200","tract",2019,"food_state_rnk",28.1729
"51103030300","tract",2019,"food_state_rnk",34.3818
"51103990100","tract",2019,"food_state_rnk",NA
"51105950100","tract",2019,"food_state_rnk",12.4179
"51105950200","tract",2019,"food_state_rnk",18.5996
"51105950300","tract",2019,"food_state_rnk",7.9869
"51105950400","tract",2019,"food_state_rnk",2.6258
"51105950500","tract",2019,"food_state_rnk",9.3545
"51105950600","tract",2019,"food_state_rnk",30.6346
"51107610101","tract",2019,"food_state_rnk",86.1597
"51107610102","tract",2019,"food_state_rnk",78.7199
"51107610201","tract",2019,"food_state_rnk",95.186
"51107610202","tract",2019,"food_state_rnk",96.0066
"51107610300","tract",2019,"food_state_rnk",78.8567
"51107610400","tract",2019,"food_state_rnk",93.709
"51107610503","tract",2019,"food_state_rnk",88.43
"51107610504","tract",2019,"food_state_rnk",97.5383
"51107610505","tract",2019,"food_state_rnk",54.5952
"51107610506","tract",2019,"food_state_rnk",50.3556
"51107610507","tract",2019,"food_state_rnk",65.5361
"51107610601","tract",2019,"food_state_rnk",65.919
"51107610602","tract",2019,"food_state_rnk",77.1608
"51107610603","tract",2019,"food_state_rnk",39.6608
"51107610604","tract",2019,"food_state_rnk",99.1247
"51107610701","tract",2019,"food_state_rnk",94.6663
"51107610702","tract",2019,"food_state_rnk",72.3195
"51107610703","tract",2019,"food_state_rnk",96.5536
"51107610800","tract",2019,"food_state_rnk",81.8381
"51107610900","tract",2019,"food_state_rnk",52.4344
"51107611002","tract",2019,"food_state_rnk",48.2495
"51107611004","tract",2019,"food_state_rnk",99.3982
"51107611005","tract",2019,"food_state_rnk",78.2823
"51107611006","tract",2019,"food_state_rnk",72.7024
"51107611009","tract",2019,"food_state_rnk",79.2123
"51107611010","tract",2019,"food_state_rnk",32.9869
"51107611011","tract",2019,"food_state_rnk",55.7987
"51107611012","tract",2019,"food_state_rnk",86.8162
"51107611013","tract",2019,"food_state_rnk",47.3742
"51107611014","tract",2019,"food_state_rnk",82.5492
"51107611015","tract",2019,"food_state_rnk",51.2309
"51107611016","tract",2019,"food_state_rnk",86.8709
"51107611017","tract",2019,"food_state_rnk",97.7024
"51107611018","tract",2019,"food_state_rnk",53.337
"51107611019","tract",2019,"food_state_rnk",82.4945
"51107611020","tract",2019,"food_state_rnk",45.2407
"51107611021","tract",2019,"food_state_rnk",94.9125
"51107611022","tract",2019,"food_state_rnk",91.8764
"51107611023","tract",2019,"food_state_rnk",76.6685
"51107611024","tract",2019,"food_state_rnk",95.0219
"51107611025","tract",2019,"food_state_rnk",97.7571
"51107611101","tract",2019,"food_state_rnk",86.1597
"51107611102","tract",2019,"food_state_rnk",83.7254
"51107611202","tract",2019,"food_state_rnk",86.2965
"51107611204","tract",2019,"food_state_rnk",42.6696
"51107611205","tract",2019,"food_state_rnk",41.1926
"51107611206","tract",2019,"food_state_rnk",74.3162
"51107611207","tract",2019,"food_state_rnk",74.5077
"51107611208","tract",2019,"food_state_rnk",87.035
"51107611209","tract",2019,"food_state_rnk",86.953
"51107611300","tract",2019,"food_state_rnk",59.6827
"51107611400","tract",2019,"food_state_rnk",46.0066
"51107611501","tract",2019,"food_state_rnk",30.9354
"51107611502","tract",2019,"food_state_rnk",82.6586
"51107611601","tract",2019,"food_state_rnk",46.6083
"51107611602","tract",2019,"food_state_rnk",19.4748
"51107611700","tract",2019,"food_state_rnk",63.2932
"51107611801","tract",2019,"food_state_rnk",85.558
"51107611802","tract",2019,"food_state_rnk",94.6663
"51107611803","tract",2019,"food_state_rnk",78.0908
"51107611804","tract",2019,"food_state_rnk",81.6193
"51107611805","tract",2019,"food_state_rnk",82.9595
"51107611806","tract",2019,"food_state_rnk",98.3589
"51107611900","tract",2019,"food_state_rnk",96.7177
"51107980100","tract",2019,"food_state_rnk",NA
"51109950100","tract",2019,"food_state_rnk",39.2232
"51109950201","tract",2019,"food_state_rnk",29.0481
"51109950202","tract",2019,"food_state_rnk",10.1204
"51109950300","tract",2019,"food_state_rnk",52.7352
"51109950400","tract",2019,"food_state_rnk",22.4836
"51109950500","tract",2019,"food_state_rnk",30.5799
"51111930100","tract",2019,"food_state_rnk",22.1554
"51111930200","tract",2019,"food_state_rnk",11.7615
"51111930300","tract",2019,"food_state_rnk",47.9759
"51113930100","tract",2019,"food_state_rnk",39.5788
"51113930200","tract",2019,"food_state_rnk",72.8118
"51115951300","tract",2019,"food_state_rnk",32.9048
"51115951400","tract",2019,"food_state_rnk",60.5853
"51115990100","tract",2019,"food_state_rnk",NA
"51117930101","tract",2019,"food_state_rnk",16.302
"51117930102","tract",2019,"food_state_rnk",21.4442
"51117930200","tract",2019,"food_state_rnk",31.8928
"51117930300","tract",2019,"food_state_rnk",24.6718
"51117930400","tract",2019,"food_state_rnk",24.0153
"51117930500","tract",2019,"food_state_rnk",60.3939
"51117930600","tract",2019,"food_state_rnk",19.6389
"51117930700","tract",2019,"food_state_rnk",56.4278
"51117930800","tract",2019,"food_state_rnk",19.7484
"51119950900","tract",2019,"food_state_rnk",12.1991
"51119951000","tract",2019,"food_state_rnk",34.8195
"51119951100","tract",2019,"food_state_rnk",46.2254
"51119951200","tract",2019,"food_state_rnk",5.3611
"51119990100","tract",2019,"food_state_rnk",NA
"51121020100","tract",2019,"food_state_rnk",NA
"51121020201","tract",2019,"food_state_rnk",52.7899
"51121020202","tract",2019,"food_state_rnk",28.3096
"51121020300","tract",2019,"food_state_rnk",64.4967
"51121020400","tract",2019,"food_state_rnk",40.8643
"51121020500","tract",2019,"food_state_rnk",84.546
"51121020600","tract",2019,"food_state_rnk",89.907
"51121020700","tract",2019,"food_state_rnk",48.6871
"51121020800","tract",2019,"food_state_rnk",22.8118
"51121020900","tract",2019,"food_state_rnk",20.1313
"51121021000","tract",2019,"food_state_rnk",47.046
"51121021100","tract",2019,"food_state_rnk",58.2057
"51121021200","tract",2019,"food_state_rnk",59.4092
"51121021300","tract",2019,"food_state_rnk",74.5077
"51121021400","tract",2019,"food_state_rnk",28.9114
"51121021500","tract",2019,"food_state_rnk",52.3523
"51125950100","tract",2019,"food_state_rnk",32.4945
"51125950200","tract",2019,"food_state_rnk",40.0164
"51125950300","tract",2019,"food_state_rnk",50.7659
"51127700100","tract",2019,"food_state_rnk",62.3085
"51127700200","tract",2019,"food_state_rnk",62.6368
"51127700300","tract",2019,"food_state_rnk",28.6105
"51131930100","tract",2019,"food_state_rnk",17.2867
"51131930200","tract",2019,"food_state_rnk",48.3042
"51131930300","tract",2019,"food_state_rnk",16.6849
"51131990100","tract",2019,"food_state_rnk",NA
"51133020100","tract",2019,"food_state_rnk",46.8271
"51133020200","tract",2019,"food_state_rnk",31.3457
"51133020300","tract",2019,"food_state_rnk",56.5919
"51133990100","tract",2019,"food_state_rnk",NA
"51135000100","tract",2019,"food_state_rnk",4.9234
"51135000200","tract",2019,"food_state_rnk",29.9234
"51135000300","tract",2019,"food_state_rnk",31.8381
"51135980100","tract",2019,"food_state_rnk",NA
"51137110102","tract",2019,"food_state_rnk",43.7637
"51137110103","tract",2019,"food_state_rnk",99.8359
"51137110104","tract",2019,"food_state_rnk",64.8796
"51137110200","tract",2019,"food_state_rnk",26.3129
"51137110300","tract",2019,"food_state_rnk",52.6805
"51139030100","tract",2019,"food_state_rnk",7.1663
"51139030200","tract",2019,"food_state_rnk",36.8162
"51139030300","tract",2019,"food_state_rnk",38.0744
"51139030400","tract",2019,"food_state_rnk",23.3589
"51139030500","tract",2019,"food_state_rnk",46.7451
"51141030100","tract",2019,"food_state_rnk",20.4048
"51141030200","tract",2019,"food_state_rnk",17.779
"51141030301","tract",2019,"food_state_rnk",51.2309
"51141030302","tract",2019,"food_state_rnk",21.5536
"51143010100","tract",2019,"food_state_rnk",13.0744
"51143010200","tract",2019,"food_state_rnk",12.2538
"51143010300","tract",2019,"food_state_rnk",30.5252
"51143010400","tract",2019,"food_state_rnk",21.7177
"51143010500","tract",2019,"food_state_rnk",20.733
"51143010600","tract",2019,"food_state_rnk",9.081
"51143010700","tract",2019,"food_state_rnk",18.8731
"51143010801","tract",2019,"food_state_rnk",36.1871
"51143010802","tract",2019,"food_state_rnk",27.7079
"51143010900","tract",2019,"food_state_rnk",34.628
"51143011001","tract",2019,"food_state_rnk",33.9168
"51143011002","tract",2019,"food_state_rnk",20.4595
"51143011100","tract",2019,"food_state_rnk",17.8884
"51143011200","tract",2019,"food_state_rnk",19.6937
"51143011300","tract",2019,"food_state_rnk",21.8545
"51143011400","tract",2019,"food_state_rnk",8.8348
"51145500101","tract",2019,"food_state_rnk",69.2287
"51145500102","tract",2019,"food_state_rnk",95.8972
"51145500200","tract",2019,"food_state_rnk",75.2735
"51145500300","tract",2019,"food_state_rnk",NA
"51145500400","tract",2019,"food_state_rnk",71.2801
"51147930100","tract",2019,"food_state_rnk",29.7046
"51147930201","tract",2019,"food_state_rnk",NA
"51147930202","tract",2019,"food_state_rnk",18.0799
"51147930203","tract",2019,"food_state_rnk",NA
"51147930300","tract",2019,"food_state_rnk",27.954
"51149850100","tract",2019,"food_state_rnk",NA
"51149850200","tract",2019,"food_state_rnk",76.5591
"51149850301","tract",2019,"food_state_rnk",37.7735
"51149850302","tract",2019,"food_state_rnk",37.9376
"51149850400","tract",2019,"food_state_rnk",44.2834
"51149850501","tract",2019,"food_state_rnk",52.0514
"51149850502","tract",2019,"food_state_rnk",32.7133
"51153900100","tract",2019,"food_state_rnk",72.3195
"51153900201","tract",2019,"food_state_rnk",69.7757
"51153900202","tract",2019,"food_state_rnk",33.8074
"51153900203","tract",2019,"food_state_rnk",44.7484
"51153900300","tract",2019,"food_state_rnk",65.4814
"51153900403","tract",2019,"food_state_rnk",44.6937
"51153900404","tract",2019,"food_state_rnk",21.0613
"51153900407","tract",2019,"food_state_rnk",54.7046
"51153900408","tract",2019,"food_state_rnk",78.6379
"51153900409","tract",2019,"food_state_rnk",47.6204
"51153900410","tract",2019,"food_state_rnk",52.954
"51153900501","tract",2019,"food_state_rnk",43.2987
"51153900502","tract",2019,"food_state_rnk",71.7724
"51153900600","tract",2019,"food_state_rnk",20.186
"51153900701","tract",2019,"food_state_rnk",46.4442
"51153900702","tract",2019,"food_state_rnk",49.535
"51153900801","tract",2019,"food_state_rnk",81.3457
"51153900802","tract",2019,"food_state_rnk",57.7133
"51153900901","tract",2019,"food_state_rnk",16.7396
"51153900904","tract",2019,"food_state_rnk",46.116
"51153900905","tract",2019,"food_state_rnk",65.8096
"51153901001","tract",2019,"food_state_rnk",58.7801
"51153901005","tract",2019,"food_state_rnk",94.2287
"51153901008","tract",2019,"food_state_rnk",71.3621
"51153901009","tract",2019,"food_state_rnk",41.5755
"51153901010","tract",2019,"food_state_rnk",78.5011
"51153901011","tract",2019,"food_state_rnk",83.5339
"51153901012","tract",2019,"food_state_rnk",70.5689
"51153901100","tract",2019,"food_state_rnk",66.6849
"51153901203","tract",2019,"food_state_rnk",45.3501
"51153901208","tract",2019,"food_state_rnk",37.4179
"51153901209","tract",2019,"food_state_rnk",67.8337
"51153901211","tract",2019,"food_state_rnk",47.4289
"51153901212","tract",2019,"food_state_rnk",38.6214
"51153901219","tract",2019,"food_state_rnk",82.8775
"51153901221","tract",2019,"food_state_rnk",71.663
"51153901222","tract",2019,"food_state_rnk",62.4453
"51153901223","tract",2019,"food_state_rnk",64.6335
"51153901224","tract",2019,"food_state_rnk",61.6521
"51153901225","tract",2019,"food_state_rnk",64.5514
"51153901226","tract",2019,"food_state_rnk",52.5164
"51153901227","tract",2019,"food_state_rnk",79.9508
"51153901228","tract",2019,"food_state_rnk",58.4245
"51153901229","tract",2019,"food_state_rnk",51.477
"51153901230","tract",2019,"food_state_rnk",63.7582
"51153901231","tract",2019,"food_state_rnk",84.6554
"51153901232","tract",2019,"food_state_rnk",95.8425
"51153901233","tract",2019,"food_state_rnk",83.6433
"51153901234","tract",2019,"food_state_rnk",76.0667
"51153901235","tract",2019,"food_state_rnk",87.5
"51153901236","tract",2019,"food_state_rnk",95.7057
"51153901237","tract",2019,"food_state_rnk",25.547
"51153901303","tract",2019,"food_state_rnk",92.9705
"51153901304","tract",2019,"food_state_rnk",97.2101
"51153901305","tract",2019,"food_state_rnk",88.5667
"51153901306","tract",2019,"food_state_rnk",80.7987
"51153901403","tract",2019,"food_state_rnk",73.4136
"51153901407","tract",2019,"food_state_rnk",47.7024
"51153901408","tract",2019,"food_state_rnk",48.9059
"51153901409","tract",2019,"food_state_rnk",61.8982
"51153901410","tract",2019,"food_state_rnk",75.7112
"51153901411","tract",2019,"food_state_rnk",94.7484
"51153901412","tract",2019,"food_state_rnk",69.4475
"51153901413","tract",2019,"food_state_rnk",93.4628
"51153901414","tract",2019,"food_state_rnk",80.5252
"51153901415","tract",2019,"food_state_rnk",89.9891
"51153901416","tract",2019,"food_state_rnk",66.1652
"51153901417","tract",2019,"food_state_rnk",81.5098
"51153901503","tract",2019,"food_state_rnk",95.6236
"51153901504","tract",2019,"food_state_rnk",58.3151
"51153901505","tract",2019,"food_state_rnk",75.3829
"51153901506","tract",2019,"food_state_rnk",67.6969
"51153901507","tract",2019,"food_state_rnk",74.1521
"51153901508","tract",2019,"food_state_rnk",70.2954
"51153901509","tract",2019,"food_state_rnk",81.9475
"51153901510","tract",2019,"food_state_rnk",84.546
"51153901511","tract",2019,"food_state_rnk",98.3042
"51153901601","tract",2019,"food_state_rnk",40.372
"51153901602","tract",2019,"food_state_rnk",44.6389
"51153901701","tract",2019,"food_state_rnk",62.8556
"51153901702","tract",2019,"food_state_rnk",56.7013
"51153901900","tract",2019,"food_state_rnk",55.4705
"51153980100","tract",2019,"food_state_rnk",NA
"51155210100","tract",2019,"food_state_rnk",62.035
"51155210201","tract",2019,"food_state_rnk",3.9934
"51155210202","tract",2019,"food_state_rnk",42.6149
"51155210300","tract",2019,"food_state_rnk",52.8446
"51155210400","tract",2019,"food_state_rnk",13.512
"51155210500","tract",2019,"food_state_rnk",62.965
"51155210600","tract",2019,"food_state_rnk",31.7834
"51155210700","tract",2019,"food_state_rnk",27.5711
"51155980100","tract",2019,"food_state_rnk",NA
"51155980200","tract",2019,"food_state_rnk",NA
"51157950100","tract",2019,"food_state_rnk",53.7473
"51157950200","tract",2019,"food_state_rnk",47.8118
"51159040100","tract",2019,"food_state_rnk",12.8009
"51159040200","tract",2019,"food_state_rnk",NA
"51161030100","tract",2019,"food_state_rnk",66.2746
"51161030201","tract",2019,"food_state_rnk",74.3982
"51161030203","tract",2019,"food_state_rnk",69.3381
"51161030204","tract",2019,"food_state_rnk",45.186
"51161030205","tract",2019,"food_state_rnk",56.8107
"51161030300","tract",2019,"food_state_rnk",67.5602
"51161030500","tract",2019,"food_state_rnk",68.2166
"51161030600","tract",2019,"food_state_rnk",79.3764
"51161030701","tract",2019,"food_state_rnk",74.1521
"51161030702","tract",2019,"food_state_rnk",63.7582
"51161030801","tract",2019,"food_state_rnk",57.8501
"51161030802","tract",2019,"food_state_rnk",85.8862
"51161030900","tract",2019,"food_state_rnk",45.1313
"51161031000","tract",2019,"food_state_rnk",26.2582
"51161031101","tract",2019,"food_state_rnk",22.593
"51161031102","tract",2019,"food_state_rnk",22.1007
"51161031201","tract",2019,"food_state_rnk",41.9584
"51161031202","tract",2019,"food_state_rnk",86.6521
"51163930100","tract",2019,"food_state_rnk",42.8884
"51163930200","tract",2019,"food_state_rnk",36.8709
"51163930300","tract",2019,"food_state_rnk",55.9902
"51163930400","tract",2019,"food_state_rnk",22.8939
"51165010100","tract",2019,"food_state_rnk",36.0777
"51165010200","tract",2019,"food_state_rnk",33.1783
"51165010300","tract",2019,"food_state_rnk",62.6915
"51165010400","tract",2019,"food_state_rnk",33.2604
"51165010500","tract",2019,"food_state_rnk",38.9497
"51165010600","tract",2019,"food_state_rnk",87.1444
"51165010700","tract",2019,"food_state_rnk",59.9289
"51165010800","tract",2019,"food_state_rnk",36.9803
"51165010900","tract",2019,"food_state_rnk",38.2659
"51165011000","tract",2019,"food_state_rnk",35.8862
"51165011100","tract",2019,"food_state_rnk",39.1411
"51165011200","tract",2019,"food_state_rnk",65.2352
"51165011400","tract",2019,"food_state_rnk",73.2495
"51165011500","tract",2019,"food_state_rnk",56.5098
"51165011600","tract",2019,"food_state_rnk",53.1729
"51165011700","tract",2019,"food_state_rnk",81.8928
"51165011800","tract",2019,"food_state_rnk",78.8567
"51165011900","tract",2019,"food_state_rnk",37.9376
"51165012000","tract",2019,"food_state_rnk",50.1094
"51167030100","tract",2019,"food_state_rnk",18.709
"51167030200","tract",2019,"food_state_rnk",12.3632
"51167030300","tract",2019,"food_state_rnk",11.4333
"51167030401","tract",2019,"food_state_rnk",60.9136
"51167030402","tract",2019,"food_state_rnk",49.8085
"51167030500","tract",2019,"food_state_rnk",10.7221
"51167030600","tract",2019,"food_state_rnk",8.7527
"51169030100","tract",2019,"food_state_rnk",13.3479
"51169030200","tract",2019,"food_state_rnk",23.8512
"51169030300","tract",2019,"food_state_rnk",14.6061
"51169030400","tract",2019,"food_state_rnk",50.9847
"51169030500","tract",2019,"food_state_rnk",40.5908
"51169030600","tract",2019,"food_state_rnk",59.6007
"51171040100","tract",2019,"food_state_rnk",31.5646
"51171040201","tract",2019,"food_state_rnk",85.3118
"51171040202","tract",2019,"food_state_rnk",59.7921
"51171040300","tract",2019,"food_state_rnk",61.0503
"51171040400","tract",2019,"food_state_rnk",56.8928
"51171040500","tract",2019,"food_state_rnk",16.5755
"51171040600","tract",2019,"food_state_rnk",51.6958
"51171040700","tract",2019,"food_state_rnk",29.1575
"51171040800","tract",2019,"food_state_rnk",27.2976
"51173030100","tract",2019,"food_state_rnk",12.3085
"51173030200","tract",2019,"food_state_rnk",18.5449
"51173030301","tract",2019,"food_state_rnk",20.7877
"51173030302","tract",2019,"food_state_rnk",27.8173
"51173030400","tract",2019,"food_state_rnk",14.0044
"51173030500","tract",2019,"food_state_rnk",17.1225
"51173030600","tract",2019,"food_state_rnk",4.7046
"51173030701","tract",2019,"food_state_rnk",25.93
"51173030702","tract",2019,"food_state_rnk",25.1641
"51175200100","tract",2019,"food_state_rnk",29.5952
"51175200200","tract",2019,"food_state_rnk",14.7155
"51175200300","tract",2019,"food_state_rnk",NA
"51175200400","tract",2019,"food_state_rnk",15.1532
"51175200500","tract",2019,"food_state_rnk",32.2757
"51177020104","tract",2019,"food_state_rnk",74.1521
"51177020105","tract",2019,"food_state_rnk",66.5208
"51177020106","tract",2019,"food_state_rnk",89.907
"51177020107","tract",2019,"food_state_rnk",94.0372
"51177020108","tract",2019,"food_state_rnk",19.5842
"51177020109","tract",2019,"food_state_rnk",49.0974
"51177020110","tract",2019,"food_state_rnk",27.6258
"51177020111","tract",2019,"food_state_rnk",57.0295
"51177020112","tract",2019,"food_state_rnk",41.0284
"51177020113","tract",2019,"food_state_rnk",64.0317
"51177020114","tract",2019,"food_state_rnk",57.3851
"51177020201","tract",2019,"food_state_rnk",40.1805
"51177020202","tract",2019,"food_state_rnk",44.2834
"51177020203","tract",2019,"food_state_rnk",60.2845
"51177020204","tract",2019,"food_state_rnk",58.7801
"51177020205","tract",2019,"food_state_rnk",56.9475
"51177020304","tract",2019,"food_state_rnk",35.4486
"51177020305","tract",2019,"food_state_rnk",25.7659
"51177020306","tract",2019,"food_state_rnk",57.9322
"51177020307","tract",2019,"food_state_rnk",47.128
"51177020308","tract",2019,"food_state_rnk",59.1357
"51177020309","tract",2019,"food_state_rnk",61.7615
"51177020310","tract",2019,"food_state_rnk",55.5525
"51177020311","tract",2019,"food_state_rnk",42.3961
"51177020403","tract",2019,"food_state_rnk",38.6761
"51177020404","tract",2019,"food_state_rnk",21.663
"51177020405","tract",2019,"food_state_rnk",47.128
"51177020406","tract",2019,"food_state_rnk",35.1204
"51177020407","tract",2019,"food_state_rnk",74.9179
"51177020408","tract",2019,"food_state_rnk",42.9431
"51179010103","tract",2019,"food_state_rnk",58.4792
"51179010105","tract",2019,"food_state_rnk",53.884
"51179010106","tract",2019,"food_state_rnk",54.9508
"51179010107","tract",2019,"food_state_rnk",89.0591
"51179010108","tract",2019,"food_state_rnk",80.8534
"51179010201","tract",2019,"food_state_rnk",NA
"51179010202","tract",2019,"food_state_rnk",79.5405
"51179010204","tract",2019,"food_state_rnk",99.6718
"51179010205","tract",2019,"food_state_rnk",74.9179
"51179010206","tract",2019,"food_state_rnk",64.7702
"51179010207","tract",2019,"food_state_rnk",26.9147
"51179010210","tract",2019,"food_state_rnk",72.5383
"51179010211","tract",2019,"food_state_rnk",23.6324
"51179010212","tract",2019,"food_state_rnk",68.3807
"51179010213","tract",2019,"food_state_rnk",98.2495
"51179010214","tract",2019,"food_state_rnk",67.4234
"51179010301","tract",2019,"food_state_rnk",72.128
"51179010303","tract",2019,"food_state_rnk",67.1772
"51179010304","tract",2019,"food_state_rnk",71.581
"51179010305","tract",2019,"food_state_rnk",48.7691
"51179010403","tract",2019,"food_state_rnk",43.2987
"51179010404","tract",2019,"food_state_rnk",55.1422
"51179010405","tract",2019,"food_state_rnk",69.7757
"51179010406","tract",2019,"food_state_rnk",41.0832
"51179010502","tract",2019,"food_state_rnk",70.5689
"51179010503","tract",2019,"food_state_rnk",90.1805
"51179010504","tract",2019,"food_state_rnk",62.5274
"51181860100","tract",2019,"food_state_rnk",10.8315
"51181860200","tract",2019,"food_state_rnk",28.5011
"51183870100","tract",2019,"food_state_rnk",4.5952
"51183870201","tract",2019,"food_state_rnk",NA
"51183870202","tract",2019,"food_state_rnk",NA
"51183870300","tract",2019,"food_state_rnk",15.919
"51183870400","tract",2019,"food_state_rnk",15.4814
"51185020100","tract",2019,"food_state_rnk",NA
"51185020200","tract",2019,"food_state_rnk",8.2057
"51185020300","tract",2019,"food_state_rnk",17.2046
"51185020400","tract",2019,"food_state_rnk",11.3786
"51185020500","tract",2019,"food_state_rnk",12.7188
"51185020600","tract",2019,"food_state_rnk",17.0131
"51185020700","tract",2019,"food_state_rnk",36.7068
"51185020800","tract",2019,"food_state_rnk",14.3326
"51185020900","tract",2019,"food_state_rnk",6.5646
"51185021000","tract",2019,"food_state_rnk",28.419
"51185021100","tract",2019,"food_state_rnk",75.9573
"51187020100","tract",2019,"food_state_rnk",49.2341
"51187020200","tract",2019,"food_state_rnk",84.9015
"51187020300","tract",2019,"food_state_rnk",46.663
"51187020400","tract",2019,"food_state_rnk",11.0503
"51187020500","tract",2019,"food_state_rnk",6.9475
"51187020601","tract",2019,"food_state_rnk",57.8501
"51187020602","tract",2019,"food_state_rnk",36.7615
"51187020700","tract",2019,"food_state_rnk",67.5055
"51191010100","tract",2019,"food_state_rnk",37.3632
"51191010200","tract",2019,"food_state_rnk",22.5383
"51191010300","tract",2019,"food_state_rnk",25.3282
"51191010401","tract",2019,"food_state_rnk",97.4289
"51191010402","tract",2019,"food_state_rnk",53.0361
"51191010501","tract",2019,"food_state_rnk",55.9902
"51191010502","tract",2019,"food_state_rnk",13.2932
"51191010601","tract",2019,"food_state_rnk",44.8031
"51191010602","tract",2019,"food_state_rnk",25.7112
"51191010700","tract",2019,"food_state_rnk",30.1422
"51191010800","tract",2019,"food_state_rnk",23.1674
"51191010900","tract",2019,"food_state_rnk",8.9168
"51191011000","tract",2019,"food_state_rnk",84.7921
"51193010100","tract",2019,"food_state_rnk",6.2363
"51193010200","tract",2019,"food_state_rnk",68.4354
"51193010300","tract",2019,"food_state_rnk",40.6455
"51193010400","tract",2019,"food_state_rnk",35.6127
"51195930700","tract",2019,"food_state_rnk",24.6171
"51195930800","tract",2019,"food_state_rnk",22.6477
"51195930900","tract",2019,"food_state_rnk",11.8709
"51195931000","tract",2019,"food_state_rnk",10.558
"51195931100","tract",2019,"food_state_rnk",2.1335
"51195931200","tract",2019,"food_state_rnk",27.2429
"51195931300","tract",2019,"food_state_rnk",23.523
"51195931400","tract",2019,"food_state_rnk",37.4726
"51195931500","tract",2019,"food_state_rnk",3.3917
"51195931600","tract",2019,"food_state_rnk",3.8293
"51195931700","tract",2019,"food_state_rnk",7.3304
"51197050100","tract",2019,"food_state_rnk",24.9453
"51197050200","tract",2019,"food_state_rnk",44.5842
"51197050301","tract",2019,"food_state_rnk",62.5821
"51197050302","tract",2019,"food_state_rnk",49.535
"51197050401","tract",2019,"food_state_rnk",42.9978
"51197050402","tract",2019,"food_state_rnk",48.5777
"51199050203","tract",2019,"food_state_rnk",82.0022
"51199050204","tract",2019,"food_state_rnk",65.0164
"51199050205","tract",2019,"food_state_rnk",87.8009
"51199050206","tract",2019,"food_state_rnk",79.4311
"51199050303","tract",2019,"food_state_rnk",96.7724
"51199050304","tract",2019,"food_state_rnk",97.6477
"51199050305","tract",2019,"food_state_rnk",93.9278
"51199050306","tract",2019,"food_state_rnk",63.0744
"51199050401","tract",2019,"food_state_rnk",80.9081
"51199050402","tract",2019,"food_state_rnk",67.6149
"51199050500","tract",2019,"food_state_rnk",24.8906
"51199050900","tract",2019,"food_state_rnk",46.0066
"51199051000","tract",2019,"food_state_rnk",20.6783
"51199051100","tract",2019,"food_state_rnk",78.9387
"51199990100","tract",2019,"food_state_rnk",NA
"51510200102","tract",2019,"food_state_rnk",17.0678
"51510200103","tract",2019,"food_state_rnk",37.5821
"51510200104","tract",2019,"food_state_rnk",34.9562
"51510200105","tract",2019,"food_state_rnk",61.3786
"51510200106","tract",2019,"food_state_rnk",21.7724
"51510200107","tract",2019,"food_state_rnk",96.8271
"51510200201","tract",2019,"food_state_rnk",79.8687
"51510200202","tract",2019,"food_state_rnk",71.9365
"51510200301","tract",2019,"food_state_rnk",62.3632
"51510200302","tract",2019,"food_state_rnk",19.8578
"51510200303","tract",2019,"food_state_rnk",60.5853
"51510200403","tract",2019,"food_state_rnk",92.314
"51510200404","tract",2019,"food_state_rnk",87.3906
"51510200405","tract",2019,"food_state_rnk",23.7965
"51510200406","tract",2019,"food_state_rnk",50.6838
"51510200407","tract",2019,"food_state_rnk",41.6302
"51510200500","tract",2019,"food_state_rnk",40.7002
"51510200600","tract",2019,"food_state_rnk",84.7374
"51510200701","tract",2019,"food_state_rnk",76.2309
"51510200702","tract",2019,"food_state_rnk",87.5821
"51510200703","tract",2019,"food_state_rnk",23.9606
"51510200801","tract",2019,"food_state_rnk",51.7505
"51510200802","tract",2019,"food_state_rnk",28.1182
"51510200900","tract",2019,"food_state_rnk",91.0011
"51510201000","tract",2019,"food_state_rnk",82.1116
"51510201100","tract",2019,"food_state_rnk",67.9705
"51510201202","tract",2019,"food_state_rnk",73.523
"51510201203","tract",2019,"food_state_rnk",17.5055
"51510201204","tract",2019,"food_state_rnk",60.0109
"51510201300","tract",2019,"food_state_rnk",77.8993
"51510201400","tract",2019,"food_state_rnk",73.0033
"51510201500","tract",2019,"food_state_rnk",83.4519
"51510201600","tract",2019,"food_state_rnk",15.9737
"51510201801","tract",2019,"food_state_rnk",79.7046
"51510201802","tract",2019,"food_state_rnk",13.1838
"51510201900","tract",2019,"food_state_rnk",75.1641
"51510202001","tract",2019,"food_state_rnk",52.1335
"51510202002","tract",2019,"food_state_rnk",80.744
"51520020100","tract",2019,"food_state_rnk",6.7287
"51520020200","tract",2019,"food_state_rnk",11.5974
"51520020300","tract",2019,"food_state_rnk",2.0241
"51520020400","tract",2019,"food_state_rnk",24.8359
"51530930600","tract",2019,"food_state_rnk",19.9125
"51540000201","tract",2019,"food_state_rnk",38.5394
"51540000202","tract",2019,"food_state_rnk",9.9015
"51540000302","tract",2019,"food_state_rnk",29.814
"51540000401","tract",2019,"food_state_rnk",13.1291
"51540000402","tract",2019,"food_state_rnk",47.7571
"51540000501","tract",2019,"food_state_rnk",16.0284
"51540000502","tract",2019,"food_state_rnk",26.9147
"51540000600","tract",2019,"food_state_rnk",11.105
"51540000700","tract",2019,"food_state_rnk",96.3348
"51540000800","tract",2019,"food_state_rnk",44.5295
"51540000900","tract",2019,"food_state_rnk",76.8326
"51540001000","tract",2019,"food_state_rnk",58.0142
"51550020001","tract",2019,"food_state_rnk",93.2713
"51550020002","tract",2019,"food_state_rnk",36.3786
"51550020003","tract",2019,"food_state_rnk",14.9891
"51550020100","tract",2019,"food_state_rnk",1.5864
"51550020200","tract",2019,"food_state_rnk",9.2451
"51550020300","tract",2019,"food_state_rnk",5.2516
"51550020400","tract",2019,"food_state_rnk",27.8993
"51550020500","tract",2019,"food_state_rnk",11.9256
"51550020600","tract",2019,"food_state_rnk",38.7856
"51550020700","tract",2019,"food_state_rnk",42.0131
"51550020804","tract",2019,"food_state_rnk",54.4584
"51550020805","tract",2019,"food_state_rnk",56.4278
"51550020806","tract",2019,"food_state_rnk",63.2932
"51550020807","tract",2019,"food_state_rnk",54.814
"51550020808","tract",2019,"food_state_rnk",78.6379
"51550020809","tract",2019,"food_state_rnk",31.1816
"51550020903","tract",2019,"food_state_rnk",74.0153
"51550020904","tract",2019,"food_state_rnk",42.8337
"51550020905","tract",2019,"food_state_rnk",63.4847
"51550020906","tract",2019,"food_state_rnk",43.6543
"51550021004","tract",2019,"food_state_rnk",42.0678
"51550021005","tract",2019,"food_state_rnk",98.4136
"51550021006","tract",2019,"food_state_rnk",96.3895
"51550021009","tract",2019,"food_state_rnk",72.593
"51550021010","tract",2019,"food_state_rnk",65.7002
"51550021011","tract",2019,"food_state_rnk",82.4125
"51550021012","tract",2019,"food_state_rnk",88.2932
"51550021013","tract",2019,"food_state_rnk",90.7549
"51550021101","tract",2019,"food_state_rnk",63.895
"51550021102","tract",2019,"food_state_rnk",87.8009
"51550021200","tract",2019,"food_state_rnk",68.1619
"51550021301","tract",2019,"food_state_rnk",77.4891
"51550021302","tract",2019,"food_state_rnk",91.2473
"51550021401","tract",2019,"food_state_rnk",48.4683
"51550021402","tract",2019,"food_state_rnk",45.6783
"51550021403","tract",2019,"food_state_rnk",12.7188
"51550021404","tract",2019,"food_state_rnk",61.7068
"51550021501","tract",2019,"food_state_rnk",57.1663
"51550021502","tract",2019,"food_state_rnk",89.6608
"51550021601","tract",2019,"food_state_rnk",97.046
"51550021602","tract",2019,"food_state_rnk",39.0044
"51570830100","tract",2019,"food_state_rnk",68.4902
"51570830200","tract",2019,"food_state_rnk",17.9705
"51570830300","tract",2019,"food_state_rnk",74.6444
"51570830400","tract",2019,"food_state_rnk",10.9409
"51570830500","tract",2019,"food_state_rnk",25
"51580060100","tract",2019,"food_state_rnk",20.0766
"51580060200","tract",2019,"food_state_rnk",52.0514
"51590000100","tract",2019,"food_state_rnk",25.0547
"51590000200","tract",2019,"food_state_rnk",16.5208
"51590000300","tract",2019,"food_state_rnk",10.5033
"51590000400","tract",2019,"food_state_rnk",1.2035
"51590000500","tract",2019,"food_state_rnk",0.8753
"51590000600","tract",2019,"food_state_rnk",1.6958
"51590000700","tract",2019,"food_state_rnk",60.2298
"51590000800","tract",2019,"food_state_rnk",18.0799
"51590000900","tract",2019,"food_state_rnk",14.8796
"51590001000","tract",2019,"food_state_rnk",4.2123
"51590001100","tract",2019,"food_state_rnk",2.0788
"51590001200","tract",2019,"food_state_rnk",3.0088
"51590001301","tract",2019,"food_state_rnk",4.3764
"51590001302","tract",2019,"food_state_rnk",6.3457
"51590001400","tract",2019,"food_state_rnk",31.7287
"51590980100","tract",2019,"food_state_rnk",NA
"51595890100","tract",2019,"food_state_rnk",5.9081
"51595890200","tract",2019,"food_state_rnk",14.4147
"51600300100","tract",2019,"food_state_rnk",99.8906
"51600300200","tract",2019,"food_state_rnk",99.7812
"51600300300","tract",2019,"food_state_rnk",99.9453
"51600300400","tract",2019,"food_state_rnk",84.4639
"51600300500","tract",2019,"food_state_rnk",99.7265
"51610500100","tract",2019,"food_state_rnk",97.3195
"51610500200","tract",2019,"food_state_rnk",91.5208
"51610500300","tract",2019,"food_state_rnk",99.453
"51620090100","tract",2019,"food_state_rnk",65.2352
"51620090200","tract",2019,"food_state_rnk",4.7593
"51630000100","tract",2019,"food_state_rnk",75.8206
"51630000200","tract",2019,"food_state_rnk",12.9103
"51630000301","tract",2019,"food_state_rnk",NA
"51630000302","tract",2019,"food_state_rnk",31.0175
"51630000400","tract",2019,"food_state_rnk",17.7243
"51630000500","tract",2019,"food_state_rnk",61.3786
"51640070101","tract",2019,"food_state_rnk",19.3928
"51640070102","tract",2019,"food_state_rnk",31.2363
"51650010103","tract",2019,"food_state_rnk",75.4376
"51650010104","tract",2019,"food_state_rnk",10.2845
"51650010200","tract",2019,"food_state_rnk",NA
"51650010304","tract",2019,"food_state_rnk",56.5919
"51650010306","tract",2019,"food_state_rnk",60.8315
"51650010307","tract",2019,"food_state_rnk",50.0547
"51650010309","tract",2019,"food_state_rnk",37.2538
"51650010310","tract",2019,"food_state_rnk",48.6324
"51650010311","tract",2019,"food_state_rnk",25.9847
"51650010312","tract",2019,"food_state_rnk",27.1608
"51650010313","tract",2019,"food_state_rnk",21.116
"51650010314","tract",2019,"food_state_rnk",4.3217
"51650010400","tract",2019,"food_state_rnk",6.0175
"51650010501","tract",2019,"food_state_rnk",55.1969
"51650010502","tract",2019,"food_state_rnk",14.7702
"51650010601","tract",2019,"food_state_rnk",2.3523
"51650010602","tract",2019,"food_state_rnk",4.1575
"51650010701","tract",2019,"food_state_rnk",3.884
"51650010702","tract",2019,"food_state_rnk",23.0306
"51650010703","tract",2019,"food_state_rnk",45.6236
"51650010800","tract",2019,"food_state_rnk",21.9912
"51650010900","tract",2019,"food_state_rnk",3.337
"51650011000","tract",2019,"food_state_rnk",20.0219
"51650011100","tract",2019,"food_state_rnk",89.4694
"51650011200","tract",2019,"food_state_rnk",17.3414
"51650011300","tract",2019,"food_state_rnk",6.1816
"51650011400","tract",2019,"food_state_rnk",NA
"51650011500","tract",2019,"food_state_rnk",62.1991
"51650011600","tract",2019,"food_state_rnk",20.3501
"51650011800","tract",2019,"food_state_rnk",8.3698
"51650011900","tract",2019,"food_state_rnk",12.035
"51650012000","tract",2019,"food_state_rnk",13.6214
"51650012100","tract",2019,"food_state_rnk",70.4048
"51650990100","tract",2019,"food_state_rnk",NA
"51660000101","tract",2019,"food_state_rnk",18.326
"51660000102","tract",2019,"food_state_rnk",19.8031
"51660000203","tract",2019,"food_state_rnk",61.2691
"51660000204","tract",2019,"food_state_rnk",18.2166
"51660000205","tract",2019,"food_state_rnk",43.0799
"51660000206","tract",2019,"food_state_rnk",NA
"51660000207","tract",2019,"food_state_rnk",43.1619
"51660000301","tract",2019,"food_state_rnk",59.2998
"51660000302","tract",2019,"food_state_rnk",13.7856
"51660000401","tract",2019,"food_state_rnk",48.4136
"51660000402","tract",2019,"food_state_rnk",34.1357
"51670820100","tract",2019,"food_state_rnk",6.0722
"51670820300","tract",2019,"food_state_rnk",3.4464
"51670820400","tract",2019,"food_state_rnk",24.2615
"51670820500","tract",2019,"food_state_rnk",17.5875
"51670820600","tract",2019,"food_state_rnk",4.0481
"51670820700","tract",2019,"food_state_rnk",3.2823
"51670980100","tract",2019,"food_state_rnk",NA
"51678930500","tract",2019,"food_state_rnk",NA
"51680000100","tract",2019,"food_state_rnk",75.8753
"51680000201","tract",2019,"food_state_rnk",62.8009
"51680000202","tract",2019,"food_state_rnk",9.0263
"51680000203","tract",2019,"food_state_rnk",NA
"51680000300","tract",2019,"food_state_rnk",33.0963
"51680000400","tract",2019,"food_state_rnk",4.4584
"51680000500","tract",2019,"food_state_rnk",6.6193
"51680000600","tract",2019,"food_state_rnk",1.3676
"51680000700","tract",2019,"food_state_rnk",7.3851
"51680000801","tract",2019,"food_state_rnk",11.6794
"51680000802","tract",2019,"food_state_rnk",44.0919
"51680000900","tract",2019,"food_state_rnk",50
"51680001000","tract",2019,"food_state_rnk",23.0306
"51680001100","tract",2019,"food_state_rnk",0.93
"51680001400","tract",2019,"food_state_rnk",NA
"51680001600","tract",2019,"food_state_rnk",54.2396
"51680001700","tract",2019,"food_state_rnk",78.2276
"51680001800","tract",2019,"food_state_rnk",63.5667
"51680001900","tract",2019,"food_state_rnk",3.1182
"51683910100","tract",2019,"food_state_rnk",80.4158
"51683910201","tract",2019,"food_state_rnk",62.1171
"51683910202","tract",2019,"food_state_rnk",49.453
"51683910301","tract",2019,"food_state_rnk",55.0328
"51683910302","tract",2019,"food_state_rnk",10.1751
"51683910401","tract",2019,"food_state_rnk",25.2462
"51683910402","tract",2019,"food_state_rnk",89.0591
"51685920100","tract",2019,"food_state_rnk",36.5974
"51685920200","tract",2019,"food_state_rnk",48.1947
"51690000100","tract",2019,"food_state_rnk",9.5733
"51690000200","tract",2019,"food_state_rnk",2.7899
"51690000300","tract",2019,"food_state_rnk",20.8972
"51690000400","tract",2019,"food_state_rnk",2.8446
"51690000500","tract",2019,"food_state_rnk",36.4333
"51700030100","tract",2019,"food_state_rnk",NA
"51700030300","tract",2019,"food_state_rnk",14.6608
"51700030400","tract",2019,"food_state_rnk",1.6411
"51700030500","tract",2019,"food_state_rnk",15.7549
"51700030600","tract",2019,"food_state_rnk",2.6805
"51700030800","tract",2019,"food_state_rnk",1.8053
"51700030900","tract",2019,"food_state_rnk",0.9847
"51700031100","tract",2019,"food_state_rnk",25.8206
"51700031200","tract",2019,"food_state_rnk",6.5098
"51700031300","tract",2019,"food_state_rnk",7.6586
"51700031400","tract",2019,"food_state_rnk",20.8425
"51700031500","tract",2019,"food_state_rnk",57.4398
"51700031601","tract",2019,"food_state_rnk",40.0164
"51700031602","tract",2019,"food_state_rnk",60.3939
"51700031701","tract",2019,"food_state_rnk",NA
"51700031702","tract",2019,"food_state_rnk",39.7702
"51700031800","tract",2019,"food_state_rnk",95.7877
"51700031901","tract",2019,"food_state_rnk",46.9639
"51700031902","tract",2019,"food_state_rnk",45.8425
"51700032001","tract",2019,"food_state_rnk",33.7527
"51700032002","tract",2019,"food_state_rnk",94.9672
"51700032005","tract",2019,"food_state_rnk",35.9956
"51700032006","tract",2019,"food_state_rnk",3.9387
"51700032007","tract",2019,"food_state_rnk",35.7221
"51700032113","tract",2019,"food_state_rnk",52.6258
"51700032114","tract",2019,"food_state_rnk",31.9475
"51700032117","tract",2019,"food_state_rnk",13.0197
"51700032123","tract",2019,"food_state_rnk",26.6411
"51700032124","tract",2019,"food_state_rnk",39.8796
"51700032126","tract",2019,"food_state_rnk",12.965
"51700032127","tract",2019,"food_state_rnk",22.4289
"51700032128","tract",2019,"food_state_rnk",7.7133
"51700032129","tract",2019,"food_state_rnk",15.3173
"51700032130","tract",2019,"food_state_rnk",71.581
"51700032131","tract",2019,"food_state_rnk",31.4278
"51700032132","tract",2019,"food_state_rnk",67.6969
"51700032211","tract",2019,"food_state_rnk",73.3589
"51700032212","tract",2019,"food_state_rnk",6.7834
"51700032223","tract",2019,"food_state_rnk",42.1772
"51700032224","tract",2019,"food_state_rnk",22.7024
"51700032225","tract",2019,"food_state_rnk",6.1269
"51700032226","tract",2019,"food_state_rnk",5.5799
"51700032300","tract",2019,"food_state_rnk",NA
"51700032400","tract",2019,"food_state_rnk",58.9168
"51710000100","tract",2019,"food_state_rnk",13.5667
"51710000201","tract",2019,"food_state_rnk",7.0022
"51710000202","tract",2019,"food_state_rnk",64.3326
"51710000300","tract",2019,"food_state_rnk",23.7144
"51710000400","tract",2019,"food_state_rnk",61.488
"51710000500","tract",2019,"food_state_rnk",43.4902
"51710000600","tract",2019,"food_state_rnk",23.9059
"51710000700","tract",2019,"food_state_rnk",70.8151
"51710000800","tract",2019,"food_state_rnk",22.7571
"51710000901","tract",2019,"food_state_rnk",NA
"51710000902","tract",2019,"food_state_rnk",NA
"51710001100","tract",2019,"food_state_rnk",4.1028
"51710001200","tract",2019,"food_state_rnk",43.8457
"51710001300","tract",2019,"food_state_rnk",9.5186
"51710001400","tract",2019,"food_state_rnk",24.1794
"51710001500","tract",2019,"food_state_rnk",63.6214
"51710001600","tract",2019,"food_state_rnk",5.0875
"51710001700","tract",2019,"food_state_rnk",30.8534
"51710002000","tract",2019,"food_state_rnk",82.1937
"51710002100","tract",2019,"food_state_rnk",33.5066
"51710002200","tract",2019,"food_state_rnk",78.9934
"51710002300","tract",2019,"food_state_rnk",53.9934
"51710002400","tract",2019,"food_state_rnk",86.1597
"51710002500","tract",2019,"food_state_rnk",NA
"51710002600","tract",2019,"food_state_rnk",NA
"51710002700","tract",2019,"food_state_rnk",7.2757
"51710002800","tract",2019,"food_state_rnk",46.3621
"51710002900","tract",2019,"food_state_rnk",2.8993
"51710003000","tract",2019,"food_state_rnk",48.0853
"51710003100","tract",2019,"food_state_rnk",12.0897
"51710003200","tract",2019,"food_state_rnk",6.8928
"51710003300","tract",2019,"food_state_rnk",11.8162
"51710003400","tract",2019,"food_state_rnk",3.6105
"51710003501","tract",2019,"food_state_rnk",0.3829
"51710003600","tract",2019,"food_state_rnk",86.488
"51710003700","tract",2019,"food_state_rnk",50.4923
"51710003800","tract",2019,"food_state_rnk",93.0525
"51710004001","tract",2019,"food_state_rnk",74.1521
"51710004002","tract",2019,"food_state_rnk",55.4158
"51710004100","tract",2019,"food_state_rnk",0.1641
"51710004200","tract",2019,"food_state_rnk",0.0547
"51710004300","tract",2019,"food_state_rnk",6.291
"51710004400","tract",2019,"food_state_rnk",19.3107
"51710004500","tract",2019,"food_state_rnk",7.4945
"51710004600","tract",2019,"food_state_rnk",2.2976
"51710004700","tract",2019,"food_state_rnk",NA
"51710004800","tract",2019,"food_state_rnk",0.1094
"51710004900","tract",2019,"food_state_rnk",93.2166
"51710005000","tract",2019,"food_state_rnk",5.6893
"51710005100","tract",2019,"food_state_rnk",0.4376
"51710005500","tract",2019,"food_state_rnk",8.4245
"51710005601","tract",2019,"food_state_rnk",34.9015
"51710005602","tract",2019,"food_state_rnk",27.1608
"51710005701","tract",2019,"food_state_rnk",4.5405
"51710005702","tract",2019,"food_state_rnk",12.8556
"51710005800","tract",2019,"food_state_rnk",10.8862
"51710005901","tract",2019,"food_state_rnk",5.8534
"51710005902","tract",2019,"food_state_rnk",21.2801
"51710005903","tract",2019,"food_state_rnk",8.6433
"51710006000","tract",2019,"food_state_rnk",21.198
"51710006100","tract",2019,"food_state_rnk",12.5
"51710006200","tract",2019,"food_state_rnk",32.3304
"51710006400","tract",2019,"food_state_rnk",7.8775
"51710006501","tract",2019,"food_state_rnk",11.2691
"51710006502","tract",2019,"food_state_rnk",13.8676
"51710006601","tract",2019,"food_state_rnk",81.6193
"51710006602","tract",2019,"food_state_rnk",37.6368
"51710006603","tract",2019,"food_state_rnk",34.3818
"51710006604","tract",2019,"food_state_rnk",43.2166
"51710006605","tract",2019,"food_state_rnk",75.6018
"51710006606","tract",2019,"food_state_rnk",67.4234
"51710006607","tract",2019,"food_state_rnk",29.5131
"51710006800","tract",2019,"food_state_rnk",50.2735
"51710006901","tract",2019,"food_state_rnk",19.0372
"51710006902","tract",2019,"food_state_rnk",47.6204
"51710007001","tract",2019,"food_state_rnk",29.2396
"51710007002","tract",2019,"food_state_rnk",42.7243
"51710980100","tract",2019,"food_state_rnk",NA
"51710980200","tract",2019,"food_state_rnk",NA
"51710980300","tract",2019,"food_state_rnk",NA
"51710990000","tract",2019,"food_state_rnk",NA
"51720960100","tract",2019,"food_state_rnk",5.1969
"51730810100","tract",2019,"food_state_rnk",0.6018
"51730810300","tract",2019,"food_state_rnk",13.43
"51730810400","tract",2019,"food_state_rnk",1.3129
"51730810500","tract",2019,"food_state_rnk",7.5492
"51730810600","tract",2019,"food_state_rnk",0.4923
"51730810700","tract",2019,"food_state_rnk",2.4617
"51730810900","tract",2019,"food_state_rnk",7.7681
"51730811000","tract",2019,"food_state_rnk",17.5875
"51730811100","tract",2019,"food_state_rnk",17.6696
"51730811200","tract",2019,"food_state_rnk",9.7921
"51730811300","tract",2019,"food_state_rnk",1.86
"51735340100","tract",2019,"food_state_rnk",88.6761
"51735340200","tract",2019,"food_state_rnk",73.1947
"51735340300","tract",2019,"food_state_rnk",87.0897
"51735990100","tract",2019,"food_state_rnk",NA
"51740210200","tract",2019,"food_state_rnk",15.6729
"51740210300","tract",2019,"food_state_rnk",6.4551
"51740210400","tract",2019,"food_state_rnk",55.9902
"51740210500","tract",2019,"food_state_rnk",1.1488
"51740210600","tract",2019,"food_state_rnk",42.3414
"51740210900","tract",2019,"food_state_rnk",41.6849
"51740211100","tract",2019,"food_state_rnk",3.1729
"51740211400","tract",2019,"food_state_rnk",3.7746
"51740211500","tract",2019,"food_state_rnk",1.9694
"51740211600","tract",2019,"food_state_rnk",15.5908
"51740211700","tract",2019,"food_state_rnk",12.6368
"51740211800","tract",2019,"food_state_rnk",2.5711
"51740211900","tract",2019,"food_state_rnk",10.3392
"51740212000","tract",2019,"food_state_rnk",5.1422
"51740212100","tract",2019,"food_state_rnk",0.3282
"51740212300","tract",2019,"food_state_rnk",6.4004
"51740212400","tract",2019,"food_state_rnk",13.6761
"51740212500","tract",2019,"food_state_rnk",28.7746
"51740212600","tract",2019,"food_state_rnk",29.3764
"51740212701","tract",2019,"food_state_rnk",27.7079
"51740212702","tract",2019,"food_state_rnk",30.4431
"51740212801","tract",2019,"food_state_rnk",33.3972
"51740212802","tract",2019,"food_state_rnk",30.0328
"51740212900","tract",2019,"food_state_rnk",75.0821
"51740213001","tract",2019,"food_state_rnk",87.6368
"51740213002","tract",2019,"food_state_rnk",53.3917
"51740213101","tract",2019,"food_state_rnk",10.0656
"51740213103","tract",2019,"food_state_rnk",8.0963
"51740213104","tract",2019,"food_state_rnk",72.128
"51740213200","tract",2019,"food_state_rnk",31.5098
"51740980100","tract",2019,"food_state_rnk",NA
"51750010101","tract",2019,"food_state_rnk",45.4595
"51750010102","tract",2019,"food_state_rnk",NA
"51750010200","tract",2019,"food_state_rnk",31.4278
"51760010200","tract",2019,"food_state_rnk",68.7637
"51760010300","tract",2019,"food_state_rnk",0.7659
"51760010401","tract",2019,"food_state_rnk",42.2867
"51760010402","tract",2019,"food_state_rnk",29.7593
"51760010500","tract",2019,"food_state_rnk",37.1444
"51760010600","tract",2019,"food_state_rnk",29.8687
"51760010700","tract",2019,"food_state_rnk",21.0066
"51760010800","tract",2019,"food_state_rnk",5.0328
"51760010900","tract",2019,"food_state_rnk",1.5317
"51760011000","tract",2019,"food_state_rnk",17.8337
"51760011100","tract",2019,"food_state_rnk",28.0635
"51760020100","tract",2019,"food_state_rnk",0.2188
"51760020200","tract",2019,"food_state_rnk",0.2735
"51760020300","tract",2019,"food_state_rnk",20.5142
"51760020400","tract",2019,"food_state_rnk",0.547
"51760020500","tract",2019,"food_state_rnk",29.5131
"51760020600","tract",2019,"food_state_rnk",44.1466
"51760020700","tract",2019,"food_state_rnk",9.8468
"51760020800","tract",2019,"food_state_rnk",53.7473
"51760020900","tract",2019,"food_state_rnk",29.6499
"51760021000","tract",2019,"food_state_rnk",2.2429
"51760021100","tract",2019,"food_state_rnk",11.1597
"51760021200","tract",2019,"food_state_rnk",8.5886
"51760030100","tract",2019,"food_state_rnk",0
"51760030200","tract",2019,"food_state_rnk",59.9289
"51760030500","tract",2019,"food_state_rnk",66.0011
"51760040200","tract",2019,"food_state_rnk",29.1028
"51760040300","tract",2019,"food_state_rnk",NA
"51760040400","tract",2019,"food_state_rnk",81.0449
"51760040500","tract",2019,"food_state_rnk",49.1794
"51760040600","tract",2019,"food_state_rnk",76.9147
"51760040700","tract",2019,"food_state_rnk",76.8326
"51760040800","tract",2019,"food_state_rnk",66.6028
"51760040900","tract",2019,"food_state_rnk",43.709
"51760041000","tract",2019,"food_state_rnk",67.8884
"51760041100","tract",2019,"food_state_rnk",16.2473
"51760041200","tract",2019,"food_state_rnk",80.1969
"51760041300","tract",2019,"food_state_rnk",11.2144
"51760041400","tract",2019,"food_state_rnk",24.07
"51760041600","tract",2019,"food_state_rnk",67.9705
"51760050100","tract",2019,"food_state_rnk",80.4705
"51760050200","tract",2019,"food_state_rnk",87.965
"51760050300","tract",2019,"food_state_rnk",64.1685
"51760050400","tract",2019,"food_state_rnk",93.1072
"51760050500","tract",2019,"food_state_rnk",NA
"51760050600","tract",2019,"food_state_rnk",94.3381
"51760060200","tract",2019,"food_state_rnk",7.9322
"51760060400","tract",2019,"food_state_rnk",1.0394
"51760060500","tract",2019,"food_state_rnk",38.5394
"51760060600","tract",2019,"food_state_rnk",71.1707
"51760060700","tract",2019,"food_state_rnk",0.6565
"51760060800","tract",2019,"food_state_rnk",2.407
"51760060900","tract",2019,"food_state_rnk",1.0941
"51760061000","tract",2019,"food_state_rnk",4.814
"51760070100","tract",2019,"food_state_rnk",79.1575
"51760070300","tract",2019,"food_state_rnk",47.2648
"51760070400","tract",2019,"food_state_rnk",47.4836
"51760070601","tract",2019,"food_state_rnk",7.221
"51760070602","tract",2019,"food_state_rnk",5.744
"51760070700","tract",2019,"food_state_rnk",11.6794
"51760070801","tract",2019,"food_state_rnk",7.0842
"51760070802","tract",2019,"food_state_rnk",40.0985
"51760070900","tract",2019,"food_state_rnk",12.1444
"51760071001","tract",2019,"food_state_rnk",3.5558
"51760071002","tract",2019,"food_state_rnk",30.2516
"51760071100","tract",2019,"food_state_rnk",19.256
"51770000100","tract",2019,"food_state_rnk",3.2276
"51770000300","tract",2019,"food_state_rnk",19.1466
"51770000400","tract",2019,"food_state_rnk",11.5427
"51770000500","tract",2019,"food_state_rnk",7.8228
"51770000601","tract",2019,"food_state_rnk",44.9672
"51770000602","tract",2019,"food_state_rnk",10.2298
"51770000900","tract",2019,"food_state_rnk",5.4705
"51770001000","tract",2019,"food_state_rnk",0.7112
"51770001100","tract",2019,"food_state_rnk",82.6586
"51770001200","tract",2019,"food_state_rnk",43.9278
"51770001800","tract",2019,"food_state_rnk",41.767
"51770001900","tract",2019,"food_state_rnk",42.4781
"51770002100","tract",2019,"food_state_rnk",52.8993
"51770002200","tract",2019,"food_state_rnk",21.9365
"51770002300","tract",2019,"food_state_rnk",13.2385
"51770002400","tract",2019,"food_state_rnk",5.6346
"51770002500","tract",2019,"food_state_rnk",1.2582
"51770002600","tract",2019,"food_state_rnk",2.954
"51770002700","tract",2019,"food_state_rnk",2.5164
"51770002800","tract",2019,"food_state_rnk",17.3961
"51770002900","tract",2019,"food_state_rnk",99.07
"51770003000","tract",2019,"food_state_rnk",51.3129
"51770003100","tract",2019,"food_state_rnk",69.1466
"51775010100","tract",2019,"food_state_rnk",32.3851
"51775010200","tract",2019,"food_state_rnk",61.105
"51775010300","tract",2019,"food_state_rnk",26.1488
"51775010501","tract",2019,"food_state_rnk",90.5361
"51775010502","tract",2019,"food_state_rnk",51.0394
"51790000100","tract",2019,"food_state_rnk",30.7987
"51790000200","tract",2019,"food_state_rnk",27.5164
"51790000300","tract",2019,"food_state_rnk",53.9387
"51790000400","tract",2019,"food_state_rnk",66.7943
"51790000500","tract",2019,"food_state_rnk",58.151
"51790000600","tract",2019,"food_state_rnk",40.1805
"51800065100","tract",2019,"food_state_rnk",5.3063
"51800065200","tract",2019,"food_state_rnk",26.7505
"51800065300","tract",2019,"food_state_rnk",3.0635
"51800065400","tract",2019,"food_state_rnk",2.1882
"51800065500","tract",2019,"food_state_rnk",1.7505
"51800075101","tract",2019,"food_state_rnk",39.7155
"51800075102","tract",2019,"food_state_rnk",74.3162
"51800075201","tract",2019,"food_state_rnk",70.1313
"51800075202","tract",2019,"food_state_rnk",91.4114
"51800075203","tract",2019,"food_state_rnk",88.8676
"51800075204","tract",2019,"food_state_rnk",35.3939
"51800075301","tract",2019,"food_state_rnk",72.4562
"51800075302","tract",2019,"food_state_rnk",63.8403
"51800075401","tract",2019,"food_state_rnk",33.3151
"51800075402","tract",2019,"food_state_rnk",44.9672
"51800075403","tract",2019,"food_state_rnk",52.1882
"51800075404","tract",2019,"food_state_rnk",30.0875
"51800075405","tract",2019,"food_state_rnk",79.0481
"51800075501","tract",2019,"food_state_rnk",9.4639
"51800075502","tract",2019,"food_state_rnk",71.8545
"51800075601","tract",2019,"food_state_rnk",1.477
"51800075602","tract",2019,"food_state_rnk",90.8096
"51800075701","tract",2019,"food_state_rnk",16.9584
"51800075702","tract",2019,"food_state_rnk",48.8512
"51800075703","tract",2019,"food_state_rnk",76.5591
"51800075801","tract",2019,"food_state_rnk",28.419
"51800075802","tract",2019,"food_state_rnk",15.8096
"51800075803","tract",2019,"food_state_rnk",26.3676
"51810040000","tract",2019,"food_state_rnk",NA
"51810040200","tract",2019,"food_state_rnk",19.5295
"51810040402","tract",2019,"food_state_rnk",21.6083
"51810040403","tract",2019,"food_state_rnk",32.1663
"51810040404","tract",2019,"food_state_rnk",82.8228
"51810040600","tract",2019,"food_state_rnk",26.4497
"51810040801","tract",2019,"food_state_rnk",55.6893
"51810040802","tract",2019,"food_state_rnk",64.6335
"51810041002","tract",2019,"food_state_rnk",34.0263
"51810041003","tract",2019,"food_state_rnk",51.3676
"51810041004","tract",2019,"food_state_rnk",14.4967
"51810041200","tract",2019,"food_state_rnk",93.791
"51810041400","tract",2019,"food_state_rnk",99.3435
"51810041600","tract",2019,"food_state_rnk",70.8151
"51810041801","tract",2019,"food_state_rnk",96.663
"51810041802","tract",2019,"food_state_rnk",76.9967
"51810042000","tract",2019,"food_state_rnk",97.1554
"51810042201","tract",2019,"food_state_rnk",77.7899
"51810042202","tract",2019,"food_state_rnk",78.3643
"51810042400","tract",2019,"food_state_rnk",58.2604
"51810042600","tract",2019,"food_state_rnk",29.2396
"51810042801","tract",2019,"food_state_rnk",54.9508
"51810042802","tract",2019,"food_state_rnk",34.5186
"51810043002","tract",2019,"food_state_rnk",94.2287
"51810043003","tract",2019,"food_state_rnk",92.7516
"51810043004","tract",2019,"food_state_rnk",82.4125
"51810043200","tract",2019,"food_state_rnk",92.0131
"51810043400","tract",2019,"food_state_rnk",93.326
"51810043600","tract",2019,"food_state_rnk",92.8884
"51810043800","tract",2019,"food_state_rnk",95.2681
"51810044001","tract",2019,"food_state_rnk",39.5788
"51810044003","tract",2019,"food_state_rnk",91.3567
"51810044004","tract",2019,"food_state_rnk",64.3873
"51810044200","tract",2019,"food_state_rnk",9.7374
"51810044401","tract",2019,"food_state_rnk",92.314
"51810044402","tract",2019,"food_state_rnk",69.0372
"51810044600","tract",2019,"food_state_rnk",98.6324
"51810044805","tract",2019,"food_state_rnk",51.4223
"51810044806","tract",2019,"food_state_rnk",10.6127
"51810044807","tract",2019,"food_state_rnk",35.8042
"51810044808","tract",2019,"food_state_rnk",25.8753
"51810045000","tract",2019,"food_state_rnk",NA
"51810045200","tract",2019,"food_state_rnk",NA
"51810045405","tract",2019,"food_state_rnk",57.6586
"51810045406","tract",2019,"food_state_rnk",27.3523
"51810045407","tract",2019,"food_state_rnk",42.5602
"51810045408","tract",2019,"food_state_rnk",37.2538
"51810045412","tract",2019,"food_state_rnk",68.5996
"51810045414","tract",2019,"food_state_rnk",14.0591
"51810045415","tract",2019,"food_state_rnk",20.2407
"51810045417","tract",2019,"food_state_rnk",99.6171
"51810045420","tract",2019,"food_state_rnk",90.4267
"51810045421","tract",2019,"food_state_rnk",65.3446
"51810045422","tract",2019,"food_state_rnk",78.5558
"51810045423","tract",2019,"food_state_rnk",82.2757
"51810045424","tract",2019,"food_state_rnk",97.9759
"51810045425","tract",2019,"food_state_rnk",90.3446
"51810045426","tract",2019,"food_state_rnk",98.8512
"51810045427","tract",2019,"food_state_rnk",89.6608
"51810045428","tract",2019,"food_state_rnk",95.1313
"51810045601","tract",2019,"food_state_rnk",30.9354
"51810045603","tract",2019,"food_state_rnk",32.221
"51810045604","tract",2019,"food_state_rnk",32.5766
"51810045801","tract",2019,"food_state_rnk",37.035
"51810045803","tract",2019,"food_state_rnk",42.1225
"51810045805","tract",2019,"food_state_rnk",51.6411
"51810045806","tract",2019,"food_state_rnk",22.8939
"51810045807","tract",2019,"food_state_rnk",45.3501
"51810045808","tract",2019,"food_state_rnk",25.6018
"51810045809","tract",2019,"food_state_rnk",45.5142
"51810045810","tract",2019,"food_state_rnk",1.4223
"51810046002","tract",2019,"food_state_rnk",43.3807
"51810046005","tract",2019,"food_state_rnk",65.4267
"51810046006","tract",2019,"food_state_rnk",90.0985
"51810046009","tract",2019,"food_state_rnk",60.7221
"51810046010","tract",2019,"food_state_rnk",31.6193
"51810046011","tract",2019,"food_state_rnk",26.6958
"51810046012","tract",2019,"food_state_rnk",59.7374
"51810046013","tract",2019,"food_state_rnk",38.7309
"51810046014","tract",2019,"food_state_rnk",46.2801
"51810046015","tract",2019,"food_state_rnk",54.4584
"51810046016","tract",2019,"food_state_rnk",94.4748
"51810046204","tract",2019,"food_state_rnk",47.5383
"51810046206","tract",2019,"food_state_rnk",70.2133
"51810046207","tract",2019,"food_state_rnk",78.0088
"51810046211","tract",2019,"food_state_rnk",87.6915
"51810046212","tract",2019,"food_state_rnk",92.4234
"51810046213","tract",2019,"food_state_rnk",23.1674
"51810046214","tract",2019,"food_state_rnk",44.9672
"51810046216","tract",2019,"food_state_rnk",75
"51810046217","tract",2019,"food_state_rnk",94.5842
"51810046219","tract",2019,"food_state_rnk",63.2932
"51810046220","tract",2019,"food_state_rnk",47.2648
"51810046221","tract",2019,"food_state_rnk",19.9672
"51810046222","tract",2019,"food_state_rnk",68.9004
"51810046223","tract",2019,"food_state_rnk",69.5569
"51810046224","tract",2019,"food_state_rnk",44.2834
"51810046225","tract",2019,"food_state_rnk",65.6182
"51810046400","tract",2019,"food_state_rnk",74.7812
"51810990100","tract",2019,"food_state_rnk",NA
"51820003100","tract",2019,"food_state_rnk",53.1182
"51820003200","tract",2019,"food_state_rnk",4.267
"51820003300","tract",2019,"food_state_rnk",9.1904
"51820003400","tract",2019,"food_state_rnk",49.7265
"51820003500","tract",2019,"food_state_rnk",63.4026
"51830370100","tract",2019,"food_state_rnk",94.4748
"51830370200","tract",2019,"food_state_rnk",15.8643
"51830370300","tract",2019,"food_state_rnk",NA
"51840000100","tract",2019,"food_state_rnk",21.8545
"51840000201","tract",2019,"food_state_rnk",49.2888
"51840000202","tract",2019,"food_state_rnk",99.2888
"51840000301","tract",2019,"food_state_rnk",24.7265
"51840000302","tract",2019,"food_state_rnk",33.6433
