"geoid","geolevel","year","level","value"
"18001030100","tract",2019,"food_score",121.66
"18001030200","tract",2019,"food_score",98.52
"18001030300","tract",2019,"food_score",116.86
"18001030400","tract",2019,"food_score",118.71
"18001030500","tract",2019,"food_score",116.02
"18001030600","tract",2019,"food_score",94.8
"18001030700","tract",2019,"food_score",110.74
"18003000100","tract",2019,"food_score",90.47
"18003000300","tract",2019,"food_score",111.04
"18003000400","tract",2019,"food_score",105.98
"18003000500","tract",2019,"food_score",74.4
"18003000600","tract",2019,"food_score",72.54
"18003000701","tract",2019,"food_score",85.25
"18003000704","tract",2019,"food_score",100.81
"18003000800","tract",2019,"food_score",93.15
"18003000900","tract",2019,"food_score",85.12
"18003001000","tract",2019,"food_score",69.51
"18003001100","tract",2019,"food_score",101.95
"18003001200","tract",2019,"food_score",70.21
"18003001300","tract",2019,"food_score",NA
"18003001600","tract",2019,"food_score",55.19
"18003001700","tract",2019,"food_score",60.81
"18003002000","tract",2019,"food_score",61.78
"18003002100","tract",2019,"food_score",59.89
"18003002200","tract",2019,"food_score",77.39
"18003002300","tract",2019,"food_score",61.14
"18003002500","tract",2019,"food_score",90.43
"18003002600","tract",2019,"food_score",76.79
"18003002800","tract",2019,"food_score",67.53
"18003002900","tract",2019,"food_score",43.67
"18003003000","tract",2019,"food_score",61.96
"18003003100","tract",2019,"food_score",75.81
"18003003200","tract",2019,"food_score",113.09
"18003003301","tract",2019,"food_score",113.47
"18003003304","tract",2019,"food_score",105.46
"18003003400","tract",2019,"food_score",107.38
"18003003500","tract",2019,"food_score",92.18
"18003003600","tract",2019,"food_score",88.26
"18003003700","tract",2019,"food_score",101.62
"18003003800","tract",2019,"food_score",85.9
"18003003901","tract",2019,"food_score",114.07
"18003003902","tract",2019,"food_score",102.5
"18003004000","tract",2019,"food_score",64.9
"18003004101","tract",2019,"food_score",102.03
"18003004103","tract",2019,"food_score",112.81
"18003004300","tract",2019,"food_score",58.37
"18003004400","tract",2019,"food_score",82.52
"18003010100","tract",2019,"food_score",118.54
"18003010201","tract",2019,"food_score",118.67
"18003010202","tract",2019,"food_score",121.4
"18003010304","tract",2019,"food_score",124.56
"18003010305","tract",2019,"food_score",126.83
"18003010306","tract",2019,"food_score",119.56
"18003010307","tract",2019,"food_score",120.93
"18003010308","tract",2019,"food_score",123.89
"18003010400","tract",2019,"food_score",113.78
"18003010500","tract",2019,"food_score",103.58
"18003010601","tract",2019,"food_score",115.52
"18003010602","tract",2019,"food_score",104.24
"18003010603","tract",2019,"food_score",106.97
"18003010604","tract",2019,"food_score",74.25
"18003010705","tract",2019,"food_score",120.54
"18003010706","tract",2019,"food_score",108.32
"18003010707","tract",2019,"food_score",111.69
"18003010803","tract",2019,"food_score",114.99
"18003010804","tract",2019,"food_score",92.21
"18003010807","tract",2019,"food_score",104.57
"18003010808","tract",2019,"food_score",120.53
"18003010809","tract",2019,"food_score",101.41
"18003010811","tract",2019,"food_score",120.11
"18003010812","tract",2019,"food_score",115.65
"18003010813","tract",2019,"food_score",102.91
"18003010815","tract",2019,"food_score",115.51
"18003010816","tract",2019,"food_score",122.37
"18003010817","tract",2019,"food_score",108.86
"18003010819","tract",2019,"food_score",104.66
"18003010821","tract",2019,"food_score",75.15
"18003010900","tract",2019,"food_score",118.55
"18003011000","tract",2019,"food_score",120.45
"18003011100","tract",2019,"food_score",103.32
"18003011201","tract",2019,"food_score",82.48
"18003011202","tract",2019,"food_score",98.02
"18003011204","tract",2019,"food_score",103.96
"18003011205","tract",2019,"food_score",110.43
"18003011302","tract",2019,"food_score",77.98
"18003011303","tract",2019,"food_score",70.47
"18003011304","tract",2019,"food_score",80.8
"18003011501","tract",2019,"food_score",86.72
"18003011502","tract",2019,"food_score",120.85
"18003011603","tract",2019,"food_score",122.92
"18003011604","tract",2019,"food_score",126.82
"18003011605","tract",2019,"food_score",118.69
"18003011606","tract",2019,"food_score",116.35
"18003011607","tract",2019,"food_score",109.27
"18003011608","tract",2019,"food_score",109.96
"18003011609","tract",2019,"food_score",126.84
"18003011701","tract",2019,"food_score",118.76
"18003011702","tract",2019,"food_score",113.99
"18003011801","tract",2019,"food_score",119.75
"18003011802","tract",2019,"food_score",118.77
"18003011900","tract",2019,"food_score",114.24
"18003980001","tract",2019,"food_score",NA
"18003980002","tract",2019,"food_score",NA
"18005010100","tract",2019,"food_score",83.6
"18005010200","tract",2019,"food_score",101.12
"18005010300","tract",2019,"food_score",112.98
"18005010400","tract",2019,"food_score",95.11
"18005010500","tract",2019,"food_score",109.59
"18005010600","tract",2019,"food_score",96.74
"18005010700","tract",2019,"food_score",107.16
"18005010800","tract",2019,"food_score",99.5
"18005010900","tract",2019,"food_score",119.94
"18005011000","tract",2019,"food_score",102.32
"18005011100","tract",2019,"food_score",113.73
"18005011200","tract",2019,"food_score",103.49
"18005011300","tract",2019,"food_score",111.61
"18005011400","tract",2019,"food_score",107.31
"18005011500","tract",2019,"food_score",120.21
"18007100100","tract",2019,"food_score",107.95
"18007100200","tract",2019,"food_score",101.71
"18007100300","tract",2019,"food_score",92.66
"18009975100","tract",2019,"food_score",97.11
"18009975200","tract",2019,"food_score",86.69
"18009975300","tract",2019,"food_score",90.84
"18009975400","tract",2019,"food_score",115.46
"18011810100","tract",2019,"food_score",106.18
"18011810200","tract",2019,"food_score",117.18
"18011810300","tract",2019,"food_score",103.16
"18011810400","tract",2019,"food_score",97.29
"18011810500","tract",2019,"food_score",114.26
"18011810601","tract",2019,"food_score",121.76
"18011810603","tract",2019,"food_score",125.87
"18011810604","tract",2019,"food_score",123.26
"18011810605","tract",2019,"food_score",122.09
"18011810700","tract",2019,"food_score",110.98
"18013974600","tract",2019,"food_score",105.17
"18013974700","tract",2019,"food_score",115.37
"18013974800","tract",2019,"food_score",107.4
"18013974900","tract",2019,"food_score",114.07
"18015959300","tract",2019,"food_score",117.5
"18015959400","tract",2019,"food_score",115.57
"18015959500","tract",2019,"food_score",121.69
"18015959600","tract",2019,"food_score",108.79
"18015959700","tract",2019,"food_score",120.96
"18015959800","tract",2019,"food_score",102.21
"18015959900","tract",2019,"food_score",110.53
"18017950900","tract",2019,"food_score",110.6
"18017951000","tract",2019,"food_score",101.92
"18017951100","tract",2019,"food_score",111.46
"18017951200","tract",2019,"food_score",101.82
"18017951300","tract",2019,"food_score",100.99
"18017951400","tract",2019,"food_score",97.28
"18017951500","tract",2019,"food_score",95.1
"18017951600","tract",2019,"food_score",104.16
"18017951700","tract",2019,"food_score",115.35
"18017951800","tract",2019,"food_score",106.36
"18017951900","tract",2019,"food_score",120.85
"18019050100","tract",2019,"food_score",106.39
"18019050200","tract",2019,"food_score",75.15
"18019050303","tract",2019,"food_score",96.43
"18019050304","tract",2019,"food_score",98.66
"18019050305","tract",2019,"food_score",121.48
"18019050306","tract",2019,"food_score",92.52
"18019050401","tract",2019,"food_score",110.61
"18019050403","tract",2019,"food_score",96.29
"18019050404","tract",2019,"food_score",112.35
"18019050501","tract",2019,"food_score",113.31
"18019050503","tract",2019,"food_score",113.84
"18019050504","tract",2019,"food_score",104.91
"18019050603","tract",2019,"food_score",103.51
"18019050604","tract",2019,"food_score",116.8
"18019050605","tract",2019,"food_score",116.6
"18019050606","tract",2019,"food_score",109
"18019050701","tract",2019,"food_score",123.21
"18019050703","tract",2019,"food_score",114.57
"18019050704","tract",2019,"food_score",120.14
"18019050801","tract",2019,"food_score",115.53
"18019050803","tract",2019,"food_score",123.95
"18019050804","tract",2019,"food_score",118.45
"18019050902","tract",2019,"food_score",99.79
"18019050903","tract",2019,"food_score",89.37
"18019050904","tract",2019,"food_score",117.92
"18019051000","tract",2019,"food_score",114.03
"18021040100","tract",2019,"food_score",82.61
"18021040200","tract",2019,"food_score",96.98
"18021040300","tract",2019,"food_score",115.68
"18021040400","tract",2019,"food_score",110.48
"18021040500","tract",2019,"food_score",116
"18021040600","tract",2019,"food_score",106.77
"18023950100","tract",2019,"food_score",118.6
"18023950200","tract",2019,"food_score",117.66
"18023950300","tract",2019,"food_score",115.02
"18023950400","tract",2019,"food_score",108.27
"18023950500","tract",2019,"food_score",93.63
"18023950600","tract",2019,"food_score",96.4
"18023950700","tract",2019,"food_score",109.02
"18023950800","tract",2019,"food_score",73.65
"18025951900","tract",2019,"food_score",96.7
"18025952000","tract",2019,"food_score",98.26
"18025952100","tract",2019,"food_score",98.55
"18027954300","tract",2019,"food_score",110.41
"18027954400","tract",2019,"food_score",115.62
"18027954500","tract",2019,"food_score",124.87
"18027954600","tract",2019,"food_score",104.63
"18027954700","tract",2019,"food_score",87.73
"18027954800","tract",2019,"food_score",105.45
"18027954900","tract",2019,"food_score",108.72
"18029080101","tract",2019,"food_score",118.01
"18029080103","tract",2019,"food_score",117.33
"18029080104","tract",2019,"food_score",117.61
"18029080201","tract",2019,"food_score",113.93
"18029080202","tract",2019,"food_score",110.87
"18029080300","tract",2019,"food_score",80.79
"18029080400","tract",2019,"food_score",117.47
"18029080500","tract",2019,"food_score",72.94
"18029080600","tract",2019,"food_score",115.36
"18029080700","tract",2019,"food_score",105.38
"18031969000","tract",2019,"food_score",116.31
"18031969100","tract",2019,"food_score",97.37
"18031969200","tract",2019,"food_score",103.33
"18031969300","tract",2019,"food_score",102.47
"18031969400","tract",2019,"food_score",116.96
"18031969500","tract",2019,"food_score",108.46
"18033020100","tract",2019,"food_score",120.36
"18033020200","tract",2019,"food_score",106.73
"18033020300","tract",2019,"food_score",110.5
"18033020400","tract",2019,"food_score",116.84
"18033020500","tract",2019,"food_score",87.18
"18033020601","tract",2019,"food_score",94.49
"18033020602","tract",2019,"food_score",110.43
"18033020700","tract",2019,"food_score",108.57
"18033020800","tract",2019,"food_score",114.8
"18035000300","tract",2019,"food_score",63.43
"18035000400","tract",2019,"food_score",58.06
"18035000500","tract",2019,"food_score",77.32
"18035000600","tract",2019,"food_score",56.16
"18035000700","tract",2019,"food_score",118.27
"18035000800","tract",2019,"food_score",113.06
"18035000902","tract",2019,"food_score",NA
"18035000903","tract",2019,"food_score",99
"18035000904","tract",2019,"food_score",103.45
"18035001000","tract",2019,"food_score",99.61
"18035001100","tract",2019,"food_score",97.32
"18035001200","tract",2019,"food_score",36.23
"18035001300","tract",2019,"food_score",76.37
"18035001400","tract",2019,"food_score",83.68
"18035001500","tract",2019,"food_score",69.91
"18035001600","tract",2019,"food_score",64.38
"18035001700","tract",2019,"food_score",56.12
"18035002000","tract",2019,"food_score",78.8
"18035002100","tract",2019,"food_score",64.59
"18035002200","tract",2019,"food_score",111.35
"18035002301","tract",2019,"food_score",108.43
"18035002302","tract",2019,"food_score",112.72
"18035002401","tract",2019,"food_score",108.11
"18035002402","tract",2019,"food_score",121.03
"18035002500","tract",2019,"food_score",98.77
"18035002601","tract",2019,"food_score",116.46
"18035002602","tract",2019,"food_score",95.6
"18035002700","tract",2019,"food_score",111.34
"18035002800","tract",2019,"food_score",49.47
"18035002900","tract",2019,"food_score",111.13
"18037953200","tract",2019,"food_score",121.76
"18037953300","tract",2019,"food_score",109.5
"18037953400","tract",2019,"food_score",116.61
"18037953500","tract",2019,"food_score",123.02
"18037953600","tract",2019,"food_score",119.29
"18037953700","tract",2019,"food_score",124.79
"18037953800","tract",2019,"food_score",109.23
"18039000100","tract",2019,"food_score",88.43
"18039000200","tract",2019,"food_score",106
"18039000301","tract",2019,"food_score",121.16
"18039000302","tract",2019,"food_score",114.9
"18039000400","tract",2019,"food_score",112.48
"18039000501","tract",2019,"food_score",105.69
"18039000502","tract",2019,"food_score",111.3
"18039000600","tract",2019,"food_score",117.17
"18039000700","tract",2019,"food_score",112.01
"18039000801","tract",2019,"food_score",112.26
"18039000802","tract",2019,"food_score",115.77
"18039000900","tract",2019,"food_score",121.14
"18039001000","tract",2019,"food_score",119.73
"18039001100","tract",2019,"food_score",112.38
"18039001200","tract",2019,"food_score",116.82
"18039001300","tract",2019,"food_score",118.16
"18039001400","tract",2019,"food_score",125.04
"18039001501","tract",2019,"food_score",92.27
"18039001502","tract",2019,"food_score",113.43
"18039001601","tract",2019,"food_score",95.04
"18039001602","tract",2019,"food_score",114.74
"18039001701","tract",2019,"food_score",84.86
"18039001702","tract",2019,"food_score",85.5
"18039001801","tract",2019,"food_score",121
"18039001802","tract",2019,"food_score",109.96
"18039001901","tract",2019,"food_score",103.55
"18039001902","tract",2019,"food_score",117.95
"18039002000","tract",2019,"food_score",103.85
"18039002101","tract",2019,"food_score",113.17
"18039002102","tract",2019,"food_score",94.89
"18039002200","tract",2019,"food_score",96.8
"18039002300","tract",2019,"food_score",93.13
"18039002400","tract",2019,"food_score",99.89
"18039002600","tract",2019,"food_score",61.07
"18039002700","tract",2019,"food_score",70.67
"18039002900","tract",2019,"food_score",95.12
"18041954000","tract",2019,"food_score",111.03
"18041954100","tract",2019,"food_score",83.72
"18041954200","tract",2019,"food_score",114.41
"18041954300","tract",2019,"food_score",94.01
"18041954400","tract",2019,"food_score",62.31
"18041954500","tract",2019,"food_score",91.31
"18041954600","tract",2019,"food_score",99.71
"18043070200","tract",2019,"food_score",74.52
"18043070301","tract",2019,"food_score",105.85
"18043070302","tract",2019,"food_score",118.24
"18043070400","tract",2019,"food_score",98.81
"18043070500","tract",2019,"food_score",91.73
"18043070600","tract",2019,"food_score",113.74
"18043070700","tract",2019,"food_score",83.89
"18043070801","tract",2019,"food_score",56.98
"18043070802","tract",2019,"food_score",104.68
"18043070901","tract",2019,"food_score",110.4
"18043070902","tract",2019,"food_score",79.58
"18043071003","tract",2019,"food_score",118.75
"18043071004","tract",2019,"food_score",118.95
"18043071005","tract",2019,"food_score",120.73
"18043071006","tract",2019,"food_score",106.15
"18043071007","tract",2019,"food_score",118.03
"18043071101","tract",2019,"food_score",116.25
"18043071103","tract",2019,"food_score",126.61
"18043071104","tract",2019,"food_score",118.09
"18043071200","tract",2019,"food_score",118.4
"18045957600","tract",2019,"food_score",98.81
"18045957700","tract",2019,"food_score",101.57
"18045957800","tract",2019,"food_score",102.39
"18045957900","tract",2019,"food_score",99.85
"18045958000","tract",2019,"food_score",105.04
"18047960100","tract",2019,"food_score",117.25
"18047969600","tract",2019,"food_score",109.4
"18047969700","tract",2019,"food_score",96.91
"18047969800","tract",2019,"food_score",118.62
"18047969900","tract",2019,"food_score",96.41
"18049953000","tract",2019,"food_score",116.41
"18049953100","tract",2019,"food_score",105.57
"18049953200","tract",2019,"food_score",118.72
"18049953300","tract",2019,"food_score",109.92
"18049953400","tract",2019,"food_score",116.18
"18049953500","tract",2019,"food_score",105.5
"18051050100","tract",2019,"food_score",112.84
"18051050200","tract",2019,"food_score",127.24
"18051050300","tract",2019,"food_score",114.31
"18051050401","tract",2019,"food_score",85.72
"18051050402","tract",2019,"food_score",109.95
"18051050501","tract",2019,"food_score",100.24
"18051050502","tract",2019,"food_score",106.76
"18053000100","tract",2019,"food_score",73.69
"18053000200","tract",2019,"food_score",68.38
"18053000400","tract",2019,"food_score",83.48
"18053000500","tract",2019,"food_score",114.42
"18053000600","tract",2019,"food_score",66.89
"18053000700","tract",2019,"food_score",72.73
"18053000800","tract",2019,"food_score",NA
"18053000900","tract",2019,"food_score",83.29
"18053010100","tract",2019,"food_score",118.57
"18053010200","tract",2019,"food_score",120
"18053010300","tract",2019,"food_score",99.77
"18053010400","tract",2019,"food_score",106.99
"18053010500","tract",2019,"food_score",99.99
"18053010600","tract",2019,"food_score",88.87
"18053010700","tract",2019,"food_score",115.4
"18053010800","tract",2019,"food_score",107.75
"18055954701","tract",2019,"food_score",111.72
"18055954702","tract",2019,"food_score",107.86
"18055954800","tract",2019,"food_score",102.16
"18055954900","tract",2019,"food_score",108.64
"18055955000","tract",2019,"food_score",93.63
"18055955100","tract",2019,"food_score",101.36
"18055955200","tract",2019,"food_score",85.28
"18055955300","tract",2019,"food_score",111.22
"18055955400","tract",2019,"food_score",98.48
"18057110100","tract",2019,"food_score",117.46
"18057110201","tract",2019,"food_score",108.5
"18057110202","tract",2019,"food_score",115.66
"18057110300","tract",2019,"food_score",121.07
"18057110401","tract",2019,"food_score",119.74
"18057110403","tract",2019,"food_score",110.44
"18057110404","tract",2019,"food_score",119.39
"18057110505","tract",2019,"food_score",127.64
"18057110506","tract",2019,"food_score",119.56
"18057110507","tract",2019,"food_score",130.81
"18057110508","tract",2019,"food_score",119.81
"18057110509","tract",2019,"food_score",109.25
"18057110511","tract",2019,"food_score",119.65
"18057110512","tract",2019,"food_score",114.95
"18057110600","tract",2019,"food_score",98.75
"18057110700","tract",2019,"food_score",108.22
"18057110804","tract",2019,"food_score",135.18
"18057110805","tract",2019,"food_score",128.67
"18057110806","tract",2019,"food_score",127.88
"18057110807","tract",2019,"food_score",122.16
"18057110808","tract",2019,"food_score",128.06
"18057110809","tract",2019,"food_score",125.51
"18057110810","tract",2019,"food_score",116.28
"18057110811","tract",2019,"food_score",114.77
"18057110812","tract",2019,"food_score",117.62
"18057110903","tract",2019,"food_score",130.11
"18057110904","tract",2019,"food_score",124.97
"18057110905","tract",2019,"food_score",116.24
"18057110906","tract",2019,"food_score",126.09
"18057110907","tract",2019,"food_score",129.25
"18057110908","tract",2019,"food_score",128.35
"18057111001","tract",2019,"food_score",131.59
"18057111003","tract",2019,"food_score",127.63
"18057111004","tract",2019,"food_score",128.19
"18057111006","tract",2019,"food_score",111.85
"18057111007","tract",2019,"food_score",102.75
"18057111008","tract",2019,"food_score",121.66
"18057111101","tract",2019,"food_score",124.27
"18057111102","tract",2019,"food_score",124.11
"18059410100","tract",2019,"food_score",108.99
"18059410200","tract",2019,"food_score",123.45
"18059410300","tract",2019,"food_score",120.77
"18059410400","tract",2019,"food_score",108.4
"18059410500","tract",2019,"food_score",105.83
"18059410600","tract",2019,"food_score",103.52
"18059410700","tract",2019,"food_score",111.93
"18059410800","tract",2019,"food_score",124.2
"18059410900","tract",2019,"food_score",123.56
"18059411000","tract",2019,"food_score",117.13
"18061060100","tract",2019,"food_score",113.02
"18061060200","tract",2019,"food_score",116.13
"18061060300","tract",2019,"food_score",107.45
"18061060400","tract",2019,"food_score",105.95
"18061060500","tract",2019,"food_score",110.56
"18061060600","tract",2019,"food_score",106.2
"18063210102","tract",2019,"food_score",131.06
"18063210103","tract",2019,"food_score",121.13
"18063210104","tract",2019,"food_score",123.43
"18063210201","tract",2019,"food_score",117.71
"18063210202","tract",2019,"food_score",114.96
"18063210300","tract",2019,"food_score",126.04
"18063210400","tract",2019,"food_score",120.66
"18063210501","tract",2019,"food_score",120.23
"18063210502","tract",2019,"food_score",119.87
"18063210603","tract",2019,"food_score",124.47
"18063210604","tract",2019,"food_score",131.26
"18063210605","tract",2019,"food_score",131.56
"18063210606","tract",2019,"food_score",119.27
"18063210607","tract",2019,"food_score",96.58
"18063210608","tract",2019,"food_score",122.04
"18063210700","tract",2019,"food_score",133.78
"18063210801","tract",2019,"food_score",111.08
"18063210802","tract",2019,"food_score",114.06
"18063210900","tract",2019,"food_score",90.87
"18063211000","tract",2019,"food_score",117.02
"18063211100","tract",2019,"food_score",111.33
"18065975500","tract",2019,"food_score",NA
"18065975600","tract",2019,"food_score",107.98
"18065975700","tract",2019,"food_score",110.84
"18065975800","tract",2019,"food_score",109.24
"18065975900","tract",2019,"food_score",99.07
"18065976000","tract",2019,"food_score",77.19
"18065976100","tract",2019,"food_score",94.62
"18065976300","tract",2019,"food_score",77.26
"18065976400","tract",2019,"food_score",108.32
"18065976500","tract",2019,"food_score",73.5
"18065976600","tract",2019,"food_score",88.12
"18065976700","tract",2019,"food_score",104.39
"18065976800","tract",2019,"food_score",105.37
"18067000200","tract",2019,"food_score",64.18
"18067000300","tract",2019,"food_score",81.34
"18067000400","tract",2019,"food_score",77.56
"18067000500","tract",2019,"food_score",90.19
"18067000600","tract",2019,"food_score",98.91
"18067000700","tract",2019,"food_score",106.25
"18067000800","tract",2019,"food_score",115.78
"18067000900","tract",2019,"food_score",86.56
"18067001000","tract",2019,"food_score",98.53
"18067001100","tract",2019,"food_score",85.37
"18067001200","tract",2019,"food_score",55.84
"18067001300","tract",2019,"food_score",108.92
"18067001400","tract",2019,"food_score",94.68
"18067001500","tract",2019,"food_score",86.27
"18067010100","tract",2019,"food_score",116.62
"18067010200","tract",2019,"food_score",125.9
"18067010300","tract",2019,"food_score",118.79
"18067010400","tract",2019,"food_score",119.92
"18067010500","tract",2019,"food_score",120.05
"18067010600","tract",2019,"food_score",107.83
"18069961300","tract",2019,"food_score",122.83
"18069961400","tract",2019,"food_score",105.37
"18069961500","tract",2019,"food_score",107.87
"18069961600","tract",2019,"food_score",85.92
"18069961700","tract",2019,"food_score",112.45
"18069961800","tract",2019,"food_score",89.27
"18069961900","tract",2019,"food_score",106.21
"18069962000","tract",2019,"food_score",116.04
"18069962100","tract",2019,"food_score",121.4
"18071967500","tract",2019,"food_score",115.01
"18071967600","tract",2019,"food_score",93.35
"18071967700","tract",2019,"food_score",113.93
"18071967800","tract",2019,"food_score",88.83
"18071967901","tract",2019,"food_score",80.09
"18071967902","tract",2019,"food_score",112.08
"18071968000","tract",2019,"food_score",118.53
"18071968100","tract",2019,"food_score",106.78
"18071968200","tract",2019,"food_score",110.52
"18071968300","tract",2019,"food_score",111.35
"18073100400","tract",2019,"food_score",99.53
"18073100800","tract",2019,"food_score",114.86
"18073100901","tract",2019,"food_score",104.91
"18073100902","tract",2019,"food_score",118.37
"18073101000","tract",2019,"food_score",124.23
"18073101100","tract",2019,"food_score",97.96
"18073101200","tract",2019,"food_score",98.02
"18073101300","tract",2019,"food_score",99.66
"18075962700","tract",2019,"food_score",106.47
"18075962800","tract",2019,"food_score",110.97
"18075962900","tract",2019,"food_score",120.43
"18075963000","tract",2019,"food_score",87.37
"18075963100","tract",2019,"food_score",104.43
"18075963200","tract",2019,"food_score",101.79
"18075963300","tract",2019,"food_score",101.95
"18077966000","tract",2019,"food_score",115.57
"18077966100","tract",2019,"food_score",112.11
"18077966200","tract",2019,"food_score",105.07
"18077966300","tract",2019,"food_score",90.61
"18077966400","tract",2019,"food_score",111.34
"18077966500","tract",2019,"food_score",92.22
"18077966600","tract",2019,"food_score",87.92
"18079960200","tract",2019,"food_score",117.82
"18079960301","tract",2019,"food_score",119.7
"18079960302","tract",2019,"food_score",95.6
"18079960400","tract",2019,"food_score",104.77
"18079960500","tract",2019,"food_score",105.09
"18079960600","tract",2019,"food_score",116.47
"18081610100","tract",2019,"food_score",122.95
"18081610201","tract",2019,"food_score",108.38
"18081610202","tract",2019,"food_score",119.35
"18081610300","tract",2019,"food_score",108.47
"18081610401","tract",2019,"food_score",113.43
"18081610403","tract",2019,"food_score",102.85
"18081610404","tract",2019,"food_score",110.2
"18081610500","tract",2019,"food_score",118.65
"18081610603","tract",2019,"food_score",125.64
"18081610604","tract",2019,"food_score",117.88
"18081610605","tract",2019,"food_score",119.65
"18081610606","tract",2019,"food_score",126.13
"18081610701","tract",2019,"food_score",129.4
"18081610702","tract",2019,"food_score",126.57
"18081610801","tract",2019,"food_score",103.58
"18081610802","tract",2019,"food_score",115.42
"18081610900","tract",2019,"food_score",101.52
"18081611000","tract",2019,"food_score",105.74
"18081611100","tract",2019,"food_score",105.98
"18081611200","tract",2019,"food_score",114.44
"18081611300","tract",2019,"food_score",94.71
"18081611400","tract",2019,"food_score",121.96
"18083955000","tract",2019,"food_score",70.31
"18083955100","tract",2019,"food_score",117.38
"18083955200","tract",2019,"food_score",108.27
"18083955300","tract",2019,"food_score",NA
"18083955400","tract",2019,"food_score",96.84
"18083955500","tract",2019,"food_score",96.33
"18083955600","tract",2019,"food_score",106.74
"18083955700","tract",2019,"food_score",99.14
"18083955800","tract",2019,"food_score",110.31
"18083955900","tract",2019,"food_score",102.11
"18085960900","tract",2019,"food_score",120.86
"18085961000","tract",2019,"food_score",112.69
"18085961100","tract",2019,"food_score",105.89
"18085961200","tract",2019,"food_score",110.28
"18085961300","tract",2019,"food_score",114.12
"18085961400","tract",2019,"food_score",107.25
"18085961500","tract",2019,"food_score",109.15
"18085961600","tract",2019,"food_score",123.63
"18085961700","tract",2019,"food_score",107.86
"18085961800","tract",2019,"food_score",109.61
"18085961900","tract",2019,"food_score",99.27
"18085962000","tract",2019,"food_score",99.84
"18085962100","tract",2019,"food_score",102.11
"18085962200","tract",2019,"food_score",108.43
"18085962300","tract",2019,"food_score",125.18
"18085962400","tract",2019,"food_score",114.13
"18085962500","tract",2019,"food_score",113.53
"18085962600","tract",2019,"food_score",122.27
"18085962700","tract",2019,"food_score",105.83
"18087970100","tract",2019,"food_score",101.71
"18087970200","tract",2019,"food_score",102.52
"18087970300","tract",2019,"food_score",116.08
"18087970401","tract",2019,"food_score",118.95
"18087970402","tract",2019,"food_score",116.18
"18087970500","tract",2019,"food_score",112.06
"18087970600","tract",2019,"food_score",104.4
"18087970700","tract",2019,"food_score",116.41
"18089010100","tract",2019,"food_score",79.11
"18089010201","tract",2019,"food_score",83.94
"18089010203","tract",2019,"food_score",71.83
"18089010205","tract",2019,"food_score",78.16
"18089010302","tract",2019,"food_score",70.81
"18089010304","tract",2019,"food_score",91.79
"18089010400","tract",2019,"food_score",58.89
"18089010500","tract",2019,"food_score",43.71
"18089010600","tract",2019,"food_score",52.79
"18089010900","tract",2019,"food_score",56.21
"18089011000","tract",2019,"food_score",105.31
"18089011100","tract",2019,"food_score",67.82
"18089011200","tract",2019,"food_score",77.39
"18089011300","tract",2019,"food_score",44.76
"18089011400","tract",2019,"food_score",38.55
"18089011500","tract",2019,"food_score",83.49
"18089011600","tract",2019,"food_score",72.98
"18089011700","tract",2019,"food_score",67.24
"18089011800","tract",2019,"food_score",72.18
"18089011900","tract",2019,"food_score",29.13
"18089012000","tract",2019,"food_score",66.94
"18089012100","tract",2019,"food_score",50.53
"18089012200","tract",2019,"food_score",44.31
"18089012300","tract",2019,"food_score",78.23
"18089012400","tract",2019,"food_score",67.04
"18089012500","tract",2019,"food_score",87.26
"18089012600","tract",2019,"food_score",55.53
"18089012700","tract",2019,"food_score",71.84
"18089012800","tract",2019,"food_score",45.55
"18089020100","tract",2019,"food_score",97.39
"18089020200","tract",2019,"food_score",83.68
"18089020300","tract",2019,"food_score",89.68
"18089020400","tract",2019,"food_score",76.23
"18089020500","tract",2019,"food_score",76.74
"18089020600","tract",2019,"food_score",37.94
"18089020700","tract",2019,"food_score",75.17
"18089020800","tract",2019,"food_score",59.05
"18089020900","tract",2019,"food_score",100.61
"18089021000","tract",2019,"food_score",85.93
"18089021100","tract",2019,"food_score",93.9
"18089021300","tract",2019,"food_score",110.83
"18089021400","tract",2019,"food_score",90.32
"18089021500","tract",2019,"food_score",108.99
"18089021600","tract",2019,"food_score",97.8
"18089021700","tract",2019,"food_score",87.79
"18089021800","tract",2019,"food_score",68.3
"18089021900","tract",2019,"food_score",76.89
"18089022000","tract",2019,"food_score",93.78
"18089030100","tract",2019,"food_score",11.26
"18089030200","tract",2019,"food_score",48.06
"18089030300","tract",2019,"food_score",43.52
"18089030400","tract",2019,"food_score",87.16
"18089030500","tract",2019,"food_score",79.44
"18089030600","tract",2019,"food_score",80.76
"18089030700","tract",2019,"food_score",94.29
"18089030800","tract",2019,"food_score",65.92
"18089030900","tract",2019,"food_score",79.26
"18089031000","tract",2019,"food_score",27.68
"18089040100","tract",2019,"food_score",72.26
"18089040200","tract",2019,"food_score",103.27
"18089040300","tract",2019,"food_score",125.46
"18089040401","tract",2019,"food_score",118.43
"18089040402","tract",2019,"food_score",124.68
"18089040403","tract",2019,"food_score",113.35
"18089040501","tract",2019,"food_score",109.71
"18089040502","tract",2019,"food_score",106.84
"18089040600","tract",2019,"food_score",112.99
"18089040700","tract",2019,"food_score",112.39
"18089040801","tract",2019,"food_score",118.87
"18089040802","tract",2019,"food_score",112.49
"18089040900","tract",2019,"food_score",114.17
"18089041001","tract",2019,"food_score",79.78
"18089041002","tract",2019,"food_score",106.88
"18089041100","tract",2019,"food_score",80.46
"18089041200","tract",2019,"food_score",57.5
"18089041302","tract",2019,"food_score",96.43
"18089041400","tract",2019,"food_score",101.65
"18089041500","tract",2019,"food_score",55.4
"18089041600","tract",2019,"food_score",89.95
"18089041700","tract",2019,"food_score",82.9
"18089041800","tract",2019,"food_score",94.57
"18089041900","tract",2019,"food_score",105.43
"18089042000","tract",2019,"food_score",111.75
"18089042100","tract",2019,"food_score",87.21
"18089042200","tract",2019,"food_score",114.1
"18089042300","tract",2019,"food_score",116.96
"18089042401","tract",2019,"food_score",100.62
"18089042402","tract",2019,"food_score",97.89
"18089042403","tract",2019,"food_score",100.18
"18089042501","tract",2019,"food_score",105.03
"18089042503","tract",2019,"food_score",96.17
"18089042504","tract",2019,"food_score",119.71
"18089042505","tract",2019,"food_score",115.29
"18089042602","tract",2019,"food_score",117.42
"18089042605","tract",2019,"food_score",123.21
"18089042606","tract",2019,"food_score",104.64
"18089042607","tract",2019,"food_score",119.91
"18089042608","tract",2019,"food_score",125.61
"18089042609","tract",2019,"food_score",117.97
"18089042702","tract",2019,"food_score",110.17
"18089042703","tract",2019,"food_score",109.71
"18089042704","tract",2019,"food_score",115.76
"18089042801","tract",2019,"food_score",119.9
"18089042802","tract",2019,"food_score",115.39
"18089042901","tract",2019,"food_score",116.38
"18089042902","tract",2019,"food_score",120.03
"18089043001","tract",2019,"food_score",116.65
"18089043002","tract",2019,"food_score",118.02
"18089043101","tract",2019,"food_score",88.28
"18089043102","tract",2019,"food_score",125.28
"18089043201","tract",2019,"food_score",109.44
"18089043202","tract",2019,"food_score",123.34
"18089043300","tract",2019,"food_score",117.41
"18089043401","tract",2019,"food_score",122.17
"18089043403","tract",2019,"food_score",118.71
"18089043404","tract",2019,"food_score",115.02
"18089043405","tract",2019,"food_score",115.27
"18089990000","tract",2019,"food_score",NA
"18091040100","tract",2019,"food_score",NA
"18091040300","tract",2019,"food_score",69.37
"18091040400","tract",2019,"food_score",89.06
"18091040500","tract",2019,"food_score",101.92
"18091040600","tract",2019,"food_score",90.23
"18091040700","tract",2019,"food_score",79.25
"18091040800","tract",2019,"food_score",86.4
"18091040900","tract",2019,"food_score",58.11
"18091041100","tract",2019,"food_score",120.93
"18091041200","tract",2019,"food_score",114.87
"18091041300","tract",2019,"food_score",47.08
"18091041400","tract",2019,"food_score",81.17
"18091041500","tract",2019,"food_score",114.59
"18091041600","tract",2019,"food_score",117.21
"18091041700","tract",2019,"food_score",100.44
"18091041800","tract",2019,"food_score",101.29
"18091041900","tract",2019,"food_score",112.78
"18091042000","tract",2019,"food_score",107.96
"18091042100","tract",2019,"food_score",90.41
"18091042200","tract",2019,"food_score",103.1
"18091042300","tract",2019,"food_score",75.93
"18091042400","tract",2019,"food_score",96.1
"18091042500","tract",2019,"food_score",114.52
"18091042600","tract",2019,"food_score",NA
"18091042700","tract",2019,"food_score",113.91
"18091042800","tract",2019,"food_score",107.79
"18091042900","tract",2019,"food_score",107.62
"18091043000","tract",2019,"food_score",81.88
"18091990000","tract",2019,"food_score",NA
"18093950400","tract",2019,"food_score",106.97
"18093950500","tract",2019,"food_score",111.2
"18093950600","tract",2019,"food_score",106.67
"18093950700","tract",2019,"food_score",112.85
"18093950800","tract",2019,"food_score",97.35
"18093950900","tract",2019,"food_score",102.7
"18093951000","tract",2019,"food_score",111.82
"18093951100","tract",2019,"food_score",94
"18093951200","tract",2019,"food_score",104.17
"18093951300","tract",2019,"food_score",87.13
"18095000300","tract",2019,"food_score",82.64
"18095000400","tract",2019,"food_score",60.99
"18095000500","tract",2019,"food_score",67.28
"18095000800","tract",2019,"food_score",57.6
"18095000900","tract",2019,"food_score",68.94
"18095001000","tract",2019,"food_score",46.13
"18095001100","tract",2019,"food_score",84.23
"18095001200","tract",2019,"food_score",99.61
"18095001300","tract",2019,"food_score",94.84
"18095001400","tract",2019,"food_score",79.81
"18095001500","tract",2019,"food_score",104.06
"18095001600","tract",2019,"food_score",120.12
"18095001700","tract",2019,"food_score",77.26
"18095001800","tract",2019,"food_score",95.78
"18095001900","tract",2019,"food_score",95.35
"18095002000","tract",2019,"food_score",95.61
"18095010100","tract",2019,"food_score",108.31
"18095010200","tract",2019,"food_score",90.54
"18095010300","tract",2019,"food_score",92.62
"18095010400","tract",2019,"food_score",107.32
"18095010500","tract",2019,"food_score",111.61
"18095010600","tract",2019,"food_score",95.8
"18095010700","tract",2019,"food_score",111.86
"18095010800","tract",2019,"food_score",97.72
"18095010900","tract",2019,"food_score",110.82
"18095011000","tract",2019,"food_score",120.52
"18095011100","tract",2019,"food_score",110.59
"18095011200","tract",2019,"food_score",115.92
"18095011300","tract",2019,"food_score",88.05
"18095011400","tract",2019,"food_score",116.98
"18095011501","tract",2019,"food_score",107.19
"18095011502","tract",2019,"food_score",122.15
"18095011600","tract",2019,"food_score",NA
"18095011700","tract",2019,"food_score",119.77
"18095011800","tract",2019,"food_score",113.65
"18095011900","tract",2019,"food_score",85.2
"18095012000","tract",2019,"food_score",46.69
"18097310103","tract",2019,"food_score",122.15
"18097310104","tract",2019,"food_score",108.77
"18097310105","tract",2019,"food_score",108.71
"18097310106","tract",2019,"food_score",97.71
"18097310108","tract",2019,"food_score",118.41
"18097310110","tract",2019,"food_score",106.18
"18097310111","tract",2019,"food_score",89.21
"18097310201","tract",2019,"food_score",105.79
"18097310203","tract",2019,"food_score",115.94
"18097310204","tract",2019,"food_score",95.88
"18097310305","tract",2019,"food_score",88.56
"18097310306","tract",2019,"food_score",66.33
"18097310308","tract",2019,"food_score",109.07
"18097310309","tract",2019,"food_score",86.63
"18097310310","tract",2019,"food_score",109.54
"18097310311","tract",2019,"food_score",113.72
"18097310312","tract",2019,"food_score",109.65
"18097320105","tract",2019,"food_score",107.31
"18097320106","tract",2019,"food_score",101.77
"18097320107","tract",2019,"food_score",126.7
"18097320108","tract",2019,"food_score",95.04
"18097320109","tract",2019,"food_score",117.83
"18097320202","tract",2019,"food_score",127.35
"18097320203","tract",2019,"food_score",112.51
"18097320204","tract",2019,"food_score",108.46
"18097320301","tract",2019,"food_score",120.99
"18097320303","tract",2019,"food_score",117.84
"18097320304","tract",2019,"food_score",127.14
"18097320400","tract",2019,"food_score",120.49
"18097320500","tract",2019,"food_score",103.4
"18097320600","tract",2019,"food_score",96.65
"18097320700","tract",2019,"food_score",121.38
"18097320800","tract",2019,"food_score",124.83
"18097320901","tract",2019,"food_score",117.03
"18097320902","tract",2019,"food_score",87.5
"18097320903","tract",2019,"food_score",93.22
"18097321001","tract",2019,"food_score",101.49
"18097321002","tract",2019,"food_score",106.29
"18097321100","tract",2019,"food_score",104.63
"18097321200","tract",2019,"food_score",118.68
"18097321300","tract",2019,"food_score",121.85
"18097321400","tract",2019,"food_score",121.09
"18097321600","tract",2019,"food_score",98.97
"18097321700","tract",2019,"food_score",122.73
"18097321800","tract",2019,"food_score",123.05
"18097321900","tract",2019,"food_score",NA
"18097322000","tract",2019,"food_score",85.03
"18097322100","tract",2019,"food_score",101.86
"18097322200","tract",2019,"food_score",117.79
"18097322300","tract",2019,"food_score",119.71
"18097322400","tract",2019,"food_score",112.47
"18097322500","tract",2019,"food_score",106.53
"18097322600","tract",2019,"food_score",57.24
"18097322700","tract",2019,"food_score",100.76
"18097330103","tract",2019,"food_score",123.01
"18097330105","tract",2019,"food_score",105.74
"18097330106","tract",2019,"food_score",100.34
"18097330107","tract",2019,"food_score",126.49
"18097330108","tract",2019,"food_score",122.47
"18097330109","tract",2019,"food_score",123.58
"18097330202","tract",2019,"food_score",99.93
"18097330203","tract",2019,"food_score",121.08
"18097330204","tract",2019,"food_score",120.68
"18097330206","tract",2019,"food_score",120.22
"18097330208","tract",2019,"food_score",123.44
"18097330209","tract",2019,"food_score",110.29
"18097330401","tract",2019,"food_score",115.96
"18097330500","tract",2019,"food_score",88.15
"18097330600","tract",2019,"food_score",94.39
"18097330700","tract",2019,"food_score",100.55
"18097330803","tract",2019,"food_score",64.17
"18097330804","tract",2019,"food_score",72.4
"18097330805","tract",2019,"food_score",70.68
"18097330806","tract",2019,"food_score",79.64
"18097330900","tract",2019,"food_score",80.84
"18097331000","tract",2019,"food_score",99.18
"18097340101","tract",2019,"food_score",94.03
"18097340102","tract",2019,"food_score",95.14
"18097340108","tract",2019,"food_score",97.95
"18097340109","tract",2019,"food_score",109.57
"18097340110","tract",2019,"food_score",102.65
"18097340111","tract",2019,"food_score",114.73
"18097340112","tract",2019,"food_score",98.57
"18097340113","tract",2019,"food_score",96.49
"18097340114","tract",2019,"food_score",124.72
"18097340201","tract",2019,"food_score",94.27
"18097340202","tract",2019,"food_score",97.02
"18097340300","tract",2019,"food_score",64.44
"18097340400","tract",2019,"food_score",81.78
"18097340500","tract",2019,"food_score",89.39
"18097340600","tract",2019,"food_score",86.35
"18097340700","tract",2019,"food_score",71.65
"18097340800","tract",2019,"food_score",83.43
"18097340901","tract",2019,"food_score",116.22
"18097340902","tract",2019,"food_score",106.92
"18097341000","tract",2019,"food_score",116.09
"18097341100","tract",2019,"food_score",74.88
"18097341200","tract",2019,"food_score",62.8
"18097341600","tract",2019,"food_score",87.03
"18097341700","tract",2019,"food_score",70.98
"18097341902","tract",2019,"food_score",116.95
"18097341903","tract",2019,"food_score",91.24
"18097341904","tract",2019,"food_score",79.96
"18097342000","tract",2019,"food_score",115.98
"18097342101","tract",2019,"food_score",83.64
"18097342200","tract",2019,"food_score",83.04
"18097342300","tract",2019,"food_score",66.28
"18097342400","tract",2019,"food_score",78.61
"18097342500","tract",2019,"food_score",85.73
"18097342600","tract",2019,"food_score",68.03
"18097350100","tract",2019,"food_score",66.01
"18097350300","tract",2019,"food_score",64.84
"18097350400","tract",2019,"food_score",91.21
"18097350500","tract",2019,"food_score",74.8
"18097350600","tract",2019,"food_score",79.99
"18097350700","tract",2019,"food_score",61.39
"18097350800","tract",2019,"food_score",73.71
"18097350900","tract",2019,"food_score",72.73
"18097351000","tract",2019,"food_score",47.32
"18097351200","tract",2019,"food_score",45.59
"18097351500","tract",2019,"food_score",103.35
"18097351600","tract",2019,"food_score",110.68
"18097351700","tract",2019,"food_score",88.36
"18097351900","tract",2019,"food_score",78.71
"18097352100","tract",2019,"food_score",70.43
"18097352300","tract",2019,"food_score",76.1
"18097352400","tract",2019,"food_score",94.25
"18097352500","tract",2019,"food_score",102.55
"18097352600","tract",2019,"food_score",59.81
"18097352700","tract",2019,"food_score",72.89
"18097352800","tract",2019,"food_score",68.79
"18097353300","tract",2019,"food_score",121.27
"18097353500","tract",2019,"food_score",83.37
"18097353600","tract",2019,"food_score",84.14
"18097354200","tract",2019,"food_score",110.51
"18097354400","tract",2019,"food_score",102.93
"18097354500","tract",2019,"food_score",101.17
"18097354700","tract",2019,"food_score",85.81
"18097354800","tract",2019,"food_score",66.89
"18097354900","tract",2019,"food_score",71.24
"18097355000","tract",2019,"food_score",69.82
"18097355100","tract",2019,"food_score",73.9
"18097355300","tract",2019,"food_score",90.23
"18097355400","tract",2019,"food_score",95.34
"18097355500","tract",2019,"food_score",73.28
"18097355600","tract",2019,"food_score",65.06
"18097355700","tract",2019,"food_score",64.73
"18097355900","tract",2019,"food_score",90.04
"18097356200","tract",2019,"food_score",NA
"18097356400","tract",2019,"food_score",66.59
"18097356900","tract",2019,"food_score",66.09
"18097357000","tract",2019,"food_score",78.02
"18097357100","tract",2019,"food_score",87.19
"18097357200","tract",2019,"food_score",49.83
"18097357300","tract",2019,"food_score",80.16
"18097357400","tract",2019,"food_score",64.37
"18097357500","tract",2019,"food_score",90.79
"18097357600","tract",2019,"food_score",75.75
"18097357800","tract",2019,"food_score",77.84
"18097357900","tract",2019,"food_score",89.83
"18097358000","tract",2019,"food_score",83.38
"18097358100","tract",2019,"food_score",67.73
"18097360101","tract",2019,"food_score",63.02
"18097360102","tract",2019,"food_score",74.96
"18097360201","tract",2019,"food_score",86.21
"18097360202","tract",2019,"food_score",74.96
"18097360301","tract",2019,"food_score",93.41
"18097360302","tract",2019,"food_score",84.35
"18097360401","tract",2019,"food_score",89.65
"18097360402","tract",2019,"food_score",82.66
"18097360404","tract",2019,"food_score",74.88
"18097360405","tract",2019,"food_score",91.99
"18097360501","tract",2019,"food_score",103.08
"18097360502","tract",2019,"food_score",91.97
"18097360601","tract",2019,"food_score",117.32
"18097360602","tract",2019,"food_score",88.41
"18097360700","tract",2019,"food_score",100.9
"18097360800","tract",2019,"food_score",92.36
"18097360900","tract",2019,"food_score",58.64
"18097361000","tract",2019,"food_score",117.08
"18097361100","tract",2019,"food_score",92.56
"18097361200","tract",2019,"food_score",98.5
"18097361300","tract",2019,"food_score",102.8
"18097361400","tract",2019,"food_score",105.84
"18097361600","tract",2019,"food_score",123.94
"18097370201","tract",2019,"food_score",100.41
"18097370202","tract",2019,"food_score",88.65
"18097370301","tract",2019,"food_score",114.03
"18097370302","tract",2019,"food_score",101.44
"18097380100","tract",2019,"food_score",106.36
"18097380200","tract",2019,"food_score",99.48
"18097380300","tract",2019,"food_score",91.72
"18097380402","tract",2019,"food_score",86.54
"18097380403","tract",2019,"food_score",102.18
"18097380404","tract",2019,"food_score",90.9
"18097380501","tract",2019,"food_score",108.04
"18097380502","tract",2019,"food_score",93.01
"18097380600","tract",2019,"food_score",103.93
"18097380700","tract",2019,"food_score",106.34
"18097380800","tract",2019,"food_score",102.4
"18097380901","tract",2019,"food_score",109.33
"18097380902","tract",2019,"food_score",121.26
"18097381001","tract",2019,"food_score",72.61
"18097381002","tract",2019,"food_score",113.45
"18097381101","tract",2019,"food_score",109.96
"18097381102","tract",2019,"food_score",117.94
"18097381201","tract",2019,"food_score",112.76
"18097381203","tract",2019,"food_score",68.12
"18097381204","tract",2019,"food_score",97.28
"18097381205","tract",2019,"food_score",110.87
"18097390101","tract",2019,"food_score",113.55
"18097390102","tract",2019,"food_score",85.91
"18097390200","tract",2019,"food_score",110.12
"18097390300","tract",2019,"food_score",123.9
"18097390402","tract",2019,"food_score",116.59
"18097390403","tract",2019,"food_score",121.18
"18097390404","tract",2019,"food_score",112.16
"18097390405","tract",2019,"food_score",111.85
"18097390500","tract",2019,"food_score",73.96
"18097390600","tract",2019,"food_score",91.8
"18097390700","tract",2019,"food_score",78.08
"18097390800","tract",2019,"food_score",105.66
"18097390900","tract",2019,"food_score",103.53
"18097391000","tract",2019,"food_score",123.92
"18099020101","tract",2019,"food_score",111.89
"18099020102","tract",2019,"food_score",114.39
"18099020201","tract",2019,"food_score",99.84
"18099020202","tract",2019,"food_score",116.87
"18099020301","tract",2019,"food_score",110.33
"18099020302","tract",2019,"food_score",109.96
"18099020400","tract",2019,"food_score",92.13
"18099020500","tract",2019,"food_score",83.93
"18099020600","tract",2019,"food_score",117.94
"18099020701","tract",2019,"food_score",124.84
"18099020702","tract",2019,"food_score",110.13
"18099020800","tract",2019,"food_score",109.78
"18101950100","tract",2019,"food_score",100
"18101950200","tract",2019,"food_score",106.6
"18101950300","tract",2019,"food_score",113.6
"18103952000","tract",2019,"food_score",110.95
"18103952100","tract",2019,"food_score",112.34
"18103952200","tract",2019,"food_score",79.82
"18103952300","tract",2019,"food_score",75.6
"18103952400","tract",2019,"food_score",102.55
"18103952500","tract",2019,"food_score",77.8
"18103952600","tract",2019,"food_score",105.41
"18103952700","tract",2019,"food_score",102.43
"18103952800","tract",2019,"food_score",NA
"18103952900","tract",2019,"food_score",88.72
"18105000100","tract",2019,"food_score",117.56
"18105000201","tract",2019,"food_score",NA
"18105000202","tract",2019,"food_score",NA
"18105000301","tract",2019,"food_score",122.76
"18105000302","tract",2019,"food_score",121.07
"18105000401","tract",2019,"food_score",120.14
"18105000402","tract",2019,"food_score",111.44
"18105000501","tract",2019,"food_score",97.8
"18105000502","tract",2019,"food_score",101.58
"18105000601","tract",2019,"food_score",70.28
"18105000602","tract",2019,"food_score",71.74
"18105000700","tract",2019,"food_score",101.71
"18105000800","tract",2019,"food_score",104.4
"18105000901","tract",2019,"food_score",114.24
"18105000903","tract",2019,"food_score",104.37
"18105000904","tract",2019,"food_score",124.75
"18105001001","tract",2019,"food_score",114.11
"18105001002","tract",2019,"food_score",113.45
"18105001101","tract",2019,"food_score",88.93
"18105001102","tract",2019,"food_score",105.84
"18105001103","tract",2019,"food_score",115.7
"18105001200","tract",2019,"food_score",107.04
"18105001301","tract",2019,"food_score",116.5
"18105001303","tract",2019,"food_score",126.11
"18105001304","tract",2019,"food_score",94.22
"18105001305","tract",2019,"food_score",99.24
"18105001401","tract",2019,"food_score",116.7
"18105001402","tract",2019,"food_score",115.43
"18105001501","tract",2019,"food_score",118.32
"18105001502","tract",2019,"food_score",110.2
"18105001600","tract",2019,"food_score",94.23
"18107956700","tract",2019,"food_score",111.3
"18107956800","tract",2019,"food_score",107.65
"18107956900","tract",2019,"food_score",111.32
"18107957000","tract",2019,"food_score",114.63
"18107957100","tract",2019,"food_score",94.04
"18107957200","tract",2019,"food_score",96.09
"18107957300","tract",2019,"food_score",115.48
"18107957400","tract",2019,"food_score",106.04
"18107957500","tract",2019,"food_score",112.48
"18109510100","tract",2019,"food_score",116.57
"18109510201","tract",2019,"food_score",105.62
"18109510202","tract",2019,"food_score",105.9
"18109510300","tract",2019,"food_score",105.59
"18109510401","tract",2019,"food_score",113.59
"18109510402","tract",2019,"food_score",107.89
"18109510500","tract",2019,"food_score",110.39
"18109510600","tract",2019,"food_score",118.17
"18109510701","tract",2019,"food_score",107.36
"18109510702","tract",2019,"food_score",116.2
"18109510800","tract",2019,"food_score",87.86
"18109510900","tract",2019,"food_score",85.31
"18109511000","tract",2019,"food_score",114.56
"18111100400","tract",2019,"food_score",109.09
"18111100500","tract",2019,"food_score",102.72
"18111100600","tract",2019,"food_score",86.01
"18111100700","tract",2019,"food_score",92.26
"18113971700","tract",2019,"food_score",116.9
"18113971800","tract",2019,"food_score",97.53
"18113971900","tract",2019,"food_score",89.07
"18113972000","tract",2019,"food_score",110.13
"18113972100","tract",2019,"food_score",106.36
"18113972200","tract",2019,"food_score",96.68
"18113972300","tract",2019,"food_score",114.37
"18113972400","tract",2019,"food_score",111.06
"18113972500","tract",2019,"food_score",114.38
"18113972600","tract",2019,"food_score",122.28
"18115965700","tract",2019,"food_score",111.42
"18115965800","tract",2019,"food_score",113.59
"18117951300","tract",2019,"food_score",103.87
"18117951400","tract",2019,"food_score",102.3
"18117951500","tract",2019,"food_score",109.85
"18117951600","tract",2019,"food_score",104.54
"18117951700","tract",2019,"food_score",89.43
"18117951800","tract",2019,"food_score",90.77
"18119955500","tract",2019,"food_score",101.98
"18119955600","tract",2019,"food_score",85.58
"18119955700","tract",2019,"food_score",98.79
"18119955800","tract",2019,"food_score",99.06
"18119955900","tract",2019,"food_score",114.37
"18121030100","tract",2019,"food_score",105.47
"18121030200","tract",2019,"food_score",103.94
"18121030300","tract",2019,"food_score",93.46
"18121030400","tract",2019,"food_score",99.75
"18123952200","tract",2019,"food_score",115.04
"18123952300","tract",2019,"food_score",125.82
"18123952400","tract",2019,"food_score",100.13
"18123952500","tract",2019,"food_score",107.48
"18123952600","tract",2019,"food_score",86.98
"18125953900","tract",2019,"food_score",108.39
"18125954000","tract",2019,"food_score",99.31
"18125954100","tract",2019,"food_score",114.87
"18125954200","tract",2019,"food_score",103.08
"18127050101","tract",2019,"food_score",109.56
"18127050103","tract",2019,"food_score",122.35
"18127050202","tract",2019,"food_score",111.92
"18127050203","tract",2019,"food_score",119.54
"18127050300","tract",2019,"food_score",120.97
"18127050402","tract",2019,"food_score",106.7
"18127050405","tract",2019,"food_score",120.99
"18127050407","tract",2019,"food_score",98.43
"18127050501","tract",2019,"food_score",105.57
"18127050503","tract",2019,"food_score",93.25
"18127050505","tract",2019,"food_score",110.85
"18127050506","tract",2019,"food_score",106.6
"18127050507","tract",2019,"food_score",97.87
"18127050508","tract",2019,"food_score",96.31
"18127050509","tract",2019,"food_score",98.19
"18127050602","tract",2019,"food_score",110.84
"18127050603","tract",2019,"food_score",121.46
"18127050604","tract",2019,"food_score",123.52
"18127050702","tract",2019,"food_score",105.19
"18127050703","tract",2019,"food_score",123.45
"18127050704","tract",2019,"food_score",113.26
"18127050800","tract",2019,"food_score",115.56
"18127050900","tract",2019,"food_score",NA
"18127051002","tract",2019,"food_score",116.23
"18127051005","tract",2019,"food_score",121.7
"18127051006","tract",2019,"food_score",98.38
"18127051007","tract",2019,"food_score",119.56
"18127051008","tract",2019,"food_score",114.17
"18127051101","tract",2019,"food_score",109.76
"18127051102","tract",2019,"food_score",118.67
"18127980001","tract",2019,"food_score",NA
"18127980002","tract",2019,"food_score",NA
"18127990000","tract",2019,"food_score",NA
"18129040100","tract",2019,"food_score",112.25
"18129040200","tract",2019,"food_score",121.86
"18129040300","tract",2019,"food_score",120.45
"18129040400","tract",2019,"food_score",116.27
"18129040500","tract",2019,"food_score",113.5
"18129040600","tract",2019,"food_score",91.26
"18129040700","tract",2019,"food_score",94.27
"18131958900","tract",2019,"food_score",99.7
"18131959000","tract",2019,"food_score",102.29
"18131959100","tract",2019,"food_score",88.32
"18131959200","tract",2019,"food_score",114.38
"18133956000","tract",2019,"food_score",103.18
"18133956100","tract",2019,"food_score",90.1
"18133956200","tract",2019,"food_score",102.14
"18133956300","tract",2019,"food_score",103.92
"18133956400","tract",2019,"food_score",122.61
"18133956500","tract",2019,"food_score",108.74
"18133956600","tract",2019,"food_score",NA
"18135951400","tract",2019,"food_score",116.45
"18135951500","tract",2019,"food_score",115.08
"18135951600","tract",2019,"food_score",83.83
"18135951700","tract",2019,"food_score",96.34
"18135951800","tract",2019,"food_score",91.42
"18135951900","tract",2019,"food_score",105.14
"18135952000","tract",2019,"food_score",104.99
"18135952100","tract",2019,"food_score",95.93
"18137968400","tract",2019,"food_score",121.16
"18137968500","tract",2019,"food_score",108.32
"18137968600","tract",2019,"food_score",99.84
"18137968700","tract",2019,"food_score",109.1
"18137968800","tract",2019,"food_score",95.54
"18137968900","tract",2019,"food_score",107.86
"18139974100","tract",2019,"food_score",114.78
"18139974200","tract",2019,"food_score",100.25
"18139974300","tract",2019,"food_score",95.92
"18139974400","tract",2019,"food_score",105.69
"18139974500","tract",2019,"food_score",110.8
"18141000100","tract",2019,"food_score",84.61
"18141000200","tract",2019,"food_score",81.63
"18141000301","tract",2019,"food_score",88.08
"18141000302","tract",2019,"food_score",77.58
"18141000400","tract",2019,"food_score",48.27
"18141000500","tract",2019,"food_score",82.68
"18141000600","tract",2019,"food_score",61.52
"18141000700","tract",2019,"food_score",103.74
"18141000800","tract",2019,"food_score",120.37
"18141000900","tract",2019,"food_score",96.33
"18141001000","tract",2019,"food_score",88.79
"18141001100","tract",2019,"food_score",88.97
"18141001200","tract",2019,"food_score",123.03
"18141001300","tract",2019,"food_score",114.7
"18141001400","tract",2019,"food_score",91.58
"18141001500","tract",2019,"food_score",100.3
"18141001600","tract",2019,"food_score",124.91
"18141001700","tract",2019,"food_score",64.38
"18141001900","tract",2019,"food_score",89.42
"18141002000","tract",2019,"food_score",31.27
"18141002100","tract",2019,"food_score",53.62
"18141002200","tract",2019,"food_score",90.78
"18141002300","tract",2019,"food_score",49.59
"18141002400","tract",2019,"food_score",72.57
"18141002500","tract",2019,"food_score",94.04
"18141002600","tract",2019,"food_score",91.41
"18141002700","tract",2019,"food_score",NA
"18141002800","tract",2019,"food_score",89.57
"18141002900","tract",2019,"food_score",89.79
"18141003000","tract",2019,"food_score",61.54
"18141003100","tract",2019,"food_score",73.13
"18141003200","tract",2019,"food_score",110.05
"18141003300","tract",2019,"food_score",88.45
"18141003400","tract",2019,"food_score",65.33
"18141003500","tract",2019,"food_score",68.75
"18141010100","tract",2019,"food_score",92.75
"18141010200","tract",2019,"food_score",93.35
"18141010300","tract",2019,"food_score",91.9
"18141010400","tract",2019,"food_score",101.77
"18141010500","tract",2019,"food_score",107.72
"18141010600","tract",2019,"food_score",108.45
"18141010700","tract",2019,"food_score",91.57
"18141010800","tract",2019,"food_score",113.35
"18141010900","tract",2019,"food_score",117.64
"18141011000","tract",2019,"food_score",120.18
"18141011100","tract",2019,"food_score",82.16
"18141011201","tract",2019,"food_score",98.68
"18141011202","tract",2019,"food_score",NA
"18141011301","tract",2019,"food_score",105.38
"18141011302","tract",2019,"food_score",107.38
"18141011303","tract",2019,"food_score",112.55
"18141011304","tract",2019,"food_score",124.05
"18141011305","tract",2019,"food_score",120.03
"18141011306","tract",2019,"food_score",118.51
"18141011403","tract",2019,"food_score",121.11
"18141011404","tract",2019,"food_score",125.38
"18141011405","tract",2019,"food_score",124.12
"18141011406","tract",2019,"food_score",119.57
"18141011501","tract",2019,"food_score",103.56
"18141011503","tract",2019,"food_score",104.57
"18141011504","tract",2019,"food_score",119.08
"18141011505","tract",2019,"food_score",106.14
"18141011506","tract",2019,"food_score",108.06
"18141011601","tract",2019,"food_score",122.05
"18141011602","tract",2019,"food_score",115.9
"18141011701","tract",2019,"food_score",103.57
"18141011702","tract",2019,"food_score",122.11
"18141011801","tract",2019,"food_score",126.16
"18141011802","tract",2019,"food_score",123.34
"18141011900","tract",2019,"food_score",110.69
"18141012000","tract",2019,"food_score",115.45
"18141012100","tract",2019,"food_score",107.3
"18141012200","tract",2019,"food_score",112.64
"18141012300","tract",2019,"food_score",109.91
"18141012400","tract",2019,"food_score",122.46
"18143966700","tract",2019,"food_score",106.83
"18143966800","tract",2019,"food_score",85.15
"18143966900","tract",2019,"food_score",112.87
"18143967000","tract",2019,"food_score",117.1
"18143967100","tract",2019,"food_score",106.75
"18145710100","tract",2019,"food_score",114.41
"18145710200","tract",2019,"food_score",114.68
"18145710300","tract",2019,"food_score",121.17
"18145710400","tract",2019,"food_score",91.48
"18145710500","tract",2019,"food_score",95.46
"18145710601","tract",2019,"food_score",81.23
"18145710602","tract",2019,"food_score",71.55
"18145710700","tract",2019,"food_score",116.67
"18145710800","tract",2019,"food_score",120.67
"18145710900","tract",2019,"food_score",116.66
"18147952700","tract",2019,"food_score",123.43
"18147952800","tract",2019,"food_score",108.09
"18147952900","tract",2019,"food_score",108
"18147953000","tract",2019,"food_score",100.85
"18147953100","tract",2019,"food_score",89.19
"18149953600","tract",2019,"food_score",118.86
"18149953700","tract",2019,"food_score",99.09
"18149953800","tract",2019,"food_score",107.26
"18149953900","tract",2019,"food_score",108.37
"18149954000","tract",2019,"food_score",81.68
"18149954100","tract",2019,"food_score",115.78
"18149954200","tract",2019,"food_score",96
"18151970800","tract",2019,"food_score",113.02
"18151970900","tract",2019,"food_score",125.19
"18151971000","tract",2019,"food_score",113.84
"18151971100","tract",2019,"food_score",117.27
"18151971200","tract",2019,"food_score",113.1
"18151971300","tract",2019,"food_score",97.16
"18151971400","tract",2019,"food_score",101.67
"18151971500","tract",2019,"food_score",119.18
"18151971600","tract",2019,"food_score",115.57
"18153050100","tract",2019,"food_score",95.76
"18153050200","tract",2019,"food_score",117.48
"18153050300","tract",2019,"food_score",88.41
"18153050400","tract",2019,"food_score",118.86
"18153050500","tract",2019,"food_score",NA
"18155965700","tract",2019,"food_score",96.72
"18155965800","tract",2019,"food_score",114.84
"18155965900","tract",2019,"food_score",85.02
"18157000100","tract",2019,"food_score",93.09
"18157000200","tract",2019,"food_score",91.74
"18157000300","tract",2019,"food_score",99.04
"18157000400","tract",2019,"food_score",91.84
"18157000700","tract",2019,"food_score",101.96
"18157000800","tract",2019,"food_score",100.83
"18157001000","tract",2019,"food_score",104.72
"18157001100","tract",2019,"food_score",103.58
"18157001200","tract",2019,"food_score",97.73
"18157001300","tract",2019,"food_score",91.35
"18157001400","tract",2019,"food_score",109.61
"18157001501","tract",2019,"food_score",85.03
"18157001502","tract",2019,"food_score",101.74
"18157001600","tract",2019,"food_score",119.34
"18157001700","tract",2019,"food_score",73.36
"18157001800","tract",2019,"food_score",101.23
"18157001900","tract",2019,"food_score",121.89
"18157005101","tract",2019,"food_score",110.66
"18157005102","tract",2019,"food_score",125.74
"18157005200","tract",2019,"food_score",114.61
"18157005300","tract",2019,"food_score",120.03
"18157005400","tract",2019,"food_score",NA
"18157005500","tract",2019,"food_score",106.95
"18157010100","tract",2019,"food_score",120.45
"18157010201","tract",2019,"food_score",114.61
"18157010203","tract",2019,"food_score",108.9
"18157010204","tract",2019,"food_score",125.67
"18157010300","tract",2019,"food_score",NA
"18157010400","tract",2019,"food_score",NA
"18157010500","tract",2019,"food_score",NA
"18157010600","tract",2019,"food_score",121.97
"18157010700","tract",2019,"food_score",111
"18157010800","tract",2019,"food_score",119.22
"18157010901","tract",2019,"food_score",121.47
"18157010902","tract",2019,"food_score",114.61
"18157011000","tract",2019,"food_score",118.94
"18157011100","tract",2019,"food_score",90.83
"18159020100","tract",2019,"food_score",104.32
"18159020200","tract",2019,"food_score",114.79
"18159020300","tract",2019,"food_score",112.93
"18159020400","tract",2019,"food_score",102.12
"18161960700","tract",2019,"food_score",101.57
"18161960800","tract",2019,"food_score",114.76
"18163000100","tract",2019,"food_score",85.26
"18163000201","tract",2019,"food_score",118.97
"18163000202","tract",2019,"food_score",104.72
"18163000300","tract",2019,"food_score",91.68
"18163000400","tract",2019,"food_score",102.63
"18163000500","tract",2019,"food_score",119.01
"18163000600","tract",2019,"food_score",103.08
"18163000800","tract",2019,"food_score",83.12
"18163000900","tract",2019,"food_score",98.49
"18163001000","tract",2019,"food_score",68.78
"18163001100","tract",2019,"food_score",67.97
"18163001200","tract",2019,"food_score",73.41
"18163001300","tract",2019,"food_score",59.76
"18163001400","tract",2019,"food_score",47.1
"18163001500","tract",2019,"food_score",83.57
"18163001700","tract",2019,"food_score",83.56
"18163001800","tract",2019,"food_score",115.66
"18163001900","tract",2019,"food_score",83.08
"18163002000","tract",2019,"food_score",73.81
"18163002100","tract",2019,"food_score",76.32
"18163002300","tract",2019,"food_score",84.52
"18163002400","tract",2019,"food_score",83.87
"18163002500","tract",2019,"food_score",54.24
"18163002600","tract",2019,"food_score",74.76
"18163002800","tract",2019,"food_score",91.01
"18163002900","tract",2019,"food_score",85.86
"18163003000","tract",2019,"food_score",101.31
"18163003100","tract",2019,"food_score",101.52
"18163003200","tract",2019,"food_score",100.4
"18163003300","tract",2019,"food_score",72.49
"18163003400","tract",2019,"food_score",117.54
"18163003500","tract",2019,"food_score",107.1
"18163003600","tract",2019,"food_score",76.23
"18163003701","tract",2019,"food_score",111.9
"18163003702","tract",2019,"food_score",68.55
"18163003801","tract",2019,"food_score",112.68
"18163003803","tract",2019,"food_score",116.97
"18163003804","tract",2019,"food_score",112.3
"18163003900","tract",2019,"food_score",117.76
"18163010100","tract",2019,"food_score",100.44
"18163010201","tract",2019,"food_score",131.94
"18163010202","tract",2019,"food_score",110.18
"18163010203","tract",2019,"food_score",108.76
"18163010403","tract",2019,"food_score",NA
"18163010404","tract",2019,"food_score",127.77
"18163010500","tract",2019,"food_score",124.99
"18163010600","tract",2019,"food_score",125.45
"18163010700","tract",2019,"food_score",126.89
"18163980100","tract",2019,"food_score",NA
"18165020100","tract",2019,"food_score",95.08
"18165020200","tract",2019,"food_score",106.43
"18165020300","tract",2019,"food_score",106.78
"18165020400","tract",2019,"food_score",109.44
"18165020500","tract",2019,"food_score",93
"18167000300","tract",2019,"food_score",74.09
"18167000400","tract",2019,"food_score",55.57
"18167000500","tract",2019,"food_score",38.67
"18167000600","tract",2019,"food_score",86.13
"18167000700","tract",2019,"food_score",61.02
"18167000900","tract",2019,"food_score",84.76
"18167001000","tract",2019,"food_score",97.41
"18167001100","tract",2019,"food_score",59.57
"18167001200","tract",2019,"food_score",93.39
"18167001300","tract",2019,"food_score",85.8
"18167001400","tract",2019,"food_score",107.99
"18167001500","tract",2019,"food_score",98.18
"18167001600","tract",2019,"food_score",118.02
"18167001700","tract",2019,"food_score",107.21
"18167001800","tract",2019,"food_score",78.18
"18167001900","tract",2019,"food_score",62.85
"18167010100","tract",2019,"food_score",107.13
"18167010201","tract",2019,"food_score",113.21
"18167010202","tract",2019,"food_score",88.33
"18167010300","tract",2019,"food_score",106.71
"18167010400","tract",2019,"food_score",104.19
"18167010500","tract",2019,"food_score",74.08
"18167010600","tract",2019,"food_score",114.65
"18167010701","tract",2019,"food_score",118.72
"18167010702","tract",2019,"food_score",107.37
"18167011000","tract",2019,"food_score",121.21
"18167011100","tract",2019,"food_score",NA
"18167011200","tract",2019,"food_score",98.52
"18169102200","tract",2019,"food_score",105.78
"18169102300","tract",2019,"food_score",105.98
"18169102400","tract",2019,"food_score",108.36
"18169102500","tract",2019,"food_score",112.45
"18169102600","tract",2019,"food_score",108.05
"18169102700","tract",2019,"food_score",98.55
"18169102800","tract",2019,"food_score",81.3
"18169102900","tract",2019,"food_score",102.99
"18171951000","tract",2019,"food_score",105.1
"18171951100","tract",2019,"food_score",105.55
"18173030100","tract",2019,"food_score",115.31
"18173030200","tract",2019,"food_score",119.57
"18173030300","tract",2019,"food_score",110.75
"18173030400","tract",2019,"food_score",103.22
"18173030500","tract",2019,"food_score",113.8
"18173030600","tract",2019,"food_score",108.15
"18173030702","tract",2019,"food_score",123.34
"18173030703","tract",2019,"food_score",112.03
"18173030704","tract",2019,"food_score",116.62
"18173030705","tract",2019,"food_score",120.82
"18173030800","tract",2019,"food_score",119.37
"18175967200","tract",2019,"food_score",115.68
"18175967300","tract",2019,"food_score",98.93
"18175967400","tract",2019,"food_score",110.55
"18175967500","tract",2019,"food_score",95.7
"18175967600","tract",2019,"food_score",94.28
"18175967700","tract",2019,"food_score",105.02
"18177000200","tract",2019,"food_score",66.74
"18177000400","tract",2019,"food_score",84.23
"18177000500","tract",2019,"food_score",85.43
"18177000600","tract",2019,"food_score",87.19
"18177000700","tract",2019,"food_score",114.23
"18177000800","tract",2019,"food_score",106.23
"18177000900","tract",2019,"food_score",86.92
"18177001000","tract",2019,"food_score",91.14
"18177001100","tract",2019,"food_score",103.52
"18177010100","tract",2019,"food_score",117.86
"18177010200","tract",2019,"food_score",109.58
"18177010300","tract",2019,"food_score",106.87
"18177010400","tract",2019,"food_score",114.62
"18177010500","tract",2019,"food_score",102
"18177010600","tract",2019,"food_score",95.48
"18177010700","tract",2019,"food_score",114.87
"18177010800","tract",2019,"food_score",95.44
"18179040100","tract",2019,"food_score",119.96
"18179040200","tract",2019,"food_score",110.07
"18179040300","tract",2019,"food_score",117.5
"18179040400","tract",2019,"food_score",103.29
"18179040500","tract",2019,"food_score",114.45
"18179040600","tract",2019,"food_score",85.02
"18179040700","tract",2019,"food_score",117.86
"18181958100","tract",2019,"food_score",116.82
"18181958200","tract",2019,"food_score",115.04
"18181958300","tract",2019,"food_score",110.85
"18181958400","tract",2019,"food_score",117.26
"18181958500","tract",2019,"food_score",108.87
"18181958600","tract",2019,"food_score",101.84
"18181958700","tract",2019,"food_score",114.35
"18181958800","tract",2019,"food_score",115.52
"18183050100","tract",2019,"food_score",107.54
"18183050200","tract",2019,"food_score",126.62
"18183050300","tract",2019,"food_score",103.95
"18183050400","tract",2019,"food_score",105.72
"18183050500","tract",2019,"food_score",112.9
"18183050600","tract",2019,"food_score",118.6
"18183050700","tract",2019,"food_score",118.68
"18001030100","tract",2019,"food_rnk",90.8937
"18001030200","tract",2019,"food_rnk",38.438
"18001030300","tract",2019,"food_rnk",79.3627
"18001030400","tract",2019,"food_rnk",84.0612
"18001030500","tract",2019,"food_rnk",77.1595
"18001030600","tract",2019,"food_rnk",32.2289
"18001030700","tract",2019,"food_rnk",63.7963
"18003000100","tract",2019,"food_rnk",26.2709
"18003000300","tract",2019,"food_rnk",64.5424
"18003000400","tract",2019,"food_rnk",52.924
"18003000500","tract",2019,"food_rnk",11.6551
"18003000600","tract",2019,"food_rnk",10.5634
"18003000701","tract",2019,"food_rnk",20.3129
"18003000704","tract",2019,"food_rnk",42.5045
"18003000800","tract",2019,"food_rnk",29.9072
"18003000900","tract",2019,"food_rnk",20.1873
"18003001000","tract",2019,"food_rnk",8.9286
"18003001100","tract",2019,"food_rnk",44.6288
"18003001200","tract",2019,"food_rnk",9.2953
"18003001300","tract",2019,"food_rnk",NA
"18003001600","tract",2019,"food_rnk",3.7506
"18003001700","tract",2019,"food_rnk",5.4573
"18003002000","tract",2019,"food_rnk",5.7874
"18003002100","tract",2019,"food_rnk",5.1568
"18003002200","tract",2019,"food_rnk",13.7046
"18003002300","tract",2019,"food_rnk",5.5687
"18003002500","tract",2019,"food_rnk",26.2187
"18003002600","tract",2019,"food_rnk",13.2335
"18003002800","tract",2019,"food_rnk",8.0103
"18003002900","tract",2019,"food_rnk",1.5375
"18003003000","tract",2019,"food_rnk",5.8395
"18003003100","tract",2019,"food_rnk",12.5183
"18003003200","tract",2019,"food_rnk",69.5893
"18003003301","tract",2019,"food_rnk",70.5752
"18003003304","tract",2019,"food_rnk",51.821
"18003003400","tract",2019,"food_rnk",55.9002
"18003003500","tract",2019,"food_rnk",28.5249
"18003003600","tract",2019,"food_rnk",23.5965
"18003003700","tract",2019,"food_rnk",44.0025
"18003003800","tract",2019,"food_rnk",20.9843
"18003003901","tract",2019,"food_rnk",72.1409
"18003003902","tract",2019,"food_rnk",45.6852
"18003004000","tract",2019,"food_rnk",6.9454
"18003004101","tract",2019,"food_rnk",44.7966
"18003004103","tract",2019,"food_rnk",68.8882
"18003004300","tract",2019,"food_rnk",4.6773
"18003004400","tract",2019,"food_rnk",17.8191
"18003010100","tract",2019,"food_rnk",83.6479
"18003010201","tract",2019,"food_rnk",83.9441
"18003010202","tract",2019,"food_rnk",90.3436
"18003010304","tract",2019,"food_rnk",96.4582
"18003010305","tract",2019,"food_rnk",98.8631
"18003010306","tract",2019,"food_rnk",86.1078
"18003010307","tract",2019,"food_rnk",89.3182
"18003010308","tract",2019,"food_rnk",95.3707
"18003010400","tract",2019,"food_rnk",71.3623
"18003010500","tract",2019,"food_rnk",47.9731
"18003010601","tract",2019,"food_rnk",75.9521
"18003010602","tract",2019,"food_rnk",49.3103
"18003010603","tract",2019,"food_rnk",55.0087
"18003010604","tract",2019,"food_rnk",11.5648
"18003010705","tract",2019,"food_rnk",88.4084
"18003010706","tract",2019,"food_rnk",58.0061
"18003010707","tract",2019,"food_rnk",66.1053
"18003010803","tract",2019,"food_rnk",74.598
"18003010804","tract",2019,"food_rnk",28.5728
"18003010807","tract",2019,"food_rnk",49.9647
"18003010808","tract",2019,"food_rnk",88.3914
"18003010809","tract",2019,"food_rnk",43.6005
"18003010811","tract",2019,"food_rnk",87.3787
"18003010812","tract",2019,"food_rnk",76.2568
"18003010813","tract",2019,"food_rnk",46.4963
"18003010815","tract",2019,"food_rnk",75.9267
"18003010816","tract",2019,"food_rnk",92.3903
"18003010817","tract",2019,"food_rnk",59.2741
"18003010819","tract",2019,"food_rnk",50.1707
"18003010821","tract",2019,"food_rnk",12.1248
"18003010900","tract",2019,"food_rnk",83.6733
"18003011000","tract",2019,"food_rnk",88.194
"18003011100","tract",2019,"food_rnk",47.3708
"18003011201","tract",2019,"food_rnk",17.7796
"18003011202","tract",2019,"food_rnk",37.5748
"18003011204","tract",2019,"food_rnk",48.7475
"18003011205","tract",2019,"food_rnk",63.005
"18003011302","tract",2019,"food_rnk",14.1038
"18003011303","tract",2019,"food_rnk",9.4223
"18003011304","tract",2019,"food_rnk",16.3028
"18003011501","tract",2019,"food_rnk",21.863
"18003011502","tract",2019,"food_rnk",89.1602
"18003011603","tract",2019,"food_rnk",93.5032
"18003011604","tract",2019,"food_rnk",98.8547
"18003011605","tract",2019,"food_rnk",84.0047
"18003011606","tract",2019,"food_rnk",77.9635
"18003011607","tract",2019,"food_rnk",60.2686
"18003011608","tract",2019,"food_rnk",61.8864
"18003011609","tract",2019,"food_rnk",98.8716
"18003011701","tract",2019,"food_rnk",84.1768
"18003011702","tract",2019,"food_rnk",71.9166
"18003011801","tract",2019,"food_rnk",86.5437
"18003011802","tract",2019,"food_rnk",84.198
"18003011900","tract",2019,"food_rnk",72.6148
"18003980001","tract",2019,"food_rnk",NA
"18003980002","tract",2019,"food_rnk",NA
"18005010100","tract",2019,"food_rnk",18.7303
"18005010200","tract",2019,"food_rnk",43.0617
"18005010300","tract",2019,"food_rnk",69.3128
"18005010400","tract",2019,"food_rnk",32.669
"18005010500","tract",2019,"food_rnk",60.9964
"18005010600","tract",2019,"food_rnk",35.3292
"18005010700","tract",2019,"food_rnk",55.4164
"18005010800","tract",2019,"food_rnk",40.1024
"18005010900","tract",2019,"food_rnk",86.9725
"18005011000","tract",2019,"food_rnk",45.3171
"18005011100","tract",2019,"food_rnk",71.2523
"18005011200","tract",2019,"food_rnk",47.7672
"18005011300","tract",2019,"food_rnk",65.9078
"18005011400","tract",2019,"food_rnk",55.7126
"18005011500","tract",2019,"food_rnk",87.6509
"18007100100","tract",2019,"food_rnk",57.1711
"18007100200","tract",2019,"food_rnk",44.1732
"18007100300","tract",2019,"food_rnk",29.2132
"18009975100","tract",2019,"food_rnk",36.0133
"18009975200","tract",2019,"food_rnk",21.8235
"18009975300","tract",2019,"food_rnk",26.7011
"18009975400","tract",2019,"food_rnk",75.7899
"18011810100","tract",2019,"food_rnk",53.3711
"18011810200","tract",2019,"food_rnk",80.1639
"18011810300","tract",2019,"food_rnk",47.0295
"18011810400","tract",2019,"food_rnk",36.3194
"18011810500","tract",2019,"food_rnk",72.6698
"18011810601","tract",2019,"food_rnk",91.1081
"18011810603","tract",2019,"food_rnk",98.0859
"18011810604","tract",2019,"food_rnk",94.1844
"18011810605","tract",2019,"food_rnk",91.8641
"18011810700","tract",2019,"food_rnk",64.4127
"18013974600","tract",2019,"food_rnk",51.2201
"18013974700","tract",2019,"food_rnk",75.5332
"18013974800","tract",2019,"food_rnk",55.9467
"18013974900","tract",2019,"food_rnk",72.1409
"18015959300","tract",2019,"food_rnk",80.9933
"18015959400","tract",2019,"food_rnk",76.0776
"18015959500","tract",2019,"food_rnk",90.9544
"18015959600","tract",2019,"food_rnk",59.1021
"18015959700","tract",2019,"food_rnk",89.383
"18015959800","tract",2019,"food_rnk",45.1196
"18015959900","tract",2019,"food_rnk",63.2589
"18017950900","tract",2019,"food_rnk",63.438
"18017951000","tract",2019,"food_rnk",44.578
"18017951100","tract",2019,"food_rnk",65.5693
"18017951200","tract",2019,"food_rnk",44.3678
"18017951300","tract",2019,"food_rnk",42.8247
"18017951400","tract",2019,"food_rnk",36.2954
"18017951500","tract",2019,"food_rnk",32.6492
"18017951600","tract",2019,"food_rnk",49.1636
"18017951700","tract",2019,"food_rnk",75.4866
"18017951800","tract",2019,"food_rnk",53.7802
"18017951900","tract",2019,"food_rnk",89.1602
"18019050100","tract",2019,"food_rnk",53.831
"18019050200","tract",2019,"food_rnk",12.1248
"18019050303","tract",2019,"food_rnk",34.7692
"18019050304","tract",2019,"food_rnk",38.6735
"18019050305","tract",2019,"food_rnk",90.5199
"18019050306","tract",2019,"food_rnk",29.0214
"18019050401","tract",2019,"food_rnk",63.4733
"18019050403","tract",2019,"food_rnk",34.5619
"18019050404","tract",2019,"food_rnk",67.7147
"18019050501","tract",2019,"food_rnk",70.1901
"18019050503","tract",2019,"food_rnk",71.5203
"18019050504","tract",2019,"food_rnk",50.6644
"18019050603","tract",2019,"food_rnk",47.8165
"18019050604","tract",2019,"food_rnk",79.1864
"18019050605","tract",2019,"food_rnk",78.6561
"18019050606","tract",2019,"food_rnk",59.607
"18019050701","tract",2019,"food_rnk",94.0899
"18019050703","tract",2019,"food_rnk",73.4442
"18019050704","tract",2019,"food_rnk",87.469
"18019050801","tract",2019,"food_rnk",75.9803
"18019050803","tract",2019,"food_rnk",95.4863
"18019050804","tract",2019,"food_rnk",83.4448
"18019050902","tract",2019,"food_rnk",40.6553
"18019050903","tract",2019,"food_rnk",24.8984
"18019050904","tract",2019,"food_rnk",82.085
"18019051000","tract",2019,"food_rnk",72.0309
"18021040100","tract",2019,"food_rnk",17.9037
"18021040200","tract",2019,"food_rnk",35.7735
"18021040300","tract",2019,"food_rnk",76.3217
"18021040400","tract",2019,"food_rnk",63.1404
"18021040500","tract",2019,"food_rnk",77.1031
"18021040600","tract",2019,"food_rnk",54.5814
"18023950100","tract",2019,"food_rnk",83.7805
"18023950200","tract",2019,"food_rnk",81.4249
"18023950300","tract",2019,"food_rnk",74.6826
"18023950400","tract",2019,"food_rnk",57.865
"18023950500","tract",2019,"food_rnk",30.5983
"18023950600","tract",2019,"food_rnk",34.7255
"18023950700","tract",2019,"food_rnk",59.662
"18023950800","tract",2019,"food_rnk",11.1981
"18025951900","tract",2019,"food_rnk",35.2545
"18025952000","tract",2019,"food_rnk",37.9753
"18025952100","tract",2019,"food_rnk",38.4831
"18027954300","tract",2019,"food_rnk",62.957
"18027954400","tract",2019,"food_rnk",76.1905
"18027954500","tract",2019,"food_rnk",96.911
"18027954600","tract",2019,"food_rnk",50.1044
"18027954700","tract",2019,"food_rnk",22.9463
"18027954800","tract",2019,"food_rnk",51.7998
"18027954900","tract",2019,"food_rnk",58.9497
"18029080101","tract",2019,"food_rnk",82.2656
"18029080103","tract",2019,"food_rnk",80.5687
"18029080104","tract",2019,"food_rnk",81.2881
"18029080201","tract",2019,"food_rnk",71.7544
"18029080202","tract",2019,"food_rnk",64.1545
"18029080300","tract",2019,"food_rnk",16.2901
"18029080400","tract",2019,"food_rnk",80.9199
"18029080500","tract",2019,"food_rnk",10.7919
"18029080600","tract",2019,"food_rnk",75.5078
"18029080700","tract",2019,"food_rnk",51.6574
"18031969000","tract",2019,"food_rnk",77.8732
"18031969100","tract",2019,"food_rnk",36.4435
"18031969200","tract",2019,"food_rnk",47.3905
"18031969300","tract",2019,"food_rnk",45.6077
"18031969400","tract",2019,"food_rnk",79.5785
"18031969500","tract",2019,"food_rnk",58.3573
"18033020100","tract",2019,"food_rnk",87.9612
"18033020200","tract",2019,"food_rnk",54.4897
"18033020300","tract",2019,"food_rnk",63.1855
"18033020400","tract",2019,"food_rnk",79.3021
"18033020500","tract",2019,"food_rnk",22.3581
"18033020601","tract",2019,"food_rnk",31.81
"18033020602","tract",2019,"food_rnk",63.005
"18033020700","tract",2019,"food_rnk",58.5957
"18033020800","tract",2019,"food_rnk",74.062
"18035000300","tract",2019,"food_rnk",6.3967
"18035000400","tract",2019,"food_rnk",4.5743
"18035000500","tract",2019,"food_rnk",13.6171
"18035000600","tract",2019,"food_rnk",4.0369
"18035000700","tract",2019,"food_rnk",82.9553
"18035000800","tract",2019,"food_rnk",69.5258
"18035000902","tract",2019,"food_rnk",NA
"18035000903","tract",2019,"food_rnk",39.249
"18035000904","tract",2019,"food_rnk",47.6839
"18035001000","tract",2019,"food_rnk",40.3196
"18035001100","tract",2019,"food_rnk",36.3617
"18035001200","tract",2019,"food_rnk",0.7264
"18035001300","tract",2019,"food_rnk",12.9316
"18035001400","tract",2019,"food_rnk",18.7853
"18035001500","tract",2019,"food_rnk",9.143
"18035001600","tract",2019,"food_rnk",6.7536
"18035001700","tract",2019,"food_rnk",4.027
"18035002000","tract",2019,"food_rnk",14.7075
"18035002100","tract",2019,"food_rnk",6.8354
"18035002200","tract",2019,"food_rnk",65.3027
"18035002301","tract",2019,"food_rnk",58.2755
"18035002302","tract",2019,"food_rnk",68.6499
"18035002401","tract",2019,"food_rnk",57.5138
"18035002402","tract",2019,"food_rnk",89.5326
"18035002500","tract",2019,"food_rnk",38.864
"18035002601","tract",2019,"food_rnk",78.2639
"18035002602","tract",2019,"food_rnk",33.4772
"18035002700","tract",2019,"food_rnk",65.2773
"18035002800","tract",2019,"food_rnk",2.4571
"18035002900","tract",2019,"food_rnk",64.7766
"18037953200","tract",2019,"food_rnk",91.1081
"18037953300","tract",2019,"food_rnk",60.8046
"18037953400","tract",2019,"food_rnk",78.6772
"18037953500","tract",2019,"food_rnk",93.7049
"18037953600","tract",2019,"food_rnk",85.4153
"18037953700","tract",2019,"food_rnk",96.8024
"18037953800","tract",2019,"food_rnk",60.1656
"18039000100","tract",2019,"food_rnk",23.8123
"18039000200","tract",2019,"food_rnk",52.9861
"18039000301","tract",2019,"food_rnk",89.8344
"18039000302","tract",2019,"food_rnk",74.3469
"18039000400","tract",2019,"food_rnk",68.0518
"18039000501","tract",2019,"food_rnk",52.3189
"18039000502","tract",2019,"food_rnk",65.1729
"18039000600","tract",2019,"food_rnk",80.147
"18039000700","tract",2019,"food_rnk",66.8599
"18039000801","tract",2019,"food_rnk",67.489
"18039000802","tract",2019,"food_rnk",76.505
"18039000900","tract",2019,"food_rnk",89.7822
"18039001000","tract",2019,"food_rnk",86.4985
"18039001100","tract",2019,"food_rnk",67.7937
"18039001200","tract",2019,"food_rnk",79.2485
"18039001300","tract",2019,"food_rnk",82.6126
"18039001400","tract",2019,"food_rnk",97.1127
"18039001501","tract",2019,"food_rnk",28.6448
"18039001502","tract",2019,"food_rnk",70.468
"18039001601","tract",2019,"food_rnk",32.5674
"18039001602","tract",2019,"food_rnk",73.8913
"18039001701","tract",2019,"food_rnk",19.9475
"18039001702","tract",2019,"food_rnk",20.5611
"18039001801","tract",2019,"food_rnk",89.4648
"18039001802","tract",2019,"food_rnk",61.8864
"18039001901","tract",2019,"food_rnk",47.9153
"18039001902","tract",2019,"food_rnk",82.1457
"18039002000","tract",2019,"food_rnk",48.5063
"18039002101","tract",2019,"food_rnk",69.8051
"18039002102","tract",2019,"food_rnk",32.3558
"18039002200","tract",2019,"food_rnk",35.4491
"18039002300","tract",2019,"food_rnk",29.8804
"18039002400","tract",2019,"food_rnk",40.826
"18039002600","tract",2019,"food_rnk",5.5447
"18039002700","tract",2019,"food_rnk",9.5182
"18039002900","tract",2019,"food_rnk",32.6986
"18041954000","tract",2019,"food_rnk",64.5227
"18041954100","tract",2019,"food_rnk",18.8219
"18041954200","tract",2019,"food_rnk",73.0408
"18041954300","tract",2019,"food_rnk",31.1499
"18041954400","tract",2019,"food_rnk",5.9693
"18041954500","tract",2019,"food_rnk",27.3062
"18041954600","tract",2019,"food_rnk",40.4988
"18043070200","tract",2019,"food_rnk",11.7256
"18043070301","tract",2019,"food_rnk",52.68
"18043070302","tract",2019,"food_rnk",82.8481
"18043070400","tract",2019,"food_rnk",38.9317
"18043070500","tract",2019,"food_rnk",27.8887
"18043070600","tract",2019,"food_rnk",71.2776
"18043070700","tract",2019,"food_rnk",19.0194
"18043070801","tract",2019,"food_rnk",4.2386
"18043070802","tract",2019,"food_rnk",50.2088
"18043070901","tract",2019,"food_rnk",62.9344
"18043070902","tract",2019,"food_rnk",15.2618
"18043071003","tract",2019,"food_rnk",84.1528
"18043071004","tract",2019,"food_rnk",84.6056
"18043071005","tract",2019,"food_rnk",88.8823
"18043071006","tract",2019,"food_rnk",53.2978
"18043071007","tract",2019,"food_rnk",82.3262
"18043071101","tract",2019,"food_rnk",77.7195
"18043071103","tract",2019,"food_rnk",98.7193
"18043071104","tract",2019,"food_rnk",82.463
"18043071200","tract",2019,"food_rnk",83.3009
"18045957600","tract",2019,"food_rnk",38.9317
"18045957700","tract",2019,"food_rnk",43.9207
"18045957800","tract",2019,"food_rnk",45.4553
"18045957900","tract",2019,"food_rnk",40.7456
"18045958000","tract",2019,"food_rnk",50.9338
"18047960100","tract",2019,"food_rnk",80.3346
"18047969600","tract",2019,"food_rnk",60.5605
"18047969700","tract",2019,"food_rnk",35.6297
"18047969800","tract",2019,"food_rnk",83.827
"18047969900","tract",2019,"food_rnk",34.7354
"18049953000","tract",2019,"food_rnk",78.1356
"18049953100","tract",2019,"food_rnk",52.0537
"18049953200","tract",2019,"food_rnk",84.0823
"18049953300","tract",2019,"food_rnk",61.7849
"18049953400","tract",2019,"food_rnk",77.5262
"18049953500","tract",2019,"food_rnk",51.9113
"18051050100","tract",2019,"food_rnk",68.9672
"18051050200","tract",2019,"food_rnk",99.062
"18051050300","tract",2019,"food_rnk",72.7982
"18051050401","tract",2019,"food_rnk",20.7826
"18051050402","tract",2019,"food_rnk",61.854
"18051050501","tract",2019,"food_rnk",41.4509
"18051050502","tract",2019,"food_rnk",54.563
"18053000100","tract",2019,"food_rnk",11.2164
"18053000200","tract",2019,"food_rnk",8.3996
"18053000400","tract",2019,"food_rnk",18.6343
"18053000500","tract",2019,"food_rnk",73.0718
"18053000600","tract",2019,"food_rnk",7.7367
"18053000700","tract",2019,"food_rnk",10.6635
"18053000800","tract",2019,"food_rnk",NA
"18053000900","tract",2019,"food_rnk",18.4749
"18053010100","tract",2019,"food_rnk",83.7156
"18053010200","tract",2019,"food_rnk",87.0994
"18053010300","tract",2019,"food_rnk",40.6172
"18053010400","tract",2019,"food_rnk",55.044
"18053010500","tract",2019,"food_rnk",41.0249
"18053010600","tract",2019,"food_rnk",24.3455
"18053010700","tract",2019,"food_rnk",75.622
"18053010800","tract",2019,"food_rnk",56.7225
"18055954701","tract",2019,"food_rnk",66.1673
"18055954702","tract",2019,"food_rnk",56.9919
"18055954800","tract",2019,"food_rnk",45.0293
"18055954900","tract",2019,"food_rnk",58.7706
"18055955000","tract",2019,"food_rnk",30.5983
"18055955100","tract",2019,"food_rnk",43.5159
"18055955200","tract",2019,"food_rnk",20.3481
"18055955300","tract",2019,"food_rnk",64.998
"18055955400","tract",2019,"food_rnk",38.3646
"18057110100","tract",2019,"food_rnk",80.9072
"18057110201","tract",2019,"food_rnk",58.4405
"18057110202","tract",2019,"food_rnk",76.2836
"18057110300","tract",2019,"food_rnk",89.6059
"18057110401","tract",2019,"food_rnk",86.5225
"18057110403","tract",2019,"food_rnk",63.036
"18057110404","tract",2019,"food_rnk",85.6833
"18057110505","tract",2019,"food_rnk",99.2369
"18057110506","tract",2019,"food_rnk",86.1078
"18057110507","tract",2019,"food_rnk",99.866
"18057110508","tract",2019,"food_rnk",86.6537
"18057110509","tract",2019,"food_rnk",60.2164
"18057110511","tract",2019,"food_rnk",86.3307
"18057110512","tract",2019,"food_rnk",74.4894
"18057110600","tract",2019,"food_rnk",38.8287
"18057110700","tract",2019,"food_rnk",57.7593
"18057110804","tract",2019,"food_rnk",99.9676
"18057110805","tract",2019,"food_rnk",99.6051
"18057110806","tract",2019,"food_rnk",99.354
"18057110807","tract",2019,"food_rnk",91.9883
"18057110808","tract",2019,"food_rnk",99.4245
"18057110809","tract",2019,"food_rnk",97.6952
"18057110810","tract",2019,"food_rnk",77.8013
"18057110811","tract",2019,"food_rnk",73.9788
"18057110812","tract",2019,"food_rnk",81.3177
"18057110903","tract",2019,"food_rnk",99.8307
"18057110904","tract",2019,"food_rnk",97.0196
"18057110905","tract",2019,"food_rnk",77.6955
"18057110906","tract",2019,"food_rnk",98.2989
"18057110907","tract",2019,"food_rnk",99.7207
"18057110908","tract",2019,"food_rnk",99.5134
"18057111001","tract",2019,"food_rnk",99.897
"18057111003","tract",2019,"food_rnk",99.2327
"18057111004","tract",2019,"food_rnk",99.4584
"18057111006","tract",2019,"food_rnk",66.4509
"18057111007","tract",2019,"food_rnk",46.1916
"18057111008","tract",2019,"food_rnk",90.8937
"18057111101","tract",2019,"food_rnk",96.0266
"18057111102","tract",2019,"food_rnk",95.7713
"18059410100","tract",2019,"food_rnk",59.5788
"18059410200","tract",2019,"food_rnk",94.5554
"18059410300","tract",2019,"food_rnk",88.9825
"18059410400","tract",2019,"food_rnk",58.2007
"18059410500","tract",2019,"food_rnk",52.6236
"18059410600","tract",2019,"food_rnk",47.8447
"18059410700","tract",2019,"food_rnk",66.6638
"18059410800","tract",2019,"food_rnk",95.9137
"18059410900","tract",2019,"food_rnk",94.7275
"18059411000","tract",2019,"food_rnk",80.0412
"18061060100","tract",2019,"food_rnk",69.4285
"18061060200","tract",2019,"food_rnk",77.4092
"18061060300","tract",2019,"food_rnk",56.0497
"18061060400","tract",2019,"food_rnk",52.8605
"18061060500","tract",2019,"food_rnk",63.3266
"18061060600","tract",2019,"food_rnk",53.4261
"18063210102","tract",2019,"food_rnk",99.8773
"18063210103","tract",2019,"food_rnk",89.7596
"18063210104","tract",2019,"food_rnk",94.5089
"18063210201","tract",2019,"food_rnk",81.5547
"18063210202","tract",2019,"food_rnk",74.519
"18063210300","tract",2019,"food_rnk",98.2495
"18063210400","tract",2019,"food_rnk",88.7187
"18063210501","tract",2019,"food_rnk",87.6989
"18063210502","tract",2019,"food_rnk",86.782
"18063210603","tract",2019,"food_rnk",96.3186
"18063210604","tract",2019,"food_rnk",99.8843
"18063210605","tract",2019,"food_rnk",99.8956
"18063210606","tract",2019,"food_rnk",85.3786
"18063210607","tract",2019,"food_rnk",35.0217
"18063210608","tract",2019,"food_rnk",91.7569
"18063210700","tract",2019,"food_rnk",99.9492
"18063210801","tract",2019,"food_rnk",64.6708
"18063210802","tract",2019,"food_rnk",72.1183
"18063210900","tract",2019,"food_rnk",26.7476
"18063211000","tract",2019,"food_rnk",79.7323
"18063211100","tract",2019,"food_rnk",65.2533
"18065975500","tract",2019,"food_rnk",NA
"18065975600","tract",2019,"food_rnk",57.236
"18065975700","tract",2019,"food_rnk",64.0671
"18065975800","tract",2019,"food_rnk",60.1938
"18065975900","tract",2019,"food_rnk",39.3464
"18065976000","tract",2019,"food_rnk",13.5071
"18065976100","tract",2019,"food_rnk",31.9821
"18065976300","tract",2019,"food_rnk",13.5678
"18065976400","tract",2019,"food_rnk",58.0061
"18065976500","tract",2019,"food_rnk",11.1233
"18065976600","tract",2019,"food_rnk",23.4132
"18065976700","tract",2019,"food_rnk",49.6135
"18065976800","tract",2019,"food_rnk",51.632
"18067000200","tract",2019,"food_rnk",6.659
"18067000300","tract",2019,"food_rnk",16.7301
"18067000400","tract",2019,"food_rnk",13.8118
"18067000500","tract",2019,"food_rnk",25.8985
"18067000600","tract",2019,"food_rnk",39.0981
"18067000700","tract",2019,"food_rnk",53.5573
"18067000800","tract",2019,"food_rnk",76.5473
"18067000900","tract",2019,"food_rnk",21.6895
"18067001000","tract",2019,"food_rnk",38.4577
"18067001100","tract",2019,"food_rnk",20.4285
"18067001200","tract",2019,"food_rnk",3.9466
"18067001300","tract",2019,"food_rnk",59.4138
"18067001400","tract",2019,"food_rnk",32.0582
"18067001500","tract",2019,"food_rnk",21.4032
"18067010100","tract",2019,"food_rnk",78.7012
"18067010200","tract",2019,"food_rnk",98.1184
"18067010300","tract",2019,"food_rnk",84.2459
"18067010400","tract",2019,"food_rnk",86.9203
"18067010500","tract",2019,"food_rnk",87.2179
"18067010600","tract",2019,"food_rnk",56.9228
"18069961300","tract",2019,"food_rnk",93.3268
"18069961400","tract",2019,"food_rnk",51.632
"18069961500","tract",2019,"food_rnk",57.0159
"18069961600","tract",2019,"food_rnk",21.0068
"18069961700","tract",2019,"food_rnk",67.977
"18069961800","tract",2019,"food_rnk",24.7997
"18069961900","tract",2019,"food_rnk",53.4558
"18069962000","tract",2019,"food_rnk",77.206
"18069962100","tract",2019,"food_rnk",90.3436
"18071967500","tract",2019,"food_rnk",74.6516
"18071967600","tract",2019,"food_rnk",30.1949
"18071967700","tract",2019,"food_rnk",71.7544
"18071967800","tract",2019,"food_rnk",24.2849
"18071967901","tract",2019,"food_rnk",15.7103
"18071967902","tract",2019,"food_rnk",67.0376
"18071968000","tract",2019,"food_rnk",83.6211
"18071968100","tract",2019,"food_rnk",54.6166
"18071968200","tract",2019,"food_rnk",63.2278
"18071968300","tract",2019,"food_rnk",65.3027
"18073100400","tract",2019,"food_rnk",40.156
"18073100800","tract",2019,"food_rnk",74.2172
"18073100901","tract",2019,"food_rnk",50.6644
"18073100902","tract",2019,"food_rnk",83.2233
"18073101000","tract",2019,"food_rnk",95.9659
"18073101100","tract",2019,"food_rnk",37.4788
"18073101200","tract",2019,"food_rnk",37.5748
"18073101300","tract",2019,"food_rnk",40.3972
"18075962700","tract",2019,"food_rnk",53.9706
"18075962800","tract",2019,"food_rnk",64.3845
"18075962900","tract",2019,"food_rnk",88.1234
"18075963000","tract",2019,"food_rnk",22.533
"18075963100","tract",2019,"food_rnk",49.6953
"18075963200","tract",2019,"food_rnk",44.3184
"18075963300","tract",2019,"food_rnk",44.6288
"18077966000","tract",2019,"food_rnk",76.0776
"18077966100","tract",2019,"food_rnk",67.1138
"18077966200","tract",2019,"food_rnk",51.0043
"18077966300","tract",2019,"food_rnk",26.4345
"18077966400","tract",2019,"food_rnk",65.2773
"18077966500","tract",2019,"food_rnk",28.5855
"18077966600","tract",2019,"food_rnk",23.1776
"18079960200","tract",2019,"food_rnk",81.8481
"18079960301","tract",2019,"food_rnk",86.4365
"18079960302","tract",2019,"food_rnk",33.4772
"18079960400","tract",2019,"food_rnk",50.3921
"18079960500","tract",2019,"food_rnk",51.0607
"18079960600","tract",2019,"food_rnk",78.2921
"18081610100","tract",2019,"food_rnk",93.568
"18081610201","tract",2019,"food_rnk",58.1486
"18081610202","tract",2019,"food_rnk",85.5845
"18081610300","tract",2019,"food_rnk",58.3771
"18081610401","tract",2019,"food_rnk",70.468
"18081610403","tract",2019,"food_rnk",46.3961
"18081610404","tract",2019,"food_rnk",62.4803
"18081610500","tract",2019,"food_rnk",83.899
"18081610603","tract",2019,"food_rnk",97.8278
"18081610604","tract",2019,"food_rnk",82.006
"18081610605","tract",2019,"food_rnk",86.3307
"18081610606","tract",2019,"food_rnk",98.3384
"18081610701","tract",2019,"food_rnk",99.7461
"18081610702","tract",2019,"food_rnk",98.6868
"18081610801","tract",2019,"food_rnk",47.9731
"18081610802","tract",2019,"food_rnk",75.6742
"18081610900","tract",2019,"food_rnk",43.8121
"18081611000","tract",2019,"food_rnk",52.4219
"18081611100","tract",2019,"food_rnk",52.924
"18081611200","tract",2019,"food_rnk",73.117
"18081611300","tract",2019,"food_rnk",32.109
"18081611400","tract",2019,"food_rnk",91.5609
"18083955000","tract",2019,"food_rnk",9.3489
"18083955100","tract",2019,"food_rnk",80.714
"18083955200","tract",2019,"food_rnk",57.865
"18083955300","tract",2019,"food_rnk",NA
"18083955400","tract",2019,"food_rnk",35.5225
"18083955500","tract",2019,"food_rnk",34.6296
"18083955600","tract",2019,"food_rnk",54.5179
"18083955700","tract",2019,"food_rnk",39.4493
"18083955800","tract",2019,"food_rnk",62.7158
"18083955900","tract",2019,"food_rnk",44.9419
"18085960900","tract",2019,"food_rnk",89.1799
"18085961000","tract",2019,"food_rnk",68.5864
"18085961100","tract",2019,"food_rnk",52.7547
"18085961200","tract",2019,"food_rnk",62.6566
"18085961300","tract",2019,"food_rnk",72.2749
"18085961400","tract",2019,"food_rnk",55.5871
"18085961500","tract",2019,"food_rnk",59.9808
"18085961600","tract",2019,"food_rnk",94.8812
"18085961700","tract",2019,"food_rnk",56.9919
"18085961800","tract",2019,"food_rnk",61.0443
"18085961900","tract",2019,"food_rnk",39.6948
"18085962000","tract",2019,"food_rnk",40.7244
"18085962100","tract",2019,"food_rnk",44.9419
"18085962200","tract",2019,"food_rnk",58.2755
"18085962300","tract",2019,"food_rnk",97.2932
"18085962400","tract",2019,"food_rnk",72.3087
"18085962500","tract",2019,"food_rnk",70.7388
"18085962600","tract",2019,"food_rnk",92.197
"18085962700","tract",2019,"food_rnk",52.6236
"18087970100","tract",2019,"food_rnk",44.1732
"18087970200","tract",2019,"food_rnk",45.7163
"18087970300","tract",2019,"food_rnk",77.2977
"18087970401","tract",2019,"food_rnk",84.6056
"18087970402","tract",2019,"food_rnk",77.5262
"18087970500","tract",2019,"food_rnk",66.9967
"18087970600","tract",2019,"food_rnk",49.6361
"18087970700","tract",2019,"food_rnk",78.1356
"18089010100","tract",2019,"food_rnk",14.9078
"18089010201","tract",2019,"food_rnk",19.0984
"18089010203","tract",2019,"food_rnk",10.1557
"18089010205","tract",2019,"food_rnk",14.242
"18089010302","tract",2019,"food_rnk",9.5859
"18089010304","tract",2019,"food_rnk",27.9804
"18089010400","tract",2019,"food_rnk",4.8367
"18089010500","tract",2019,"food_rnk",1.5417
"18089010600","tract",2019,"food_rnk",3.1483
"18089010900","tract",2019,"food_rnk",4.0496
"18089011000","tract",2019,"food_rnk",51.5107
"18089011100","tract",2019,"food_rnk",8.157
"18089011200","tract",2019,"food_rnk",13.7046
"18089011300","tract",2019,"food_rnk",1.6856
"18089011400","tract",2019,"food_rnk",0.969
"18089011500","tract",2019,"food_rnk",18.6442
"18089011600","tract",2019,"food_rnk",10.8116
"18089011700","tract",2019,"food_rnk",7.8862
"18089011800","tract",2019,"food_rnk",10.3504
"18089011900","tract",2019,"food_rnk",0.3117
"18089012000","tract",2019,"food_rnk",7.7607
"18089012100","tract",2019,"food_rnk",2.68
"18089012200","tract",2019,"food_rnk",1.6362
"18089012300","tract",2019,"food_rnk",14.2829
"18089012400","tract",2019,"food_rnk",7.8002
"18089012500","tract",2019,"food_rnk",22.4272
"18089012600","tract",2019,"food_rnk",3.8549
"18089012700","tract",2019,"food_rnk",10.1642
"18089012800","tract",2019,"food_rnk",1.7815
"18089020100","tract",2019,"food_rnk",36.476
"18089020200","tract",2019,"food_rnk",18.7853
"18089020300","tract",2019,"food_rnk",25.2765
"18089020400","tract",2019,"food_rnk",12.8315
"18089020500","tract",2019,"food_rnk",13.1897
"18089020600","tract",2019,"food_rnk",0.8802
"18089020700","tract",2019,"food_rnk",12.1389
"18089020800","tract",2019,"food_rnk",4.8945
"18089020900","tract",2019,"food_rnk",42.1166
"18089021000","tract",2019,"food_rnk",21.0195
"18089021100","tract",2019,"food_rnk",30.9891
"18089021300","tract",2019,"food_rnk",64.0403
"18089021400","tract",2019,"food_rnk",26.0664
"18089021500","tract",2019,"food_rnk",59.5788
"18089021600","tract",2019,"food_rnk",37.1742
"18089021700","tract",2019,"food_rnk",23.0225
"18089021800","tract",2019,"food_rnk",8.3615
"18089021900","tract",2019,"food_rnk",13.2955
"18089022000","tract",2019,"food_rnk",30.8184
"18089030100","tract",2019,"food_rnk",0.0254
"18089030200","tract",2019,"food_rnk",2.1934
"18089030300","tract",2019,"food_rnk",1.5177
"18089030400","tract",2019,"food_rnk",22.3384
"18089030500","tract",2019,"food_rnk",15.1758
"18089030600","tract",2019,"food_rnk",16.2618
"18089030700","tract",2019,"food_rnk",31.5307
"18089030800","tract",2019,"food_rnk",7.3587
"18089030900","tract",2019,"food_rnk",15.015
"18089031000","tract",2019,"food_rnk",0.2553
"18089040100","tract",2019,"food_rnk",10.4012
"18089040200","tract",2019,"food_rnk",47.2565
"18089040300","tract",2019,"food_rnk",97.6416
"18089040401","tract",2019,"food_rnk",83.3771
"18089040402","tract",2019,"food_rnk",96.6232
"18089040403","tract",2019,"food_rnk",70.2818
"18089040501","tract",2019,"food_rnk",61.2855
"18089040502","tract",2019,"food_rnk",54.7365
"18089040600","tract",2019,"food_rnk",69.3354
"18089040700","tract",2019,"food_rnk",67.8191
"18089040801","tract",2019,"food_rnk",84.4307
"18089040802","tract",2019,"food_rnk",68.0758
"18089040900","tract",2019,"food_rnk",72.4343
"18089041001","tract",2019,"food_rnk",15.4437
"18089041002","tract",2019,"food_rnk",54.8353
"18089041100","tract",2019,"food_rnk",15.9967
"18089041200","tract",2019,"food_rnk",4.3994
"18089041302","tract",2019,"food_rnk",34.7692
"18089041400","tract",2019,"food_rnk",44.0702
"18089041500","tract",2019,"food_rnk",3.8253
"18089041600","tract",2019,"food_rnk",25.5811
"18089041700","tract",2019,"food_rnk",18.1195
"18089041800","tract",2019,"food_rnk",31.9228
"18089041900","tract",2019,"food_rnk",51.7646
"18089042000","tract",2019,"food_rnk",66.2224
"18089042100","tract",2019,"food_rnk",22.3821
"18089042200","tract",2019,"food_rnk",72.2128
"18089042300","tract",2019,"food_rnk",79.5785
"18089042401","tract",2019,"food_rnk",42.1335
"18089042402","tract",2019,"food_rnk",37.3688
"18089042403","tract",2019,"food_rnk",41.331
"18089042501","tract",2019,"food_rnk",50.9084
"18089042503","tract",2019,"food_rnk",34.363
"18089042504","tract",2019,"food_rnk",86.4619
"18089042505","tract",2019,"food_rnk",75.3343
"18089042602","tract",2019,"food_rnk",80.8226
"18089042605","tract",2019,"food_rnk",94.0899
"18089042606","tract",2019,"food_rnk",50.1298
"18089042607","tract",2019,"food_rnk",86.8921
"18089042608","tract",2019,"food_rnk",97.7897
"18089042609","tract",2019,"food_rnk",82.188
"18089042702","tract",2019,"food_rnk",62.397
"18089042703","tract",2019,"food_rnk",61.2855
"18089042704","tract",2019,"food_rnk",76.4796
"18089042801","tract",2019,"food_rnk",86.8582
"18089042802","tract",2019,"food_rnk",75.5938
"18089042901","tract",2019,"food_rnk",78.0524
"18089042902","tract",2019,"food_rnk",87.1812
"18089043001","tract",2019,"food_rnk",78.7802
"18089043002","tract",2019,"food_rnk",82.2966
"18089043101","tract",2019,"food_rnk",23.6233
"18089043102","tract",2019,"food_rnk",97.4159
"18089043201","tract",2019,"food_rnk",60.6522
"18089043202","tract",2019,"food_rnk",94.341
"18089043300","tract",2019,"food_rnk",80.793
"18089043401","tract",2019,"food_rnk",92.0052
"18089043403","tract",2019,"food_rnk",84.0612
"18089043404","tract",2019,"food_rnk",74.6826
"18089043405","tract",2019,"food_rnk",75.2863
"18089990000","tract",2019,"food_rnk",NA
"18091040100","tract",2019,"food_rnk",NA
"18091040300","tract",2019,"food_rnk",8.8637
"18091040400","tract",2019,"food_rnk",24.5754
"18091040500","tract",2019,"food_rnk",44.578
"18091040600","tract",2019,"food_rnk",25.9493
"18091040700","tract",2019,"food_rnk",15.0093
"18091040800","tract",2019,"food_rnk",21.5259
"18091040900","tract",2019,"food_rnk",4.5898
"18091041100","tract",2019,"food_rnk",89.3182
"18091041200","tract",2019,"food_rnk",74.2538
"18091041300","tract",2019,"food_rnk",2.0424
"18091041400","tract",2019,"food_rnk",16.6004
"18091041500","tract",2019,"food_rnk",73.4865
"18091041600","tract",2019,"food_rnk",80.2471
"18091041700","tract",2019,"food_rnk",41.8232
"18091041800","tract",2019,"food_rnk",43.3833
"18091041900","tract",2019,"food_rnk",68.8064
"18091042000","tract",2019,"food_rnk",57.1894
"18091042100","tract",2019,"food_rnk",26.1862
"18091042200","tract",2019,"food_rnk",46.918
"18091042300","tract",2019,"food_rnk",12.5945
"18091042400","tract",2019,"food_rnk",34.2389
"18091042500","tract",2019,"food_rnk",73.3271
"18091042600","tract",2019,"food_rnk",NA
"18091042700","tract",2019,"food_rnk",71.6994
"18091042800","tract",2019,"food_rnk",56.817
"18091042900","tract",2019,"food_rnk",56.415
"18091043000","tract",2019,"food_rnk",17.2266
"18091990000","tract",2019,"food_rnk",NA
"18093950400","tract",2019,"food_rnk",55.0087
"18093950500","tract",2019,"food_rnk",64.9543
"18093950600","tract",2019,"food_rnk",54.3571
"18093950700","tract",2019,"food_rnk",68.9912
"18093950800","tract",2019,"food_rnk",36.4153
"18093950900","tract",2019,"food_rnk",46.0661
"18093951000","tract",2019,"food_rnk",66.3747
"18093951100","tract",2019,"food_rnk",31.1329
"18093951200","tract",2019,"food_rnk",49.1875
"18093951300","tract",2019,"food_rnk",22.3073
"18095000300","tract",2019,"food_rnk",17.9333
"18095000400","tract",2019,"food_rnk",5.525
"18095000500","tract",2019,"food_rnk",7.9116
"18095000800","tract",2019,"food_rnk",4.4276
"18095000900","tract",2019,"food_rnk",8.6606
"18095001000","tract",2019,"food_rnk",1.8873
"18095001100","tract",2019,"food_rnk",19.3565
"18095001200","tract",2019,"food_rnk",40.3196
"18095001300","tract",2019,"food_rnk",32.2754
"18095001400","tract",2019,"food_rnk",15.4762
"18095001500","tract",2019,"food_rnk",48.952
"18095001600","tract",2019,"food_rnk",87.3999
"18095001700","tract",2019,"food_rnk",13.5678
"18095001800","tract",2019,"food_rnk",33.7382
"18095001900","tract",2019,"food_rnk",33.0837
"18095002000","tract",2019,"food_rnk",33.4955
"18095010100","tract",2019,"food_rnk",57.9737
"18095010200","tract",2019,"food_rnk",26.3386
"18095010300","tract",2019,"food_rnk",29.1582
"18095010400","tract",2019,"food_rnk",55.7394
"18095010500","tract",2019,"food_rnk",65.9078
"18095010600","tract",2019,"food_rnk",33.7607
"18095010700","tract",2019,"food_rnk",66.4847
"18095010800","tract",2019,"food_rnk",37.067
"18095010900","tract",2019,"food_rnk",64.0078
"18095011000","tract",2019,"food_rnk",88.3632
"18095011100","tract",2019,"food_rnk",63.3999
"18095011200","tract",2019,"food_rnk",76.8971
"18095011300","tract",2019,"food_rnk",23.3201
"18095011400","tract",2019,"food_rnk",79.6279
"18095011501","tract",2019,"food_rnk",55.4686
"18095011502","tract",2019,"food_rnk",91.9727
"18095011600","tract",2019,"food_rnk",NA
"18095011700","tract",2019,"food_rnk",86.5761
"18095011800","tract",2019,"food_rnk",71.0336
"18095011900","tract",2019,"food_rnk",20.2677
"18095012000","tract",2019,"food_rnk",1.9719
"18097310103","tract",2019,"food_rnk",91.9727
"18097310104","tract",2019,"food_rnk",59.0583
"18097310105","tract",2019,"food_rnk",58.9201
"18097310106","tract",2019,"food_rnk",37.0543
"18097310108","tract",2019,"food_rnk",83.3277
"18097310110","tract",2019,"food_rnk",53.3711
"18097310111","tract",2019,"food_rnk",24.7348
"18097310201","tract",2019,"food_rnk",52.5418
"18097310203","tract",2019,"food_rnk",76.9606
"18097310204","tract",2019,"food_rnk",33.8679
"18097310305","tract",2019,"food_rnk",23.9492
"18097310306","tract",2019,"food_rnk",7.5025
"18097310308","tract",2019,"food_rnk",59.7805
"18097310309","tract",2019,"food_rnk",21.7572
"18097310310","tract",2019,"food_rnk",60.892
"18097310311","tract",2019,"food_rnk",71.2198
"18097310312","tract",2019,"food_rnk",61.1417
"18097320105","tract",2019,"food_rnk",55.7126
"18097320106","tract",2019,"food_rnk",44.2832
"18097320107","tract",2019,"food_rnk",98.7884
"18097320108","tract",2019,"food_rnk",32.5674
"18097320109","tract",2019,"food_rnk",81.8763
"18097320202","tract",2019,"food_rnk",99.1057
"18097320203","tract",2019,"food_rnk",68.1139
"18097320204","tract",2019,"food_rnk",58.3573
"18097320301","tract",2019,"food_rnk",89.4366
"18097320303","tract",2019,"food_rnk",81.9059
"18097320304","tract",2019,"food_rnk",99.0155
"18097320400","tract",2019,"food_rnk",88.2772
"18097320500","tract",2019,"food_rnk",47.5626
"18097320600","tract",2019,"food_rnk",35.1642
"18097320700","tract",2019,"food_rnk",90.3112
"18097320800","tract",2019,"food_rnk",96.8475
"18097320901","tract",2019,"food_rnk",79.7549
"18097320902","tract",2019,"food_rnk",22.6684
"18097320903","tract",2019,"food_rnk",30.0017
"18097321001","tract",2019,"food_rnk",43.7514
"18097321002","tract",2019,"food_rnk",53.6462
"18097321100","tract",2019,"food_rnk",50.1044
"18097321200","tract",2019,"food_rnk",83.9779
"18097321300","tract",2019,"food_rnk",91.3084
"18097321400","tract",2019,"food_rnk",89.6581
"18097321600","tract",2019,"food_rnk",39.2025
"18097321700","tract",2019,"food_rnk",93.128
"18097321800","tract",2019,"food_rnk",93.7697
"18097321900","tract",2019,"food_rnk",NA
"18097322000","tract",2019,"food_rnk",20.1097
"18097322100","tract",2019,"food_rnk",44.4538
"18097322200","tract",2019,"food_rnk",81.7789
"18097322300","tract",2019,"food_rnk",86.4619
"18097322400","tract",2019,"food_rnk",68.0236
"18097322500","tract",2019,"food_rnk",54.0792
"18097322600","tract",2019,"food_rnk",4.319
"18097322700","tract",2019,"food_rnk",42.403
"18097330103","tract",2019,"food_rnk",93.6752
"18097330105","tract",2019,"food_rnk",52.4219
"18097330106","tract",2019,"food_rnk",41.6342
"18097330107","tract",2019,"food_rnk",98.6121
"18097330108","tract",2019,"food_rnk",92.599
"18097330109","tract",2019,"food_rnk",94.7839
"18097330202","tract",2019,"food_rnk",40.9022
"18097330203","tract",2019,"food_rnk",89.6355
"18097330204","tract",2019,"food_rnk",88.7638
"18097330206","tract",2019,"food_rnk",87.6749
"18097330208","tract",2019,"food_rnk",94.53
"18097330209","tract",2019,"food_rnk",62.6834
"18097330401","tract",2019,"food_rnk",77.0128
"18097330500","tract",2019,"food_rnk",23.4569
"18097330600","tract",2019,"food_rnk",31.6816
"18097330700","tract",2019,"food_rnk",42.0024
"18097330803","tract",2019,"food_rnk",6.652
"18097330804","tract",2019,"food_rnk",10.4928
"18097330805","tract",2019,"food_rnk",9.5224
"18097330806","tract",2019,"food_rnk",15.3154
"18097330900","tract",2019,"food_rnk",16.3296
"18097331000","tract",2019,"food_rnk",39.5128
"18097340101","tract",2019,"food_rnk",31.1837
"18097340102","tract",2019,"food_rnk",32.731
"18097340108","tract",2019,"food_rnk",37.4577
"18097340109","tract",2019,"food_rnk",60.9654
"18097340110","tract",2019,"food_rnk",45.9687
"18097340111","tract",2019,"food_rnk",73.8674
"18097340112","tract",2019,"food_rnk",38.5184
"18097340113","tract",2019,"food_rnk",34.868
"18097340114","tract",2019,"food_rnk",96.6853
"18097340201","tract",2019,"food_rnk",31.4954
"18097340202","tract",2019,"food_rnk",35.8624
"18097340300","tract",2019,"food_rnk",6.7761
"18097340400","tract",2019,"food_rnk",17.1434
"18097340500","tract",2019,"food_rnk",24.9281
"18097340600","tract",2019,"food_rnk",21.4808
"18097340700","tract",2019,"food_rnk",10.0528
"18097340800","tract",2019,"food_rnk",18.5892
"18097340901","tract",2019,"food_rnk",77.632
"18097340902","tract",2019,"food_rnk",54.91
"18097341000","tract",2019,"food_rnk",77.3231
"18097341100","tract",2019,"food_rnk",11.9612
"18097341200","tract",2019,"food_rnk",6.164
"18097341600","tract",2019,"food_rnk",22.1959
"18097341700","tract",2019,"food_rnk",9.6832
"18097341902","tract",2019,"food_rnk",79.5644
"18097341903","tract",2019,"food_rnk",27.2244
"18097341904","tract",2019,"food_rnk",15.6003
"18097342000","tract",2019,"food_rnk",77.0481
"18097342101","tract",2019,"food_rnk",18.7571
"18097342200","tract",2019,"food_rnk",18.2408
"18097342300","tract",2019,"food_rnk",7.48
"18097342400","tract",2019,"food_rnk",14.5551
"18097342500","tract",2019,"food_rnk",20.7952
"18097342600","tract",2019,"food_rnk",8.2529
"18097350100","tract",2019,"food_rnk",7.3911
"18097350300","tract",2019,"food_rnk",6.9186
"18097350400","tract",2019,"food_rnk",27.1764
"18097350500","tract",2019,"food_rnk",11.9076
"18097350600","tract",2019,"food_rnk",15.6328
"18097350700","tract",2019,"food_rnk",5.6477
"18097350800","tract",2019,"food_rnk",11.2277
"18097350900","tract",2019,"food_rnk",10.6635
"18097351000","tract",2019,"food_rnk",2.0904
"18097351200","tract",2019,"food_rnk",1.7871
"18097351500","tract",2019,"food_rnk",47.4484
"18097351600","tract",2019,"food_rnk",63.6341
"18097351700","tract",2019,"food_rnk",23.7305
"18097351900","tract",2019,"food_rnk",14.6285
"18097352100","tract",2019,"food_rnk",9.4025
"18097352300","tract",2019,"food_rnk",12.7116
"18097352400","tract",2019,"food_rnk",31.4602
"18097352500","tract",2019,"food_rnk",45.7699
"18097352600","tract",2019,"food_rnk",5.1272
"18097352700","tract",2019,"food_rnk",10.7651
"18097352800","tract",2019,"food_rnk",8.5788
"18097353300","tract",2019,"food_rnk",90.0686
"18097353500","tract",2019,"food_rnk",18.5314
"18097353600","tract",2019,"food_rnk",19.2761
"18097354200","tract",2019,"food_rnk",63.2053
"18097354400","tract",2019,"food_rnk",46.5442
"18097354500","tract",2019,"food_rnk",43.159
"18097354700","tract",2019,"food_rnk",20.8954
"18097354800","tract",2019,"food_rnk",7.7367
"18097354900","tract",2019,"food_rnk",9.8214
"18097355000","tract",2019,"food_rnk",9.0964
"18097355100","tract",2019,"food_rnk",11.349
"18097355300","tract",2019,"food_rnk",25.9493
"18097355400","tract",2019,"food_rnk",33.0653
"18097355500","tract",2019,"food_rnk",10.9823
"18097355600","tract",2019,"food_rnk",7.023
"18097355700","tract",2019,"food_rnk",6.8833
"18097355900","tract",2019,"food_rnk",25.6968
"18097356200","tract",2019,"food_rnk",NA
"18097356400","tract",2019,"food_rnk",7.5858
"18097356900","tract",2019,"food_rnk",7.4123
"18097357000","tract",2019,"food_rnk",14.1249
"18097357100","tract",2019,"food_rnk",22.3637
"18097357200","tract",2019,"food_rnk",2.553
"18097357300","tract",2019,"food_rnk",15.7583
"18097357400","tract",2019,"food_rnk",6.7423
"18097357500","tract",2019,"food_rnk",26.6306
"18097357600","tract",2019,"food_rnk",12.4887
"18097357800","tract",2019,"food_rnk",14.0107
"18097357900","tract",2019,"food_rnk",25.4373
"18097358000","tract",2019,"food_rnk",18.537
"18097358100","tract",2019,"food_rnk",8.1105
"18097360101","tract",2019,"food_rnk",6.2655
"18097360102","tract",2019,"food_rnk",12.0148
"18097360201","tract",2019,"food_rnk",21.3341
"18097360202","tract",2019,"food_rnk",12.0148
"18097360301","tract",2019,"food_rnk",30.2697
"18097360302","tract",2019,"food_rnk",19.475
"18097360401","tract",2019,"food_rnk",25.237
"18097360402","tract",2019,"food_rnk",17.946
"18097360404","tract",2019,"food_rnk",11.9612
"18097360405","tract",2019,"food_rnk",28.2428
"18097360501","tract",2019,"food_rnk",46.8757
"18097360502","tract",2019,"food_rnk",28.2089
"18097360601","tract",2019,"food_rnk",80.5391
"18097360602","tract",2019,"food_rnk",23.7855
"18097360700","tract",2019,"food_rnk",42.6413
"18097360800","tract",2019,"food_rnk",28.7901
"18097360900","tract",2019,"food_rnk",4.7661
"18097361000","tract",2019,"food_rnk",79.8945
"18097361100","tract",2019,"food_rnk",29.0792
"18097361200","tract",2019,"food_rnk",38.3985
"18097361300","tract",2019,"food_rnk",46.2903
"18097361400","tract",2019,"food_rnk",52.6518
"18097361600","tract",2019,"food_rnk",95.4638
"18097370201","tract",2019,"food_rnk",41.7626
"18097370202","tract",2019,"food_rnk",24.062
"18097370301","tract",2019,"food_rnk",72.0309
"18097370302","tract",2019,"food_rnk",43.6484
"18097380100","tract",2019,"food_rnk",53.7802
"18097380200","tract",2019,"food_rnk",40.0671
"18097380300","tract",2019,"food_rnk",27.8746
"18097380402","tract",2019,"food_rnk",21.6712
"18097380403","tract",2019,"food_rnk",45.0702
"18097380404","tract",2019,"food_rnk",26.7801
"18097380501","tract",2019,"food_rnk",57.3587
"18097380502","tract",2019,"food_rnk",29.6956
"18097380600","tract",2019,"food_rnk",48.6826
"18097380700","tract",2019,"food_rnk",53.7463
"18097380800","tract",2019,"food_rnk",45.4821
"18097380901","tract",2019,"food_rnk",60.4096
"18097380902","tract",2019,"food_rnk",90.046
"18097381001","tract",2019,"food_rnk",10.5958
"18097381002","tract",2019,"food_rnk",70.5216
"18097381101","tract",2019,"food_rnk",61.8864
"18097381102","tract",2019,"food_rnk",82.1245
"18097381201","tract",2019,"food_rnk",68.7556
"18097381203","tract",2019,"food_rnk",8.2981
"18097381204","tract",2019,"food_rnk",36.2954
"18097381205","tract",2019,"food_rnk",64.1545
"18097390101","tract",2019,"food_rnk",70.8009
"18097390102","tract",2019,"food_rnk",20.9941
"18097390200","tract",2019,"food_rnk",62.2602
"18097390300","tract",2019,"food_rnk",95.3876
"18097390402","tract",2019,"food_rnk",78.625
"18097390403","tract",2019,"food_rnk",89.8683
"18097390404","tract",2019,"food_rnk",67.245
"18097390405","tract",2019,"food_rnk",66.4509
"18097390500","tract",2019,"food_rnk",11.3857
"18097390600","tract",2019,"food_rnk",27.9889
"18097390700","tract",2019,"food_rnk",14.1827
"18097390800","tract",2019,"food_rnk",52.2455
"18097390900","tract",2019,"food_rnk",47.8772
"18097391000","tract",2019,"food_rnk",95.4201
"18099020101","tract",2019,"food_rnk",66.5581
"18099020102","tract",2019,"food_rnk",72.9886
"18099020201","tract",2019,"food_rnk",40.7244
"18099020202","tract",2019,"food_rnk",79.3867
"18099020301","tract",2019,"food_rnk",62.7694
"18099020302","tract",2019,"food_rnk",61.8864
"18099020400","tract",2019,"food_rnk",28.4374
"18099020500","tract",2019,"food_rnk",19.0885
"18099020600","tract",2019,"food_rnk",82.1245
"18099020701","tract",2019,"food_rnk",96.8658
"18099020702","tract",2019,"food_rnk",62.28
"18099020800","tract",2019,"food_rnk",61.4506
"18101950100","tract",2019,"food_rnk",41.0432
"18101950200","tract",2019,"food_rnk",54.2132
"18101950300","tract",2019,"food_rnk",70.9391
"18103952000","tract",2019,"food_rnk",64.3365
"18103952100","tract",2019,"food_rnk",67.6865
"18103952200","tract",2019,"food_rnk",15.4832
"18103952300","tract",2019,"food_rnk",12.3886
"18103952400","tract",2019,"food_rnk",45.7699
"18103952500","tract",2019,"food_rnk",13.9754
"18103952600","tract",2019,"food_rnk",51.7251
"18103952700","tract",2019,"food_rnk",45.5273
"18103952800","tract",2019,"food_rnk",NA
"18103952900","tract",2019,"food_rnk",24.1509
"18105000100","tract",2019,"food_rnk",81.1343
"18105000201","tract",2019,"food_rnk",NA
"18105000202","tract",2019,"food_rnk",NA
"18105000301","tract",2019,"food_rnk",93.183
"18105000302","tract",2019,"food_rnk",89.6059
"18105000401","tract",2019,"food_rnk",87.469
"18105000402","tract",2019,"food_rnk",65.5284
"18105000501","tract",2019,"food_rnk",37.1742
"18105000502","tract",2019,"food_rnk",43.9376
"18105000601","tract",2019,"food_rnk",9.332
"18105000602","tract",2019,"food_rnk",10.1035
"18105000700","tract",2019,"food_rnk",44.1732
"18105000800","tract",2019,"food_rnk",49.6361
"18105000901","tract",2019,"food_rnk",72.6148
"18105000903","tract",2019,"food_rnk",49.5627
"18105000904","tract",2019,"food_rnk",96.7389
"18105001001","tract",2019,"food_rnk",72.2396
"18105001002","tract",2019,"food_rnk",70.5216
"18105001101","tract",2019,"food_rnk",24.4062
"18105001102","tract",2019,"food_rnk",52.6518
"18105001103","tract",2019,"food_rnk",76.3527
"18105001200","tract",2019,"food_rnk",55.1597
"18105001301","tract",2019,"food_rnk",78.3824
"18105001303","tract",2019,"food_rnk",98.3243
"18105001304","tract",2019,"food_rnk",31.4291
"18105001305","tract",2019,"food_rnk",39.6369
"18105001401","tract",2019,"food_rnk",78.9325
"18105001402","tract",2019,"food_rnk",75.701
"18105001501","tract",2019,"food_rnk",83.1105
"18105001502","tract",2019,"food_rnk",62.4803
"18105001600","tract",2019,"food_rnk",31.4376
"18107956700","tract",2019,"food_rnk",65.1729
"18107956800","tract",2019,"food_rnk",56.4813
"18107956900","tract",2019,"food_rnk",65.2251
"18107957000","tract",2019,"food_rnk",73.6022
"18107957100","tract",2019,"food_rnk",31.1978
"18107957200","tract",2019,"food_rnk",34.2248
"18107957300","tract",2019,"food_rnk",75.8534
"18107957400","tract",2019,"food_rnk",53.0806
"18107957500","tract",2019,"food_rnk",68.0518
"18109510100","tract",2019,"food_rnk",78.5686
"18109510201","tract",2019,"food_rnk",52.1609
"18109510202","tract",2019,"food_rnk",52.7731
"18109510300","tract",2019,"food_rnk",52.1158
"18109510401","tract",2019,"food_rnk",70.9137
"18109510402","tract",2019,"food_rnk",57.0484
"18109510500","tract",2019,"food_rnk",62.9034
"18109510600","tract",2019,"food_rnk",82.645
"18109510701","tract",2019,"food_rnk",55.8565
"18109510702","tract",2019,"food_rnk",77.5686
"18109510800","tract",2019,"food_rnk",23.1
"18109510900","tract",2019,"food_rnk",20.3777
"18109511000","tract",2019,"food_rnk",73.4188
"18111100400","tract",2019,"food_rnk",59.8242
"18111100500","tract",2019,"food_rnk",46.1239
"18111100600","tract",2019,"food_rnk",21.1281
"18111100700","tract",2019,"food_rnk",28.6321
"18113971700","tract",2019,"food_rnk",79.4516
"18113971800","tract",2019,"food_rnk",36.7115
"18113971900","tract",2019,"food_rnk",24.5839
"18113972000","tract",2019,"food_rnk",62.28
"18113972100","tract",2019,"food_rnk",53.7802
"18113972200","tract",2019,"food_rnk",35.2206
"18113972300","tract",2019,"food_rnk",72.9364
"18113972400","tract",2019,"food_rnk",64.62
"18113972500","tract",2019,"food_rnk",72.9632
"18113972600","tract",2019,"food_rnk",92.2111
"18115965700","tract",2019,"food_rnk",65.4889
"18115965800","tract",2019,"food_rnk",70.9137
"18117951300","tract",2019,"food_rnk",48.5429
"18117951400","tract",2019,"food_rnk",45.2889
"18117951500","tract",2019,"food_rnk",61.61
"18117951600","tract",2019,"food_rnk",49.9027
"18117951700","tract",2019,"food_rnk",24.9831
"18117951800","tract",2019,"food_rnk",26.5925
"18119955500","tract",2019,"food_rnk",44.695
"18119955600","tract",2019,"food_rnk",20.6443
"18119955700","tract",2019,"food_rnk",38.9021
"18119955800","tract",2019,"food_rnk",39.3252
"18119955900","tract",2019,"food_rnk",72.9364
"18121030100","tract",2019,"food_rnk",51.8407
"18121030200","tract",2019,"food_rnk",48.7066
"18121030300","tract",2019,"food_rnk",30.343
"18121030400","tract",2019,"food_rnk",40.5721
"18123952200","tract",2019,"food_rnk",74.7278
"18123952300","tract",2019,"food_rnk",98.038
"18123952400","tract",2019,"food_rnk",41.2506
"18123952500","tract",2019,"food_rnk",56.0977
"18123952600","tract",2019,"food_rnk",22.1564
"18125953900","tract",2019,"food_rnk",58.1725
"18125954000","tract",2019,"food_rnk",39.7695
"18125954100","tract",2019,"food_rnk",74.2538
"18125954200","tract",2019,"food_rnk",46.8757
"18127050101","tract",2019,"food_rnk",60.9315
"18127050103","tract",2019,"food_rnk",92.3409
"18127050202","tract",2019,"food_rnk",66.6342
"18127050203","tract",2019,"food_rnk",86.0486
"18127050300","tract",2019,"food_rnk",89.4
"18127050402","tract",2019,"food_rnk",54.422
"18127050405","tract",2019,"food_rnk",89.4366
"18127050407","tract",2019,"food_rnk",38.2687
"18127050501","tract",2019,"food_rnk",52.0537
"18127050503","tract",2019,"food_rnk",30.0412
"18127050505","tract",2019,"food_rnk",64.1009
"18127050506","tract",2019,"food_rnk",54.2132
"18127050507","tract",2019,"food_rnk",37.3209
"18127050508","tract",2019,"food_rnk",34.5957
"18127050509","tract",2019,"food_rnk",37.8625
"18127050602","tract",2019,"food_rnk",64.0671
"18127050603","tract",2019,"food_rnk",90.4621
"18127050604","tract",2019,"food_rnk",94.6682
"18127050702","tract",2019,"food_rnk",51.2681
"18127050703","tract",2019,"food_rnk",94.5554
"18127050704","tract",2019,"food_rnk",70.066
"18127050800","tract",2019,"food_rnk",76.0494
"18127050900","tract",2019,"food_rnk",NA
"18127051002","tract",2019,"food_rnk",77.6687
"18127051005","tract",2019,"food_rnk",90.9727
"18127051006","tract",2019,"food_rnk",38.1615
"18127051007","tract",2019,"food_rnk",86.1078
"18127051008","tract",2019,"food_rnk",72.4343
"18127051101","tract",2019,"food_rnk",61.4083
"18127051102","tract",2019,"food_rnk",83.9441
"18127980001","tract",2019,"food_rnk",NA
"18127980002","tract",2019,"food_rnk",NA
"18127990000","tract",2019,"food_rnk",NA
"18129040100","tract",2019,"food_rnk",67.4721
"18129040200","tract",2019,"food_rnk",91.3296
"18129040300","tract",2019,"food_rnk",88.194
"18129040400","tract",2019,"food_rnk",77.7759
"18129040500","tract",2019,"food_rnk",70.65
"18129040600","tract",2019,"food_rnk",27.2455
"18129040700","tract",2019,"food_rnk",31.4954
"18131958900","tract",2019,"food_rnk",40.4804
"18131959000","tract",2019,"food_rnk",45.2705
"18131959100","tract",2019,"food_rnk",23.6812
"18131959200","tract",2019,"food_rnk",72.9632
"18133956000","tract",2019,"food_rnk",47.0802
"18133956100","tract",2019,"food_rnk",25.7842
"18133956200","tract",2019,"food_rnk",45.0082
"18133956300","tract",2019,"food_rnk",48.6572
"18133956400","tract",2019,"food_rnk",92.8868
"18133956500","tract",2019,"food_rnk",58.9906
"18133956600","tract",2019,"food_rnk",NA
"18135951400","tract",2019,"food_rnk",78.2442
"18135951500","tract",2019,"food_rnk",74.8321
"18135951600","tract",2019,"food_rnk",18.9588
"18135951700","tract",2019,"food_rnk",34.6479
"18135951800","tract",2019,"food_rnk",27.4599
"18135951900","tract",2019,"food_rnk",51.1524
"18135952000","tract",2019,"food_rnk",50.8378
"18135952100","tract",2019,"food_rnk",33.9568
"18137968400","tract",2019,"food_rnk",89.8344
"18137968500","tract",2019,"food_rnk",58.0061
"18137968600","tract",2019,"food_rnk",40.7244
"18137968700","tract",2019,"food_rnk",59.8553
"18137968800","tract",2019,"food_rnk",33.3672
"18137968900","tract",2019,"food_rnk",56.9919
"18139974100","tract",2019,"food_rnk",74.0126
"18139974200","tract",2019,"food_rnk",41.4805
"18139974300","tract",2019,"food_rnk",33.9314
"18139974400","tract",2019,"food_rnk",52.3189
"18139974500","tract",2019,"food_rnk",63.95
"18141000100","tract",2019,"food_rnk",19.7148
"18141000200","tract",2019,"food_rnk",17.0066
"18141000301","tract",2019,"food_rnk",23.361
"18141000302","tract",2019,"food_rnk",13.8217
"18141000400","tract",2019,"food_rnk",2.2343
"18141000500","tract",2019,"food_rnk",17.9672
"18141000600","tract",2019,"food_rnk",5.69
"18141000700","tract",2019,"food_rnk",48.3144
"18141000800","tract",2019,"food_rnk",87.9937
"18141000900","tract",2019,"food_rnk",34.6296
"18141001000","tract",2019,"food_rnk",24.2369
"18141001100","tract",2019,"food_rnk",24.4584
"18141001200","tract",2019,"food_rnk",93.7303
"18141001300","tract",2019,"food_rnk",73.7954
"18141001400","tract",2019,"food_rnk",27.6786
"18141001500","tract",2019,"food_rnk",41.5708
"18141001600","tract",2019,"food_rnk",96.9603
"18141001700","tract",2019,"food_rnk",6.7536
"18141001900","tract",2019,"food_rnk",24.9676
"18141002000","tract",2019,"food_rnk",0.3992
"18141002100","tract",2019,"food_rnk",3.3627
"18141002200","tract",2019,"food_rnk",26.6136
"18141002300","tract",2019,"food_rnk",2.4853
"18141002400","tract",2019,"food_rnk",10.5761
"18141002500","tract",2019,"food_rnk",31.1978
"18141002600","tract",2019,"food_rnk",27.443
"18141002700","tract",2019,"food_rnk",NA
"18141002800","tract",2019,"food_rnk",25.1481
"18141002900","tract",2019,"food_rnk",25.3893
"18141003000","tract",2019,"food_rnk",5.6971
"18141003100","tract",2019,"food_rnk",10.8991
"18141003200","tract",2019,"food_rnk",62.0839
"18141003300","tract",2019,"food_rnk",23.8406
"18141003400","tract",2019,"food_rnk",7.1499
"18141003500","tract",2019,"food_rnk",8.5661
"18141010100","tract",2019,"food_rnk",29.3218
"18141010200","tract",2019,"food_rnk",30.1949
"18141010300","tract",2019,"food_rnk",28.1003
"18141010400","tract",2019,"food_rnk",44.2832
"18141010500","tract",2019,"food_rnk",56.6435
"18141010600","tract",2019,"food_rnk",58.3277
"18141010700","tract",2019,"food_rnk",27.6616
"18141010800","tract",2019,"food_rnk",70.2818
"18141010900","tract",2019,"food_rnk",81.3727
"18141011000","tract",2019,"food_rnk",87.5691
"18141011100","tract",2019,"food_rnk",17.4805
"18141011201","tract",2019,"food_rnk",38.7074
"18141011202","tract",2019,"food_rnk",NA
"18141011301","tract",2019,"food_rnk",51.6574
"18141011302","tract",2019,"food_rnk",55.9002
"18141011303","tract",2019,"food_rnk",68.1928
"18141011304","tract",2019,"food_rnk",95.6627
"18141011305","tract",2019,"food_rnk",87.1812
"18141011306","tract",2019,"food_rnk",83.5661
"18141011403","tract",2019,"food_rnk",89.7018
"18141011404","tract",2019,"food_rnk",97.533
"18141011405","tract",2019,"food_rnk",95.7811
"18141011406","tract",2019,"food_rnk",86.1389
"18141011501","tract",2019,"food_rnk",47.9265
"18141011503","tract",2019,"food_rnk",49.9647
"18141011504","tract",2019,"food_rnk",84.954
"18141011505","tract",2019,"food_rnk",53.2724
"18141011506","tract",2019,"food_rnk",57.3996
"18141011601","tract",2019,"food_rnk",91.788
"18141011602","tract",2019,"food_rnk",76.8562
"18141011701","tract",2019,"food_rnk",47.9505
"18141011702","tract",2019,"food_rnk",91.8966
"18141011801","tract",2019,"food_rnk",98.3582
"18141011802","tract",2019,"food_rnk",94.341
"18141011900","tract",2019,"food_rnk",63.6651
"18141012000","tract",2019,"food_rnk",75.7603
"18141012100","tract",2019,"food_rnk",55.6886
"18141012200","tract",2019,"food_rnk",68.4397
"18141012300","tract",2019,"food_rnk",61.7567
"18141012400","tract",2019,"food_rnk",92.5849
"18143966700","tract",2019,"food_rnk",54.721
"18143966800","tract",2019,"food_rnk",20.2141
"18143966900","tract",2019,"food_rnk",69.0377
"18143967000","tract",2019,"food_rnk",79.9439
"18143967100","tract",2019,"food_rnk",54.5348
"18145710100","tract",2019,"food_rnk",73.0408
"18145710200","tract",2019,"food_rnk",73.7376
"18145710300","tract",2019,"food_rnk",89.8542
"18145710400","tract",2019,"food_rnk",27.5502
"18145710500","tract",2019,"food_rnk",33.2473
"18145710601","tract",2019,"food_rnk",16.6455
"18145710602","tract",2019,"food_rnk",9.9963
"18145710700","tract",2019,"food_rnk",78.838
"18145710800","tract",2019,"food_rnk",88.7441
"18145710900","tract",2019,"food_rnk",78.807
"18147952700","tract",2019,"food_rnk",94.5089
"18147952800","tract",2019,"food_rnk",57.4715
"18147952900","tract",2019,"food_rnk",57.2839
"18147953000","tract",2019,"food_rnk",42.5694
"18147953100","tract",2019,"food_rnk",24.7193
"18149953600","tract",2019,"food_rnk",84.4081
"18149953700","tract",2019,"food_rnk",39.3802
"18149953800","tract",2019,"food_rnk",55.6054
"18149953900","tract",2019,"food_rnk",58.1288
"18149954000","tract",2019,"food_rnk",17.0574
"18149954100","tract",2019,"food_rnk",76.5473
"18149954200","tract",2019,"food_rnk",34.088
"18151970800","tract",2019,"food_rnk",69.4285
"18151970900","tract",2019,"food_rnk",97.3031
"18151971000","tract",2019,"food_rnk",71.5203
"18151971100","tract",2019,"food_rnk",80.3952
"18151971200","tract",2019,"food_rnk",69.6161
"18151971300","tract",2019,"food_rnk",36.0965
"18151971400","tract",2019,"food_rnk",44.1055
"18151971500","tract",2019,"food_rnk",85.1769
"18151971600","tract",2019,"food_rnk",76.0776
"18153050100","tract",2019,"food_rnk",33.717
"18153050200","tract",2019,"food_rnk",80.9453
"18153050300","tract",2019,"food_rnk",23.7855
"18153050400","tract",2019,"food_rnk",84.4081
"18153050500","tract",2019,"food_rnk",NA
"18155965700","tract",2019,"food_rnk",35.294
"18155965800","tract",2019,"food_rnk",74.1509
"18155965900","tract",2019,"food_rnk",20.0956
"18157000100","tract",2019,"food_rnk",29.8113
"18157000200","tract",2019,"food_rnk",27.9071
"18157000300","tract",2019,"food_rnk",39.2956
"18157000400","tract",2019,"food_rnk",28.027
"18157000700","tract",2019,"food_rnk",44.657
"18157000800","tract",2019,"food_rnk",42.5341
"18157001000","tract",2019,"food_rnk",50.2906
"18157001100","tract",2019,"food_rnk",47.9731
"18157001200","tract",2019,"food_rnk",37.0783
"18157001300","tract",2019,"food_rnk",27.3654
"18157001400","tract",2019,"food_rnk",61.0443
"18157001501","tract",2019,"food_rnk",20.1097
"18157001502","tract",2019,"food_rnk",44.2239
"18157001600","tract",2019,"food_rnk",85.5535
"18157001700","tract",2019,"food_rnk",11.0373
"18157001800","tract",2019,"food_rnk",43.2704
"18157001900","tract",2019,"food_rnk",91.3888
"18157005101","tract",2019,"food_rnk",63.5805
"18157005102","tract",2019,"food_rnk",97.9533
"18157005200","tract",2019,"food_rnk",73.5415
"18157005300","tract",2019,"food_rnk",87.1812
"18157005400","tract",2019,"food_rnk",NA
"18157005500","tract",2019,"food_rnk",54.958
"18157010100","tract",2019,"food_rnk",88.194
"18157010201","tract",2019,"food_rnk",73.5415
"18157010203","tract",2019,"food_rnk",59.3588
"18157010204","tract",2019,"food_rnk",97.8673
"18157010300","tract",2019,"food_rnk",NA
"18157010400","tract",2019,"food_rnk",NA
"18157010500","tract",2019,"food_rnk",NA
"18157010600","tract",2019,"food_rnk",91.5905
"18157010700","tract",2019,"food_rnk",64.4522
"18157010800","tract",2019,"food_rnk",85.2643
"18157010901","tract",2019,"food_rnk",90.4945
"18157010902","tract",2019,"food_rnk",73.5415
"18157011000","tract",2019,"food_rnk",84.5704
"18157011100","tract",2019,"food_rnk",26.6799
"18159020100","tract",2019,"food_rnk",49.4654
"18159020200","tract",2019,"food_rnk",74.0352
"18159020300","tract",2019,"food_rnk",69.1788
"18159020400","tract",2019,"food_rnk",44.9659
"18161960700","tract",2019,"food_rnk",43.9207
"18161960800","tract",2019,"food_rnk",73.9492
"18163000100","tract",2019,"food_rnk",20.3227
"18163000201","tract",2019,"food_rnk",84.6649
"18163000202","tract",2019,"food_rnk",50.2906
"18163000300","tract",2019,"food_rnk",27.8154
"18163000400","tract",2019,"food_rnk",45.9405
"18163000500","tract",2019,"food_rnk",84.758
"18163000600","tract",2019,"food_rnk",46.8757
"18163000800","tract",2019,"food_rnk",18.3283
"18163000900","tract",2019,"food_rnk",38.3816
"18163001000","tract",2019,"food_rnk",8.5745
"18163001100","tract",2019,"food_rnk",8.2233
"18163001200","tract",2019,"food_rnk",11.0754
"18163001300","tract",2019,"food_rnk",5.1131
"18163001400","tract",2019,"food_rnk",2.0481
"18163001500","tract",2019,"food_rnk",18.7063
"18163001700","tract",2019,"food_rnk",18.695
"18163001800","tract",2019,"food_rnk",76.2836
"18163001900","tract",2019,"food_rnk",18.2831
"18163002000","tract",2019,"food_rnk",11.2785
"18163002100","tract",2019,"food_rnk",12.8893
"18163002300","tract",2019,"food_rnk",19.6372
"18163002400","tract",2019,"food_rnk",19.0025
"18163002500","tract",2019,"food_rnk",3.5474
"18163002600","tract",2019,"food_rnk",11.8794
"18163002800","tract",2019,"food_rnk",26.9211
"18163002900","tract",2019,"food_rnk",20.9434
"18163003000","tract",2019,"food_rnk",43.4213
"18163003100","tract",2019,"food_rnk",43.8121
"18163003200","tract",2019,"food_rnk",41.7457
"18163003300","tract",2019,"food_rnk",10.538
"18163003400","tract",2019,"food_rnk",81.0878
"18163003500","tract",2019,"food_rnk",55.2796
"18163003600","tract",2019,"food_rnk",12.8315
"18163003701","tract",2019,"food_rnk",66.5863
"18163003702","tract",2019,"food_rnk",8.4673
"18163003801","tract",2019,"food_rnk",68.5497
"18163003803","tract",2019,"food_rnk",79.6082
"18163003804","tract",2019,"food_rnk",67.5891
"18163003900","tract",2019,"food_rnk",81.7014
"18163010100","tract",2019,"food_rnk",41.8232
"18163010201","tract",2019,"food_rnk",99.914
"18163010202","tract",2019,"food_rnk",62.4323
"18163010203","tract",2019,"food_rnk",59.0386
"18163010403","tract",2019,"food_rnk",NA
"18163010404","tract",2019,"food_rnk",99.3032
"18163010500","tract",2019,"food_rnk",97.0492
"18163010600","tract",2019,"food_rnk",97.6219
"18163010700","tract",2019,"food_rnk",98.8984
"18163980100","tract",2019,"food_rnk",NA
"18165020100","tract",2019,"food_rnk",32.6253
"18165020200","tract",2019,"food_rnk",53.8987
"18165020300","tract",2019,"food_rnk",54.6166
"18165020400","tract",2019,"food_rnk",60.6522
"18165020500","tract",2019,"food_rnk",29.6843
"18167000300","tract",2019,"food_rnk",11.459
"18167000400","tract",2019,"food_rnk",3.8662
"18167000500","tract",2019,"food_rnk",0.9761
"18167000600","tract",2019,"food_rnk",21.2452
"18167000700","tract",2019,"food_rnk",5.5292
"18167000900","tract",2019,"food_rnk",19.8784
"18167001000","tract",2019,"food_rnk",36.5183
"18167001100","tract",2019,"food_rnk",5.044
"18167001200","tract",2019,"food_rnk",30.2401
"18167001300","tract",2019,"food_rnk",20.8869
"18167001400","tract",2019,"food_rnk",57.2599
"18167001500","tract",2019,"food_rnk",37.8442
"18167001600","tract",2019,"food_rnk",82.2966
"18167001700","tract",2019,"food_rnk",55.4968
"18167001800","tract",2019,"food_rnk",14.2519
"18167001900","tract",2019,"food_rnk",6.1837
"18167010100","tract",2019,"food_rnk",55.3543
"18167010201","tract",2019,"food_rnk",69.9235
"18167010202","tract",2019,"food_rnk",23.6953
"18167010300","tract",2019,"food_rnk",54.4474
"18167010400","tract",2019,"food_rnk",49.2242
"18167010500","tract",2019,"food_rnk",11.4492
"18167010600","tract",2019,"food_rnk",73.6544
"18167010701","tract",2019,"food_rnk",84.0823
"18167010702","tract",2019,"food_rnk",55.8706
"18167011000","tract",2019,"food_rnk",89.9275
"18167011100","tract",2019,"food_rnk",NA
"18167011200","tract",2019,"food_rnk",38.438
"18169102200","tract",2019,"food_rnk",52.5206
"18169102300","tract",2019,"food_rnk",52.924
"18169102400","tract",2019,"food_rnk",58.1048
"18169102500","tract",2019,"food_rnk",67.977
"18169102600","tract",2019,"food_rnk",57.3784
"18169102700","tract",2019,"food_rnk",38.4831
"18169102800","tract",2019,"food_rnk",16.7062
"18169102900","tract",2019,"food_rnk",46.6811
"18171951000","tract",2019,"food_rnk",51.0847
"18171951100","tract",2019,"food_rnk",52.017
"18173030100","tract",2019,"food_rnk",75.378
"18173030200","tract",2019,"food_rnk",86.1389
"18173030300","tract",2019,"food_rnk",63.8301
"18173030400","tract",2019,"food_rnk",47.1465
"18173030500","tract",2019,"food_rnk",71.4088
"18173030600","tract",2019,"food_rnk",57.6027
"18173030702","tract",2019,"food_rnk",94.341
"18173030703","tract",2019,"food_rnk",66.9177
"18173030704","tract",2019,"food_rnk",78.7012
"18173030705","tract",2019,"food_rnk",89.0925
"18173030800","tract",2019,"food_rnk",85.6254
"18175967200","tract",2019,"food_rnk",76.3217
"18175967300","tract",2019,"food_rnk",39.139
"18175967400","tract",2019,"food_rnk",63.3082
"18175967500","tract",2019,"food_rnk",33.6324
"18175967600","tract",2019,"food_rnk",31.518
"18175967700","tract",2019,"food_rnk",50.89
"18177000200","tract",2019,"food_rnk",7.6563
"18177000400","tract",2019,"food_rnk",19.3565
"18177000500","tract",2019,"food_rnk",20.4821
"18177000600","tract",2019,"food_rnk",22.3637
"18177000700","tract",2019,"food_rnk",72.5937
"18177000800","tract",2019,"food_rnk",53.508
"18177000900","tract",2019,"food_rnk",22.1056
"18177001000","tract",2019,"food_rnk",27.0988
"18177001100","tract",2019,"food_rnk",47.8447
"18177010100","tract",2019,"food_rnk",81.9581
"18177010200","tract",2019,"food_rnk",60.9781
"18177010300","tract",2019,"food_rnk",54.8
"18177010400","tract",2019,"food_rnk",73.574
"18177010500","tract",2019,"food_rnk",44.7345
"18177010600","tract",2019,"food_rnk",33.2769
"18177010700","tract",2019,"food_rnk",74.2538
"18177010800","tract",2019,"food_rnk",33.2205
"18179040100","tract",2019,"food_rnk",87.0106
"18179040200","tract",2019,"food_rnk",62.1389
"18179040300","tract",2019,"food_rnk",80.9933
"18179040400","tract",2019,"food_rnk",47.3059
"18179040500","tract",2019,"food_rnk",73.1423
"18179040600","tract",2019,"food_rnk",20.0956
"18179040700","tract",2019,"food_rnk",81.9581
"18181958100","tract",2019,"food_rnk",79.2485
"18181958200","tract",2019,"food_rnk",74.7278
"18181958300","tract",2019,"food_rnk",64.1009
"18181958400","tract",2019,"food_rnk",80.3656
"18181958500","tract",2019,"food_rnk",59.2883
"18181958600","tract",2019,"food_rnk",44.4087
"18181958700","tract",2019,"food_rnk",72.8885
"18181958800","tract",2019,"food_rnk",75.9521
"18183050100","tract",2019,"food_rnk",56.2429
"18183050200","tract",2019,"food_rnk",98.7263
"18183050300","tract",2019,"food_rnk",48.7249
"18183050400","tract",2019,"food_rnk",52.3795
"18183050500","tract",2019,"food_rnk",69.1125
"18183050600","tract",2019,"food_rnk",83.7805
"18183050700","tract",2019,"food_rnk",83.9779
"18001030100","tract",2019,"food_state_rnk",91.7118
"18001030200","tract",2019,"food_state_rnk",34.4046
"18001030300","tract",2019,"food_state_rnk",79.161
"18001030400","tract",2019,"food_state_rnk",84.4723
"18001030500","tract",2019,"food_state_rnk",76.6576
"18001030600","tract",2019,"food_state_rnk",28.8904
"18001030700","tract",2019,"food_state_rnk",62.1786
"18003000100","tract",2019,"food_state_rnk",23.613
"18003000300","tract",2019,"food_state_rnk",63.2612
"18003000400","tract",2019,"food_state_rnk",49.7294
"18003000500","tract",2019,"food_state_rnk",10.0812
"18003000600","tract",2019,"food_state_rnk",8.5927
"18003000701","tract",2019,"food_state_rnk",17.659
"18003000704","tract",2019,"food_state_rnk",38.3627
"18003000800","tract",2019,"food_state_rnk",26.8606
"18003000900","tract",2019,"food_state_rnk",17.456
"18003001000","tract",2019,"food_state_rnk",7.1042
"18003001100","tract",2019,"food_state_rnk",40.6969
"18003001200","tract",2019,"food_state_rnk",7.3072
"18003001300","tract",2019,"food_state_rnk",NA
"18003001600","tract",2019,"food_state_rnk",1.9621
"18003001700","tract",2019,"food_state_rnk",3.4506
"18003002000","tract",2019,"food_state_rnk",3.9919
"18003002100","tract",2019,"food_state_rnk",3.3829
"18003002200","tract",2019,"food_state_rnk",11.9418
"18003002300","tract",2019,"food_state_rnk",3.7212
"18003002500","tract",2019,"food_state_rnk",23.5453
"18003002600","tract",2019,"food_state_rnk",11.502
"18003002800","tract",2019,"food_state_rnk",6.157
"18003002900","tract",2019,"food_state_rnk",0.6089
"18003003000","tract",2019,"food_state_rnk",4.0595
"18003003100","tract",2019,"food_state_rnk",10.9608
"18003003200","tract",2019,"food_state_rnk",67.862
"18003003301","tract",2019,"food_state_rnk",68.6739
"18003003304","tract",2019,"food_state_rnk",48.0379
"18003003400","tract",2019,"food_state_rnk",53.5521
"18003003500","tract",2019,"food_state_rnk",25.8457
"18003003600","tract",2019,"food_state_rnk",20.9066
"18003003700","tract",2019,"food_state_rnk",39.6482
"18003003800","tract",2019,"food_state_rnk",18.5386
"18003003901","tract",2019,"food_state_rnk",70.1962
"18003003902","tract",2019,"food_state_rnk",42.0162
"18003004000","tract",2019,"food_state_rnk",5.0744
"18003004101","tract",2019,"food_state_rnk",41.0014
"18003004103","tract",2019,"food_state_rnk",67.1177
"18003004300","tract",2019,"food_state_rnk",2.9093
"18003004400","tract",2019,"food_state_rnk",14.8173
"18003010100","tract",2019,"food_state_rnk",83.6265
"18003010201","tract",2019,"food_state_rnk",84.134
"18003010202","tract",2019,"food_state_rnk",91.3735
"18003010304","tract",2019,"food_state_rnk",95.8728
"18003010305","tract",2019,"food_state_rnk",98.3762
"18003010306","tract",2019,"food_state_rnk",86.2652
"18003010307","tract",2019,"food_state_rnk",89.8173
"18003010308","tract",2019,"food_state_rnk",95.0609
"18003010400","tract",2019,"food_state_rnk",69.4181
"18003010500","tract",2019,"food_state_rnk",44.5196
"18003010601","tract",2019,"food_state_rnk",75.0677
"18003010602","tract",2019,"food_state_rnk",45.4668
"18003010603","tract",2019,"food_state_rnk",52.4019
"18003010604","tract",2019,"food_state_rnk",10.0135
"18003010705","tract",2019,"food_state_rnk",89.1069
"18003010706","tract",2019,"food_state_rnk",55.751
"18003010707","tract",2019,"food_state_rnk",64.5467
"18003010803","tract",2019,"food_state_rnk",73.613
"18003010804","tract",2019,"food_state_rnk",25.9134
"18003010807","tract",2019,"food_state_rnk",46.0419
"18003010808","tract",2019,"food_state_rnk",89.0392
"18003010809","tract",2019,"food_state_rnk",39.1069
"18003010811","tract",2019,"food_state_rnk",87.9567
"18003010812","tract",2019,"food_state_rnk",75.5751
"18003010813","tract",2019,"food_state_rnk",42.7605
"18003010815","tract",2019,"food_state_rnk",74.9662
"18003010816","tract",2019,"food_state_rnk",93.1664
"18003010817","tract",2019,"food_state_rnk",57.2395
"18003010819","tract",2019,"food_state_rnk",46.3464
"18003010821","tract",2019,"food_state_rnk",10.6563
"18003010900","tract",2019,"food_state_rnk",83.6942
"18003011000","tract",2019,"food_state_rnk",88.7686
"18003011100","tract",2019,"food_state_rnk",43.5724
"18003011201","tract",2019,"food_state_rnk",14.7497
"18003011202","tract",2019,"food_state_rnk",33.728
"18003011204","tract",2019,"food_state_rnk",45.1286
"18003011205","tract",2019,"food_state_rnk",61.1299
"18003011302","tract",2019,"food_state_rnk",12.3139
"18003011303","tract",2019,"food_state_rnk",7.5778
"18003011304","tract",2019,"food_state_rnk",14.0054
"18003011501","tract",2019,"food_state_rnk",19.4858
"18003011502","tract",2019,"food_state_rnk",89.6143
"18003011603","tract",2019,"food_state_rnk",93.6401
"18003011604","tract",2019,"food_state_rnk",98.3085
"18003011605","tract",2019,"food_state_rnk",84.3708
"18003011606","tract",2019,"food_state_rnk",77.6725
"18003011607","tract",2019,"food_state_rnk",58.2544
"18003011608","tract",2019,"food_state_rnk",59.8444
"18003011609","tract",2019,"food_state_rnk",98.4438
"18003011701","tract",2019,"food_state_rnk",84.7767
"18003011702","tract",2019,"food_state_rnk",69.8917
"18003011801","tract",2019,"food_state_rnk",87.0095
"18003011802","tract",2019,"food_state_rnk",84.8444
"18003011900","tract",2019,"food_state_rnk",70.8051
"18003980001","tract",2019,"food_state_rnk",NA
"18003980002","tract",2019,"food_state_rnk",NA
"18005010100","tract",2019,"food_state_rnk",15.9675
"18005010200","tract",2019,"food_state_rnk",38.7009
"18005010300","tract",2019,"food_state_rnk",67.5237
"18005010400","tract",2019,"food_state_rnk",29.364
"18005010500","tract",2019,"food_state_rnk",58.931
"18005010600","tract",2019,"food_state_rnk",31.935
"18005010700","tract",2019,"food_state_rnk",52.774
"18005010800","tract",2019,"food_state_rnk",36.1976
"18005010900","tract",2019,"food_state_rnk",87.4831
"18005011000","tract",2019,"food_state_rnk",41.6779
"18005011100","tract",2019,"food_state_rnk",69.2828
"18005011200","tract",2019,"food_state_rnk",43.9107
"18005011300","tract",2019,"food_state_rnk",64.4452
"18005011400","tract",2019,"food_state_rnk",53.2138
"18005011500","tract",2019,"food_state_rnk",88.295
"18007100100","tract",2019,"food_state_rnk",54.6685
"18007100200","tract",2019,"food_state_rnk",39.9188
"18007100300","tract",2019,"food_state_rnk",26.4547
"18009975100","tract",2019,"food_state_rnk",32.341
"18009975200","tract",2019,"food_state_rnk",19.4181
"18009975300","tract",2019,"food_state_rnk",24.0866
"18009975400","tract",2019,"food_state_rnk",74.8309
"18011810100","tract",2019,"food_state_rnk",50.1691
"18011810200","tract",2019,"food_state_rnk",80.1083
"18011810300","tract",2019,"food_state_rnk",43.2341
"18011810400","tract",2019,"food_state_rnk",32.6116
"18011810500","tract",2019,"food_state_rnk",70.9066
"18011810601","tract",2019,"food_state_rnk",91.9824
"18011810603","tract",2019,"food_state_rnk",97.4966
"18011810604","tract",2019,"food_state_rnk",94.1813
"18011810605","tract",2019,"food_state_rnk",92.5575
"18011810700","tract",2019,"food_state_rnk",63.0582
"18013974600","tract",2019,"food_state_rnk",47.3613
"18013974700","tract",2019,"food_state_rnk",74.4249
"18013974800","tract",2019,"food_state_rnk",53.6536
"18013974900","tract",2019,"food_state_rnk",70.1962
"18015959300","tract",2019,"food_state_rnk",81.0217
"18015959400","tract",2019,"food_state_rnk",75.3721
"18015959500","tract",2019,"food_state_rnk",91.8133
"18015959600","tract",2019,"food_state_rnk",57.1719
"18015959700","tract",2019,"food_state_rnk",89.9188
"18015959800","tract",2019,"food_state_rnk",41.475
"18015959900","tract",2019,"food_state_rnk",61.5697
"18017950900","tract",2019,"food_state_rnk",61.8403
"18017951000","tract",2019,"food_state_rnk",40.5616
"18017951100","tract",2019,"food_state_rnk",64.3437
"18017951200","tract",2019,"food_state_rnk",40.3248
"18017951300","tract",2019,"food_state_rnk",38.6333
"18017951400","tract",2019,"food_state_rnk",32.5101
"18017951500","tract",2019,"food_state_rnk",29.2963
"18017951600","tract",2019,"food_state_rnk",45.2639
"18017951700","tract",2019,"food_state_rnk",74.2896
"18017951800","tract",2019,"food_state_rnk",50.7442
"18017951900","tract",2019,"food_state_rnk",89.6143
"18019050100","tract",2019,"food_state_rnk",50.8796
"18019050200","tract",2019,"food_state_rnk",10.6563
"18019050303","tract",2019,"food_state_rnk",31.4276
"18019050304","tract",2019,"food_state_rnk",34.7767
"18019050305","tract",2019,"food_state_rnk",91.6103
"18019050306","tract",2019,"food_state_rnk",26.2517
"18019050401","tract",2019,"food_state_rnk",61.908
"18019050403","tract",2019,"food_state_rnk",30.9202
"18019050404","tract",2019,"food_state_rnk",65.9675
"18019050501","tract",2019,"food_state_rnk",68.2003
"18019050503","tract",2019,"food_state_rnk",69.5873
"18019050504","tract",2019,"food_state_rnk",46.7185
"18019050603","tract",2019,"food_state_rnk",43.9783
"18019050604","tract",2019,"food_state_rnk",78.8904
"18019050605","tract",2019,"food_state_rnk",78.3491
"18019050606","tract",2019,"food_state_rnk",57.6455
"18019050701","tract",2019,"food_state_rnk",94.0798
"18019050703","tract",2019,"food_state_rnk",71.9215
"18019050704","tract",2019,"food_state_rnk",88.1258
"18019050801","tract",2019,"food_state_rnk",75.1691
"18019050803","tract",2019,"food_state_rnk",95.3315
"18019050804","tract",2019,"food_state_rnk",83.4235
"18019050902","tract",2019,"food_state_rnk",36.8065
"18019050903","tract",2019,"food_state_rnk",22.3951
"18019050904","tract",2019,"food_state_rnk",82.138
"18019051000","tract",2019,"food_state_rnk",69.9932
"18021040100","tract",2019,"food_state_rnk",14.885
"18021040200","tract",2019,"food_state_rnk",32.2057
"18021040300","tract",2019,"food_state_rnk",75.8119
"18021040400","tract",2019,"food_state_rnk",61.2991
"18021040500","tract",2019,"food_state_rnk",76.59
"18021040600","tract",2019,"food_state_rnk",51.7591
"18023950100","tract",2019,"food_state_rnk",83.8633
"18023950200","tract",2019,"food_state_rnk",81.4614
"18023950300","tract",2019,"food_state_rnk",73.7821
"18023950400","tract",2019,"food_state_rnk",55.5142
"18023950500","tract",2019,"food_state_rnk",27.4357
"18023950600","tract",2019,"food_state_rnk",31.2585
"18023950700","tract",2019,"food_state_rnk",57.7131
"18023950800","tract",2019,"food_state_rnk",9.4723
"18025951900","tract",2019,"food_state_rnk",31.7997
"18025952000","tract",2019,"food_state_rnk",33.9648
"18025952100","tract",2019,"food_state_rnk",34.6076
"18027954300","tract",2019,"food_state_rnk",61.0284
"18027954400","tract",2019,"food_state_rnk",75.5074
"18027954500","tract",2019,"food_state_rnk",96.3464
"18027954600","tract",2019,"food_state_rnk",46.1773
"18027954700","tract",2019,"food_state_rnk",20.3654
"18027954800","tract",2019,"food_state_rnk",47.9702
"18027954900","tract",2019,"food_state_rnk",56.9012
"18029080101","tract",2019,"food_state_rnk",82.4763
"18029080103","tract",2019,"food_state_rnk",80.5142
"18029080104","tract",2019,"food_state_rnk",81.2585
"18029080201","tract",2019,"food_state_rnk",69.7903
"18029080202","tract",2019,"food_state_rnk",62.8214
"18029080300","tract",2019,"food_state_rnk",13.9378
"18029080400","tract",2019,"food_state_rnk",80.8525
"18029080500","tract",2019,"food_state_rnk",8.9986
"18029080600","tract",2019,"food_state_rnk",74.3572
"18029080700","tract",2019,"food_state_rnk",47.7334
"18031969000","tract",2019,"food_state_rnk",77.6049
"18031969100","tract",2019,"food_state_rnk",32.8146
"18031969200","tract",2019,"food_state_rnk",43.6401
"18031969300","tract",2019,"food_state_rnk",41.9486
"18031969400","tract",2019,"food_state_rnk",79.4655
"18031969500","tract",2019,"food_state_rnk",56.4614
"18033020100","tract",2019,"food_state_rnk",88.498
"18033020200","tract",2019,"food_state_rnk",51.4885
"18033020300","tract",2019,"food_state_rnk",61.3667
"18033020400","tract",2019,"food_state_rnk",79.0934
"18033020500","tract",2019,"food_state_rnk",19.8917
"18033020601","tract",2019,"food_state_rnk",28.5521
"18033020602","tract",2019,"food_state_rnk",61.1299
"18033020700","tract",2019,"food_state_rnk",56.6982
"18033020800","tract",2019,"food_state_rnk",73.0041
"18035000300","tract",2019,"food_state_rnk",4.3978
"18035000400","tract",2019,"food_state_rnk",2.774
"18035000500","tract",2019,"food_state_rnk",11.8403
"18035000600","tract",2019,"food_state_rnk",2.3681
"18035000700","tract",2019,"food_state_rnk",83.0176
"18035000800","tract",2019,"food_state_rnk",67.7943
"18035000902","tract",2019,"food_state_rnk",NA
"18035000903","tract",2019,"food_state_rnk",35.4533
"18035000904","tract",2019,"food_state_rnk",43.843
"18035001000","tract",2019,"food_state_rnk",36.3667
"18035001100","tract",2019,"food_state_rnk",32.6793
"18035001200","tract",2019,"food_state_rnk",0.2706
"18035001300","tract",2019,"food_state_rnk",11.3667
"18035001400","tract",2019,"food_state_rnk",16.1367
"18035001500","tract",2019,"food_state_rnk",7.2395
"18035001600","tract",2019,"food_state_rnk",4.7023
"18035001700","tract",2019,"food_state_rnk",2.3004
"18035002000","tract",2019,"food_state_rnk",12.8552
"18035002100","tract",2019,"food_state_rnk",4.8714
"18035002200","tract",2019,"food_state_rnk",64.1069
"18035002301","tract",2019,"food_state_rnk",56.2585
"18035002302","tract",2019,"food_state_rnk",66.9147
"18035002401","tract",2019,"food_state_rnk",55.2774
"18035002402","tract",2019,"food_state_rnk",90.2571
"18035002500","tract",2019,"food_state_rnk",34.9797
"18035002601","tract",2019,"food_state_rnk",78.0108
"18035002602","tract",2019,"food_state_rnk",30.0068
"18035002700","tract",2019,"food_state_rnk",63.9716
"18035002800","tract",2019,"food_state_rnk",1.4885
"18035002900","tract",2019,"food_state_rnk",63.4641
"18037953200","tract",2019,"food_state_rnk",91.9824
"18037953300","tract",2019,"food_state_rnk",58.5927
"18037953400","tract",2019,"food_state_rnk",78.4168
"18037953500","tract",2019,"food_state_rnk",93.843
"18037953600","tract",2019,"food_state_rnk",85.7916
"18037953700","tract",2019,"food_state_rnk",96.1434
"18037953800","tract",2019,"food_state_rnk",58.0514
"18039000100","tract",2019,"food_state_rnk",21.3802
"18039000200","tract",2019,"food_state_rnk",49.8647
"18039000301","tract",2019,"food_state_rnk",90.8322
"18039000302","tract",2019,"food_state_rnk",73.41
"18039000400","tract",2019,"food_state_rnk",66.4073
"18039000501","tract",2019,"food_state_rnk",48.6806
"18039000502","tract",2019,"food_state_rnk",63.7009
"18039000600","tract",2019,"food_state_rnk",80.0406
"18039000700","tract",2019,"food_state_rnk",65.2909
"18039000801","tract",2019,"food_state_rnk",65.7645
"18039000802","tract",2019,"food_state_rnk",76.0487
"18039000900","tract",2019,"food_state_rnk",90.7307
"18039001000","tract",2019,"food_state_rnk",86.8742
"18039001100","tract",2019,"food_state_rnk",66.0352
"18039001200","tract",2019,"food_state_rnk",78.9919
"18039001300","tract",2019,"food_state_rnk",82.8146
"18039001400","tract",2019,"food_state_rnk",96.6171
"18039001501","tract",2019,"food_state_rnk",26.1164
"18039001502","tract",2019,"food_state_rnk",68.4371
"18039001601","tract",2019,"food_state_rnk",29.1272
"18039001602","tract",2019,"food_state_rnk",72.6658
"18039001701","tract",2019,"food_state_rnk",17.1177
"18039001702","tract",2019,"food_state_rnk",18.065
"18039001801","tract",2019,"food_state_rnk",90.1894
"18039001802","tract",2019,"food_state_rnk",59.8444
"18039001901","tract",2019,"food_state_rnk",44.249
"18039001902","tract",2019,"food_state_rnk",82.341
"18039002000","tract",2019,"food_state_rnk",44.7226
"18039002101","tract",2019,"food_state_rnk",67.9973
"18039002102","tract",2019,"food_state_rnk",29.0257
"18039002200","tract",2019,"food_state_rnk",32.0027
"18039002300","tract",2019,"food_state_rnk",26.793
"18039002400","tract",2019,"food_state_rnk",37.1448
"18039002600","tract",2019,"food_state_rnk",3.6536
"18039002700","tract",2019,"food_state_rnk",7.6455
"18039002900","tract",2019,"food_state_rnk",29.4317
"18041954000","tract",2019,"food_state_rnk",63.1935
"18041954100","tract",2019,"food_state_rnk",16.2382
"18041954200","tract",2019,"food_state_rnk",71.4817
"18041954300","tract",2019,"food_state_rnk",27.7402
"18041954400","tract",2019,"food_state_rnk",4.1272
"18041954500","tract",2019,"food_state_rnk",24.6279
"18041954600","tract",2019,"food_state_rnk",36.6035
"18043070200","tract",2019,"food_state_rnk",10.1488
"18043070301","tract",2019,"food_state_rnk",49.3911
"18043070302","tract",2019,"food_state_rnk",82.9499
"18043070400","tract",2019,"food_state_rnk",35.1488
"18043070500","tract",2019,"food_state_rnk",25.2368
"18043070600","tract",2019,"food_state_rnk",69.3505
"18043070700","tract",2019,"food_state_rnk",16.4411
"18043070801","tract",2019,"food_state_rnk",2.5034
"18043070802","tract",2019,"food_state_rnk",46.4141
"18043070901","tract",2019,"food_state_rnk",60.9608
"18043070902","tract",2019,"food_state_rnk",13.1935
"18043071003","tract",2019,"food_state_rnk",84.7091
"18043071004","tract",2019,"food_state_rnk",85.2842
"18043071005","tract",2019,"food_state_rnk",89.3775
"18043071006","tract",2019,"food_state_rnk",50.0677
"18043071007","tract",2019,"food_state_rnk",82.6793
"18043071101","tract",2019,"food_state_rnk",77.4019
"18043071103","tract",2019,"food_state_rnk",98.1055
"18043071104","tract",2019,"food_state_rnk",82.747
"18043071200","tract",2019,"food_state_rnk",83.2206
"18045957600","tract",2019,"food_state_rnk",35.1488
"18045957700","tract",2019,"food_state_rnk",39.479
"18045957800","tract",2019,"food_state_rnk",41.7456
"18045957900","tract",2019,"food_state_rnk",37.0771
"18045958000","tract",2019,"food_state_rnk",47.023
"18047960100","tract",2019,"food_state_rnk",80.2436
"18047969600","tract",2019,"food_state_rnk",58.3897
"18047969700","tract",2019,"food_state_rnk",32.138
"18047969800","tract",2019,"food_state_rnk",83.9648
"18047969900","tract",2019,"food_state_rnk",31.3261
"18049953000","tract",2019,"food_state_rnk",77.8417
"18049953100","tract",2019,"food_state_rnk",48.3424
"18049953200","tract",2019,"food_state_rnk",84.6076
"18049953300","tract",2019,"food_state_rnk",59.6076
"18049953400","tract",2019,"food_state_rnk",77.0298
"18049953500","tract",2019,"food_state_rnk",48.1732
"18051050100","tract",2019,"food_state_rnk",67.1854
"18051050200","tract",2019,"food_state_rnk",98.6468
"18051050300","tract",2019,"food_state_rnk",70.9743
"18051050401","tract",2019,"food_state_rnk",18.2003
"18051050402","tract",2019,"food_state_rnk",59.6752
"18051050501","tract",2019,"food_state_rnk",37.5507
"18051050502","tract",2019,"food_state_rnk",51.6915
"18053000100","tract",2019,"food_state_rnk",9.5399
"18053000200","tract",2019,"food_state_rnk",6.6306
"18053000400","tract",2019,"food_state_rnk",15.6969
"18053000500","tract",2019,"food_state_rnk",71.5832
"18053000600","tract",2019,"food_state_rnk",5.7848
"18053000700","tract",2019,"food_state_rnk",8.8295
"18053000800","tract",2019,"food_state_rnk",NA
"18053000900","tract",2019,"food_state_rnk",15.4263
"18053010100","tract",2019,"food_state_rnk",83.7618
"18053010200","tract",2019,"food_state_rnk",87.6184
"18053010300","tract",2019,"food_state_rnk",36.7388
"18053010400","tract",2019,"food_state_rnk",52.5034
"18053010500","tract",2019,"food_state_rnk",37.2801
"18053010600","tract",2019,"food_state_rnk",21.8539
"18053010700","tract",2019,"food_state_rnk",74.5602
"18053010800","tract",2019,"food_state_rnk",54.1272
"18055954701","tract",2019,"food_state_rnk",64.6143
"18055954702","tract",2019,"food_state_rnk",54.3978
"18055954800","tract",2019,"food_state_rnk",41.3396
"18055954900","tract",2019,"food_state_rnk",56.7659
"18055955000","tract",2019,"food_state_rnk",27.4357
"18055955100","tract",2019,"food_state_rnk",39.0392
"18055955200","tract",2019,"food_state_rnk",17.7943
"18055955300","tract",2019,"food_state_rnk",63.5995
"18055955400","tract",2019,"food_state_rnk",34.1678
"18057110100","tract",2019,"food_state_rnk",80.7848
"18057110201","tract",2019,"food_state_rnk",56.6306
"18057110202","tract",2019,"food_state_rnk",75.6766
"18057110300","tract",2019,"food_state_rnk",90.3586
"18057110401","tract",2019,"food_state_rnk",86.9418
"18057110403","tract",2019,"food_state_rnk",61.2314
"18057110404","tract",2019,"food_state_rnk",86.0622
"18057110505","tract",2019,"food_state_rnk",98.8498
"18057110506","tract",2019,"food_state_rnk",86.2652
"18057110507","tract",2019,"food_state_rnk",99.5264
"18057110508","tract",2019,"food_state_rnk",87.1448
"18057110509","tract",2019,"food_state_rnk",58.1867
"18057110511","tract",2019,"food_state_rnk",86.5697
"18057110512","tract",2019,"food_state_rnk",73.4777
"18057110600","tract",2019,"food_state_rnk",34.912
"18057110700","tract",2019,"food_state_rnk",55.4127
"18057110804","tract",2019,"food_state_rnk",100
"18057110805","tract",2019,"food_state_rnk",99.2558
"18057110806","tract",2019,"food_state_rnk",98.9851
"18057110807","tract",2019,"food_state_rnk",92.8281
"18057110808","tract",2019,"food_state_rnk",99.0528
"18057110809","tract",2019,"food_state_rnk",97.0907
"18057110810","tract",2019,"food_state_rnk",77.5372
"18057110811","tract",2019,"food_state_rnk",72.8011
"18057110812","tract",2019,"food_state_rnk",81.3261
"18057110903","tract",2019,"food_state_rnk",99.4587
"18057110904","tract",2019,"food_state_rnk",96.4817
"18057110905","tract",2019,"food_state_rnk",77.3342
"18057110906","tract",2019,"food_state_rnk",97.6996
"18057110907","tract",2019,"food_state_rnk",99.3234
"18057110908","tract",2019,"food_state_rnk",99.1881
"18057111001","tract",2019,"food_state_rnk",99.797
"18057111003","tract",2019,"food_state_rnk",98.7821
"18057111004","tract",2019,"food_state_rnk",99.1204
"18057111006","tract",2019,"food_state_rnk",64.8512
"18057111007","tract",2019,"food_state_rnk",42.5575
"18057111008","tract",2019,"food_state_rnk",91.7118
"18057111101","tract",2019,"food_state_rnk",95.7375
"18057111102","tract",2019,"food_state_rnk",95.4668
"18059410100","tract",2019,"food_state_rnk",57.544
"18059410200","tract",2019,"food_state_rnk",94.6888
"18059410300","tract",2019,"food_state_rnk",89.4452
"18059410400","tract",2019,"food_state_rnk",56.157
"18059410500","tract",2019,"food_state_rnk",49.1543
"18059410600","tract",2019,"food_state_rnk",44.0798
"18059410700","tract",2019,"food_state_rnk",65.2233
"18059410800","tract",2019,"food_state_rnk",95.6022
"18059410900","tract",2019,"food_state_rnk",94.8579
"18059411000","tract",2019,"food_state_rnk",79.9729
"18061060100","tract",2019,"food_state_rnk",67.6928
"18061060200","tract",2019,"food_state_rnk",76.9283
"18061060300","tract",2019,"food_state_rnk",53.7212
"18061060400","tract",2019,"food_state_rnk",49.594
"18061060500","tract",2019,"food_state_rnk",61.705
"18061060600","tract",2019,"food_state_rnk",50.2706
"18063210102","tract",2019,"food_state_rnk",99.594
"18063210103","tract",2019,"food_state_rnk",90.6631
"18063210104","tract",2019,"food_state_rnk",94.4858
"18063210201","tract",2019,"food_state_rnk",81.5291
"18063210202","tract",2019,"food_state_rnk",73.5453
"18063210300","tract",2019,"food_state_rnk",97.6319
"18063210400","tract",2019,"food_state_rnk",89.1746
"18063210501","tract",2019,"food_state_rnk",88.4303
"18063210502","tract",2019,"food_state_rnk",87.2124
"18063210603","tract",2019,"food_state_rnk",95.8051
"18063210604","tract",2019,"food_state_rnk",99.6617
"18063210605","tract",2019,"food_state_rnk",99.7294
"18063210606","tract",2019,"food_state_rnk",85.724
"18063210607","tract",2019,"food_state_rnk",31.5968
"18063210608","tract",2019,"food_state_rnk",92.4222
"18063210700","tract",2019,"food_state_rnk",99.9323
"18063210801","tract",2019,"food_state_rnk",63.3965
"18063210802","tract",2019,"food_state_rnk",70.0947
"18063210900","tract",2019,"food_state_rnk",24.1543
"18063211000","tract",2019,"food_state_rnk",79.7023
"18063211100","tract",2019,"food_state_rnk",63.8701
"18065975500","tract",2019,"food_state_rnk",NA
"18065975600","tract",2019,"food_state_rnk",54.8038
"18065975700","tract",2019,"food_state_rnk",62.5507
"18065975800","tract",2019,"food_state_rnk",58.1191
"18065975900","tract",2019,"food_state_rnk",35.6563
"18065976000","tract",2019,"food_state_rnk",11.6373
"18065976100","tract",2019,"food_state_rnk",28.6874
"18065976300","tract",2019,"food_state_rnk",11.7388
"18065976400","tract",2019,"food_state_rnk",55.751
"18065976500","tract",2019,"food_state_rnk",9.4046
"18065976600","tract",2019,"food_state_rnk",20.7713
"18065976700","tract",2019,"food_state_rnk",45.6698
"18065976800","tract",2019,"food_state_rnk",47.5981
"18067000200","tract",2019,"food_state_rnk",4.5332
"18067000300","tract",2019,"food_state_rnk",14.3437
"18067000400","tract",2019,"food_state_rnk",12.0433
"18067000500","tract",2019,"food_state_rnk",23.207
"18067000600","tract",2019,"food_state_rnk",35.2503
"18067000700","tract",2019,"food_state_rnk",50.4736
"18067000800","tract",2019,"food_state_rnk",76.1502
"18067000900","tract",2019,"food_state_rnk",19.2828
"18067001000","tract",2019,"food_state_rnk",34.5061
"18067001100","tract",2019,"food_state_rnk",17.9296
"18067001200","tract",2019,"food_state_rnk",2.2327
"18067001300","tract",2019,"food_state_rnk",57.4425
"18067001400","tract",2019,"food_state_rnk",28.7551
"18067001500","tract",2019,"food_state_rnk",19.0122
"18067010100","tract",2019,"food_state_rnk",78.5183
"18067010200","tract",2019,"food_state_rnk",97.5643
"18067010300","tract",2019,"food_state_rnk",84.912
"18067010400","tract",2019,"food_state_rnk",87.4154
"18067010500","tract",2019,"food_state_rnk",87.889
"18067010600","tract",2019,"food_state_rnk",54.2625
"18069961300","tract",2019,"food_state_rnk",93.5724
"18069961400","tract",2019,"food_state_rnk",47.5981
"18069961500","tract",2019,"food_state_rnk",54.5332
"18069961600","tract",2019,"food_state_rnk",18.6739
"18069961700","tract",2019,"food_state_rnk",66.2043
"18069961800","tract",2019,"food_state_rnk",22.3275
"18069961900","tract",2019,"food_state_rnk",50.3383
"18069962000","tract",2019,"food_state_rnk",76.7253
"18069962100","tract",2019,"food_state_rnk",91.3735
"18071967500","tract",2019,"food_state_rnk",73.6806
"18071967600","tract",2019,"food_state_rnk",27.0974
"18071967700","tract",2019,"food_state_rnk",69.7903
"18071967800","tract",2019,"food_state_rnk",21.7862
"18071967901","tract",2019,"food_state_rnk",13.6671
"18071967902","tract",2019,"food_state_rnk",65.4939
"18071968000","tract",2019,"food_state_rnk",83.5589
"18071968100","tract",2019,"food_state_rnk",51.8606
"18071968200","tract",2019,"food_state_rnk",61.502
"18071968300","tract",2019,"food_state_rnk",64.1069
"18073100400","tract",2019,"food_state_rnk",36.2652
"18073100800","tract",2019,"food_state_rnk",73.1394
"18073100901","tract",2019,"food_state_rnk",46.7185
"18073100902","tract",2019,"food_state_rnk",83.1529
"18073101000","tract",2019,"food_state_rnk",95.6698
"18073101100","tract",2019,"food_state_rnk",33.6265
"18073101200","tract",2019,"food_state_rnk",33.728
"18073101300","tract",2019,"food_state_rnk",36.4682
"18075962700","tract",2019,"food_state_rnk",51.0149
"18075962800","tract",2019,"food_state_rnk",62.9905
"18075962900","tract",2019,"food_state_rnk",88.6333
"18075963000","tract",2019,"food_state_rnk",20.23
"18075963100","tract",2019,"food_state_rnk",45.8728
"18075963200","tract",2019,"food_state_rnk",40.2571
"18075963300","tract",2019,"food_state_rnk",40.6969
"18077966000","tract",2019,"food_state_rnk",75.3721
"18077966100","tract",2019,"food_state_rnk",65.5616
"18077966200","tract",2019,"food_state_rnk",47.0907
"18077966300","tract",2019,"food_state_rnk",23.7483
"18077966400","tract",2019,"food_state_rnk",63.9716
"18077966500","tract",2019,"food_state_rnk",25.9811
"18077966600","tract",2019,"food_state_rnk",20.5683
"18079960200","tract",2019,"food_state_rnk",81.7321
"18079960301","tract",2019,"food_state_rnk",86.6712
"18079960302","tract",2019,"food_state_rnk",30.0068
"18079960400","tract",2019,"food_state_rnk",46.6171
"18079960500","tract",2019,"food_state_rnk",47.1583
"18079960600","tract",2019,"food_state_rnk",78.0785
"18081610100","tract",2019,"food_state_rnk",93.7077
"18081610201","tract",2019,"food_state_rnk",56.0217
"18081610202","tract",2019,"food_state_rnk",85.9269
"18081610300","tract",2019,"food_state_rnk",56.5629
"18081610401","tract",2019,"food_state_rnk",68.4371
"18081610403","tract",2019,"food_state_rnk",42.6928
"18081610404","tract",2019,"food_state_rnk",60.521
"18081610500","tract",2019,"food_state_rnk",84.0325
"18081610603","tract",2019,"food_state_rnk",97.226
"18081610604","tract",2019,"food_state_rnk",82.0704
"18081610605","tract",2019,"food_state_rnk",86.5697
"18081610606","tract",2019,"food_state_rnk",97.8349
"18081610701","tract",2019,"food_state_rnk",99.3911
"18081610702","tract",2019,"food_state_rnk",98.0379
"18081610801","tract",2019,"food_state_rnk",44.5196
"18081610802","tract",2019,"food_state_rnk",74.6279
"18081610900","tract",2019,"food_state_rnk",39.3437
"18081611000","tract",2019,"food_state_rnk",48.8836
"18081611100","tract",2019,"food_state_rnk",49.7294
"18081611200","tract",2019,"food_state_rnk",71.6509
"18081611300","tract",2019,"food_state_rnk",28.8227
"18081611400","tract",2019,"food_state_rnk",92.2869
"18083955000","tract",2019,"food_state_rnk",7.4425
"18083955100","tract",2019,"food_state_rnk",80.5819
"18083955200","tract",2019,"food_state_rnk",55.5142
"18083955300","tract",2019,"food_state_rnk",NA
"18083955400","tract",2019,"food_state_rnk",32.0704
"18083955500","tract",2019,"food_state_rnk",31.0893
"18083955600","tract",2019,"food_state_rnk",51.5562
"18083955700","tract",2019,"food_state_rnk",35.7916
"18083955800","tract",2019,"food_state_rnk",60.7578
"18083955900","tract",2019,"food_state_rnk",41.1028
"18085960900","tract",2019,"food_state_rnk",89.7158
"18085961000","tract",2019,"food_state_rnk",66.8471
"18085961100","tract",2019,"food_state_rnk",49.4587
"18085961200","tract",2019,"food_state_rnk",60.6225
"18085961300","tract",2019,"food_state_rnk",70.433
"18085961400","tract",2019,"food_state_rnk",52.977
"18085961500","tract",2019,"food_state_rnk",57.9838
"18085961600","tract",2019,"food_state_rnk",94.9932
"18085961700","tract",2019,"food_state_rnk",54.3978
"18085961800","tract",2019,"food_state_rnk",59.0325
"18085961900","tract",2019,"food_state_rnk",35.9946
"18085962000","tract",2019,"food_state_rnk",36.9418
"18085962100","tract",2019,"food_state_rnk",41.1028
"18085962200","tract",2019,"food_state_rnk",56.2585
"18085962300","tract",2019,"food_state_rnk",96.6847
"18085962400","tract",2019,"food_state_rnk",70.5007
"18085962500","tract",2019,"food_state_rnk",68.8092
"18085962600","tract",2019,"food_state_rnk",92.9635
"18085962700","tract",2019,"food_state_rnk",49.1543
"18087970100","tract",2019,"food_state_rnk",39.9188
"18087970200","tract",2019,"food_state_rnk",42.0839
"18087970300","tract",2019,"food_state_rnk",76.793
"18087970401","tract",2019,"food_state_rnk",85.2842
"18087970402","tract",2019,"food_state_rnk",77.0298
"18087970500","tract",2019,"food_state_rnk",65.4263
"18087970600","tract",2019,"food_state_rnk",45.7713
"18087970700","tract",2019,"food_state_rnk",77.8417
"18089010100","tract",2019,"food_state_rnk",12.9229
"18089010201","tract",2019,"food_state_rnk",16.5765
"18089010203","tract",2019,"food_state_rnk",8.1867
"18089010205","tract",2019,"food_state_rnk",12.5169
"18089010302","tract",2019,"food_state_rnk",7.7808
"18089010304","tract",2019,"food_state_rnk",25.3721
"18089010400","tract",2019,"food_state_rnk",3.0447
"18089010500","tract",2019,"food_state_rnk",0.6766
"18089010600","tract",2019,"food_state_rnk",1.7591
"18089010900","tract",2019,"food_state_rnk",2.4357
"18089011000","tract",2019,"food_state_rnk",47.4966
"18089011100","tract",2019,"food_state_rnk",6.2923
"18089011200","tract",2019,"food_state_rnk",11.9418
"18089011300","tract",2019,"food_state_rnk",0.8119
"18089011400","tract",2019,"food_state_rnk",0.406
"18089011500","tract",2019,"food_state_rnk",15.7645
"18089011600","tract",2019,"food_state_rnk",9.0663
"18089011700","tract",2019,"food_state_rnk",6.0217
"18089011800","tract",2019,"food_state_rnk",8.3221
"18089011900","tract",2019,"food_state_rnk",0.1353
"18089012000","tract",2019,"food_state_rnk",5.8863
"18089012100","tract",2019,"food_state_rnk",1.6915
"18089012200","tract",2019,"food_state_rnk",0.7442
"18089012300","tract",2019,"food_state_rnk",12.6522
"18089012400","tract",2019,"food_state_rnk",5.954
"18089012500","tract",2019,"food_state_rnk",20.1624
"18089012600","tract",2019,"food_state_rnk",2.0974
"18089012700","tract",2019,"food_state_rnk",8.2544
"18089012800","tract",2019,"food_state_rnk",0.8796
"18089020100","tract",2019,"food_state_rnk",32.8823
"18089020200","tract",2019,"food_state_rnk",16.1367
"18089020300","tract",2019,"food_state_rnk",22.8011
"18089020400","tract",2019,"food_state_rnk",11.1976
"18089020500","tract",2019,"food_state_rnk",11.4344
"18089020600","tract",2019,"food_state_rnk",0.3383
"18089020700","tract",2019,"food_state_rnk",10.7578
"18089020800","tract",2019,"food_state_rnk",3.1123
"18089020900","tract",2019,"food_state_rnk",38.1597
"18089021000","tract",2019,"food_state_rnk",18.7415
"18089021100","tract",2019,"food_state_rnk",27.6049
"18089021300","tract",2019,"food_state_rnk",62.4493
"18089021400","tract",2019,"food_state_rnk",23.41
"18089021500","tract",2019,"food_state_rnk",57.544
"18089021600","tract",2019,"food_state_rnk",33.3221
"18089021700","tract",2019,"food_state_rnk",20.433
"18089021800","tract",2019,"food_state_rnk",6.5629
"18089021900","tract",2019,"food_state_rnk",11.5697
"18089022000","tract",2019,"food_state_rnk",27.5372
"18089030100","tract",2019,"food_state_rnk",0
"18089030200","tract",2019,"food_state_rnk",1.3532
"18089030300","tract",2019,"food_state_rnk",0.5413
"18089030400","tract",2019,"food_state_rnk",19.8241
"18089030500","tract",2019,"food_state_rnk",13.1258
"18089030600","tract",2019,"food_state_rnk",13.8701
"18089030700","tract",2019,"food_state_rnk",28.4168
"18089030800","tract",2019,"food_state_rnk",5.2774
"18089030900","tract",2019,"food_state_rnk",13.0582
"18089031000","tract",2019,"food_state_rnk",0.0677
"18089040100","tract",2019,"food_state_rnk",8.3897
"18089040200","tract",2019,"food_state_rnk",43.4371
"18089040300","tract",2019,"food_state_rnk",97.023
"18089040401","tract",2019,"food_state_rnk",83.3559
"18089040402","tract",2019,"food_state_rnk",95.9405
"18089040403","tract",2019,"food_state_rnk",68.3018
"18089040501","tract",2019,"food_state_rnk",59.2355
"18089040502","tract",2019,"food_state_rnk",52.0298
"18089040600","tract",2019,"food_state_rnk",67.5913
"18089040700","tract",2019,"food_state_rnk",66.1028
"18089040801","tract",2019,"food_state_rnk",85.115
"18089040802","tract",2019,"food_state_rnk",66.5088
"18089040900","tract",2019,"food_state_rnk",70.6022
"18089041001","tract",2019,"food_state_rnk",13.3288
"18089041002","tract",2019,"food_state_rnk",52.1651
"18089041100","tract",2019,"food_state_rnk",13.8024
"18089041200","tract",2019,"food_state_rnk",2.6387
"18089041302","tract",2019,"food_state_rnk",31.4276
"18089041400","tract",2019,"food_state_rnk",39.7158
"18089041500","tract",2019,"food_state_rnk",2.0298
"18089041600","tract",2019,"food_state_rnk",23.0041
"18089041700","tract",2019,"food_state_rnk",15.1556
"18089041800","tract",2019,"food_state_rnk",28.6198
"18089041900","tract",2019,"food_state_rnk",47.9026
"18089042000","tract",2019,"food_state_rnk",64.682
"18089042100","tract",2019,"food_state_rnk",20.0947
"18089042200","tract",2019,"food_state_rnk",70.2977
"18089042300","tract",2019,"food_state_rnk",79.4655
"18089042401","tract",2019,"food_state_rnk",38.2273
"18089042402","tract",2019,"food_state_rnk",33.4912
"18089042403","tract",2019,"food_state_rnk",37.4831
"18089042501","tract",2019,"food_state_rnk",46.9553
"18089042503","tract",2019,"food_state_rnk",30.8525
"18089042504","tract",2019,"food_state_rnk",86.7727
"18089042505","tract",2019,"food_state_rnk",74.1543
"18089042602","tract",2019,"food_state_rnk",80.7172
"18089042605","tract",2019,"food_state_rnk",94.0798
"18089042606","tract",2019,"food_state_rnk",46.2788
"18089042607","tract",2019,"food_state_rnk",87.3478
"18089042608","tract",2019,"food_state_rnk",97.1583
"18089042609","tract",2019,"food_state_rnk",82.4087
"18089042702","tract",2019,"food_state_rnk",60.3518
"18089042703","tract",2019,"food_state_rnk",59.2355
"18089042704","tract",2019,"food_state_rnk",75.9811
"18089042801","tract",2019,"food_state_rnk",87.2801
"18089042802","tract",2019,"food_state_rnk",74.4926
"18089042901","tract",2019,"food_state_rnk",77.7402
"18089042902","tract",2019,"food_state_rnk",87.7537
"18089043001","tract",2019,"food_state_rnk",78.6198
"18089043002","tract",2019,"food_state_rnk",82.5778
"18089043101","tract",2019,"food_state_rnk",20.9743
"18089043102","tract",2019,"food_state_rnk",96.82
"18089043201","tract",2019,"food_state_rnk",58.4912
"18089043202","tract",2019,"food_state_rnk",94.3166
"18089043300","tract",2019,"food_state_rnk",80.6495
"18089043401","tract",2019,"food_state_rnk",92.8958
"18089043403","tract",2019,"food_state_rnk",84.4723
"18089043404","tract",2019,"food_state_rnk",73.7821
"18089043405","tract",2019,"food_state_rnk",74.0866
"18089990000","tract",2019,"food_state_rnk",NA
"18091040100","tract",2019,"food_state_rnk",NA
"18091040300","tract",2019,"food_state_rnk",7.0365
"18091040400","tract",2019,"food_state_rnk",22.0568
"18091040500","tract",2019,"food_state_rnk",40.5616
"18091040600","tract",2019,"food_state_rnk",23.3085
"18091040700","tract",2019,"food_state_rnk",12.9905
"18091040800","tract",2019,"food_state_rnk",19.1475
"18091040900","tract",2019,"food_state_rnk",2.8417
"18091041100","tract",2019,"food_state_rnk",89.8173
"18091041200","tract",2019,"food_state_rnk",73.2747
"18091041300","tract",2019,"food_state_rnk",1.1502
"18091041400","tract",2019,"food_state_rnk",14.1407
"18091041500","tract",2019,"food_state_rnk",71.9892
"18091041600","tract",2019,"food_state_rnk",80.1759
"18091041700","tract",2019,"food_state_rnk",37.9905
"18091041800","tract",2019,"food_state_rnk",38.9039
"18091041900","tract",2019,"food_state_rnk",67.0501
"18091042000","tract",2019,"food_state_rnk",54.7361
"18091042100","tract",2019,"food_state_rnk",23.4777
"18091042200","tract",2019,"food_state_rnk",43.1664
"18091042300","tract",2019,"food_state_rnk",11.0284
"18091042400","tract",2019,"food_state_rnk",30.7848
"18091042500","tract",2019,"food_state_rnk",71.7862
"18091042600","tract",2019,"food_state_rnk",NA
"18091042700","tract",2019,"food_state_rnk",69.6888
"18091042800","tract",2019,"food_state_rnk",54.1949
"18091042900","tract",2019,"food_state_rnk",53.9242
"18091043000","tract",2019,"food_state_rnk",14.6143
"18091990000","tract",2019,"food_state_rnk",NA
"18093950400","tract",2019,"food_state_rnk",52.4019
"18093950500","tract",2019,"food_state_rnk",63.5318
"18093950600","tract",2019,"food_state_rnk",51.2855
"18093950700","tract",2019,"food_state_rnk",67.253
"18093950800","tract",2019,"food_state_rnk",32.747
"18093950900","tract",2019,"food_state_rnk",42.4222
"18093951000","tract",2019,"food_state_rnk",64.7497
"18093951100","tract",2019,"food_state_rnk",27.6725
"18093951200","tract",2019,"food_state_rnk",45.3315
"18093951300","tract",2019,"food_state_rnk",19.7564
"18095000300","tract",2019,"food_state_rnk",14.9526
"18095000400","tract",2019,"food_state_rnk",3.5183
"18095000500","tract",2019,"food_state_rnk",6.0893
"18095000800","tract",2019,"food_state_rnk",2.7064
"18095000900","tract",2019,"food_state_rnk",6.9689
"18095001000","tract",2019,"food_state_rnk",1.0149
"18095001100","tract",2019,"food_state_rnk",16.7456
"18095001200","tract",2019,"food_state_rnk",36.3667
"18095001300","tract",2019,"food_state_rnk",28.9581
"18095001400","tract",2019,"food_state_rnk",13.3965
"18095001500","tract",2019,"food_state_rnk",45.1962
"18095001600","tract",2019,"food_state_rnk",88.0244
"18095001700","tract",2019,"food_state_rnk",11.7388
"18095001800","tract",2019,"food_state_rnk",30.3112
"18095001900","tract",2019,"food_state_rnk",29.6346
"18095002000","tract",2019,"food_state_rnk",30.1083
"18095010100","tract",2019,"food_state_rnk",55.6157
"18095010200","tract",2019,"food_state_rnk",23.6806
"18095010300","tract",2019,"food_state_rnk",26.387
"18095010400","tract",2019,"food_state_rnk",53.3153
"18095010500","tract",2019,"food_state_rnk",64.4452
"18095010600","tract",2019,"food_state_rnk",30.3789
"18095010700","tract",2019,"food_state_rnk",64.9526
"18095010800","tract",2019,"food_state_rnk",33.1529
"18095010900","tract",2019,"food_state_rnk",62.3816
"18095011000","tract",2019,"food_state_rnk",88.9716
"18095011100","tract",2019,"food_state_rnk",61.7727
"18095011200","tract",2019,"food_state_rnk",76.3194
"18095011300","tract",2019,"food_state_rnk",20.636
"18095011400","tract",2019,"food_state_rnk",79.6346
"18095011501","tract",2019,"food_state_rnk",52.8417
"18095011502","tract",2019,"food_state_rnk",92.7267
"18095011600","tract",2019,"food_state_rnk",NA
"18095011700","tract",2019,"food_state_rnk",87.0771
"18095011800","tract",2019,"food_state_rnk",69.1475
"18095011900","tract",2019,"food_state_rnk",17.5913
"18095012000","tract",2019,"food_state_rnk",1.0825
"18097310103","tract",2019,"food_state_rnk",92.7267
"18097310104","tract",2019,"food_state_rnk",57.1042
"18097310105","tract",2019,"food_state_rnk",56.8336
"18097310106","tract",2019,"food_state_rnk",33.0853
"18097310108","tract",2019,"food_state_rnk",83.2882
"18097310110","tract",2019,"food_state_rnk",50.1691
"18097310111","tract",2019,"food_state_rnk",22.2598
"18097310201","tract",2019,"food_state_rnk",49.0528
"18097310203","tract",2019,"food_state_rnk",76.387
"18097310204","tract",2019,"food_state_rnk",30.4465
"18097310305","tract",2019,"food_state_rnk",21.5156
"18097310306","tract",2019,"food_state_rnk",5.548
"18097310308","tract",2019,"food_state_rnk",57.7808
"18097310309","tract",2019,"food_state_rnk",19.3505
"18097310310","tract",2019,"food_state_rnk",58.6604
"18097310311","tract",2019,"food_state_rnk",69.2152
"18097310312","tract",2019,"food_state_rnk",59.134
"18097320105","tract",2019,"food_state_rnk",53.2138
"18097320106","tract",2019,"food_state_rnk",40.1556
"18097320107","tract",2019,"food_state_rnk",98.2409
"18097320108","tract",2019,"food_state_rnk",29.1272
"18097320109","tract",2019,"food_state_rnk",81.7997
"18097320202","tract",2019,"food_state_rnk",98.7145
"18097320203","tract",2019,"food_state_rnk",66.5765
"18097320204","tract",2019,"food_state_rnk",56.4614
"18097320301","tract",2019,"food_state_rnk",90.088
"18097320303","tract",2019,"food_state_rnk",81.8674
"18097320304","tract",2019,"food_state_rnk",98.5792
"18097320400","tract",2019,"food_state_rnk",88.9039
"18097320500","tract",2019,"food_state_rnk",43.7754
"18097320600","tract",2019,"food_state_rnk",31.6644
"18097320700","tract",2019,"food_state_rnk",91.272
"18097320800","tract",2019,"food_state_rnk",96.2111
"18097320901","tract",2019,"food_state_rnk",79.77
"18097320902","tract",2019,"food_state_rnk",20.2977
"18097320903","tract",2019,"food_state_rnk",26.9283
"18097321001","tract",2019,"food_state_rnk",39.2422
"18097321002","tract",2019,"food_state_rnk",50.5413
"18097321100","tract",2019,"food_state_rnk",46.1773
"18097321200","tract",2019,"food_state_rnk",84.2693
"18097321300","tract",2019,"food_state_rnk",92.0839
"18097321400","tract",2019,"food_state_rnk",90.5277
"18097321600","tract",2019,"food_state_rnk",35.3857
"18097321700","tract",2019,"food_state_rnk",93.4371
"18097321800","tract",2019,"food_state_rnk",93.9783
"18097321900","tract",2019,"food_state_rnk",NA
"18097322000","tract",2019,"food_state_rnk",17.3545
"18097322100","tract",2019,"food_state_rnk",40.4601
"18097322200","tract",2019,"food_state_rnk",81.6644
"18097322300","tract",2019,"food_state_rnk",86.7727
"18097322400","tract",2019,"food_state_rnk",66.3058
"18097322500","tract",2019,"food_state_rnk",51.0825
"18097322600","tract",2019,"food_state_rnk",2.571
"18097322700","tract",2019,"food_state_rnk",38.295
"18097330103","tract",2019,"food_state_rnk",93.7754
"18097330105","tract",2019,"food_state_rnk",48.8836
"18097330106","tract",2019,"food_state_rnk",37.7537
"18097330107","tract",2019,"food_state_rnk",97.9702
"18097330108","tract",2019,"food_state_rnk",93.3018
"18097330109","tract",2019,"food_state_rnk",94.9256
"18097330202","tract",2019,"food_state_rnk",37.2124
"18097330203","tract",2019,"food_state_rnk",90.4601
"18097330204","tract",2019,"food_state_rnk",89.3099
"18097330206","tract",2019,"food_state_rnk",88.3627
"18097330208","tract",2019,"food_state_rnk",94.5873
"18097330209","tract",2019,"food_state_rnk",60.6901
"18097330401","tract",2019,"food_state_rnk",76.4547
"18097330500","tract",2019,"food_state_rnk",20.839
"18097330600","tract",2019,"food_state_rnk",28.4844
"18097330700","tract",2019,"food_state_rnk",38.092
"18097330803","tract",2019,"food_state_rnk",4.4655
"18097330804","tract",2019,"food_state_rnk",8.4574
"18097330805","tract",2019,"food_state_rnk",7.7131
"18097330806","tract",2019,"food_state_rnk",13.2612
"18097330900","tract",2019,"food_state_rnk",14.0731
"18097331000","tract",2019,"food_state_rnk",35.8593
"18097340101","tract",2019,"food_state_rnk",27.8078
"18097340102","tract",2019,"food_state_rnk",29.4993
"18097340108","tract",2019,"food_state_rnk",33.5589
"18097340109","tract",2019,"food_state_rnk",58.7957
"18097340110","tract",2019,"food_state_rnk",42.3545
"18097340111","tract",2019,"food_state_rnk",72.5981
"18097340112","tract",2019,"food_state_rnk",34.7091
"18097340113","tract",2019,"food_state_rnk",31.5291
"18097340114","tract",2019,"food_state_rnk",96.0081
"18097340201","tract",2019,"food_state_rnk",28.2476
"18097340202","tract",2019,"food_state_rnk",32.2733
"18097340300","tract",2019,"food_state_rnk",4.8038
"18097340400","tract",2019,"food_state_rnk",14.5467
"18097340500","tract",2019,"food_state_rnk",22.4628
"18097340600","tract",2019,"food_state_rnk",19.0798
"18097340700","tract",2019,"food_state_rnk",8.0514
"18097340800","tract",2019,"food_state_rnk",15.6292
"18097340901","tract",2019,"food_state_rnk",77.1989
"18097340902","tract",2019,"food_state_rnk",52.2327
"18097341000","tract",2019,"food_state_rnk",76.8606
"18097341100","tract",2019,"food_state_rnk",10.3857
"18097341200","tract",2019,"food_state_rnk",4.1949
"18097341600","tract",2019,"food_state_rnk",19.6888
"18097341700","tract",2019,"food_state_rnk",7.8484
"18097341902","tract",2019,"food_state_rnk",79.364
"18097341903","tract",2019,"food_state_rnk",24.4926
"18097341904","tract",2019,"food_state_rnk",13.5318
"18097342000","tract",2019,"food_state_rnk",76.5223
"18097342101","tract",2019,"food_state_rnk",16.0352
"18097342200","tract",2019,"food_state_rnk",15.2233
"18097342300","tract",2019,"food_state_rnk",5.4804
"18097342400","tract",2019,"food_state_rnk",12.7199
"18097342500","tract",2019,"food_state_rnk",18.2679
"18097342600","tract",2019,"food_state_rnk",6.4276
"18097350100","tract",2019,"food_state_rnk",5.3451
"18097350300","tract",2019,"food_state_rnk",5.0068
"18097350400","tract",2019,"food_state_rnk",24.4249
"18097350500","tract",2019,"food_state_rnk",10.2842
"18097350600","tract",2019,"food_state_rnk",13.5995
"18097350700","tract",2019,"food_state_rnk",3.7889
"18097350800","tract",2019,"food_state_rnk",9.6076
"18097350900","tract",2019,"food_state_rnk",8.8295
"18097351000","tract",2019,"food_state_rnk",1.2855
"18097351200","tract",2019,"food_state_rnk",0.9472
"18097351500","tract",2019,"food_state_rnk",43.7077
"18097351600","tract",2019,"food_state_rnk",62.0433
"18097351700","tract",2019,"food_state_rnk",21.1773
"18097351900","tract",2019,"food_state_rnk",12.7876
"18097352100","tract",2019,"food_state_rnk",7.5101
"18097352300","tract",2019,"food_state_rnk",11.0961
"18097352400","tract",2019,"food_state_rnk",28.1461
"18097352500","tract",2019,"food_state_rnk",42.1854
"18097352600","tract",2019,"food_state_rnk",3.3153
"18097352700","tract",2019,"food_state_rnk",8.931
"18097352800","tract",2019,"food_state_rnk",6.9012
"18097353300","tract",2019,"food_state_rnk",91.2043
"18097353500","tract",2019,"food_state_rnk",15.4939
"18097353600","tract",2019,"food_state_rnk",16.6441
"18097354200","tract",2019,"food_state_rnk",61.4344
"18097354400","tract",2019,"food_state_rnk",42.8281
"18097354500","tract",2019,"food_state_rnk",38.7686
"18097354700","tract",2019,"food_state_rnk",18.4032
"18097354800","tract",2019,"food_state_rnk",5.7848
"18097354900","tract",2019,"food_state_rnk",7.9161
"18097355000","tract",2019,"food_state_rnk",7.1719
"18097355100","tract",2019,"food_state_rnk",9.7429
"18097355300","tract",2019,"food_state_rnk",23.3085
"18097355400","tract",2019,"food_state_rnk",29.567
"18097355500","tract",2019,"food_state_rnk",9.2016
"18097355600","tract",2019,"food_state_rnk",5.1421
"18097355700","tract",2019,"food_state_rnk",4.9391
"18097355900","tract",2019,"food_state_rnk",23.0717
"18097356200","tract",2019,"food_state_rnk",NA
"18097356400","tract",2019,"food_state_rnk",5.6157
"18097356900","tract",2019,"food_state_rnk",5.4127
"18097357000","tract",2019,"food_state_rnk",12.3816
"18097357100","tract",2019,"food_state_rnk",19.9932
"18097357200","tract",2019,"food_state_rnk",1.6238
"18097357300","tract",2019,"food_state_rnk",13.7348
"18097357400","tract",2019,"food_state_rnk",4.6008
"18097357500","tract",2019,"food_state_rnk",23.9513
"18097357600","tract",2019,"food_state_rnk",10.8931
"18097357800","tract",2019,"food_state_rnk",12.2463
"18097357900","tract",2019,"food_state_rnk",22.9364
"18097358000","tract",2019,"food_state_rnk",15.5616
"18097358100","tract",2019,"food_state_rnk",6.2246
"18097360101","tract",2019,"food_state_rnk",4.3302
"18097360102","tract",2019,"food_state_rnk",10.521
"18097360201","tract",2019,"food_state_rnk",18.9445
"18097360202","tract",2019,"food_state_rnk",10.521
"18097360301","tract",2019,"food_state_rnk",27.2666
"18097360302","tract",2019,"food_state_rnk",16.8471
"18097360401","tract",2019,"food_state_rnk",22.7334
"18097360402","tract",2019,"food_state_rnk",15.0203
"18097360404","tract",2019,"food_state_rnk",10.3857
"18097360405","tract",2019,"food_state_rnk",25.7104
"18097360501","tract",2019,"food_state_rnk",43.0311
"18097360502","tract",2019,"food_state_rnk",25.6428
"18097360601","tract",2019,"food_state_rnk",80.4465
"18097360602","tract",2019,"food_state_rnk",21.2788
"18097360700","tract",2019,"food_state_rnk",38.5656
"18097360800","tract",2019,"food_state_rnk",26.184
"18097360900","tract",2019,"food_state_rnk",2.977
"18097361000","tract",2019,"food_state_rnk",79.8376
"18097361100","tract",2019,"food_state_rnk",26.3194
"18097361200","tract",2019,"food_state_rnk",34.3031
"18097361300","tract",2019,"food_state_rnk",42.6252
"18097361400","tract",2019,"food_state_rnk",49.2896
"18097361600","tract",2019,"food_state_rnk",95.2639
"18097370201","tract",2019,"food_state_rnk",37.889
"18097370202","tract",2019,"food_state_rnk",21.5832
"18097370301","tract",2019,"food_state_rnk",69.9932
"18097370302","tract",2019,"food_state_rnk",39.1746
"18097380100","tract",2019,"food_state_rnk",50.7442
"18097380200","tract",2019,"food_state_rnk",36.1299
"18097380300","tract",2019,"food_state_rnk",25.1691
"18097380402","tract",2019,"food_state_rnk",19.2152
"18097380403","tract",2019,"food_state_rnk",41.4073
"18097380404","tract",2019,"food_state_rnk",24.2219
"18097380501","tract",2019,"food_state_rnk",55.0068
"18097380502","tract",2019,"food_state_rnk",26.6576
"18097380600","tract",2019,"food_state_rnk",44.9256
"18097380700","tract",2019,"food_state_rnk",50.6089
"18097380800","tract",2019,"food_state_rnk",41.8133
"18097380901","tract",2019,"food_state_rnk",58.3221
"18097380902","tract",2019,"food_state_rnk",91.1367
"18097381001","tract",2019,"food_state_rnk",8.728
"18097381002","tract",2019,"food_state_rnk",68.5724
"18097381101","tract",2019,"food_state_rnk",59.8444
"18097381102","tract",2019,"food_state_rnk",82.2395
"18097381201","tract",2019,"food_state_rnk",66.9824
"18097381203","tract",2019,"food_state_rnk",6.4953
"18097381204","tract",2019,"food_state_rnk",32.5101
"18097381205","tract",2019,"food_state_rnk",62.8214
"18097390101","tract",2019,"food_state_rnk",68.8769
"18097390102","tract",2019,"food_state_rnk",18.6062
"18097390200","tract",2019,"food_state_rnk",60.1488
"18097390300","tract",2019,"food_state_rnk",95.1286
"18097390402","tract",2019,"food_state_rnk",78.2815
"18097390403","tract",2019,"food_state_rnk",91.0014
"18097390404","tract",2019,"food_state_rnk",65.6292
"18097390405","tract",2019,"food_state_rnk",64.8512
"18097390500","tract",2019,"food_state_rnk",9.8106
"18097390600","tract",2019,"food_state_rnk",25.4398
"18097390700","tract",2019,"food_state_rnk",12.4493
"18097390800","tract",2019,"food_state_rnk",48.5792
"18097390900","tract",2019,"food_state_rnk",44.1813
"18097391000","tract",2019,"food_state_rnk",95.1962
"18099020101","tract",2019,"food_state_rnk",65.0203
"18099020102","tract",2019,"food_state_rnk",71.3802
"18099020201","tract",2019,"food_state_rnk",36.9418
"18099020202","tract",2019,"food_state_rnk",79.2287
"18099020301","tract",2019,"food_state_rnk",60.8254
"18099020302","tract",2019,"food_state_rnk",59.8444
"18099020400","tract",2019,"food_state_rnk",25.7781
"18099020500","tract",2019,"food_state_rnk",16.5088
"18099020600","tract",2019,"food_state_rnk",82.2395
"18099020701","tract",2019,"food_state_rnk",96.2788
"18099020702","tract",2019,"food_state_rnk",60.2503
"18099020800","tract",2019,"food_state_rnk",59.4046
"18101950100","tract",2019,"food_state_rnk",37.3478
"18101950200","tract",2019,"food_state_rnk",51.184
"18101950300","tract",2019,"food_state_rnk",69.0798
"18103952000","tract",2019,"food_state_rnk",62.9229
"18103952100","tract",2019,"food_state_rnk",65.8999
"18103952200","tract",2019,"food_state_rnk",13.4641
"18103952300","tract",2019,"food_state_rnk",10.8254
"18103952400","tract",2019,"food_state_rnk",42.1854
"18103952500","tract",2019,"food_state_rnk",12.1786
"18103952600","tract",2019,"food_state_rnk",47.8349
"18103952700","tract",2019,"food_state_rnk",41.8809
"18103952800","tract",2019,"food_state_rnk",NA
"18103952900","tract",2019,"food_state_rnk",21.6509
"18105000100","tract",2019,"food_state_rnk",81.1908
"18105000201","tract",2019,"food_state_rnk",NA
"18105000202","tract",2019,"food_state_rnk",NA
"18105000301","tract",2019,"food_state_rnk",93.5047
"18105000302","tract",2019,"food_state_rnk",90.3586
"18105000401","tract",2019,"food_state_rnk",88.1258
"18105000402","tract",2019,"food_state_rnk",64.276
"18105000501","tract",2019,"food_state_rnk",33.3221
"18105000502","tract",2019,"food_state_rnk",39.5805
"18105000601","tract",2019,"food_state_rnk",7.3748
"18105000602","tract",2019,"food_state_rnk",8.1191
"18105000700","tract",2019,"food_state_rnk",39.9188
"18105000800","tract",2019,"food_state_rnk",45.7713
"18105000901","tract",2019,"food_state_rnk",70.8051
"18105000903","tract",2019,"food_state_rnk",45.6022
"18105000904","tract",2019,"food_state_rnk",96.0758
"18105001001","tract",2019,"food_state_rnk",70.3654
"18105001002","tract",2019,"food_state_rnk",68.5724
"18105001101","tract",2019,"food_state_rnk",21.9215
"18105001102","tract",2019,"food_state_rnk",49.2896
"18105001103","tract",2019,"food_state_rnk",75.9134
"18105001200","tract",2019,"food_state_rnk",52.571
"18105001301","tract",2019,"food_state_rnk",78.1461
"18105001303","tract",2019,"food_state_rnk",97.7673
"18105001304","tract",2019,"food_state_rnk",28.0108
"18105001305","tract",2019,"food_state_rnk",35.9269
"18105001401","tract",2019,"food_state_rnk",78.8227
"18105001402","tract",2019,"food_state_rnk",74.6955
"18105001501","tract",2019,"food_state_rnk",83.0853
"18105001502","tract",2019,"food_state_rnk",60.521
"18105001600","tract",2019,"food_state_rnk",28.0785
"18107956700","tract",2019,"food_state_rnk",63.7009
"18107956800","tract",2019,"food_state_rnk",53.9919
"18107956900","tract",2019,"food_state_rnk",63.8024
"18107957000","tract",2019,"food_state_rnk",72.3275
"18107957100","tract",2019,"food_state_rnk",27.9093
"18107957200","tract",2019,"food_state_rnk",30.7172
"18107957300","tract",2019,"food_state_rnk",74.8985
"18107957400","tract",2019,"food_state_rnk",49.9323
"18107957500","tract",2019,"food_state_rnk",66.4073
"18109510100","tract",2019,"food_state_rnk",78.2138
"18109510201","tract",2019,"food_state_rnk",48.5115
"18109510202","tract",2019,"food_state_rnk",49.5264
"18109510300","tract",2019,"food_state_rnk",48.4438
"18109510401","tract",2019,"food_state_rnk",68.9783
"18109510402","tract",2019,"food_state_rnk",54.6008
"18109510500","tract",2019,"food_state_rnk",60.8931
"18109510600","tract",2019,"food_state_rnk",82.8823
"18109510701","tract",2019,"food_state_rnk",53.3829
"18109510702","tract",2019,"food_state_rnk",77.1313
"18109510800","tract",2019,"food_state_rnk",20.5007
"18109510900","tract",2019,"food_state_rnk",17.862
"18109511000","tract",2019,"food_state_rnk",71.8539
"18111100400","tract",2019,"food_state_rnk",57.8484
"18111100500","tract",2019,"food_state_rnk",42.4899
"18111100600","tract",2019,"food_state_rnk",18.8092
"18111100700","tract",2019,"food_state_rnk",26.0487
"18113971700","tract",2019,"food_state_rnk",79.2963
"18113971800","tract",2019,"food_state_rnk",33.0176
"18113971900","tract",2019,"food_state_rnk",22.1245
"18113972000","tract",2019,"food_state_rnk",60.2503
"18113972100","tract",2019,"food_state_rnk",50.7442
"18113972200","tract",2019,"food_state_rnk",31.7321
"18113972300","tract",2019,"food_state_rnk",71.1434
"18113972400","tract",2019,"food_state_rnk",63.3288
"18113972500","tract",2019,"food_state_rnk",71.2788
"18113972600","tract",2019,"food_state_rnk",93.0311
"18115965700","tract",2019,"food_state_rnk",64.2084
"18115965800","tract",2019,"food_state_rnk",68.9783
"18117951300","tract",2019,"food_state_rnk",44.7903
"18117951400","tract",2019,"food_state_rnk",41.6103
"18117951500","tract",2019,"food_state_rnk",59.4723
"18117951600","tract",2019,"food_state_rnk",45.9405
"18117951700","tract",2019,"food_state_rnk",22.5981
"18117951800","tract",2019,"food_state_rnk",23.816
"18119955500","tract",2019,"food_state_rnk",40.866
"18119955600","tract",2019,"food_state_rnk",18.1326
"18119955700","tract",2019,"food_state_rnk",35.0474
"18119955800","tract",2019,"food_state_rnk",35.5886
"18119955900","tract",2019,"food_state_rnk",71.1434
"18121030100","tract",2019,"food_state_rnk",48.1055
"18121030200","tract",2019,"food_state_rnk",44.9932
"18121030300","tract",2019,"food_state_rnk",27.3342
"18121030400","tract",2019,"food_state_rnk",36.6712
"18123952200","tract",2019,"food_state_rnk",73.9175
"18123952300","tract",2019,"food_state_rnk",97.429
"18123952400","tract",2019,"food_state_rnk",37.4154
"18123952500","tract",2019,"food_state_rnk",53.7889
"18123952600","tract",2019,"food_state_rnk",19.6211
"18125953900","tract",2019,"food_state_rnk",56.0893
"18125954000","tract",2019,"food_state_rnk",36.0622
"18125954100","tract",2019,"food_state_rnk",73.2747
"18125954200","tract",2019,"food_state_rnk",43.0311
"18127050101","tract",2019,"food_state_rnk",58.728
"18127050103","tract",2019,"food_state_rnk",93.0988
"18127050202","tract",2019,"food_state_rnk",65.1556
"18127050203","tract",2019,"food_state_rnk",86.1299
"18127050300","tract",2019,"food_state_rnk",89.9865
"18127050402","tract",2019,"food_state_rnk",51.3532
"18127050405","tract",2019,"food_state_rnk",90.088
"18127050407","tract",2019,"food_state_rnk",34.1001
"18127050501","tract",2019,"food_state_rnk",48.3424
"18127050503","tract",2019,"food_state_rnk",26.9959
"18127050505","tract",2019,"food_state_rnk",62.6861
"18127050506","tract",2019,"food_state_rnk",51.184
"18127050507","tract",2019,"food_state_rnk",33.4235
"18127050508","tract",2019,"food_state_rnk",30.9878
"18127050509","tract",2019,"food_state_rnk",33.8972
"18127050602","tract",2019,"food_state_rnk",62.5507
"18127050603","tract",2019,"food_state_rnk",91.475
"18127050604","tract",2019,"food_state_rnk",94.7903
"18127050702","tract",2019,"food_state_rnk",47.429
"18127050703","tract",2019,"food_state_rnk",94.6888
"18127050704","tract",2019,"food_state_rnk",68.1326
"18127050800","tract",2019,"food_state_rnk",75.2368
"18127050900","tract",2019,"food_state_rnk",NA
"18127051002","tract",2019,"food_state_rnk",77.2666
"18127051005","tract",2019,"food_state_rnk",91.8809
"18127051006","tract",2019,"food_state_rnk",34.0325
"18127051007","tract",2019,"food_state_rnk",86.2652
"18127051008","tract",2019,"food_state_rnk",70.6022
"18127051101","tract",2019,"food_state_rnk",59.3369
"18127051102","tract",2019,"food_state_rnk",84.134
"18127980001","tract",2019,"food_state_rnk",NA
"18127980002","tract",2019,"food_state_rnk",NA
"18127990000","tract",2019,"food_state_rnk",NA
"18129040100","tract",2019,"food_state_rnk",65.6969
"18129040200","tract",2019,"food_state_rnk",92.1516
"18129040300","tract",2019,"food_state_rnk",88.7686
"18129040400","tract",2019,"food_state_rnk",77.4696
"18129040500","tract",2019,"food_state_rnk",68.7415
"18129040600","tract",2019,"food_state_rnk",24.5602
"18129040700","tract",2019,"food_state_rnk",28.2476
"18131958900","tract",2019,"food_state_rnk",36.5359
"18131959000","tract",2019,"food_state_rnk",41.5426
"18131959100","tract",2019,"food_state_rnk",21.0419
"18131959200","tract",2019,"food_state_rnk",71.2788
"18133956000","tract",2019,"food_state_rnk",43.3018
"18133956100","tract",2019,"food_state_rnk",23.1394
"18133956200","tract",2019,"food_state_rnk",41.272
"18133956300","tract",2019,"food_state_rnk",44.8579
"18133956400","tract",2019,"food_state_rnk",93.3694
"18133956500","tract",2019,"food_state_rnk",56.9689
"18133956600","tract",2019,"food_state_rnk",NA
"18135951400","tract",2019,"food_state_rnk",77.9432
"18135951500","tract",2019,"food_state_rnk",74.0189
"18135951600","tract",2019,"food_state_rnk",16.3058
"18135951700","tract",2019,"food_state_rnk",31.1908
"18135951800","tract",2019,"food_state_rnk",24.8309
"18135951900","tract",2019,"food_state_rnk",47.2936
"18135952000","tract",2019,"food_state_rnk",46.82
"18135952100","tract",2019,"food_state_rnk",30.5819
"18137968400","tract",2019,"food_state_rnk",90.8322
"18137968500","tract",2019,"food_state_rnk",55.751
"18137968600","tract",2019,"food_state_rnk",36.9418
"18137968700","tract",2019,"food_state_rnk",57.9161
"18137968800","tract",2019,"food_state_rnk",29.9053
"18137968900","tract",2019,"food_state_rnk",54.3978
"18139974100","tract",2019,"food_state_rnk",72.8687
"18139974200","tract",2019,"food_state_rnk",37.6184
"18139974300","tract",2019,"food_state_rnk",30.5142
"18139974400","tract",2019,"food_state_rnk",48.6806
"18139974500","tract",2019,"food_state_rnk",62.3139
"18141000100","tract",2019,"food_state_rnk",16.9824
"18141000200","tract",2019,"food_state_rnk",14.4114
"18141000301","tract",2019,"food_state_rnk",20.7037
"18141000302","tract",2019,"food_state_rnk",12.111
"18141000400","tract",2019,"food_state_rnk",1.4208
"18141000500","tract",2019,"food_state_rnk",15.088
"18141000600","tract",2019,"food_state_rnk",3.8566
"18141000700","tract",2019,"food_state_rnk",44.6549
"18141000800","tract",2019,"food_state_rnk",88.5656
"18141000900","tract",2019,"food_state_rnk",31.0893
"18141001000","tract",2019,"food_state_rnk",21.7185
"18141001100","tract",2019,"food_state_rnk",21.9892
"18141001200","tract",2019,"food_state_rnk",93.9107
"18141001300","tract",2019,"food_state_rnk",72.5304
"18141001400","tract",2019,"food_state_rnk",25.0338
"18141001500","tract",2019,"food_state_rnk",37.6861
"18141001600","tract",2019,"food_state_rnk",96.4141
"18141001700","tract",2019,"food_state_rnk",4.7023
"18141001900","tract",2019,"food_state_rnk",22.5304
"18141002000","tract",2019,"food_state_rnk",0.203
"18141002100","tract",2019,"food_state_rnk",1.8268
"18141002200","tract",2019,"food_state_rnk",23.8836
"18141002300","tract",2019,"food_state_rnk",1.5562
"18141002400","tract",2019,"food_state_rnk",8.6604
"18141002500","tract",2019,"food_state_rnk",27.9093
"18141002600","tract",2019,"food_state_rnk",24.7632
"18141002700","tract",2019,"food_state_rnk",NA
"18141002800","tract",2019,"food_state_rnk",22.6658
"18141002900","tract",2019,"food_state_rnk",22.8687
"18141003000","tract",2019,"food_state_rnk",3.9242
"18141003100","tract",2019,"food_state_rnk",9.134
"18141003200","tract",2019,"food_state_rnk",60.0135
"18141003300","tract",2019,"food_state_rnk",21.4479
"18141003400","tract",2019,"food_state_rnk",5.2097
"18141003500","tract",2019,"food_state_rnk",6.7659
"18141010100","tract",2019,"food_state_rnk",26.5223
"18141010200","tract",2019,"food_state_rnk",27.0974
"18141010300","tract",2019,"food_state_rnk",25.5751
"18141010400","tract",2019,"food_state_rnk",40.1556
"18141010500","tract",2019,"food_state_rnk",54.0595
"18141010600","tract",2019,"food_state_rnk",56.3599
"18141010700","tract",2019,"food_state_rnk",24.9662
"18141010800","tract",2019,"food_state_rnk",68.3018
"18141010900","tract",2019,"food_state_rnk",81.3938
"18141011000","tract",2019,"food_state_rnk",88.2273
"18141011100","tract",2019,"food_state_rnk",14.682
"18141011201","tract",2019,"food_state_rnk",34.8444
"18141011202","tract",2019,"food_state_rnk",NA
"18141011301","tract",2019,"food_state_rnk",47.7334
"18141011302","tract",2019,"food_state_rnk",53.5521
"18141011303","tract",2019,"food_state_rnk",66.6441
"18141011304","tract",2019,"food_state_rnk",95.3992
"18141011305","tract",2019,"food_state_rnk",87.7537
"18141011306","tract",2019,"food_state_rnk",83.4912
"18141011403","tract",2019,"food_state_rnk",90.5954
"18141011404","tract",2019,"food_state_rnk",96.8877
"18141011405","tract",2019,"food_state_rnk",95.5345
"18141011406","tract",2019,"food_state_rnk",86.4344
"18141011501","tract",2019,"food_state_rnk",44.3166
"18141011503","tract",2019,"food_state_rnk",46.0419
"18141011504","tract",2019,"food_state_rnk",85.521
"18141011505","tract",2019,"food_state_rnk",50
"18141011506","tract",2019,"food_state_rnk",55.1421
"18141011601","tract",2019,"food_state_rnk",92.4899
"18141011602","tract",2019,"food_state_rnk",76.2517
"18141011701","tract",2019,"food_state_rnk",44.3843
"18141011702","tract",2019,"food_state_rnk",92.6252
"18141011801","tract",2019,"food_state_rnk",97.9026
"18141011802","tract",2019,"food_state_rnk",94.3166
"18141011900","tract",2019,"food_state_rnk",62.111
"18141012000","tract",2019,"food_state_rnk",74.7632
"18141012100","tract",2019,"food_state_rnk",53.1123
"18141012200","tract",2019,"food_state_rnk",66.7118
"18141012300","tract",2019,"food_state_rnk",59.5399
"18141012400","tract",2019,"food_state_rnk",93.2341
"18143966700","tract",2019,"food_state_rnk",51.9621
"18143966800","tract",2019,"food_state_rnk",17.5237
"18143966900","tract",2019,"food_state_rnk",67.3207
"18143967000","tract",2019,"food_state_rnk",79.9053
"18143967100","tract",2019,"food_state_rnk",51.6238
"18145710100","tract",2019,"food_state_rnk",71.4817
"18145710200","tract",2019,"food_state_rnk",72.4628
"18145710300","tract",2019,"food_state_rnk",90.9337
"18145710400","tract",2019,"food_state_rnk",24.8985
"18145710500","tract",2019,"food_state_rnk",29.77
"18145710601","tract",2019,"food_state_rnk",14.2084
"18145710602","tract",2019,"food_state_rnk",7.9838
"18145710700","tract",2019,"food_state_rnk",78.7551
"18145710800","tract",2019,"food_state_rnk",89.2422
"18145710900","tract",2019,"food_state_rnk",78.6874
"18147952700","tract",2019,"food_state_rnk",94.4858
"18147952800","tract",2019,"food_state_rnk",55.2097
"18147952900","tract",2019,"food_state_rnk",54.9391
"18147953000","tract",2019,"food_state_rnk",38.498
"18147953100","tract",2019,"food_state_rnk",22.1922
"18149953600","tract",2019,"food_state_rnk",85.0135
"18149953700","tract",2019,"food_state_rnk",35.724
"18149953800","tract",2019,"food_state_rnk",53.0447
"18149953900","tract",2019,"food_state_rnk",55.954
"18149954000","tract",2019,"food_state_rnk",14.479
"18149954100","tract",2019,"food_state_rnk",76.1502
"18149954200","tract",2019,"food_state_rnk",30.6495
"18151970800","tract",2019,"food_state_rnk",67.6928
"18151970900","tract",2019,"food_state_rnk",96.7524
"18151971000","tract",2019,"food_state_rnk",69.5873
"18151971100","tract",2019,"food_state_rnk",80.3789
"18151971200","tract",2019,"food_state_rnk",67.9296
"18151971300","tract",2019,"food_state_rnk",32.4087
"18151971400","tract",2019,"food_state_rnk",39.7835
"18151971500","tract",2019,"food_state_rnk",85.5886
"18151971600","tract",2019,"food_state_rnk",75.3721
"18153050100","tract",2019,"food_state_rnk",30.2436
"18153050200","tract",2019,"food_state_rnk",80.9202
"18153050300","tract",2019,"food_state_rnk",21.2788
"18153050400","tract",2019,"food_state_rnk",85.0135
"18153050500","tract",2019,"food_state_rnk",NA
"18155965700","tract",2019,"food_state_rnk",31.8674
"18155965800","tract",2019,"food_state_rnk",73.0717
"18155965900","tract",2019,"food_state_rnk",17.2192
"18157000100","tract",2019,"food_state_rnk",26.7253
"18157000200","tract",2019,"food_state_rnk",25.3045
"18157000300","tract",2019,"food_state_rnk",35.521
"18157000400","tract",2019,"food_state_rnk",25.5074
"18157000700","tract",2019,"food_state_rnk",40.7984
"18157000800","tract",2019,"food_state_rnk",38.4303
"18157001000","tract",2019,"food_state_rnk",46.5156
"18157001100","tract",2019,"food_state_rnk",44.5196
"18157001200","tract",2019,"food_state_rnk",33.2206
"18157001300","tract",2019,"food_state_rnk",24.6955
"18157001400","tract",2019,"food_state_rnk",59.0325
"18157001501","tract",2019,"food_state_rnk",17.3545
"18157001502","tract",2019,"food_state_rnk",40.0541
"18157001600","tract",2019,"food_state_rnk",85.8593
"18157001700","tract",2019,"food_state_rnk",9.2693
"18157001800","tract",2019,"food_state_rnk",38.8363
"18157001900","tract",2019,"food_state_rnk",92.2192
"18157005101","tract",2019,"food_state_rnk",61.9756
"18157005102","tract",2019,"food_state_rnk",97.3613
"18157005200","tract",2019,"food_state_rnk",72.1245
"18157005300","tract",2019,"food_state_rnk",87.7537
"18157005400","tract",2019,"food_state_rnk",NA
"18157005500","tract",2019,"food_state_rnk",52.3004
"18157010100","tract",2019,"food_state_rnk",88.7686
"18157010201","tract",2019,"food_state_rnk",72.1245
"18157010203","tract",2019,"food_state_rnk",57.3748
"18157010204","tract",2019,"food_state_rnk",97.2936
"18157010300","tract",2019,"food_state_rnk",NA
"18157010400","tract",2019,"food_state_rnk",NA
"18157010500","tract",2019,"food_state_rnk",NA
"18157010600","tract",2019,"food_state_rnk",92.3545
"18157010700","tract",2019,"food_state_rnk",63.1258
"18157010800","tract",2019,"food_state_rnk",85.6563
"18157010901","tract",2019,"food_state_rnk",91.5426
"18157010902","tract",2019,"food_state_rnk",72.1245
"18157011000","tract",2019,"food_state_rnk",85.1827
"18157011100","tract",2019,"food_state_rnk",24.0189
"18159020100","tract",2019,"food_state_rnk",45.5345
"18159020200","tract",2019,"food_state_rnk",72.9364
"18159020300","tract",2019,"food_state_rnk",67.456
"18159020400","tract",2019,"food_state_rnk",41.2043
"18161960700","tract",2019,"food_state_rnk",39.479
"18161960800","tract",2019,"food_state_rnk",72.7334
"18163000100","tract",2019,"food_state_rnk",17.7267
"18163000201","tract",2019,"food_state_rnk",85.3857
"18163000202","tract",2019,"food_state_rnk",46.5156
"18163000300","tract",2019,"food_state_rnk",25.1015
"18163000400","tract",2019,"food_state_rnk",42.2869
"18163000500","tract",2019,"food_state_rnk",85.4533
"18163000600","tract",2019,"food_state_rnk",43.0311
"18163000800","tract",2019,"food_state_rnk",15.3586
"18163000900","tract",2019,"food_state_rnk",34.2355
"18163001000","tract",2019,"food_state_rnk",6.8336
"18163001100","tract",2019,"food_state_rnk",6.3599
"18163001200","tract",2019,"food_state_rnk",9.3369
"18163001300","tract",2019,"food_state_rnk",3.2476
"18163001400","tract",2019,"food_state_rnk",1.2179
"18163001500","tract",2019,"food_state_rnk",15.8999
"18163001700","tract",2019,"food_state_rnk",15.8322
"18163001800","tract",2019,"food_state_rnk",75.6766
"18163001900","tract",2019,"food_state_rnk",15.2909
"18163002000","tract",2019,"food_state_rnk",9.6752
"18163002100","tract",2019,"food_state_rnk",11.2991
"18163002300","tract",2019,"food_state_rnk",16.9147
"18163002400","tract",2019,"food_state_rnk",16.3735
"18163002500","tract",2019,"food_state_rnk",1.8945
"18163002600","tract",2019,"food_state_rnk",10.2165
"18163002800","tract",2019,"food_state_rnk",24.2896
"18163002900","tract",2019,"food_state_rnk",18.4709
"18163003000","tract",2019,"food_state_rnk",38.9716
"18163003100","tract",2019,"food_state_rnk",39.3437
"18163003200","tract",2019,"food_state_rnk",37.8214
"18163003300","tract",2019,"food_state_rnk",8.525
"18163003400","tract",2019,"food_state_rnk",81.1231
"18163003500","tract",2019,"food_state_rnk",52.6387
"18163003600","tract",2019,"food_state_rnk",11.1976
"18163003701","tract",2019,"food_state_rnk",65.088
"18163003702","tract",2019,"food_state_rnk",6.6982
"18163003801","tract",2019,"food_state_rnk",66.7794
"18163003803","tract",2019,"food_state_rnk",79.567
"18163003804","tract",2019,"food_state_rnk",65.8322
"18163003900","tract",2019,"food_state_rnk",81.5968
"18163010100","tract",2019,"food_state_rnk",37.9905
"18163010201","tract",2019,"food_state_rnk",99.8647
"18163010202","tract",2019,"food_state_rnk",60.4195
"18163010203","tract",2019,"food_state_rnk",57.0365
"18163010403","tract",2019,"food_state_rnk",NA
"18163010404","tract",2019,"food_state_rnk",98.9175
"18163010500","tract",2019,"food_state_rnk",96.5494
"18163010600","tract",2019,"food_state_rnk",96.9553
"18163010700","tract",2019,"food_state_rnk",98.5115
"18163980100","tract",2019,"food_state_rnk",NA
"18165020100","tract",2019,"food_state_rnk",29.2287
"18165020200","tract",2019,"food_state_rnk",50.9472
"18165020300","tract",2019,"food_state_rnk",51.8606
"18165020400","tract",2019,"food_state_rnk",58.4912
"18165020500","tract",2019,"food_state_rnk",26.59
"18167000300","tract",2019,"food_state_rnk",9.9459
"18167000400","tract",2019,"food_state_rnk",2.1651
"18167000500","tract",2019,"food_state_rnk",0.4736
"18167000600","tract",2019,"food_state_rnk",18.8769
"18167000700","tract",2019,"food_state_rnk",3.5859
"18167000900","tract",2019,"food_state_rnk",17.0501
"18167001000","tract",2019,"food_state_rnk",32.9499
"18167001100","tract",2019,"food_state_rnk",3.18
"18167001200","tract",2019,"food_state_rnk",27.1989
"18167001300","tract",2019,"food_state_rnk",18.3356
"18167001400","tract",2019,"food_state_rnk",54.8714
"18167001500","tract",2019,"food_state_rnk",33.8295
"18167001600","tract",2019,"food_state_rnk",82.5778
"18167001700","tract",2019,"food_state_rnk",52.9093
"18167001800","tract",2019,"food_state_rnk",12.5846
"18167001900","tract",2019,"food_state_rnk",4.2625
"18167010100","tract",2019,"food_state_rnk",52.7064
"18167010201","tract",2019,"food_state_rnk",68.065
"18167010202","tract",2019,"food_state_rnk",21.1096
"18167010300","tract",2019,"food_state_rnk",51.4208
"18167010400","tract",2019,"food_state_rnk",45.3992
"18167010500","tract",2019,"food_state_rnk",9.8782
"18167010600","tract",2019,"food_state_rnk",72.3951
"18167010701","tract",2019,"food_state_rnk",84.6076
"18167010702","tract",2019,"food_state_rnk",53.4506
"18167011000","tract",2019,"food_state_rnk",91.069
"18167011100","tract",2019,"food_state_rnk",NA
"18167011200","tract",2019,"food_state_rnk",34.4046
"18169102200","tract",2019,"food_state_rnk",48.9851
"18169102300","tract",2019,"food_state_rnk",49.7294
"18169102400","tract",2019,"food_state_rnk",55.8863
"18169102500","tract",2019,"food_state_rnk",66.2043
"18169102600","tract",2019,"food_state_rnk",55.0744
"18169102700","tract",2019,"food_state_rnk",34.6076
"18169102800","tract",2019,"food_state_rnk",14.276
"18169102900","tract",2019,"food_state_rnk",42.8958
"18171951000","tract",2019,"food_state_rnk",47.226
"18171951100","tract",2019,"food_state_rnk",48.2409
"18173030100","tract",2019,"food_state_rnk",74.2219
"18173030200","tract",2019,"food_state_rnk",86.4344
"18173030300","tract",2019,"food_state_rnk",62.2463
"18173030400","tract",2019,"food_state_rnk",43.3694
"18173030500","tract",2019,"food_state_rnk",69.4858
"18173030600","tract",2019,"food_state_rnk",55.3451
"18173030702","tract",2019,"food_state_rnk",94.3166
"18173030703","tract",2019,"food_state_rnk",65.3586
"18173030704","tract",2019,"food_state_rnk",78.5183
"18173030705","tract",2019,"food_state_rnk",89.5129
"18173030800","tract",2019,"food_state_rnk",85.9946
"18175967200","tract",2019,"food_state_rnk",75.8119
"18175967300","tract",2019,"food_state_rnk",35.318
"18175967400","tract",2019,"food_state_rnk",61.6373
"18175967500","tract",2019,"food_state_rnk",30.1759
"18175967600","tract",2019,"food_state_rnk",28.3491
"18175967700","tract",2019,"food_state_rnk",46.8877
"18177000200","tract",2019,"food_state_rnk",5.6834
"18177000400","tract",2019,"food_state_rnk",16.7456
"18177000500","tract",2019,"food_state_rnk",17.9973
"18177000600","tract",2019,"food_state_rnk",19.9932
"18177000700","tract",2019,"food_state_rnk",70.7037
"18177000800","tract",2019,"food_state_rnk",50.406
"18177000900","tract",2019,"food_state_rnk",19.5535
"18177001000","tract",2019,"food_state_rnk",24.3572
"18177001100","tract",2019,"food_state_rnk",44.0798
"18177010100","tract",2019,"food_state_rnk",81.9689
"18177010200","tract",2019,"food_state_rnk",58.8633
"18177010300","tract",2019,"food_state_rnk",52.0974
"18177010400","tract",2019,"food_state_rnk",72.2598
"18177010500","tract",2019,"food_state_rnk",40.9337
"18177010600","tract",2019,"food_state_rnk",29.8376
"18177010700","tract",2019,"food_state_rnk",73.2747
"18177010800","tract",2019,"food_state_rnk",29.7023
"18179040100","tract",2019,"food_state_rnk",87.5507
"18179040200","tract",2019,"food_state_rnk",60.0812
"18179040300","tract",2019,"food_state_rnk",81.0217
"18179040400","tract",2019,"food_state_rnk",43.5047
"18179040500","tract",2019,"food_state_rnk",71.7185
"18179040600","tract",2019,"food_state_rnk",17.2192
"18179040700","tract",2019,"food_state_rnk",81.9689
"18181958100","tract",2019,"food_state_rnk",78.9919
"18181958200","tract",2019,"food_state_rnk",73.9175
"18181958300","tract",2019,"food_state_rnk",62.6861
"18181958400","tract",2019,"food_state_rnk",80.3112
"18181958500","tract",2019,"food_state_rnk",57.3072
"18181958600","tract",2019,"food_state_rnk",40.3924
"18181958700","tract",2019,"food_state_rnk",71.0419
"18181958800","tract",2019,"food_state_rnk",75.0677
"18183050100","tract",2019,"food_state_rnk",53.8566
"18183050200","tract",2019,"food_state_rnk",98.1732
"18183050300","tract",2019,"food_state_rnk",45.0609
"18183050400","tract",2019,"food_state_rnk",48.7821
"18183050500","tract",2019,"food_state_rnk",67.3884
"18183050600","tract",2019,"food_state_rnk",83.8633
"18183050700","tract",2019,"food_state_rnk",84.2693
